sma_50,ema_20,wma_20,macd,macd_signal,macd_hist,tema_20,rsi_14,roc,cci_14,willr_14,atr_14,upper_bb,middle_bb,lower_bb,obv,ad,chaikin_ad,label
1.6057508347963363,2.0476010941036,2.1077541315660584,1.9170879804877514,1.905338729797789,0.4274568433918817,2.2729652452469433,1.8024913861713259,1.3844524351553569,1.466033562195393,1.353813834433382,0.4575229497907686,2.1130748127804466,2.058894636430263,1.9466007592690342,1.402233694177299,0.4093113831026071,0.6933913113765671,0
0.7555192564498916,0.6536164139214304,0.6464028227494909,-0.8280272064302887,-0.376875101586262,-1.551472334358861,0.4531376894357929,-1.3252615770525031,-1.124123933933116,-1.1382261636022308,-1.0360475173590875,1.0805458424779943,0.7760366775060997,0.7184345056264023,0.6418034318772622,0.5617825886724153,1.2429315924828075,1.1712505059306209,0
0.9578809366248817,0.8775820859902632,0.8555422780942116,0.26775638167532895,-0.1745066985069031,1.4098318458340549,0.9526383725103746,0.681753484517676,0.5304517366760636,1.5067269742002987,0.6116473080851652,-0.2521813311196842,0.7411780350380506,0.7984605412675996,0.8306780559604817,1.1866190664220597,1.1454586593874592,0.8021264898813917,0
-0.2551852750245148,-0.378322458295343,-0.3921740023614835,-0.8170845854598331,-0.5511706157370663,-0.9816415375658778,-0.525375848872838,-1.2600180112235801,-1.5084909258155261,-1.1792722736739345,-1.1880515762334296,-0.2770874694990159,-0.3780543543097552,-0.37436116199289204,-0.35990254061660754,-1.6989228010089628,-1.2109684828734653,-0.3955394600874908,0
1.871898005042297,1.7243777431139249,1.698922711858083,0.07189512247720521,-0.10180445891283693,0.546921060216984,1.7073605358368908,-0.08699063858594364,-0.27914339496637053,-0.037864053940018405,-0.30468469649823887,-0.0014127156633232762,1.5810307614648158,1.649420033777869,1.6676437852560178,1.6677027700297495,0.6598714457895493,0.11229401860730759,0
1.9065896819856785,1.7088487208363727,1.6550823095858311,-0.18593501302707102,-0.4368162020137808,0.7307696091808519,1.6316178291205605,-0.15721236226146384,0.7784681656046778,0.17589623867426704,0.408028246034204,0.6779235283998523,1.6060780067510614,1.663112319837053,1.6699496244953325,1.6221711660904754,0.6329657003797436,-0.02259953996223964,0
-0.7122699218774747,-0.6202821441002718,-0.5591589141556301,0.5296349901785952,0.6045557636479116,-0.1214204494068435,-0.4734805483925245,0.0785773712256152,-0.2871845293973196,-1.4212777994197126,-0.9242959853346269,-1.1547808688393324,-0.673311030832341,-0.6211930529288877,-0.5526964304984922,-0.37633397762058673,-0.5663475720626097,-0.03152174343900935,0
-0.5915916574757665,-0.8574694342036322,-0.9221656742849522,-1.3980835932068576,-1.2418526466197155,-0.764192695119935,-1.0966212010172158,-1.4556487408382215,-1.1178830684643437,-1.4757208788945484,-1.3264919785987586,0.9178241749987552,-0.757855125455145,-0.8342567649336922,-0.8839353224403014,-2.0989293970014398,-1.362433809665839,-1.4228384612541607,1
0.6515964944883547,0.5038059492134109,0.4763796942660907,-0.5929562556912081,-0.5289416150351367,-0.31722746329178375,0.37875550315401535,-0.9880064774641925,-0.9027107924732294,-0.9679908290032214,-1.2995337407989973,-0.014511563531591373,0.3976301708094013,0.5139746872091275,0.6116187823054456,-0.8398314681429834,-1.931180023373121,-0.3776010751666421,0
-0.6100990218199965,-0.24368824076905954,-0.16786193910163277,1.3681005486281053,1.5347374994625638,-0.23124348232562697,-0.047475403378786425,1.4677569146313905,0.6408408828299479,1.978061009974025,1.2351031640703196,-0.06402634834266228,-0.3591136976105638,-0.20616755688001354,-0.05216523325443836,0.2631975448672345,-0.3664422141799109,0.7025435272736442,0
-0.503700939244775,-0.3056085200998614,-0.2438472099241567,0.7111363756021322,0.9595044334749149,-0.6158267086050188,-0.18934772419541235,0.559419522612815,-0.03482470281012711,-0.1924383617397657,-0.41165152910675096,-1.3395292294989602,-0.41835943466868675,-0.27916241382974727,-0.13634294015420698,0.028912372645605946,-0.6162310580561275,0.21250240713807791,0
-0.3349646181319303,-0.5574861763205414,-0.6079865542764098,-0.18812779569286303,-0.8070579712261607,1.8580770972821135,-0.49080914156867017,0.40899336725775376,0.6154764807837192,1.283060093838388,0.8964767332096473,0.6365453294970231,-0.6248696934798892,-0.6520007671459408,-0.6592987205282633,0.20836713256711242,1.173478090124294,-0.10555672005009507,1
-0.43584084058536365,-0.3153667950505138,-0.3051956799816968,0.1543399247439826,0.2908609846682434,-0.3868051485242887,-0.3181403039189154,0.4216439322114404,0.12910417172662983,0.4611093129936037,0.8022626625172442,-1.5233665490215036,-0.5104978961695987,-0.29340991275038386,-0.07480010842781878,-0.04215936094517405,-0.5051061336952618,0.9015949715142068,0
-0.7299775332840778,-0.807408479883656,-0.8071076796584543,0.009599375658663735,-0.25918771122727796,0.8255625679283556,-0.7279224284284349,0.393906707958787,0.06337827086418579,0.5170558215112844,0.7843737782693456,0.7074380749911681,-0.8387962930969429,-0.8647869433039065,-0.864794467376666,-1.301627033469225,-1.07136533742556,1.2453702171959657,-1
-0.9493233806827447,-1.7973871907250942,-2.035340385443976,-3.1255952938538387,-3.901096298910169,1.7380231968616424,-2.2492352269816287,-0.8821888249084698,1.4156880708283741,-0.0692432807985116,-0.47032003614445167,4.631024534914102,-1.0656785836426308,-1.8514670410450826,-2.5580525707853723,-0.41012317283932787,-0.5222760860080483,0.11941343165071332,1
-1.5084648784720796,-1.064984363570539,-0.9655583229309896,1.9312026273034433,1.8038322008664591,0.7846189291163969,-0.6441178703087869,0.3559732680075183,1.2930279301574596,0.10954453245046794,0.0397142495739654,1.1091443483625603,-0.8292479579278145,-1.124941260727003,-1.3783794177567397,-0.04386482834607126,-0.6155580441678843,0.7523247758781864,1
1.2883087104553312,1.263834838111064,1.2781148807831015,0.03150019820203064,0.17096213434206098,-0.42089939792749115,1.2283023185487363,0.07163517980738156,-0.41150912249978544,-0.2505705709497474,-0.4846282738147857,-0.6769865537371461,1.177539722099969,1.2948998227757487,1.3708210606469822,1.2887398914984716,1.0815317717271564,0.42100856524714636,0
0.7746739450694445,0.7429855080434177,0.7441195552335723,-0.40575908633673635,-0.04897083659893321,-1.1761037734512965,0.6340111169821239,-1.4018461267436144,-1.5989682472308637,-2.4833457021436596,-0.7933839854027002,0.9390283071058512,0.7410031270637358,0.7461892549443493,0.7295122430420155,0.6584390420214564,1.1804906901457475,-0.1618242496421737,1
0.8095179489882302,0.8260357054756234,0.8060738257650687,0.22339961948962656,0.04073031328234027,0.6053417102096136,0.8626804807709971,0.6075812698426899,0.37725581626056237,1.090085146188134,1.2162193360156552,0.32393789691491576,0.7213141290004307,0.7733888972766756,0.8012957835576314,0.947873945882471,1.172154729524505,-0.04605076675346012,-1
-0.5255974407881208,-0.3049394351527347,-0.24065992289612193,0.9969621844889468,1.0900765723710266,-0.08174349187813179,-0.11829630909799146,0.548716078548182,0.2204436067148157,-0.12242617635528406,-0.4805799510178846,-1.3088039429388074,-0.4028711963574081,-0.30192127086100384,-0.19545227904448614,-0.026589287453171042,-0.6633347968822062,-0.3184334863628025,0
-1.4662331179330417,-1.1903092479750976,-1.1285305443001254,0.3388845612787587,0.7323245977630347,-1.1363593154248262,-1.1423430665246903,-0.1969231140187234,-0.8686724970958223,-0.84376350565337,-1.2779394793592522,-0.6743766948351166,-1.207143636090097,-1.111711369716812,-0.9870369778937047,-0.11793045422149288,1.4164298329467357,-0.9704769305232809,0
0.7284056213690697,1.0370048435709045,1.0915497879905074,0.865351802234207,1.2687879903226527,-1.0594881801755613,1.0852559069255225,0.4281300977606197,-0.1997793772994767,-0.4236166433034198,-0.5498828004030644,-0.5388950962441339,0.9530268349962195,1.075822645865754,1.1633738298005447,0.8182109161977394,0.20873517517320847,0.21465760083225763,1
-1.0295597773498764,-1.229517103523369,-1.263748183723664,-1.3643628159316703,-0.9664556555231647,-1.4978379727473536,-1.4770320930842178,-2.39741580098941,-2.4639860913264116,-1.7053112868754663,-1.683823910004971,-0.5353807769592623,-1.0969408908116296,-1.1730493328879654,-1.212593655937667,-0.30371898876960574,1.358141471469262,-1.5050531154283557,0
-0.5065189592363702,-0.6078719682924071,-0.5782826262755058,-0.5808947381053093,-0.23893320869466136,-1.1664339896665503,-0.6716358023098643,-1.0867123700418748,-1.9866580397466074,-1.3929374205068108,-1.5252011977374713,0.9470897143296045,-0.5139429215134054,-0.5601327314804035,-0.58854516044403,0.25277929562534557,1.1461426814633164,-0.7685301488596278,0
-1.695784654783357,-1.372589816185915,-1.3143495049784464,1.127006699850192,0.8313470217442852,1.1360705280676981,-1.0853974564137914,1.5723003416125905,1.3654432754900925,2.2875317165446796,1.4776904900996006,0.6577766729100114,-1.4011320494825366,-1.3974924734083949,-1.3533378630792539,-0.09341027117076793,-0.6557622929130451,0.4217098742874922,1
1.0387647156741346,0.8235871085310363,0.7705483804930062,-0.5182430659763965,-0.7647825823675217,0.6496112064156113,0.7267073338666725,-0.31448024738858854,0.24163904281010726,1.0056886218598213,0.7781171664125104,-0.4906993701718124,0.7378203564973024,0.8023462195830514,0.8414602459272916,1.0779523511644766,1.0791495768835442,0.25102646260352307,0
1.175551216347491,1.6317251413444618,1.7142532560893171,2.4556305558995675,2.2390161025074464,1.1651598882637624,2.0168904145896915,2.1750903121580256,1.3707652653443463,1.2454786555658992,1.4917141253618371,0.4827364952559737,1.921714667192457,1.5198980702818,1.0868634854841295,1.1454863598601883,0.27916354554547346,-0.22566732650529558,0
-1.5579318507554643,-1.800167330942995,-1.8321451626118892,-0.7632880233687565,-1.0454034770017058,0.7085846143718101,-1.8269072797153536,-0.409489301241777,0.008770215256460335,-0.032776825004659595,0.20305371655979815,0.06345203053173015,-2.007576113755789,-1.825007506068306,-1.595270847011667,-0.27941748477046807,1.3660561618286495,-0.23828380485048778,1
-0.29600796019760467,-0.390985335294828,-0.4212194330915932,-0.11821332585119661,-0.4489845138479389,0.9893923783797532,-0.3704165930239698,0.16514677062884248,0.9606058624284887,0.9033317941405408,0.8352282292696518,-0.4972360469503982,-0.3961161040563202,-0.39545473335923104,-0.38331674209809347,-1.3626507823961729,-1.0456715364635614,1.9010560470021816,0
1.7357970048116633,1.8098925647731599,1.7810279554770299,0.7626745977090773,0.263084992755153,1.6865473006432967,1.926649397515143,1.5677993792967382,1.1396144657772735,1.4143617698454458,1.4522820774525562,-0.03162582261722472,1.7770145511866202,1.723155103958982,1.620933336057346,1.765611080207696,0.7236003371510217,-0.03474306678126375,-1
-0.5169150356172245,-0.41748886206965,-0.3734893654593427,0.8298383620510663,0.5837284740883433,0.9235632000422765,-0.19998101224291875,1.2792433095061988,0.8093534849950896,0.86841971094556,1.0387021237238003,-1.0082846490280841,-0.48361928307599844,-0.4538321259404131,-0.41181139730301686,-0.5542954898782533,-0.5277355139073476,-0.5067707310158264,0
-0.09604526282819784,-0.11473189703358534,-0.12417974445041971,-0.246269906101404,-0.09172008775644717,-0.5238494855790474,-0.20897438165199375,0.11328749649781576,-0.5019354753526682,0.0130817274293426,0.14042443468826643,-0.07624155880565921,-0.16875476971973738,-0.0929284140012998,-0.016848356726274463,0.06448986034671729,-0.1603819243557827,0.422243350925486,0
1.392040983800761,1.3393552437488643,1.3590963224203503,-0.33112818006515765,0.05669984421704966,-1.2559750355208505,1.2414194073370235,-1.2000803707345542,-1.3801391933090348,-1.4783751753111187,-1.0968812126448808,-0.18359871992062932,1.3782897642466607,1.3778864995908062,1.3374337592194177,1.3590079613427322,0.9974615227772898,-0.024824246378773618,1
-0.2927329156996937,-0.6143424989670337,-0.6854644477179523,-0.9376591515373812,-1.334652720019978,1.024982427839624,-0.7121668780834354,-0.4516054500455516,0.7937182497766861,0.37558075241795436,0.7227463774526394,0.6858023411720489,-0.5992604493538494,-0.6431192318357418,-0.6668630363481437,0.08939895664164195,1.1986934724870766,0.35320941905055137,1
1.9736501293943614,1.8691459399196302,1.7986062845416206,-0.6045022880610648,-0.4273934537636066,-0.6661220185513652,1.6014593868083558,-0.2527069538746229,-0.4466038431892562,-0.1753398894865673,-0.06994731620222608,1.9305049522139397,2.197428349847274,1.9343684593450523,1.6235596520416333,1.2882753417647756,0.5088693115008873,0.6659371388417912,0
-0.08724860516239721,-0.2745542757643357,-0.28988278731846057,-1.059508141870163,-0.5816750961706699,-1.680493315562674,-0.5051028882330104,-1.785850369182581,-2.209078359187237,-1.4983719004658211,-1.730704009789801,0.3138997316836682,-0.17373526870186332,-0.2515003058645419,-0.31944207342644226,-0.06246598727250943,-0.8260681115543752,-5.9806737823913165,0
-1.3541991987484268,-1.1574889268432842,-1.141604514757887,0.46194929230944354,0.4022866058859317,0.2771417766474933,-1.0707619267069346,0.9276725161793867,0.9143620398558128,1.7912809719645513,1.2350992302959714,-0.4245458162789122,-1.2739109736859953,-1.1415939409164402,-0.9803568438010574,-0.0687572554422089,1.4383078998165875,-0.1466176476505602,1
-0.2986736241603937,-0.3829620380686301,-0.41251809432106484,-0.03846799535395989,-0.3665622332933357,0.9974732342090621,-0.3449630397078288,0.30679070820932597,1.0056810780072918,0.9206357148474588,1.042587448135597,-0.6104363475056424,-0.4306073654724669,-0.40544644734872565,-0.36930941859842203,-1.3111148288713208,-1.0367872592931346,1.9442391953510538,0
1.761082672607524,1.48922430418371,1.4132183711672823,-0.7549902335837979,-0.9179634275893348,0.34520987600228453,1.305770514382054,-0.5583427643312097,0.29875009375418665,0.08721724694966522,0.35910159152085513,-0.14115943591250088,1.4660558996465343,1.4730850712942316,1.4370568652379467,1.591495985570135,0.869619386546919,-0.34682084750770587,0
1.5096727668011654,1.3220326120068544,1.2611074275436025,-0.10569032687479384,-0.6618586422503344,1.6825988278298512,1.314949435071839,1.0069637409160557,1.3075988379928853,1.5750669497506367,1.3620995140906504,-0.13048295094683338,1.2926918694001817,1.27056825084843,1.2122167592288409,1.6097406320075158,1.0031455898274886,0.636161538862283,0
-0.7278450137352065,-0.6317276730215149,-0.5708456287924979,0.34254285751839236,0.5410215781649476,-0.5382226951671261,-0.5340616793824569,-0.6586232377214376,-0.9044708679532635,-1.6423938092087935,-1.4758530822047706,-1.1135689184492223,-0.7162629592296916,-0.598156660050795,-0.4664720863134511,-0.4981045584096329,-0.6114848811746048,-0.5433885616541535,0
-0.18306003558045966,-0.4672474159341231,-0.5456723190365843,-1.8091815025785363,-1.537791940276152,-1.2009985292411178,-0.7905043567196203,-1.9142601415195468,-1.1338767818936637,-1.2934847398541944,-1.6756912048830706,0.8548414077255875,-0.22616312400235605,-0.4258923762525357,-0.6067899676656212,0.004197472516550096,1.0804761097719993,-2.0103388627825676,0
0.011685513724770044,-0.08579218932566512,-0.09309725243487646,0.09635584631112021,-0.28059842328592216,1.174717475554477,-0.0034656100361323263,0.4520394686737904,0.48114965356697165,1.1874202759217172,0.9157872150755287,-0.3470305502036288,-0.2608566574346677,-0.1435344852435241,-0.025827008111864367,-1.6139725008730927,-1.3032342896771265,0.7815803061272419,0
-0.5669914174891276,-0.7978104790714046,-0.8718541468941746,-0.9862231589740968,-1.1476040385391308,0.2931147106014845,-0.966520010918634,-0.8223609109137715,-0.3702397824816997,0.2107575370633712,0.15786463340447507,-0.48907877180429643,-0.6979275355127194,-0.7929947652184335,-0.861935958949115,-0.8450415304063595,-0.6432567623623415,-0.9185472465390913,-1
-0.13195554104811813,-0.20996457867227808,-0.20048112906509566,-0.7458464999901371,-0.30419143038965085,-1.5055913436513098,-0.35151274432529045,-1.4593529141555222,-1.147165660080286,-1.2522551103044937,-1.189982089325253,-0.2026296123565574,-0.1103807703288183,-0.134653055809157,-0.15422657550356095,-1.8935676808726205,-1.311158151031295,-0.7688806304735297,1
-0.532147471677143,-0.19823654255697112,-0.12977273253125204,1.250688504742932,1.4745652535939877,-0.43060917511906205,-0.028329403063860257,0.731146928435059,0.11003482896933298,0.2110164744386236,0.2419878341973535,-0.07701976227390933,-0.3039092808202061,-0.17906048531654128,-0.05303646865628797,0.2889609375999941,-0.32808657635853666,0.8127408905502187,0
-0.7529402946018598,-0.8255922779304096,-0.804350668859703,-0.09180216985071911,-0.1377335598884693,0.1219950748663664,-0.7783599098666424,-0.2861374754490728,-0.46951836060657426,-0.6194072558838571,-0.9751808633440439,0.6306548316766888,-0.8422976281575528,-0.8414729792870306,-0.8162088567701579,-1.4474759593586477,-1.2059633469997237,-0.8086039338159905,1
-1.3105585226371421,-1.0939687974140306,-1.0781576216073696,0.8201061994599831,0.543858782574612,1.0139217033816703,-0.9255870388899982,1.6038636082673905,1.6332383187789767,1.8624646921126842,1.193664862334718,-0.3540260790186089,-1.1738656723447187,-1.1198527623795167,-1.035023697501165,0.04482822782994725,1.432915847912177,0.07428429770085508,0
-0.10118617477117212,-0.026767712430841018,-0.015540241785040057,0.1803637640004326,0.3799883374898289,-0.5748495468017383,-0.04739941038890574,-0.4559194554637548,0.13285821140543397,-0.9002571573272795,-1.1097085570639151,0.02890109224543909,-0.10174493648916991,0.009486513223238928,0.1168507853027497,0.03771047994788873,-0.2008824026480412,-0.08975806527898325,-1
-0.44715093692545027,-0.1338808798011661,-0.07479006433687889,1.10764303726181,1.2896286539971027,-0.33145754313161124,0.007395114127750983,1.2026332296109348,0.6901384887228589,1.0928358905570499,1.432141030071378,-0.4070184212961452,-0.26568227290003693,-0.11522459364801206,0.03372541790504675,0.2596782602733244,-0.318661142624306,0.33184062691120514,0
-0.4619263194256525,-0.15281155939161853,-0.0913849364578611,1.0823025034391596,1.3156322998177632,-0.4939578762588001,-0.01808243598322342,0.8086326243369538,0.5489017889193388,0.40177597283693456,0.46716941681994084,-0.3929417426917209,-0.28892892303503515,-0.12891691499914176,0.029677051306395204,0.23215095376142067,-0.33942105775547443,0.18551617331323594,1
-0.6921632986118893,-0.30407590199723283,-0.21114035162277908,1.351432425710595,1.6435145068805397,-0.6190289846927295,-0.11081223550469553,0.6420956218394072,0.31113519430113773,-0.002525787979714726,-0.06172860077538194,0.09063464553409409,-0.41993733879532025,-0.23697530638901101,-0.053030475469616,0.1507131663574536,-0.40249469390539017,0.46146729013302773,0
1.2703726231123187,1.1501498398649899,1.0904258989232745,-0.49008853249122486,-0.6187356543270026,0.29412083795244187,1.0293231590908085,-0.3621897214717036,0.020579544876812766,0.146649029587347,0.14848809007743866,-0.18209105897663241,1.034954237489507,1.1257811805212814,1.180943121892117,1.3231555360441274,0.9441164666738424,-0.42550396464821916,1
-0.7517217078520165,-0.5960817147879229,-0.5891175639961512,0.5184341155354416,0.32416891105158985,0.7011171182986,-0.4732827449391661,0.9254544082464157,0.6146686790763919,0.8231461806672159,0.9427445902967739,-1.231425365432486,-0.7460807582958168,-0.6253562670911756,-0.49034719808827076,-0.30977157484917356,-0.7323626213476939,-1.2545009858232465,0
-0.29178099558036064,-0.39651380872744685,-0.426382319114209,-0.18846061632367503,-0.530747486713882,1.0103341054709911,-0.3916699670957894,0.6221190918602335,0.9980571816142438,1.6365983599674943,1.4329145155844059,-0.5123133603014202,-0.38228353206629284,-0.3896262688239714,-0.38540341913942416,-1.3059633171686842,-1.0701013755827633,1.52745072469472,-1
-0.5155441509453788,-0.6923690853460223,-0.7318511841332458,-1.1189387783776439,-0.982788799480879,-0.6456623666699098,-0.8894631442767011,-1.0106795631708585,-0.6802255848941468,-0.6724584731522252,-0.9964421499487884,0.2687568882299914,-0.4420172761237804,-0.6142543744223881,-0.763070771011396,-1.817290573230623,-1.3210030576530007,-1.532735744163812,1
0.5346501683505728,0.9544993912649322,1.038375836110643,1.7326573381110055,1.8631914414225264,-0.04617929570468822,1.2066375841073456,1.3135181088853982,0.3459018618697964,0.6634214441243262,0.9553984155164441,-0.22634449365446213,0.9426049649885309,0.9586977540877011,0.9463965042397737,0.8278575899007741,0.15046571896817196,0.4120786598675457,-1
1.2843482962549955,1.1542254806910734,1.098187755595784,-0.7236752720421062,-0.6691817960104175,-0.3147451138876616,0.9759488091063072,-0.23158395783310123,-0.3435179493180517,0.29008362010594163,0.3861111071254988,0.12776138993093905,1.1827416409930813,1.1749070370524062,1.1331645882556298,1.3555844204593552,0.9799463787723401,-0.09538174473187132,0
-0.483327692928782,-0.5202058540512026,-0.5021041360975398,0.49992121571612175,0.0919536372928785,1.3521518494363693,-0.35090712582231137,1.0517552898301263,0.6580039983516605,1.0498135104901687,0.8721094315118606,-0.8596109860691012,-0.6202378567898751,-0.5794684817049194,-0.5231672026820536,-0.5175524084519594,-0.5066527331337236,-0.23763492907246872,-1
-0.26074509341320207,-0.3976312010226051,-0.4112888819984719,-0.8446850452629705,-0.6202996885476901,-0.8600276843224514,-0.5492162233932132,-1.0444152523928902,-1.3089713494489956,-0.8146072199792891,-0.9953970531316855,-0.22380673635831516,-0.3793275193106419,-0.38638823297104863,-0.3819866128713736,-1.5774327836720006,-1.1717015976762795,0.22779818261234944,1
0.18175468860905933,-0.10260149218147226,-0.17826662738854374,-1.4301505202972717,-1.3917750278590582,-0.40961439975640807,-0.3717061966686296,-1.4529493171503145,-0.6840226574659727,-0.6623354220662003,-1.0435751759364675,-0.25014580199909325,0.12816181711893795,-0.0506485946239357,-0.22221309113757495,-1.8022752715107506,-1.5778992222860053,0.3348614874280212,1
0.39535037426993047,0.12586114418500474,0.04318291424835495,-0.35751812285370127,-1.0189137625429092,1.9536091365528303,0.13526405366955518,0.22409674458378528,0.4967840601075471,0.858287555047329,1.2843853878987976,1.1798475916016464,0.12427235185983715,-0.03270059421749602,-0.1836545400263441,0.5548671631906342,1.4483233089553287,1.7356936391663795,-1
-0.5498930849307481,-0.34208669224134575,-0.29790797390075063,0.5058393218725347,0.6196987256799755,-0.24559293787223305,-0.24116900248516088,0.4149864422244276,-0.02384813897381079,-0.003972695955106265,-0.49999520497098043,-1.4433871448417588,-0.5488242247118824,-0.30848998391958965,-0.06694602127870584,-0.7308193879230316,-0.5543297145342289,-0.9121488239126636,0
-0.2859926576751637,-0.016681334656185542,0.02931870285298195,1.0399535429696547,1.0859086858843199,0.07153776733386553,0.12052390593040418,1.356321906651372,0.7351438660473838,1.2237507145181943,1.5034239126172337,-0.5553792231714814,-0.15409036037766938,-0.010959415680572437,0.12786887740059744,0.2714059792624264,-0.22638820453482453,0.7705743373206185,-1
-0.48241377465645097,-0.5729780960229062,-0.5423709399097343,-0.3808332851297972,-0.14480479952233677,-0.8009887517344836,-0.5896310463841768,-0.5070834378201835,-0.8850823260789501,-0.902668981952777,-0.6470272768860914,0.7210155306996305,-0.5308534093993319,-0.552638945988282,-0.5576529319349076,0.32366068780247625,1.138173969267478,-1.0528666581911867,-1
1.6968402742438369,2.1627579174744462,2.21692036103987,2.0800034181083182,2.04430681799193,0.5341011290482222,2.4208760765840367,1.8892717098524903,1.1108870012119039,0.872952008629924,1.313193863941891,0.17254667341681,2.2660479920977563,2.14188120736949,1.9594475333768913,1.5076075133969984,0.4346748589693437,0.5185151285949129,-1
0.06412289108195675,-0.13365128301772883,-0.1748599417535536,-0.41434126934782883,-0.7100799098780067,0.8215804190612885,-0.1569660917896558,-0.061000558887785356,0.3235691769722071,0.6654558048552559,1.050253540270101,-0.320139063533554,-0.35295326155500045,-0.20644512801879672,-0.058664875767863764,-1.6992129492503492,-1.3013881137269665,1.948230482739929,0
-0.8118894976272658,-0.9101397270076541,-0.9302874621713526,-0.1381309967672681,-0.4441323169488172,0.909426883054784,-0.8646630090510934,0.16566956481945277,0.8521930887705136,0.7518322971987499,1.141354686102793,-0.21000558136432054,-1.0945775741475796,-0.9481436208588224,-0.7788700300076428,0.17945711601582517,1.4517416806111438,1.2755795237465724,0
-1.403323515234001,-1.198603077771267,-1.1712382384200324,0.20422718856526292,0.4133438520653625,-0.5990619431957346,-1.1745651904246153,-0.12732633917751976,0.13169702200504382,-0.3471631777872526,-1.0831600243401323,-0.6042145466766208,-1.2582041846915148,-1.1339151197624464,-0.9806700539415387,-0.1390038636930313,1.3991024288283056,-0.7206595067853296,0
-0.3774247965005765,-0.2476047014676732,-0.23985224140546138,0.5775306050373853,0.3680415918872548,0.7598321402284413,-0.1486053223059285,1.7789864289004313,1.0894133777340278,1.9650819988396993,1.0129326862586034,-1.3022151179934471,-0.40484963500773796,-0.26750552005116973,-0.12681805503981983,-0.01202728375781321,-0.4673383225340892,1.1279765738545418,-1
-0.8198104131881337,-0.39067995858528953,-0.2848603870105668,1.5599036431603146,1.8133173592237282,-0.4579752219916863,-0.14465942184039707,0.9948754512294302,-0.04042095552112377,-0.348639002651323,-0.10089946816468005,0.09070252322257577,-0.25440271201891973,-0.38907119713029514,-0.5080792403517199,0.21805047850747852,-0.44324912155321683,0.16265355534658268,1
-0.29166664139855775,-0.4556747550049331,-0.49366619087621993,-1.307474871319701,-0.8539422076060146,-1.6566664416544437,-0.7518792750399481,-2.0708691750348023,-1.7736260641747412,-1.055292335182968,-1.6269617183410208,-0.29317951173578316,-0.1799802197073338,-0.3664047697001163,-0.5361568521101179,-1.167428627342022,-0.4841750637133938,-0.7590855696844234,1
-0.8145932505972584,-0.911145713923446,-0.9269070395239698,-0.12337996671004817,-0.38079456657488747,0.763562209640956,-0.8635735006039769,-0.15028692665778454,0.4654243043684146,0.4255084825011799,0.6287111808842556,-0.21308445120554664,-1.0993408423056041,-0.9502714780324496,-0.7783856981526711,0.14319327405465818,1.4527833647305972,1.3178751467329284,0
1.8929567372743143,1.707744556980255,1.6667163341247488,-0.06490150203026818,-0.27147528933864984,0.6197194967094714,1.6612759908867722,0.3136249763523878,0.41201379890519246,0.8420195064927033,0.9977459182078336,0.28768107527712605,1.5636637263316442,1.642111283947621,1.6702810709343539,1.6989781458889153,0.658283951393711,0.11000698066407018,0
0.8328614696377247,0.7788001831797335,0.7737971934513216,-0.34593025131874894,-0.27554565233856665,-0.2863050193055151,0.694143337675526,0.22377900553565466,-0.02372274327521531,0.006109418489253713,0.17092540685709304,0.49691532259652055,0.8300375033269916,0.8086373262109096,0.764416709279864,1.0432490587572523,1.156574123103256,0.4799030416525337,0
-0.20891693679743903,-0.5143435949407087,-0.5957203791903937,-1.9197595308910926,-1.6389401085948594,-1.2524722121748852,-0.8581073552252089,-2.012734127401637,-1.612284121156222,-1.354797177374849,-1.395271850262174,0.8272699539704916,-0.2756199500426699,-0.4759433758010851,-0.6559607074983159,-0.0723571772852512,1.0887240826213822,-2.055796424846118,1
0.7098602406511381,1.0338746041538007,1.0930336618627314,0.9362304937401537,1.3541908144880461,-1.0895193057747916,1.0970682181963638,0.3184789995146538,-0.4360655589603066,-0.865376512829892,-0.8826925051457176,-0.43500120419345983,0.9524366408106285,1.0736947886921282,1.1598198246368419,0.7901794706050207,0.21391217579183708,0.3889634663030448,0
1.720488492424243,1.6756965832248785,1.6504112793138757,-0.31255334516925526,-0.2234415572025512,-0.3368725085951088,1.5504377510718943,-0.1207500298543219,-0.061258042925395134,-0.11834306122181229,0.007309791283236004,0.39819369271865845,1.6927450665541577,1.7104804611021853,1.6779104559757954,1.5258929993714074,0.7124063392963864,-0.10899588694351059,0
-0.4715987773031827,-0.560418758709533,-0.555822399364963,0.28374105949794975,-0.13499645701600158,1.3410100769555233,-0.43318308346573614,1.2928183537848836,1.2346358478379926,1.8902329653083594,1.130585953221927,-0.6053641525435163,-0.6796999716306279,-0.6314623027652199,-0.5664221232214592,-0.42111109194976326,-0.4911386551661528,-0.022441869911962536,0
-0.5327947814257649,-0.3319184336451275,-0.2960465507410748,0.4432750455529404,0.55647926679792,-0.2563605347488402,-0.25013748930438107,0.6108932019462602,0.0667317701258046,0.479389835399601,0.6860099621866259,-1.6356628591581912,-0.5579111867957378,-0.2989608767307505,-0.03967896780113295,-0.6188946777625249,-0.5422395278509964,-0.8688300136384873,0
0.2280229396759348,-0.029190704766580346,-0.08382502444148127,-1.4729546218194547,-1.2501676046790127,-0.9834182258036701,-0.32108577382629183,-1.1755449987311883,-1.0047724991456237,-0.5351525124337616,-0.8278262225749895,-0.09514939517960906,0.27869874455435517,0.05787229769075834,-0.15750693308428285,-1.6797505136590842,-1.5955212676242627,-0.03701078655414938,0
-0.006326693525841861,0.12022197281200121,0.15991796860808052,0.8496317606923668,0.7627453253076802,0.43972121887865107,0.2785616051010994,1.1372913748519862,0.5054150830458937,0.8313713325105792,1.162088352468806,-0.5922006854975775,0.11777031138418564,0.05842743996832211,-0.0006982118854086396,0.2957501980834558,-0.07238331506172116,-0.12061489141894903,0
-0.4272345553220721,-0.31472296182584997,-0.30635466116997945,0.15606285951698648,0.26681302030325293,-0.30748758166576273,-0.3153065101308687,0.1504343599093086,0.03276715752332893,0.2922486019262489,0.40960394294208774,-1.5563958687680928,-0.5345800118525516,-0.3006261271037223,-0.06548516073517616,-0.08135489824300858,-0.5342288331988824,0.502284281461991,0
-0.3238070085609503,-0.36740973434553437,-0.3644368341733877,0.039407334127092644,-0.007989303903215058,0.15327683409050255,-0.3209415181073617,-0.6093822088257597,-0.281062897655207,-0.5983170365128785,-0.8874712936234682,-0.6681729365801383,-0.5051258543751982,-0.42034151814800236,-0.32607306665416325,-1.3510850671827823,-1.1849783193952028,-1.0194310655000667,-1
1.3819114723635157,1.3261885334578014,1.3413863501722536,-0.3733683031348683,-0.033458319372896284,-1.1177723667096664,1.2174668185956183,-0.6092774004697598,-0.7502056931606479,-0.7618255336708751,-0.5852149880258543,-0.07511490504627177,1.3811208623131253,1.3741858922291725,1.3275199333910375,1.4071290211310779,0.9831049500240416,-0.1860507374073616,0
-0.8357281317902783,-0.6488571924476878,-0.5845078754350779,1.1317425055146169,0.9073142807913637,0.918774086718293,-0.38516006333347114,1.5894018833091226,1.2522797150273435,1.4811517227486832,1.409334872387107,-0.17995623541048855,-0.6425125634697337,-0.6877119087566635,-0.7114564465125458,-1.2508486950292432,-0.8967991311796065,2.974789348273824,0
-0.5057192789322439,-0.5598048393278033,-0.5618808562794384,-1.0272825876001597,-0.40192392547431566,-2.125952881783512,-0.7979833078110034,-1.936222777795251,-1.7925957229818303,-1.161481083904477,-1.0379469704677982,-0.5257117471041782,-0.3257886646842803,-0.46188101841815404,-0.580149988380726,-1.0134799293970003,-0.6286442801827056,-1.4341981791805083,1
1.7867873049558989,2.1905000805815233,2.249363802345934,1.420068411716052,1.8979176632584764,-1.1742314482791967,2.297340571875142,0.1846837885470269,-0.0920368367995003,-0.9078949134557153,-0.5288290537941014,0.9152239714791319,2.3050260867656265,2.1603843147615462,1.9575987500567733,1.49415067758122,0.46264508063164567,0.4583940491226448,0
-0.9136796674064321,-0.9348355011953797,-0.9597017001410078,-0.00280667004229321,-0.35084680333135404,1.0658721212422464,-0.8859070753434234,0.8224331220934791,1.5946322177640582,1.9034869555914895,1.2642208352262891,0.33909655509213493,-1.0457251999134138,-0.9652590137247471,-0.8593256386343611,-1.8102690899715597,-1.269602804370128,1.2267416311992616,0
-0.24360859921412084,-0.15447604050503408,-0.13176584911608802,0.01804123417488615,0.3558873261076423,-1.0315253192256113,-0.19259757366181934,-1.2865248035796852,-1.030029577469283,-2.3018361943088723,-1.428913175380054,-0.6274953862935452,-0.2515464096259647,-0.10060709398751856,0.048383994717971474,-0.8567959201135208,-0.4497547552626859,0.7501858346578001,0
-0.9512655859359107,-0.4996125274042831,-0.4045719043670968,1.7335890885935488,1.8873407787069487,-0.11713107743594225,-0.20283036806742358,1.0598120100837396,0.8439757516522307,0.2565565028841134,0.6042462975509477,0.3646209768977168,-0.350493747112675,-0.5284924097228368,-0.685377902619546,0.2523479801067314,-0.4419402739345452,0.8581426487590976,1
-0.4607457345228124,-0.29606146822941903,-0.26534160466353984,0.3333484820120959,0.5435163789989401,-0.5759174440107513,-0.2662899502924558,-0.4521647381159645,-0.12617361661341642,-1.392872064296429,-1.7384940707035834,-1.4654302805573118,-0.4324491814838718,-0.2448391279129353,-0.05616770435033872,-0.08060801395485756,-0.5751296101979737,0.7237357367018448,0
-0.6687053947271927,-0.47970249136736226,-0.44021130106134454,0.8495769421396079,0.7181231955100293,0.5762707021807894,-0.2966621426008198,1.420619006302387,0.4851906074824091,0.9412099540555477,1.0448413459614259,-1.5308004827781192,-0.5527702189210106,-0.5270120185520191,-0.4867624338045916,-0.09415819728384314,-0.727685716633074,-0.6744934411511571,0
0.2972159211601899,0.7021865224704444,0.7953616686000522,1.6657096841602537,1.7608075739631563,0.048732154489597224,0.9714064501948076,0.6866845190189782,0.21683292321444886,0.0972618808044235,-0.23817353274741077,-0.023930776324974885,0.8057070830597671,0.6846661855274333,0.5476264709995765,0.6375064872796684,0.07126137331951271,0.0085636759094565,1
-0.05689814533116419,-0.09130849901262096,-0.1319151505664813,-0.09934844100755853,-0.23169263647672547,0.3852354943283132,-0.1264324392494355,-0.15342904869486174,0.7746005096233298,0.26777194894555256,0.4950486733804583,-0.2658252684697221,-0.15388256900466846,-0.12429116462008466,-0.09204137854748316,0.35007240818555857,-0.37415612147253363,-1.7072062562580117,0
-0.5455518678185997,-0.3394313372909842,-0.29816262205260674,0.4759768546687193,0.5981297873481971,-0.2771032067888317,-0.24714968006351173,0.42909359873596364,0.12963541032097647,-0.059908478842418005,-0.09516099517734432,-1.5165070150928184,-0.5483862991274676,-0.30756484090216635,-0.06557629055700076,-0.6997457093691888,-0.572654732482505,-1.23254822209696,0
0.6467222055957892,0.28634905499592644,0.21312688198069388,-2.15213486550319,-1.6037030695268086,-2.1199245221292466,-0.17745700535931838,-1.6619000019919306,-1.5571660772495102,-1.0120032663410699,-1.3526183124812703,1.4392958623289847,0.8869069108410296,0.4167407585170416,-0.05036190867998507,0.5096389386692839,1.1887585152801015,-0.5559101592010777,-1
1.8791334056337428,2.0543754993065093,2.0883231146908137,0.030754656501779654,0.7894854985836909,-2.318580977895449,1.8675706816866404,-0.5214652441896711,-1.426125744340137,-0.7475307618272202,-0.9874374016269197,1.353923665866323,2.293915558478388,2.1596441721140534,1.966915682022567,1.3018447988548587,0.44120350940621095,-0.2560377269303871,-1
0.9030064438748134,0.8563171214178764,0.864507130993919,-0.06788658806444035,0.08986140100504851,-0.4972245644368657,0.8371452845684837,-0.789405990456297,-0.31716749423222573,-1.0299492414430835,-0.8318714036435425,0.28837329849796456,0.7745829361655766,0.850639433281718,0.8995076607275663,0.9932486509881623,1.1113873746180964,-0.40491253849976516,-1
-0.4267775598691569,-0.6073293744500988,-0.6399294815199942,-0.12896341499964156,-0.5477638134840455,1.256931499965092,-0.5654509499674418,0.15870094755974362,0.6085991747578283,0.7342924097010844,0.5997160877540891,-0.8396159234039235,-0.8071332708646457,-0.6933553023381065,-0.5630913781517566,-0.616187704062005,-0.5251747543501929,-0.9980047467995342,-1
1.289070330805656,1.2625805938609305,1.280336322242203,0.010434758250127359,0.20426323773411675,-0.5917877467204233,1.223385710720392,-0.43382571902477773,-0.507093681987959,-0.7680370002564653,-1.2499764618498956,-0.6651669782843828,1.1813487533373161,1.2887012869167405,1.3551182986399528,1.2640119685578635,1.0713389135373461,0.43776955809765133,0
-0.33568816400175494,-0.19359521381588043,-0.164059955477324,0.873824066325822,0.6978916311339486,0.7175109130014995,-0.030874729881451658,1.4680422048627035,1.3513693744902568,0.9311155453073607,1.3668207890572028,-1.105296995462852,-0.27793616828873186,-0.21440137914379737,-0.1466841621555622,-0.5741718425118987,-0.5662499450464547,0.410844576165051,-1
-0.419199547059998,-0.3425177040360864,-0.32114082032589775,0.21982392463636174,0.42479540142374506,-0.5831757523384454,-0.32850900858408894,-0.1610194178920337,0.027208446865964315,-0.6517606635721774,-0.9731458826684733,-0.7968675269422522,-0.4713629991597845,-0.3388351266279304,-0.20073446956553073,-0.8500930269162743,-0.6394087261739119,0.22317664187395084,1
-1.7928147010046593,-1.5801644927863907,-1.5273786792742634,0.4530657584844529,0.3688935545328213,0.3504285242606914,-1.3805863328119659,0.3402230804297541,-0.05717116303112985,-0.1892231758663135,0.14477931654618337,0.7867658354852557,-1.6850212297899956,-1.562077900760716,-1.3976861493120587,-0.23839604511050005,-0.7024439652791794,-1.1959992330087263,-1
1.5443644727979473,1.9676131070425995,2.0379151166242253,1.7245595092562025,1.8561307439773775,-0.05101073393985817,2.1512932467494528,1.4737620657527968,0.49433883550815416,1.0863455900867878,1.4769659217604945,0.45770760351483164,2.006136681984514,2.0055130655518836,1.9465986423761408,1.319506335882171,0.41500548349722516,0.9364752292484972,0
-1.5024860810041758,-1.1764337918568322,-1.0989318390712703,0.5601716507890767,1.0236510018530336,-1.3057846718872952,-1.0776511366358135,-0.19332561519358082,-0.7486721263305716,-1.3144072688062702,-1.464404450458735,-0.5727259038203428,-1.1996724149655584,-1.1186500129313683,-1.007718487702365,-0.08762157934449719,1.3935892669115721,-1.6333544658919539,0
1.8141293433396297,1.5858830826363712,1.5210500483159268,-1.135924302495871,-0.8056641668942873,-1.2439122355870251,1.2841826243259598,-0.9810527015731001,-0.904060078702275,-0.9760351558495989,-0.2707477739075204,0.5451962330748323,1.6953392839878334,1.615466748600914,1.4912028566091466,1.5300025819673628,0.9199514780650301,1.2380366403709484,0
-0.7512266669720019,-0.47829223255443853,-0.40068210837879603,0.8440829555994206,1.128732875301186,-0.6998528459766857,-0.32818940333992935,0.4101684854239478,-0.519720214913278,-0.6143484788523577,-0.5937755160344392,-0.5482434172951692,-0.5373573111514024,-0.44189759043916615,-0.3366716831586011,-1.2601949064241418,-0.7777148604566521,0.2737884701535356,0
-0.27959501186834546,-0.37663845848994104,-0.3995143181537317,-1.0410597562353991,-0.5845143410191899,-1.6114979156163802,-0.6253966777647466,-1.5937748270127994,-1.46857227270069,-0.8075313625529216,-1.205267634698684,-0.2201252050239363,-0.15706175828560573,-0.28850652064865734,-0.40731887668691447,-1.023883697272443,-0.42025412611958385,0.5388008075722449,-1
-1.5816182015231697,-1.6365962168203412,-1.5848725325500859,0.4456333157602738,-0.052996058663149874,1.6188674883847436,-1.3604877054543432,0.39236766118261895,0.8171225095303422,1.0240587416264655,0.5034993197708376,1.678836200839061,-1.660527640363919,-1.6681009351619245,-1.6269291346622243,-0.24446717567371842,-0.6289916116547992,-1.0223205067488517,-1
-0.8759034491079452,-0.81661338330394,-0.7886075200638453,0.5022942187657115,0.2598948998517576,0.845311345426783,-0.6546319935429494,0.9435357295944421,0.8906749244976037,1.0217371238811233,0.9539990057192785,-0.7902241253101168,-0.9851190632219425,-0.83953019306722,-0.674232370537934,0.2588747007092975,1.4860468110967022,0.22373809217166274,0
1.266450297919185,1.15802403692146,1.0996277149124016,-0.36184629830010623,-0.5713487533481604,0.5680593867045634,1.0670791103911368,0.21924403268454146,0.5893373046918939,0.9714199968003958,1.366821707340049,-0.13559590796728394,0.9925123064171639,1.1163445735174073,1.203720561229691,1.3599376859050785,0.9623286255467786,-0.3563933042985155,0
1.6268095234482534,1.3306773919190098,1.2728467250962248,-1.133021715401434,-0.9102806681196136,-0.9138655367901256,1.0791870312830703,-2.0766589789111776,-1.3014459106246328,-1.9107622138812237,-1.576604937009821,-0.10587503393245715,1.2771148090749718,1.3105349656386307,1.3047718499263585,1.4232506367379465,0.8791172727199531,-0.37784455904066366,0
-0.6993224340287344,-0.41081991371500476,-0.35706128558345723,0.8674868648840194,0.9183851579160002,0.021174798492765816,-0.2648972899095342,1.5141945475287029,0.7994487349996171,1.5848354971419278,1.1746177962957556,-0.7146796049715589,-0.5272742359301839,-0.37278837651294106,-0.21245149316780845,-1.1120606333810183,-0.7209712222863107,0.49951392850082477,0
1.9352265287137531,1.884666147907649,1.850840640442384,-0.8251538854247354,-0.1987296230992811,-2.0879448216348715,1.5428130107050135,-0.7350397047411044,-1.0478954538136114,-0.7632844434429408,-1.1293095059140876,1.8191078876182736,2.359754626553673,2.0232760302964485,1.6388339866727613,1.2381270990389435,0.4014358144682478,-0.8452940987164811,1
-0.3068989757715764,-0.5093965488175558,-0.5620827841883497,-1.3394074378928364,-1.0559868922526834,-1.1419387470989069,-0.7996066597820247,-1.576588027313753,-1.112998844282977,-0.7153470298412674,-1.3909018795179273,-0.4701077978183572,-0.2378835565268019,-0.43190587644967154,-0.6071059520451532,-1.151055931928424,-0.45935364924250605,-0.4613275104905908,-1
-0.12373007322334005,-0.3737681698031218,-0.39974270331798306,-1.2955174233033815,-0.9576822687534501,-1.2997109436472472,-0.6429131407750414,-1.213289093035406,-1.5278655393257243,-0.6065130377949857,-0.6607068539505169,0.7414167841870419,-0.12662894018489754,-0.2943350910597503,-0.44806858864181665,-0.2789963791361109,-0.6216644232169934,-1.820041788109232,1
1.2863665778356632,1.2614150550672578,1.2717929968249833,0.02252771367292576,0.1424071705292055,-0.3627279700115846,1.2230411512919204,-0.13311533003811285,-0.3810475229759027,-0.2515641404920432,-0.7510634398220183,-0.7051507417605156,1.1661809985095,1.3016534656203773,1.3949059076308843,1.2590664256427386,1.0655470546461676,0.18141418463020714,0
0.8632119294689578,0.8364948896931315,0.8355932932056609,0.25760353378771295,0.09126436059383654,0.5622880155970185,0.8902040658555543,0.1835494050201936,0.5609066720926491,0.36786165434469975,0.48927779492849716,0.4937556267600616,0.7262275913405711,0.823994897935011,0.8946476516865101,-0.5333830423575021,-1.9270180536459387,-0.45635024887752773,-1
1.476961296957952,1.4062169959052038,1.3684561852572232,0.4435831867536417,-0.06354143574831861,1.6444795336958014,1.5127259286136028,0.4499969692586931,0.6114202502887317,0.6158434936892783,0.8407105651048404,-0.30264159346149383,1.3920687246486891,1.3023011433748481,1.1775670803573932,1.5851894025740498,0.9735343526813385,-0.11008650098603,0
1.2626422252209557,1.2819572130692147,1.261546479315232,0.5169168489518488,0.15265327777516474,1.221706845565644,1.3809931296183877,0.6492385531592053,0.5989789589875227,0.6914951526151935,0.980140435722635,-0.4701176521697559,1.1892820086771203,1.1883218225566958,1.1528417965146514,1.3239217982758684,1.0154102902783206,0.3100470122105897,0
1.7400620584361082,1.7685420354113786,1.76877053918614,0.07257913727498076,0.20053328042528307,-0.37724983754165364,1.7259097125724332,-0.37508380021015714,-0.47749421178691115,-1.2309866212481932,-0.6447934203199959,0.11242023276414026,1.6236283626379469,1.7769067108691639,1.8735719896652776,1.6230467157567638,0.7187041060487619,-0.048919850603523815,-1
1.9644345652828463,1.8779815485927316,1.817396284892444,-0.6407418805842368,-0.3740849201406702,-0.9479102687695897,1.5940657445734363,-0.31561228454774043,0.13332564338153352,-0.33075750280092714,-0.3323338083983882,2.1391991445629785,2.2671458255556973,1.9684142447069726,1.622095594509374,1.2544708317196491,0.4808126513999087,0.18436873415794075,0
0.287962282568175,0.11224218787598667,0.13130261314063585,-0.31287667612779424,-0.2667394733643478,-0.2052581961458755,0.10460126943892767,-0.6789919401024059,-0.9037898335661695,-1.2132522320936407,-1.6881949712184632,0.5578758225383778,0.010316689807253013,0.12994201162306745,0.2419268584096004,0.38659431018044715,1.2826250739136769,-1.6817434371030398,1
1.2584533060308138,1.2959638545617738,1.2829792777860183,0.2567416628360683,0.19319169313996323,0.2471510662716033,1.3058414130807667,0.2035072881211251,0.2677410530667902,0.5876291388748365,0.4255626605615773,-0.7946740891691677,1.1313758071241469,1.292216893908445,1.4102932447873986,1.2905781915772028,1.0515414787092119,-0.3387275197516067,-1
-0.5277680929242944,-0.6367767338844504,-0.6108490323565957,-0.7102775875511372,-0.3418369049595753,-1.2739889766258603,-0.731139764038582,-0.9844302023700773,-1.5323666363660617,-1.0162834838473447,-1.4021505058465635,0.8544866824674541,-0.49946533611268334,-0.5721598024585601,-0.6258714351708606,0.3190875972977491,1.1343495586665977,-0.7333852975152841,1
-0.9165357328251295,-0.8286098817214874,-0.7910045561059383,0.18780398558123332,0.3229895601192079,-0.3758799102759133,-0.752675695321584,-0.4065315291021194,-0.10582815079213946,-0.9529025863614653,-1.256720751671299,-0.9311385113565405,-0.9790625144345041,-0.8125155863967672,-0.6277218418255114,0.16014376557121146,1.4686876737110415,-0.31158637793960237,0
-1.589158154378527,-1.7560488745639184,-1.779190750015615,-0.2769554262876739,-0.8112659590446543,1.5806523362925773,-1.6766591098096213,0.7062785009038453,1.6554263704603909,1.9825613845655379,1.2055627122072974,0.20254120520553578,-1.9304110851675822,-1.8100199703760085,-1.6408890333295794,-0.16592274444920874,1.4162544624925262,0.4650075296420549,0
-1.008462970637358,-1.1378672494749453,-1.1657154178340796,-0.9865455301796283,-0.7445443999415472,-0.9429718387455975,-1.3088108533737202,-1.7493706530606095,-0.957773356391966,-1.5493588115533907,-1.646431487797093,-0.6875596389991714,-1.0785221223101547,-1.0888600477925345,-1.0672052320462582,-0.19659959188942797,1.4018652527263384,-0.9421276991652394,-1
0.6940947763909013,0.6370809220907888,0.5971888644977991,-0.35267205684072295,-0.4128489488800612,0.1123776135902109,0.5548681099463866,-0.34440920980040496,0.12849953777519305,-0.3692788815135847,0.05438722721138328,0.44091988051021613,0.5342650414158151,0.6237908997408214,0.6922892947243664,-0.48662604394239695,-1.8912534252586881,0.2024032009409391,0
-0.15933568296575212,0.05603999336869925,0.1096413926617189,1.0239974001413,0.9916851515570129,0.30810222764908746,0.2292803403230547,1.9735835849770977,0.6787744380010796,1.8996295096031186,1.4828975467129804,-1.2373844626436585,-0.07418041876540629,0.0609251920059756,0.18989719863823692,0.4678985356291332,-0.24653707570382283,0.43897702216402595,0
1.8044949018358023,2.180515036346044,2.2406273346104766,1.193788803244269,1.7738342383420107,-1.533579963779211,2.237197477764746,-0.051853505588130414,-0.500496956060468,-1.0923634643824132,-0.8638139768568405,1.0449177214192265,2.3047053951432033,2.159366636267216,1.955936177790047,1.4559872762357795,0.4941232141818412,0.7220921926641768,-1
-0.23831543292924026,-0.29793103401859256,-0.3186471896785798,-0.48726007333464516,-0.3356467052098014,-0.564060220061177,-0.3741416497123101,-1.0034194684612827,-0.8374509466706843,-1.2031905814306556,-1.400754210569667,-0.1531072940506705,-0.3597205267563235,-0.3199619126201825,-0.2721839973866442,-1.6488124807103708,-1.2099542838807418,-0.1804820876919343,0
-0.6187814124641932,-0.8558457213266288,-0.9092760940491889,-0.6577388460388471,-0.9609593756445524,0.7948059900332433,-0.9294034707722338,-0.012637878622707868,0.4151368090777836,1.1627823395291463,1.4531567918758623,-0.7387308389214698,-1.1030064903637584,-0.9200188708010172,-0.7161895661206991,-0.646679210848211,-0.6598034609394343,-0.578594449580923,0
-0.3391916699093732,-0.39575549415461103,-0.387090143112182,-0.1660510788728262,-0.040983094015661393,-0.41713278887731786,-0.39665866444481057,-1.3833641607603162,-1.1359915275148544,-1.8055345385226667,-1.521373967756263,-0.43913086326149003,-0.49418400474794144,-0.4274651970244324,-0.3504718650876044,-1.488981951790856,-1.2510074523523635,-1.8872816188219625,0
-0.575559613745221,-0.8189906504377942,-0.881960379655821,-1.285364524330144,-1.1805426398286472,-0.5836514905491431,-1.0366732112712276,-1.1643924483204195,-0.9610694089459306,-1.3469865213381413,-1.1264032365897927,0.6969048781468381,-0.688302668824506,-0.7886465153942708,-0.8628203854753009,-1.9923269536486445,-1.32235164475246,-1.3188601175576067,-1
0.09919537093714931,0.3744172887950331,0.4117737864328548,1.3413963920238736,1.1164281767800184,0.9632384966587216,0.6158728251448025,1.1446921852299297,1.3266402841706413,0.6452220010746027,0.32880618670096184,0.20387544026747811,0.41373592756378885,0.3294983673547282,0.2384003320179724,0.5283214641223013,0.029297613678157846,-0.13250329342317438,1
-0.9041975383513094,-0.9374600532345602,-0.9384883170243953,-0.7020196165303074,-0.438394627649039,-0.9511323387587379,-1.0602899760464783,-0.5697882209769685,-0.49749278035642136,-0.8331111140673159,-0.7185756345873413,0.496051170783913,-0.7971627357299353,-0.8516497289383974,-0.8796154971023175,-2.1101318278637655,-1.4650248680740912,-3.903164105207003,0
-0.5000071480948493,-0.42608515489874565,-0.4098576178375524,-0.3457043030130803,0.12922474606143247,-1.5258414906908526,-0.521582102070067,-2.2953996939992343,-1.2936054165777424,-2.107678113082948,-1.5984182735335621,-1.0734157414176553,-0.461232205157831,-0.37251084066610224,-0.2758231690330009,-1.0797919816391308,-0.6833815681966738,-2.0583114015704167,-1
-1.246696927185269,-1.7737886180988494,-1.8444026023488858,-0.7598263432731005,-1.8052909631892644,3.0483035319099123,-1.681057298714874,-0.07188409794952712,0.8343485410065521,0.4790968074732938,0.5058234841036335,3.0820644005983557,-1.7162077980767791,-1.998104485636936,-2.2128039783519604,-0.24974662347704563,-0.5194307608465224,-0.4812590955847261,0
-0.01717977988631232,-0.06581886441924913,-0.05376123556500259,0.16720898669208445,0.013288979951231045,0.5057759863200936,0.019280839657501134,-0.3212592297982674,0.3128550861409103,-0.5550790357072892,-0.41949714798246857,-0.3893579292270721,-0.23989750185204925,-0.08959787796341313,0.058454076340281456,-1.701233151960844,-1.2352600248692143,0.9055392211271615,0
1.0900215807619793,0.8362504455056732,0.778433178494438,-0.8040046972643927,-0.9373612190251523,0.244451718294324,0.6683177591578239,-0.3239974522601001,-0.5372593590074831,0.030933580838202735,0.04427499164645838,-0.30248153120986104,0.752170857028176,0.8124304337575099,0.8471227184762863,1.1279679695774596,1.0989973520066065,0.9205124567898412,0
0.8062049026433172,0.830120923236593,0.8144766085270265,0.2340275195783876,0.08334051880806098,0.5095134483496873,0.8677284410791652,0.16785235525293937,0.3510978180885345,0.5065996421816725,0.22705708763757573,0.29303457711390657,0.7071196910471488,0.7686705761287671,0.8058848084701191,0.9049035643368228,1.1485861565090743,-0.21831194145812535,0
-0.5216370846945859,-0.33590735668819816,-0.3058629728914991,0.33985363816954106,0.49508034347049995,-0.4062413939299007,-0.27937055710952247,0.07675307380128829,-0.06927768702265531,-1.009841830649971,-0.3634024371846883,-1.608504485489323,-0.5572266702770677,-0.3020138769217997,-0.046260043712086266,-0.6420847629325379,-0.5782153455188794,-1.0704060317270319,0
-0.28953422353658365,-0.41224956423213405,-0.440720647606711,-0.3559374686717925,-0.6142190708923789,0.7187322770953078,-0.4453008794247852,0.4707161364039787,0.7545970570572303,1.3148962452744783,1.178033270819684,-0.39156651536956427,-0.39456542362479363,-0.3956397690211046,-0.3851760724357577,-1.4130115574065398,-1.114525331926086,0.8228363907415659,0
1.2730763470289108,1.2775672594153868,1.273048602763483,0.16803945225589492,0.12272985773408261,0.17314757575804204,1.2699193682011989,0.6513145953303856,0.5310392041157599,1.0512238146063924,0.6521305869578627,-0.6181935696651765,1.1739985520349943,1.3055391439358264,1.3948736826979051,1.3127833354638876,1.0722807620175068,-0.07853712083118564,0
-0.43656443003528983,-0.5864599103626281,-0.5865536620212004,-1.0655559500426444,-0.6549230691153611,-1.4758172259883848,-0.7856566765245515,-1.0873652306965662,-1.4729036876364454,-0.7797432163430355,-0.6941210578542366,0.0187854464302815,-0.3767276270213893,-0.500182482835383,-0.6051083570661019,-1.7316014108585185,-1.2304831109347114,-1.4095031223371295,-1
1.2319109188978101,1.2466444789953681,1.2324482111116517,-0.11973994677223546,0.0830491601676254,-0.6458251324673815,1.171037067452281,-0.9481099133453533,-0.3306845989467028,-1.2898920501454616,-1.3613957916857455,-0.7940909891873931,1.07477953306382,1.2399454311254767,1.363726766853572,1.1348781859346198,1.0006209137659063,-1.074521225587626,0
-0.060325386064181766,-0.014930003544453523,-0.022941983024258945,0.5483856023650074,0.1980147070437948,1.185563371647591,0.08590677181070895,1.336280545781152,1.6508437358890211,1.3795328573764742,1.402937434102873,-0.3176889408477774,-0.07154507180877195,-0.045190236704364936,-0.018372405175219944,0.2787524077153444,-0.07016337776505276,0.9036255361857934,0
-0.3676761460819449,-0.4486169339041145,-0.4346357903774419,-0.47001282445453424,-0.18365514560371846,-0.973414481268468,-0.5189276402862274,-1.4020718114904183,-1.030124481904545,-1.5420292436002614,-1.2686590084549803,-0.47120876392081334,-0.4781743987129051,-0.43625416156577873,-0.3830031813341284,-1.5106874364438998,-1.1999563907184307,-1.4417460271044802,0
1.9496972572631455,1.6824769236990091,1.6146048693112522,-0.7604048096311519,-0.8096278204077596,-0.004442727222315071,1.457729410574022,-0.23854545848825018,-0.46636813173282177,-0.06111166231804442,0.14920090373890288,1.040314421896566,1.6108898099985482,1.6429439620720236,1.6261940471807852,1.5454198197429874,0.6729409978888099,1.741412786341424,0
0.5961888137442686,0.43813698410677887,0.4013690144098525,-0.622387300112213,-0.6350592577225652,-0.08825825873995903,0.3139089171479783,-0.6233230298117803,0.1259540037361927,-0.29943142612787754,-0.2713258220998197,-0.2437304559420871,0.35278000299196793,0.45282175969984617,0.5364675070418558,-0.8162061085196443,-1.7910994965129963,1.1758112609622284,1
0.8533108939681207,0.784508653169394,0.7870115189955044,-0.20578232503271346,0.07059457689570788,-0.8888779906172313,0.7243429735228625,-1.252268056227905,-1.380846124232412,-1.9663074300397607,-1.7188151248891366,0.8427187923139178,0.7528782136576614,0.7904116840818044,0.8037518275439288,-0.6346993702274553,-2.015588154053732,-1.496513481501811,1
1.495887480587696,1.3676999000697148,1.315545673818778,0.23918861467212388,-0.3596441417980282,1.8837506109629358,1.4345385178649874,0.9694337014610604,1.7924302951528412,1.1378904719796976,1.3933374778467784,-0.3398918084515736,1.341093627555395,1.2857408222025997,1.1947918743938197,1.6059094250313035,0.999242564963304,0.32084599910662975,0
1.1709815087722375,1.0360188011603215,0.9887140672921955,-0.7926190853326603,-0.7360634577900089,-0.33514166984677624,0.8325545857130657,-0.19980927879009225,-0.19105392327350484,0.06284151656055674,-0.18635632256947582,0.04470921375156459,1.1704357021023022,1.0824837532334732,0.9658979626749503,1.1620590856592308,0.9973437698130149,-0.6139203666146826,0
-0.791363895282468,-0.668801880844234,-0.6607038430099708,0.10678390524873159,0.08922940057187255,0.0755940350077489,-0.6350327777050757,0.8964505738154692,0.6673561549202125,1.9607672622269587,0.991948373639918,-0.9851756977593655,-0.7794836603802835,-0.6341452316325232,-0.47506139869228675,-0.3511575490501152,-0.7053699192481685,-1.4712659928642928,0
-0.37136998081196937,-0.09122746591048246,-0.04030957179371069,0.8929206663882239,1.1026504972521611,-0.4603145699980101,0.008111518515558538,0.9896608687862501,0.4521548499312772,0.9920034567649572,1.1111982574893868,-0.42305618178551985,-0.23997533721662012,-0.07192723694409271,0.09278636518963253,0.21798328079986834,-0.2698960236949906,0.7134006606948171,1
-0.04292247218848882,-0.06889617984739237,-0.0514168929703029,0.11215587966861859,0.0702725805739667,0.1512378921688176,-0.005944372557016667,0.10378007944711526,0.021246712400202334,0.19931666260791353,0.3132823712172732,-0.49599215191641327,-0.2399680184734839,-0.08302927078065926,0.07125646410202909,-1.6526742131568617,-1.2462729351259818,0.6178437841818889,0
-0.6678296235688636,-0.2922441777692354,-0.20553847746796058,1.2915151575964412,1.5911594691932662,-0.654435421652154,-0.11277111644089835,0.8417689491501392,0.16718318994305698,0.40766976932171983,0.42195209046022514,-0.01986417745547191,-0.41408982518647036,-0.23281209222672183,-0.05061822620802991,0.1825961345124063,-0.39464310024392046,0.4561543298255143,1
1.0776072082737576,1.4985308247673488,1.5578222703930467,2.2825008771080366,1.9796340128727483,1.3940979062574088,1.856728150586245,2.1843778136363086,1.6275458115696597,1.095657079380658,1.3154739706502487,0.19610241828184152,1.7063365975401468,1.399072571142112,1.0610507577942117,1.1134577445808342,0.2911044433843603,0.4885060249796169,-1
-1.2375575701415564,-0.8838291076894962,-0.8061595559958364,1.01615250802063,1.3026820916047104,-0.6704770545721133,-0.7214176769193517,0.7482930639960469,0.33838802495116466,0.7619388695016285,0.7199391667258609,0.18499130525015675,-0.9279499633696072,-0.8060396205667537,-0.6646295608249035,0.11005646960344416,-0.5636110427426294,0.4101214761841128,1
-0.9141366483326477,-0.9532338900717106,-0.9684469132738174,-0.6167158879353298,-0.5277752902399103,-0.39845573913867877,-1.052781943144642,-0.29048405177207404,-0.6817909572795434,-0.07798110755055822,-0.31215963950453174,0.3818007238049541,-0.8487925603243581,-0.8875458003351617,-0.8992421245427759,-2.1194286567572576,-1.39750379329915,-1.5980400015306038,0
1.7147001980991448,1.715713287970496,1.6752948086035595,0.17557122044552304,-0.07704629455570472,0.8099069102396251,1.7043480743900623,0.6449835349276489,1.1882022513789536,1.1875802344669402,1.3515706318133545,-0.05217355353751788,1.5986066309418214,1.671068747421772,1.6926043988976738,1.651094934730762,0.6955595259077811,-0.378915755433267,0
0.965877913986552,0.8070167293106196,0.7681600797999353,-0.29803989902427913,-0.480796928387666,0.49913634389864237,0.7601424784502531,-0.13419026587763952,-0.00905514850518211,0.3002583356495721,0.5517677979976175,-0.5720128458396646,0.5607029644590436,0.7467442560541366,0.9050669607292607,1.10243284068559,1.0806402878904942,-0.2461419380419166,1
-0.9810828287197266,-1.0359070119171416,-1.05406429976086,-0.6664440020208747,-0.49571288403680897,-0.659227823010029,-1.1467609436349346,-1.2366121663168115,-0.8101866904622799,-1.3691546844294984,-1.5001916993490592,-0.5330430266333027,-1.0692172507691535,-1.0019877985378571,-0.9077958787672284,-0.08429576163900898,1.4466975290531414,-0.3867887152363641,0
1.8612734817784364,1.8974720803933427,1.8820811290640187,0.0004804774937888776,0.2823556980288641,-0.8636082664525229,1.8042024665022698,-0.9835715614633463,-0.18590280614241064,-1.2166099609648378,-1.4223050894902605,-0.538905137697539,1.7809397648754473,1.9042083170066406,1.9681313971580803,1.5009525441462646,0.7809142747013823,-0.07587244327425624,-1
0.3351064210069818,0.16572030153511766,0.1548164711885536,0.029253120381399655,-0.3616406376284588,1.2037281915113476,0.24889987648197096,-0.15771080636609652,0.05879296434565741,-0.2842985467728624,-0.44347101835530317,1.0695771401230139,0.22038446550234433,0.04455001237143264,-0.12690254127308015,0.47763407699820115,1.3769222524370017,-0.37558617039352726,0
-0.6932294712261267,-0.5149096788394188,-0.48572870612628166,0.7698828245812871,0.6137599930515488,0.6355873803255675,-0.344827877027917,1.6227081672822383,0.5804759387071391,0.9056457236806004,1.4779264242471268,-1.4720699555262373,-0.6096301482995379,-0.5661461610936506,-0.5076052680105589,-0.11742141856353419,-0.7003163564512264,-0.5873689931330723,0
-1.6493640186342762,-1.3885447877003885,-1.2901332317546843,1.0880275773116652,1.09152429072881,0.21145289468023576,-1.0911163689827799,0.6220648497245092,-0.3407545220465444,0.07799757841101009,0.006215055794966461,-0.29578113916330345,-1.2371250497965207,-1.4155330445836873,-1.5470236598581077,-0.07395752455129777,1.4992840317910594,0.43610076314761165,1
1.7461930666658179,1.7777881451139368,1.7791225641706512,0.14711534336758542,0.23027306662805824,-0.22476738675426422,1.7529198858142676,-0.26689515773219075,-0.42392962125754585,-0.40988046880602425,-0.7310973319027579,-0.007553608741122223,1.6253358098210957,1.7758890323748322,1.8699467615550007,1.661983984655892,0.6866033542896236,-0.24046091094397684,0
1.8876634838292334,1.7192097331778105,1.6829336469099465,0.03515828400002897,-0.20884831562952208,0.7548505203130557,1.6950605184414282,0.404293364143623,0.23678417755212355,0.8986345921331348,1.1028908903203039,0.13904414130304119,1.5830417857973,1.6507152481190381,1.6682086423436684,1.732349152583087,0.6731006853633612,0.28271364338620913,0
1.2525507737375121,1.2871073557906023,1.273575507092427,0.17044447461233986,0.19174558653394033,-0.030466158791197854,1.276995208783851,-0.45219979946702354,0.02529594372430888,-0.7131712381466385,-0.9242939419673449,-0.676919769554384,1.1175407344982526,1.2815775727483674,1.403055834872077,1.2523231096384337,1.060841321033429,-0.2767016889323082,0
-1.106864017744108,-0.6585272442630231,-0.5937624719571332,1.9116320055591647,1.5968994616109107,1.3547273320800706,-0.3037333494894061,1.8480077386945426,1.982955920375641,1.282709606886174,1.1803301387666818,0.7256906325555214,-0.5540896371111661,-0.7142639792103497,-0.8484992808193341,0.23473592976331814,-0.5038247125962652,0.8990107820820362,0
1.9838558043193086,1.8652395558372423,1.7870864190903921,-0.5379977666940328,-0.45585301213585444,-0.36155862582807,1.620228149938809,-0.13712105828057794,-0.10875346637961077,0.2948993080290086,0.13527472066194252,1.7023384405430873,2.1107479904171926,1.9011553168155926,1.6430531015353456,1.331262705056688,0.5122373207910825,0.808424398194121,0
0.4824032505560941,0.0892211554102092,-0.04402369281237324,-1.1401978138788278,-1.7937895824442733,1.7698794399081432,-0.08319276171039455,-0.11992459083671825,0.487281990891181,0.8367148708325115,1.183925267099373,1.9782439610262463,0.28044733744006844,0.017257869854141104,-0.23793571987391846,0.4935558705846103,1.3559968730942351,1.9211064253387746,0
0.5675520687030924,0.08226222479416823,-0.02662980756087974,-2.724987690811388,-2.1570029297129167,-2.2968100171566843,-0.48469598240810285,-2.1812142063404614,-2.360440830774477,-1.2541547983205927,-1.343731876020811,1.5061341232969572,0.8411723165348207,0.22375293938424723,-0.3802373721898714,0.4340960050513625,1.131725868887274,-1.357529592830297,1
-0.7589190049095632,-0.48330792190838945,-0.40175333414362924,1.0165784132272415,1.2348261107680747,-0.4611645295739303,-0.28848999768781897,0.6388847866871076,0.3293864472761315,0.013750768245566642,-0.11009789996568309,-0.5039780411054315,-0.5206016470301962,-0.463916375406816,-0.3955727947804486,-1.2695550782730245,-0.7714288974679325,1.2371001398204284,0
-0.6475324681070708,-0.8063408471860671,-0.8345639668520802,-0.0419514081835855,-0.5565817232531496,1.568335421397906,-0.7387311533019524,0.8906094653242761,1.0024868577083252,1.7132576982460401,1.3283193645865912,-0.7719150188208215,-0.9840375349275633,-0.8817173710918451,-0.7570646228221053,-0.5039080441498272,-0.652907821573196,0.02492958843940093,0
-0.09273224553668273,-0.13626626693641922,-0.11893787184780961,-0.3465053584753176,-0.07065363643209228,-0.9160033850452446,-0.18787532040339147,-1.0401812994483786,-1.1323326630722255,-1.4653845766776366,-1.2714315683096338,-0.5300539976405282,-0.18925367033870344,-0.09820184213482898,-0.007234573910694582,-1.8305271672574277,-1.2874346495472433,-0.6894381397081497,-1
-1.6583511649161826,-1.314979239095346,-1.2539230496703244,1.4193711987626092,0.9687007392384831,1.6707446521531537,-0.9677261016128786,1.907389682737669,2.1743757178686716,2.184185782253357,1.4657681500513138,0.7130380549086728,-1.2715014965078444,-1.3554903663375917,-1.3973561479377063,-0.03009929980525584,-0.6176683978167318,1.0260315384730019,-1
-0.8826437652392749,-0.865737037116113,-0.8688600892699122,0.4250420944962736,0.07199836812944053,1.1685674633838894,-0.7247555612869641,0.7011570002027125,1.0171362204646903,0.8904307735720101,1.1948484923596734,0.020966748560778094,-0.9706528788230533,-0.9437954063266041,-0.8903639299756991,-1.7844657953442036,-1.1828651177239877,1.8841691220254382,1
-1.5838268264529447,-1.2009897023413727,-1.0982821742833617,1.3744802044661801,1.4109079991638043,0.16903885273008826,-0.887550961858439,0.9224797588499607,0.7709255914494761,0.32747064211193616,0.2763046711665572,-0.3293368268027864,-1.181337943820969,-1.1691636545725137,-1.1233886275431963,-0.06185099801976073,1.4960999686603706,-0.42250564341310254,1
0.17505249053833102,-0.0030680902292585586,-0.003660391528821626,-0.7891584931311327,-0.5182470815388619,-0.9912521158082097,-0.13006885783112107,-1.3819987958602282,-1.3210875676806855,-1.409959303306541,-1.6671773397664502,0.24339088318050248,0.07264189541643935,0.0652735124140272,0.05624518550512066,0.22428923870099887,1.2527097495053674,-1.3062564327486377,0
1.8030478246228525,1.918738846112943,1.9382228119411102,0.9246396447033605,0.8131991885504757,0.5302743491063745,2.0524857055885954,0.7581926690412129,0.44807808171424746,0.32329755226674356,0.787606634800656,-0.4158078122693678,1.941163369798656,1.8304733174094152,1.670135534751893,1.6853464918508583,0.7601495307028776,0.25453627715216054,0
-0.28481215993252396,-0.7808260299856017,-0.8599743368312801,-2.828452272417664,-1.8942583509801105,-3.4400544785486358,-1.3499540153708793,-2.4054289418473007,-4.141784760530377,-2.2809280868226693,-1.4561929095439154,3.5754870118029647,-0.004982471234211212,-0.6336827307076998,-1.2236594766177344,-0.7386037995740786,-0.5828171928658821,-0.12619312695314835,1
1.5162988740176908,1.9314186456765177,2.0080970228367447,1.6398332952152344,1.8592530587279186,-0.33749178843401145,2.0966521259598925,1.216718048554848,0.05463562361425067,0.7305347231951773,1.3316619843058324,0.5123844498751735,1.9699618703262087,1.978035922664663,1.9283372515465933,1.2911686979442332,0.394339140784645,0.776301384974879,1
-0.14798758477866494,-0.2316223337185061,-0.2288241546676914,-0.7976374586361636,-0.41267977837502945,-1.3424376936455087,-0.3841304512776958,-1.030262620573891,-1.0832711006948053,-0.9511683852412307,-0.8128809194749752,-0.15810430488708022,-0.10400874669317879,-0.15084330565765838,-0.19177988901306678,-1.8143573151565693,-1.2601712025012073,-0.3974797886391581,0
-0.2664951825174999,-0.3183095344398156,-0.3250128743112184,-0.8816660622458546,-0.3118091889799716,-1.9261535497209432,-0.5417732934309731,-1.5650827986090938,-1.5216313689745642,-1.103530490108245,-1.106823231326239,-0.05252714996077216,-0.12902741550520427,-0.2256883427664042,-0.3126663958653627,-1.0436142985991943,-0.41836353649548863,0.6628120301630418,0
-1.2114720913012689,-0.9529826339067794,-0.9155276999807873,1.3791332987260856,0.9963602555941632,1.4544808774706166,-0.6635436184554793,2.09686713479405,1.8300843128482405,1.061939033435813,1.4920315540301143,-0.6067945569928476,-0.9087227221841111,-1.039364119937664,-1.135567622016925,0.2028928635029619,1.5493068459796542,1.2168494211319014,0
-1.136033892672501,-1.821344155871632,-1.9886991013601365,-1.701797080478177,-2.8675781165077923,3.224626820225724,-1.9307492084346403,0.008814058546943431,1.021189084498738,1.0621985026664307,1.1720614580386894,3.8578757353401687,-1.813871817847104,-2.06240289587626,-2.242944564714649,-0.2111952465298371,-0.4885480525332516,-0.09272493732752833,0
-0.6375552836452312,-0.8448703817640899,-0.8856305760705466,-0.4123319053507755,-0.799376865332185,1.1017664633687179,-0.8603583751384254,0.38150366906474836,0.5226583243439314,1.686160140632158,1.4302781266389828,-0.7084207041419642,-1.069836701411716,-0.9025334066113467,-0.7143904189945409,-0.6304066348098274,-0.5822634916853093,0.814391787223398,1
0.01735959913506264,0.15673987104163156,0.21170450054431453,0.6429414421627363,0.8210412432427522,-0.4144395337056184,0.2581811741608544,-0.4192068011439795,-0.49423732564688144,-2.02571093363493,-1.6575781539617707,-0.4316430226679722,0.07280289173756768,0.16981636739607936,0.2587600818551447,0.2085019447123025,-0.06657216169616192,-0.15723351893161722,1
0.9670203517753927,1.355580406906067,1.3951133186437052,1.9638625974889965,1.6321203763996157,1.417512546462699,1.6509447733200306,1.7457654106656217,1.8767201432591516,1.0798112903818655,1.0137246333792742,0.2374239260754052,1.4640771278043976,1.2777844652017682,1.0603546776612554,0.9884711544333092,0.2890629466238473,0.7914630682859873,0
1.1159546454666622,0.8564599179431621,0.7947295247518394,-1.0570794105262824,-0.9280346541112178,-0.6112597053813213,0.6231849771014031,-1.0208215242746437,-0.8768331957499531,-0.7380912525527558,-0.6528953571138287,-0.005274608974935042,0.8259621341642226,0.8440707908070197,0.837053137808782,1.0479383127410264,1.052914552376886,0.37264681540093547,0
1.5694216501307003,1.2706026269393138,1.2131490182898694,-1.0863012699729273,-1.0834482044180997,-0.2305570348913536,1.0374915335095152,-0.2152028272820063,-0.3520471741356718,0.032927165353767655,0.41381923970323425,0.06460939515279904,1.28731563173273,1.279542215759704,1.234816677648996,1.477492001225932,0.9629646887627662,0.5548821008269023,0
-1.5008867058692223,-1.7860084398087401,-1.822714998302391,-1.0141707781850087,-1.2042761576646566,0.37542402507699,-1.8687890956895914,-0.9693551055639225,-0.6477484066893893,-0.8882664867452043,-0.6424619196326038,-0.0016427457698189292,-1.8198115835930198,-1.773476221224772,-1.677072503632085,-0.32277094534074047,1.4061558420969926,0.5175335916055565,1
-0.6566718687308822,-0.38414163211120755,-0.3428634495045681,0.6987083038556845,0.8805743997107569,-0.4145928165711183,-0.27934034034284555,0.23455262824500137,0.21173229892101783,-0.0667607614023329,-0.5110584535215622,-0.8375587288424061,-0.5241539015933324,-0.35548794798514277,-0.18193182181712053,-1.2380929032049517,-0.8475190582913908,-1.5837183918747608,0
0.8681243654755251,0.7946655284097395,0.801824128707872,-0.46000329320078004,-0.08171124196929383,-1.2530707993149788,0.6850613273283883,-1.464983862585134,-1.7949511678592267,-1.4256717243606114,-1.7215752749927333,0.34442106251714977,0.8192831960177323,0.8259377547387091,0.8083630486816044,0.8717937431511453,1.0194508929391795,-1.2254914609921224,0
1.431035774322389,1.4280888458217338,1.4354152514208274,0.35102530481300204,0.2745400716327949,0.3060386163026655,1.4942257952938656,0.005979491413055545,-0.09084938734307597,-0.4534646860588852,-0.1893836993050027,-0.5926487233672796,1.435363376361957,1.3443958212145066,1.2172766117582288,1.4659551445629415,0.979593387388518,-0.4108733088532546,-1
-0.10019610753783714,-0.07800200589110726,-0.0639463242783398,-0.6799904462432285,-0.024398066225847382,-2.147678825876758,-0.284225822719395,-1.2265921348674516,-1.9023345653676091,-1.0061460282732793,-1.2180012503052584,-0.07673940030042883,0.15146178060385604,0.02419654836064207,-0.0996631659188195,0.08355181843712421,-0.14248633444648076,0.9729831785231189,1
-0.7441436224093596,-0.6469872767228432,-0.5923048309275227,0.17868455510413064,0.43247835560515346,-0.7411747622722308,-0.5913669784999301,-0.6640148329147464,-0.755202066840972,-1.2596973468725505,-1.5809068058412323,-1.1553848733707521,-0.7483531482871831,-0.5859445534107636,-0.41174315285839747,-0.5028542382390101,-0.6731678726058267,-1.4812791497278017,0
-0.11660891060009632,-0.014258405896257388,0.006867268232005126,0.3862248297602388,0.47355106370201255,-0.1887158847950637,0.0006894507385313117,0.5654728279785698,-0.11830903976764924,0.6998810017985201,0.738500046125594,-0.008968682578518938,-0.10786077714852867,0.009764084362020807,0.12330727228130087,0.20470115902387656,-0.2505055118571912,-0.7161247321895783,0
-0.6665728897050196,-0.8011436465946105,-0.8467510414770197,-0.10404272489331486,-0.7465714269906089,1.947555950920879,-0.7361162048574476,0.804855960278851,2.072985099976035,1.2416989715344449,1.4629646472013915,0.6085035499859828,-0.8584703372800316,-0.878201728808196,-0.8717620490276329,-1.5541174711461,-1.1108069977924813,1.8568623525938586,-1
-0.09383659431832399,0.0260144972521632,0.06234163475318764,-0.09597900227580954,0.4901274449821154,-1.815512999157439,-0.05981867984119776,-0.8314663217342534,-1.2559334798097244,-1.1978512125067262,-0.8753539946071762,-0.3815226122524235,0.08679352787828806,0.09737644097224675,0.10478640968929934,0.22324720541182513,-0.25723027576604035,-0.6238540361835481,-1
-1.492204257118226,-1.1835363202229177,-1.110451711221387,0.4579141332891932,0.9174383262351994,-1.3145457387462147,-1.108629612805914,-0.20333703755311322,-0.7247613719492227,-1.148605179747311,-1.4805306253556823,-0.6667810058996716,-1.2035523639386487,-1.1158745485871566,-0.9985831923532216,-0.11438397799706147,1.3943332169972833,-1.5680208653464034,0
-1.0012656881065136,-1.107099582192175,-1.1319988061070518,-0.8835066861770352,-0.6686480094240226,-0.8387636584668413,-1.2582684815664613,-1.6451279229951035,-0.9713435918488144,-1.5575970241629293,-1.6763424681373635,-0.6062092639944469,-1.0766320755992986,-1.062400548107701,-1.0177388772178253,-0.1528541967826757,1.4218266509098594,-0.5535524692977548,0
-1.438738723520506,-1.1930606088554854,-1.144835689545977,0.2828166599719422,0.57615343111925,-0.841077114497106,-1.1560358675071594,0.3663498116880645,-0.3214815190960811,-0.046766006733611185,-0.34019585435306327,-0.6902562768213502,-1.2135340556099181,-1.1044026198865637,-0.9666838710631975,-0.09418142997965255,1.4274456012407204,-0.5752452291559409,-1
-0.4493214728480258,-0.3189842798754536,-0.30185912834714923,0.12407582057995668,0.3679256619892015,-0.721855742773178,-0.3320327988590605,-0.2233167524683828,-0.27700430175549656,-0.6345431624980217,-0.21403826854723101,-1.4426581280994883,-0.451420060281069,-0.27536934157509274,-0.0969963582546414,-0.14645957958049668,-0.5339149822607362,0.7846902253657115,0
-0.4125353944163718,-0.33893267342769434,-0.31763748649458506,0.2351217620887525,0.3908260217556737,-0.4290901779434255,-0.3202954980135251,0.28099430130850783,-0.0744663218019901,-0.02369503407591653,-0.3021682444988584,-0.8027184807965537,-0.46776197898911964,-0.3348569834194592,-0.19650704537495625,-0.7767078168988404,-0.6123023626150441,0.48281337594243967,1
-0.02213026131998318,0.08712507932561392,0.11323274652252882,0.7830594590064687,0.6888028419968828,0.4487109390552349,0.23448984019145702,0.6232817543293647,0.478977573140593,0.3877805749678174,0.3956917484311069,-0.576032491287547,0.07432654355587112,0.011151869472041357,-0.05030731428157728,0.19725544465568337,-0.05818882901668966,0.3229863748713882,1
-1.7268586459577138,-1.4181925594841518,-1.361974219210346,0.8926938306568735,0.7376167481504969,0.6574601698455055,-1.1785879507222337,1.1798741370194679,1.7486558120165134,1.6384101723119893,1.486470183457013,0.6093707860553271,-1.4978753928074597,-1.432833473111483,-1.3282314790770293,-0.14967975623867213,-0.696040827883819,-0.25513741773117204,1
-1.4784951489191596,-1.1839196593723995,-1.1162643424185605,0.41821497751875225,0.8239992490190751,-1.1579851390731182,-1.1183306304902352,0.1675696892574523,-0.37234294096618137,-0.7635212568919496,-0.9118975419173225,-0.6956754730522858,-1.2080682438354475,-1.1107861914074455,-0.9843486378361311,-0.08978888773428734,1.4155316472220414,-1.2080089652205275,0
-0.34410403328244266,-0.5307620093306172,-0.5721275513097014,0.03098155051612257,-0.638205474837248,2.0568118790722854,-0.4178604470558627,0.8232509675181787,1.6662985455295758,1.3640239907020906,1.4498374281863413,0.6073775847981613,-0.6258339615886194,-0.6521858028078144,-0.6587243030202719,0.2545432094044898,1.210969857553084,0.039284034778551497,-1
1.4471439815406366,1.428981209599568,1.4184252722288146,0.45300253705810445,0.2033617633964448,0.8574352049635372,1.5259757750510157,0.42557208155204107,0.5055105232474832,0.252720656056302,0.359514409152609,-0.5025077548823059,1.424619585507928,1.3185839287002579,1.1776336138141987,1.5438102002351155,0.9620995986823907,-0.5686850054084067,0
0.8114219635472955,0.7794460481721063,0.7645866052692918,-0.20568581356108226,-0.2568818916033849,0.11487262612918223,0.725902283987851,-0.11774627179953814,-0.15280714652515215,-0.0029661311936856503,-0.059735593939635206,0.36112119201148224,0.8303039603265918,0.8137257186825665,0.7740234036781275,1.0049821000143473,1.1625264479728863,0.6707026324257311,0
-0.22814777437799308,-0.5375820584932607,-0.6218770621538245,-1.8406133070275346,-1.7029745471357856,-0.7975849041993324,-0.859354778372593,-1.0796541686230046,-1.0676707699930585,-0.6358836909664628,-0.5639126538711505,0.9048024089564445,-0.33353260082798264,-0.5105442328566803,-0.6669964126969581,-0.021103454132362007,1.1316192692879095,-1.471995967391645,0
0.24428350292298862,0.6302195565951395,0.709156029374298,1.7604890428058282,1.6632198944768422,0.6575257924385428,0.9336835712748318,2.175981200158765,1.1054641057090018,1.3338288899527213,1.4802779478354846,-0.2167005499470951,0.8078387960662872,0.5584747580692521,0.3009241570338765,0.7218323175559794,0.08704703821936367,0.06049296930598187,0
1.8276099756022892,1.6629125669420217,1.6066761333081097,-0.8439293572082975,-0.5849543630088231,-0.9658610220554917,1.4176196177947336,-1.7898707452469445,-0.9315273238334404,-1.8167649808878612,-1.5097572726767077,-0.03553671749561254,1.7441350966753337,1.696417962551479,1.600917580586007,1.5479162406263287,0.8313558626201112,0.32294514139981584,-1
0.5941324431563985,0.4484179849281668,0.4098157251251867,-0.4592136222847606,-0.6051788008312057,0.3534902967515797,0.3618581683927814,0.3458693683264754,0.2795501527117926,1.2728712607118489,1.2482200589919596,-0.07571547339573644,0.3340207534950397,0.44754836685826144,0.5443978756506566,-0.6955586149988736,-1.7406828288971783,1.6621429441510096,0
0.8356413715687199,0.7336275127816012,0.7342590745014655,-0.4507811314407244,-0.14378820908804604,-1.0327168748951148,0.617055290210448,-0.7589476348930291,-1.0688843592557626,-1.2512187618354524,-1.3252437153504724,1.021797203671079,0.7302987969655166,0.7562733632429771,0.7594203901586783,-0.727476067558817,-2.011587679602242,-1.576488593824835,1
0.7044146892840522,0.6437126031052971,0.6037214385094009,-0.3582327075272533,-0.4230573005885521,0.12548339613000473,0.5592299964005977,-0.39118018126040155,-0.3415021831220835,-0.12683173864174785,-0.04430573147056719,0.6174672183971799,0.5684983303856913,0.6384083641093731,0.6874992674104257,-0.5314305582670796,-1.9202167672871484,0.0682630092843266,0
-0.41942795036290687,-0.6124514134024084,-0.6534863881599956,-0.1939851704352761,-0.6513549941047694,1.3618368176391988,-0.5849437321800929,0.23862587527186108,0.7864371346755458,0.9343100355816075,0.7403602024376646,-0.7662591205631405,-0.8164036825565814,-0.6964083378211001,-0.560039011218865,-0.5539725241517547,-0.5138007656627395,-0.8371820351410264,0
-0.6813863466857244,-0.6557583107948655,-0.6274702009596184,0.7586903850502168,0.375261618716493,1.3298001710345209,-0.42973863159375875,1.1840848133420148,1.2140518906662132,0.5855993084172011,1.0690867426769832,-1.0716247920955497,-0.683040776956073,-0.729806551304379,-0.7538430271248044,-0.27506546951465377,-0.5490000073066982,0.6162147640690682,0
-0.11085873433560092,-0.3456615729488782,-0.3661314449913048,-1.261980632695101,-0.8526799469242543,-1.5118436813337548,-0.6123112528385283,-1.073391993309827,-1.5232331160664516,-0.8267924902596088,-0.49669424990799094,0.5957815261960778,-0.13655459624948926,-0.28082777007855103,-0.41227760600934144,-0.13126695925852733,-0.5534162829106493,-2.1997047516231136,0
-0.2153145826042573,-0.21944860120211662,-0.25352323344539374,-0.05282691425103002,-0.3778139135129076,0.9850202192811813,-0.19791643355382565,0.5229116729151838,1.5315913188938577,1.0756875317102221,1.4328722327860426,-0.33372262395744207,-0.25751951463896866,-0.24039844848769487,-0.21684051124192416,-1.5310841806271775,-1.177270381412999,0.5138773991107186,-1
-0.5418199295546733,-0.3741063964730392,-0.31857696524315904,0.6282293017269606,0.7095458561680064,-0.12088580343150966,-0.22843370280539982,0.5356010687771049,0.10116831442617961,-0.05260238506245778,-0.4400352812303498,-1.1512847023796902,-0.4600767656613715,-0.37158569764868027,-0.2751477856944435,-0.6997510226763022,-0.5028611819998736,-0.17709773022042855,0
1.169420193591083,1.0370576467171957,0.9769835318841441,-0.49805694928643013,-0.6691701018045287,0.4226157949124845,0.9084714295630436,-0.19097168556222896,0.7041838825528359,0.37806179239731214,0.39569337055188014,-0.3136078894912441,1.1072411909075766,1.0489005746722095,0.9619464909497794,1.2075991283803909,1.0060497836910862,-0.1131004163153654,-1
-0.6658493583618945,-0.7446457842371721,-0.7488939036648642,0.3797578014663597,-0.14451516963219785,1.6839918697495435,-0.5878517949729212,1.2501694868209074,1.4797160370762865,1.0507879925944466,1.4826413836047045,-1.0058540706049384,-0.8451695904634815,-0.8323139434219385,-0.7956735721408812,-0.3480846864362201,-0.5876357693595102,0.42949324290852214,0
0.189370892112319,0.534646551547812,0.5956522670331893,1.6378174965029058,1.5085985271912543,0.7303760183996498,0.823575694750499,1.6069589190536546,0.5657076220818511,0.6546342876447806,0.9955175644049677,-0.09210087018544572,0.6679908348609537,0.4646638303080736,0.2543914380224364,0.6035707072940939,0.07030515868838702,0.03244160000639991,0
1.0990848324247882,0.838114230128002,0.7782663795504544,-0.9135958226718344,-0.9583453443080829,-0.04943063620163469,0.6430341582520691,-0.5398373457126225,-0.6250888995030657,-0.19294212642724648,-0.17483406112386138,-0.17299726242033112,0.7506504612779135,0.8102100763989201,0.844289556932142,1.099826611455239,1.0868698783886968,0.8375417665625097,0
1.404379178274581,1.36628343240761,1.387772989453682,-0.16565224491710115,0.158133803844598,-1.0259521911380496,1.3072440041368911,-1.5813443691890974,-1.415725116795019,-2.3614405688222657,-1.3973822215668574,-0.12642010397868958,1.3810928073067363,1.3768688210964772,1.3327483089763634,1.318015067685687,0.9896098797345623,-0.059325124103042,0
-0.29635061599541657,-0.11386897715362897,-0.0677832526481763,0.8087812181971252,0.8551209962075474,0.023155480031586316,0.0249438782557211,0.7030163689692353,-0.05536736247099601,-0.06660268224878385,0.27241333817453384,-1.1745763381420966,-0.18809451722673654,-0.1409439153934095,-0.09121768540830975,-0.6056235993307296,-0.5519246679806027,0.08052699084799372,0
-0.29848310649088866,-0.48201254463974696,-0.5277603351434837,-1.3197287187292945,-0.963857021614095,-1.3599212851053446,-0.7744548690922377,-1.458512145261994,-1.031298715005512,-0.7623254636370443,-1.239773962581693,-0.33500818096168655,-0.2157240113984979,-0.40100562675571144,-0.5686456455916645,-1.1050935333829974,-0.433518223301791,-0.36060984567154464,0
-0.051528742925082104,-0.08836574973804377,-0.1257689047341207,-0.05382494836744957,-0.1960047976196324,0.42466892429980857,-0.11085345022934671,0.10177015504830784,0.3216665371531534,0.5532472585520386,0.8471341050432802,-0.34398554813452936,-0.17664354341520588,-0.13196998577407984,-0.08490174302119505,0.3976332787121678,-0.39172436290112783,-1.753293593311635,-1
0.8175529281969037,1.130751434686962,1.1668150657569474,1.1612915761261682,1.1889090715423793,0.1525033122466187,1.2494066888824031,1.5386986890030945,0.46786081388662487,1.5937458066833303,0.6505333120036352,-0.19953171001686962,1.0255730987816067,1.1487250379224658,1.2345011910888397,0.9122319692185523,0.20146670060605543,-0.14649420840116845,1
-1.5271625861654154,-1.0687786513850224,-0.9778596437291545,2.1659607589897947,1.7387764570842363,1.75122784007249,-0.5881120879431235,1.8173614861559673,2.5134809032297905,0.8451610409167515,1.4401334655673386,0.6400809062850958,-0.8342050910033151,-1.149457938900084,-1.421111287354767,0.051223678492065605,-0.5411203895043818,1.5115123759935178,-1
1.348019490250963,1.81065765008441,1.9290034515661794,2.021481955594371,2.4233702581573606,-0.8186718544971306,2.0710194586595754,0.6263877275744706,0.03800379576908885,-0.5532637754937406,-0.7973702274050692,0.6249645808546532,2.01412216782308,1.8099348177367525,1.55971566864663,1.1397763258156939,0.3191492772967835,0.1441922317853722,-1
-0.5375929213573277,-0.3082856864840835,-0.2446725463322599,1.0959293427661947,1.0957063373261544,0.22446413347848349,-0.09658481598654552,0.9444096863319308,0.25333213861936416,0.16802639211161957,0.12704641226031438,-1.2826463092041238,-0.4008073593538881,-0.31274562768295655,-0.2184339840752464,0.03326720082871552,-0.6423172488693728,-0.12694627799267721,0
-0.10434687961397845,-0.014386808590231719,-0.0002184831444796271,0.29078575883045266,0.42585005561962347,-0.35448016754922507,-0.013027032767253059,-0.20757313718486087,-0.11025346715663827,-0.8248296192223229,-0.5776554914711859,0.03578338657415215,-0.10360244379458566,0.01864558438027543,0.13640443728068555,0.084471749845183,-0.21333961083179717,-0.36349541080191156,0
-1.03877534146139,-1.8477658483455988,-2.067494056332143,-2.7608981815126183,-3.5779391238237332,1.9397760644060569,-2.2037962055675364,-0.6938565160851411,1.3869614535190256,0.2311375257477787,0.10600729888746495,4.245515762138386,-1.4764629935561837,-1.9828393611598834,-2.4152145477361997,-0.4235507333747364,-0.5324691970896895,-0.38023919511239346,1
0.7269966767434223,0.5249333399217468,0.49744387976506454,-1.3654725164887807,-0.8042992414024969,-1.998335515363453,0.21305378726981408,-1.9055556952607715,-2.2502447903769776,-1.314630510666492,-1.5936190373481045,1.0310819574302084,0.83816746599316,0.6223106497377799,0.3953293662190201,0.4950988132973341,1.2239139174202536,0.3396759278883504,-1
0.8509117949489393,0.7783305942483721,0.7797501529393673,-0.21373559866621566,0.011711573126883567,-0.7344459443124233,0.7153634147554371,-0.20283448122828038,-0.6954742646085667,-0.8452535715589887,-0.22324902336739594,1.087751276958081,0.7144216698525149,0.7740363985714281,0.8092209746303259,-0.5583119333259863,-1.958337819580914,-1.1783652183239872,-1
0.3530043467092901,0.2119545616545639,0.19543445746784183,-0.8398162400295182,-0.49839107432401697,-1.2176603841033498,0.03981898139569398,-1.6901918781581717,-1.5560904648697036,-1.3024380512210334,-1.1463500086170721,-0.20253222717605487,0.21898460041241705,0.24299622471574092,0.2591673865500501,-1.576917809611974,-1.5680504080135975,1.0286441876487813,-1
1.8413190983280563,1.8159465840970126,1.7897380128493618,-0.4096974986736926,-0.1081538832895679,-1.0076304320615745,1.6390712108061383,-0.6640855994598477,-0.8151785238737335,-0.5474887589863495,-0.5120412148012903,-0.38882345005361124,1.7782159717698653,1.8297331747619223,1.826386946175179,1.537265976973823,0.7944169787687886,0.01142570032219392,0
0.8505690810443277,0.767614620374975,0.7715230987381506,-0.5884268465368611,-0.19006517137274065,-1.3407901818690622,0.6289098876943998,-1.235689124764618,-1.3605666798077807,-1.2568816805874639,-1.253439017323002,0.3051788499894889,0.8309573145473693,0.8092849333814968,0.7647820717243359,0.922633965991624,1.0592865329119436,-0.9741017257804145,1
0.6239117567267118,0.2238215571079334,0.13877473623913045,-2.3271882236327257,-1.7785849111003946,-2.156194698028077,-0.27149371743363915,-1.945200710386756,-2.4367419859549178,-1.021353442597116,-1.732889514648515,1.514365726393152,0.8582567248255999,0.3529049021404555,-0.14639133978044716,0.4337454309643729,1.1244182981814272,-1.111484226926898,-1
-1.6344743836391695,-1.4603578133603914,-1.4040145567810198,1.2966386785403365,0.7836473439444944,1.8366437227726529,-1.077247562877971,1.096313384776169,1.2438951664466675,0.6049090005075877,0.7641634308143902,0.28554207471894794,-1.296712133840547,-1.5710519362558788,-1.7908552257466257,-0.05615700807909876,1.477577931920188,0.4121313851539881,-1
-0.8682491856508852,-0.8027172974621686,-0.777324714835903,-0.11813546431033775,0.07676341928897328,-0.6213207251944519,-0.7992965557384996,-0.5825367108182172,-0.9422841137094721,-0.9988720649460713,-1.2366635245030841,0.46085400382875946,-0.8528046920676003,-0.7694032653547201,-0.6663239897782239,-1.8802188823014805,-1.2900858748936506,-3.0976123238465303,0
1.5714018862842674,2.0039150523106,2.0686376037381193,1.7985795374751055,1.8694234278437678,0.1501809699386561,2.2035680518066196,1.5570019698074657,1.2911084033844544,1.3021447327408995,1.2347832807788894,0.43443817263106516,2.0499237372579384,2.029937208248055,1.9515749072410662,1.351314501007567,0.41312774682474,0.8685448719118715,1
-0.27453029246647387,-0.11247298292455836,-0.0771959931518424,0.9203927981544652,0.8089508210349905,0.5294118343450467,0.05794747804526419,1.725832142733705,0.6887489802630027,0.8567196914813884,1.486210893018583,-1.6369286387498685,-0.1768548828061801,-0.16231516377436236,-0.14352552590727677,0.22594563614796678,-0.3087667773077619,1.7372709996357893,0
-0.505985843875853,-0.5824460020802369,-0.593059956297979,-1.0454956329954688,-0.5437408332168528,-1.7509317716433588,-0.820164258307247,-1.3132734155904078,-1.3126910176827342,-0.6996741708584994,-0.6452518860117217,-0.5543695313943007,-0.33322960935105356,-0.4853800180969035,-0.6185053321081185,-0.9288965599994297,-0.563842551769755,-0.17980741782308843,-1
-0.21965579971640567,-0.22705120714257404,-0.2588353371823115,-0.0956144576955932,-0.32181668666248414,0.6735925136623541,-0.21524990100838906,-0.33080052981742686,0.702074418327105,0.1779695997731969,0.20490348676739994,-0.10450437746721453,-0.2696585974564861,-0.24890987718220373,-0.22159394013247202,-1.6563182041941973,-1.232980112334969,0.0025231309305272635,0
0.37905176559577725,0.1244720902974817,0.056792504287419394,-0.3251661381216629,-0.8836663391271489,1.6449286953931652,0.13991473356895193,-0.15725499013062036,0.24936298823332975,0.4367047507761519,0.8705396941973311,1.101559483975998,0.11528544205385693,-0.0363087013941672,-0.18195260426866883,0.4773049645046499,1.3889011716515887,0.7096739011417037,1
-0.21950344368760083,-0.02818601205559112,0.027035712017494554,1.0023407677232417,0.9761780885688971,0.2848369319037425,0.15090668978145894,0.8783400063240333,0.2505178618176028,0.6839222472479238,0.10591571268112165,-1.3077912300254564,-0.09314008098180315,-0.04953855711241523,-0.005904455614109344,0.27881804268556826,-0.3077823343291149,0.8808504950164123,0
-0.3022151464417162,-0.37410330882041126,-0.40128800598661996,0.03732834847013024,-0.2844549355412995,0.9936126230558252,-0.3199608002238796,0.3836506404396142,0.9303152872167822,0.9727831130222117,0.9415759750257179,-0.6021018784632939,-0.4587692550924078,-0.4131252685027195,-0.3569432483955529,-1.223517772515549,-1.0963918539398445,1.1388089020855428,0
-1.218897878821922,-1.7783337834518755,-1.8725085325590378,-0.8888376721936924,-2.0550381177389183,3.3919123585980824,-1.7103237662552644,0.26185126005404796,1.6712077879161016,1.220946027743415,1.2904912023791477,3.175715290069435,-1.7434919242048736,-2.011704271511156,-2.21276583508795,-0.18642950534448083,-0.5162205227459233,-0.4534441300933654,-1
-0.7754080295663243,-0.4981270671088244,-0.4176282232568592,1.3147573795766965,1.3054688744016762,0.29692522953805583,-0.223907348579335,0.7164788295621969,0.4532352342653164,0.18704188040903802,0.2897591497137684,-0.3223974700104408,-0.5106351734541674,-0.5055484464458205,-0.48592697097601806,-1.2275148380196923,-0.7461057567611185,2.792521017086806,0
-0.7709906489664737,-0.7794233338575518,-0.7569016429952168,0.2731896159784001,0.029379252303359197,0.8028534943016457,-0.6606073441234219,0.48220072404847547,0.7397831788074037,1.2433030735599657,0.9823710143083716,0.4553639762088572,-0.8599852271986121,-0.7603367296745933,-0.6417985684821382,-1.266031209649448,-1.054438452404142,1.2959736638839754,0
-1.2749529855282296,-0.9007292233981203,-0.8072571351832526,1.1202484785592932,1.418446590700788,-0.6849754697359819,-0.7126839906577898,0.5560482775020954,0.5352944716485752,-0.11857150100628457,0.13908512363757686,0.37488037451342276,-0.9259216372771407,-0.8103878703909151,-0.6750220778906232,0.12659898247968507,-0.6021141034816211,-0.21917222165663153,0
1.2910124634253213,1.2779203928873157,1.299749751188879,0.12139800279114756,0.2964420825742944,-0.5115717450401743,1.2664284458264556,-0.2710600494260284,-0.6275767318579715,-1.05911087940187,-0.9568646541700107,-0.5655382125051707,1.1864220016966736,1.2845381080463958,1.3421379568630842,1.3136987870247725,1.079717083086766,0.5787079118863336,0
-0.94387782931566,-0.9367628032477016,-0.924861296480612,-0.4695925401433273,-0.16342323586036633,-1.0340343432442758,-1.0165275560117182,-1.0735105014673076,-0.6685778818025279,-1.3743443412039424,-1.105231050084795,-0.641105354324595,-0.9078265566794617,-0.8621040850204905,-0.79279190947994,0.02956893071282979,1.4168423867535533,-1.0160026316808282,0
0.030230923496100816,0.14421651030922694,0.187066736681944,0.36591174319801406,0.5976551667649388,-0.635378791358872,0.17999109808487462,0.25551323738787063,-0.22225830310902012,-0.21687348916228238,0.08599131666780258,-0.45039919904468007,0.025580310989772793,0.19720097480639168,0.35754680246636833,0.2911750239288803,0.023787407773064966,0.6472100496099209,1
1.8200319046863291,1.9277838661599327,1.9640898082227343,0.6072452661400187,0.809697658415748,-0.4963482893682077,1.9773223522228207,-0.37022267258979846,-0.7552037165569829,-1.5101846419437313,-1.3956719470716394,-0.48197368865352963,1.9061976641140388,1.9103143879726279,1.8587551850496968,1.6017776515644628,0.7383875754299598,-0.22403365630764663,0
-0.9360331644026931,-0.9192026021153121,-0.9017074701298936,-0.4060525364416171,-0.08009716083506135,-1.081687315448858,-0.9857460790300667,-1.5261430126044355,-0.7520666800092458,-1.701203876628212,-1.702174425891269,-0.6413337100839354,-0.915865965296096,-0.8498920136724049,-0.761337292065893,-0.01113996146988153,1.3829869035272502,-1.30458356641662,0
-0.31451519380153425,-0.1477866788992327,-0.11094753957607038,0.8363872237408466,0.8166874251189886,0.23114722431472098,0.0015343510926259234,1.069185381071204,0.5576204466268524,0.6757767305828077,1.279023400238533,-1.120023571239405,-0.22469623249488535,-0.17452712924661745,-0.12090341404920937,-0.5684997308946447,-0.5766000582719194,-0.201310578931329,0
-0.0970353881683312,0.04689792293770075,0.08877051360372057,0.04161143232665793,0.637213460445732,-1.8165138625135835,-0.009964785761650378,-1.0292231853210114,-1.4954077643537182,-1.7977399364597837,-1.0622217165246821,-0.2877387104858169,0.07461186784650763,0.10792322665541758,0.13702115157250525,0.16926535951245492,-0.25241737146598975,-0.6798964902740149,0
-0.039799798246082256,0.04114885536005991,0.03984641620490642,0.8210827279361985,0.4261320846589454,1.3778449289585273,0.20261271580153414,1.3562973731560708,1.4995085654842402,1.032963369498889,1.2770549616953355,-0.429115654189365,0.009205566468916106,-0.021876272687490365,-0.05131850598242135,0.28339134155528023,-0.03700973098033186,1.0694867762356834,0
-0.6920870770173887,-0.8046786779885464,-0.8350117204782934,-0.10852825831620144,-0.5084040038196342,1.2031163412325712,-0.7427987464586586,-0.3333261549740293,0.7256810987295352,-0.02316577717185648,0.016377876961832207,0.8095313677728072,-0.8515492429814843,-0.8696903001136885,-0.8619591059568027,-1.7349309791337337,-1.1462943713081133,1.0942337574136596,-1
1.238498908053734,1.261849306603305,1.2477611774626476,-0.024034836252036285,0.13470169431059392,-0.4912993890632114,1.2075323266436637,-0.9038090094154715,-0.40024823684272953,-1.1287595698339936,-1.699024371107904,-0.7690638812550681,1.0866359854647205,1.2545629307859687,1.3805911587013395,1.175132425720415,1.0028356920393036,-0.9429076710192179,0
-0.6269687477016715,-0.7095931343258929,-0.7257488126631666,-0.615595197677962,-0.6492393069958964,-0.02260965969110321,-0.7840755604550298,-0.3239223787283723,0.48096103524730055,0.1165379192521366,-0.7370501205843496,0.561589972205463,-0.5058536715168559,-0.6319249095658752,-0.7355522366216944,0.39829192042924005,1.1273038375547315,-0.4445875797116934,0
-0.30636597662465864,-0.35688160275702246,-0.37430598661508585,0.15515879056151632,-0.12614047463020392,0.8936238643239388,-0.2791270127185293,0.25670066133429437,0.5715894494352518,0.5409271572677323,0.8511073642054371,-0.725425600751984,-0.498116023680039,-0.42163673248917144,-0.3353675204465172,-1.2435058087810675,-1.1136774206822329,0.20811282244537363,0
-0.025862228637307354,-0.06565916371750732,-0.05125883942367164,0.15329064977219134,0.044164026903018516,0.3656805669786961,0.012925224853735172,-0.0134117537096438,0.15392562485975064,-0.09581548379861388,0.13415779854195617,-0.46901019094135377,-0.240964024185119,-0.08219662794819985,0.07383450414245217,-1.6584726981374198,-1.2111135135557376,1.1719494366014738,0
0.286591310736129,0.07409752462909823,0.041953681829100045,-1.2862363764212636,-0.9365184629656421,-1.3342263103491625,-0.18813109490896623,-1.8925567225855355,-1.5877248720539894,-0.9740280315445276,-1.5329696139342381,-0.1819527932977429,0.26817206035456514,0.1446520114685275,0.020914277408161687,-1.8036046401140158,-1.6261200062578174,-0.2943566653572323,-1
-0.5166485287804152,-0.3788456908125411,-0.35418140714354607,0.35044359802584135,0.43715018336501305,-0.194123459662998,-0.34360029861065694,0.6951850837273608,0.35310481304975383,0.8122421065196792,0.84553609277309,-0.8464958067837837,-0.5254621584354735,-0.35447034007469996,-0.17869303213841237,-1.0766731745460791,-0.6688372680270027,1.2609312529036472,1
1.1253987000412835,0.8742014975968145,0.812061934314708,-1.0721453124644402,-0.8792022732194682,-0.810129618182816,0.6343243749988643,-1.9261484022269153,-0.9008113645131891,-1.5079736213109316,-1.4496679830572348,-0.045448109774981794,0.8569849336156329,0.8650718266964531,0.8477453730956356,1.0148219280583266,1.0256400041018006,0.03239348873512225,1
0.7548718595410695,0.6517038715063622,0.6223621943503747,-0.5685217651324328,-0.44087861153995117,-0.5072050689103663,0.51514595240957,-0.6894012714799137,0.1401121844098076,-0.7603755217388148,-1.1304218962724908,1.0430595262319253,0.7094595086040617,0.6973408636761744,0.6653380847456403,-0.5618775791290228,-1.973841699589228,-0.39160353923640717,1
-0.2406002068200192,-0.11882052050037784,-0.08796059590542832,0.312889551984591,0.49152261415146137,-0.48346772164846885,-0.09339555604142698,0.5841639170123396,-0.16960381240269287,0.1701481669020316,0.14468868144163613,-1.1555065521509675,-0.2937603070201124,-0.07257480882273415,0.14357936078749473,-0.6743036154430492,-0.4835601806310546,0.24267031140741233,-1
-0.49067727338163153,-0.2991363540287716,-0.24228426908529432,0.6216230054712031,0.8604729535669601,-0.6049398259920407,-0.20539870119992718,0.568800788745042,-0.3992839227714112,-0.17389282308081586,-0.37718731815118367,-1.446968025026883,-0.4230312705396008,-0.2656550928485493,-0.10563614647159518,0.01673145981448183,-0.6660447943390055,-0.44553520409293274,0
-0.08252652703163657,-0.28129668182777695,-0.3522496121729275,-1.1909644752279316,-1.2518668563673498,-0.05657260679065305,-0.4793583987817846,-1.2622214904384879,-0.7001060276433804,-0.9212699344906612,-1.3480890883798047,0.774947333459163,-0.1565853295742833,-0.25806887775535137,-0.3487723682191248,0.1667332040342138,1.2279288517578564,-0.19484680433650794,-1
-0.08900030727275776,-0.1034456695325468,-0.1250400724962628,-0.49460111259193423,-0.3394736320553538,-0.5763269548052792,-0.24945325114984046,-0.5410247695904217,-0.6596778325408639,-0.36802309916143733,-0.43577780566322,0.0628363951227951,0.11863955232609254,-0.022708880228002725,-0.1588332969240559,0.2606193407273443,-0.33663654533041565,-1.9529946108833915,0
1.2921168122069597,1.2838455097498012,1.305404335538308,0.17499879818723324,0.3371410379838838,-0.46109375124466434,1.2863008271804917,-0.5128042569723975,-0.7431390616197083,-1.2966622166235189,-1.391324369899701,-0.5562520584092088,1.2149136549575243,1.2712158580190158,1.2887392069373393,1.2622838935561111,1.0480642464916292,0.30517233342174427,0
-0.7382792372300601,-0.32509338574728924,-0.2232309321258023,1.5281216797410506,1.7259138122535282,-0.2940323047501385,-0.09058585720756746,1.4463001551685166,0.5845451847469456,1.5507884318748155,1.3248272243447203,0.018817741683392005,-0.31276516660573384,-0.2839733057465099,-0.24785443821847325,0.2656868813410915,-0.4182013801550548,0.3712795760096082,-1
-0.6266260628504591,-0.3748231241001278,-0.33813082631345937,0.6354067075827666,0.809123776975371,-0.4025487490608062,-0.2844927454991514,0.7207718086305539,0.3307549262339613,0.3732192055327944,0.27449959230768445,-0.8280128459589551,-0.5234658044279896,-0.35613555515572737,-0.1838531777569359,-1.0831266548564746,-0.7968370313291734,-1.1937363848713747,0
-1.1284557927031433,-1.434691519282718,-1.501002386688927,-1.386995898990747,-1.531814603360053,0.16053093144241648,-1.6498398552933564,-0.5311252227881568,-0.27259257743201204,0.12951679843333475,0.19333135986026337,-0.20167216840060823,-1.2141476488482699,-1.3896285460086413,-1.51903975318032,-0.2695870331508065,1.4054897574901533,-0.18684492135095437,0
-0.29734074133554994,-0.14501891439743278,-0.1184022388687317,0.8767339602606408,0.7194667156700931,0.6609122530885986,0.01854189651898382,1.6060410112880548,1.0181105883381079,0.7647386634268415,1.2350977624698927,-1.5641098268017384,-0.23065762976650292,-0.189977377615401,-0.145086923927866,0.21969843717256052,-0.33131456310722757,1.822701607749924,0
-0.22685308224725004,-0.24763473298047262,-0.2739551210217459,-0.2079653058826385,-0.2655785120007221,0.13407017736310584,-0.2615762147913789,-0.7005822516247943,-0.02434330023821885,-0.5435776841257641,-0.45713201427472827,-0.08273786413217224,-0.30482669120118594,-0.2727789128927545,-0.23383473303158156,-1.6438831902640634,-1.216695354541667,-0.06589943485906563,-1
0.4411996462575922,0.35108358718767385,0.3318987966592359,-0.28697546937978186,-0.4025533264319836,0.2955489359274825,0.30478874352984486,-0.10010132223338712,0.0629381194681885,0.4580503815688436,0.26102306689310395,-0.3190212426043217,0.23081398146842594,0.3586407606149206,0.4719127723234063,-0.9796265577629292,-1.6482885814291692,1.0161870759387992,1
-1.829143871143597,-1.5168240491002705,-1.4649327506092764,0.7021592540478186,0.5206876288852986,0.6994310829385537,-1.2852914141639675,0.8510856012693125,1.2647537026911846,1.4022650378736132,1.1818044744231837,0.754229744601169,-1.6080361005023571,-1.5101765798853795,-1.3715677981357897,-0.22373402622242008,-0.7040177469010451,-0.5602492949461932,-1
-0.28584031617305844,-0.1309181295235161,-0.1000512768917627,0.8827354556503693,0.7647171291910154,0.5418733624468084,0.03263195685583926,1.4160603539988876,0.8735390593098306,0.6306305662171267,1.0781918026006172,-1.6286066483413515,-0.20786544856585076,-0.1782278777760276,-0.14436518848822108,0.19995429212179472,-0.3264523117829998,1.7665063606498967,0
0.6629446072021401,1.0324339413891377,1.1031662045041934,1.2886912307805145,1.6070117264037853,-0.7122385715624429,1.17437462154553,0.4725487961281454,-0.2756683421509524,-0.796174863585726,-0.18583171346342872,-0.33298731949729016,0.9635683174930817,1.0578745748754281,1.1183778997531382,0.8104424444680325,0.2329836442957455,1.0076107939208978,0
1.9853028670055575,1.757423556906249,1.6809054013601803,-0.8439809209812854,-0.6006301665336052,-0.9179966243764817,1.4841633520324486,-1.2459126373374732,-0.7182126065848224,-1.9886994077249753,-1.7384940707035834,1.5292071514463248,1.6948060639353206,1.7170490329929946,1.688650081976321,1.2870477594566039,0.4915468056809307,-0.0630925601292681,0
0.036666600203321534,-0.19827366533751764,-0.23875463542249514,-1.4528363317418485,-1.1204745966659997,-1.315062974631492,-0.4681219334934493,-1.1105383992323838,-1.3830088773983489,-0.8070747373962914,-0.8635358105894801,0.29689528227877615,0.11878644428971043,-0.10134727192695588,-0.31142677787381595,0.11861381116574689,1.2062669128151642,-1.5215213945003119,0
-0.8775028678230001,-0.7696405306094629,-0.7316493332615364,0.7738392158392075,0.5402429449843585,0.873785051384882,-0.5651610793875435,0.8468744823007871,0.8188783586992164,0.6438515761971961,1.0707264905828184,-0.11087415373930629,-0.7929581909920022,-0.8350894783500391,-0.8515799666922828,-1.543214981679448,-1.1173993975883867,1.149079710291507,0
1.2809210119418777,1.2554934538268583,1.2611424091330121,-0.011186530846045522,0.11237101118384993,-0.3808823579536921,1.2089772407670205,-0.3443067677253098,-0.28544139548595443,-0.425295399809445,-1.114852281023642,-0.6659862906755195,1.1677073130693367,1.2999881799554598,1.390200488356794,1.22152676487941,1.044781632094325,-0.17708403606889336,1
1.7838169725155988,1.799023217052714,1.7974033385560786,0.422694223057282,0.3139365976068636,0.4195601587293701,1.8465812208365449,-0.1221851130692607,-0.14962289754406,-0.29149507299696814,-0.513462716453071,-0.07612465446498567,1.6223910079275632,1.7694129253770423,1.8602416603819742,1.643453982371776,0.6892861183858098,-0.02099621315009679,0
1.6040371635863782,1.2918556277133373,1.2353633491447964,-1.2669297721860815,-0.9976643027145438,-1.0837661368588896,1.0130149633867025,-2.0952785764622366,-1.1255095017573893,-1.489910370681073,-1.3933454511230745,-0.1748342133684414,1.285406509939794,1.282687751427663,1.2427622124770403,1.3766997112928459,0.9041935421581482,-0.2140607143047461,1
0.7949328953104342,1.1035057838889748,1.1435734404400122,1.075025720661054,1.1754269104508426,-0.08813129793477915,1.2019689641615072,1.344760160692908,0.4708004450207374,1.4060560293367,1.036348648946699,-0.37682379147105194,0.9839620611148777,1.133274930721456,1.2448165675273917,0.8620146535002463,0.22973274595055693,0.23670809116548358,0
-0.907967551095737,-0.9491937114480277,-0.9574363642229631,-0.6863674399368702,-0.49630533903194124,-0.7225289672625421,-1.0664454693065168,-0.6018984172197502,-0.9100721631261742,-0.7046705157704872,-0.776524842351035,0.45285273382951335,-0.8061148365213642,-0.8668223002925685,-0.9003665498995127,-2.1953455013404706,-1.400349297451583,-2.4240948599578735,0
-1.5188989566999358,-1.7889078309035251,-1.8252964379642562,-0.9051412995552616,-1.1556811266256402,0.5828669265031083,-1.8470223652994586,-0.3856905528647819,-0.21916199677437626,0.5448928701050793,0.343972989258532,0.0869697157652657,-1.872109822487249,-1.7900365423970206,-1.658567288363979,-0.2697078848420124,1.3848126380423265,0.32571737366742265,0
0.028593430300545855,-0.10729742329698974,-0.1278323361893583,-0.07630650543662126,-0.4750769283062977,1.2063089210097717,-0.058801418433645995,0.7748188345849286,1.0273198550108662,2.1948363492148575,1.4726384240271024,-0.2578011115346835,-0.28472787652957215,-0.18239105664637237,-0.0780553290773173,-1.6088025488692979,-1.2524698835669443,1.7314487738430056,-1
-0.8464288475952428,-0.7774412770453288,-0.7480159039543586,0.041622223057458135,0.18785821060121377,-0.4395892255883382,-0.733948838004557,0.017522177773322233,-0.04420507752251354,-0.024425361641872034,-0.26372172820776457,0.7512553500126677,-0.8503287028827634,-0.7624646221401636,-0.655268522520033,-1.592011352383653,-1.1107849423394192,-0.4701921390952586,0
-1.630247404495226,-1.6036234687160047,-1.5909046058969836,0.7814769307200465,0.031370196696990864,2.4580072568257694,-1.3066562289654553,1.3902698239516507,2.6732761852367672,1.25029598951851,1.305734707735192,0.28731430151764253,-1.579193167328452,-1.6965957212515324,-1.7608786033920154,-0.09691965842789822,1.4671616244516883,0.8112938676956643,1
0.027527185052809135,0.14120156474971102,0.1887613608976362,0.37388746907475584,0.6484553960089355,-0.7649706679250531,0.17920392258623144,0.08769436518009617,-0.06445010090606786,-0.6778727315390056,-0.25503538755578486,-0.38042317252896757,0.03534538020484808,0.18961468912930618,0.3333899626063907,0.23935017235255077,0.004644002544980558,0.3277840003998274,0
-0.8567868494955946,-0.8646902654612535,-0.8453286499923115,0.2683121066714996,0.03870335684104651,0.7583417468936946,-0.7455345286183426,0.8411147720624512,0.30015353517205906,1.93397623411373,0.5831769374275355,-0.5776058319135942,-1.0513385337322356,-0.8921715860061619,-0.7122035187311272,0.2857158613261305,1.4526016902488197,0.09227467148624817,1
-0.6338994652889068,-0.4344932359563171,-0.38305111601180547,0.8951495572565633,0.8245929934035422,0.3989785380755864,-0.24910687552354716,1.6083884281176684,0.7333645649436034,1.476218296545064,1.457235840871253,-1.3513116699537986,-0.503440313436202,-0.4651190189791324,-0.4145115265131938,-0.013317063013959058,-0.6203243721136619,0.6839920325589981,0
-0.680091596448179,-0.7960014943338006,-0.8336770911159215,-0.0524029016958233,-0.6076044678296091,1.6905174737833064,-0.7203005378295833,0.09002361674460532,0.9038195341107769,0.6058271973904006,0.609240714183358,0.7394797991117252,-0.8452881854546141,-0.8651570146276523,-0.8592296143000976,-1.6485181651692875,-1.1660537561144717,1.2729882642608485,-1
-0.8204577084100587,-0.9154327019602678,-0.9266611836616756,-0.13422409842670371,-0.3324377219008076,0.5799475768448769,-0.8716434834635428,-0.32126344827617087,-0.051821781184272386,0.16081430295835605,0.3422361271484382,-0.20906759230305275,-1.1006507846104345,-0.9512891565267813,-0.7790909598905393,0.10046355406649767,1.4434388671507852,1.0896967578943433,0
1.7207931318483534,1.6773302988950471,1.6570053223152168,-0.3591341668415927,-0.19699611060740316,-0.5701470045252971,1.5404737885109256,-0.007812764578910312,0.12501436438345265,0.10700817095191237,-0.013224862212998196,0.41497202158828944,1.6973617640021625,1.7159388896056436,1.684024732803998,1.5741129283450586,0.6933109615201576,-0.28297281560836357,0
1.8815324755995249,1.7260284801700347,1.6948222928051715,0.0880347688858545,-0.14746670826157338,0.7395865911479155,1.713277238785364,0.24781609594971019,0.05171047419579097,0.601035315434454,0.7345830558948022,0.021650248165728143,1.5848549331838735,1.6513628552896227,1.667709511962493,1.6965952839223104,0.6731009947158276,0.2987989614807246,0
-0.5375929504107283,-0.37942959106207796,-0.32447736526155707,0.6602720011845606,0.7183691970888718,-0.04319544964788561,-0.222735336302049,0.6448235140565817,0.3778506139730075,0.2295291440773808,-0.2697418766925365,-1.1093071388887907,-0.46170207794679324,-0.3825950548405608,-0.29491810245446315,-0.6534042949163427,-0.49030656980833365,0.13682011989411239,0
-1.684931597476287,-1.6419406197911617,-1.5844071072592116,0.239814824951907,0.15092392181392666,0.3213430080205914,-1.446646466653985,0.004950057113195321,0.03614764936109685,-0.15532403950602094,-0.49949713105522864,1.2080026482454456,-1.7411719588932155,-1.6149043646534744,-1.4457597327355407,-0.25968261196152753,-0.694183142933815,-1.4937699968424998,0
-0.7136408501294219,-0.43375824614403113,-0.3754824987913972,0.7789471172304411,0.9156179384948961,-0.25972378639692456,-0.3065254031991533,1.1530681633190945,0.38246923598872423,0.9755685955733021,0.7230372923086953,-0.7649944135392512,-0.5583935160097422,-0.3850004478610268,-0.20601174704810815,-1.1813772045220174,-0.6997725447439204,0.8144934117768983,1
-0.26234439591465897,-0.1150228114843858,-0.06787987069950656,0.46213391022689143,0.685683809828918,-0.5906247831505443,-0.05773179359494831,0.2573655471787065,-0.1978221349310292,-0.6011804080525539,-0.40918710716451767,-1.2984032714278475,-0.28992257030825586,-0.0770155235399177,0.1312565980344469,-0.6133958216301636,-0.483065186884749,0.9115400251176163,0
0.8057098327099008,0.7820278748812787,0.7594500760187011,-0.11696490714075544,-0.22067880582560453,0.29391097652803067,0.7480145270769506,0.18770935070340852,0.4238576279237447,0.3810252842641526,0.2508338277079491,0.18221533172544752,0.8300077331719186,0.8119679328326864,0.7709023569914879,0.9983614068036193,1.1760238401533343,0.5707511726711268,1
-0.32593945547632364,-0.17017928827070247,-0.13710422923838816,0.8556583150998043,0.7748792016389554,0.42223808129296564,-0.013869859147487718,1.0768672569071043,0.8308555675132876,0.6763837323411066,1.1648492083097286,-1.0623061430371328,-0.25173379169108556,-0.18794187945896262,-0.12074515969151442,-0.5746488941446848,-0.5887656775105359,-0.13050942656169992,0
-0.46443958377953926,-0.2876692143566005,-0.2532159320394656,0.43252263015940806,0.5894652256279275,-0.3925767940093655,-0.23647550821020424,0.5914029695579623,0.277116537416622,0.2295881300557923,-0.0584016878738419,-1.5697934882694733,-0.4333351265504236,-0.24446905658918822,-0.05459292985623975,-0.04364760784937788,-0.5432735534998753,1.0320164972846053,-1
-0.5272349775637759,-0.33485238491561115,-0.30177133607981926,0.38049611850557974,0.5271855172555738,-0.37178295461353755,-0.2683049870659987,-0.07669833386108933,-0.10337941293310163,-0.6790660539025791,-0.6890816713322694,-1.5609724323027176,-0.556882074515324,-0.2995159484244254,-0.041750935684623645,-0.6765364546205708,-0.5782153455188794,-1.059768159877003,0
-0.7880127744570538,-0.9221949126658104,-0.9493847404819974,-0.9171071942638302,-0.8590924533375568,-0.36503217168892493,-1.0539570845361041,-0.8762933069088269,-0.563392148246814,-0.38133209092859505,-0.8568757641565579,0.23514867218814423,-0.991416465561835,-0.9072516571753677,-0.7994256607817045,0.15296746712841353,1.3111487704275873,0.9014935812925792,1
-0.589725702870503,-0.8489203617673213,-0.917951072698246,-0.96177817266981,-1.0994796194471514,0.22554899807247966,-0.9994734706445046,-0.9155041553828984,-0.32529021913275247,-0.30035002272117,-0.4811220388901415,-0.5436994991660897,-0.9611168566735178,-0.8852329427916054,-0.7860606750954704,-0.8028644985404813,-0.7583295228500648,-2.1726928400022096,0
0.4001484706213959,0.32826395942937486,0.3115459793989628,-0.25449348714373576,-0.2282331778630284,-0.13243110125193813,0.2855191319489357,-0.8258475019552739,-0.03740612201179894,-0.8415520459013446,-0.9844574105540552,-0.46659575510582363,0.13130302648076791,0.3122904390118952,0.47835432569091196,-1.3451811495198962,-1.7056270140796115,-0.8039516607849414,0
-0.08378320278867941,-0.09435300104979323,-0.10651357287684465,0.007983419928509478,-0.07661836850829416,0.2608622520279669,-0.12157351574401055,0.46261993194021067,0.27462448907856835,0.5746695551837309,0.6519097744530874,-0.17202724079179998,-0.18921702599360168,-0.10005209287772988,-0.010857000507139966,0.12172053308967817,-0.09803590840491824,1.0329290690807111,0
-1.754543427299457,-1.5957685393595216,-1.5425247763429581,0.4360059450458567,0.3063828160583912,0.4862132313487597,-1.3866192903231014,0.30071417468177114,0.07588255645486389,0.5838274874896505,0.04565994888041849,0.7458562501860453,-1.6956088105285094,-1.5821537936327246,-1.4263602900206147,-0.24217870304524508,-0.7292036442908285,-1.4466275031508056,0
-1.2561409527064897,-1.6166918747276275,-1.6847403078867786,-1.4973362154786816,-1.5019648372842873,-0.29156241524973486,-1.828423743442799,-1.8723492594951134,-0.45089668528290144,-0.9719690192229792,-1.1693449576828332,-0.1175845005325996,-1.5704241840790645,-1.616107008225791,-1.6133260266066833,-0.3560328729653496,1.3200657605503257,-0.950473598884866,1
-0.44033444277971745,-0.32440209526785146,-0.30479178731998857,0.4435066822320025,0.5413012944206792,-0.20909596903637323,-0.2632528351083936,-0.15575713151492235,0.07876286912006929,-0.39279820815695493,-0.321416667995142,-0.6681415638228381,-0.4554074631564533,-0.32523534075371036,-0.18980979137647494,-0.876549129041127,-0.6551292718341102,0.6267931131866716,0
-0.4026724624494353,-0.5175072455447937,-0.5061781950289801,-0.820893020506368,-0.3905192810057503,-1.4863476737469734,-0.6655448168763264,-2.1865969849756697,-1.9390693943528423,-1.3972995938870094,-1.7303094263768501,-0.28351398611635875,-0.42401171838627855,-0.4582728759495411,-0.47810340379592503,-1.6773934889505993,-1.275777774871594,-1.6893645757166411,-1
1.8558660048918503,1.9371846603913478,1.933999451559278,0.4299517073784212,0.4161875244864602,0.12996845995355152,1.9391092623374593,0.7379796146045234,0.21431753863495107,0.5949294559307718,1.3158976760270342,-0.6980410100324398,1.8408086466730933,1.9631408518653863,2.024444334588707,1.6559442130228916,0.7905249334959151,0.23207880582263157,0
1.3091389376975384,1.2229078504635567,1.1885201840442523,-0.6423349339806735,-0.46181684509045673,-0.6842936184326646,1.055227162205509,-0.7866251323665212,-0.4760764330337238,-0.7857394085099557,-0.8994539023497533,-0.18129051802390772,1.3467961084558737,1.2852782859858332,1.1883768207085896,1.3680405834354499,0.9298284411086841,-1.171775899848275,-1
0.4089451573405944,0.3424616181057876,0.3243477472707342,-0.18155051283610774,-0.21846786943504934,0.0760488150078859,0.31655600468388867,-0.5718153090638817,0.11674834576928875,-0.5034998127453605,-0.48711317002542587,-0.40895907815201976,0.15342194602982087,0.3270004388573552,0.4854669212394351,-1.2659036902787273,-1.6524819862797353,-0.09560555497565809,0
1.932141972831948,1.6960434427031295,1.6328241345136163,-0.46661989661935,-0.7212760684183999,0.6850228868415845,1.5458871918570052,0.17135425014983816,0.011271626611184951,0.7132121835449968,0.906352935765988,0.8461789552782706,1.6229163988669628,1.6508077835959452,1.6298008623852207,1.624061244867939,0.6371173948514397,0.8380916704357027,0
-1.0030936408647753,-0.531850022174916,-0.44538304301295417,1.9290748087819165,1.885379698236814,0.527791194023041,-0.18541845536702486,1.467946312624818,1.9294092024092313,0.5547658954869583,0.8884468387854736,0.5020409061799357,-0.3816217332537174,-0.5790059807800959,-0.7531824535348477,0.24776290861537606,-0.48193558952975873,0.611801850394956,-1
0.8696475625960756,1.2120238259811742,1.2442578737763286,1.4786604133922074,1.3134397366241897,0.8081917279392788,1.4021564954212669,1.671992545899172,1.253684106492334,1.351017926598189,0.9503565403393739,0.035701179804293735,1.1858387189195276,1.1889693944353372,1.157429319121486,0.9090432556730874,0.21444716458861035,-0.10488668834667873,0
-0.06896977486137512,-0.0906189727850773,-0.13243319896643277,-0.14898728818746174,-0.30428284280286017,0.44542588067082683,-0.14279890139317258,0.05337199606424813,0.6940581540117516,0.7895638205056664,0.6856546447537819,-0.08274465962241186,-0.027860816284769337,-0.08645223641962362,-0.14063827577468174,0.344947567200981,-0.357784499922374,-1.62612652215969,0
1.2648509227842328,1.297717085013373,1.2850076338674248,0.5737707298789007,0.24535558905942031,1.1234712282807047,1.406588907957087,0.8619487432052959,0.7773532569480326,0.698910252254756,1.2306634680685842,-0.5508757980997867,1.2174334602134764,1.1994237152254872,1.1471218220358292,1.3577601676310311,1.0319637786400992,0.3419021011787336,0
-0.23298410500365946,-0.27441349297373374,-0.29779379136695594,-0.3704820016914069,-0.2906652757803344,-0.3202197072719242,-0.32474678226024434,-1.0376171308991509,-0.6744738239575323,-1.2161998939176732,-1.4936215179234644,-0.06396542347375829,-0.3293636797381445,-0.2968329842651802,-0.2567220993801121,-1.7249744666982452,-1.2297996426307598,-0.2914323922877851,0
1.2614236239444154,1.2304242165863348,1.189582540482318,0.26965988620726655,-0.19337830354374377,1.473878463129925,1.280426369139965,1.1298466385513886,1.2611224773076655,1.5350929257383479,1.461657120106013,-0.2819029635191287,1.0975458786297623,1.155756251905875,1.1784831869520347,1.4428724715426124,1.0192927910997471,0.3873659138037771,0
1.2920406341925565,1.1777788918418473,1.1307541248329949,-0.7753304508526758,-0.5871221398807758,-0.735014287969302,0.9837712873695706,-0.9065969228212558,-0.18684848055985998,-0.8709029624152823,-0.8391287998433655,-0.10130658317659719,1.2568740098256763,1.2203322509299528,1.1494887685824768,1.3525849023201229,0.9309242461215482,-0.9564328307115725,0
1.268849367884967,1.7688938915913073,1.8757154276841603,2.568064844223863,2.4808174447433737,0.7917188205316528,2.16469291696443,1.9329979309528051,0.6996082907926651,0.9515126360031521,1.2850950760486861,0.3698868486387896,2.075162741519148,1.686148818590979,1.2606697507116307,1.1809364323730713,0.3211989158263607,0.33314620315899696,0
0.860355864050259,0.8211953630427755,0.8234500494002339,0.06294676497232332,0.142077512856737,-0.22961476517013882,0.8225097053383444,-0.7557282289022969,-0.40817323216444934,-1.226907518741599,-1.3546120599237585,0.7401570573631002,0.7373731235841506,0.816593647919799,0.8695136371753349,-0.5483229159528632,-1.943730099585965,-0.5624480708063297,-1
1.2075010658403784,1.6854427183086163,1.7766640892838121,2.5598977214780407,2.3381421085513234,1.2022037413953015,2.089254194108097,2.207416467854012,1.6353777084715357,1.2067462922338292,1.4351182176623847,0.3236042803047909,1.9983892912221706,1.5761476056893549,1.1217119281309909,1.1782590465003984,0.2858096541375614,-0.12013961281138152,0
-0.7568245453144908,-0.8874463291941291,-0.9153872109166205,-0.912795730562492,-0.7878693655633962,-0.5691786798279078,-1.0212458600063634,-1.3681079601976618,-1.1057840627084126,-1.320790411732208,-1.34435878122861,0.28638366257299963,-0.9756456941213659,-0.8817173357999007,-0.7651854460070752,0.06602582283244897,1.305029623908189,0.8927440542300907,0
-0.4676384212096466,-0.32676168525089677,-0.30717123543351305,0.6112322042109035,0.5113476323167588,0.4308699279231811,-0.2299150136713618,1.1490235856138038,0.5388330172787672,1.2471643270134072,1.0708038871774512,-0.8215352952068115,-0.45821818485510984,-0.3209795911145115,-0.17883946440630816,-0.8828722770535067,-0.6340281347645091,1.6424960958539556,0
-0.048253785587370035,-0.11109605061405264,-0.1389833240627252,-0.17887068048067511,-0.18034189443971613,-0.03201608190327853,-0.1571442186672155,-0.5907744728154704,-0.3599471232186331,-0.8058579366992861,-0.43829942764434254,-0.35577573466554807,-0.2622282030146681,-0.16490555716475747,-0.06593050645090814,0.21024085469326617,-0.49865642470864774,-2.810524091311329,-1
-0.82578902180894,-0.91380181006834,-0.9208748924893126,-0.09948563825946531,-0.286341564113989,0.5522392926471088,-0.8637702611926972,-0.008409982825241158,0.2440838034991235,0.36331450894111733,0.7859136580256455,-0.26721862569117266,-1.0949832278552591,-0.947218442549456,-0.7766838884050119,0.13686439600519548,1.4645683502605804,1.0873106162386081,0
0.9624506442001365,0.8273092782412781,0.7933158351217148,-0.10498470295467574,-0.40620203311461045,0.9015362793266076,0.8227017981507577,0.838546840171808,0.6333301737316102,2.262395776491049,1.4863682176163944,-0.37734144005204523,0.6140571097788029,0.7599740058965541,0.8790831609839718,1.1623756962536917,1.1299564049751958,0.33090077879418256,1
-1.6449466380344255,-1.430937257141006,-1.353316744753767,1.2003737895560276,0.9713036451552657,0.9470116086366792,-1.0854450456005953,0.7542492653471514,0.7882773610835785,0.22580387564311996,0.5038874579900946,0.08684397093062024,-1.2645526949627197,-1.505828365353161,-1.695531468132218,-0.0515452658696842,1.5167483510438222,0.7652834249562576,0
1.8239923188866678,1.9229138861118478,1.9594186640696953,0.509562682120805,0.7572937268913049,-0.6550346927601695,1.948202237308342,-0.09313104770440044,-0.3695101835630158,-1.3289628753747968,-0.9281910157915215,-0.5137556199758371,1.8948748689180737,1.921046209317671,1.8905175095192546,1.6307892460458584,0.7350085630206579,-0.4062561740002516,0
-0.6708379578561641,-0.7191137934303645,-0.7147119403347202,0.5225328841205604,-0.0033096298566435587,1.7179548107348301,-0.5334575265666449,1.4785721097485125,1.5926705374295156,1.1096020721911946,1.2685441282651762,-0.9864643557063041,-0.7990453944360896,-0.80215383637547,-0.781839032911807,-0.27037486115847814,-0.5985390852983883,0.4389173460980076,0
1.0656117422312488,0.8237120389764315,0.7689591632687641,-0.6894122333923912,-0.8698734204864161,0.4121861633445062,0.6857253216070575,-0.6460749819765342,0.05585519407145403,-0.13906864229538204,-0.28530516998432726,-0.49875603240418004,0.7504632431586354,0.80882232658084,0.8417803865204729,1.0733044576301927,1.0853886631132237,0.5028548582168765,1
0.05700177203881316,0.25185212064489293,0.28210538800672474,0.9915276539362352,0.7274660826281232,1.0115855290411155,0.42481688884552354,1.7340618994552386,0.860187563155222,1.7500085075615346,1.3598594884801751,-0.04227391294747161,0.21966022501192933,0.25317293907516464,0.278242535638119,0.5167226188763214,0.11489385385993946,1.6877825124085897,0
0.8399445142003656,0.7706878304692006,0.7700216536845752,-0.4781629364293283,-0.2532259487574129,-0.7868768084668194,0.6565234453185148,0.025600639351497322,-0.5999531884355017,-0.30383378042524356,-0.060052210977549265,0.5953333895903706,0.8308802070689552,0.8091924331965316,0.7646773652933324,0.9909932042097858,1.1115349679456816,-0.2703040248339003,0
-0.5380499458636449,-0.7253607306443126,-0.7770174167794196,-1.06701973472031,-1.0368540601108565,-0.31030966331188425,-0.9045565575927419,-0.9167800694613785,-0.6340675387165782,-0.9168321249839164,-0.7214608257931435,0.4075576457332915,-0.5178350433621955,-0.668746159272006,-0.795340763854601,-1.8403562645046878,-1.2960027846166549,-1.4476026811081568,-1
1.6677845791768477,2.127068501919637,2.1823608584706036,2.054027138644443,1.9996905320121985,0.5859126328813563,2.3807984250656578,1.8805265776569935,1.4312613020557317,1.1062652658715095,1.3007630782918724,0.27933383021092045,2.218040618737609,2.1168094575027325,1.9572998487454336,1.4682378871543318,0.4067748853066581,0.39263253200873877,0
-0.0934177023993079,-0.08898655104403691,-0.093764438162482,-0.5535410355130089,-0.24007997195881187,-1.073519019607598,-0.25763613213898784,-0.15927522688988915,-0.7863765428307802,-0.04686367760979419,-0.21419589675380715,0.1705542859467944,0.14280280045270746,0.005693405676639938,-0.12715464563973886,0.23804414062758755,-0.2543887223329726,-0.414652089046286,0
-1.2936886950685687,-1.6415803070649884,-1.7055848837638456,-1.3057143099378787,-1.4772644201849272,0.2590369290512712,-1.80410298532546,-0.8705032783611341,-0.9464474484650464,-0.13170276977404896,-0.16806500417014972,0.0015061310196602244,-1.7049203601570206,-1.6651403292800073,-1.5782301908818788,-0.2674431658218106,1.3285503818924222,-0.7267280839000212,-1
-0.8011506782884006,-0.9234371862500566,-0.9521154480998187,-0.5954429047639219,-0.7980876367617764,0.49934760252765814,-0.9796867502213487,0.004381940495596603,-0.14785305998555215,0.6607007081215883,0.8581369047639213,-0.01093542753230605,-1.0041371379024093,-0.9150229785143268,-0.8021814782157698,0.18510912041204233,1.3686143796191244,1.022286467400395,-1
-0.31805675966295555,-0.8559969760359052,-0.9475497109382298,-3.009709694508255,-2.1566299944167313,-3.228520241245663,-1.4564095403769555,-1.3663566315956845,-2.6103105117610164,-1.1993801327532478,-0.6196171009193494,4.1064684732469106,-0.03655407449222647,-0.7080653727674541,-1.3373082086924022,-0.6049658952560891,-0.5232403957538317,0.367943748337522,-1
0.19637774413385858,-0.07934522316087256,-0.1488699505519109,-1.4506200775692377,-1.3593946544265352,-0.5757339535184336,-0.35741410431598547,-1.386884990267466,-0.5210322397396783,-0.5929773053260412,-1.076959187934747,-0.17216351955998083,0.20147151081512393,-0.010681809249847444,-0.2156747115208014,-1.7320621058399948,-1.5641451135111721,0.5604139755837747,0
-0.3102883018177896,-0.3517508157323877,-0.3627685767780548,0.17950337888071033,-0.06178763084325063,0.7760037807996282,-0.27032307816982815,0.2664046096512681,0.8045363082487655,0.49981026721780025,0.7973311456500964,-0.8016991514453192,-0.5053842357814549,-0.42385708984776255,-0.3326384466455078,-1.2111774604710241,-1.1246541862520627,-0.13184060086769964,-1
1.1703341263901137,1.0391225296026876,0.9865716392086359,-0.6581175828124186,-0.7284139210257544,0.0810152997359921,0.8690470041236985,-0.02257460362439622,-0.07089708662224942,0.3492100613797848,0.44400866602491373,-0.04532035329344089,1.1566787328698775,1.0740648247239308,0.9628895074694891,1.201832314877528,1.0102940990434244,-0.19914314648634665,0
0.5458839559359558,0.4231647252991723,0.39740907437277756,-0.33746602248454627,-0.3618654741337637,0.0058553320124199,0.36493395774862314,-0.514338588742735,0.11576187863129223,-0.40881572511556025,-0.6180381467720101,-0.11749466602409066,0.22683701687770788,0.39509193899730555,0.5464269515570064,-0.8266232117541166,-1.7897774932109114,0.01625053495164123,0
-0.6986750516466118,-0.6188101394161315,-0.5641373630640382,0.6838342172396247,0.604990808327228,0.3812215701436026,-0.4287617502949446,0.7813231863132679,0.17428206269735835,0.00618479882698129,0.3491965949226105,-1.1681188948471315,-0.6384014107331581,-0.6563490169701036,-0.654633584777293,-0.27173506777949913,-0.5482249088471923,0.3992642804609072,-1
0.24527357015632223,-0.008225278497179887,-0.054244000925617576,-1.5224355856506373,-1.1709712401823469,-1.3878077933368649,-0.31546919000982376,-1.8533157478837752,-1.529600045068121,-1.0542344463804534,-1.3342046363819198,-0.1237283954029133,0.30241803439092274,0.08562701171676088,-0.12665406478865524,-1.7931812859299983,-1.5994327279260516,-0.35667962823478966,1
1.9930713684308223,1.8629492995756556,1.7799479508204086,-0.4695031772468292,-0.4640088533037772,-0.11270454093085451,1.640645026701766,-0.10040350682687335,-0.028796306456855846,0.2288302829173949,0.5560608696152634,1.7311176225696971,2.0081235125979293,1.8684047457948416,1.678872636627516,1.390680480862999,0.5418862066497189,1.0715017337816022,-1
0.9606608385558755,0.8604206000985705,0.831791369871338,0.15730297999349713,-0.29057284165134506,1.404476313658873,0.9128923386983163,1.368462198421671,1.161432512935045,2.9052796361809228,1.4705786014733897,-0.29283515582215475,0.7055154002571766,0.7819002200953524,0.8330847845104581,1.2212378668279325,1.1712505939870248,0.9358023271972497,-1
-0.7171062089230396,-0.8305924253660135,-0.8480417763804511,-0.2510721974831001,-0.41559388618652654,0.4528510906168596,-0.8035377454414355,-0.3321809674182716,0.6115161374797107,-0.08262896575536657,-0.07057582163700947,0.7316596071696727,-0.8757658647230838,-0.8862506212859357,-0.8706288305150346,-1.6956167779770341,-1.2082234010906,-0.07654789931446616,0
0.44276106312564534,0.09562554169916038,-0.022529375110193244,-0.8327221745589196,-1.485961569956357,1.831584010149589,-0.002508218993842481,-0.17771050416837064,1.4310709098127548,0.5308778882578629,1.103676460515686,1.5944967036771993,0.18506924510233919,-0.01401245116356608,-0.20625893652552751,0.5068100714526338,1.4242368340219538,2.014201180372416,0
1.4656893622585667,1.4144080391317655,1.385314471024077,0.450374555635935,0.04607597404037501,1.3307924452237538,1.5187809895658082,0.3653152227382446,0.5351734215504029,0.37088958259849625,0.7678500283234982,-0.40223681305632997,1.397332047670661,1.3044290005484753,1.1765988390194395,1.5490306807477336,0.986890527633683,-0.1425952928596085,0
0.6883064820658045,0.6344839772128973,0.599120532189559,-0.2268263362747217,-0.34613129431561435,0.31925132767050296,0.5826033353638593,-0.15302082148647406,-0.06518197029359654,0.5508279941977173,0.6902990281894543,0.20526337753854437,0.40661134466515547,0.5897451143789011,0.7498189738350038,-0.4127851397031229,-1.877968371976634,0.3781443339830586,-1
1.6678606845577502,1.4024628093249634,1.3403676805276248,-0.8471126224542721,-0.7934140870194637,-0.33751431160597123,1.2107502803787276,-1.7327988432754264,-0.8547105087580337,-2.422687971739618,-1.4945388388269747,-0.20424526606000054,1.3032540141240119,1.3712252510553122,1.3971330677134874,1.4443792629304668,0.9193028032517899,0.3181727953656786,0
1.810473597616806,1.9268158124328107,1.9530704266889929,0.8784612468866451,0.838791299602849,0.300929853324186,2.0466328299174865,0.5684603840534149,0.3588781475844038,0.10436129200614618,0.5188011428365035,-0.500445232477998,1.9243401736659917,1.8608184954097005,1.7452438553805294,1.6557839803495513,0.7674296818730165,0.2821923132698908,0
-0.581842905370235,-0.35956609479700713,-0.300234701771329,1.113638306408493,0.9788135886142415,0.6405192574122273,-0.1342052094869213,1.8689501059539313,0.7950105719139878,1.2420795722436535,1.2350984148371993,-1.3858951409808968,-0.44359175655903754,-0.37547130538024315,-0.29863332438794665,0.0521883041893721,-0.6081742974797739,0.8305312850580371,0
1.8461173108931186,1.912594567402907,1.9213206484625343,0.3055132868603358,0.40329794176083494,-0.2372427076259777,1.8871180618620051,0.7450164362374092,0.10803755198889131,0.7618535535111297,1.349843371384906,-0.5541081370575107,1.8473428237009293,1.9613830660155063,2.0147134184760866,1.6514267559691163,0.7680326845683332,-0.019968605925915987,0
-0.5853464112778546,-0.3979528029812449,-0.3637256367563118,0.30624940761484176,0.6414645133417363,-0.9646135816898449,-0.3797278047889863,-0.690782493912881,-0.7744744889816404,-1.8835997188389595,-1.3905461936624208,-0.7578185037653599,-0.5359418415722973,-0.37778426879963145,-0.21374896432728405,-1.3356600157202263,-0.8265200453536513,-1.2910589660445444,1
-0.8455150019564112,-0.40403369476370815,-0.2993743234838329,1.6472091963777828,1.8496434362553673,-0.28393958597908414,-0.1365841392305773,1.0340116314121297,-0.17403358220086268,0.29276499580817084,-0.027297975707400383,0.15417179901077852,-0.2564417666247885,-0.4141429469970512,-0.5547110545571918,0.2494977554791354,-0.47035342975131816,0.033052690571707184,0
-1.4600640933296318,-1.0408335168341405,-0.9297520100622325,1.662683890438822,1.8238296137686572,-0.15426578937057986,-0.6935122379398293,0.3956494757206008,0.443745600618482,-0.2105918371368854,0.01573131428111395,1.299893690126588,-0.8209386371200399,-1.063973404171541,-1.2682258833010824,-0.04708312971938317,-0.548885388804945,0.9040277907609655,0
1.4372810350470018,1.428606010204795,1.4274163378744738,0.3984948347816293,0.24853114251283073,0.5408801579816754,1.5093402779087528,0.015194161310708911,0.24601825291546667,-0.1263239948925485,-0.17718803158774435,-0.5225085972709672,1.4335840384301402,1.327187892871675,1.1856385653706443,1.5063103371838908,0.9448113749688805,-0.7396357204242091,0
-0.2027478540872293,0.0011018841890861174,0.04386776159229006,0.6828675925907498,0.9525096622936777,-0.6867856328553638,0.06434839165418996,0.018557419596202027,0.048684564887185304,-0.817412795902446,-0.29598766656478215,0.029349008281270236,-0.14062770462009763,0.013187191168760236,0.1616524098610931,0.17830329491228597,-0.17856884931415762,0.7211257649223346,-1
-0.9723242310077277,-1.0120859864255634,-1.0280832180793076,-0.5758165064181278,-0.4429668398609733,-0.5246481096095317,-1.1050260969724157,-1.0085685163425915,-0.7790494030518782,-0.9362881400399262,-1.6596101543866002,-0.5101494598670218,-1.0502731076033551,-0.977378620179812,-0.878420093276492,-0.014363263602829546,1.4346423028660733,-0.36629939474504297,0
1.0275308554552522,0.8277278277370348,0.7760273401144514,-0.4169106729452273,-0.6999330620643404,0.7820913350485394,0.754300639546966,0.03554550447501404,0.540390668542604,1.0076715669480554,1.296247327744525,-0.5321710970192738,0.7415951480349409,0.8049366835573327,0.8428293024031568,1.1066782772516597,1.097718911222117,0.2592633830664383,0
-1.6300950775198215,-1.5185161433347678,-1.4849607254272637,1.1750275426461383,0.452086503385994,2.455127822337274,-1.146994174212677,1.2505399533846018,2.5837877661652566,0.962627582361736,0.9092039995011278,0.40833457297844594,-1.403172124017114,-1.6290592575133138,-1.8002876983802887,-0.06806860916732005,1.4249634742869204,0.07215373543813358,0
-1.4810466475472446,-1.0468000398659756,-0.9410084283731548,1.8351045140865998,1.8353763891674864,0.3738819498317085,-0.6544287477595988,0.7276254373240155,1.393701533664921,0.2044474490321302,0.4524375215667935,1.1527912990960936,-0.8113423057922077,-1.094041011033043,-1.3358025646857257,0.033000493648123165,-0.5864726282614229,0.6457977849631222,-1
-1.8197759655299781,-1.5042932998467113,-1.4513846262105066,0.6315535814049299,0.5928795750390516,0.24746139441969808,-1.299509777338333,0.041401684945037424,-0.2546101142761778,-0.25939622782534777,-0.5327886672078884,0.6852038479891421,-1.5984479290260376,-1.4877877941778699,-1.3374426556255588,-0.31770715529672033,-0.724935002475275,-0.8067287449204386,1
-1.6147485051785968,-1.72200732916666,-1.7318382785630284,0.016535353966777355,-0.5256456319409764,1.6646972270353781,-1.5823327443864308,0.3239164651993667,0.7703715819378276,0.9116327840258474,0.6784958577468727,0.10539578623668679,-1.8511077169503225,-1.7812476131476187,-1.661852746866119,-0.16369980260846692,1.3991822357670256,0.18351984837872637,1
-0.11908421668708265,0.12606888335551275,0.17787366943961136,1.0759572083559552,1.0752642558425964,0.2218259543690827,0.3036044323646279,1.5079791160018152,0.7186900124808538,0.9816421037216445,1.3488694353743882,-1.3132265161592742,0.0034985409798357105,0.12457604801262995,0.2381222101228225,0.45407070595785126,-0.16011855698193397,1.295413095678214,-1
-0.7015311025386095,-0.7868940315788937,-0.8255376985537313,-0.6586541616178682,-0.680316097626897,-0.0681170965699044,-0.8683190329332023,-0.3429710923179687,0.3225871483550867,0.15456900770145093,-0.025868572932499483,0.42445040716640364,-0.8101673744639258,-0.7853159440644396,-0.7384335819562444,0.23275198256018526,1.266775130566522,1.2920766091862552,0
-0.6941053585980552,-0.6269086097814363,-0.5777557353443354,0.7050945451650046,0.5728477888868148,0.5491983420896965,-0.4273432787327487,0.7352118612636513,0.2277872299651884,0.2903723425917982,0.5984431723202059,-1.0941157448858219,-0.6338509701120868,-0.6804031236344723,-0.70566929650323,-0.3153133541684115,-0.5800073686584969,0.31019172052503313,0
-0.14661664200001945,-0.044933680057642436,-0.012142207762979359,0.19518206984904435,0.5889590819885084,-1.1667348626002805,-0.08134618839383238,-0.19164857815611688,-0.5407962178098411,-0.8140324045242092,-0.9739892095962518,0.14353813678135008,-0.12225886313197355,0.00042001283505518086,0.11912571704302032,0.17213975447829205,-0.23203229285488822,-0.42084257753817134,1
-0.8060250398144654,-0.9255919753867262,-0.9519574179992929,-0.33001752521531846,-0.5941423273053176,0.7419293494213973,-0.921475851226902,0.20726371870513022,0.7675195378097339,0.8762680910000935,1.1056746247066762,-0.2119492838168981,-1.0850945140878077,-0.9455531921764841,-0.7830250063556157,0.19639093833359145,1.3812295578439537,0.6251208334595989,0
-0.8100997065097058,-1.7060646728299858,-1.940731963456268,-3.739309185945253,-4.331424171693054,1.0507860344123776,-2.3265558377901536,-0.7772459058444257,-1.8597418279770572,-0.07195727691876423,-0.5917370570918559,5.455576581589324,-0.5457110045189413,-1.6324823643200546,-2.636699945900537,-0.4581467178147694,-0.4915722037414797,0.8539957622712601,1
1.9618450502810585,1.6972717599087352,1.625984225601652,-0.8958483613437432,-0.7883920353108334,-0.5121874281736938,1.4311541853836962,-0.48865905395790793,-0.5318857088075194,-0.5597248110376347,-0.4616826146273804,1.3768176483800507,1.6595732674272359,1.6682932830775614,1.6282255864248372,1.4587172742671242,0.6423079453881736,1.5343976992773443,0
1.9231929736640434,1.911439637912155,1.8926175978616246,-0.7485631539548426,-0.029416210069233777,-2.356421235295078,1.5782651508463201,-0.636582525552577,-1.0930452322777884,-0.8084610663575915,-0.9887298275618619,1.9414856556109894,2.3759587556888233,2.057044244519587,1.6886173687603694,1.2827733601576419,0.41426263804712044,-0.7664867511023328,0
-0.5452091248605888,-0.6515540096247232,-0.6310350640706563,-0.7186083371262516,-0.42593704311372654,-1.0435217080279353,-0.7489279880089984,-0.5574835839674109,-1.290188784667337,-0.5926930026785698,-0.8771235805238796,0.8303791266787522,-0.4972979946890067,-0.5798385883206083,-0.6428551810648331,0.3565348481903023,1.1300464374087114,-0.7257843086806086,-1
-0.45472896426130743,-0.31477288338194404,-0.2931314629495868,0.15699267733106625,0.42578144576401267,-0.7915508330848817,-0.32204645815309213,-0.7556672476074635,-0.40738055596712197,-1.7970042997186944,-0.9531678204339906,-1.4379033408287334,-0.43057511189854514,-0.263619841735718,-0.09439026072954375,-0.195452542647896,-0.530667332659161,0.804361081482221,0
-0.875941552641847,-0.7953226014324296,-0.7734087965366288,0.7592492282678023,0.38633637586986624,1.2976920040396125,-0.5873281687224448,1.2917771987975726,1.1542684698175374,1.0798501009243324,1.3564091370784659,-0.10096538244578895,-0.8314510228930796,-0.8792194778864153,-0.8998820313754962,-1.5070952241052964,-1.1423114032666237,1.5043302908144383,-1
-1.5836365121572382,-1.1606275756861917,-1.0847781453101537,1.9823713604699995,1.438964583528486,2.069862663409009,-0.706265822657888,1.9286186596658046,3.1767421919559684,1.1780540401301607,1.5049504481632925,0.7534443566964841,-0.9853096200303937,-1.2329071166399652,-1.4366632051031651,0.012902336488117972,-0.6134899353622829,0.8547899595304982,0
-1.3984492408681337,-1.0008120199268074,-0.8837780021409766,1.4207563133234993,1.7023702868009922,-0.5727977568177817,-0.7237669936159822,0.7017113651760025,0.05232579689539572,-0.0513482714205885,0.1563671333230928,0.9504472840565086,-0.788296665832398,-0.9977321547744902,-1.1713961688183707,0.15007233984658502,-0.5980223474977202,-0.024887276838940237,0
-1.3622724122313026,-0.9674151251627296,-0.8508516413998889,1.3562616199545403,1.6118722325321373,-0.5062890523162838,-0.7129876627875446,0.9517267467397189,-0.4327059711882809,0.21055168663791882,0.4751962621187227,0.776550104186409,-0.8034354108986099,-0.9357466550166396,-1.0365788000993914,0.11528882692019804,-0.6177624158657101,-0.5422689549551208,0
1.7652335318438657,2.194464462754458,2.251918881886328,1.6294109870345863,1.992682258068055,-0.7804017382358507,2.3483537934178984,0.030521107481335904,-0.15702519668013615,-0.6490855263300006,-1.1414163030114743,0.6941047070562557,2.3063665435771603,2.161864564764589,1.9591712409699091,1.452148255572636,0.435675935081235,0.4384965225005254,0
-0.7673729486707495,-0.6260630515271383,-0.6225619764866325,0.3848723778595999,0.20380569160962878,0.633402615817445,-0.531168424850604,1.1139618900567072,1.0835752765607722,1.2988217211645252,1.4534850683416125,-1.1570462539338722,-0.7792427049057913,-0.6346078384331787,-0.4761914012562674,-0.28635270492580867,-0.6797362010072936,-1.0352118338305147,0
-0.3220171448098896,-0.18078647330531117,-0.16225136979111746,0.7945470470818804,0.6053333242056909,0.7420189046078098,-0.03354977369177614,1.4718845432772478,0.980270707928839,0.8410605565964413,1.125238529500452,-1.3885230112196512,-0.2911450126714832,-0.22272794863615086,-0.15004399413333977,0.11679207610331019,-0.3760879464134572,1.3242591632426848,0
-1.5280384154305455,-1.6875235687125323,-1.6473711781085718,0.14418969439384097,-0.3331560397765465,1.4920987431955963,-1.460253081674668,0.3653131941026096,0.12311273328197085,1.2988882007967257,0.7774161820947456,1.6582710063537462,-1.701501769931897,-1.7353598630533043,-1.7176686227332139,-0.23019563276722443,-0.6334035937451007,-1.3508365164591245,1
1.0005315019227339,0.8148904548832824,0.7667113348926413,-0.4043297804655875,-0.593121784637315,0.4959247562577895,0.7448733594491632,-0.8179374893534299,0.010727670296131626,-0.09135954919851551,-0.13970582179610144,-0.4996214008380902,0.7048019227174736,0.785323326902092,0.8404113889199382,1.0327039152395971,1.0482332643928234,-0.39916719939727036,0
-1.1591870554461887,-1.4636262067814185,-1.5347540972358917,-1.2540954540380946,-1.4623435638027844,0.3820250939926143,-1.6400718779660344,-1.1834541253206474,-0.20705433298612522,-0.3084716487852398,-0.7769638890418102,-0.2492737332364208,-1.2977000030227426,-1.4393094742334422,-1.534498380536745,-0.338039723064668,1.3583793943764981,-0.5886572144705791,-1
-0.5155822254258801,-0.3382837122620263,-0.3111224300732343,0.2947432815313727,0.4597729077134586,-0.4454901661924166,-0.29248334578896185,-0.06491713897980612,-0.20452622552176286,-1.9605705914435538,-0.8941456133068821,-1.635451212633082,-0.5563071296123225,-0.3046968410810462,-0.05235118978125654,-0.6753318966432236,-0.5567242155943882,-0.7836788405747236,0
1.4915843815361503,1.9032003899698884,1.9873841403848393,1.6095680067764975,1.885749031649466,-0.5175964412561094,2.0621592783514258,1.1732239363649553,0.19417455530508104,0.6667593355632729,1.2383456209681738,0.6601224098693013,1.9434262887393765,1.9629558514954573,1.92478128217081,1.268659028632208,0.3844018959216512,0.6650260535145567,0
0.013018382022916953,0.1599397678381544,0.2126616040653376,0.8496755394596466,0.8467969769185969,0.18231790566145034,0.3116249583338143,0.5667040697873911,-0.25224284331222857,-0.13818338951259915,0.07600857625361665,-0.5643999943610953,0.10715860520779634,0.14011883185832316,0.1679408640546849,0.2347753107454525,-0.025287780232873005,0.30401474609030377,0
-1.7813523721127198,-1.4691675727300149,-1.4163509931463385,0.6719173807160218,0.6563991601011412,0.1847507180276455,-1.2699331651407426,0.37790752909704656,0.4830897057910625,0.5142433643550702,0.3818853090085747,0.6252712480076742,-1.5760730785305255,-1.4732628299942847,-1.3309364447899668,-0.26738190651626825,-0.7819343660766424,-1.3445219262647912,1
1.2250944392787781,1.2316436389657126,1.217293298307287,-0.20144248307513712,0.024297704026965964,-0.7328336206035186,1.1382063337169623,-1.0129641956671556,-0.26539590465593593,-1.3478096532160464,-1.1700929882345312,-0.8276435050438661,1.0740331254223563,1.2285660026098464,1.342388488706381,1.1006954934420126,1.0285319118618508,-0.7704029293773426,-1
0.9868604682041675,0.8065298196888294,0.7606353335923648,-0.40927649889934997,-0.5609758417185786,0.3812574019824483,0.7354348386825221,-0.5810672372941754,0.005740202589871826,-0.2564960587707281,0.1859756712049486,-0.5267042208421158,0.6551009875104374,0.7683929696980407,0.8556857945023708,1.0684267375176328,1.051785964169813,-0.5673799299099161,0
1.8248301027246945,1.9117540270920494,1.9470559010773425,0.3785215584491777,0.6874158566203346,-0.8692053784802581,1.9058530746725126,-0.4107163010230651,-0.7479040819987919,-1.6492072552218013,-1.5203366990623652,-0.5535804718372943,1.8889891769501959,1.9253944591418337,1.904642848843137,1.5865704456935548,0.7186745926581771,-0.641951587296499,0
-0.7955147399921073,-0.5278953351757034,-0.451204406209705,1.428632281713635,1.224627297891603,0.916817063767214,-0.2179525025359368,1.7800108757553748,1.5568341294383525,1.2192465598364906,1.4719371360648124,-0.404381572374709,-0.5285782980691356,-0.5486608027798094,-0.5521424088131318,-1.0615976553455886,-0.7203010706159079,3.96572677743704,-1
0.4985113706141428,0.3979451523461484,0.3791811039663837,-0.3230827651643874,-0.3512701082853276,0.020398935112394333,0.3423273830024966,-0.3872279599391911,-0.48139532474910224,-0.43238587230913,-0.6264170110860754,-0.323739197456302,0.20556341576295908,0.3810295816143745,0.5397518744924084,-0.908397612791089,-1.6830891473583902,1.2330851536631173,-1
0.39904416541985616,0.8186732721511468,0.9070742221685728,1.7633171505806018,1.79049982984145,0.2767649018259245,1.0946596470391947,1.821962215474243,1.0415072138214574,1.6351142549898334,1.4792133834344083,0.012548781270108954,0.8159382932892889,0.825752648492948,0.811241099901126,0.8425810764593812,0.1183060921837614,0.11882569108743134,0
-0.6421249912204874,-0.8263219094563691,-0.8611157970798657,-0.2198970497807832,-0.6855799899568735,1.3820183893920288,-0.7982544231135709,0.7526684251842672,0.5662556076944157,2.1713324537536915,1.299229247913955,-0.689648801296923,-1.0236702035102343,-0.8906914065870081,-0.736108984247223,-0.5546617955215981,-0.6321865590517312,0.4564032951270116,0
-0.07407258327044894,-0.06492997958873212,-0.07607201699907602,0.2368205801450602,0.020103587324770102,0.7124092009282736,-0.036170373720323945,0.8855272660878972,1.1712907006871351,1.3072648463386907,1.3663152907661213,-0.2411462756894091,-0.15322862531458006,-0.08136391453185421,-0.009453833260030192,0.2146053718481707,-0.10496346889455878,0.7464277071404508,0
0.13194492978756367,0.44499803688384204,0.4900332256563106,1.539877139855388,1.2863469264798282,1.0912849103221454,0.7240776362632981,1.797548274845492,1.9741091654372054,0.9112241495141523,1.1366438092359552,0.1947020032903581,0.5284931562660578,0.38750572390410887,0.23980352930260143,0.6447029971259955,0.06724775549039028,0.16810942424288974,0
-0.10084344633986088,-0.0500549984596305,-0.04193404526174179,0.0037859541733818065,0.30562999323367407,-0.9241206554351266,-0.10718807456703609,-0.9190538080922561,-0.5995575780886493,-1.2902553489472979,-1.6830632893226167,0.03282213743295883,-0.09722780097584116,-0.010126843432003187,0.07445630766086282,-0.004834524481213093,-0.23317367596440228,-0.3330077333693051,0
-0.2642866156945232,-0.4051482181409945,-0.4194282779101055,-0.7822222405952699,-0.6622778891234433,-0.5272509126517609,-0.541033269768213,-0.5038914072105315,-1.1411005014558067,-0.3073648603018362,-0.4816481585656459,-0.1605801382712067,-0.3819574762535512,-0.38185494748501364,-0.37065317287728944,-1.477098271610603,-1.1882613336805505,0.26166996842716267,0
1.0779880257122696,0.8317205173718124,0.775579536246584,-0.7288569316401755,-0.9045428053025788,0.3894995925540031,0.6829028700949379,-0.45984457220340647,0.1107609978417836,0.0773707564504494,-0.11507877368351692,-0.43990448019081085,0.7514416925410078,0.8114127552631782,0.8458554306214144,1.102412212552091,1.0806420554746563,0.651749781912837,0
1.282863159088244,1.2985215477119927,1.313930066328071,0.3398151277165236,0.39080997088844904,-0.08686778159261808,1.3427748343620651,-0.5180866735438135,-0.46132572767853414,-1.1587505429828926,-0.9983142497828935,-0.5015917258859885,1.2455472797368419,1.2466991798459346,1.211565706082051,1.2653058109312136,1.0284607075476966,-0.005902087475141972,0
1.897716846305476,1.697822616558959,1.6531418998461622,-0.16686970890462247,-0.32307707899298715,0.44456835450014437,1.6281743623107547,-0.009478510226346567,0.3133201629614199,0.4880209848173045,0.5877884781585212,0.3700056124750166,1.570595897866929,1.6440541054593747,1.6673391464956955,1.6545734839701363,0.6341865768353512,-0.03197059303527174,0
-0.40385294566537544,-0.3230703280308124,-0.302043535316366,0.3385427134915806,0.3857130902887336,-0.07540888213879827,-0.28022284488216076,0.8837747020569057,0.05480493250391316,0.8427636355393842,0.8836448956328027,-0.729081667610612,-0.44628264361975456,-0.3248652694299646,-0.19792256173531067,-0.7033055209526499,-0.5677812773322051,0.9774860313523163,0
-0.21028787957608586,-0.020768967885581403,0.03644826495231996,0.9451225228078556,0.9833951282603455,0.07571436581385634,0.143511333424071,0.7359176113841798,0.1794719118558624,0.09386571296930925,-0.07686454889589861,-1.3390286074565372,-0.1000086147943698,-0.03103541442841441,0.036613197824764764,0.23705617805197923,-0.28464292514285616,0.7776558075839121,0
0.5688848062609388,0.44815562545204307,0.41613761243274844,-0.23899941607721728,-0.37062542935707593,0.35451916550544205,0.41217513861908706,-0.5056273532785446,0.14191269946711135,-0.2772982901578395,-0.45370369943266997,0.024199617849811315,0.23692580738119765,0.41100465299896816,0.5675128834520229,-0.8266977022361961,-1.7919058566289499,0.29234209223057167,0
-1.336186933391015,-1.6795488970843397,-1.7357454146210698,-1.2500649391132848,-1.4324165637936954,0.3034975263048535,-1.824425168495124,-1.0481625510551331,-1.0985238517520204,-0.404941203767167,-0.6107338561148268,0.04255587078666922,-1.7917241174672955,-1.708622686353857,-1.5785256116538333,-0.2540595702982028,1.2835658152076934,-1.118147560561761,1
-0.26927511350189426,-0.11566425602461655,-0.06589551960868363,0.5037905983096592,0.7328326112621265,-0.598947418302882,-0.048796709504974355,0.14114391979556187,-0.07249732724832227,-1.0726148383632887,-0.6085827291216865,-1.2011014722332598,-0.2651143075147795,-0.08672970168257221,0.08841705544483695,-0.6492328279198903,-0.48488252412437766,0.8550419356251978,0
-0.38241343957494617,-0.47349417881990163,-0.45999348700590903,-0.5821885141034856,-0.27028948405011677,-1.074582330490657,-0.5688758767063324,-1.505323157431616,-1.2071539369252566,-1.2233593437735977,-1.400126139996068,-0.49688382361374683,-0.46950272226884154,-0.44069491157490537,-0.4000038777663124,-1.574214586481181,-1.1885922951013503,-1.021935395513307,-1
-0.9148982541562727,-0.8256304925410403,-0.7901177272619904,0.1938913696474143,0.271459603070331,-0.19808905795438017,-0.7526709362608933,0.5944937437761185,0.009785014311374437,0.18449294897652413,0.444830675448839,-0.7844485528177988,-0.970251219843486,-0.8103877292231401,-0.6321235005970237,0.1821174159597415,1.5108895298923557,0.12114901702799902,-1
-0.8701151547828483,-0.8298182825684952,-0.8044297123802372,0.4556419127413062,0.18988733196055071,0.9073491780399704,-0.6749019852188632,0.9578774648448941,0.7761090323712879,1.2390412091393666,0.9701251806162265,-0.679747429032815,-1.007640835886256,-0.8516497289383974,-0.6759331494860111,0.28065613439931475,1.4844826140478535,0.21857450874883513,0
-1.4982210854865308,-1.7043997639470772,-1.6705601066286702,0.028676006649922852,-0.45593424400688903,1.4907712145342067,-1.4941271748375586,0.33538608508211853,0.6334121378130187,1.0565154670556254,1.1813877333708782,1.8423224731520422,-1.7254790133270705,-1.7582112202695248,-1.738766034895996,-0.2661006702245008,-0.6049329276242537,-1.28208684563679,0
0.06408483112815506,-0.17349840576922884,-0.20443217632929883,-1.4670672937563145,-1.0142197203700172,-1.687154839591368,-0.44890020308350465,-1.6233107537377016,-1.4123349812024475,-1.1999087961330832,-1.349623389489598,0.3021797729376852,0.14958383127701616,-0.06794909373562148,-0.2764828436361512,0.07302032282597595,1.1732576751124573,-1.9971779997547567,1
-0.35324350653975345,-0.42406760633631135,-0.4117015033103127,-0.3436970997822264,-0.10527497506308524,-0.800740268250331,-0.4656538572438195,-1.4769649787521613,-1.3273556216695115,-1.9068009290890457,-1.3327285369446138,-0.4361553866344852,-0.4826664855823603,-0.4340338042071863,-0.37435166351407057,-1.5729306414446107,-1.2346693455095634,-1.930354008934594,0
-1.3417087499327032,-0.9419943916144015,-0.8279261064290003,1.3926843056958693,1.5874278495581027,-0.3123463170981564,-0.6829773461133262,1.1470893772143307,-0.03770740674067769,0.7704315913349721,0.9272056587901917,0.7064415315395148,-0.8011659077059944,-0.9027185481490523,-0.9747455022322261,0.14966467375374992,-0.6397446607054033,-0.7469512328213148,-1
-0.4796719617326567,-0.6365684592355463,-0.660967239908624,-0.9927541694093688,-0.8720997200049874,-0.5724158461265663,-0.8116034520483506,-0.7605397545665975,-0.9550782597906813,-0.4514927260808763,-0.5589266356592918,0.0647762362241736,-0.3854429312477088,-0.5468104108691347,-0.6870690936134842,-1.7903813814462406,-1.208276792542845,-0.3020284198425377,-1
1.8643961266674411,1.938974188122915,1.9289771115413687,0.3644705151307397,0.41695796442842187,-0.08640689123317254,1.925932041215203,-0.0024676346178700674,0.1180840702633028,-0.013391853930265887,0.08310426297852466,-0.6870877257222656,1.8090315790284541,1.9484308520199276,2.0266780523919015,1.5927035648397623,0.7785608375351619,0.05533711985018364,0
-0.5032821054325614,-0.48332207324754556,-0.4711182420366635,-0.7059916203779569,-0.046396224865671146,-2.1652538942845725,-0.6569779329657536,-2.9938132146918073,-2.1490076667687545,-2.2941286747122223,-1.5894413147207618,-0.6538496726745526,-0.36732639090037184,-0.4060015190424019,-0.43162330925506404,-1.216473264925661,-0.7297893743174827,-2.6789754352944906,1
1.7959266910530107,1.8032275829053017,1.7996598989317785,0.5098844660245583,0.2786655770288362,0.8126027671500313,1.8727442142951403,0.7633965599539069,0.34739630952139927,1.0246920720697463,0.9612159438338905,-0.22911444971196573,1.6221336833144635,1.7683027466977468,1.8583384427270717,1.6916903721792291,0.7100733615191338,0.25370618079538615,-1
1.7137100872857123,1.683967283318184,1.6438172229147594,-0.08060403003413245,-0.19780213061105476,0.3426531451812219,1.614745722810975,0.3747582047351514,0.2652380668304542,0.848090036272983,0.6811290307117221,0.2017802600068887,1.6370327015649435,1.6803203540557168,1.6733545103963008,1.585893780405294,0.6856498663236191,-0.43282207679828244,0
-0.17331132705502694,-0.02084726949100555,0.01865934296811079,0.4154161004016669,0.7829482718439879,-1.0413466915486556,-0.013425809738178363,-0.029711212727963204,-0.5214794759460574,-0.6305151231376,-0.4744402540863891,0.10438029540474267,-0.13591995419063857,0.012724619660049232,0.15619990114791377,0.177219171896175,-0.17508070168741274,0.4618028841672335,-1
0.4164851683027527,0.35206421440971286,0.33221492384916035,-0.1362633546428312,-0.22571219644974028,0.24626017965773006,0.33694224466485156,-0.3038566879350738,0.47647088182829067,-0.10154113059003579,0.010224950473172097,-0.4542815526509251,0.15518503401684874,0.3323663318839052,0.4941632796730121,-1.1609931706028147,-1.6304879137857033,0.24077131753723965,0
-0.10765991143219315,-0.0071850860965548555,0.009457466688995083,0.37369465795412854,0.45373209076095616,-0.16894051574977992,0.010135756773606277,0.11800694599008756,0.12539609191873363,0.16140124842673664,0.05438722721138328,-0.11970446850599895,-0.10458673451270109,0.020218334568280677,0.14040594041394852,0.12916718510030312,-0.24878076169891916,-0.706965299079179,0
-1.1420506629340061,-1.4427908948883212,-1.5120919960075343,-1.2653392202053035,-1.4945521418254648,0.4439684092917961,-1.626057094118234,-0.688953727997905,-0.3003424895085119,0.18445592100362643,-0.029183816507541534,-0.3119180502334637,-1.2446291223554005,-1.4083167243545183,-1.52577204423504,-0.3005784075356383,1.3834919670485972,-0.2852937583959996,-1
0.5240256450867108,0.08369551296685607,-0.05387524057828432,-1.7782865661215859,-2.1644084543784725,0.8200200168314483,-0.24746127362802495,-0.06572137188934622,0.41867254836302953,0.4862773676967454,0.7121617352683242,2.2228691794457394,0.52109651844759,0.09978190457660158,-0.31083082321312955,0.5708221909921251,1.353730061356754,2.108723816569798,-1
-0.33842993334544913,-0.5981969949862188,-0.6696598265829118,-1.4248248941437924,-1.279859015405655,-0.7351352800787931,-0.8871673988299916,-1.6316851710190812,-0.2775863771427424,-0.6827271067190661,-1.3706168246841177,-0.5724128155256324,-0.34423991683091754,-0.5393166253770132,-0.7124140440243153,-1.0697479559100107,-0.5619468832037405,-1.6920712203131874,0
1.0023593965741957,1.4032509745127455,1.4485418416382227,2.0839323845566375,1.751088851583249,1.4454045036095902,1.7231739222873144,1.9490668915295402,2.060014082153717,1.048736496057793,1.3610275592247116,0.19894855668137665,1.5496412151122603,1.3127553935811094,1.0453491684574134,1.038031286989437,0.31089534574267313,0.8850936687209828,0
0.5513676979971426,0.08147087348327284,-0.04087154814704248,-2.3740230788415175,-2.231215979601683,-0.9223398437505784,-0.39831123692511144,-0.2648529967313246,-0.6364270421547937,0.01632919923139604,0.30933752012684246,2.3396289398424295,0.7484193856779383,0.182305904007115,-0.37082995080646014,0.5739356847780636,1.2396399024617042,0.06135168692769158,0
1.3421550469648622,1.2794651590464365,1.268807818575819,-0.47544407153893004,-0.2740227990396895,-0.7142660892132903,1.146360135790198,-0.8385722563889212,-0.7941956469009243,-0.803547628575712,-0.9053598023128756,-0.14314774779402986,1.3932686427518397,1.3559602853920079,1.2804315269070163,1.3908977013596922,0.9817799432620926,-0.2978540770539133,0
1.204645014948382,1.1519571869270901,1.1357325000536445,-0.6729982937070591,-0.20903743208933218,-1.5590644365243826,0.9559394932829712,-1.9034211563502474,-1.4372148284745623,-1.616484430748891,-1.397561783035442,-0.40053942643353163,1.1661548477835988,1.1823081811917862,1.1635639752927485,1.086507609076931,0.99559452994637,-0.9151590970547616,0
0.4469498661021878,0.3438069581646062,0.32651645843856175,-0.4586900665049155,-0.44534544595367453,-0.1345510245812084,0.2588547311266948,-0.19522352552153496,-0.05221142463483357,-0.15541811953393203,-0.25701722813382905,-0.19593093210683174,0.22466988524534556,0.3526272604177874,0.4662004960345698,-0.9756787705777001,-1.6152354720100328,1.528561296072289,1
-0.19238988124027684,-0.5366417309837545,-0.5883712811569125,-1.8023973804641045,-1.309314040724461,-1.878915005824483,-0.8979277822972965,-2.321896420381897,-2.4795340434425097,-2.2554119593113726,-1.4060821361420899,1.801800691272548,-0.0823623616256504,-0.4294080538281305,-0.7527634275530158,-0.5652827838937342,-0.6198503152516358,-1.021334385051368,1
-0.5335182982421903,-0.38688464841687203,-0.3325026456282688,0.6795747683480822,0.7208538718255827,0.012279098827559436,-0.2217391218595847,0.2553934037443082,-0.08093305629224298,-0.835399917639974,-0.6290345635110827,-1.1529557344277788,-0.46988533055409115,-0.3901813405176463,-0.3017061218916076,-0.7093222682548256,-0.45639150390089306,0.4852755551273244,0
1.4880047411942277,1.3951993294856326,1.3494291079358962,0.41312662631564223,-0.19875221258025452,1.9592425700289817,1.4981808579722788,1.1602478903701157,1.5531883248719216,1.11734269396398,1.4090088552728595,-0.39901000203612136,1.3812591835193753,1.2979528935506854,1.1795979314814098,1.6408206656933961,1.0019778827992991,0.2614970693182045,-1
-1.0607099901187365,-0.5886936825055505,-0.5130357320628396,1.9687349128049287,1.7808942897240667,0.9775721632145882,-0.22699437010000037,1.3765213613297902,1.8466502876749995,0.7559742360077418,0.7425066538518389,0.6822058311391657,-0.44958851398035765,-0.6469125158420602,-0.8190562836082319,0.13854100485569268,-0.5125098355435052,0.6074485579068813,0
1.9531245415762617,1.890300839486414,1.8417705480234092,-0.6545491582343473,-0.29778560882447025,-1.2268292139244446,1.5949859469104344,0.10948088928469714,0.24327290930788226,0.24500479010729917,0.41162278389917456,2.0492539936759817,2.3255858819684043,2.00320013742444,1.6329796396067011,1.2977686588389699,0.44349439164699295,-0.39384931263440015,-1
-0.22917598872533002,-0.0385446091781126,0.013671984539609877,1.0437843005827672,0.9518989803778072,0.4946830623843401,0.15191487267915083,2.1719982874219625,0.8500888550294182,2.092350745377558,1.518298270772228,-1.4703710584248344,-0.0911224901774058,-0.0708171641406278,-0.049108408643394635,0.3611203364116273,-0.24495345074307592,1.452758183516178,-1
-0.7375175587729343,-0.45804984076740446,-0.3908130229259707,0.7510736133504804,0.972338335747938,-0.5246232812783967,-0.33460450993959784,0.8584291325886667,-0.4094664640229188,0.3580787507733661,0.0035102953091968535,-0.6932743559700529,-0.5548978333036708,-0.41007219772778275,-0.2579995972891461,-1.1917223176542282,-0.7271932023403829,0.8333557459596176,0
-0.6199238211996321,-0.8912662749984299,-0.9573485753050766,-1.2805526527791733,-1.300686313051316,-0.19978710945922593,-1.096777943091784,-0.6100302263803664,-0.7065603494934718,-0.29594074002980414,-0.18857662726470026,0.7884454299793895,-0.9034413260688722,-0.8946695145035362,-0.8601681145935522,-1.8982220337214344,-1.2906861669717664,-0.2169254494902364,1
-0.528415460779716,-0.3880527293006274,-0.3350226263487249,0.7559196946464343,0.7188124422600545,0.268055291113998,-0.20144966086184773,0.41939705207595535,-0.04103838360562308,-0.26212149220978004,0.035414934129161815,-1.1111067118636522,-0.4700132399031716,-0.3987853046890635,-0.3182623096025628,-0.6799140510247912,-0.4723507902601906,0.29980269072548443,0
-0.765506994065486,-0.7940172805879852,-0.7705199717327468,0.18190364760058667,-0.037164228579976345,0.708399008203192,-0.6928021370053943,0.7282046783443152,1.111421760434188,1.36952107607588,1.4770747101396546,0.5431810716417815,-0.8640944373982641,-0.7784698010348483,-0.6729754846051376,-1.1574317962819676,-1.038837956171279,1.0244497542847668,0
1.8288666658860315,1.7337799643778364,1.690151125206027,-0.5915541648584635,-0.42269521879826105,-0.6381992570458124,1.5343171052646403,-0.7426476923682501,-0.2372985215987277,-0.7584583463987772,-0.7681489901524364,-0.2596959982289644,1.7783666195562489,1.7682102112208384,1.706970440790063,1.5976641100337954,0.8155984863083409,0.038795519726366766,0
-0.7055296057461463,-0.6193030315156453,-0.560528652386269,0.6028204360261386,0.6134227257160534,0.09060460855119802,-0.45190498457358697,0.12081599976646783,-0.10157048473112329,-0.7579981683401645,-1.337658237240098,-1.1612022013626475,-0.6528569527734637,-0.6383084457948125,-0.6056706449612094,-0.3311258603202733,-0.5907004913521123,-0.06949167354466962,0
-1.1966586197938658,-1.5264121497062608,-1.597700519866696,-1.3853199803892764,-1.4510095251713926,-0.08159002880530863,-1.724222632135818,-1.7500932264792848,-0.606987498695626,-1.2256224414047836,-1.604318460518498,-0.2493085069487944,-1.4217910506570828,-1.5151723662962377,-1.5614845319105348,-0.4190821379099054,1.3232214054350449,-1.0944153410587443,0
-0.38812549777884015,-0.637092737349453,-0.7166963115222051,-0.8780916069959629,-1.1944467728081432,0.7900579784402865,-0.775738864882215,-0.29094322900196945,0.651579433676654,0.9304686760852662,1.0307539725152066,-0.7570479430471895,-0.7350263278289195,-0.676980052119676,-0.6011245150735379,-0.6773249077231969,-0.4340890426008275,0.16285086242102198,0
-0.47007555112923044,-0.291751240793643,-0.2532949755599997,0.44048164057408157,0.6204555204966623,-0.46152280300349796,-0.23926400770408165,0.520833191728628,0.060867824107133366,-0.18907369573281085,-0.5753571180526771,-1.5155834255792284,-0.4339679590300101,-0.24724455622534178,-0.059361217334599196,-0.07532148174204586,-0.565825366994906,0.6789819658347424,0
0.8094798164009291,0.7026082827091388,0.6930616009774775,-0.47336659525590663,-0.3107075100206015,-0.5950689448871326,0.5826210212118547,-0.3038330090562619,-0.3834819154622442,-0.5588482070339925,-0.638371871495886,1.0921695139783916,0.7374474457345419,0.7498897564301511,0.7401270520996946,-0.6616803437491144,-1.9470749514398016,-0.37962058085913186,0
-0.3547666746069047,-0.5190239813147708,-0.5485435123691302,0.11166537966006404,-0.48591136753797337,1.8538626987420879,-0.39148917404142275,0.32496942083295444,0.8459285939989424,0.8019274355855556,0.693386810723349,0.5974821183950245,-0.6034109928585991,-0.6441369456220178,-0.6648194804177588,0.21356094236167134,1.1933084461847274,-0.11686813519278032,0
-0.25084397075216747,-0.12113658367390982,-0.08115582935616666,0.340187320842638,0.5845973199000393,-0.6794437478452301,-0.09084973151945686,-0.27315366210522013,-0.4541635763571841,-0.7088366508886779,-1.2289293593627963,-1.1792102687890995,-0.2965110372674838,-0.0732224159933187,0.14498580208619838,-0.7886371290107729,-0.5272702405799237,0.32800500248438963,0
-0.6163822553382093,-0.40917442027848155,-0.3547431959280333,0.9817294414491338,0.8699363284599774,0.5430122624548503,-0.20722425343826134,1.9453162629855765,0.7556025786314036,1.9919513707923293,1.2455647399285439,-1.2900575442844395,-0.4736067489381373,-0.4371792692912563,-0.389216802888276,0.0514756959412269,-0.6435928380371582,0.5843670432258212,0
1.7800469452444703,1.5100953899964518,1.4343878330294026,-0.8215395407775685,-0.9710183464666595,0.2902722364935413,1.3051782727372456,-0.41164716231937715,-0.40357116741824844,0.28260068721098625,0.6075016319710294,0.014562575511685126,1.508108604986553,1.5017649283376562,1.4519617699405396,1.603984549301372,0.8889474540067975,0.10855287479750701,0
-0.4645919398083441,-0.6211959237295265,-0.6373217219299806,-1.0194601342661136,-0.8264365647008302,-0.7996184439500719,-0.8049523348145574,-0.4551127952883223,-0.8610947936384943,-0.3272463455420749,-0.25231515396137616,0.07071650655964867,-0.3709196144801207,-0.5264569468583429,-0.6616655051557557,-1.7177467021041923,-1.2052956146017881,-0.5731948078025741,-1
-0.5473035844556597,-0.3610734424915195,-0.30613523911691864,0.5948386403887941,0.6850671862118317,-0.15501156239887082,-0.22974155608018498,0.7561357992487143,0.07238060567009784,0.3760425455317758,-0.03560062550772599,-1.3055280881449112,-0.4809338622053908,-0.3419806975878324,-0.19757074475931138,-0.6387641543516707,-0.4955806784386729,-0.24465337443235297,0
0.6881922440975997,0.5491937026523651,0.5241888791066364,-0.5666565245067774,-0.45697534999426076,-0.45178610283973397,0.4253345991765551,-0.5656472090432311,-0.5302846074512363,-0.8635673974288955,-0.37913496575731903,0.1685327353903898,0.42121858642405147,0.5535714718433575,0.665555780909868,-0.6748989142047307,-1.9078496247039947,-0.5473335273440508,0
0.717590667595903,0.6522210006754586,0.6128442444724322,-0.34869746959955605,-0.43433493794907224,0.19120407757731098,0.5687655660951495,-0.07458325876944875,0.40619713923625794,0.662395931696045,0.7452191142278979,0.696012107170698,0.6023565172004742,0.6545986139578744,0.6861212920896254,-0.4725486972017718,-1.890749054172461,0.38807545425339346,0
-0.6462757778233283,-0.84264665077131,-0.9010751923039353,-0.523404123611412,-1.0414681479596977,1.4805476544890563,-0.8719275122977457,0.4225792637607746,0.518613292879567,1.1544226230637618,1.1175923811502504,0.8036832601599216,-0.9168406721666863,-0.8985551928189867,-0.8547343176481276,-1.5959610148537455,-1.1840064207833572,1.2807887190187404,0
0.7059760335186073,0.4464372157790145,0.4102548606329062,-1.756355116792234,-1.0172872323212572,-2.623245673414493,0.0519096758217686,-2.4092895355671127,-2.861441217312658,-1.5688698876563554,-1.7200936975892636,1.3037640109912214,0.9113289267360046,0.5694841858450201,0.22211872395810706,0.41429726837456915,1.159290720595563,-0.5320262142674078,0
-0.9113186428677521,-0.8216660088972817,-0.7844192518030602,0.2608049530508349,0.3526175755394958,-0.22807265506750096,-0.7268112472767913,-0.687089219261264,-0.32342186070633705,-1.1537083359054798,-1.3553463293825319,-0.8944407791494737,-0.9709538037947112,-0.8172338722527327,-0.6447157904420927,0.12573416361011588,1.4621774714621665,-0.28335934767958554,0
-1.2162322729659314,-0.8564161495037717,-0.7857100603942512,1.1115729777899441,1.280106853306426,-0.28943700038814557,-0.6735290275049024,1.2767208068298486,0.8858048708433615,2.01742975715054,1.266161629022187,0.3290282349813246,-0.8965534749996151,-0.792254763738717,-0.668288504106698,0.15406336276616783,-0.5690293318178695,0.38729551770817,1
-0.017789044207832082,-0.23695865353993592,-0.2944133620206849,-1.3572018794539928,-1.2448120086814298,-0.621509559444046,-0.4800014088836582,-1.0199876944300972,-0.9542402104794995,-0.5605207347333386,-0.7169279731706975,0.33654343715723317,0.05087919818620567,-0.16009477112382814,-0.3596021703632862,0.12558174462370705,1.1804881464460082,-1.4483873985516456,0
-0.6276161591371933,-1.571885368153306,-1.7539208908719657,-5.074711221929625,-4.21654968678757,-3.6657500324538526,-2.5508071486799144,-1.794555439098327,-4.3895460958495445,-0.8887367253291762,-1.5980912938409335,5.389224674746335,-0.15003292058559992,-1.3687200808880633,-2.508263242386531,-0.6455992551317967,-0.6046145930413116,-0.7954201916209567,1
1.3724293287816935,1.3213848786987081,1.3310518427779974,-0.3487108353718534,-0.10032472493101241,-0.8322951276244208,1.2172226714346164,-0.26913056641321853,-0.5205102409381417,-0.4735693665987599,-0.26034995351272827,-0.15658560646286301,1.381241658690126,1.3736307852435532,1.3263268859980717,1.4354024826536858,0.9998586135930791,-0.09040201298139514,-1
-0.7275022853038938,-0.8206266834715935,-0.8261347603292246,-0.10600090439486863,-0.32758399918460396,0.6573179825894464,-0.7647310802191252,0.34880382816800926,0.17149582687301693,0.47520468450171516,0.8226716974378662,0.7480044363949834,-0.8605713090609833,-0.8761664071114772,-0.8657831609042916,-1.4423523685639792,-1.1238158346031177,0.4998167707020531,0
0.5895627355811422,0.46449396416593935,0.4261033259852357,-0.22585885057293312,-0.4912621206691755,0.7671152049040455,0.43136792163898346,0.32227705272642404,0.2953659838428174,1.110875166843432,1.040237532476095,-0.25358926702854834,0.3249172965292465,0.44440283119030255,0.5471093540378645,-0.7314862600570049,-1.7893023468562226,0.9084311052247481,-1
-0.40861299658973743,-0.6361042187202194,-0.6931210045812113,-0.46970022806102807,-0.8795634813629154,1.15997081403937,-0.6717850771806173,0.3103097591019114,1.0252354368423735,1.4855659709732114,1.2021038441685556,-0.7855907118912016,-0.8772081430767877,-0.7147264448432288,-0.5367099260565756,-0.5684747270964641,-0.48999657503728833,-0.49306230837119147,1
-0.5540058261064869,-0.3521734996966058,-0.3015167515673925,0.5395663962507312,0.6534265869969508,-0.23870852552101193,-0.23898439978571157,0.44533034396306553,-0.25909529647689017,-0.3207785582017367,-0.5917378059265749,-1.42280818034824,-0.5457328716746153,-0.31533616224112543,-0.08320982085566846,-0.7116494967704787,-0.536234651824148,-0.813477339210569,0
-1.8156251498737352,-1.4911902360758829,-1.4387584663195019,0.6584992231821293,0.6156115766874118,0.26587470055196494,-1.2854591073213426,0.49538660169868215,0.43394424944066123,0.869843540384966,0.5759062605280625,0.8416406652406936,-1.583399205696231,-1.4791838300064541,-1.335325530304865,-0.26091602848927475,-0.7666313715431544,-1.2425775908916654,0
-1.3900713734344492,-1.1970182572427135,-1.174811830181203,0.20841496399463463,0.37596747766102206,-0.47084827321296047,-1.1701728441540091,0.17251566362932932,0.2662200104873619,0.4958568589546755,-0.4476887174870728,-0.5481951463824636,-1.2925453319325964,-1.1461271911105322,-0.9711124657913396,-0.10195875722121506,1.3804270451593694,-0.9170192659151608,1
-1.0567114433310996,-1.3074609369158774,-1.3498133003908144,-1.550969276002671,-1.2042301018457737,-1.3791555585021749,-1.5869990492390684,-2.000956304541171,-1.7109803613728298,-1.0851739345409541,-1.2847368009118971,-0.46309840381892015,-1.1171423420553364,-1.2446564753115636,-1.3318647418800988,-0.30076781130685587,1.3689349582462171,-1.4119018095701577,-1
-0.7766266017894653,-0.642585990643376,-0.6389461518552443,0.28808189387833616,0.1510875120798502,0.4785947973669385,-0.5687507949683893,1.0066707540383393,0.8179857325428224,1.4636373724044396,1.3044666642541913,-1.093299145351718,-0.7905986852103908,-0.6373833027773904,-0.47058269311483025,-0.32882624016511114,-0.7062451020642924,-1.5200116866452302,0
0.6721220968331537,0.5351397650844733,0.5091568272445474,-0.5134833191553982,-0.48852985106278246,-0.18131059393721724,0.42541873370206634,-0.56182334521789,-0.3463796852578089,-0.40699966478470734,-0.44993902660010887,-0.0034221879837290615,0.40368826761171506,0.5396015793534473,0.6554375376238698,-0.6911868050694998,-1.9333914916219723,-0.44542557672222993,0
-1.6637967162832672,-1.6426253425382484,-1.584398345114642,0.266062561823046,0.12366632505986155,0.4906506732772841,-1.4332760064786605,0.059462274360257396,0.7764850212536923,0.0141649577846788,-0.36969663713622425,1.4166544183119643,-1.7398196157581252,-1.6211029358044255,-1.4590851946856658,-0.22156796802253897,-0.6647016568168991,-1.2139196486478874,0
-0.7420110883337874,-0.8605697756236779,-0.8899768375879772,-0.8278226390427089,-0.7424703269165908,-0.43056717944587924,-0.9766534188899038,-1.163341821027724,-0.987234985623071,-1.2466206769359196,-1.197573945022393,0.2982642849907611,-0.9859353786254746,-0.8649719789657787,-0.722764810808942,0.11107995840896732,1.2782786060998577,0.7296549520382,0
1.1705626168532215,1.0376652285456642,0.9810136863083122,-0.5755973635097892,-0.7046904282075611,0.27802698898612044,0.8890590380479224,-0.23017382871550982,-0.15297754019537751,0.33301195605733536,0.17261182060405242,-0.17017147094105892,1.145204813605861,1.06536836036755,0.9571336742418274,1.163830708942814,0.9894511924094022,-0.25615047461218093,0
0.03666658567662058,0.17235944121250654,0.20976397357411733,0.5439451674468716,0.5949944762601592,-0.04535280056296261,0.2474267643569439,1.2277978708949584,0.4640936263190434,1.4802635555733752,1.2995581406955101,-0.10627479879850027,0.06734751202810788,0.21348372483985828,0.3486944973206551,0.37567765189482627,0.07256513106197343,1.1954937408554687,1
-0.1722070218534899,0.027635537300861573,0.0830895724822638,0.9139041815941539,0.9655078547720586,0.02849149084046013,0.17801217549876255,1.4471785537580806,0.3946009268407446,1.4986865351217864,1.042308704996858,-1.3427167729348686,-0.12942569068718782,0.04371726366314257,0.2099988199143497,0.3849757309782273,-0.3124022701092656,-0.03174016796552426,1
-0.5516448015678068,-0.34482515489471055,-0.2974338467552913,0.5396567694063221,0.6386967775849582,-0.19327889266447978,-0.2341164535028119,0.7832878742871541,-0.06853014464269522,0.11962597252222798,0.004580351228815541,-1.4423915008797465,-0.548363612907941,-0.30802741241087733,-0.06649500275499569,-0.6456244672949621,-0.49558660932084275,-0.4608715941500316,0
0.8630976915007542,0.8301644273291129,0.8298860589516057,0.18476731398321142,0.11325918144967573,0.2568393869844822,0.8652998860439636,-0.24558501912627698,0.2576984555793091,-0.20007319390363162,-0.07296850376516567,0.4989622191342375,0.7150572871736002,0.8160385409341797,0.8900328060907639,-0.6015123498148953,-1.9299058234364699,-0.6004176012860922,1
0.632479909402705,0.4725536582199736,0.44268068386540776,-0.6475329944260587,-0.5850191663717498,-0.32377293045975586,0.33815015964836725,-0.8225585333664551,-0.4108989123865156,-0.9081338404877038,-0.7410251721950984,0.05687024911071653,0.39316597771888234,0.4913083303628362,0.5719969906156583,-0.8641581843052865,-1.848337864580328,0.4502014379089969,0
1.7207169538339502,1.4686574010186693,1.3964654622468875,-0.6237986321646821,-0.8035818093942558,0.4235064640722438,1.3216702209504154,-0.7230852390839998,-0.0961459648003051,-0.1795890450703211,0.4950486733804583,-0.351783221813116,1.3444608758047705,1.4251619289193107,1.461820325027559,1.6038638017926585,0.8817632851556322,-0.3474061884475828,0
-0.2745303650999732,-0.42621048337246,-0.44481229446672116,-0.7268518407138017,-0.7017501514009966,-0.22533306767203368,-0.546220832665099,-0.8170563866137567,-0.8790156327175144,-0.4793250242080501,-0.8669572047691471,-0.28701942878685227,-0.3809355934385564,-0.3859256261703945,-0.37953363211350116,-1.6227522720567098,-1.2410419843043068,-0.4334543608855849,0
-1.1057976853361737,-1.834823908604553,-2.0233903208006674,-2.0431585053788077,-3.1317112843872232,2.9182847656811877,-2.0221579545033883,-0.09896672321649484,1.6471880194345547,1.207366601262078,0.9773027349425262,4.181508694346375,-1.7293006097767956,-2.044084788854131,-2.289273035241087,-0.260278640000656,-0.5187657818375546,-0.2279368326406791,1
1.648667935984397,1.3727998943734048,1.3129290716975468,-0.950927893656751,-0.8367590271426149,-0.544002461933983,1.1597876425625993,-1.6389186775279494,-0.9382185898233146,-1.5515152076656717,-1.3969548848527193,-0.23523751344522645,1.2839626680577847,1.345320858356098,1.3655823238702005,1.4891723171809834,0.8837238905673456,-0.12979319284167534,-1
0.7491977741307769,1.0531665720770913,1.1030345144284768,0.8993140176293251,1.2077108183866165,-0.761338936657972,1.1101410388288862,0.9669539344845958,0.5411507107297172,0.8249968916359904,1.2330341050477143,-0.47035119159421407,0.9280103344189632,1.0970087527090027,1.228654797439928,0.8619320367837581,0.23848482777447405,0.4031604484811917,1
1.016068504773262,0.8284527798621708,0.7782750881039263,-0.3539552759799825,-0.6346233044787138,0.7877322690019573,0.7695007022542949,-0.13025713462738933,0.8300094965512721,0.852275373128062,1.044582815752723,-0.6222484729701809,0.7372304561171319,0.8024387550599597,0.8422104928062805,1.0810707415275589,1.0890241299803194,0.12012010104754144,-1
1.2727717511849006,1.3082720222556374,1.3115682228903363,0.5198729011143459,0.36798310407271884,0.5715665407586094,1.3988177179571681,0.13459224551732588,0.23420318296105505,0.030794523228567773,0.03793862893084791,-0.603658852744271,1.2412496424830748,1.2293062864251156,1.1820060699059447,1.2904402539572402,0.9906804729048809,-0.27168085259841646,0
0.2660276484375282,0.027519021890211073,-0.010789943579826681,-1.4550282977073838,-1.0587811981940518,-1.5112645393845827,-0.26876314647543537,-2.2735633844681242,-1.873782977020708,-1.1766506394067164,-1.6407142376824262,-0.08045033295273289,0.2954703396438805,0.11338172574276342,-0.0661243635604618,-1.9029326451161543,-1.6872701527654104,-1.0303483785211067,0
0.5349548513547833,0.07666715091346836,-0.05521864548300098,-2.1010447525729243,-2.2323525319969217,-0.026672083594244472,-0.3339348168554157,-0.3537140393920809,-0.4216797522426559,0.16713740880992634,0.3682104748044547,2.2060012337932724,0.6269650176691098,0.13540044012652577,-0.34422969581561597,0.48981498982932525,1.2942966611839557,1.1735766251535173,1
-0.6116222044138487,-0.37153819621769485,-0.3363220798539584,0.5974890082849003,0.7755917584593641,-0.42372962705654654,-0.2895676271550707,0.41950863406498384,0.05562856423368806,0.17498881390594132,-0.11828255213713373,-0.8763312400227878,-0.5435891097390074,-0.36251912667660896,-0.17675502887484482,-1.1469257211989694,-0.8320859408283728,-1.305504829995097,-1
-0.03385917694557977,0.05813583276152876,0.06261389427972033,0.8519925563745215,0.5234911068672592,1.1805465669477802,0.22551459686039685,1.0008531104188556,0.9194268071285123,0.8154626118034936,1.0277684706899866,-0.49217508585280495,0.02732863730317859,-0.015585201351573956,-0.056660326719972336,0.23932162634962797,-0.07145984699107547,0.6300680185565706,0
0.8292056948615019,0.7299847925355882,0.727954751676367,-0.4081044957527527,-0.20125896033303178,-0.7171365617039633,0.623188379227603,-0.15019011622774553,-0.49652182934588945,-0.4952116418199731,-0.35116029447372454,1.1070615619740738,0.7292615679572736,0.7595113990958986,0.7667015075187871,-0.6413322527897963,-1.9660272710204167,-0.9817447335100458,-1
-0.22079823750524238,-0.2300197833858655,-0.2594763336100707,-0.09813559903837193,-0.27755673491893673,0.5297336908411685,-0.2191122539835683,-0.16606674503989066,0.568297429732282,0.19366394630462444,0.4398169445540138,-0.17699899393206664,-0.29111547886501965,-0.2585315198479512,-0.21948271862695778,-1.563949485503148,-1.2007973767631217,0.09763317672828252,-1
-0.5576616154094106,-0.39408436493056526,-0.36325153305695784,0.2980670524496113,0.5245528590928149,-0.633122087071639,-0.37513309680799933,0.32084329617358703,-0.393152541986122,-0.05753886882489492,0.0012453145022289734,-0.7408391943805047,-0.5352600965257073,-0.369642911428871,-0.1986255573710103,-1.2255086999456741,-0.7883049054418603,-0.23610447186717026,0
-1.274838660399827,-1.6298515932933315,-1.696462074451372,-1.400184262726002,-1.4994385359584572,0.018221967169752485,-1.8165052131947528,-0.8801343916485094,-0.189827193010601,-0.262512203815458,-0.1786030156228925,0.013687250834295756,-1.6369186659480264,-1.641641329601259,-1.5984802585060804,-0.30277259500847253,1.335367706335335,-0.770807398077901,0
-0.4260921901667334,-0.337836935378262,-0.3169525788606627,0.2720716333410984,0.47133644504129363,-0.555021103841338,-0.3132881949137558,-0.4664602889166387,-0.26308502192183814,-0.6975113508600038,-0.7316210384228605,-0.7239254510018003,-0.4713814397143595,-0.3392051979516762,-0.20143405853522375,-0.8928625446165388,-0.6654297752111853,0.15476953085818637,0
-0.09772081597755447,-0.10722983842283959,-0.11017506408754318,-0.3064881591567661,0.023593332106059673,-1.0740000068453723,-0.22285740473974483,-0.5188301918736868,-0.6481899166628724,-0.6168062625603326,-0.5589531538106459,0.021218353248466108,-0.1327978037661746,-0.07109469998746526,-0.0093167164248081,0.04017252060873192,-0.18352097265117145,0.20857851053010154,0
-0.924266145243192,-0.981134596446265,-1.0087136433982509,-0.5718752720019241,-0.5588541045734875,-0.15667151446396724,-1.0644160179295614,-0.8446055454484841,-0.41251714595794076,-0.8067570073271533,-1.2327044223067989,0.3028049638457281,-1.0060312456311384,-0.9563774784145493,-0.8805199084874041,-2.2012546281279777,-1.4083939818989328,-0.8127125857544583,1
-0.5089180437288533,-0.4607341930165405,-0.4237657270413108,0.6814098554488786,0.42591734654505375,0.9220048823019166,-0.2670054468232724,1.0325896328024744,1.0856557944453957,0.7580428075678436,1.1094968200525712,-1.0281203725825985,-0.5523919408493329,-0.4952791613175427,-0.4256099926715129,-0.5601821132473978,-0.5113473660914739,-0.42783226821283066,1
0.5573082757175463,0.9593241150870261,1.0420108834637778,1.5705277727868576,1.826422186403131,-0.4634070673764388,1.172543799169346,0.5722657241345139,0.619006124694402,-0.14852530464140143,-0.08999506408134784,-0.17324982257731283,0.9343775330383377,0.9735927543030889,0.983234300633885,0.792011311369222,0.12378282978281334,0.013704221988881691,1
0.5588314583113971,0.43242281126458426,0.40379242062174703,-0.31741808103053376,-0.3633827959883214,0.07602805670508962,0.3787874964834859,-0.7779020670399068,-0.17260307357458488,-0.8506994199638539,-1.0363398680477232,-0.04035553313214088,0.22986025034704033,0.39999529580708765,0.5530071610664659,-0.8884348928712285,-1.789776958398966,0.12495995422594544,0
-0.17586279662971407,-0.2529169433728771,-0.26516606702108936,-0.7264627032590032,-0.554658920337059,-0.674770006171982,-0.3872022485723437,-0.3642138214703881,-0.7406883808445782,-0.14978293813312585,-0.014871455801453036,-0.2718704397125507,-0.11311898272438577,-0.17526744835382985,-0.23031335505889988,-1.688061880356786,-1.234217284073086,0.19424821279029356,0
-0.762612839639589,-0.6653944966743524,-0.6220351324476743,0.041113572725661435,0.2978294028788417,-0.7782192785393407,-0.6438822416028194,-0.2364904949196044,-0.4400792185879436,-0.8843731440548717,-0.5890365172333129,-1.120472993396433,-0.7374447644469977,-0.5916805177610607,-0.43341929066174534,-0.4815162052367277,-0.5991620786012262,-0.6773352434841657,0
-0.2887726031862577,-0.4257129737545555,-0.4513273073453032,-0.5296868003769598,-0.6738991988765786,0.3337294144440969,-0.49857966309288304,0.09778043763287322,0.5049096802703175,0.7024607567805389,0.5144151567190446,-0.34668369711231917,-0.388510850787249,-0.39332687618560513,-0.3865512992680926,-1.510346551328705,-1.1848127536644293,-0.02801141646342226,1
-1.6307805343824442,-1.4859302492103375,-1.4410149965502084,1.2668631833116812,0.6327581129958567,2.2016737570868923,-1.1014989899369045,1.2836029894396133,2.4780613870369392,0.7094593133639563,0.9527105638112112,0.41953227403178134,-1.3430552176570436,-1.5965862576313459,-1.795510223093962,-0.00923300512864618,1.4694896134918523,0.2933788949482898,0
-0.00712643193677196,-0.05931653799398959,-0.05121491816917951,0.24078924299142118,-0.02901629036660627,0.8758905268688914,0.045671792270325556,0.19049417280557707,0.33688110954901757,0.4280059815856552,0.5412568412264326,-0.5294218036307847,-0.22411355563379895,-0.09931202081412585,0.02434754865749602,-1.6296820747224445,-1.2789427522940635,0.59398510814059,-1
1.412756973074766,1.8262184165111366,1.9325946312559197,1.5539672936980284,2.0683943547604766,-1.2589699589597392,1.9754056096036603,0.8421459896443577,0.10810435728054867,0.24759124371526073,0.5104644597283394,1.0868892306269136,1.9378598837084904,1.8853351382908359,1.7796895413920497,1.1678445478282364,0.3377938472695329,0.22432681450849293,0
1.5314169268424058,1.2694507723202526,1.2077930033467885,-0.7127977213949793,-0.9786889417885053,0.6691809740414149,1.1256353637326557,-0.010186289264077419,-0.049983679920936525,0.33316826510504577,0.6440560680020185,-0.1474264090871517,1.2689407749369752,1.2652948227149008,1.2249777315933879,1.5079271452837395,0.9906813632965862,0.774891279947802,0
-0.5521398569745237,-0.3551879683091788,-0.3018065018886287,0.576471885707072,0.6718629476540086,-0.17458061515008827,-0.23100200491101253,0.658998729610578,-0.24720627437824974,0.23055027359130972,-0.29357872734887935,-1.3609917959969227,-0.5306653846559809,-0.32347755490383023,-0.11357402938876751,-0.6774092955420562,-0.519019519874156,-0.5358533487584738,0
0.6461509431212686,1.0294118393416625,1.1026393504169036,1.4234251106527163,1.664082856293373,-0.4467570119094632,1.2024619679388375,1.2027189028244363,0.08265304461954966,0.7048744822234765,1.2453870153769488,-0.5242468698576206,0.971916788623186,1.0469577178685117,1.0891351496315682,0.8610314833192892,0.21940236684960726,0.8376004557617667,-1
-0.9236950425623724,-0.4739569341253515,-0.376044495241391,1.7249180467332703,1.8786774060003366,-0.1189251406046023,-0.18182072214997994,1.3583814642745495,0.11713160377050973,0.5113103088648073,1.0243773248043926,0.30330848493482476,-0.3263452953499253,-0.49703705304325607,-0.6477661353411253,0.2766426080613694,-0.42536313688053734,0.9706285308051967,0
-0.15990687280677196,-0.03741155804318391,-0.0008418815953386512,0.26213989471689514,0.6831120390357991,-1.236392372821884,-0.06171673127863442,-0.5224279779641827,-0.9647911827069124,-1.0657021846182386,-1.616176325935197,0.14072757673272654,-0.12427622554975756,0.004028120011725047,0.12807275616054592,0.12067287394591382,-0.22381777639460929,-0.08948311690224237,0
-0.19223755426487255,-0.00438140739554837,0.05376316027437702,0.8659393995917567,0.9669216639227686,-0.13260570250573145,0.13857182037457524,0.9566450330482221,0.22243193026458347,0.5219077617602654,-0.12133064108051311,-1.343646147071885,-0.1234596051119599,0.0047681567833846505,0.1287171651309897,0.25915120104417727,-0.2733784616614023,0.5986326837574256,0
-0.643686291874941,-0.383168338410085,-0.34427710229081226,0.6358122480840922,0.8409276721328948,-0.4986750329981032,-0.2926755796123371,0.297562017728895,0.281274590948675,-0.23847494369020145,-0.41286759970565,-0.8130012418140351,-0.5263584352454733,-0.35743076949689645,-0.18356489298134732,-1.1399860211964548,-0.8277888917564283,-1.618441116012189,0
1.8181659210276677,1.6096890044113148,1.5496037874181101,-1.116040626730006,-0.705214397173245,-1.4867182784420219,1.3078594172308045,-2.2392477950532106,-1.424226331957513,-2.236800116255791,-1.2711520216855008,0.30301801435708364,1.7473838598807312,1.649419998485926,1.5066616973619043,1.4711955239316117,0.8796097118088881,0.7442802859394995,1
0.5921141615757293,0.45629805330867673,0.4173580927557641,-0.3355322752960047,-0.5548897558206844,0.6036297401514455,0.398216625994012,0.2660295942953294,0.0877340564696837,1.243600625965861,1.013728095450178,-0.15724540733167694,0.32967372975395237,0.44597561667025354,0.545555553658448,-0.7672763842251432,-1.7695283451334496,1.3822965069604425,0
1.8301994615506778,1.757973750835137,1.7486371741239237,0.29091617233065137,0.08268209668244572,0.6974622448962278,1.7850553849101716,0.6286084081798977,0.686673895332659,1.3099261689469097,1.4219448597309874,-0.13825388188718285,1.566718436096456,1.7184367828110734,1.815292460286914,1.717526692656682,0.7081128902950256,0.4026274280201179,0
-0.8711053527564824,-0.41957885062857087,-0.3171545737584494,1.7293815548526685,1.8717701468649752,-0.0831720519375108,-0.1315342914110965,1.3732422573276166,0.021346222336891527,0.7375429104495098,0.9563850214765319,0.16699006106546935,-0.2627430624693018,-0.4411575536675026,-0.6009847384144007,0.29038250770904983,-0.45625805448507334,0.32470875609583816,0
-0.4014157140588931,-0.6468851069851487,-0.7167841037895338,-0.7279289433098325,-1.0549527896852295,0.8534104815353563,-0.7448382826109072,-0.5947384544675981,0.274149933535127,0.6560459510896492,0.5937919075025031,-0.8663919078049597,-0.8390676465306952,-0.7062150161487212,-0.5571183975520834,-0.6943584326862081,-0.4536185624429359,0.026011177097931125,0
1.3646989163636296,1.7938379089607737,1.9110300690216555,1.6675927598079607,2.295271907654239,-1.5827892106744,1.9721718283792715,-0.17130806857152717,-0.7862561182128547,-1.3643122897310476,-1.4958658303599455,0.8957145315579882,1.9889352818557553,1.8248298532440834,1.6129654138681255,1.0797069927017957,0.3010288372555667,-0.09029437356891569,1
1.716109186304895,1.675993006583823,1.6608774533377433,-0.43873432786566263,-0.15151806746755964,-0.96965845725886,1.5202259357285524,-0.5441447420680233,-0.47029806603780183,-0.7404381133017348,-0.68908289835935,0.3441872010704362,1.6979192702427726,1.7168640326230655,1.6852787437963543,1.54035227912924,0.707860059716136,-0.2323769011710734,1
-0.4531296036530535,-0.6140270423704173,-0.6214731694921176,-1.1209478612893653,-0.7622362120016541,-1.328033701186572,-0.8231209813939344,-1.3301648915837272,-1.7215552753353487,-0.7767395529921037,-0.9895688071945803,-0.048763711759560596,-0.36549772444183193,-0.516095196837047,-0.6468246607292126,-1.7864545349419878,-1.256748073140723,-1.2547324434805829,1
-0.7581954590397385,-0.6082700788511676,-0.6036314971199727,0.4783704631653501,0.26592598351706476,0.7486403355067387,-0.4933356337323733,1.2575328941662474,0.855549175232431,1.256500565784259,1.2515801010512504,-1.1956138806358156,-0.7571355110536666,-0.6287793386059719,-0.4862854672122014,-0.22761440733505406,-0.7060613479739737,-1.0443609261817302,0
0.4590595701129,0.3451044016467559,0.3286588295815802,-0.525136233786603,-0.43540717543110025,-0.38217179616895264,0.24492945644242137,-0.8431760313816695,-0.7514751322494817,-0.9688053399301481,-1.0406103311413109,-0.19523528910051213,0.2243098287837945,0.35160958192345576,0.46457601762578465,-1.0452332945313838,-1.66833412141618,1.112768714698667,1
0.14679649030216899,-0.04140885987548469,-0.04799243853678648,-0.962457277060101,-0.6190849616725024,-1.2486691409652015,-0.20748786720954826,-1.5568727561967217,-1.3426306715592184,-1.5002567160784175,-1.7311074761909098,0.24230559893282053,0.09739340535608128,0.03724126254118458,-0.02205153662174002,0.1530576891668483,1.1929530327179307,-1.9382487315332184,0
-0.09996761707473069,-0.3200966547438579,-0.33681383177186813,-1.2462579078687395,-0.7303699601734838,-1.8352319760783167,-0.5879840762383106,-1.846980955941515,-1.996836514442374,-1.4580871496504526,-1.0121582843047723,0.5277987584272552,-0.14336784749615858,-0.27425916289579716,-0.39295018777268315,-0.27207199395998183,-0.6723729380460722,-4.437789918700892,1
-1.2896522045407308,-0.908448579574577,-0.8076785889779818,1.192633119922352,1.473293355618324,-0.6164564658909651,-0.7023826272553471,0.44299343708653616,0.05841812502324577,-0.1580336809066891,-0.06953527809313219,0.5083394451489864,-0.9059181442752047,-0.8244502630657906,-0.7216415949077517,0.09043442643379329,-0.6303155561701221,-0.5257901173752924,0
0.6880399025954944,0.6221552246186881,0.5907089102458297,-0.2805900461570515,-0.33593104136627827,0.11227835052039717,0.5587699425296561,-0.5937207891485473,0.10864651673359034,-1.0234955141350977,-0.4137023015957932,0.22761510554857065,0.4054884772782774,0.5841941503985357,0.7401442802607796,-0.4971705623650976,-1.8971084526950142,0.0012781968065969456,0
0.36808436863360267,0.24337457316573494,0.22872960200236805,-0.7097988738390963,-0.4000831628281859,-1.0939494343772684,0.09918766249651646,-1.923409587230827,-1.3129856231649257,-2.049203873408617,-1.3118007558505367,-0.1282852294076789,0.20579922419021915,0.2653850104232517,0.3153307822340809,-1.6496609429286302,-1.524945888194885,1.1948767115806267,0
1.7514863055841978,1.7724565765241749,1.7743197198935636,0.13369136457542524,0.27523352443822646,-0.4064068097728976,1.749128195977348,-0.36771681480022217,-0.17305097642443798,-0.895239573572996,-0.8552972182901739,-0.12866220452904395,1.6200478649710621,1.7597912827112947,1.8438562728970869,1.6303562636073656,0.6918288569399262,-0.2294748343295007,0
-1.416766145649657,-1.015334144297166,-0.8993280454624771,1.4816226729086315,1.748064601757099,-0.5138799527551267,-0.7198204346924492,0.6920257933225404,-0.30263007856824053,0.09620985693532975,0.43784497015039126,1.1800109329686534,-0.8003590889496746,-1.019010761802704,-1.2009747124207042,0.09992784769047974,-0.5949352069672593,0.20247759775583068,0
1.7453933718349908,1.7738487312528017,1.775505091348311,0.1392132692607547,0.2507165647579869,-0.31323585912761137,1.7501441275447314,0.08598816528609216,0.14208679010744366,-0.28701861954379015,-0.15149610733865454,-0.1753663005143669,1.6211792845778186,1.7609014966825347,1.8449136860732107,1.6610423832894101,0.7145868227104089,-0.0158545157637589,1
-0.4118117759130478,-0.6194876625640156,-0.6686939977611971,-0.2844736799353509,-0.7635052783631318,1.409734526835124,-0.6126391540597408,0.7768785146298662,1.2216884589350565,1.650087195413866,1.3337036494430423,-0.761306665635442,-0.8304661736733588,-0.7008490878302268,-0.5550395631397874,-0.49654650923550847,-0.49476455871193953,-0.6166168551777388,-1
1.790900002551539,1.5195148666322085,1.4446959635549708,-1.0129521088401885,-1.0040821507307747,-0.23401629646919436,1.2638620169866737,-0.5715432194874845,-0.2921646727793983,-0.2910432501400163,-0.01517096134399251,0.24727884645815432,1.5320371262494763,1.5161973570443341,1.4567850809755813,1.5866434776207403,0.9126872657173111,0.6117548644157467,0
-0.7595282837577852,-0.8238089782077952,-0.8003819532802834,-0.059688014214749355,-0.12208829175410409,0.17901560151171916,-0.7716910135367325,0.01955728794948584,0.2782399556125743,-0.034039828286386284,-0.35181350631305697,0.5778418453550681,-0.8473939339398201,-0.8270405152884106,-0.783297781222413,-1.367963776962059,-1.2140261239804986,-1.0534299372391882,0
-0.8035116883003811,-0.9272234839436548,-0.9559524769529651,-0.46870982219676655,-0.7012072544748441,0.6166985617624064,-0.9540849696702054,-0.19564674205909904,0.35197408874390296,0.39435179380883956,0.4767134467634282,-0.21790582323956062,-1.0336159482705702,-0.9277901568480318,-0.7984053867974896,0.18098495226714817,1.372178048016693,0.8467875852162974,0
-0.895248524656704,-0.8972959503484984,-0.8853143852411915,-0.6011868078526922,-0.26166563742684823,-1.1630998706382127,-1.0009925575370564,-1.0298085881607641,-0.812723394480394,-1.0844091390363932,-1.4520911027923036,0.5414077911820004,-0.8127844422112563,-0.8249126581147821,-0.8126646850875537,-2.1576783212064212,-1.4984818487851903,-4.911151574689094,0
-0.9216766592948034,-0.8585079368197686,-0.8289708749384973,-0.05876639118177776,0.13495029638403028,-0.6055755722820578,-0.847518288426975,-0.6014082986221221,-0.7307380062628099,-0.8283818583944271,-1.2491300233624583,-0.651637622806988,-0.9643674755342089,-0.8127931575355505,-0.642480528591505,0.11842326138711273,1.4103217624299735,-1.1139394462586496,0
1.261956768358332,1.269842196749064,1.2417204022611663,0.4833729763125812,0.05193603600033882,1.4206863327660906,1.3638962982282616,0.7632575726672713,0.7451185595402703,0.8186822692897602,1.082205768105514,-0.4571931077633421,1.1652317417241227,1.1766648229022862,1.1535168510603573,1.3772955309669896,1.0307440967111265,0.5119004430746118,0
1.5217824708118761,1.2755603092137886,1.213236844051635,-0.5732276093901753,-0.9044049101962849,0.8977261545084029,1.1639916337339158,0.07469038137098752,0.22429983243385168,0.5728482803209073,0.7497343009965639,-0.2615469880138255,1.263933854261767,1.2627968942175265,1.2249804149732908,1.5272205968723012,1.000463140150777,0.8380542337755889,1
-0.11413369167331298,0.12306048921771087,0.17497617627558015,0.9340686340067738,1.0603059594201925,-0.19607936143158464,0.26726478031426315,0.10974971848220945,0.1458551325582017,-0.43248358507447776,-0.8536982434795334,-1.0484224088173077,0.0005407817449022481,0.12957190500737725,0.25066962703790885,0.34294695079906107,-0.2379359716805233,0.5023165613423545,0
-0.28283189472555625,-0.5985395272347713,-0.6802664561765104,-1.243866600863589,-1.594647295864312,0.820854173363829,-0.7693133056635909,-0.3866490039378235,0.14041077401367733,0.20459044778122984,-0.04835778171969811,0.8945913116209253,-0.5753511084096571,-0.6270214821722057,-0.6587927106883525,0.06014222075558462,1.1432550608769834,-0.5019094646045295,0
-0.7623082002154787,-0.491286364723564,-0.40920784586744724,1.0772401061565193,1.2714123997196998,-0.3750073383309731,-0.27909545602493635,0.35965053257575796,0.16702302937027574,-0.2752347957647412,-0.31364742130791595,-0.47884870619325365,-0.5103614039055594,-0.4822344824289446,-0.4409945773490025,-1.3383916806714498,-0.7417629298849601,2.0240472071265563,0
-0.8974953983873809,-0.44363557976131934,-0.3434780925097444,1.751964481360663,1.8775164663844657,-0.02697098745567197,-0.1480673297409721,1.5600294853956835,0.7602844584597285,1.042797368014332,1.26386202627132,0.28075450403031443,-0.2904493784262529,-0.46641433919613345,-0.6231367328253006,0.32292099210630215,-0.4602643112749502,0.5379761307866376,0
-0.24718828313614222,-0.3528560716906839,-0.36827383958042864,-0.7334646680939398,-0.4721192091805339,-0.9505683809492449,-0.48256944148014347,-1.3503956605139376,-1.233394295237793,-1.311805244763967,-1.685795972225483,-0.26412385022557505,-0.3852797013795341,-0.36279669781539087,-0.3304911764842998,-1.7766520042302945,-1.2757660266202409,-0.9075552134864087,0
-0.32662494139234527,-0.049989713320175475,-0.0026330099812774625,1.0060293444373964,1.084449483825164,-0.03486674453685471,0.07733341213227492,1.3929695796631072,0.5021948497252046,1.5150476132606725,1.4376858472885723,-0.5985467326098315,-0.18302792313374025,-0.04454259424183727,0.09076651883744426,0.27952773382392576,-0.23420068605265051,0.9407386156836305,0
-1.8301339674303299,-1.5030607432284562,-1.4507085443605845,0.7231502853005891,0.5716498937591139,0.6118811116283362,-1.2724814119936687,0.5450085554360649,0.769907445735363,0.8118242343043696,0.625510840449126,0.668526615393129,-1.5941312530595944,-1.495651615701793,-1.3568650570919731,-0.2683715360117553,-0.7153331785364863,-0.6885101312988695,-1
-1.428647301090463,-1.1994682577564237,-1.1585857586008779,0.2193815022865407,0.5085546092643413,-0.8412720447804228,-1.1753018625674256,-0.22902747613894006,-0.4815772469566084,-0.49037369531755465,-1.3313958720188226,-0.6830948915613836,-1.210796832483405,-1.1100460840518955,-0.9802733478859482,-0.12732594393530558,1.401075971417427,-0.747178074029884,1
-0.9168784757831403,-0.8341176960165515,-0.8002415446027632,0.10985217681089798,0.22692484953852024,-0.3362965569828391,-0.7833881443001685,-0.33835200444138497,-0.6382650871367475,-0.751183024749373,-1.1016942008498936,-0.7161643724948479,-0.9715562610876726,-0.80862994337326,-0.6274528860151903,0.11567951126676887,1.4578807583398277,-0.4127247311666267,-1
-0.5344703345751228,-0.7369167929531744,-0.788045547059957,-1.3665950858373845,-1.0795490237132899,-1.1585993733642006,-1.0185091709987844,-1.6005705551470752,-1.1411017330885989,-0.8103792159176082,-1.5064590047429836,-0.2781377912213013,-0.4169099769767759,-0.6502430165880039,-0.8571363550242277,-0.9892028041010886,-0.5966627071849268,-0.14773968221837025,1
-0.5394970085498937,-0.7558419916653719,-0.8143427257864428,-1.3196614212089532,-1.1443281180625995,-0.8067118358785818,-1.0208269311587035,-1.0485054012679025,-0.5893421950139844,-0.4140329609030982,-1.0027996501082392,-0.2591598952575157,-0.4576099126059006,-0.6809582306200916,-0.8772961715625752,-0.9349780046293975,-0.593913458286755,-0.2513204678702894,0
-0.38283228791386076,-0.4704805857448945,-0.4649105875045508,0.3910397602852705,-0.0852645930612118,1.5393127926905616,-0.29381509219777907,0.6817287216019421,1.345890845845282,0.8185705083409387,1.2129735843424576,0.3563441632629355,-0.5085963893776443,-0.5731774103690029,-0.6190079710353716,0.363764071339249,1.2105511667058182,-0.03940304454213735,-1
-0.6475324245269719,-0.4540304225617523,-0.4057834986161262,0.8449204681482911,0.7910012034699856,0.3377430358909885,-0.2772203205694184,0.9789507499557858,0.23452830777578737,0.44744342281522204,0.4898388219065735,-1.4431934579063521,-0.5302511059712959,-0.48593505449863394,-0.42892112607938065,-0.08913316312700285,-0.6693343931061996,0.11571568689633413,1
-0.24128575084284198,-0.3229410829742273,-0.3409932340553278,-0.5996278372506546,-0.39560302556338117,-0.7476011322918631,-0.4237080399585928,-1.122929866519132,-0.57190721927253,-1.206285109475607,-1.5517248568337865,-0.19462818411245772,-0.3885976938731661,-0.3438309836226777,-0.29051266880538823,-1.7129792070686116,-1.2330818562691273,-0.38714685064242604,0
0.5797759816286088,0.9732866748064896,1.0537151056425675,1.4974459402713363,1.7814163900208302,-0.5643588755087615,1.1678877504396943,0.920948230963164,0.4020082099372967,0.12610067463946584,0.6337377034963023,-0.20645603021130005,0.9433476439525436,0.9879326828248018,1.0023537322216354,0.833001913011434,0.15478657441806676,0.14180299193490084,0
-0.8832149696069943,-0.8076874385660314,-0.7769208456203015,0.5119343221200431,0.31795745697229116,0.6989063943279732,-0.647015723070227,0.6933793566662256,0.5904126557694263,0.6751320846855223,0.679915535808127,-0.8653063911187854,-0.9740359913265547,-0.8274106219040995,-0.661462146240839,0.22323730807504535,1.478367689119628,0.09708889707618991,0
1.887739676370336,2.013278141469892,2.0361062864286343,-0.24765155161196542,0.5795890921512192,-2.585353428340574,1.7700772226231787,-1.0970721528288685,-1.6460664377799354,-1.1319721995832446,-1.5670846849241413,1.5588534915586973,2.328564896961514,2.1366077439440163,1.888725791793628,1.2282359090262016,0.40024639286125097,-0.8010029696176906,1
-0.9515701672532213,-0.956382877996818,-0.9505438522985823,-0.5404509064776983,-0.24520016092163946,-1.015047066540797,-1.050593390732795,-1.2393392972004706,-0.790985395576667,-1.2147802995787131,-1.342704682816841,-0.6580821776510133,-0.9081450609739171,-0.8808847635513302,-0.8288926156743766,-0.028163901643590134,1.455228289768148,-0.43679099233407703,1
1.9407101690880386,1.6876399024707711,1.622138434603936,-0.615649974123525,-0.7782058862072716,0.3723835329650592,1.500037658574583,0.05449988013343901,0.2158678680905578,0.6081706683360865,0.6885428902347203,1.0269981335780833,1.6180606707265615,1.6485874262373528,1.6301953446234907,1.5918776060398654,0.6426653311684667,1.241734161875805,0
1.2604335131309816,1.1880296747572523,1.1365666756435204,-0.05096768094097322,-0.41517826397418195,1.105586585498235,1.167622542175555,0.7907569609614999,0.7929070263779027,1.6904866481509588,1.4179174517712991,-0.23011611116970243,1.007229401248884,1.119120037861618,1.1948592596023588,1.4278694633568456,0.9875472112709821,-0.04551276705428861,0
-0.7631459840535069,-1.6655687869367404,-1.8926594353081696,-3.932992549898163,-4.418196182006547,0.6836454733387896,-2.342607116098499,-0.3450506395803393,1.2048912414872057,0.30182043408941955,0.11748921978156415,5.33195903890611,-0.4441757974338304,-1.5661485794460968,-2.6063597034734665,-0.3809435319976605,-0.45268445787121053,1.0340492850091272,-1
-0.8105185984287204,-0.5611929880630118,-0.4865980307777498,1.3410685073375626,1.1487856610749214,0.8630188548971771,-0.26558579051862136,1.4461956029012988,0.7641794369436928,0.9854205189559299,1.1284922417279637,-0.40861314781719227,-0.5697439327083414,-0.5823365168179839,-0.577590898671129,-1.1467356923327974,-0.7819401731015405,3.7649871783106796,1
0.4575363875190492,0.8836645433870547,0.9693269750208878,1.8297647137633368,1.846665983159963,0.32183673603801405,1.1672997918482964,1.8319742044798533,0.8454913555008773,1.1008545251749318,1.3685572996497044,-0.26395735267831505,0.9028312208653396,0.8769138267207903,0.8263366797832509,0.872411232783712,0.15084795511168086,0.5079352195793897,0
-0.7239226885420714,-0.8336647504176706,-0.8450915663229198,-0.23724030195629917,-0.38225340585207235,0.39589834247981864,-0.8051753007294188,-0.17923147818400034,0.4934598740012801,-0.008726402573550302,0.11914161307466763,0.6510058729579462,-0.8831270072866256,-0.8902287997863527,-0.8712176046266372,-1.5949545077944867,-1.1942294290909679,-0.17606311118994641,1
-0.4370213238013038,-0.6108706926300739,-0.6347403157625525,-0.13573517030886095,-0.4663354731886565,0.9852909283209299,-0.5710966560837983,-0.34016108894698804,0.248501755105738,0.12238521758679226,-0.04051204104173724,-0.8561650393062638,-0.8059238178446515,-0.692707695167522,-0.5630063057786516,-0.690645160291414,-0.578190442761505,-1.5511570512418262,0
-0.5132592753676999,-0.43700404441937263,-0.3966344330149336,0.7770708508844598,0.5073364278089952,0.9851774442837565,-0.22650433401316805,1.428626752782606,1.4811270873030058,1.1577969833105468,1.1613858491735032,-0.910880186398276,-0.5129680137646819,-0.4736305182575288,-0.42179216045071394,-0.4839528253694207,-0.5332483079381873,-0.5386463345171268,0
-0.0837451573615787,-0.1068355901006421,-0.14239892256725037,-0.366726645936801,-0.3739338428534792,-0.0527990257293767,-0.21518376740075898,0.08834783233717114,0.4354019515459544,0.6438121944086784,0.577670844856493,-0.04698559479201142,0.043310571101767455,-0.06082537956724697,-0.1598305523779517,0.3690308088785011,-0.3296514983887628,-1.6899045906725532,1
-0.2629917928234811,-0.09258540581932594,-0.052689996402395654,0.9640792503361064,0.8536573127207089,0.5352067422809955,0.08585815176558459,1.886539567411719,0.36017002309549245,1.0861024471464604,1.3358040730505987,-1.6549692597628054,-0.14328125755646226,-0.145199770908439,-0.14283461045780108,0.2763781928956103,-0.31050585515839124,1.5204918880556346,0
-0.7954766219315073,-0.9234745761672817,-0.9512900647995047,-0.802464277277097,-0.8576302917191699,0.005179256298949334,-1.0281896789069533,-0.26753482197015965,0.015764854841591187,0.1543151379745912,0.28343216679732197,0.21058743986761824,-0.992478296376249,-0.9084543360396284,-0.8007296718266663,0.18735414894117697,1.3331379438868718,0.8951538090241694,0
1.262337556743446,1.2933771074981324,1.2820748811101623,0.2591834155055621,0.17198733117500495,0.32010476400177584,1.304618041939348,0.5249838393701325,0.5125399001538565,0.9537039483568285,1.0040726330739724,-0.7807996180694615,1.1558985886646829,1.3001732509092778,1.4019867273723567,1.3141254143312278,1.059659465454769,-0.2501395351785724,0
-0.9194679617315289,-0.9563596892792409,-0.9836545262244637,-0.1937396248996625,-0.438849670035411,0.7114923460465619,-0.9506600385311457,0.33750041895251115,0.9050380321653427,1.3688934956036456,1.401984711334777,0.28098624844012,-1.081501601029807,-0.976175870731665,-0.845868185928361,-1.9406209742961649,-1.2886803527273794,0.9081241632104413,1
0.11446580884406976,0.40587376078511406,0.44685138094483895,1.417050810140226,1.1962706596824413,0.965853744167279,0.6610448378303626,1.510038506973593,1.982775227716477,0.7257707422453461,0.7549893476996872,0.18842381969634936,0.46344994645907994,0.35512522420710485,0.23997262514770146,0.5784784581774968,0.06551773741596574,0.0947142990514552,1
-0.8946773057622849,-0.8914788453470703,-0.9082224227184897,0.3065127112455587,-0.12593093016124063,1.38765742860056,-0.7742054201958788,0.8131834490961332,1.1782862892795947,1.162875009670498,1.261770456589121,0.14677191699149977,-0.9938297944570013,-0.9514741568967104,-0.8828216459748554,-1.7872745553398168,-1.1713557180285048,2.3150816788391064,0
-0.4229314853239257,-0.5644377425504054,-0.5577189548390126,-1.0498800649923499,-0.5355524392230836,-1.7903519950758988,-0.7621616739704272,-2.3632735181066877,-2.2725328796577493,-1.4042273133817036,-1.484272503025863,-0.17133056036159988,-0.38081691978324117,-0.4847323756343745,-0.5711989396585434,-1.853382514079299,-1.311744654433892,-2.2102958255345504,1
-0.0002337597766360344,0.13536547074060284,0.18068351101294508,0.8665168240855474,0.7958801306195776,0.39337747061140244,0.2953312517184864,1.124038948001111,0.29862712506041345,0.6708969543522229,1.070680978115113,-0.6676758637827286,0.12012891029095309,0.08756986852045896,0.0535159453916053,0.2521142987762358,-0.06193636910121889,-0.13780625467896107,0
1.7303514389178776,1.7338727576534805,1.7323320556736213,-0.17947413364202225,0.1229714616356597,-0.9633842895517414,1.63436401206368,-1.2640242802334203,-1.3074480256817345,-1.9256326946009108,-1.6700295757114618,0.3957171280424905,1.6734079349736115,1.7617341395149928,1.7959855461406116,1.5671706237802334,0.6780365089476333,-0.4162829164484044,0
-0.4382399686579469,-0.5330672647330162,-0.5040973665634607,-0.16486465103799933,-0.01429802323930443,-0.495022052722763,-0.49472592569163093,-1.2515624803087404,-1.3477143984798665,-1.628665745514309,-1.5976599706384158,0.7550375781648015,-0.532931336303029,-0.546717945976114,-0.5441634231049769,0.19192578089101026,1.1056050654590606,-1.3825388418964817,1
-0.571484961576683,-1.4634418364193995,-1.62928361805442,-4.907335303971213,-3.918504969960719,-4.031961152938308,-2.4213679175844645,-1.6758508376352519,-5.293481234338145,-0.8111992421018923,-1.408173766219095,5.597410741699512,-0.11194930684940291,-1.266397724432376,-2.346751289210241,-0.5436745015061172,-0.6012996312445482,-0.45532010396310163,-1
-0.739650078321807,-0.8187103716655761,-0.8060277319423742,-0.0688866709929739,-0.1741151316793931,0.3083690398460197,-0.7616212926942781,-0.4764928226182116,-0.8047443638064893,-0.9806572946773129,-1.3059513757653596,0.7020726063363727,-0.8354589689562493,-0.864139336133322,-0.8667685630831229,-1.4850404155551722,-1.151182184257978,0.37606129341609795,1
-1.0314258045886393,-0.560063765046978,-0.4787133064640777,1.9487894780836426,1.841278232563856,0.727358638468558,-0.20599612962917616,1.404487610004999,1.765769692851728,0.48869933752819605,0.788591485876177,0.660090991954602,-0.4152033850623342,-0.6124041589714303,-0.7854320191195818,0.19743328417024242,-0.4773692474289269,0.7104317591162748,0
-0.21371516388920359,-0.5790839474978826,-0.6400173709211893,-1.874430023344689,-1.4464877412259616,-1.6940219419147344,-0.950145837144398,-1.1505398024919273,-1.1889538034541831,-1.2197362087342472,-0.606610679244354,2.098502559886203,-0.0934653290777388,-0.46928230372531043,-0.819320658471164,-0.41653758471506647,-0.5004890619410103,0.35704512966439583,-1
1.298019329973559,1.1959494076781572,1.1550143059134752,-0.74800801242197,-0.5281927656097799,-0.8262834596989731,1.006211910003429,-1.2400855533925323,-0.1786282730104172,-1.307810891597919,-1.3903528406484853,-0.048905585857599576,1.317442734329957,1.2526202504419914,1.1534703650292828,1.3226200380330944,0.9269070149405364,-1.0988947645274105,0
1.2776080091770647,1.3101510668628495,1.3199007510718772,0.47644810417168537,0.3968578207196155,0.34116336342890635,1.3878494511937054,0.18224876654289748,0.18144936835452125,-0.2877489316860747,0.1119554815981415,-0.6576894735303163,1.2479425419047445,1.2412407866344208,1.1986659347328146,1.318948230270283,1.0152514071956082,-0.17070293277918316,-1
-0.27616775660862963,-0.1146052912051455,-0.06355995255632994,0.5660706489929773,0.7806604468795543,-0.5419466105045434,-0.033294369845126334,-0.07812630072120712,-0.42624607258029396,-2.0326478294199206,-0.9852226601402603,-1.1518495972782816,-0.23152239080922013,-0.09968191567815213,0.030800081109556367,-0.7069933728192938,-0.5097749327411896,0.502377727905509,0
-1.6318468813170794,-1.2729858796265163,-1.2074924891344039,1.5586598741395588,1.1082978710023283,1.6982412331732823,-0.9003069886374251,1.467987765106308,1.461922988670549,1.3510679601849154,1.0659649687660646,0.6852823535783257,-1.201463546400063,-1.3177439736140364,-1.3919561965966258,-0.08320038691371678,-0.6275398669788942,1.0488449339463097,1
0.6669050649825747,0.3375826930462422,0.27704795586776715,-2.048195296211608,-1.4317804696900225,-2.3070106387902114,-0.10999098363656924,-1.371328973145413,-1.6014593391334568,-0.9058584580082389,-0.9959633872556348,1.4028768760661583,0.9278861346146342,0.4752106865751307,0.023333965375240573,0.5712715300819278,1.1821182401051158,-0.7741862091745221,-1
1.8187371399220869,2.1489094724972206,2.209685314911882,0.8375859377866999,1.5985794964183693,-2.160765180094838,2.1273451506658714,-0.7730200821209424,-1.1236897376938544,-1.37087514180354,-1.671860582935407,1.251293283304909,2.30171668519949,2.1609393864552224,1.9618773830261573,1.402963388354201,0.4532326170793305,0.31184574639982454,-1
-0.6125741826399814,-0.7036753365617424,-0.7122885274239389,-0.664520445795861,-0.6484342030722696,-0.18498081939654712,-0.7893265308295091,-0.17654716365481754,-0.2382227099321635,0.04318213847069115,-0.5266631677357891,0.5798308749686665,-0.4892787569764891,-0.6171224095354513,-0.7228953122456437,0.4306881957243406,1.1530501380646567,-0.17513420651692618,0
1.7143193806606327,1.7005406085781671,1.6592179513880931,0.06208647155945381,-0.1441652554943039,0.6446626795434329,1.663706167258717,0.6383299953595867,1.1493054202783595,1.0809045168644513,1.0895020850061627,0.10396989296303048,1.6152964306537412,1.675046925922189,1.6841657122583622,1.6140071134370542,0.6991111894825441,-0.37196406446515506,0
-1.468213354086609,-1.7216773525709412,-1.6951099978370627,-0.10608450960992498,-0.5786041367078765,1.4262066794285815,-1.5329172738615733,0.027219985473921467,0.17383402974405948,-0.061196262110166516,0.1737545814144503,1.9516779550189012,-1.7446469025276057,-1.7855033627868162,-1.7731265933046056,-0.2979986406583618,-0.6222967466539638,-1.6206670866731492,1
-0.355642547452135,-0.2309778714953641,-0.20463404059878204,0.773896221295539,0.5784222082726922,0.7569845889088698,-0.08902347463755968,1.4254160740939326,1.0839567666631544,1.000400753900162,1.4635661690954136,-0.9435550342942286,-0.33232485383918603,-0.24678191413274453,-0.15682565402596726,-0.5758524102971078,-0.5385051627357416,0.9019176825716876,0
-1.520460257354388,-1.1475695680896896,-1.0603246276437055,1.036603399369838,1.3119988973199055,-0.6321846850188958,-0.9348680633850686,0.5208456433848673,-0.5436407194118414,-0.42059644743854985,-0.17154531936944123,-0.49096067939858457,-1.2059129210412158,-1.1089359053726,-0.9828473374373979,-0.11156177845992618,1.4708651678915148,-0.7993740456494043,-1
0.5219310983314396,0.4122708208024161,0.39097308491806904,-0.31709598154833235,-0.3535960208344123,0.04709269419112664,0.3582936907847386,-0.38100575924905444,0.005319740899809453,-0.500656678288283,-0.5310940424334591,-0.2401324781716491,0.22552789007207433,0.39546201032105266,0.5484112444286465,-0.8663199710229783,-1.7526141158298185,0.21440701841808943,0
1.1083765600240039,0.8444957505926611,0.7834292153314173,-1.0020063889342354,-0.955351947906,-0.34755837142759954,0.6266917682378644,-0.7886896220446865,-0.8587861471031584,-0.4871720599835906,-0.42382455690781,-0.07798097260278596,0.7895800860017345,0.8256601835999272,0.8365690180692552,1.0767247688563049,1.0757000840120463,0.6851432235355103,0
-0.5451329758995849,-0.7701211436913203,-0.8349151091258513,-1.2458000599082026,-1.1803947059524333,-0.45479477319628037,-1.012636180468338,-0.8921769426011916,0.42015052499868255,-0.09469229424031557,-0.8469698326391941,-0.30685709753668483,-0.5065346741092026,-0.7102856948341021,-0.8868063752034745,-0.889834793021861,-0.6266782418538759,-0.639145422847006,0
-0.14615970465390266,0.07711836250411151,0.12999430370641105,1.0656043704831142,1.021502915743987,0.35272189875713555,0.2578208979820003,1.5745113633222287,0.7049234701855228,1.2146654446268057,1.0227016379382095,-1.2255215400288422,-0.04260656706180723,0.0759127629902162,0.18839824530513677,0.3889835272790895,-0.1948437991308405,1.09828668591388,0
-0.9190871588197165,-0.9600884009135982,-0.9806515992734336,-0.5776147043190183,-0.5446098786161208,-0.21907627930951049,-1.0487679057992045,-0.42124310362062883,-0.4538945982699027,-0.12616645025192,-0.5261100308939974,0.3226996669795259,-0.8827859922584905,-0.90660401471284,-0.903293214253527,-2.1954529134901546,-1.4350999408618437,-1.5331812518012162,0
0.8091751915035185,0.8007902749235281,0.7745522819778973,0.04537268459616643,-0.16603211239867144,0.6570395959949331,0.8025564985741236,0.7331658800368634,1.1332662307893404,1.343962882881488,1.4874742464187016,0.20268990911120785,0.823742218755095,0.8099325758440244,0.7730197560744949,1.0401207710573903,1.2072167283674105,0.8466392190513966,0
0.692152643771236,0.636324269342422,0.5984444335924184,-0.2538585766170808,-0.37321823328711756,0.31389914501192934,0.5778479574451315,0.06903736177621937,0.13748830675903093,0.8667632195759687,0.9897065539984797,0.2629937709761503,0.47925842437134414,0.6050101859180387,0.7091109057819652,-0.3423774653190209,-1.8501976188810667,0.6600794099968896,0
-1.7208037576356086,-1.6174359009034074,-1.5625966456198872,0.36572326808159944,0.2197288896040515,0.5220258914682574,-1.409449809287272,0.5266405681206527,0.8760975180843039,0.91835293316009,0.7394998085931256,1.0185151855001222,-1.713232114121071,-1.595568543845071,-1.4353123311330185,-0.15810853660532995,-0.6659657339087538,-1.1011737837452509,0
-0.6784922067865259,-0.6728533735918936,-0.6522835125127696,0.7197525230542818,0.2657251674322002,1.538173613907416,-0.45098764569031685,1.1840848133420134,1.0554771382344201,0.7653158328435253,1.0690867426769832,-1.0568400675507417,-0.7136960750075826,-0.7502525155001335,-0.7638148154365562,-0.27506546951465377,-0.6256473959537614,-0.023544558064030992,0
-1.1072447480224212,-1.424550598634221,-1.4811851253705302,-1.7477467328104221,-1.5181555361035002,-1.060377767857401,-1.7311196243939466,-1.7077440919433349,-1.5606973889430669,-0.7297978522923836,-1.1366057782343633,-0.36717768606226947,-1.1594756971885822,-1.355397760276793,-1.5055854161488689,-0.35463724429690613,1.3644684143010573,-0.9942055631891096,1
0.6189231136523407,0.4560967774315126,0.4242945996223967,-0.6774398631127269,-0.6117004689763753,-0.3397632960708884,0.3165404279357473,-1.028007067391221,-0.35735471745282155,-0.8824315182974342,-1.0655028409492646,-0.0479571633137663,0.39894428858139025,0.48233429486767326,0.5490078439892293,-0.9255071909735659,-1.8563493835370164,0.4897880377021657,0
-0.25533751483972017,-0.11515338555206343,-0.0714886081728245,0.42007653507904874,0.6389927580211152,-0.5850143393586021,-0.06728304742258405,0.19793600811995118,-0.09433839184318561,-0.7348968865128341,-0.49780926169522066,-1.3096851003489318,-0.29346657726981884,-0.07424005919570593,0.14006679800540395,-0.6858828743804541,-0.45182670863841207,1.146533312513479,0
0.8634404199320669,0.834034199546857,0.834416747534915,0.19743679728852898,0.133557792143319,0.23604965555457708,0.8697302715460872,0.1915761583846705,0.3004037047753295,0.2807519689755971,0.49988850630045817,0.4476715175578445,0.7191280967928424,0.8193691122640109,0.8925502019274841,-0.5388969007687717,-1.9119160899359506,-0.4472743662102168,0
-0.31516264881715617,-0.3567060084952861,-0.3605032509083404,0.12686506476910214,-0.021534575748091474,0.4806228512506714,-0.2888999164846213,-0.28999201606717273,0.25303531725627326,-0.2902923822629233,-0.3146705028293481,-0.755637035898911,-0.5046697070135988,-0.42330201815408763,-0.3322538224896935,-1.2713112825477297,-1.1368489725985915,-0.4141290136906537,0
1.1951628713665585,1.0912880240368497,1.0672632300413374,-0.8998409398587126,-0.4640645533295712,-1.5190227561183753,0.849860547301215,-1.6793044734368914,-1.3323524680629528,-0.8187517572027712,-1.1627534897023895,-0.15750701113276075,1.1949641504264679,1.1423413958176978,1.058203737748182,1.0562589516805534,0.9655195896403006,-1.114256309825663,1
0.8862889432816442,0.8290819267144189,0.8374811736206755,-0.24954558302810842,0.019485764382430833,-0.8753062903815245,0.767569213780572,-1.1643684756573487,-1.1547467796206932,-1.1324155965047966,-1.3688024594388533,0.394086624667776,0.79121844003122,0.8398151117517098,0.8624248358539089,0.9354099692194447,1.0708545205881452,-0.6294646448880321,-1
-0.6581950949048345,-0.8280422360922387,-0.8806257101001238,-0.3476667649007848,-0.9065098584607223,1.6413849031136423,-0.817297204026653,0.37511156077477903,0.7508391311905295,1.0077902866327064,1.057913195751873,0.6044373825122353,-0.9131974404114657,-0.8975375143246563,-0.8562870099328924,-1.6385172709920286,-1.1650343383345312,1.40186960770806,1
-0.8783025626538274,-0.8200369228408161,-0.8068268589539704,0.6528631876887059,0.2794195928256311,1.2775950187301763,-0.6327942088487406,1.1608422046433862,1.8480949445620858,0.9844383389554443,1.317879515993596,0.014399845116829594,-0.8764223134025854,-0.907529263606094,-0.9112451497774586,-1.6093700309055035,-1.1305578763058244,1.7740116626936704,0
-0.5079660509760195,-0.34629874013916956,-0.32192226227505766,0.21389092923406072,0.4142788982327114,-0.5703426972211108,-0.31890004406301303,-0.6038998680398538,-0.35755670376705,-2.372681258007481,-1.339073377778563,-1.60203076020265,-0.5647719679267834,-0.3151510912873087,-0.06442665859276545,-0.7350657621315331,-0.53775517996698,-0.4274962162838413,-1
-1.5553423357536762,-1.166274883378964,-1.0690874722478523,1.3137610039703018,1.4181488786053584,-0.051599064911618656,-0.8779393530146172,0.9570885265046007,0.819782229728848,0.46743368393714657,0.566102651314365,-0.42737188247862573,-1.211185151443324,-1.1201303335182986,-0.9994472704083868,-0.06977355565575517,1.463195757109451,-0.7926270941207121,0
1.1805398013150623,1.0523897892882437,1.0174433942784835,-0.9326865965834505,-0.6434638758580947,-1.0766680073654977,0.8103476455403327,-1.4054104858877343,-0.9750578552677904,-0.7583093388994233,-1.2486866320980472,0.024790789722039738,1.1934586045576216,1.1095908247969481,0.9961691900031471,1.0509002210004954,0.9176493345437053,-1.6623006873575525,0
-1.6097599056843286,-1.2341237559713973,-1.1291539829443085,1.4727838333857741,1.359219815349042,0.6487083117791839,-0.8857901999329726,1.2097230834797361,0.6929111825108433,0.8060564075056467,0.6627019780303007,-0.11482486882385329,-1.1815069213268203,-1.2168092611005972,-1.2155926633360095,0.01922527613551278,1.5112111557254029,0.04658063872840294,0
-0.28587834707345955,-0.4165462724031605,-0.4469721831999932,-1.1861389169733059,-0.7198162992017356,-1.6710807869892839,-0.6918959388638978,-1.988404106507294,-2.1433524835552387,-1.05760626665688,-1.7067197478193774,-0.17778913876593694,-0.1684868429472458,-0.3280107345140346,-0.47284702495268466,-1.1113680281714176,-0.47978207090723224,-0.3522186240273407,0
-0.09235141357147103,-0.10475968124536778,-0.11626862987028419,-0.12552539845602828,-0.0993224636261575,-0.10592095057038302,-0.16834287662842948,0.4486076084686008,-0.18456552857214995,0.35486786526265,0.5684003385939049,-0.16106903397511066,-0.19008213924627498,-0.09921948533721621,-0.008405695190457708,0.11816582644834567,-0.12162062754027074,0.8371857944755512,-1
-0.5594133175197712,-0.7852673490576519,-0.8582533491446734,-1.0325190264086745,-1.1725585211281468,0.2182683459861478,-0.9691712592812567,-0.43262433864322913,0.24167146160145436,0.7799394659967523,0.4326989063794083,-0.49982692873227885,-0.6347014692652053,-0.7655175870392684,-0.8698523445060589,-0.8016984880853291,-0.6269729912436511,-0.861124657602843,-1
-0.3056042545874314,-0.6088626583636344,-0.6767894590205648,-0.7786781403559941,-1.2330042589121892,1.233120407555844,-0.6707677654494457,-0.018155556862312537,1.3537938965266876,0.9767194386981359,1.3985649710426975,0.6737423554778847,-0.6155644937431239,-0.6492252675097846,-0.6629227936851458,0.1429027090833019,1.2334219770689283,0.7769958823724568,1
-0.8760557906100505,-0.7857584016611745,-0.7553212046627628,0.7406976822442327,0.46791224032900675,0.9870990696775657,-0.5851933608419102,0.5432718466013298,0.6570160786096693,0.4648536561387774,0.6707715120193002,-0.02588718645783355,-0.814047818226913,-0.8603462638786661,-0.8801350153465908,-1.612626775618518,-1.1677793388270385,0.9645426606919811,1
1.3870523843064915,1.8042128692242292,1.9169304757389418,1.5610874096143479,2.17007266673039,-1.5472560492288294,1.9565893524128375,0.5422159641941252,0.1945636232027642,-0.4435852704154442,-0.15209097542583952,1.1196219621908285,1.9593420279637417,1.8533247099175802,1.6968443803711297,1.1332849230780577,0.3338225475777667,0.1328471043660893,1
-0.11146799865712204,-0.007279173492412235,0.011529623444923079,0.40690244363592004,0.466476160126558,-0.09945594547921212,0.014916500608322081,0.4119604758841372,-0.1509290803791096,0.2309096551663256,0.463277829510218,-0.05390925735528008,-0.10349264857976781,0.01596262022102757,0.13109689223266952,0.16487104616471857,-0.22662413208273102,-0.562534671571564,0
1.7275334479796816,1.7737929979136342,1.739558286065941,0.5599211351492969,0.12444195543260808,1.448702916075236,1.8469708789854529,1.5226626937266274,1.4394311604969763,1.8051773838708427,1.3862658841328848,0.09277628191142723,1.7034991443470417,1.6979908186153176,1.64329070869736,1.7400526144375246,0.7064669604936155,-0.22078515022728462,0
-0.722475611329123,-1.6602939176080298,-1.8752216421999577,-4.457750384031908,-4.4750136182195,-0.8573432117854605,-2.46910255533967,-0.7025203020741211,-2.182774624378898,-0.10755764459466313,-0.48198633449092443,5.491312455760856,-0.3507577139700664,-1.5170227582069151,-2.6015244196380354,-0.47469891966280525,-0.5210600102717661,0.18905250045386493,1
-0.4785676710578192,-0.1627345563823209,-0.09943655684938327,1.1292549320987806,1.354894160028538,-0.46080551912850176,-0.01834441557156914,0.8918407437889074,0.42261842220947576,0.6001196457073398,0.6050196872660983,-0.2259890566736057,-0.2852723503763436,-0.1425167361653049,-0.0002265835131629978,0.25777338758193746,-0.3421816103676783,0.24175008080487248,0
0.15216587818155283,0.4795075645336811,0.5292639192708257,1.6130962277093466,1.3740276126748332,1.061923290841143,0.771102943687396,1.745581501654034,1.83195398195438,0.7822690058980456,1.1048396751912477,0.09395866556401061,0.5842429627876861,0.4147978664213991,0.23876329877054697,0.6085916783337298,0.08038935546620035,0.2901239291300494,0
1.8432612309477217,1.793293857699423,1.7597355053937778,-0.3833048065319749,-0.2505102632684341,-0.4851697128772899,1.6306746002621133,-0.6583381452131668,-0.5379867230768232,-0.4277452122345745,-0.573880462411458,-0.47442762166361707,1.7608925348995283,1.8066042111149756,1.7983123821718638,1.56817056734247,0.7595928490238192,-0.6453218632814244,-1
-0.8803208442344966,-0.8434240104673222,-0.8386732217373223,0.5424144825489795,0.17414249958817907,1.2391956296619726,-0.6782997222189258,1.0434278001815274,1.2627331871778813,1.083787435194264,1.3697766391695034,-0.00204608253292988,-0.9250150123621839,-0.9279752278018498,-0.9038586859747126,-1.6984698155319253,-1.1663953034508256,1.6707993303336042,0
1.3238762311905412,1.8025326142994615,1.91988946468826,2.2177187890357932,2.4891251566044397,-0.3787862288051941,2.1106161954764517,0.4300475572495674,-0.07784537469515013,-0.45243638837096134,-0.45153516034033964,0.6295693649415393,2.042161727948473,1.7761666035136128,1.4671171029883765,1.1001296783256855,0.30164696386714007,0.15589856043358932,0
1.816490367878311,1.9367894246120982,1.9676721487307007,0.853011207209205,0.8538357854449835,0.17165206674362665,2.047411908061822,0.6875987275464212,0.2681373854259462,0.18058671149811165,0.3973540434769769,-0.6065390491225598,1.926225551377285,1.8838548882877943,1.7880785653840745,1.6833104534015157,0.7715198082120486,0.28135486163655676,0
-0.6822621759508533,-0.7611595855863469,-0.7964922376786292,-0.6603616900259153,-0.6530802460476046,-0.15715245696633032,-0.8442663172342626,-0.8814038876313058,-0.06384638861727171,-1.1198446095332883,-0.797951994784868,0.43102659442417807,-0.6739802809841242,-0.7303616229980538,-0.7636870676547319,0.21111202869487292,1.2409470472039237,0.8906021116484619,0
0.03784708341925897,-0.12794787057431042,-0.15518315275210617,-0.2652797026331499,-0.5745378712108637,0.8934434944852591,-0.1199598144586498,0.2502702251668025,0.13698851739960557,1.4388625380978233,1.0772767343657421,-0.2951867406500969,-0.33645885228791844,-0.19969148517416932,-0.06153386143772066,-1.6898778853821395,-1.3151190383987974,1.420598688535998,1
-0.8312345877027255,-0.9073498762476389,-0.9105579562764077,-0.033361273055162975,-0.23535846726653956,0.612136440329143,-0.8442621133877256,0.2605878170426246,0.1377853578812662,1.279609307057138,1.0666292526763876,-0.3521565007360742,-1.0972351470348194,-0.9478660497200405,-0.7757601529518727,0.1700623555794594,1.4686560639216832,1.0009656154952562,0
-0.7308153025954063,-0.5616794968054613,-0.547489854436205,0.6528552990548607,0.44974585004214696,0.7556649900214109,-0.41178881408925855,1.3084621953695732,1.2503476344496824,0.9228731463287896,1.300207442810668,-1.3309196806792714,-0.6918942019174924,-0.6078708029015065,-0.5088862454132776,-0.21408860270929447,-0.7209632392713814,-0.9469456907948954,0
-0.1996633417855243,-0.2625962422634857,-0.28731889874128486,-0.6068123140438161,-0.5874605184316032,-0.1832033635708936,-0.3675200180507564,-0.5877818595141362,-0.8375316318871002,-0.18876578140480169,-0.357688834386275,-0.3115209823385488,-0.16893072537631648,-0.20949823408567791,-0.24266470177962832,-1.7123108763797443,-1.26213858525908,-0.06491778705331665,1
0.855405353563193,0.8271461331302256,0.8267778355407671,0.2413085968429663,-0.014822537457590192,0.8340962419569311,0.8817910026621699,0.42346862207831587,0.7645234698232135,0.5633517757303025,0.7969236759045554,0.8111513043944055,0.7312799502716693,0.8227922190707503,0.8874268610800972,-0.39593018353211773,-1.8910786170160967,0.24596618981604118,0
0.0496140735253609,-0.1366286853775107,-0.17075076390551472,-0.380823319680752,-0.6484724855209523,0.7423543345917718,-0.1532664861398705,-0.30165233408262554,-0.27011407583252994,0.1461336164958727,0.40467940709081,-0.3909849177511299,-0.35863554090535654,-0.20875802085429618,-0.057649922101321534,-1.7593044732351328,-1.2951732433682623,1.8609733404387958,1
-0.8430396522893274,-0.8904895978007047,-0.8790978948767468,0.10057011442828956,-0.08021398729753268,0.5744842785838112,-0.8037450708323299,0.16895988092206646,0.4552260562879365,0.7610275998584564,0.43270082361363743,-0.6246097323706896,-1.0773835747374263,-0.927975157217961,-0.7564095439235299,0.2166808954621398,1.4596452784166265,0.4305556417595593,1
-0.242694709995189,-0.650008322090807,-0.7200152953248448,-2.148192515442673,-1.6146278735765647,-2.073564415974544,-1.0753368120344518,-1.669353092625423,-2.438723246434808,-1.4783470153034222,-1.3343319815092072,2.4187022322955207,-0.09156086323536117,-0.5313603389600694,-0.9415104387811737,-0.5600962668736447,-0.5707162763056981,0.1320761704287208,-1
-0.034887405819614976,-0.07155743055005051,-0.05542952310532908,0.09717796143786457,0.056893663644224664,0.14327993917262594,-0.0087846299655858,-0.3018810799230707,0.12702788661468145,-0.4935399012374487,-0.41949714798246857,-0.5257836729490007,-0.2430615281071193,-0.08515712795428516,0.0701249492919696,-1.6930131533089936,-1.2170679386967993,1.0838399432375043,1
-0.4825660580517551,-0.3004227627075054,-0.24983543570432046,0.4986854799148547,0.7545443787756871,-0.6821606569912405,-0.23532463381693544,0.13946905023071504,-0.6511144159767112,-0.8475885216087231,-1.1569255943781303,-1.4958972930118049,-0.43391005565817004,-0.2561260209516546,-0.07663519136054249,-0.08311120670020622,-0.6366326442374327,-0.31847037332797684,0
1.851029717846287,2.095322002440349,2.1479768767965703,0.3387738957212011,1.1744074296903353,-2.4913266383717203,1.9681969107082098,-0.19939294328206777,-1.089663253042077,-0.8015260895843969,-0.5554155835574923,1.5047249862025862,2.283008869206077,2.1694508151497316,1.996481750146507,1.3868023917651982,0.47032037042435404,0.11351804078968798,0
-0.2532050098175471,-0.07992371296844371,-0.03507657186731169,0.9490998592164365,0.8862269843242372,0.38645086547671426,0.09333181292102499,1.306060295983027,0.20718813733606753,0.8103697117330458,0.9067606546808143,-1.6167161006608717,-0.13034433185414046,-0.12456877105081098,-0.11535780970235647,0.22999323016093307,-0.34027728261331397,0.9562945469236278,0
-0.7272738093674843,-0.4496822057255588,-0.3866950393905948,0.7362683585558493,0.935768910001022,-0.46095784439731363,-0.3308565286517013,0.7452944699943458,-0.13171450178678323,0.12236499308095312,-0.1669038033728208,-0.7821574148320902,-0.5659659254076609,-0.39786012637969703,-0.22361408415515038,-1.2418261786382903,-0.7127980500156413,0.796052901383994,1
-1.4332170377191185,-1.7266302709676877,-1.7072093773285388,-0.15474859852412226,-0.6960062836021002,1.626893160825434,-1.5403765992880245,0.048715175773410765,0.11847526947273776,0.5608788150504306,0.7340859540373469,2.180511928463806,-1.748985384618749,-1.7875387197754782,-1.7728740080323253,-0.2661670344721716,-0.6318152848204459,-1.7190183577547875,0
-0.1341261205507938,-0.03912073102218128,-0.010631997215390855,0.23461235513968834,0.5220482955031942,-0.8328390859013035,-0.06373949800585736,0.3139607324056215,-0.46958550566036605,-0.02455500921322638,0.11160629332595051,0.1598982500529218,-0.12016893154590597,0.004120620196688951,0.1242773995815616,0.21265872197732374,-0.21591394636180458,-0.3800306008060532,1
1.8535430693603712,1.8604764806646004,1.8433948305731525,-0.2559333942682978,0.17211850377441892,-1.3638725636023166,1.7112792626180702,-1.726890057317425,-0.8305680376008983,-1.9805771241893948,-1.5529802594165725,-0.2950319643255108,1.8185174978549978,1.879784174310469,1.8844173867872744,1.4539180035713555,0.7787806044313433,-0.18284450538801575,1
-0.23957202152608417,-0.12960853090484514,-0.10287842169095657,0.21075036166429545,0.4390086927627595,-0.6563827920634973,-0.12606174048772323,-0.5513681470745742,-0.5110569034398074,-1.6551908884445052,-0.9123798567115007,-0.8228983147611016,-0.28680271987498585,-0.08265902299719266,0.11729677945835522,-0.7586674723290932,-0.4302369261551088,0.8197091254385483,-1
-0.09745428008734458,-0.08610157334393696,-0.0815509531744158,-0.6321049492709125,-0.15353238781857176,-1.5954866706955666,-0.27704302311324225,-0.33762360988593265,-0.7282654636890236,-0.2962893258490655,-0.40008598714908894,0.1513108026461833,0.14770384863715091,0.01364976267747124,-0.11647296090310155,0.160583624054204,-0.19465314819358032,0.47875829791652125,0
0.9168678790492855,0.8744365514816475,0.8814532157269885,0.06433814471471293,0.12938978652919964,-0.1861902416120563,0.8870985150216999,-0.7316851743182962,-0.27244504034066275,-1.3981975035527066,-0.7526520124975163,0.2893005991506952,0.7696867064829855,0.8573005406494371,0.917159277018815,1.0503449283159028,1.0958468841862083,-0.8630254185913526,0
-0.21607618842788365,-0.2336358522834144,-0.268089836570503,-0.1883780002939119,-0.45922016697058227,0.7914340867863272,-0.2424556896144507,0.3358026031117553,0.6353406385935337,0.9888149814243266,0.9342565540618509,-0.2769853523665752,-0.24634683986532924,-0.2370678771578638,-0.22119568108318874,-1.591682552437579,-1.2251473599213945,0.16833105069887694,0
1.9703370830494484,1.71198052917892,1.639707907739533,-0.9169387384492538,-0.74764284702588,-0.7059792875532344,1.4351042467992325,-0.32451885313033735,-0.30821820505657443,-0.6140343547679137,-0.11935036149974829,1.509599985312401,1.6998578707076,1.6892943189669922,1.629955055772421,1.5121727902147941,0.6384680593996933,1.1398368363374007,0
-0.42091320374325647,-0.11272423373792029,-0.05651811908489518,1.0271756065858229,1.235319030282685,-0.4280397056100305,0.012505621591561657,0.549329724845659,-0.22908180459187194,0.235324827616912,0.3758662918480414,-0.4933696204602793,-0.24260402562872152,-0.09949691530822301,0.04188256940415014,0.1941934170209998,-0.3301367504594143,0.197304204244172,0
0.23609613863210965,0.07323436394719728,0.08558329356455992,-0.4537408068376292,-0.33952126035011726,-0.4426357603812496,0.02583954218924006,-0.6867294953357218,-0.9475339606543799,-1.1140617218311177,-1.4931177898821266,0.30781240060017645,0.023308545120720937,0.11227151177152343,0.1950977810763215,0.35065958071283143,1.2741931749120512,-1.5863724404840507,0
-1.1615862416255704,-0.7617120616865719,-0.6995044513134906,1.5309040416270652,1.3876382702476657,0.7515864971650322,-0.4876851670937393,1.4417059284392568,1.2241607936785979,1.5926284409556644,0.8251585825554595,0.6436957092061711,-0.73618126364504,-0.7601517998885517,-0.7612467345261837,0.19068955143596772,-0.5382748224616665,0.7386796643240819,1
-0.7920875283124916,-0.3666901891815106,-0.26096020413285004,1.5625989971837249,1.784831491756964,-0.3618810852858337,-0.12176514941939752,1.4024712446400138,0.5022146161857897,1.0130294750289188,1.1319009639084827,0.08333468244036865,-0.2581931291173326,-0.35326759062655166,-0.43500099261080966,0.2587985433073393,-0.4121042613434973,0.494663269464203,0
-0.33675443830289226,-0.19915439093367004,-0.18420229704850316,0.7401560590157812,0.5437532671933959,0.7529410051598968,-0.06349083169726484,1.4549812617489792,1.0814488072829544,0.9922201684630064,1.1027773608520823,-1.3092598703860256,-0.3235597166232564,-0.2371604126347721,-0.14665518613779546,0.054944556208806235,-0.4240643227794803,0.7303213279512193,0
-0.36546740493856894,-0.5043161226785836,-0.5216844041815234,0.2048294292317402,-0.3442015925497962,1.724135008732439,-0.3599182407740509,0.4609285599866011,0.877930500284421,0.9012296430191318,0.8251282409156686,0.6089208994287311,-0.5685208772942356,-0.6286868384210094,-0.6686309346385614,0.2584906840422415,1.1660961212074583,-0.480901443239781,0
0.0073824146732230774,0.15386539747336195,0.2034246457135051,0.9063348860860744,0.8308822776048859,0.41626468868337957,0.32046116652074114,1.3462520445858421,0.2755095718497115,0.8269547569965066,1.482704132796313,-0.7068194710058646,0.11970976031427633,0.11884018953816615,0.11454337780378537,0.2905903517814255,-0.028773981151411072,0.18236733354998783,-1
0.4082217131576696,0.11384233547244842,0.017763755329035315,-0.507614850951348,-1.1793460664335103,1.95463017136443,0.0901947986562229,0.2975460272258912,2.5678244181839798,0.9278385443574277,1.4384163612836303,1.3493114109353688,0.1354360409063707,-0.029462558364574568,-0.18818040700629438,0.6149985890700143,1.4789967123234289,2.282693027806293,0
1.74626923015352,1.785061029748995,1.7864190625411605,0.21641362817336846,0.24757198588388998,-0.05128361589726958,1.777052669569628,0.5275746137469739,0.04244601935115894,0.6018976615478357,0.6212985063888259,-0.12935148939518012,1.6326813967076275,1.7714482823657056,1.8542293389362312,1.7043725069813807,0.7187362130587579,0.08709344566447066,-1
1.2140890695230036,1.1880354267111044,1.1735407586406814,-0.48350265131652537,-0.08287475849212636,-1.3263094413532426,1.032624590772084,-2.1526720952298817,-1.4645597413525415,-2.3644851654125163,-1.5680262156197629,-0.36375162224423013,1.132677181166886,1.2010888597226257,1.232369668022677,1.0402453733183232,1.0094282288857013,-0.8027295073408248,0
1.04009754039218,1.4485142062188485,1.500758656502627,2.171065636814775,1.8648515836758033,1.3815999095983782,1.7851151617805652,1.9944547636006718,1.7299758231643156,0.9704007510513477,1.3434800527919426,0.152908369467605,1.6214857010205326,1.35605275028503,1.0597622187109819,1.0729961816351252,0.3143535718276234,0.8498903850111057,0
0.9474087112830248,0.8906625713080502,0.8820677950927355,0.29440762764942996,0.012300267540892595,0.9245335850712989,0.9663196184434593,-0.08168846173736435,0.02564076742986839,0.03738365585803137,-0.47395013907343836,-0.23192628578917518,0.7738382991371445,0.8240873981199762,0.8487534855684595,1.0973822818181072,1.14041535305656,0.505139740406073,0
-0.24688355655183292,-0.12477263177395968,-0.08916351844486506,0.2879092282907114,0.5299285947702829,-0.6827933112663046,-0.10562325843492874,-0.12096125129211407,-0.46913789397435307,-0.9354862361192136,-1.0073739730360238,-1.1990058836130755,-0.2950925815229362,-0.0740550588257768,0.14199895174964203,-0.7333146627989564,-0.515349335023719,0.057959912256109566,1
0.496569339681376,0.0865067778839612,-0.05122355638433516,-1.3273841917442868,-1.939231592708587,1.6037465710730727,-0.1320673267723115,0.012002623205471666,1.3576120644968086,0.9116301039374103,1.1311717565389248,2.112862965434961,0.3431126266180572,0.038536512174299424,-0.2573261480893384,0.5737624292931709,1.379040132544068,2.4129387010309444,0
0.6253207013523605,1.0113388976205022,1.0870102669243122,1.4506517587715457,1.699493652528467,-0.4662749396572019,1.1918779995643363,1.26532804961719,0.3633061351188058,0.8534156256443524,1.3976761428426212,-0.40441816768722233,0.966642428322424,1.026604253857721,1.0547812277911026,0.9106877763159196,0.18730290567252364,0.509240519097908,0
1.1431443859283879,1.574317415776628,1.649006338430547,2.304940373844083,2.1429124616317043,0.9671290033975767,1.9300751673204812,1.8409909608403403,1.5341516857186728,0.9585871264852183,1.3239623361843296,0.40605795587637383,1.824101385258946,1.4715123563981694,1.0875227486679906,1.1050296934916233,0.2532920653808479,-0.33574328290731686,1
-0.36211625505975553,-0.628078718502475,-0.7078544568919598,-1.2708444269457866,-1.3214984640180185,-0.10428591881235755,-0.8698863592140572,-1.0173024814944702,-0.3731306437052222,-0.032422532690433034,-0.606897445515342,-0.6723235637008037,-0.46377099682611284,-0.6004695175943514,-0.715295577667535,-0.9117169711820473,-0.5032081995267182,-0.945205943308461,0
1.847716686028072,1.8431775253239209,1.8230068106601907,-0.3335914362349659,0.0673621229453244,-1.2966965487015871,1.6785002977040733,-0.762940201954906,-0.6419092407794317,-1.020702351925022,-0.6151066274849032,-0.19577749995375338,1.8077968504586912,1.8619286387970515,1.8601764843278412,1.483985591795909,0.8025361152185029,0.007243835984255688,0
-0.923466464939063,-0.8733176418393274,-0.8472164902140008,-0.14714858421400512,0.07740101531858426,-0.7180990685400831,-0.8825305637153317,-0.8820328671467611,-0.7830315761996985,-1.3692979789493656,-1.1569267828705565,-0.6025439184228328,-0.9545672000103255,-0.8211195858601276,-0.6681063063065633,0.07846573333972645,1.4430807052878303,-0.8613361508365398,0
1.8308087839789973,1.7464386280589324,1.706983067598626,-0.5867045081808283,-0.3716648710182724,-0.7787132980690181,1.5446959616888447,-1.116956309956932,-0.4175759034735795,-1.1709876959391174,-1.159267147698672,-0.27131041499278885,1.7789101108803809,1.777554282747804,1.7245592643540497,1.5725546708059492,0.7945931551597336,-0.28705370856286194,0
-1.7062187911180116,-1.6361669777063061,-1.579911527544172,0.2556018336324409,0.1760978083040007,0.2958038515342108,-1.445174713079279,0.1536566301031702,0.32259627189405177,0.11081301700417368,-0.1572966473296574,1.034882004448868,-1.7367694505726086,-1.6093534006731078,-1.4392587896095785,-0.2212566707351913,-0.6931793220857753,-1.4909271813609752,1
-0.6939910915764526,-0.7820414510171995,-0.8194002249142732,-0.7226695903270642,-0.6757980945179406,-0.29118491302432714,-0.878428669353196,-1.0262073494662038,-0.5929471830899952,-1.0588262246640874,-1.1348639478837368,0.3580963460237522,-0.7301609327930937,-0.7608918013682682,-0.7685072802236702,0.17354350938114418,1.2574968598387408,1.2055729551581635,1
1.8361782009117804,1.8927904428325595,1.9149899889620712,0.1762227621661698,0.46846272664497246,-0.8594820402879654,1.8388419362512436,-0.07828201013297603,-0.3094458647058614,-0.4544356254920875,-0.7076709733690646,-0.525304421234453,1.8421022663670847,1.9474131735255973,1.9927022159334031,1.604452328692333,0.7474553988874517,-0.201651611692597,0
0.7987029371082623,0.6951661560535264,0.6806900959372157,-0.4567783077188188,-0.3451778821771578,-0.43523063124109634,0.5798571089742893,-0.2918001485844956,-0.635765451107224,-0.7504001940903201,-0.35001711804580216,1.2519773995895074,0.7354538355220565,0.7429510779236501,0.7286047121264467,-0.5904691098009855,-1.888347463840055,0.4270935765112346,0
1.7508389232020753,1.4829339689455143,1.4073706578973908,-0.6989426730110775,-0.8826430267911964,0.4201653912276428,1.3147620094009287,-0.4924278711573401,0.8388883033459104,0.26772864971846594,0.4235012120617033,-0.28666814267901164,1.438490825020529,1.459485250128067,1.4373668175358663,1.6073552696610929,0.8636049638643416,-0.49957794755092777,0
0.6416954735142173,0.485439052736456,0.4568960877762048,-0.6437080850506527,-0.559642499218442,-0.38902960949348403,0.3504346450377408,-1.057158413792662,-0.8167143575719741,-1.2947674841826025,-0.9933951642113297,0.0028591354003760254,0.3901279508622353,0.49732186585191385,0.5865949931826324,-0.9267709246066071,-1.8822233514011557,-0.020058915011266217,0
0.9319859464007014,1.3133029855613005,1.348454436582964,1.8720665203729279,1.5154275737669058,1.4750556160747856,1.5898562690657625,2.427044720241371,2.1194924290226305,1.533411020481047,1.4986378694955653,0.21962260845395606,1.3916340671701242,1.2510474296700962,1.078625334747628,1.0309946972689727,0.3144363754198735,0.8690082304348189,-1
-0.6894975765423018,-0.6350737874648983,-0.5924013953877553,0.730051754442418,0.5269997387417716,0.7712519616114317,-0.42508641345512993,0.6914099478180342,0.3115304924670395,0.3571893879283415,0.5487199935219009,-1.0995735945105143,-0.6450753931182555,-0.698628730471637,-0.7301401229963427,-0.40374397464602685,-0.5566757420224084,0.7577971531006576,0
1.8506870184683761,1.9258776037639787,1.9283098052337928,0.38004375721808104,0.40454395595163684,0.002530028585952337,1.916874496165364,0.7843073093445121,0.06396788003165274,0.8295199453593112,1.3894991684843134,-0.680434877945255,1.8545254000681966,1.9676741373514226,2.019958854063379,1.6750187771948812,0.7754267295747383,0.07310703284387415,0
-0.031003111526883793,0.06764001090965277,0.07898930080487307,0.8243497590534593,0.5954813452955866,0.8696121006630048,0.2275161108897428,0.6417341906712718,0.5071088421364444,0.3221426329197022,0.540221822284929,-0.4544715626796634,0.03850396264424737,-0.010681844541791871,-0.05796900070568949,0.19648251474442763,-0.04156940585012053,0.673809516870994,0
-0.9679068504078772,-0.992632725638033,-1.0060181518308946,-0.5089115967211753,-0.40120099897756695,-0.4339568762012499,-1.072736715324966,-0.7233739807871541,-0.44180044003397995,-0.6818318009264623,-1.2070060803672138,-0.46698376093092847,-1.0216742988672645,-0.9538796205010626,-0.8605394850250673,0.03524729327962893,1.4640987084470867,-0.00010498069653369178,-1
-0.7854232739819655,-0.6829348089914864,-0.6581487500718031,-0.05774113472348619,0.15038184075528369,-0.6495091686885291,-0.6858221808633074,-0.7382607375794381,-0.49711840665741225,-0.9895499559708151,-1.2657332457092922,-1.2185763317547469,-0.731987947890849,-0.6111088034624861,-0.4763643241754152,-0.5445831812049947,-0.6520462462340862,-0.7533847656757544,0
1.8331697939909777,2.107339819545323,2.165774704951425,0.45440393621697095,1.3766322989891222,-2.7330548829861003,2.002654387965298,-1.1164111956496001,-1.6753633197560052,-1.722950564696258,-1.5125125302488112,1.288225299133376,2.3197402965588068,2.1522429220988415,1.9275764124099382,1.3311466457601335,0.44671684179202004,0.019298064772528944,1
-1.6474599750218117,-1.365493471113193,-1.2636428671671935,1.1310457458399308,1.1153346969234768,0.2790922495268322,-1.0655412259122776,1.149739599196047,0.32320486660841014,0.8851964537276842,0.7913358266043128,-0.17928298291647515,-1.239488579316483,-1.376491402227021,-1.4690488518716058,-0.020918738573303317,1.4874316899480344,0.016325181053499508,1
-0.77674083975767,-0.6720500602575225,-0.6412465430504583,0.009493073177526729,0.20233495115616498,-0.5889569425027293,-0.6595020047006878,-0.41576883179656193,-0.5791951281854048,-0.6100734115952187,-0.7579523581901694,-1.1706686767642287,-0.736285123318476,-0.6012096249498985,-0.4530149743327143,-0.4843821614206789,-0.6108941042974653,-0.23857324459321747,0
1.4392231821933654,1.8511046301537526,1.9501378313555815,1.5684542095731517,1.9901421682299236,-0.9718458353210483,2.002344424252786,0.9568043885084033,-0.19165598270624634,0.4625767793138385,0.7717566846977247,0.9361711641703586,1.9469342263660427,1.9083715664608742,1.8155674665540975,1.201561232032254,0.33473509830726766,0.18080030151013177,0
0.07383351060018722,-0.13605714101940566,-0.18449198373031128,-0.4982061436208489,-0.7781512989111462,0.7560623015627989,-0.17761363801617694,-0.6455352478590833,0.3107903019207419,-0.32082317658825094,-0.15885147449235854,-0.34380858708265266,-0.3627813182803682,-0.2109783782128886,-0.05794246829251374,-1.777468899153351,-1.332863191140595,1.8153975832215066,1
-0.7329859256781808,-0.8052242522940078,-0.7988190425864133,0.029083390154692086,-0.20031419736315972,0.7088459485625573,-0.7238302680379858,0.03280175828444683,-0.32849789056441964,0.06740202403121302,-0.11010020064593233,0.6422660715243421,-0.8348649959193872,-0.8624740504684058,-0.8641149732154948,-1.3826573631453418,-1.1062861376360877,1.0465201707498093,-1
-0.9258274604243452,-0.9741350759835194,-1.0033225262857912,-0.4375802496402121,-0.5395996767973912,0.22325154662720662,-1.0255537409564055,0.16416918184056145,0.7731811120917804,0.8026311794546692,0.7725813694215474,0.5243722850707363,-1.0524878721349806,-0.9686820852395435,-0.8594174089498114,-2.0938892563831986,-1.3493275580159125,-0.11338317809188962,0
1.8418141246813726,1.7437136815427898,1.7322617776471014,0.20345457930764568,0.024737366045150647,0.5891592944186946,1.752855531147285,0.5808122129592108,0.5057325354272276,1.3128231111322168,1.3984210201047114,-0.007244499983775396,1.5432377375584272,1.7052070329686562,1.812367343772626,1.6896003671988138,0.6915649249506887,0.25153355657177273,0
0.42105487587800616,0.35658813249960286,0.3357358623562614,-0.12693315882277578,-0.24684387200540503,0.3415049102532893,0.3442442468110652,-0.19875745376533333,-0.03655868260067601,0.15361185882074205,0.20274885521136948,-0.35495808504510906,0.19004454154010256,0.34393079606140636,0.4828485921342256,-1.1014114115534368,-1.6335087656286533,0.38198724351594315,0
0.13403936032923544,-0.12008198428982787,-0.20310634260593222,-0.9273104462898337,-1.2243318323034784,0.7207663559471252,-0.2632022401328226,-0.8069940589784793,0.05516675110193377,0.026269925510564607,-0.02272305728342858,-0.11232629169827868,-0.12841492163294316,-0.14658741485068577,-0.15991109225947717,-1.7731051112758933,-1.4457871502645454,1.7729354625580658,1
-0.3307376535146876,-0.18428768205400547,-0.15269815697050176,0.8449186961901511,0.739389692453643,0.49588236661823826,-0.02913165126543736,0.7897332772760268,0.9079251436853393,0.47504005791976817,0.7609060468147802,-1.06161403511409,-0.2707038965571047,-0.19978387948330387,-0.1253448915730471,-0.6316322376506432,-0.577432286527163,0.1394661471403165,0
0.11370417396704284,-0.12260361785129095,-0.19862839771167318,-0.7184228487473812,-1.0749757183674071,0.9458327480064463,-0.21525656116642725,-0.26699573262449294,0.6759020481102728,0.870185791947357,0.9622567107972498,-0.228965702803013,-0.2616393407968374,-0.18192844984571696,-0.09950157332596375,-1.6748103882335652,-1.4133281089389378,1.6685133772056455,0
-0.6383550365828582,-0.2712310901620468,-0.19014653123585987,1.3069344119154351,1.5525647958721134,-0.4857804483917027,-0.08852473991107303,1.2002176086482157,0.2658177079315434,1.098272598370047,1.357067273471242,-0.06058925357677118,-0.40122179420177767,-0.21662184237822046,-0.031683759459418266,0.22489151768967247,-0.3581888437425821,0.7612931777296187,1
0.5774149280365296,0.45788352102524926,0.42286338235368676,-0.1992661159838852,-0.40058983046107494,0.5761962371352795,0.43092652289516026,0.061992002151131625,0.46682309660577703,0.4777488265978805,0.6219358112003711,-0.03598050935652353,0.2698768751389382,0.4239568669945481,0.5607353612443695,-0.7506298972214682,-1.7664831866033548,0.6198748510008012,-1
-0.8747229368386045,-0.8224849323804142,-0.7993371010346965,-0.23617316451288148,0.011860088696358597,-0.8082345470317988,-0.8460649663442213,-0.7719000299341706,-1.589935830209233,-1.2107550331511547,-1.5643907117243772,0.3342253088184432,-0.8537784763894619,-0.7856860506801312,-0.696948063783032,-1.987016146915099,-1.3242752723273634,-3.5552283909994022,-1
-1.5109019502848635,-1.1687801072048014,-1.0874383471392866,0.682256447331634,1.129148872150372,-1.2300311060259062,-1.0409894771117874,-0.22405402082985973,-1.0348937311193522,-1.533618650876436,-1.512770674482192,-0.4751374466810249,-1.200698384664572,-1.1170772627433605,-1.0036766512865931,-0.11157855184120562,1.4052040443632976,-1.481821406216257,0
-0.8464288621219425,-0.6815300718963953,-0.6211922750998741,1.007992103076016,0.8313129727336918,0.7471950334693622,-0.44096935026662776,1.040511011452377,0.8819122285491412,0.9753103110266359,0.7979031536935451,-0.3039094861678717,-0.6871913067618396,-0.7217576941185825,-0.7342226903565546,-1.3839905865008264,-0.9898107135573823,2.311678616945922,1
0.08556241169908557,-0.1265372166473343,-0.1825778637737973,-0.4929285216060115,-0.8408771404520736,0.965512385193801,-0.16678158423742123,-0.20170568340549958,0.5533725464386628,0.5505766673707106,1.0099212252897802,-0.4137277500435487,-0.3479733838600205,-0.20403969970638894,-0.05882071363353797,-1.7018852301808938,-1.3453379177197422,1.8137591426926323,-1
-0.5274634535001841,-0.705391889035009,-0.7486831667191686,-1.3149271498333617,-0.9860598318311815,-1.2761955227684028,-0.9815446102261225,-1.8832786119401752,-1.7465373500473291,-0.9327350910165155,-1.7226069092614806,-0.19491088718070906,-0.3840267104643877,-0.6124965885725067,-0.8157812730801027,-1.070484213583935,-0.6026673052108666,0.13733954315341795,0
-0.1870204933608957,-0.25146709627244196,-0.27086453578113273,-0.6124717380803878,-0.5735527597948052,-0.24431564992879914,-0.35898914584484165,-0.08031072782715432,-0.5221541530670026,0.07222652316114032,0.3089035400753365,-0.35303801601134616,-0.14777512951612934,-0.19145769820233122,-0.2281631836697639,-1.640551642521492,-1.2087625252230745,0.45241830506372427,-1
-0.1477591088422581,-0.41313321297836586,-0.45260928345360574,-1.243944874850993,-1.0833393224232892,-0.7461231122205699,-0.6606950522103817,-1.0887041502961303,-1.4182282034681826,-0.5849540447822701,-0.6779961094047527,0.793006687034686,-0.15357701718080652,-0.3386501262580026,-0.5079013772638934,-0.30755217521317396,-0.6363784052302144,-1.3043993686717523,-1
-0.16295336873477542,-0.2478405682303842,-0.25229403452057453,-0.8031423679661118,-0.5006448073980024,-1.0908920427656243,-0.40053007862552265,-0.8504667234292607,-0.7982856606073269,-0.6328554103927615,-0.5766596322133115,-0.2955279032099599,-0.10074963711039192,-0.1625927702050887,-0.21771172308394754,-1.761471260712461,-1.2280937515791237,0.09403054611174105,1
0.094244845923381,-0.12662277399867472,-0.19012899354894428,-0.567941747467079,-0.9206917722703339,0.9649074303974736,-0.18382671923597768,-0.15892635697902466,0.5990512051175161,0.6348641910112075,1.0893540023340835,-0.3224156276268503,-0.34747082512754873,-0.2038546640445154,-0.05894832907707153,-1.6589806919704544,-1.3741001065238057,1.6520291908956637,0
-0.7354231137045629,-0.6370330817689218,-0.5787304167455993,0.273107386482584,0.4919103558553166,-0.6146773468496345,-0.5578477838838716,-0.3020719248185066,-0.5870979273053616,-1.1550266252007848,-1.0731315563137973,-1.1174257727462176,-0.7280570312076671,-0.5918655887148787,-0.4428627055842295,-0.45230489291736503,-0.6368615545994546,-0.9851352673617282,0
1.8433754689159252,1.8045561374119643,1.773371405312659,-0.3603793263789877,-0.21196541915211986,-0.5283484828333502,1.6442109195464316,-0.29095097573847506,-0.4864192408230857,-0.21134453259239236,-0.14101752377076193,-0.48775041983458794,1.7643677038483656,1.8160408181188497,1.8132435765706592,1.5925349975670287,0.77337380603815,-0.4215074793498961,0
0.8057098472366018,0.7996156712355369,0.7744030475163781,0.027461364182898084,-0.04275552746713934,0.22076210595626597,0.7947611889933416,-0.37872736463337947,-0.21304973971914576,-0.26180186722065374,-0.1148170955882906,0.2492400573274473,0.7048260759732187,0.7681155044350908,0.807028286314803,0.8643453200381492,1.1307981034429693,-0.4439837799099721,1
-1.821870425125049,-1.5570067260881988,-1.5052082998188208,0.5320685555592427,0.41862415502032124,0.45625455870323817,-1.3518886520997633,0.8024589725281445,1.1998499128316524,1.1819442628671928,1.4059925013946535,0.9450657792871895,-1.6482375589973939,-1.549033186580172,-1.407993206137215,-0.23101398624517483,-0.6689723138949415,-0.38573300966079654,0
0.4291661347879827,0.8526070707789277,0.9393069198300553,1.8100614271242714,1.8193681037075216,0.34108439698595083,1.1354193249438074,1.821962215474243,0.902159620150572,1.3659303863543268,1.3436004711292748,-0.11299859696779782,0.8612652102619452,0.8527672198714576,0.8197491229926255,0.8425810764593812,0.12513743806624886,0.24204953891979458,0
0.9764643918233146,0.8067854472402682,0.7638928350074901,-0.34975024543938754,-0.5225604779532855,0.45809904491436554,0.7487931120992195,-0.13419026587763952,0.1005343046059209,0.3106112216080145,0.8373330100733788,-0.5484153046816036,0.6139410712512038,0.7577536485379616,0.8748909850065345,1.10243284068559,1.0701045302870094,-0.42371121096187,0
-0.8369086295329167,-0.8939881205991808,-0.8874919054458008,0.07835107742340225,-0.1281250877800259,0.6486715048370468,-0.8099665041048996,0.3502742657274929,0.353524842528145,1.3096583774066315,0.8502432041564099,-0.5347139917582836,-1.0837352991070381,-0.9380593713924208,-0.7698125343951667,0.24046429992647836,1.4702054740166441,0.7502769082882311,0
-1.5549235309948592,-1.11520610080635,-1.0320696086728318,2.075925892421452,1.5948562092962253,1.8979559629144116,-0.6471327657666678,1.7046680943216241,2.40407348235821,0.8822864767363021,1.3180860233118352,0.7124881210354195,-0.9088863058375656,-1.1932178671127145,-1.4336759572241815,-0.03334406353164215,-0.5866753185033596,1.075829777685739,0
-0.4858790898699685,-0.2989719519122358,-0.24502376899267758,0.5622867957425877,0.8091614863742531,-0.6416448189345463,-0.2192509141914137,0.2763939193889067,-0.42836982627578696,-0.6600853339833925,-0.982454311976055,-1.4545125838763087,-0.4278906838710151,-0.26047423548387294,-0.09088982593579956,-0.03743489327896225,-0.6685019914503043,-0.608427456896168,0
0.8192285103996609,0.7112266727412778,0.7060653001076076,-0.48292150171119325,-0.263196114567097,-0.7718793764035654,0.5882860973036216,-0.5816711818690454,-0.8728659723851975,-0.8374618426213412,-1.207173793838926,1.241706790563077,0.7364622339746554,0.7528502564362377,0.7468197903153577,-0.71676631570314,-1.9826842413709609,-0.8506192628407124,0
-0.273920970038153,-0.5944859548913785,-0.6787737732675072,-1.3918070786924077,-1.6626594313502645,0.5457338201939801,-0.8009784177280356,-0.4978200792497265,-0.2944975709378031,-0.045019175964390395,-0.17955424499194056,0.864401935436314,-0.5515938779883399,-0.6155495181796684,-0.6595429071021047,-0.0013519121246344612,1.1361519129527786,-0.6876928150513629,0
1.7463073336874206,2.2037570562035773,2.258855365306855,1.9161040861372083,2.055314741955347,-0.03530701175095533,2.422561074968481,1.3138702139344776,0.7869400246017838,0.5947598041251064,0.9189838648052117,0.3597163481816457,2.3063317467111317,2.1617720645796252,1.9590255900185334,1.5010350566802604,0.46924121230965876,0.9047948985954303,-1
-0.35065390437776534,-0.615937670720136,-0.6922605191115159,-1.3639752591462146,-1.3140294884999588,-0.4315548951210877,-0.8847604651178096,-1.2946180456370375,-0.4565419459974322,-0.6032652242559008,-0.9104983376331438,-0.6046106186837192,-0.40565139075226725,-0.57243726772151,-0.7171942936725949,-0.9842553859011004,-0.494276437677364,-1.1500828846674316,0
-1.6129206831606357,-1.644838938685291,-1.5886744324383046,0.3255791653777497,0.02788993972264211,0.9786436726358742,-1.404740427440471,-0.20750986670406407,-0.6140339766668436,-0.6580048691340303,-1.0540976045873665,1.8124286334602142,-1.6796261986994687,-1.6537610066402115,-1.580647293099232,-0.303673044290449,-0.6620107713673522,-1.3241515958146157,1
-0.7505412101093781,-0.4765276911024226,-0.4019728231855641,0.7688005291315599,1.067824560610862,-0.7592693247274515,-0.3455917526323747,0.34594876282427617,-0.3648961129306241,-0.7152545616179212,-1.060778729112225,-0.6818635648923006,-0.540515389324716,-0.43505141211763043,-0.3203433128146805,-1.3355836499532834,-0.7416169620664254,0.5773823237183285,0
1.9016391714986098,1.6964815988566915,1.6487253469044383,-0.21125866183254385,-0.3603884893638118,0.4138178403458606,1.6161208890296732,-0.19396147147350562,0.2683505862462714,0.12339922464292517,0.3022897803120713,0.4401503055025012,1.5860214478613144,1.6498825699946358,1.6637109242798918,1.6259759107136134,0.6521727130855864,0.1677351792247846,0
-0.5987127184121103,-0.38182371800321424,-0.32469676386851243,1.0722181954426382,0.925514770520926,0.6684596454045428,-0.16261726512312982,2.1211991752504864,0.8811642004461093,1.7266192222495518,1.455369637502225,-1.3397517929408218,-0.453853798511806,-0.4042436626086342,-0.3444817846863631,0.11643816817656322,-0.6062643523518083,0.8483246312201409,0
1.9014107100889024,1.986403079768885,1.9962610268461458,-0.38587222956300715,0.38218564286302714,-2.4322325300088408,1.718868288249736,-0.726767077482301,-1.5466969590858108,-1.027857916020264,-1.1274733905137082,1.6288220854115554,2.341621002934164,2.1187522437225432,1.8414758896295438,1.2949319779353883,0.43903744999028294,-0.578135696765091,-1
-1.2779613198155326,-1.7662994484399763,-1.8142508018165184,-0.6241079345991531,-1.5765407192063623,2.7909532687943286,-1.6483705024192474,-0.0019116227139391452,2.0979138593045215,0.6139914042175108,0.6661339499554053,2.8060226899610754,-1.7097305281203488,-1.9557322719504389,-2.136927754678161,-0.21097500474086356,-0.5357834807215418,-0.6471635723778103,1
0.5095167403699173,0.40297701992854573,0.3830883539055087,-0.33717525832881967,-0.35397402590983557,-0.017374889527555358,0.3443649162784924,-0.5926591628986743,-0.6187074096287598,-0.8087315926233931,-0.9282639879873958,-0.20321778005806165,0.22076564433695944,0.3887083674764239,0.5399268655012617,-0.9494189482685647,-1.7024781489999115,0.8715071230563072,0
1.8295140192147537,1.7013092898687645,1.648988737104202,-0.6568771054643199,-0.5071904704763971,-0.5927909976410647,1.4940700134649252,-1.2200374300653718,-0.45605549002786894,-1.1577989990967914,-1.2958254920026822,-0.22612819368202824,1.757626921464918,1.7333317477345183,1.6594238159415027,1.5934454483682772,0.8339721830310609,0.37263036553154605,-1
-0.7943341986693687,-0.6837340913396349,-0.6708890523032786,-0.019242063165720823,0.08202217853183678,-0.31421734794011247,-0.6781069271525954,0.22227064062854268,-0.04324369428301951,0.3544728713556144,0.2970030839201561,-1.163664188996269,-0.7597162729114172,-0.6294269104846134,-0.4850434380781963,-0.4503901228891982,-0.6605689684751721,-1.0911981417490848,1
1.4179359594982444,1.4033142899358524,1.4225168688471705,0.11122907584639793,0.24080046541950723,-0.37431327733860736,1.4087964693721962,-0.6909213014809287,-0.660096004641633,-1.3402069263296508,-1.5707639010793484,-0.5424368445822407,1.398240019810016,1.3723355356104396,1.307366335233226,1.373021548397997,0.9901673380067635,-0.0022166482613572955,-1
1.0526261653753062,0.8258858401515511,0.7718918054943862,-0.5801217336901274,-0.8188232020731236,0.6129591210075962,0.7139426277886205,-0.09583567077779927,0.3926916631372162,0.5994534825169305,0.36756348594288707,-0.45714388117226934,0.7513399840363792,0.8094699337514233,0.8421874286859872,1.1096644600318624,1.1054104539018101,0.5747769132014937,0
-0.5174100619705422,-0.30777693410403456,-0.2434696773839209,0.8659113378929163,1.057615961184662,-0.41059784001050104,-0.15299366357647326,0.12027625169202574,-0.07480053998311573,-0.7180218099105026,-1.0492295717205755,-1.2884010684263798,-0.40787309901549756,-0.29526016349328477,-0.17769840166425424,-0.09236448731186712,-0.6444382522798857,-0.20093003327859205,0
-0.7688581003642019,-0.6657162196351035,-0.6287784367060835,0.04805972594559947,0.24934767539831948,-0.6069618946460303,-0.643769774597364,0.0014602545141972404,-0.3579017179081551,-0.43731809318223275,-0.17105035358620901,-1.1375883184216096,-0.737648301153048,-0.5942709464433988,-0.43824422766362964,-0.4249296928443928,-0.568969672226279,-0.03980986383536116,0
-1.6405292574345751,-1.32490968861219,-1.2213653956854738,1.2983844066981987,1.1700810235728407,0.6582607583143183,-0.9946122314170064,1.7186874319713756,0.46658563555411,2.1079774856740836,1.3451800289554194,0.028589835194735097,-1.2000431527656443,-1.3330090098612282,-1.4229241007243885,0.08680950079257045,1.5378364030718454,0.3364162835220714,0
-0.26839928423676407,-0.015336339014120006,0.030152851647311667,0.9380250214697567,1.0696655112018694,-0.21182757149531023,0.10019428156664847,0.314939483857631,-0.1252273002259769,-0.22940282261749176,0.0014370945748800655,-0.3103293294084571,-0.16137262052274173,-0.002170415847283032,0.1519546979045434,0.21640804151449472,-0.21529395843810806,0.8008348970787306,1
-0.5273111410514794,-0.7055841929457521,-0.7517299613335917,-1.0649169714139222,-1.0125758453656317,-0.3778290794997954,-0.8874509068294284,-0.6702982142822804,-0.45942890677505066,-0.2700173887466946,-0.6419050790023572,0.26585974563061265,-0.47564210454930916,-0.6386785524105026,-0.7778812210974987,-1.7467330844224227,-1.338030700594903,-1.8822536516770927,-1
-0.7137170717239225,-0.31125999640023766,-0.21316863066698102,1.4598094324514725,1.69298077429292,-0.4163881754157039,-0.09306408997339045,0.9105202135920988,0.6212639085401949,0.39990909545526215,0.42195209046022514,0.10596873982896386,-0.37313586660911935,-0.2548308419024286,-0.13293626823226704,0.21578315492496622,-0.4008454533765958,0.5001655830549732,0
0.6890681024161291,0.6328580835756836,0.5937996328136332,-0.3301069159787774,-0.3998684938606333,0.14635411285590927,0.5566120005949685,-0.26258778797704213,-0.0603455332703829,-0.06135981974074301,0.2906047373846155,0.32892597812190477,0.5171300847817973,0.615001899907532,0.6918323269710344,-0.426025067569685,-1.8701384827381888,0.4287507131969738,0
-0.37430216613827005,-0.4886985282648684,-0.4940087016337223,0.29360749034588995,-0.21189493702802972,1.6088849455817233,-0.3289107471895847,0.53962007846175,0.7659827575677434,0.6371217958740621,0.9681642591503914,0.49578067707915435,-0.5403105475088218,-0.6011171600568791,-0.6424828201658861,0.31834904760899163,1.209432988453616,-0.16602407922821696,0
-0.49856007088189946,-0.6693161462236181,-0.7012954758666735,-1.0983160913045966,-0.9311495452112295,-0.7364906042006617,-0.8649552303672299,-1.3153556198114436,-0.985875485184801,-1.014295050550351,-1.3453058690205255,0.23115163202825473,-0.4028479123281539,-0.5813187677397634,-0.7371252641857673,-1.9018619616415655,-1.2707319999117526,-0.8395178063860345,0
-1.528076431804247,-1.1516102677624351,-1.061062188531696,1.1319528681038633,1.3625385231188183,-0.47541118700743784,-0.9136009651645229,0.5036473870829603,0.129614412360369,-0.05485280760611641,-0.2022704941282922,-0.4500205732187266,-1.2033796400296712,-1.1071781195227186,-0.9818911163595649,-0.17646840887932597,1.4583064514981774,-0.8500199335986972,0
0.31846504032141315,0.7265978409443133,0.8206139783337313,1.6539792939330191,1.7623176284899598,0.005766259446062826,0.9892123255713386,1.2446843198449178,0.3931109200637079,0.8562886287608649,0.9239026564667124,0.13159191021159508,0.7836987304273882,0.7254656137339797,0.6480195348803227,0.6899898763905777,0.08406354921998946,-0.12054933524222353,0
0.6766918044084086,1.0280590732728114,1.0956326559587295,1.117121808205612,1.5247542813724417,-1.0209365968284452,1.1311949477963557,0.12985194526950947,-0.4761357907701267,-1.4392243653077896,-1.5720892183322575,-0.3891614418428936,0.9546842014615655,1.063888110364507,1.1386332375327926,0.7737390565713502,0.21270506543161452,0.7466128466844604,1
2.0009541078242905,1.8284038161898752,1.7451425555449698,-0.48652879976732144,-0.49883623094527685,-0.061633901265267896,1.6225642611842694,-0.29227661203583166,0.7300256474516634,0.009605696015996024,0.11776418199766552,1.438886659764935,1.7681698703900064,1.7841229252225022,1.7476869486904993,1.37630277599673,0.5644491638177229,1.0286173827612897,-1
-0.4582323830087267,-0.604456469241931,-0.6129474654979035,-0.042948597347472854,-0.3330947049515353,0.8802797770387589,-0.5461185411654569,0.5421973683676891,0.4701378864030349,0.9180350489601853,1.030646418185232,-0.7433780123414946,-0.7790732759397387,-0.6697638024743932,-0.5445100285653722,-0.6242113187156457,-0.4951786481223069,-0.6951762208452449,0
-0.13264095433064313,-0.3739131660553168,-0.44770974743742714,-1.5447623434768127,-1.353086331061135,-0.9027522303815122,-0.6453415074645248,-1.970095282375401,-1.3239668341770143,-1.8880558349883325,-1.7152321979280392,0.8769233963985781,-0.1946111697114166,-0.3426282341745294,-0.47590421242314646,0.009754045749711556,1.151968154994218,-0.9856604334983827,0
-0.04973893728082109,-0.09796647645040533,-0.13101076728840177,-0.10686445209344807,-0.17876933139811121,0.19850598772041803,-0.13006442534089221,-0.4175743265126477,-0.19991278983987934,-0.03795083512712586,0.08795067999333679,-0.23779715018359165,-0.22711690189493705,-0.149455449963749,-0.06995600476058686,0.28374483275205753,-0.4606453619505916,-2.355618193218894,0
-0.9035501414424872,-0.8098660574486319,-0.7741374278078682,0.3866940341872087,0.37018616781734826,0.12954259959098688,-0.683923850680297,-0.316876583178356,-0.08126625965651844,-0.5781066209200273,-0.5776554914711859,-0.847516838880401,-0.9710804699094384,-0.817141336775823,-0.6444138212823115,0.15379478030071195,1.4761794177088683,-0.057100422638822125,0
-0.20118655343277705,-0.014591471464444523,0.043577944282181105,0.886679424922865,0.9767012178652706,-0.0947862730098141,0.1347454634627481,0.6954691553799359,0.11379133830031289,0.04201488839403872,-0.42400158294672974,-1.4127255380534645,-0.1072136409176291,-0.01512270042675049,0.0744345770996588,0.16860275886067078,-0.2874519283529563,0.6067743901935093,0
-0.10369949723185862,-0.31891007771132657,-0.3913573577596336,-1.311641033634724,-1.2804714119111806,-0.363335794909166,-0.5412817354574503,-1.5181782958553882,-0.8154430763409934,-1.3433246705086859,-1.4965015818034608,0.7565211597424842,-0.18414639543832276,-0.29470509179960985,-0.3931255093629369,0.09648753342582318,1.2202232618601543,-0.2498955936067045,-1
0.20890638364368433,0.5638172365548765,0.6307210726050549,1.6610430810468702,1.562057293799282,0.6424796787901834,0.8537073778077299,1.7593034547240873,0.588526375318503,0.8709616969874638,1.1664167789740791,-0.1861085958899431,0.7126224405703395,0.4900131513136115,0.26034400596148266,0.6403045164785625,0.07589247586115647,0.07219940549537827,0
-0.10175737913889155,-0.07467895538647781,-0.0699785014579893,-0.15971889866576658,0.21126317427057736,-1.1693560777608667,-0.16503670360351755,-1.0452067815180266,-0.3248322077660876,-1.5363524457009075,-1.2248374897627974,0.05365328735087956,-0.09926363040695227,-0.032700664801386184,0.03266395016289717,-0.05327292414146664,-0.2239562836398657,-0.33562671806180866,0
1.7202219274806339,1.7356614064854647,1.6978954508905093,0.3094285130220895,0.00520436658763701,0.9953697675822223,1.7538672971110856,0.8807260639943103,0.8966864466917314,1.308712616869311,1.3884250496037431,-0.12496855300171207,1.6255324149110166,1.6793026402694433,1.6825105067083228,1.6966542512130196,0.7064669604936155,-0.2631858248135099,1
-1.6234309394028936,-1.6895913854422944,-1.6927656250973708,0.2533312818736414,-0.36564220669211633,1.9483525522117278,-1.5006558256697875,1.1149281426088478,1.8818413388757722,1.3298695277875885,1.4918213517943957,0.31356183495928985,-1.7747600760347784,-1.7588587921481649,-1.6923315277586113,-0.10745490460877356,1.4419565791132083,0.4496280965703886,1
0.1480911969596143,-0.10671965301160906,-0.1911913734331165,-0.9529944903162771,-1.284177918430562,0.8201992904359309,-0.25823900933431654,-0.18048659703038974,0.44187937841039404,0.9156515258443153,1.120408774248063,-0.24219211081617525,-0.05265158362745475,-0.11901773648655548,-0.17978063161059057,-1.7119716581844284,-1.4275476503050313,1.8839718064159698,-1
-1.6316944962348767,-1.290501512473209,-1.1854976104775323,1.3987476898616258,1.2352883712778604,0.7864770743562491,-0.9448150001475837,1.5919667980507606,0.7856953569060638,1.6185831785589828,1.0766998445655245,-0.0568497872196838,-1.1927250564663952,-1.2880463674923925,-1.3428396533753282,0.0345141610804772,1.5201990039066728,0.22519417097779504,0
-0.8624228023185875,-0.7871548149722007,-0.7597376269761847,-0.017885505634398734,0.12641666716049213,-0.4458147839931261,-0.7602444354412927,-0.3575841283453267,-0.7463809275119985,-0.7345333272257535,-0.8577257899902676,0.49356014023483225,-0.8510913850065781,-0.7568211226828899,-0.6435897658436793,-1.7663722135208302,-1.2278938422018804,-2.226997784076435,0
-1.084739025737656,-0.6191587055506671,-0.5490089108644545,1.9769777509527806,1.7000957145536921,1.2520910382453974,-0.2525706373551631,1.6162786037382213,1.7042809261730596,0.8817295368718129,0.9652597756826012,0.6282743924120433,-0.4955576522470715,-0.6754073725155557,-0.8298125574654787,0.18754803255956853,-0.47709748391319906,1.04003229743743,0
1.9940233902370539,1.8024293487615404,1.7222433539000035,-0.6025192959004432,-0.5267714748944312,-0.35513232542975665,1.5768501710044245,-0.7716840275118076,-0.2746940779951213,-1.0801075684910895,-0.9914172152243949,1.4589805882554432,1.7111107267054044,1.7545178898697087,1.745510380844322,1.3342584726261932,0.5322375694998144,0.6130516121386773,-1
1.2363282994976605,1.7253356968712275,1.82513174125016,2.5493014301474908,2.4151824290254047,0.9315088229973869,2.121925000197021,1.7713468345377776,1.1689423935412833,0.8411054946243688,1.081240210184812,0.351167203611272,2.0325947400963433,1.6315645335563946,1.1960442102040734,1.128018289721298,0.3074610005995941,0.12938178087887756,0
-1.5747255148363355,-1.7771917601150495,-1.805602107926451,-0.4958472416763358,-0.9412691486008782,1.2635886328645236,-1.745092317471104,0.6936495926274191,0.6563546808753429,2.1224337890777214,1.518298270772228,0.3227434166635699,-1.9750465639352541,-1.8199191488885922,-1.616885628305173,-0.20593382229769835,1.4293914972531545,0.4039587981415011,0
1.6883862723758496,1.4368196628699117,1.3714413936513812,-0.6875181823317179,-0.7669162764583438,0.10290100518209894,1.27902866163225,-1.1669738652462809,-0.31613709679575297,-1.6957632073857385,-1.204595578840174,-0.38189851644274064,1.296200218498426,1.3947242507340616,1.4495151568773113,1.5261239719571,0.9333936892838633,0.37094766552212316,-1
0.9270354649670306,0.8926953601355607,0.897178826835932,0.21850567791264128,0.14354124109365976,0.27431913127012536,0.9424891224508131,-0.2651837455016153,0.2915498985219944,-0.22697033835275696,-0.7364037694188611,-0.09844069092531962,0.7655433673955769,0.8610936834879792,0.928522367996406,1.1417679825232658,1.0184440499868206,-1.4681052500572072,-1
1.9937187362862439,1.8431043534529494,1.7583570016691246,-0.5404260539105752,-0.4856633531309216,-0.2781518978938864,1.6120749034706945,-0.5783304954427964,0.09332293363964707,-0.41664762353916607,-0.5013386126313377,1.7200248523691215,1.9315461775832512,1.8338038534473033,1.6858989164904086,1.3394165478258526,0.5014890462195807,0.6343486067026876,1
-0.7422395642701956,-0.5783004607067904,-0.5682554068893999,0.5947915594998718,0.38705242469073775,0.7579948218654408,-0.43978569378696836,1.2812861539160703,1.0501959464681903,0.9056838161420296,1.476186284772554,-1.2509285795172584,-0.7217052762175118,-0.6187876599084231,-0.5012015157096027,-0.26973195099776115,-0.7004084613752283,-0.9242599699444668,0
-1.6283433608827615,-1.553157083363241,-1.5308908221423578,1.0538146204973162,0.25073586949065185,2.6759305440415453,-1.20166430120185,1.7632544895512858,2.7926420264869365,1.4238309342097881,1.2945488709318371,0.4481071232305738,-1.4689978786414373,-1.6629200072133592,-1.8022309920157071,-0.01662694079810717,1.4559994080597078,0.5723298938674286,-1
1.298628608821781,1.801016837629069,1.9139188000411158,2.500867053899102,2.518990295194912,0.455126661672305,2.1768535865263487,1.5703043442906224,0.8575307804169533,0.5824894393271002,0.9307321635093088,0.3494530797962,2.081821530653824,1.7389752824837377,1.356637316993149,1.1473031983454813,0.33714255117685027,0.52251812939404,-1
0.8257784396017833,0.7847181413647106,0.7762205929643292,-0.2477814014268727,-0.27246352917226546,0.025034440673218895,0.7219165036962204,0.16488713675547084,-0.16608471089384372,0.165604589669683,0.20586058077844574,0.43646760442959043,0.8303866485431137,0.8089148973496928,0.7646169467985118,1.0066517286378525,1.1580763038936048,0.7298709523943016,-1
-0.2829462343806582,-0.4313611284024253,-0.45334681754604733,-0.6637620035251158,-0.7021673882166748,-0.01785573639524003,-0.5356013373311085,-0.4196946498397861,-0.18510973741179354,-0.14777229340811057,-0.47870398969396616,-0.3464783864003848,-0.38258111931378225,-0.38981130448584494,-0.3854741572216225,-1.5685766467214404,-1.2176950845515007,-0.3922910751358087,1
-0.4464273765289246,-0.318796587014908,-0.2992864776254039,0.5373940556585535,0.557321600815218,0.04867108758927756,-0.23731946369503726,-0.25710832811842843,0.4766782089626307,-0.22691278778094862,-0.44571987312759065,-0.5927022086070026,-0.43948848849048633,-0.31607626959667384,-0.18745866820130316,-0.9320630826740094,-0.6684199632800102,1.0337555881177212,0
1.722278283541803,1.6797279870792217,1.6497790617779047,-0.23079208234482287,-0.22715595764807195,-0.058267678189131596,1.5738806639112852,0.11109121043382039,-0.15029678542079813,0.34422710492332104,0.32379822681146486,0.27260217582811813,1.691888868373527,1.7096478182697272,1.6771248173147073,1.5605576400739443,0.7235034523372411,0.05817711378846272,-1
-0.6557198178712501,-0.7285849539720038,-0.7567522946526114,-0.587252027577742,-0.6400054306026669,0.04173144496352377,-0.7961849473082679,-0.5368180026764026,-0.3834785799200383,-0.4287780073348563,-0.5593122062972711,0.3791337541172051,-0.5710698977911848,-0.6743896234373378,-0.7547653458545657,0.3084841115843394,1.1586357152589966,-0.24893825467383976,0
1.2626041362137548,1.2542911040921803,1.2192953244122144,0.41651966518650924,-0.06501571218915257,1.5605442171712023,1.3355201746754042,1.119463063363283,1.4002312341681367,1.2802151713186105,1.3976788229658834,-0.4173585611708803,1.143568153711918,1.169633608918877,1.1608500072618433,1.4141803005829732,1.0183041468338703,0.4326908460322676,0
0.5830128209057208,0.45449196690518145,0.41778831874339195,-0.2646751324930664,-0.44864060766339736,0.5096520393561458,0.41292998978380124,-0.5887367666125332,-0.09350388921088287,-0.36415305570274126,-0.42382419092247037,-0.07114975903693785,0.3058706456582796,0.4328383670128014,0.5431217380920327,-0.8131437683374834,-1.7926538528394875,0.568402911597655,1
-1.2589970907586865,-0.8960554604215538,-0.8104531441625357,1.034824898582999,1.3563459475837831,-0.773883190579335,-0.7284744203861608,0.45021891757454924,0.2984716054952476,-0.08827369321886884,0.1496874979516904,0.23720247569884373,-0.9279499633696072,-0.8060396205667537,-0.6646295608249035,0.056125152212897086,-0.5760817949219831,0.16700116819148966,1
-0.15849787007432345,-0.4203010556344892,-0.4961773927048905,-1.6838214478945643,-1.4408434502636451,-1.0883437799233233,-0.719368652922979,-1.8081907479251453,-0.6985981679708482,-1.544272533665104,-1.460476320882316,0.8512132181862244,-0.20902602393055178,-0.38361269804294934,-0.5414087905781196,0.08254114407816857,1.1434482630251175,-1.3141814026338372,0
-0.7185532716092884,-0.6213457739291811,-0.5595891870354701,0.4660369259082649,0.583894953796844,-0.26597265962044536,-0.4926524836376367,0.06359228586122906,-0.464335659397381,-1.1186050399779426,-0.9451773517792982,-1.2278880446824982,-0.699592178005848,-0.6051878387422599,-0.4962355207503196,-0.415554310351617,-0.5677000161254427,-0.0560030828263323,-1
0.7272632126336308,0.6521960848866637,0.614811061225783,-0.41034001887913385,-0.45097464976030016,0.040721924605208605,0.5537755634613865,-0.06138836968564633,0.29177757938823534,0.5576304545968888,0.6686987029671111,0.8999214402601365,0.6379435717845873,0.668013399462164,0.6776896501932678,-0.41736479370487245,-1.893919990228524,0.2668084352908019,0
-1.214937435568187,-1.557411806400006,-1.628133253309909,-1.4336393691702942,-1.4658111931872215,-0.19415963321655152,-1.762203756210802,-1.706288455604503,-0.7847699030916763,-1.147718556169944,-1.5242291223500752,-0.36990210068320134,-1.4789708727633495,-1.5514385090167493,-1.576457789954977,-0.37483427064221686,1.315594374113492,-1.2239191921332488,0
1.1382700389290228,0.9095255771450543,0.8464985491461501,-0.940604027858787,-0.8141443259616368,-0.5795552978365711,0.6958837286221863,-1.508160507509294,-0.36165836219761116,-1.044292672097491,-1.138869290690796,-0.16275623415696266,0.8792132320907047,0.897267290731581,0.8886500970935838,1.0565904603714305,1.000228764138543,-0.18642114182235797,-1
-0.18892449339325998,-0.016486406974127857,0.025376303852266052,0.4876603546537264,0.8668709529171018,-1.0623793255643013,0.004948168830226532,-0.5609586091354096,-0.6354088192649936,-1.2958137680576802,-1.4410693095639215,0.09855759371176481,-0.131789748766619,0.009394048330218134,0.14574627823764927,0.12615881144921526,-0.19976850416670525,0.4020108018949585,1
-0.8913642739440703,-0.873224128842444,-0.8561986999306687,-0.5011927841112723,-0.16780925517304848,-1.1238751974472552,-0.9555778357035203,-0.8755506701682996,-1.0901459177707362,-1.127755168519008,-1.2311527406404748,0.5506915007220042,-0.8238872505355642,-0.8092775152519001,-0.7716094819662959,-2.007995792143461,-1.4347930986001647,-4.620768132271018,0
-1.0425072797253176,-1.273330153615189,-1.3113728845577897,-1.5019749672109655,-1.0927459856988868,-1.5606290692814317,-1.5469290222818493,-2.414186510206666,-1.7955332448300205,-1.3545653953985977,-1.61731119392585,-0.5014669424621495,-1.103943994143484,-1.2124610112764345,-1.282221619311423,-0.3528036324303337,1.3354557201155852,-1.7793951730656152,0
-0.5969229418212485,-0.7020455206067173,-0.7024545340921619,-0.7577221212644054,-0.6343814238687321,-0.5326550605349395,-0.8087269544082935,-0.20744383036951844,-0.5333215719344482,-0.22407286918859395,-0.5982042977603508,0.7697806109587868,-0.482551015690034,-0.6090735523496548,-0.713802017447197,0.40247932734703246,1.1663831084881542,-0.20010471682651207,0
1.17490383396537,1.0365170308249088,0.9955188137447952,-0.9179287849652257,-0.7097592283281335,-0.8252959711531618,0.8014547401895611,-0.970726294045202,-0.7571448490582556,-0.6491515179011845,-0.8931510821444278,0.008380622392021014,1.1889546378957048,1.0946032891046507,0.97147233802278,1.1080665089631414,0.9624411922157627,-1.2340169091356241,1
-0.7283019656080215,-0.8377393522226573,-0.8699136802139633,-0.7644692613553349,-0.7083804404027967,-0.3279633174329949,-0.9407028844316501,-1.1106295973818907,-1.0765793726443456,-1.2614470665391577,-1.491965590167085,0.3258668249152682,-0.9978189343045266,-0.8565530504562364,-0.6949436919382102,0.15216463684183357,1.264422445433529,0.7757038709903344,0
-1.3144046843425736,-1.6635665877130301,-1.7237163366022192,-1.299587781837798,-1.4582181683172897,0.220700022456742,-1.8219699423315678,-1.2743992719140413,-1.38365509448041,-0.7618273633562664,-0.8426103141471009,0.024574138538530937,-1.7471856874847629,-1.6887318291437206,-1.5830648587454126,-0.3001499049443194,1.3178114582332232,-0.7827494090338246,0
0.9417346694528324,0.8925028892523728,0.8895223302626601,0.27632728449505417,0.06962020137155549,0.6898043743695421,0.9612085551992988,0.08218568656772875,0.21396418238690376,0.2114431046699803,-0.22342870145179286,-0.29188180437825073,0.7604881354119789,0.8424980406190131,0.8973641707913141,1.1432205990150623,1.11110322828064,-0.012196454199867413,0
-0.7443340238652666,-0.8179379559130809,-0.8002590487952417,-0.04812384340244972,-0.14872658914828651,0.2984347999522392,-0.7586166663702902,-0.015249597756635562,-0.8129114868205215,-0.14555899508321712,-0.37725776519132437,0.7541699960774796,-0.8410118280389266,-0.8472089789292707,-0.8285731657393631,-1.4140873458232572,-1.1843807637391077,-0.3051969784382806,-1
-0.3525960805775308,-0.21906289195223472,-0.20698734965411317,0.6646999216413527,0.48128208861892763,0.6977456212105445,-0.10001658119095462,1.2538855281207753,1.1354432629186102,1.0092619498057709,0.8332476211015233,-1.242412065750824,-0.3591387265991423,-0.2496500198296966,-0.13643774378653792,-0.014925432331921873,-0.47625683981420386,0.26053427135170565,0
-0.5992459209328278,-0.8589558755550323,-0.9237022349056815,-0.907525259168064,-1.0723524611008535,0.319744279557537,-0.9938602266599483,-0.7927760368598473,0.4547389805266111,-0.3483778357644388,-0.1541138254103207,-0.6260776083514494,-1.0454744498931519,-0.9067891209586011,-0.7462163684006359,-0.7513109381744105,-0.7316692128309041,-1.9079651177692247,1
1.2678212406978318,1.307177350070256,1.302673738452127,0.5774862328046408,0.3203100584475678,0.9059434273608047,1.4137708718054054,0.5656424192712777,0.7764637106680361,0.5545398730425685,0.6934356117499465,-0.563984531237235,1.2374684477336306,1.2141337150709446,1.1562510652431974,1.324218405831785,1.0125155731357625,0.09350737721431325,0
-0.04707328784473164,-0.0675547745701504,-0.04865987882210946,0.11583815266211647,0.08176124560751952,0.12806987317418755,-0.006842282465763258,0.04880900356452811,-0.39965902667100806,-0.1958320640034898,-0.11010178235913635,-0.6230332282626041,-0.2464504183034534,-0.07350016359182009,0.09600304939792158,-1.6845646824512686,-1.2331276729094534,0.4783512156527836,0
-0.5559480168329533,-0.2078337305545048,-0.13763115031455075,1.324780276663038,1.5086585664862255,-0.2929191194339707,-0.021526937230828776,0.658420005469657,0.4268623818365155,0.20844404507894382,0.08061415674104351,0.01797469428021423,-0.31033068904943734,-0.18858959250538046,-0.06529587397128957,0.2608684410667178,-0.34216379519766915,0.7977995051054712,0
0.7407819629568904,0.5788873852405293,0.5587484151703375,-1.1245968669193842,-0.6422969481162225,-1.707471104684969,0.31719608335966665,-1.5496560137523376,-2.0579508029430675,-1.0607977844229801,-1.3918861940885623,0.9373460950973099,0.7990207385676554,0.6585768277502345,0.5035191258015742,0.5663089012380463,1.2284603655292798,0.68797225852821,-1
-0.4973033515447578,-0.3030503995854102,-0.24354866061446911,0.6579284556219815,0.9087897028027596,-0.6343308714808753,-0.20010412911490247,0.4585873136114732,-0.3126102858094524,-0.2813551096129661,-0.53227298076318,-1.4166289618265298,-0.4206929884728495,-0.2726863068319573,-0.12152990671050119,-0.025830838908361527,-0.6445404982392605,-0.08114043998835933,0
-0.31577185503187755,-0.5953737669148219,-0.6591058234478337,-0.5812676791134914,-1.1095723349210294,1.5001111101538365,-0.6134848647820378,0.28201322263450956,0.9517706443118736,1.412214921795949,1.4974209118074322,0.555972029124797,-0.625947120187102,-0.6522783029927782,-0.6587941223216199,0.17547317750572683,1.2581916529694077,1.1074608048611705,1
1.7153094769473667,1.6723563247996003,1.638338233148322,-0.24425178298989642,-0.23299880740296242,-0.0843551822556522,1.564642478393945,-0.33778126710788725,-0.6727700842023804,-0.06895495785174142,-0.3091825388162115,0.2522401912903809,1.6737844411691551,1.6958629614416918,1.6679208631223166,1.519810929646485,0.6966471858000963,-0.18581139975759292,0
-0.8270456975659815,-0.6128978613320156,-0.5447328436374537,1.264056174299043,0.996341521639508,1.0784274424011182,-0.32443051173548004,1.7761461721162644,1.1546474109950657,1.6585537146118452,1.4748733789917288,-0.27112713850548664,-0.592272948561411,-0.6512607303742786,-0.6894083441956853,-1.1259034653312088,-0.8130408296754215,3.814456812041202,0
-0.6781494783552132,-0.38294291844727524,-0.3357162391866769,0.8827160809578304,0.932601624597786,0.027387704183777995,-0.23571387510198036,0.8250168583860347,0.37699604648830376,0.6711496896665307,0.3235950192156407,-0.7979380284976989,-0.5129536330668731,-0.3470690194756005,-0.17644921466161417,-1.2452077339772225,-0.7182217880813877,0.2016429310558117,-1
0.748017319968236,0.620448623751232,0.6069877322140905,-0.9532628307096311,-0.5040259459665107,-1.5711760283802787,0.3941859052879378,-1.2616802643145653,-1.5766529805557548,-1.038469578377501,-0.9849618683237323,0.9955990979939083,0.7832649672097223,0.6911423631091108,0.5818989537767437,0.6262285241103388,1.2658032607565766,1.200779538661415,-1
-0.8199626675300414,-0.5864059863614799,-0.514387925907676,1.3098544246273198,1.0773333579492967,0.9799408833613094,-0.2926863287824932,1.4046781094685732,0.8441760872876195,1.150138571794781,1.1057700813087867,-0.3317211567409209,-0.5947723667983686,-0.6113864804770986,-0.6096879107958079,-1.1944202274779079,-0.798981489045833,3.927967633311136,0
-1.7725556781301701,-1.5888827107122288,-1.5356936630700004,0.43747201626621335,0.3392629041207271,0.3902555088834475,-1.3862462512762315,0.25622257540876536,-0.6592546188904321,0.26800134555242616,-0.05345941878533598,0.7260694505409166,-1.6920367173373898,-1.5718845437963926,-1.4099086978664046,-0.29948209516791435,-0.7489597245075282,-1.6999286987191289,0
-0.5521017824940224,-0.7816185869711987,-0.8512992945427935,-1.1621654174213498,-1.191406375322659,-0.1477072208222174,-0.9997551479174954,-0.8114772309919255,0.12003063702684402,0.1000715371703725,-0.7171346813371458,-0.43365444757498395,-0.5650627221128918,-0.7393356232012738,-0.8864853143711243,-0.8430350797848641,-0.6502082550090835,-1.0123270550529413,0
-0.24448445753265025,-0.5614509818497068,-0.6475596045740211,-1.7775051809631612,-1.7407393752505769,-0.47560938624789373,-0.864866198870081,-1.1568172665428855,-1.1266119208144727,-0.5311042019646077,-0.685946897858554,0.7361500571489926,-0.3944189341063528,-0.5452376253891837,-0.6753338400824479,-0.05488462729918686,1.135987013146503,-1.0829721331973463,1
0.06732168493196396,0.29373730675271736,0.32319746793703785,1.1878215450960496,0.836199991310027,1.3199637453741995,0.5087256752201964,1.8854539320929682,1.3654404612787847,1.7573388624999136,0.7104606482372298,0.26926012070095373,0.29274356987945344,0.2719536176060042,0.2439277756114073,0.5947442623538731,0.04973206781348036,0.8973550486374703,-1
-0.7986373558277168,-0.7328565821986721,-0.7096895869190373,0.44180652039516677,0.29750677285589067,0.5323689451489895,-0.5895711203671544,0.05250811824247592,0.7295758021778692,-0.4107724775926538,-0.2317946080536364,0.7019097759073635,-0.8154468612373827,-0.7466444083234649,-0.6583544674153659,-1.5450844323234127,-0.9816248649829543,1.2145365308053788,-1
-0.3945611599593599,-0.6424203501792629,-0.7176270281262095,-0.8010927239468403,-1.1256211567319563,0.8308246613206448,-0.7599931389685455,-0.6207632710623453,0.14133112054755131,0.7608794687893106,0.38719936727045334,-0.7691804019148551,-0.7841410639833263,-0.6919675878119735,-0.5826509552511946,-0.7440769226308125,-0.46680405086738846,-0.011451062330386445,0
-0.5446759949733706,-0.368757010207411,-0.31319462702248624,0.6009830970940071,0.6966748083702038,-0.17049683675390995,-0.232744740541207,0.5698503049195036,-0.052081767416899946,-0.20622766299896206,-0.37617931454691267,-1.2383932233372843,-0.4618410281968556,-0.3596511974393764,-0.25030381715167593,-0.6679626522244658,-0.485900616750516,-0.14258415080820963,0
-0.7834430814084985,-0.7408753921032102,-0.7203928513111847,0.49377620974386344,0.18322481748956096,1.0523998232289618,-0.5790572485339462,0.9128120897697581,0.6156936933395079,1.6839720033830137,1.2401362613862437,0.4127743914569339,-0.8139928269543082,-0.7454416941672584,-0.6574299282614451,-1.232627281287672,-1.0190567959500791,1.610188380882534,-1
0.4284806343452588,0.3592309627538569,0.33808896374608727,-0.13185909296260775,-0.2757464550630022,0.4139669846156352,0.3464252533069695,-0.198757453765334,0.06305033633153465,0.004764627431478316,0.20274885521136948,-0.21095610513364782,0.21667299021906014,0.3538299745739913,0.4762708202723352,-1.1014114115534368,-1.6191711241541706,0.6482242895662634,0
-0.5244550465793815,-0.3918973842166097,-0.3411337264689393,0.822016000353838,0.6959025287476868,0.5542795842604207,-0.1858544367594055,0.7549074775167922,0.02708843695778329,0.3017049956447069,0.6148720800035937,-1.0734432516077383,-0.4674695644602727,-0.41257012622515443,-0.3474476282093291,-0.6406591297062778,-0.4823010722895642,0.11337531441392716,0
1.8202603806227386,1.9390595501673378,1.9734145320463479,0.7746490893207688,0.8491545496696942,-0.07011777040695644,2.028878162899959,0.29660029643881036,-0.3920298696833985,-0.4438824516731264,-0.4219154906381534,-0.632860703718473,1.9126696353933448,1.903838280974838,1.8399373521226798,1.6477620326157894,0.7607550365492044,0.11504681770213401,-1
-0.7916685347065784,-0.6872733196350671,-0.6686676074947336,-0.06805453440099837,0.10661921675005351,-0.5491218368348987,-0.6925845400693258,-0.30185365811103704,-0.2969085442459395,-0.46244945040652197,-0.7229322956653377,-1.2114940960819607,-0.740117481498599,-0.6208229463131976,-0.48732947179529756,-0.501740735760037,-0.6713874845874306,-1.1247361634959536,1
0.023719097827880252,0.14179799779826732,0.193353521820127,0.41346379266395267,0.709828876702127,-0.8236791067898882,0.1893607139564505,-0.4244840879564385,-0.43748615223631176,-1.6006602714110487,-1.2269572666398674,-0.3680037706556353,0.04497268701718925,0.18313861742346063,0.3115187395743809,0.18621543429903853,-0.03633186146030431,-0.11166989912578944,1
-1.6418240657789176,-1.645542952824905,-1.5871641917457227,0.27868596559192904,0.08259511155397076,0.6577563410946429,-1.4248074977278515,-0.0336910904933792,-0.052094975079785465,-0.45148495736267685,-0.6056971259585122,1.5858216465146973,-1.7384833335388048,-1.6299844711146247,-1.4775964090976887,-0.26508780803320436,-0.635088963815751,-1.0772216603241445,0
-0.4673337745221851,-1.237606053383174,-1.370464787540743,-4.432011068708404,-3.2236023689902646,-4.60772321419798,-2.1196771532556626,-1.8270382100868894,-6.346584061019442,-1.3353523223006214,-1.536480228263438,5.916675095171762,-0.0014150317178453363,-1.0412144589104246,-2.0171680067115796,-0.7199615927456273,-0.5466203342605715,0.14305371759689198,0
1.9163764795183107,1.7064633655335364,1.6485146300554046,-0.2771185107780517,-0.571143101233231,0.8443482128551733,1.6048759523925316,-0.14432112131931774,0.3281122990575601,0.26330242431306994,0.4291767459114127,0.8084407331427179,1.634955396489077,1.6695884621267862,1.65455949738828,1.6069972986171415,0.6462369711225197,0.4975827128123062,0
-0.2421996400617725,-0.06669064179581688,-0.017665122133353726,0.9407373671412569,0.9104987689046082,0.284747169500867,0.10280704657285127,1.4104607639257625,0.5752060328745998,0.7073981378439325,0.9614344023211736,-1.6602664632504551,-0.12046378236922055,-0.10292009269884866,-0.082950404969689,0.27926404793561355,-0.3155051259423696,0.8663100977912015,1
-0.9050733821431393,-0.9102071047582055,-0.9316923293669218,0.18590106856791275,-0.24018788822895162,1.3435577358919766,-0.8191946401203076,1.0031404403133497,1.2704250469368057,1.5767343973784567,1.4848394160007625,0.258981118705073,-1.0056832897697143,-0.9544346569027957,-0.8770902032664055,-1.721497688561242,-1.2015919648501847,1.9212565885001749,0
-0.06241987471265194,-0.19442987819434893,-0.21211502297571136,-0.6895575813774324,-0.3368694122722824,-1.2214901259725195,-0.34936947615392117,-1.6402928268545365,-1.2435202127969764,-1.8974883214598615,-1.7384940707035834,0.16839421287109535,-0.21924009384784723,-0.20792537802183939,-0.1909304852317062,-0.019071791347701247,-0.6051544843922746,-3.6337349125408163,0
-0.4189329240095892,-0.31147456530412404,-0.3041947054478333,0.17637481417469963,0.25190775502863433,-0.1954293810550649,-0.30573734339023845,0.3694825708950883,-0.12450182946610659,0.4824744386830213,0.8289015575856885,-1.6042548193500177,-0.5441063386965882,-0.3035866271098076,-0.06200574869712196,-0.045108454758075546,-0.5274374679677014,0.3347539257242824,1
0.38952390377743246,0.30902023645265253,0.2938184158728528,-0.3548239848649564,-0.2574487169420733,-0.3708243620032068,0.24354090577324464,-1.1023624894369832,-0.5610463424873592,-1.3735258079703592,-1.2857547978042607,-0.4444648926850529,0.1388537622354132,0.30091101049626756,0.4489867958345273,-1.4348468534451375,-1.6534094384674713,-0.5085610454729264,-1
1.863139407330298,1.728749278790441,1.7090025911971451,0.10275628616845883,-0.05869111282204057,0.5156802297147203,1.7177451417735092,0.16239500655846897,0.2289121143009122,-0.13974618588264345,0.3340130801766008,0.008112161965633188,1.5907929241516754,1.660059354937947,1.6788226021747115,1.7025076403670825,0.6874041457548394,0.28214544746541986,0
-0.6880504993293507,-0.3927321329193737,-0.34243321681805206,0.9084030730477837,0.9293275013811524,0.12137384049230351,-0.23875427139658886,1.3090876699465832,0.796276947170575,1.241685700625377,0.9291281756351951,-0.7917193475407589,-0.5131073252025471,-0.35789334100560743,-0.1972849199841243,-1.172830906303911,-0.7162098328807269,0.34570488437123603,0
-1.1634901835511362,-0.9030163754944193,-0.8483842301974097,1.4170605566358807,1.1854268544012596,0.9991125841496917,-0.6100866632676002,1.4296467850233956,1.649361324688035,0.7093443837890043,0.9142172208552866,-0.6172519193058774,-0.826433629258803,-0.9809867273564818,-1.1020272290578759,0.10300654452395033,1.5229098712074833,0.839055018586134,0
0.5109638611629673,0.9338447182064598,1.0183565798944592,1.7853354423186103,1.865919564710799,0.11763114455359046,1.2008486385057977,1.6995811040602502,0.755814843903988,0.871874500878227,1.437886927234871,-0.15024127278891075,0.9438444624867418,0.9303879330760779,0.8903145472499894,0.8674827757973441,0.16266302243364705,0.5480391873662355,0
1.3601292087883747,1.306197290223292,1.3100579621010935,-0.40425614902972623,-0.1656672133610706,-0.8136171191323963,1.1890807762424425,-0.6881078427918128,-0.7756836648261474,-0.7261458406765582,-0.7557724616802743,-0.16004162834909455,1.383559690110069,1.371965499578637,1.3208553121996207,1.4044149630210734,0.9852903365515622,-0.222845025231871,0
1.8425757595583983,1.828414716455172,1.8051914247217598,-0.38299468895140354,-0.026982072864593233,-1.1690787953290243,1.6549545149149618,-0.7148940014169324,-0.8159287799089393,-0.8047937713899694,-0.5635758869148508,-0.3030058690848593,1.7974186228773545,1.8462934606422263,1.839908685780705,1.507026696001763,0.8189904883354993,0.22593951141451626,0
1.7621109014815592,1.860679644361911,1.845256384361129,0.949295357399612,0.514938220254296,1.5247722039762808,2.0140058871001374,1.274305680486997,1.023505282132017,1.0383585301018374,1.3487679108615587,-0.06802926015397057,1.864432951378991,1.7576634961215565,1.6032366945402952,1.753367241151151,0.7383173320798274,0.15089585960143026,0
1.8412048748865513,1.8988954832790494,1.9143490394265215,0.21569076267635703,0.4216147080297753,-0.5869382152095232,1.8535167262475252,0.37412953036656027,-0.17690655854306522,0.049635889895738805,0.31207961541409984,-0.5402396812908533,1.8418775432140935,1.9523165303353782,2.002425514578023,1.6253890507338178,0.7590560154448651,-0.1263767029123335,0
-0.6759027063114376,-1.6291234961818748,-1.8284574134377523,-4.845571496156196,-4.406103568420922,-2.3360236951474103,-2.540390330133124,-1.0423173424443806,-3.929181697289224,-0.432704052323751,-0.9482017735941889,5.57407003768851,-0.23491744887344687,-1.4467108301244862,-2.5773151872459836,-0.5576166193715827,-0.5434600619568943,-0.2575760853119882,1
-0.21283932009737516,-0.24401278363701648,-0.27701072467295085,-0.3121099276057395,-0.5248319515913159,0.5880804164972241,-0.2809822444566419,0.4623987370843873,0.8793307241280027,0.9853762306703996,1.092641580467371,-0.20107411711207387,-0.2147406745541641,-0.2275387699690246,-0.23330788707969602,-1.539493999780215,-1.1985676793554214,0.4280928224351222,0
-1.0733147059560655,-1.352559471268401,-1.3992467878777637,-1.6754129785490757,-1.3199647059553206,-1.431251993931694,-1.6545307371517213,-2.3715171842027125,-1.9779645540780153,-1.211153050007535,-1.5465305161244467,-0.29683402944083054,-1.1267852438875026,-1.2855484389950196,-1.4018078750263196,-0.3456851552708282,1.3769999760675324,-1.0785281924105903,0
1.5139758949061128,1.2937066639279131,1.2313858580230295,-0.3632308814871628,-0.8001795282389912,1.2647046378424784,1.2294744072225003,0.5894456797373187,1.0248041958484089,1.2658088334508588,1.4132398656750798,-0.20250060403247075,1.2701099797331152,1.2648322512061898,1.2229495187152921,1.5722552503227372,0.9943338462065459,0.6953406778004538,1
-0.8918974038312898,-0.8036993218535828,-0.7704233603803033,0.48460475815181964,0.3585773447373709,0.48511896432518087,-0.6525942674243912,0.3664032718868409,0.27679705601454113,0.21373298809275557,0.3090934675163723,-0.9006465905943741,-0.9673010599615963,-0.8215821220768941,-0.6566802773169236,0.19134506767826737,1.4856978678620059,0.08351969839346327,-1
-1.4006959838585102,-1.7330867157866814,-1.7215565182072634,-0.22158471885247724,-0.8297822085948258,1.818358937567859,-1.5535990659012817,0.10143121861865227,0.4584831576052325,0.5349110905064633,0.85402198966081,2.356605813753269,-1.7633847787571255,-1.8019711837740995,-1.7869188455946892,-0.22373027565269302,-0.597390761129149,-1.4069564777506045,0
0.12311015406116298,-0.1216857522692555,-0.20204392922732423,-0.818228351079768,-1.153184711329866,0.859278366177716,-0.23827027332572961,-0.29240621471611467,0.8709098721887434,0.7910558685555464,0.9145982566371634,-0.10863042610844482,-0.19797448728664763,-0.1658307001821808,-0.12990316528666612,-1.7170202375845556,-1.4276594526002686,1.725261262380847,0
-0.5985985530774048,-0.38260665439028674,-0.3477804830143358,0.45855022987583915,0.7191266286563046,-0.7048110844937954,-0.3312352838726757,-0.42184498293943123,-0.3437692140791497,-1.1540188880622875,-1.6159271915636637,-0.7596200762075725,-0.5446392381078997,-0.37075305481622217,-0.1917014077417999,-1.2338298597976631,-0.8900750452556166,-1.8621573587879507,0
1.5429173520048973,1.2648589377409558,1.2042896326715953,-0.8607883659519421,-1.0343262362193493,0.3559783592606647,1.0864127386438434,-0.519668732477892,-0.40584731595072115,-0.062060990458885246,0.038810338452769905,-0.13189361503689426,1.2690753096524114,1.2653873228998647,1.2250268649531557,1.473576718978338,0.9610748399032607,0.6254329991677687,1
0.4363633737387283,0.3636126297719994,0.3433132685167882,-0.15034794997975254,-0.35328439684905333,0.5911266162816615,0.3476329166965954,0.47660490461605654,0.344841736298897,1.3412754125919073,1.5022515520290287,-0.29367541650441,0.243922451731862,0.3653019032745841,0.4721410787792866,-0.9308675885735027,-1.6083138291474424,1.1051029428682557,-1
-1.4791425167745813,-1.7704283407879875,-1.8079639513641845,-1.0318346968698129,-1.2359461621028829,0.4147338502918999,-1.857772597980703,-0.9056771243286775,0.07257805798470406,-0.9223650874480983,-0.4858816316744253,0.1213626841877574,-1.8134972066147959,-1.7618192215703627,-1.6605843107689466,-0.2768187566795713,1.3846557133767314,0.2603584923144071,0
-0.9177924085821723,-0.8277535931181417,-0.7929625939674997,0.16558524302461383,0.25332330490720845,-0.2350307862879066,-0.7629836241791416,-0.08685044193250475,-0.5997279485048881,-0.04251550547303084,-0.6468351679263904,-0.6296096437151073,-0.9701562521506956,-0.8099251577144277,-0.6313186435936996,0.13931831043163,1.4769817889499126,-0.10348800670769367,0
1.1476760190231428,0.9344245421552866,0.8707850401064474,-0.8780495745085812,-0.7678986710430019,-0.516809619496817,0.7318165652842292,-1.3516411020942665,-0.5815517222994585,-0.7665971929350267,-0.8566900215106252,-0.0854646738124816,0.9121574144984222,0.9235417547545435,0.9077062508440067,1.1143293353124106,0.9965871099030158,-0.10694542430651575,0
-0.13679181356698475,0.08979104564285172,0.14260291921161458,1.0399771301638292,1.0398901222566161,0.21262238194018446,0.26293836551611083,1.0612260382839993,0.45432797406590175,0.6987818049681983,0.31347418852892095,-1.231694836989462,-0.03998502219140134,0.09275062000930342,0.2185038431440676,0.3258274752798043,-0.22469461633160073,0.9300491461116892,0
-1.7357314671112165,-1.6047542402892676,-1.5508046445715413,0.4174740926281234,0.2656736483114218,0.5503836580856521,-1.3926053259347666,0.38551233428539783,0.21654277237315372,0.6562057599731944,0.24389868421191793,0.8004856356948812,-1.7005567402491926,-1.5844666864682266,-1.4260559758763443,-0.1904610552536146,-0.685883800281756,-1.076834401168954,0
0.9353751707600148,0.8993220698490119,0.9003221993083588,0.2980971519617218,0.12012026810161508,0.6062161442261613,0.9698681118426197,0.3061030478611525,0.7663015160206941,0.6348650347075275,0.12253207476751177,-0.1309713776337173,0.7675482105745488,0.8561903619701415,0.9170764928694322,1.203937634684329,1.0647869078770786,-0.7314115736053549,-1
-0.4099839829484844,-0.11076323575285839,-0.055710306965932474,0.9337850341487626,1.188289279215903,-0.5891656330995675,-0.005174612796471671,0.40658957578130267,-0.3801884093053384,-0.8336084425016566,-0.2403642928559251,-0.41432591657050816,-0.2480816676512912,-0.09135552264551816,0.06296656236791455,0.15418786084460842,-0.29664108391973226,0.38774193661935047,0
-1.1775039457010126,-1.4913636080086665,-1.563255142890683,-1.2954195403389779,-1.4453922810910302,0.1950228704885193,-1.6730001919839312,-1.4653876877950702,-0.2508282445563639,-0.7773710060801109,-1.2716868371273347,-0.2564222331295696,-1.385787270708122,-1.480293938101862,-1.5287092225822647,-0.37045079227369204,1.3477377079805353,-0.7983587797109475,-1
-0.2879347467147302,-0.10628942843018965,-0.05759805675264367,0.7778061453892785,0.8508562063565742,-0.06501356863139354,0.024264804023415715,0.8110857616888927,-0.0006515567069723919,0.10102691933147663,0.139293284833154,-1.2290806839337454,-0.188559447908705,-0.12392102271245002,-0.05776654866446067,-0.5714205912521007,-0.5381679845796832,0.2978503853312323,-1
-0.5182098149081692,-0.6654412629441276,-0.7011726383705073,-1.1849854230566732,-0.882976106016441,-1.1673655728130024,-0.9184381679568178,-1.2540023706607064,-1.362955649140783,-0.6141758307190052,-0.9434083152268494,-0.38295247910124347,-0.37496932577917647,-0.5747501958489539,-0.7513696491944046,-0.9632684478982697,-0.5181231901429973,0.8851671374077128,-1
-0.06177249233053075,-0.08827505526485502,-0.13040492327167427,-0.10110514771041364,-0.26416314735277113,0.47898831841601236,-0.12660717477689173,0.06795208951655023,1.2215320976719588,0.6520514979399489,0.8141274074465843,-0.17054487661206225,-0.07804315006696702,-0.10282752192999854,-0.12382193186159338,0.39192897470475635,-0.3681432566969694,-1.7306260487387437,0
-1.187633544298458,-0.7999783700167745,-0.7353107608328043,1.407975594598155,1.3252776044151926,0.5408969739127184,-0.5519863211928717,2.0221746015103124,1.9753671286622068,2.863959287216529,1.5099457405340642,0.6793602208803706,-0.7824733620953684,-0.7717162640660529,-0.7388685826287136,0.22611587034057926,-0.5102850519791049,0.9224448189677165,-1
1.2599384722509643,1.2038486217881057,1.1578151810261763,0.07800668795136469,-0.31466993617937133,1.2191462751638913,1.2119668687954437,0.6666915319079058,1.103345611502109,1.2789902273186573,1.2729262446372802,-0.3211414148446739,1.0380834022066041,1.1359578948807052,1.1976439488500024,1.4005330191710532,0.9929846581811045,0.09488492667238184,1
1.2621090808070392,1.1679919572576363,1.1125348428834123,-0.235196913813886,-0.5064213879217875,0.7830454498394713,1.1061565505861626,0.3424163355919997,0.46904996975303787,1.2175269803535467,1.2984305439650021,-0.25056152268823445,0.9820608942016485,1.113846645020033,1.2089919486585343,1.3849215852295598,0.9635953330009149,-0.3114682025672873,1
0.8115742905227011,0.8119007878418819,0.7840526506261568,0.12989260634697192,-0.10428430196726324,0.7440749874019943,0.8317605619309393,0.4474920132766077,1.2598998056078856,1.2397319627387584,0.9141404012590827,0.19763602782769837,0.7744246843351712,0.7971654328022625,0.7959941027322727,0.9823612679829111,1.1697092188025804,0.46510441317744905,-1
-0.26116386911861866,-0.28495454639691065,-0.28407883118032196,-0.7501248845470174,-0.15569613885505904,-1.9745855616667463,-0.4834714999821583,-2.228101998478729,-1.8572686814867834,-1.7458818344824156,-1.5744231944745097,-0.06301352494791876,-0.13947761599065983,-0.1981186644022752,-0.24910599213402648,-1.136760531231166,-0.4233822658073043,0.7594621031254873,1
-0.5817668435694328,-0.21628033740663927,-0.14411103757764862,1.4198623930712317,1.5315179068534288,-0.052203027559665396,-0.008683523481608066,1.5435303776775915,0.9215930001624159,1.4985941288504048,1.4302803348923365,-0.14628777809723106,-0.3169481665697821,-0.19441805704064274,-0.0701913360635168,0.2981233710782657,-0.33901558625208483,0.8699005783242462,-1
1.9110832551266304,1.9363169604117432,1.932647301257209,-0.6786656528179018,0.16180188329282288,-2.71389248558909,1.610756515737649,-1.3052425667677323,-1.48956953781,-1.3720262078967473,-1.6648616388737796,1.8141176211344048,2.377646940017389,2.083041172695708,1.737382309942715,1.2385477879433309,0.4066393721901585,-0.7989043307380933,1
-0.8368324660452144,-0.7778796257945074,-0.7486744313701478,0.03024304090372611,0.2226841954336531,-0.5834920752811826,-0.7348932113795857,-0.4126624316721645,-0.26806061754502164,-0.7488384144105805,-0.9294197748351519,0.6915290406476831,-0.8431096478486391,-0.7732889436701719,-0.6832389295089416,-1.6854757583474718,-1.0423113462084126,0.32039488901870294,1
1.7866349344003944,1.5153160808888269,1.4396735866931822,-0.9061491087545568,-0.9957409148780475,0.0894931632697443,1.2877002030949343,-0.3561123170801872,-0.32216259998465974,0.2525084520337961,0.2580935053991452,0.19434924666751066,1.5096477933198609,1.5041703213581208,1.4551354627269055,1.620593009695314,0.89805676875314,0.36569625058120275,0
-1.6016486758277526,-1.732298696520263,-1.7491531303423196,-0.0671494671313526,-0.6625059470083808,1.8105467860073303,-1.6083826389136715,0.8750580634976595,1.6278029224919222,1.6022797657726948,1.3237112408149625,0.12186535289329446,-1.8734740784520294,-1.792534506186338,-1.662089726599095,-0.12812283581981765,1.424559167397585,0.5048723661487832,-1
-0.13389767366778613,-0.38622380510637844,-0.41925270007433374,-1.210293990563063,-1.0235035920192868,-0.8194859954408784,-0.6313089338668324,-0.6310208978707712,-1.2914971181905177,-0.3516093985397694,-0.12578667447531042,0.7253856497040835,-0.1398417498703483,-0.3112654835557445,-0.46810427689520706,-0.195582874945912,-0.5771592136669447,-1.0670814896244532,-1
-0.11150611671772347,-0.17738388902776822,-0.16303288877748054,-0.5939229762706726,-0.18239156464502226,-1.3822664257781225,-0.2850061134873467,-1.7233098088460532,-1.5961982227155393,-1.9792391441678028,-1.414522279190016,-0.1802366344229541,-0.1375974077788468,-0.12012809162557055,-0.09973004796028237,-1.974959107067461,-1.24880186121941,-0.2852945047522164,0
-0.30476657243630184,-0.36235599434745047,-0.38564140825321974,0.12488976926962245,-0.20008980510699018,1.0212859244687524,-0.28984680437673527,0.5653971420853862,0.7156683501698223,0.8724896340403535,1.1790496077577635,-0.6803084698309018,-0.4973111938874571,-0.4213591613503896,-0.33560825471655875,-1.1760655643285327,-1.0995380160741495,0.6443243626540349,0
-0.2506916437767618,-0.5654516309670855,-0.6525644236522304,-1.5770039335960688,-1.728178731787269,0.14120865995306492,-0.8201400933317877,-0.42309123428126477,-0.7307850053689235,0.05473612473499689,0.06913907758666696,0.8270668856629737,-0.45718993349475856,-0.5687366250679319,-0.6601455826890049,-0.003297207623079962,1.1553185102353305,-0.6539774575989582,-1
-0.07727142070055765,-0.1149822068576234,-0.09539775081228716,-0.22998209908404232,0.0030424291134870554,-0.7609814758463508,-0.13907699990978767,-1.3140093555847612,-1.1493976620961657,-2.1432874586926127,-1.6053160706258764,-0.4513963702897936,-0.20359346484524116,-0.08719248494294847,0.02798538073999259,-1.889624269352073,-1.2976220295602185,-0.6163929792863019,0
-1.642204810583933,-1.4457517880180868,-1.3778666393116032,1.2433861059785567,0.8929984703163083,1.32752872186886,-1.0826216366848826,0.6994662347828073,0.9078471983288443,0.2775836224674494,0.4438235761202689,0.2573813136462268,-1.2801459068647567,-1.5375612578795805,-1.7419602917557198,-0.08663132475405565,1.4888344632153134,0.5109888675378169,0
0.8433717839867824,0.757100830543379,0.7585894498723745,-0.3317454665913298,-0.06056962478284738,-0.8986619501135804,0.6671896489554267,-0.6452133262118115,-0.9133327703901966,-1.0327874538469894,-1.0891038723273718,1.1474912293646393,0.7202301344362787,0.7630270060876032,0.7822568285655134,-0.6460670345227576,-2.0188464416482828,-1.596801986082277,0
-0.47826292994680764,-0.5387471274506974,-0.5271808411998983,0.41138097146680974,-0.019406461602023497,1.4039959042403036,-0.3858784358537542,1.1257470108636847,0.9537873025892921,1.3396094594611079,0.9496538670337595,-0.7211526285722156,-0.6444652495979054,-0.6050028030803863,-0.5492238368762433,-0.4789782155389111,-0.49113770387030264,-0.0434062663794835,0
-0.5193522526970072,-1.3583159197506096,-1.5073419171908782,-4.746361757573237,-3.5905815110169086,-4.510650162236748,-2.2959260365199037,-1.7517504365366807,-5.819111043989854,-1.091638129335377,-1.4709622675280245,5.699435394767409,-0.039302672498844844,-1.1560264754989504,-2.203082528382161,-0.6481593315180061,-0.5247221920131349,0.3227022854593186,0
1.5556744529244317,1.2721592610166699,1.2128505024746201,-0.9304119169617838,-1.0644096912555536,0.2206051724174908,1.076170908468175,-0.16783395826284644,-0.3882091294875059,0.17174183080314787,0.5095578313915382,-0.08184546632253464,1.2822182911548408,1.2759341085830354,1.232754627552538,1.503821521622496,0.9778328766978612,0.8002732014960681,0
-0.049129614852500225,0.01628422231474671,0.010818513113381953,0.7192321889406909,0.31267571709744063,1.3926097231089405,0.15547157018861585,1.579238367839949,1.5880059455390783,1.3584753014361048,1.4298416750098426,-0.3612054970133531,-0.020382782693274867,-0.03048023685890622,-0.03936544955592505,0.32046468148254204,-0.05618225495203365,0.9629947051412223,0
1.7456980403125002,1.8318904190621703,1.809572952531307,0.8353083459752428,0.3894942261171828,1.5366027334111751,1.9625808242705078,0.9897851717652025,0.9429896947743531,0.9134539087062494,0.9109518438192288,-0.013067056450782872,1.8152444976487316,1.7404555677787235,1.6174770554410156,1.7231146248200615,0.7213114967065345,-0.008057246963683621,0
1.99859309781231,1.8368795215583968,1.751640057532185,-0.5022699124846747,-0.49484718424907176,-0.12530417949816305,1.6211428773124146,-0.213202713701238,0.1285931497870407,-0.10103030315548442,0.2956135496053708,1.6134657131793966,1.8116077182125576,1.8018859605509545,1.7400876738195221,1.4022028561595432,0.5556043660684554,0.9295870412741607,0
1.4647373549790363,1.873976124739319,1.965845874632617,1.5656374940756963,1.9269395350610132,-0.7873898171331408,2.0237446856983894,0.9653405764600134,-0.22579728012590616,0.31456272045957223,0.7904171095323934,0.7859043039719665,1.9361020031176637,1.9357562091631297,1.8791388415306811,1.2434027962725436,0.3645262082123319,0.42631120933254485,0
0.7710181412398212,0.6696966261332111,0.6455686806540494,-0.5116043989673928,-0.40053592818954514,-0.44479573469300593,0.544413068503418,-0.7246896479030703,-0.38016990804377837,-0.9248266800853996,-1.181952636842551,1.1697053379812672,0.7365431381872324,0.7215799707104736,0.6861197510704578,-0.6195454016101734,-1.9259792548456913,0.29873326281657614,0
1.1627941154279566,1.0100264138311308,0.9483507626591978,-0.625769419535124,-0.667998471156928,0.0016183409186911063,0.8555173830278614,-1.2740663674495898,-0.13330935960312507,-0.9411388374397968,-1.4072926189143034,0.020745702929690246,1.0659453742018294,1.0173527178076638,0.9407491235617159,1.1547021347745785,0.9799972658842087,-0.3430602336744515,0
-1.2340159607000363,-1.5836818610058538,-1.653368038754449,-1.440969218633866,-1.4792161888436317,-0.17704121010187787,-1.7864295037339504,-1.5912642620536779,-0.17853230803923917,-1.1563547453956746,-0.6212758881747626,-0.15528944077228865,-1.5313163438015556,-1.5829863658812953,-1.5869622656212299,-0.32125196460127303,1.3477374395530313,-0.8615138207798663,-1
1.7207931318483534,1.7012611568331126,1.6961042387684806,-0.38299143575093847,0.0175060920860322,-1.3053863239518584,1.5563908024265065,-1.2995466660978412,-1.284052703752793,-1.6702522224529666,-1.494237578462283,0.39062589577602486,1.7041245223769914,1.7413806755042023,1.726802724210918,1.5224396622951983,0.666520317993551,-0.6768960187174654,1
-0.5108601472951194,-0.309810964672256,-0.24638474842819033,0.7583865202358578,1.0087094308819347,-0.6121685233888302,-0.18120952296075235,0.1567741959435407,0.13558066720333606,-0.7402111926297147,-0.9975299685991688,-1.3416508858083018,-0.4112639358677614,-0.2898017349898264,-0.16383513155035703,-0.04158864925170337,-0.6194298373587002,0.09561288274202179,0
1.7702601622385363,1.49755182818761,1.4216036028445482,-0.8024515658508071,-0.9471682945208351,0.2795781707512671,1.3003665074654485,-0.7133224560935962,-0.2479502646830333,-0.18346554537827378,0.2027000062672849,-0.025182993945026818,1.48933100881434,1.486869892830324,1.441257015990181,1.5664272816968245,0.8808546000413079,-0.11921841317635667,0
-0.7055676802266476,-0.7912844616109018,-0.8293571562255263,-0.599906382558167,-0.6713979609768779,0.09656399264260176,-0.8589975785420509,-0.342971092317968,0.2482457939896397,0.08590480152994881,-0.025868572932499483,0.30729646916319503,-0.9337043232417722,-0.8118679439342383,-0.6703599992235358,0.23275198256018526,1.2713831927542927,1.2288711104467311,-1
-0.6567480031651851,-0.46305224291789304,-0.4188487102787604,0.8769379683689134,0.7624055473942855,0.530008239903368,-0.27649127846062477,1.6106828230445753,0.5243000448317829,0.8988423737373674,1.2183237797342445,-1.501417833458798,-0.538673782177121,-0.5024953756708838,-0.4528748535930798,-0.03073085407429915,-0.6730178908595521,-0.1285888730591307,0
-0.9584627958332557,-0.9605908068123444,-0.9667172404798442,-0.4104021579861677,-0.3307079923511154,-0.3279955708847728,-1.0224371241773886,0.06875217328058232,-0.24533028571563384,0.16844357670986007,-0.04224644185046712,-0.6025394608495236,-0.9608802797546244,-0.9094720851178477,-0.8332805228468619,0.0425870540530321,1.490845266437565,0.3034782768879701,-1
0.02116765730659232,-0.09750009003671523,-0.11090381258930977,0.008194017204535504,-0.3774818566637102,1.1834397251495765,-0.03229509068598835,0.33346072663050835,0.40939452797932435,1.3097513004582977,0.6552440762310239,-0.2987206611180717,-0.2771244515207187,-0.1620376279275249,-0.04595534134064932,-1.680381963745635,-1.3009442763721935,1.1701672363838873,0
-0.8105185839020195,-0.7461257097057509,-0.7208669717577572,0.2965203512653729,0.30209314974000157,0.0434714430522225,-0.6385157040973802,-0.39435078338039997,-0.18361426623723853,-0.5441377059697898,-1.1126328655114803,0.7780834729172845,-0.844707602978716,-0.7628346581719663,-0.6614254984515285,-1.6850063120366323,-1.0796808424761937,0.404627214610307,-1
-1.2621958119751957,-1.0243087526273018,-1.0007323311782421,1.1309955530992069,0.7593915111284338,1.3695895196321874,-0.7871828154545906,1.849004877220926,1.5800681983629692,1.2235649847144836,1.5083403342466724,-0.5365703261277398,-1.0465553872740172,-1.086824655511928,-1.0941939623884689,0.12483131813081379,1.4979131855484975,0.5850052132406913,0
-0.8067104966770906,-0.9157066844594919,-0.9395156114864047,-0.21042167282657664,-0.519370997461462,0.9036987633298477,-0.8854425071152765,0.34771002583660915,1.1030933718830624,1.1376146763348312,1.4278354915412577,-0.2252023762593972,-1.0902621577988367,-0.9468484065176533,-0.780535162526281,0.23576848244568177,1.4086002817796952,0.8445374973949954,0
1.422772232017107,1.4171349748695272,1.4314201824188235,0.23361658210640052,0.2703006610688834,-0.06470250543082122,1.4533070509283572,-0.5134561543578908,-0.6661941047739997,-1.2674712395555972,-1.0950136055343156,-0.4721359190639671,1.429584788458297,1.3554051784063885,1.2442117773595696,1.4204052045050017,1.0105874441411606,0.05318813095682659,0
-1.7938428935619442,-1.47720236498317,-1.424841611718391,0.6889162152995799,0.6402859704378954,0.28968178002520173,-1.2695468815302113,0.5605371616449215,0.6087932198066697,0.5526570683393003,0.742209178019838,0.7187534119453253,-1.5664015742362807,-1.4701172943263272,-1.3341976298370652,-0.21176022818622472,-0.7373005004233394,-1.0329320668117667,0
-0.6295583062835596,-0.8563352723085318,-0.9029454713926051,-0.5736356791132936,-0.8903083099298785,0.853198426416964,-0.9091650175496415,-0.24798301353909905,0.16263018029577475,0.5810601294951742,0.9103580682965603,-0.7693618417561632,-1.0990925776608191,-0.9117849779533458,-0.7040145763737625,-0.6991242608019101,-0.6187113868118452,0.17370824621363218,1
1.7063985377332627,1.4563280406259942,1.3872636362094273,-0.6296301685901867,-0.7763514426382394,0.3210092614372453,1.3098227647166152,-0.8227234718359936,0.07697165039609413,-0.5105301676795782,0.35201265514574337,-0.4066147797075888,1.303039629359558,1.4079540005764777,1.468544260166805,1.574279932880406,0.9072615278623894,-0.009878401292051387,0
-0.8733139631595565,-0.7479485439748225,-0.703350182021222,0.8444832959759094,0.6131778605294956,0.881190609024863,-0.5314032181105178,1.1153352793677829,0.6195341327321559,1.066173281661147,1.4368789059375933,-0.1966651213848546,-0.774897562783368,-0.8028014788379977,-0.8064627421693626,-1.4639561711044222,-1.0593329618967897,1.6927840533853573,1
0.48434532506896105,0.9039441496860767,0.9893286567062728,1.7677863953857411,1.8552825834821265,0.09286818924972366,1.1703154581953397,1.3361549744636718,0.29842633339396557,0.7049247620227236,0.7809125639206383,-0.1978629903230001,0.9126519697894984,0.9020781120644547,0.865617441681674,0.8299437401289699,0.13516127025461103,0.3791540849767591,1
0.2811838774296444,0.6940634598372751,0.7834379372826642,1.818386338139499,1.7557919817122885,0.5630994304899964,1.0016069266772727,2.0670676546548665,1.2289456490906396,1.456964951116988,1.359731098603803,-0.2580577951463678,0.8484595240153706,0.6474748644975568,0.43415389944294835,0.7006648312937868,0.12206821524033667,0.5758950567730601,-1
-1.516309441698145,-1.159731486569064,-1.075049280966004,0.8345618274359545,1.228466096551927,-1.0365680933453056,-0.9954328649995446,-0.3316436075831866,-1.0142237784587798,-1.3800410884270637,-1.53878336488499,-0.3811485558287124,-1.2024113231259803,-1.1131916197198533,-0.9944861657340689,-0.1616540751873296,1.4310995660863488,-1.1468086571415044,0
1.5848444004863254,1.2700607815132066,1.2136934100640746,-1.2580500330130762,-1.065676914461435,-0.8463436926896605,0.9959615305598368,-1.234259571077001,-0.8513855267671548,-0.7951516185941195,-0.729597067007062,-0.12198159900461446,1.2882173795849148,1.2710307870651965,1.2174434702461068,1.4240547172144356,0.9325867050054184,0.13767330728889468,1
-0.37331204079813535,-0.6365752935367825,-0.7183294533503842,-1.1639655706467267,-1.3046734046456265,0.19347580433834136,-0.8487528892011482,-0.8416341262399327,-0.17370951492162076,0.21270662916863206,0.13367424916283274,-0.7076966319105468,-0.5359344788422437,-0.6281317314353887,-0.6990890577082942,-0.8229322344127001,-0.4599564610712362,-0.3562649655023255,0
-0.5045768556701055,-0.5251550587854212,-0.5193663413216483,-0.9057614639410754,-0.22950947873987199,-2.2570836414105684,-0.740190087810004,-2.179359084840188,-1.8578071554537834,-1.4401637939475975,-1.1720941665578473,-0.5874077853417651,-0.33418834185980123,-0.43310862589781984,-0.5162422755504154,-1.124718181114959,-0.7194739751282936,-2.6113465401734235,0
-0.09802549898176498,-0.047441887650340075,-0.02496153341832834,-0.5458733006124048,0.14978897518008177,-2.243073025222974,-0.22786600618302824,-1.6729176093906273,-2.0241651650151846,-1.4473207884379404,-1.5697866429147078,-0.03355499036560245,0.13733820626270998,0.04593772689756565,-0.04384733944251193,0.009260116553153603,-0.17602740096634256,0.573260138500905,1
-1.3744582216229158,-1.1751456817504815,-1.1570316134010248,0.3610858593560392,0.37863533651947195,0.01995697804908593,-1.112451543258205,1.0496120176580486,0.984707920494108,2.162084235719589,1.4474968226537328,-0.3414746973296515,-1.2813694947153675,-1.143536762428194,-0.9769055642297628,-0.04252868788079901,1.426036066958387,-0.4703625673238267,0
1.720869309862755,2.1808301070271674,2.235051813878244,1.972919249550847,2.057155808160137,0.14474280370903664,2.413630601601725,1.1150666993610463,0.6346687528453312,0.3140001443688443,0.8159742925909865,0.40685540567020373,2.2823480971397174,2.150577671725871,1.9605330049443417,1.4595602148132854,0.4760866731010695,0.9230138684797246,0
1.331187751689589,1.254051690779131,1.2354424161114348,-0.5905360778228945,-0.344364374866863,-0.8748888216000256,1.095809385528324,-1.1156021722539693,-1.0085209763060046,-1.0269404303495102,-1.3503298567150843,-0.20256878105626652,1.3979664139147996,1.3334789642075926,1.2323023023762056,1.3459528532177212,0.9461412180045321,-0.7416527970390001,0
-0.09943448718751252,0.11124725282381907,0.15983001556745477,0.5810122713108474,0.911937467752137,-0.8953640989044231,0.1736291095071813,-0.33595940376407657,-0.3860133719189359,-1.0204135430044805,-1.3841296655823287,-0.8360842583488779,-0.0016753777483634105,0.14011869069054678,0.2732606266821394,0.2181530982625111,-0.22530956595046697,0.0617077018407774,-1
-0.8560633181524708,-1.7329287082196745,-1.972850512078393,-3.4717987185044485,-4.20493912265609,1.5375319741120939,-2.281724379523647,-0.6205871509939679,1.759295320196338,0.15215830223228805,-0.23475015273194688,5.06844069994517,-0.6936835819183769,-1.7018691493850615,-2.628020812091158,-0.4086132559767009,-0.45248716470292333,1.0787361972221927,0
1.158567136284013,0.983614564183851,0.9207804068128608,-0.7320233255131341,-0.6897280870988511,-0.2790725643815158,0.8080289182248933,-1.3380974556648055,-0.16330809656143955,-1.0680164415241347,-1.4203898204197105,-0.10538716971247214,1.0233281506493699,0.9863599326367952,0.9219065812447356,1.110920588342957,0.9888759066593321,-0.3428379166463492,0
-0.5765497245586548,-0.8196449855942374,-0.8932080090266236,-1.0149296647546842,-1.1337643504764099,0.15688536930271463,-0.9902195439373128,-1.2109911840975827,-0.48388973108260724,-0.6589017912291659,-1.0582811835679464,-0.37596513261061143,-0.774666402223417,-0.8267630147335137,-0.8531391702160225,-0.928971258846494,-0.7062618390754144,-1.540108638101206,0
-0.8031308853885686,-0.926731323936688,-0.9553905575401759,-0.5387206492531842,-0.7525625695379238,0.545239676861973,-0.9696285580596952,-0.3260462027827053,-0.3902504845457268,0.3896934332512316,0.271325558034815,-0.05229827150526052,-1.0065480391567185,-0.917705942673572,-0.8050497130738975,0.15842610881870126,1.3601411557250072,0.8869550924703691,0
1.8013341534128944,1.5447723150467623,1.4734165250472457,-1.1297763180270786,-0.9434503669584454,-0.8016217373416442,1.2538398850054773,-1.0461602141522353,-0.8863713148628589,-0.7337091047806552,-0.44600243507847614,0.3750640034303268,1.60524322771482,1.557274321097718,1.465575942089973,1.5128566440950317,0.9117060707130433,1.100913070463682,0
-0.09745425103394538,-0.11769993380537752,-0.12382853853721927,-0.3268477855345537,-0.05001940568477672,-0.9149820719554096,-0.23387951057699516,-0.5424540749169406,-0.910549369861418,-0.5652120020718676,-0.5902672012833047,-0.12557570853879713,-0.13846581941281325,-0.08173402114754573,-0.024457491761122455,0.013779761439269858,-0.18352097265117145,0.2251053621695848,1
0.6931046510507679,1.0331649622793215,1.096484325692755,1.0378800237099515,1.4420438434863085,-1.0264887388923472,1.1186008048084577,0.512723986860455,-0.022775292208785634,-0.49846557778427864,-0.3597097127148476,-0.3897565229978212,0.9560006375257749,1.0685138960355087,1.146327026898887,0.8117337864615647,0.21114531897863228,0.5269393955639693,0
-1.7553050549131326,-1.4505234115510937,-1.396322984833917,0.7358847758069776,0.682935740589122,0.31250581622527646,-1.2414577186606681,0.7437928247901745,0.8138225242099673,0.7779328853507476,1.2688412511973355,0.5831571759050679,-1.5484351955982438,-1.4631786158198263,-1.3381323420152367,-0.20110444286162074,-0.7360739494426456,-0.9035365945505911,1
-0.26120195812581953,-0.586666309326024,-0.6727241153414832,-1.53057117535405,-1.7082248151575306,0.23182488602202206,-0.8273618526171237,-0.9278648199340249,-1.5403252226033226,-0.29692922222943113,-0.685946897858554,0.8874249775679431,-0.5170730796511841,-0.5989892322993643,-0.660844734350105,-0.05882262133012846,1.1136365914461586,-0.8797031036650212,1
1.8320273852555389,1.8958645823287223,1.9240337480551224,0.20828906904949177,0.5375472809893834,-0.9663635886924176,1.8495859403501205,-0.40560766807642107,-0.523229417360059,-1.2214833918750756,-1.200674315387052,-0.561053320250347,1.8476132088849753,1.9434349950251804,1.9796569605719396,1.5773136228771516,0.7672473025576408,-0.11764818620595344,0
-0.9944111340069803,-1.0766290727654113,-1.0990812142094233,-0.7678552822251148,-0.6012538439096808,-0.6672813351280332,-1.204915914488668,-1.2480849870459865,-0.3648220066934931,-1.1971137906245974,-1.410075886844954,-0.6518832652456874,-1.0794486423415417,-1.0375138339028174,-0.9667669332397003,-0.08787505534855235,1.469831338058079,-0.05674996999450808,-1
-1.455684700050082,-1.7551726394605274,-1.7944509760270055,-1.0547079607484877,-1.2708234097529079,0.4468452354889261,-1.8484512409009712,-0.7749770816812243,-0.14512349788743867,-0.18639631946905696,-0.15707198635313135,0.18719043389635898,-1.8146335806219884,-1.756360793066903,-1.648902713164242,-0.22858570071187534,1.3518359539628966,0.04773724110767753,0
-0.31748545360833624,-0.5434144216758657,-0.6026041792118578,-1.4066068743116,-1.1440263020441335,-1.091803696424262,-0.8418842046952568,-1.86525735524404,-1.0437946367992013,-1.0680472510875132,-1.5953384759056992,-0.4442935679954105,-0.257893850132914,-0.46706184049088606,-0.6558964039065909,-1.2414145536107433,-0.4617141345123555,-0.5139143021104874,0
-0.5004641144943652,-0.3922887451137598,-0.3728483623326953,-0.130282745271341,0.2526767979014056,-1.200046127282296,-0.4410289410671193,-2.021858971365877,-1.185410793855399,-2.2520768210657076,-1.5879692872696256,-1.0883876537655965,-0.5049646843583884,-0.3504920909903968,-0.1908163170897536,-0.9831144834266211,-0.6444956171706561,-1.3295023782511892,0
-0.76383151354963,-0.35138338199043945,-0.24677989904198963,1.50082169135344,1.7488639761242513,-0.4535804863917297,-0.12170113407695629,1.0387071423429475,0.26430014938980034,0.6870433162092767,0.4695015698422639,-0.023204154165972653,-0.2807098034526019,-0.3224598411175555,-0.3534862619044525,0.22627370681659387,-0.432760254619622,0.34265953780266534,1
-0.24977774003113035,-0.0006121328023169852,0.04349899119662516,0.9481422862580469,1.0588292661004035,-0.14555711966430304,0.11825469957145056,0.8531002786783397,0.31435224203092804,0.7771839549121604,1.1316443794190252,-0.2581115509610855,-0.14365566291133788,0.008283869650921264,0.15507684104046657,0.25205116418582996,-0.18906932407919924,0.9832175050662045,0
1.9094076729238731,1.7120078020204683,1.6561535219528891,-0.194046998318974,-0.49747844201217734,0.8901347689957795,1.6312131635404479,0.1179368496847489,1.111070824846399,0.747833077795895,0.8944316422182697,0.7532431263876102,1.6425758712188754,1.6762495694945052,1.6600985388451819,1.6594771455233086,0.6072426988351028,-0.04297793908957588,0
-0.25389042310007076,-0.23689164298762783,-0.22981619958480004,-0.4746081497254071,0.004368423155182737,-1.5645649174008223,-0.3776392891827673,-1.4517181476799856,-1.0361721461853992,-1.3486521476330855,-0.9193632197762471,-0.4001070698039461,-0.18589359322433519,-0.16314773602293295,-0.136392706059843,-0.975620532564438,-0.3978735093229658,0.8834701130541063,-1
0.11861663902701083,-0.08160772300445548,-0.09510788660996605,-1.126795037750673,-0.734813091803422,-1.4311726451104592,-0.28405768935644704,-1.69582134369762,-1.5306717295562868,-1.6952030362238386,-1.421403049141987,0.2550494539272434,0.12410540695589478,0.00967158417705559,-0.1013486931315454,0.08258469235999966,1.2401953206285397,-1.5600463740808275,-1
-0.23309831391846234,0.010577049898779712,0.053745679528002584,0.9306283000797815,1.0464240484847256,-0.1647873529917245,0.1265732379628653,0.7401251222985804,0.5544140398234607,0.5701496175026196,0.953191791897418,-0.2783803970983157,-0.13274569410193518,0.013187191168760236,0.15402488754364943,0.19929481694478313,-0.17288467953053635,1.1072416850861313,-1
0.807651979856267,0.8101271225200992,0.7871696931221075,0.11097630073972951,-0.009698409386828654,0.3924252910311762,0.8229123712475153,0.3814782938286527,0.15913761073845806,0.7088883986040951,0.8763796341482727,0.36462311305222467,0.7100516274828136,0.7700583259468445,0.8057378798871067,0.898661470303545,1.1554454700672012,-0.28213998649398553,0
-0.3487499333988002,-0.0706973228331015,-0.02174786282271705,0.9530051021174518,1.0862546291367403,-0.21369907040111463,0.04348587989199499,1.3107921110171805,0.7690733775980585,1.4645093609876854,1.4493764222372059,-0.46592231592489247,-0.21448092752568598,-0.055551951433717786,0.09986084095301923,0.24674640003684498,-0.2496122955671496,0.8358453364833266,0
-1.3318838052860675,-1.1269400692711993,-1.1119620088545117,0.6442361510402402,0.4600944904285065,0.6957849801209823,-0.9984009223735383,1.4386856419413796,1.2117089099386247,1.9904548215259317,1.4924501255982616,-0.34698084938070217,-1.2225102007735413,-1.1299369765539766,-1.0074994009455092,-0.017647408311350192,1.480236311153248,0.4046431087643264,0
0.7703708024377973,0.7219228318898646,0.7224407970677372,-0.4960981459130784,-0.14417656114746358,-1.1796381891435919,0.5931174563686661,-0.7442484140452779,-1.0253458538393765,-1.1898942745856556,-0.2442016872062097,0.9535741696804674,0.7351513854064432,0.7488721838116514,0.7403762746312517,0.7197898197921071,1.2277430785583352,0.6343930602540558,-1
-0.4801669735592734,-0.30173540104608093,-0.25505977731890317,0.44425957431989593,0.699240129661722,-0.6905826602770796,-0.24887894636570543,0.1394690502307157,-0.4347462842077169,-0.6670653864789511,-1.1569255943781303,-1.5549520684762506,-0.4352407166663172,-0.2545532707636467,-0.0722985012706992,-0.08311120670020622,-0.6385530065122684,-0.2196632061904921,1
-0.9163072423620217,-0.8350701315883203,-0.7982132354135676,0.1282464654949136,0.28658186830957094,-0.45897553984916595,-0.7747028527132246,-0.41788707229042055,-0.4105537943693687,-0.8941894165881904,-1.1198855083036978,-0.9067712522012006,-0.9785068690018673,-0.8146434435703958,-0.63238469063261,0.13559670343744246,1.4723353711784142,-0.2858885741127886,1
-0.8247989109955062,-0.7655957260306205,-0.7378833345173452,0.1253697082100763,0.26925104747454853,-0.41527361501404747,-0.6990115807919816,-0.6222552916082806,-0.15540866639658027,-1.2688519617813736,-1.2366635245030841,0.7938110255585874,-0.843353508703297,-0.7729188723464248,-0.6822855081130927,-1.7938408652895022,-1.0440092370161123,0.3771893658551229,0
-1.381541338819059,-0.9878507210821605,-0.870423087049317,1.3566547260605106,1.6521401791472057,-0.6283910518634832,-0.7294564039189516,0.6947235936318211,-0.5779348123414455,-0.049426491628956515,-0.09271581397821842,0.8816691032147318,-0.7864643039264707,-0.9725679047227702,-1.124385011122086,0.07463244271366584,-0.637035333954009,-0.548664683551483,1
-0.26756157303223527,-0.41266025751885155,-0.4287003585279787,-0.7285238177098747,-0.6844050788928,-0.2839454588377078,-0.5348008172733624,-0.5338293756003143,-0.5442185619418689,-0.2804541981654974,-0.5183452580977974,-0.21188029445634046,-0.38265342192192653,-0.3800971616351335,-0.36657198786894535,-1.545028069595014,-1.201772388582124,0.08290039105485372,0
-0.07525312459318748,-0.09281673684201648,-0.13279319716919644,-0.20320277504345394,-0.34166421774297057,0.382773322360071,-0.16065714017123925,0.49931519516531436,0.6505427665808902,1.2039774637026481,1.2494852048578777,-0.05483162849249048,0.006685520589402566,-0.07257487940662169,-0.14716604338843217,0.4124135447291432,-0.3076564582857848,-1.3422101346166182,-1
-1.3071693563846272,-1.7454830650517088,-1.7742474836632338,-0.406067397887195,-1.3470263986595168,2.8003182324705875,-1.5849734547002692,0.28775244108829723,1.8070730758708988,0.9651686246712899,1.332676981288543,2.7112751769060535,-1.687836411189477,-1.9082717187302012,-2.066106165247474,-0.16839530754178625,-0.5327254239788066,-0.6533897646885674,-1
0.5951607010838329,0.14894308692388655,0.05239351247871501,-2.571685391524925,-1.970648446750453,-2.3667834642798855,-0.39269049396206823,-2.225689279028334,-2.6824335253890563,-1.2789956977375923,-1.6814394874281315,1.5600100913069987,0.8567792524845486,0.2864786170815338,-0.27373805526846823,0.34451208438267006,1.0669386682432402,-1.8620539033368524,0
-0.6084234105638402,-0.8602155465519821,-0.9196808057822039,-0.7959389793274353,-1.0268462699545402,0.5450083207533768,-0.9671348755494268,-0.3202018596425025,0.5639420991426939,0.6217302565647941,0.8141274074465843,-0.6613167100646119,-1.0875039442123269,-0.9166882994711861,-0.7247348078338132,-0.7061375136440725,-0.6992232451127238,-1.3189592642881822,0
-0.3073941038117926,-0.038007943689535785,0.008763883996037915,0.987405629865485,1.0790324100362647,-0.07913662610055575,0.08637571674979476,0.9294121165837954,0.3665831406549072,0.9143264328376501,0.7391614038578475,-0.5601210441376804,-0.1737382268158798,-0.03186795138504055,0.10634829837860309,0.2462441362408935,-0.247089143295362,0.7357396138065972,1
-1.4321507198378824,-1.7424362194783904,-1.784177940971932,-1.1022928316735152,-1.3083205882123823,0.40621860412654154,-1.8474129926281562,-0.6065179049990331,0.11397945398290674,-0.0988621691287073,-0.15944437930665276,0.31731818747448676,-1.8139220955484883,-1.751642507210939,-1.6404441806692647,-0.1929265339367076,1.3762658049803258,0.2779259152356611,0
-1.370840579433994,-1.742776404525821,-1.7406889087356185,-0.3240212484613727,-0.9791796050489916,1.9413370189908705,-1.5783329615862853,-0.2756451745923688,-0.07462375438480882,-0.10810852682420223,0.10927330007297148,2.4055599795318243,-1.7691703100064688,-1.8283381479820247,-1.8324360975058602,-0.26275266164812733,-0.589916542595688,-1.2737965537048763,1
0.19892919918184476,0.03184402386675504,0.036114693859898905,-0.6186486404297149,-0.43841155900977874,-0.6785960018467919,-0.05603285586655447,-0.9533358095892767,-1.1764254991543317,-1.1300581258020819,-1.5732257164153816,0.1445980777742235,0.04246833778705324,0.08756979793657012,0.12866893713740463,0.2710227960553097,1.2858810974858117,-1.054919008708689,-1
0.004678632649831245,-0.07644341801909671,-0.07827601120624009,0.15624597446699898,-0.1903154425360729,1.093818515915537,0.016343568378843865,0.38729361090960573,0.5784131021832631,0.8957779205693168,0.8017999800709606,-0.4365827092043641,-0.2422005828352077,-0.13159998503422027,-0.02074406080443098,-1.6572513667787931,-1.314324526958736,0.4078007524907129,0
0.78746907688938,0.6905655215223189,0.6710843872863816,-0.4217663363774925,-0.3652851502960371,-0.25918813244101385,0.5841233860405365,-0.21542743663952954,-0.7153660556270253,-0.13514166076820947,-0.21316134687754493,1.067228820340561,0.7318678027087223,0.7366600065877337,0.7198788553750267,-0.540203453406197,-1.893385080376207,0.6372294223472136,-1
0.3803844886269214,0.28183421732930525,0.2675124482062484,-0.5003630330746307,-0.31186868475682233,-0.6797443979385314,0.18387385897528583,-1.4798090251939677,-1.0847406193886644,-1.7976959461194852,-1.3444338031272758,-0.3482691277376304,0.16440266529442543,0.2880513319775973,0.3993325413434399,-1.5218731981074387,-1.6009044565131256,0.1735728502632963,-1
-0.16504781380314681,-0.45240898279682334,-0.4981178962289797,-1.3651068256922188,-1.1570551288059354,-0.9162453401460753,-0.7218458363093493,-1.462238413725011,-1.7576154371096215,-1.0821385324373938,-1.1914031234416387,0.8936139466383873,-0.16073564167023827,-0.3741761616229629,-0.5698459877152052,-0.4159091559207957,-0.6267168540527712,-1.2116820889234077,-1
0.5095929910178199,0.07761352699249918,-0.06144392143812064,-1.5957779405867416,-2.0711190141922358,1.1306674192120942,-0.20632453945573553,-0.3553909277560295,0.9830067806356619,0.36684769801516487,0.5103825093918716,2.18008985848769,0.417830498858038,0.06222051222297667,-0.2837168983860442,0.5098142778040249,1.3686120942035946,2.424883896763359,1
-0.4748737346408921,-0.2952807126985401,-0.25288226381318074,0.4539831519265964,0.6570710405633756,-0.5295905526363641,-0.2401071578557829,0.745569583472701,-0.023446256029197806,0.07449437966187532,-0.3233414001287025,-1.523842994466214,-0.43293320828193366,-0.25131523491072394,-0.06825412903411748,-0.02367697006009341,-0.6044024913186161,0.16564243681644486,0
1.5031990156134447,1.3433953466326545,1.2860700070527087,0.066932043041266,-0.5143767693161309,1.794881174956107,1.3736986214613487,0.7927483900406929,1.6340693492645302,1.2698586780553014,1.1746568350523292,-0.2354994069662244,1.307329157022252,1.274823965195683,1.2063023561601667,1.583707094071914,0.9904105318329893,0.393319977106281,0
-0.252138706463012,-0.21127052580873573,-0.19832979481088792,-0.34878585482599167,0.13097987463059424,-1.5412910082637075,-0.3269621497757218,-1.794470932526082,-1.0847266731547196,-2.006429768575087,-1.1660899693539815,-0.45584286258061557,-0.20097404041151487,-0.14408948635331148,-0.08485212789782899,-1.0697424342379125,-0.45160436265214915,0.27373650670688593,0
-0.8490945115580333,-0.8784378628971637,-0.8628805787421072,0.18343150570829522,-0.024208462010240656,0.6736942240975533,-0.7756039715406055,0.6886357500459513,0.3074406896004029,1.3946399806417005,1.4196053120902774,-0.6358890049387519,-1.059262699483738,-0.9124325145400441,-0.743813797228418,0.24483954787810203,1.4792921764185456,0.43528312230328103,0
-0.05979224165026265,-0.2509208451078192,-0.31985884086815175,-1.1135502841255815,-1.248290754838361,0.18548537695224626,-0.43419996600739835,-0.3539213330428475,-0.2684093698506608,-0.0430269795826461,0.09818476424814752,0.36532715366878327,-0.11455590971748386,-0.22337548522284786,-0.3221868647076621,0.23264832098022845,1.2471954844965842,-0.28268499341941117,-1
-0.6302818085732841,-0.8773632492087217,-0.9425360761243491,-1.009463462766526,-1.2550640768066361,0.5464306365032532,-1.0191962287042702,0.22647474667833442,0.7946638625444444,0.7519716714079133,1.1847711638947447,0.9821999857081739,-0.9172341886166572,-0.8986476930039532,-0.8545328310733722,-1.7727006748403233,-1.1888015811604844,0.9315989619830012,0
7.085059407512289e-05,-0.06371950177229156,-0.060372829651034396,0.23392114582672846,-0.10151877833355459,1.075601361857914,0.043180137530005915,0.5794755706011583,0.530074058130789,0.865909416742869,1.1926177942569627,-0.5025474496161094,-0.22460949531042798,-0.11346691367396392,-0.0026137296791918954,-1.5653441765291596,-1.2615146101128298,0.7360365906377462,0
-0.5720181059906008,-0.39797464389252013,-0.365306132029307,0.28672146473065313,0.5751689664419241,-0.8252983541967664,-0.38292380552957206,0.12067849538092847,-0.5982899141687754,-0.6561994182320848,-0.30495051625823727,-0.659885593898181,-0.5358369518165392,-0.3753788757791668,-0.20918728247582735,-1.2700226492990006,-0.7822464802225914,-0.5102732569100166,0
1.7765435555504503,1.8817506059167364,1.8743896174069004,0.9921832776419487,0.6244426046491316,1.3294071407164232,2.041400830506,1.011291838725286,1.1907001162038602,0.7054515998647725,1.0501954690016584,-0.12250152975890621,1.8915017397055642,1.7671001031254303,1.5953360419200742,1.7274982073710787,0.7558355931603791,0.3548165363054438,0
-0.1089927797303387,0.12691452934078987,0.17810199431387555,0.8618238149505782,1.0329274882219475,-0.34830819701874605,0.2536082719439357,0.4379838629909503,0.3629018497594637,-0.09469904353387969,-0.15716066742974502,-1.0363051568228185,0.0010792087213197484,0.13715819068446408,0.26485564194564676,0.402940334875986,-0.2416294582346762,0.06507054713689621,-1
1.2761228429569142,1.1551973370381476,1.0950356109304533,-0.528191544412404,-0.6437722256838756,0.24630301905236515,1.0243042251154373,-0.1602680731681047,-0.16961410981366715,0.5388316997291308,0.5119102733145459,-0.08407263917884136,1.0809065768312407,1.1417863947079105,1.1675027635320716,1.3536907994771494,0.9651709635774227,-0.10926078576690987,0
0.4648479661248967,0.09594252490339182,-0.03058973754962304,-0.9480148253580796,-1.6364379847992183,1.9158502214804165,-0.030258462670240325,-0.0057344388482458725,1.0941409644350568,0.8049709235716058,1.3444254313303121,1.732917212642377,0.2536601081684574,0.007266155864646498,-0.23138368674481594,0.5477480609361743,1.393363156390201,1.9034853828389795,0
-0.5445237261047647,-0.3896759618112165,-0.36086329265387146,0.3111976008978465,0.48686108527178895,-0.4747139906294571,-0.36632099554765857,0.36719225386801674,-0.15938007641753407,-0.05091048561647615,0.07083382805779959,-0.860702500673648,-0.532710887939458,-0.36668241142278574,-0.19535312289730128,-1.1614885583542667,-0.7662340341833667,0.09729480577652892,0
