date,open,high,low,close,adj_close,volume,sma_50,ema_20,wma_20,macd,macd_signal,macd_hist,tema_20,rsi_14,roc,cci_14,willr_14,atr_14,upper_bb,middle_bb,lower_bb,obv,ad,chaikin_ad,return,label
2018-03-14,70.93000030517578,70.9800033569336,70.30999755859375,70.55999755859375,57.37173843383789,13670800,71.70699951171875,70.59373185881003,70.43761836460658,-0.335877842147255,-0.4816393521481569,0.1457615100009018,70.33946315980927,48.44000431958047,0.412695217562613,22.696564099102584,-42.48559565521302,0.815177019482714,71.87814516176098,70.56399955749512,69.24985395322926,68060700.0,79301710.29666112,7194038.913809866,-0.0005669064188122963,0
2018-03-15,70.55999755859375,70.8499984741211,70.4000015258789,70.5199966430664,57.3392219543457,21712300,71.70079940795898,70.58670945731063,70.43342761085147,-0.3063963317296867,-0.4465907480644628,0.1401944163347761,70.38423508342038,48.13512554703679,2.069764627258396,26.62199066435041,-43.64169178560955,0.7884351346750027,71.87051606720087,70.55699920654297,69.24348234588507,46348400.0,69168910.97144327,1480772.559955269,-0.0007089538392398564,0
2018-03-16,70.38999938964844,70.66000366210938,70.36000061035156,70.47000122070312,57.29856872558594,16119900,71.68679946899414,70.57559438715754,70.42514208839053,-0.2837948249901387,-0.4140315634495981,0.1302367384594593,70.4096968146883,47.73076719057809,1.5125368473828715,31.10221952778878,-38.11069333061624,0.7527318822802488,71.81542246825948,70.52549934387207,69.23557621948466,30228500.0,64870216.31196511,-2358854.9364515096,-0.008088543847743823,0
2018-03-19,70.20999908447266,70.22000122070312,69.52999877929688,69.9000015258789,56.835105895996094,24159700,71.64579956054688,70.5112522098929,70.36557086762927,-0.3083230238554932,-0.3928898555307771,0.0845668316752838,70.28411391527463,43.26803755754709,0.1576165767424267,-46.07895990906141,-48.449578017896535,0.7663981153630711,71.69810739385447,70.44949951171876,69.20089162958304,6068800.0,66621019.87012521,-3158096.4222532064,-0.00014309207456553175,0
2018-03-20,69.81999969482422,70.04000091552734,69.72000122070312,69.88999938964844,56.82696914672852,20578800,71.59659957885742,70.45208527463153,70.31228514171782,-0.3248245121945388,-0.3792767868635295,0.0544522746689907,70.18025045772094,43.1917233287391,-0.4415919830057946,-38.888830395057774,-48.83725744161151,0.7338721272300415,71.6698971230627,70.40649948120117,69.14310183933964,-14510000.0,67906980.21630932,-2788789.972454101,0.001573910592534089,0
2018-03-21,69.77999877929688,70.27999877929688,69.70999908447266,70.0,56.91641616821289,17479200,71.54999954223632,70.40902953419044,70.27357090541295,-0.3252763473928723,-0.3684766989693981,0.0432003515765257,70.12573906930616,44.35413046590264,-0.2564837623155527,-33.84362268999153,-44.57367091901611,0.7219489726719622,71.66174946220247,70.3859992980957,69.11024913398893,2969200.0,68213698.52017355,-2286591.5124472976,-0.018571472167968728,-1
2018-03-22,69.29000091552734,69.44000244140625,68.68000030517578,68.69999694824219,55.85939407348633,42084300,71.47579940795899,70.2462645260049,70.11299925304594,-0.4256274435159213,-0.3799068478787027,-0.0457205956372185,69.74615435889493,35.18985574213429,-2.3176522684132226,-202.85290248591724,-99.1904197091565,0.7654045960312911,71.73862135094127,70.28199920654296,68.82537706214465,-39115100.0,28343983.679035164,-14559093.090766056,-0.011062511507948236,-1
2018-03-23,68.81999969482422,68.91999816894531,67.91000366210938,67.94000244140625,55.24143600463867,44983200,71.38919952392578,70.02662051794788,69.88995194208054,-0.560025984402472,-0.4159306751834566,-0.1440953092190153,69.24151129857398,31.13922549383029,-4.012427785914745,-239.93413374482267,-99.07411113962978,0.7831551175651758,71.80883971344207,70.11199951171875,68.41515930999543,-84098300.0,-13967041.215587974,-31718706.831025094,0.017957038222883526,1
2018-03-26,68.9800033569336,69.20999908447266,68.29000091552734,69.16000366210938,56.23341751098633,31279000,71.31699966430664,69.94408557929658,69.79928567068917,-0.5616198893212925,-0.4450685180110238,-0.1165513713102686,69.1501604856651,42.56786582438804,-2.399092483205319,-125.2568623084598,-61.41972764927368,0.8184460911729972,71.47243610834998,69.9694995880127,68.46656306767541,-52819300.0,13912371.983290836,-26984307.631394617,-0.0073742352403877165,0
2018-03-27,69.5,69.56999969482422,68.38999938964844,68.6500015258789,55.8187370300293,36493900,71.21999969482422,69.8208394789711,69.6736191885812,-0.5971523796627167,-0.4754852903413624,-0.1216670893213542,68.94962721805254,39.608444094806,-2.471939023806009,-102.221608873009,-77.16054470145265,0.8446272505877603,71.39325082591476,69.85499954223633,68.3167482585579,-89313200.0,-6499342.414278105,-29089025.48246366,0.005826679052994832,0
2018-03-28,69.08000183105469,69.55999755859375,68.77999877929688,69.05000305175781,56.14397430419922,35737600,71.13239974975586,69.74742648590316,69.59695285615467,-0.5862771164166531,-0.4976436555564206,-0.0886334608602325,68.89610989699463,42.95804976366172,-2.1400149646859363,-64.51437265779177,-64.8148104541612,0.8493561339100363,71.35812662201846,69.7939998626709,68.22987310332334,-53575600.0,-17495096.802164957,-30804238.68291375,0.00912378313648654,0
2018-03-29,69.55000305175781,69.9800033569336,69.37000274658203,69.68000030517578,56.65621948242188,34745000,71.0497998046875,69.74100494488151,69.58609575544085,-0.5208191991686846,-0.5022787642788734,-0.0185404348898111,69.02282081350094,47.86290284094756,-1.1911463100916273,-8.390806945569956,-45.37043796050138,0.8551847417870084,71.3553246135653,69.82350006103516,68.29167550850502,-18830600.0,-16925820.09305722,-28524397.9772078,-0.013777254309244702,-1
2018-04-02,69.41000366210938,69.58000183105469,68.25,68.72000122070312,55.87565612792969,52362500,70.9497998046875,69.64376649495975,69.48100062779018,-0.5401803681868387,-0.5098590850604665,-0.0303212831263721,68.88401475444135,41.94427329289888,-2.483326195098566,-75.06878780406146,-75.00005886882377,0.8966947346773608,71.3861753011166,69.78850021362305,68.19082512612951,-71193100.0,-32280192.217697263,-29884090.82114922,0.006402829359579476,0
2018-04-03,69.08999633789062,69.26000213623047,68.73999786376953,69.16000366210938,56.23341751098633,30413600,70.85039993286132,69.59769384421209,69.4211438133603,-0.514093563764817,-0.5107059808013366,-0.0033875829634804,68.89060434028916,45.283960032437214,-1.0586521425118476,-46.47488284419142,-59.28338357468233,0.8709565120252597,71.37798704196354,69.75700035095215,68.13601365994077,-40779500.0,-13563856.081073536,-21768395.41191323,0.0034701829245422644,0
2018-04-04,68.3499984741211,69.43000030517578,68.31999969482422,69.4000015258789,56.42856216430664,26041500,70.7481999206543,69.57886600437084,69.38714392525809,-0.4686514393868606,-0.5022950725184414,0.0336436331315808,68.9642815366999,47.07242180657206,-0.7010986808537674,-39.1347814830306,-49.31971112051091,0.8881928274764193,71.33175701993775,69.71700057983398,68.1022441397302,-14738000.0,11070053.321634552,-8631331.078917459,0.006628228737158182,0
2018-04-05,69.7300033569336,70.05000305175781,69.69000244140625,69.86000061035156,56.80257415771485,22625800,70.65039993286133,69.60564072874995,69.40076297578358,-0.3910127945813855,-0.4800386169310302,0.0890258223496447,69.14932190019728,50.41765459663814,-0.1999991280691964,65.19401511186629,-29.09102006392046,0.8710296156907663,71.30338332572303,69.70100059509278,68.09861786446253,7887800.0,9812798.042526344,-2872446.7970520305,-0.006584584604262034,0
2018-04-06,69.80999755859375,70.05999755859375,69.16999816894531,69.4000015258789,56.42856216430664,24999600,70.54080001831055,69.58605604276222,69.3720963977632,-0.362423893913018,-0.4565156723274278,0.0940917784144098,69.18584483027196,47.20463309137018,1.018929561473044,38.941005277483136,-37.13076229719289,0.8723956519759867,71.23499828205027,69.65450057983398,68.07400287761769,-17111800.0,-2265462.934379721,-4098491.1019361,0.008213251906221686,0
2018-04-09,70.06999969482422,70.44000244140625,69.86000061035156,69.97000122070312,56.89202117919922,18498700,70.44840011596679,69.62262225018516,69.40214407784599,-0.2904249346123606,-0.4232975247844144,0.1328725901720537,69.36705084534353,51.342558011786345,2.987928622828082,112.71338283326617,-18.57713231125532,0.8844580810249405,71.11665532547575,69.6140007019043,68.11134607833286,1386900.0,-13747397.87689636,-7880807.5172861405,0.010718879332791698,1
2018-04-10,70.66999816894531,70.88999938964844,70.5199966430664,70.72000122070312,57.50184631347656,19233800,70.35780014038086,69.72713453309163,69.50747746058873,-0.1708767478712616,-0.3728133694017839,0.2019366215305222,69.71252863716177,56.20629222067614,2.255635448221389,167.95744965355922,-5.704644720605023,0.887014493074694,71.08751388487819,69.60700073242188,68.12648757996557,20620700.0,-12187579.013873909,-8215375.729214365,-0.003817933651023342,0
2018-04-11,70.56999969482422,70.86000061035156,70.4000015258789,70.44999694824219,57.28230285644531,21099100,70.27560012817383,69.79597857262978,69.58776281447638,-0.096805127596653,-0.3176117210407577,0.2208065934441047,69.92629461341508,54.10934781785969,2.6219889036488064,133.96005072211827,-14.765203766570911,0.8563145177512831,71.09707637912042,69.61000061035156,68.1229248415827,-478400.0,-28700328.94670193,-12859449.00097443,0.003832566134237103,0
2018-04-12,70.54000091552734,70.81999969482422,70.5,70.72000122070312,57.50184631347656,18012500,70.21120010375977,69.88398072958914,69.69347715831938,-0.0161298121698507,-0.2573153392665763,0.2411855270967255,70.17069540469102,55.88191739775869,2.418534533146265,120.10814687449955,-5.704644720605023,0.8213677475762062,71.12699375599956,69.61800079345703,68.10900783091449,17534100.0,-21945480.402248744,-11440986.34791622,0.0009898146721711854,0
2018-04-13,70.95999908447266,70.97000122070312,70.55000305175781,70.79000091552734,57.55875015258789,14515400,70.1502001953125,69.97026836634515,69.80509621756417,0.052845180554172,-0.1952832353024266,0.2481284158565987,70.38703767840343,56.35262089651739,1.5929974246413894,111.12294772720982,-6.617655308597648,0.7925374566216633,71.17692272706964,69.63150100708008,68.08607928709051,32049500.0,-19871927.167008054,-9160849.565187082,0.0015539003945319596,0
2018-04-16,70.97000122070312,71.0,70.73999786376953,70.9000015258789,57.64818954467773,15678300,70.08720016479492,70.05881438153884,69.9259057907831,0.1150581702029711,-0.1332149542013471,0.2482731244043182,70.58959263804698,57.1267280089624,3.172293752112183,103.47756534778529,-3.636308149857959,0.7543008995664239,71.25539968733469,69.65300102233887,68.05060235734305,47727800.0,-16253574.823922869,-6243967.90261741,0.004513394752289512,0
2018-04-17,71.02999877929688,71.36000061035156,70.95999908447266,71.22000122070312,57.90838623046875,17545600,70.06060012817383,70.16940360431639,70.07514390491303,0.188016377974165,-0.0689686877662447,0.2569850657404097,70.83431270495483,59.383484508880045,2.9785966592167186,113.07931342932828,-4.501587208132785,0.7331776077493892,71.45944737632618,69.71900100708008,67.97855463783398,65273400.0,-10989794.427577335,-2808225.4688546564,0.005195101247484235,0
2018-04-18,71.5199966430664,71.69000244140625,71.44999694824219,71.58999633789062,58.20921325683594,17035100,70.10220001220704,70.30469815037108,70.25333393641881,0.2725500101862224,-0.0006649481757512,0.2732149583619737,71.12548034507904,61.881877140128566,3.1556120516727666,127.4936827438082,-2.907152108727662,0.7142948475120521,71.72611694989236,69.80400085449219,67.88188475909202,82308500.0,-8151152.613094533,-244197.03508403336,-0.0037714297650202067,0
2018-04-19,71.51000213623047,71.61000061035156,71.11000061035156,71.31999969482422,57.98968124389648,20004000,70.11100006103516,70.40139353555709,70.3977147783552,0.3141358871426547,0.0622952188879299,0.2518406682547248,71.28746572724951,59.02845203772301,2.0898927450858333,91.80810941930824,-10.755886162417273,0.6989242427571951,71.90201305770618,69.8700008392334,67.83798862076061,62304500.0,-11351865.86993047,-191485.34525439143,-0.003785707294191143,0
2018-04-20,71.08999633789062,71.1500015258789,70.91000366210938,71.05000305175781,57.77016067504883,27586500,70.12940017700195,70.46316587043334,70.51009594145275,0.3215993247739561,0.1141560400651351,0.2074432847088209,71.34279431279761,56.2358996510545,2.377523760231661,58.29786074875263,-18.991064333628398,0.6782066241749635,72.00704257564615,69.98750114440918,67.9679597131722,34718000.0,-6753969.710093233,1310453.2464654353,-0.001266769365507181,0
2018-04-23,70.98999786376953,71.06999969482422,70.7699966430664,70.95999908447266,57.69697189331055,17696000,70.18260009765625,70.51048331938946,70.60271479288737,0.3166019941914157,0.1546452308903912,0.1619567633010245,71.35727032898518,55.296765496805705,1.4148890188622791,42.17021907993378,-21.661803025946718,0.6510950055809437,71.96553246402165,70.1385009765625,68.31146948910335,17022000.0,-2034976.3730300115,3307248.437010441,-0.0040868224248723495,0
2018-04-24,71.08999633789062,71.18000030517578,70.45999908447266,70.66999816894531,57.461185455322266,22013400,70.22420013427734,70.52567520982335,70.65333357311431,0.2859447305967535,0.1809051308316637,0.1050395997650897,71.28661127455649,52.26795635882998,-0.0707056715140075,9.821060110498069,-40.47629139393646,0.6560332974462539,71.99732615629681,70.2140007019043,68.43067524751179,-4991400.0,-11207304.12702484,904992.326234094,-0.0016979640624955605,0
2018-04-25,70.41000366210938,70.63999938964844,70.19000244140625,70.55000305175781,57.363616943359375,18280700,70.24240020751954,70.52799214715044,70.68533379690987,0.2490946175136343,0.1945430281680578,0.0545515893455764,71.19087014413076,51.02262796443872,0.1419533113523013,-55.49522409188181,-45.23799432034925,0.6434202436064518,71.94531078843488,70.30900077819824,68.6726907679616,-23272100.0,-238636.17748091184,3330009.871568283,0.00496099870986999,0
2018-04-26,70.9000015258789,71.01000213623047,70.72000122070312,70.9000015258789,57.64818954467773,23697700,70.2718002319336,70.56342161179126,70.74161958240327,0.2453048673924911,0.2046953960129445,0.0406094713795466,71.19728167210529,54.43288536583296,0.2545253140112878,6.937413827282918,-43.16940574163477,0.6302810637445307,71.94944347467515,70.4015007019043,68.85355792913344,425600.0,5481455.309193998,5839363.443004442,0.0009873017393189354,0
2018-04-27,70.87999725341797,71.05000305175781,70.69000244140625,70.97000122070312,57.70511245727539,15395400,70.27800018310546,70.60214347930668,70.79576248895555,0.2451242141223986,0.2127811596348353,0.0323430544875632,71.21522719146488,55.10616131723242,0.2542736302413287,-1.0095472120232063,-48.000081380208336,0.610923785949902,71.99571046119887,70.46600074768067,68.93629103416247,15821000.0,14034310.300081125,9056428.90632837,-0.003240853219352857,0
2018-04-30,70.88999938964844,71.13999938964844,70.69000244140625,70.73999786376953,57.518096923828125,21883700,70.27080017089844,70.61527246830313,70.82185745239258,0.2238413921853492,0.2149932061449381,0.0088481860404111,71.16501887152316,52.368172303568,-0.2256751180054245,-18.97160643735513,-63.33363850911458,0.5994005268442919,71.87257323485393,70.56700057983399,69.26142792481404,-6062700.0,-2986757.5036556087,4133395.121378439,-0.0035340685262875704,0
2018-05-01,70.66000366210938,70.72000122070312,70.16999816894531,70.48999786376953,57.314823150634766,17308000,70.25220016479493,70.60334155358564,70.81452386038644,0.1846728975943676,0.208929144434824,-0.0242562468404564,71.05419820764399,49.48985767963933,-1.0249976754021557,-137.31539077303805,-78.94744767354314,0.5972956358744076,71.77020118730833,70.633500289917,69.49679939252566,-23370700.0,-154670.27935265377,2644782.2242336394,-0.0004255749780962548,0
2018-05-02,70.8499984741211,70.94000244140625,70.41000366210938,70.45999908447266,57.29042816162109,16409400,70.24640014648438,70.5896898898606,70.7979999360584,0.1494877311464932,0.1970408617771579,-0.0475531306306646,70.95151305169992,49.140828625531846,-1.5784289862016547,-90.21626933296793,-80.92104602720474,0.5924784500481859,71.67774669387815,70.68650016784667,69.6952536418152,-39780100.0,-13468233.399062447,-2440764.246709044,0.003122356281034966,0
2018-05-03,70.58000183105469,70.7699966430664,70.05000305175781,70.68000030517578,57.46932220458984,19854600,70.2518000793457,70.59829088179538,70.79738090151832,0.1377673963371961,0.1851861686891656,-0.0474187723519694,70.92112282309387,51.82419835632835,-0.8973631413165627,-107.4825069063846,-61.58551903162478,0.6016047370428212,71.64359721420821,70.7275001525879,69.81140309096757,-19925500.0,1422874.3925260715,438752.3349297545,0.0035370684623736715,0
2018-05-04,70.16999816894531,71.0,70.12999725341797,70.93000030517578,57.672584533691406,17022600,70.25480010986328,70.62988225545065,70.81666663033621,0.1469578189642391,0.1775404987441803,-0.0305826797799412,70.95822977366673,54.74610795006723,-0.1688990027130791,-48.8470224781279,-46.34161091934238,0.6208113215975536,71.49071371835775,70.80400009155274,70.11728646474772,-2902900.0,15706226.017055811,6121552.604775112,0.00014101418563994272,0
2018-05-07,70.87999725341797,71.12000274658203,70.80999755859375,70.94000244140625,57.68071746826172,8172600,70.24680023193359,70.65941751125595,70.82961923508417,0.1532814507620514,0.1726886891477545,-0.019407238385703,70.98848057556569,54.86405790413903,-0.0281801625202978,28.84664248563885,-45.7317243368472,0.5985729327162245,71.42412510487348,70.8525001525879,70.2808752003023,5269700.0,14388207.465632092,7470460.212006563,0.000140886756300862,0
2018-05-08,70.69000244140625,70.94999694824219,70.55999755859375,70.94999694824219,57.68885803222656,12400300,70.22560012817382,70.68709174334988,70.8389046441941,0.1572863485761786,0.1696082210334393,-0.0123218724572607,71.01309363210979,54.990299144636815,0.3962060089877228,6.795002809691748,-42.307993270472245,0.5836511767805616,71.43375079448951,70.86399993896484,70.29424908344016,17670000.0,26788507.46563209,11288703.30478247,0.0023961353862194112,0
2018-05-09,70.8499984741211,71.19999694824219,70.79000091552734,71.12000274658203,57.82708740234375,15414000,70.22920013427735,70.72832136270533,70.86328586396716,0.1721933681149039,0.1701252504497322,0.0020681176651716,71.0746058437777,57.18397346185396,0.807937165369147,101.09234629821005,-6.956054454263194,0.5712289591475127,71.44426777721398,70.89750022888184,70.3507326805497,33084000.0,36187665.73057934,14815107.353875604,0.006467928384532584,0
2018-05-10,71.33999633789062,71.58000183105469,71.20999908447266,71.58000183105469,58.20108795166016,18107500,70.25540023803711,70.80943378826241,70.92828601655506,0.2186054230035807,0.179821284960502,0.0387841380430787,71.24146551683876,62.50845449661137,0.9590977299592544,220.5326411777835,0.0,0.563273097577345,71.55565816532594,70.94050025939941,70.32534235347289,51191500.0,54295165.73057934,20672376.52360684,0.00265430018373225,0
2018-05-11,71.80000305175781,71.91000366210938,71.68000030517578,71.7699966430664,58.35557556152344,19083700,70.30900024414062,70.90091596491041,71.00728567214239,0.2676331954784956,0.1973836670641007,0.0702495284143948,71.42408128177453,64.4735865847398,1.1272303911556216,237.84009589985024,-7.527256618292489,0.5465896970709179,71.69794776619483,70.98950004577637,70.2810523253579,70275200.0,50145709.615543015,19868943.64520289,0.001811409905159378,0
2018-05-14,72.02999877929688,72.0999984741211,71.81999969482422,71.9000015258789,58.4612922668457,17790300,70.3586003112793,70.99606697071694,71.09400009881882,0.3133660768672115,0.2205801490247229,0.0927859278424886,71.60329395873194,65.79474191248347,1.6398129730556394,191.00741638982436,-9.755970479759736,0.5311008873560934,71.84949928318782,71.03950004577636,70.2295008083649,88065500.0,42521572.32943948,15308137.090713529,-0.007232326306332193,0
2018-05-15,71.27999877929688,71.5199966430664,71.0999984741211,71.37999725341797,58.03846740722656,18330100,70.3904002380371,71.03263175954561,71.1264284043085,0.3041437362561652,0.2372928664710114,0.0668508697851538,71.61039745198438,56.71033355836734,1.2625896107536692,59.90915691018534,-35.122089193403724,0.5503292202127064,71.86756954698322,71.04749984741211,70.227430147841,69735400.0,48631605.66277281,13994805.279872712,0.0014010382090738904,0
2018-05-16,71.30999755859375,71.52999877929688,71.2300033569336,71.4800033569336,58.11979675292969,13758300,70.41600036621094,71.07523857834447,71.16761921473912,0.3014299251033918,0.2501202781974875,0.0513096469059043,71.63721019885594,57.91384167303447,1.4476359433926205,63.05208861611492,-30.24373178710592,0.5324300519971357,71.84881163625383,71.04200019836426,70.2351887604747,83493700.0,57804155.55977441,15103816.753586276,0.0015387937295943122,0
2018-05-17,71.51000213623047,71.70999908447266,71.38999938964844,71.58999633789062,58.20921325683594,16191300,70.44420028686524,71.12426312687268,71.21980932326544,0.3046429897739671,0.2610248205127834,0.0436181692611836,71.6829399339167,59.255544847033725,1.28748730728034,74.72491276647837,-24.87820853973063,0.5172421286203276,71.88905802143215,71.05550003051758,70.22194203960301,99685000.0,61851691.03649282,15472281.212371657,-0.0036317156046330457,0
2018-05-18,71.37999725341797,71.44999694824219,71.2300033569336,71.33000183105469,57.997825622558594,21815600,70.46420028686524,71.14385728917573,71.24595235188802,0.2829483306113047,0.2654095225324877,0.017538808078817,71.64827492257584,54.8077663671315,0.5639384240207286,32.60129379220153,-37.56089573013469,0.5060001998264005,71.91158021233223,71.06949996948242,70.22741972663262,77869400.0,59868729.78801007,13585503.438051015,0.006308663068704368,0
2018-05-21,71.69000244140625,71.77999877929688,71.5999984741211,71.77999877929688,58.363712310791016,13441700,70.48420028686523,71.2044421929968,71.31361890520368,0.298623800578838,0.2720523781417577,0.0265714224370802,71.73219839669657,60.35450920948382,1.1840940357796437,84.01761252135744,-15.60977606746633,0.5019967113861061,72.00545177604916,71.11049995422363,70.2155481323981,91311100.0,73310429.78801006,15855498.581460662,-0.0012537801535402737,0
2018-05-22,71.87999725341797,71.94000244140625,71.61000061035156,71.69000244140625,58.29053115844727,12897900,70.50080032348633,71.25068602617866,71.3688096182687,0.3003228364130876,0.2777064697960237,0.0226163666170639,71.77326583922715,58.80014574460588,1.0429958068974892,80.97104513371285,-19.999851133432824,0.48970207737602,72.06642609751935,71.16150016784668,70.25657423817401,78413200.0,66666165.49337835,13228639.90261264,-0.011019680410431443,-1
2018-05-23,70.77999877929688,70.91999816894531,70.55999755859375,70.9000015258789,57.64818954467773,23332600,70.51100036621094,71.21728750234058,71.34390498570033,0.2352114913247618,0.2692074741017713,-0.0339959827770095,71.59762259441051,47.2874677989504,-0.3093380374112796,-106.32974605772426,-60.913512927362014,0.5354700889489463,72.04880266238608,71.17900009155274,70.3091975207194,55080600.0,87406693.92130189,17550671.31536752,-0.0031029790686650793,0
2018-05-24,70.77999877929688,70.80999755859375,70.20999908447266,70.68000030517578,57.46932220458984,21542400,70.51340042114258,71.1661172930868,71.29638119652158,0.1639679014550239,0.2481595595724219,-0.0841916581173979,71.39305712560267,44.664787209629054,-1.257336550511856,-144.9477642728976,-75.13220251406796,0.5465153068027018,72.05699082028337,71.16800003051758,70.27900924075178,33538200.0,99614227.40807122,21607474.70134225,-0.006508193017636055,0
2018-05-25,70.16999816894531,70.31999969482422,70.02999877929688,70.22000122070312,57.09528732299805,17225600,70.50740051269531,71.07601100047883,71.20609559558687,0.0695866103289972,0.2124449697237369,-0.1428583593947397,71.10381400911739,39.70603482097456,-2.1596704679698826,-171.96571097180748,-90.82113674309576,0.5539116520783117,72.10854873443408,71.13050003051758,70.15245132660108,16312600.0,104960322.04383457,23003790.315952778,-0.020364572490981003,-1
2018-05-29,69.13999938964844,69.37999725341797,68.52999877929688,68.79000091552734,55.93256759643555,57008900,70.4738005065918,70.85829575429297,70.98319091796876,-0.119225953904305,0.1461107849981285,-0.2653367389024336,70.49515443346995,28.94697746654153,-4.325452773783576,-250.45415544536465,-92.71702637377196,0.6351065848359563,72.44141887769108,71.03300018310547,69.62458148851987,-40696300.0,82827804.14434527,14441591.888823869,0.01526377974107973,1
2018-05-30,69.37999725341797,69.88999938964844,69.19000244140625,69.83999633789062,56.78632736206055,25531900,70.47260040283203,70.76131485749275,70.86957150413876,-0.1820370066745908,0.0804812266635846,-0.2625182333381756,70.27075083491387,41.48480565580648,-2.157468443238981,-128.27717947483364,-63.30538737880054,0.6683304709422959,72.48545786062152,71.00050010681153,69.51554235300154,-15164400.0,104712051.33562592,16589171.9214219,-0.006300040593974154,0
2018-05-31,69.62999725341797,69.69999694824219,69.11000061035156,69.4000015258789,56.42856216430664,47992800,70.46280044555664,70.63166596876762,70.71714306785947,-0.2642727508952731,0.0115304311518131,-0.2758031820470862,69.97658882332053,38.42496982705286,-2.909907293468148,-119.04522877712655,-75.63017308255347,0.6727372656660304,72.57469242799101,70.94750022888184,69.32030802977266,-63157200.0,103899055.8357035,15700940.464652896,0.008645510964396141,0
2018-06-01,69.91999816894531,70.0199966430664,69.63999938964844,70.0,56.91641616821289,39232600,70.46280044555664,70.57150730507547,70.6269049508231,-0.2778276836067164,-0.0463411917998927,-0.2314864918068236,69.89628726729251,44.442759512678805,-2.220975582099707,-68.08550031417685,-58.82349169849144,0.6689682749381153,72.58931957847149,70.91350021362305,69.23768084877462,-23924600.0,139002571.78727657,25079515.35650673,0.002999986921037978,0
2018-06-04,70.45999908447266,70.54000091552734,70.18000030517578,70.20999908447266,57.087158203125,18561900,70.49300048828125,70.53707795073234,70.55990484328497,-0.2685294539656553,-0.0907788442330453,-0.17775060973261,69.89065052497394,46.41661106982711,-1.5701706404477052,-27.02588334535518,-50.73318178970637,0.6597524735246986,72.58105961534866,70.87750015258788,69.1739406898271,-5362700.0,123534190.66151892,21714491.51256889,-0.0015667370999281616,0
2018-06-05,70.22000122070312,70.25,69.91999816894531,70.0999984741211,56.99771118164063,16641000,70.53620040893554,70.49545133391221,70.48585706438337,-0.2669593289590608,-0.1260149411782484,-0.1409443877808124,69.86308651063983,45.50461772424703,-2.3404852796686515,-39.17915714673085,-53.95900267587861,0.6361897224462092,72.57192710250641,70.83549995422364,69.09907280594086,-22003700.0,125046938.89289635,18845175.148889974,0.008987231048871891,0
2018-06-06,70.3499984741211,70.7300033569336,70.18000030517578,70.7300033569336,57.50996780395508,25445400,70.56760040283203,70.51778962181902,70.47580976940337,-0.2124301027157571,-0.1432979734857501,-0.0691321292300069,70.0093195263105,51.394869488914026,-1.3390975753659426,6.495512957835031,-35.48380601222492,0.6357477891139639,72.56067401699259,70.8245002746582,69.08832653232382,3441700.0,150492338.89289635,24054429.804758623,-0.0056553302261322935,0
2018-06-07,70.79000091552734,70.81999969482422,70.19999694824219,70.33000183105469,57.18473815917969,25977000,70.60120040893554,70.49990507031765,70.42871467953637,-0.1991958722224325,-0.1544775532330866,-0.0447183189893458,70.03007301130582,47.8579083797987,-0.8039487765259999,5.491957909357253,-47.21404344051764,0.6346227671951594,72.52841631492346,70.78500022888184,69.04158414284022,-22535300.0,135409280.4421488,19199567.22012533,0.0011375206735648735,0
2018-06-08,70.2699966430664,70.5,70.08999633789062,70.41000366210938,57.249786376953125,23206300,70.62840042114257,70.49134303144068,70.39300072079612,-0.1801752222392707,-0.1596170870343234,-0.0205581352049472,70.07192629226745,48.61951667338322,-0.3819986444547805,0.7755614964638946,-44.86795120772514,0.6185735643294848,72.43750285329126,70.72650032043457,69.01549778757787,671000.0,148427954.28658497,19610377.18417548,0.00639109394741233,0
2018-06-11,70.66999816894531,71.02999877929688,70.61000061035156,70.86000061035156,57.61566162109375,26145100,70.6520004272461,70.52645327705123,70.40571503412156,-0.127322532253217,-0.1531581760781022,0.0258356438248852,70.22663557677058,52.79604939515323,0.9114203624646834,76.59345873715448,-31.671573935689423,0.6186751330908435,72.32569997160435,70.68100051879883,69.0363010659933,26816100.0,153408109.0295459,19580268.93457669,-0.006350507258906957,0
2018-06-12,70.72000122070312,70.76000213623047,70.3499984741211,70.41000366210938,57.249786376953125,22706300,70.68580047607422,70.51536283753296,70.37990580967494,-0.1203599529814454,-0.1465985314587708,0.0262385784773254,70.23957278459163,48.54634317987535,2.354997419714182,52.37846770995035,-24.799804687500004,0.6109106983423509,72.15580063591598,70.60650062561035,69.05720061530472,4109800.0,137348070.6410085,12677915.260244682,0.0014202310597932755,0
2018-06-13,70.63999938964844,70.70999908447266,70.22000122070312,70.51000213623047,57.331085205078125,20486700,70.71280044555664,70.51485229455177,70.37071547735304,-0.1055562310809961,-0.1383900713832159,0.0328338403022198,70.27850991863481,49.518767735691085,0.959343976907316,53.73650165213851,-20.799865722656254,0.6022719206192011,72.07129944494697,70.56300086975098,69.05470229455499,24596500.0,141111116.1824643,9899020.042095274,-0.0021273793977355515,0
2018-06-14,70.51000213623047,70.72000122070312,70.31999969482422,70.36000061035156,57.20912170410156,24099000,70.73200042724609,70.50010451510414,70.351382119315,-0.1047208871427187,-0.1316562345351165,0.0269353473923977,70.27361765066493,48.051748350250975,1.383283952976107,53.39100200042532,-26.799926757812496,0.58782070074555,71.9569950907482,70.50700073242187,69.05700637409555,497500.0,121832008.11250302,1728026.6994923651,-0.005116552120930429,0
2018-06-15,70.02999877929688,70.04000091552734,69.7300033569336,70.0,56.91641616821289,31433500,70.73480041503906,70.45247551366565,70.30309633527483,-0.1315910123798858,-0.1316431901040703,5.2177724184560015e-05,70.17817378022224,44.63411699920276,0.0,-32.51091256266177,-41.19995117187501,0.5908339572784933,71.80374101372075,70.42750091552735,69.05126081733394,-30936000.0,145153387.59173122,5648693.193682671,-0.0071428571428571175,0
2018-06-18,69.2300033569336,69.5199966430664,69.13999938964844,69.5,56.50986099243164,30778500,70.73680038452149,70.3617635599832,70.21476291474842,-0.1910295320115125,-0.1435204584855588,-0.0475090735259537,69.97245750332709,40.342416734696016,-1.0112506676127797,-137.05915789131456,-79.68751241764616,0.6100639727491807,71.7033697390864,70.33600082397462,68.96863190886283,-61714500.0,172692565.8698849,15501550.466747371,-0.02848925693429627,-1
2018-06-19,67.16000366210938,67.56999969482422,67.05999755859375,67.5199966430664,55.990753173828125,30397600,70.68780029296875,70.09111909170541,69.94657204037621,-0.3933701837630536,-0.1934904035410578,-0.1998797802219958,69.29329806501401,28.61050925964601,-3.680459182901623,-304.01103190477005,-88.41312486067231,0.740798016052805,71.81331768696208,70.12300071716308,68.43268374736408,-92112100.0,197129513.32302412,25898425.31656837,0.000740566561668432,0
2018-06-20,67.77999877929688,67.83000183105469,67.4000015258789,67.56999969482422,56.032222747802734,38687300,70.62480026245117,69.85101248247862,69.70342908586774,-0.5434274858924084,-0.2634778200113279,-0.2799496658810805,68.75532674605537,29.170698732124865,-4.467699013334775,-202.13092211837653,-87.15360253365004,0.7185943705145921,71.78780019372329,69.91700057983398,68.04620096594468,-53424800.0,189031820.27109107,25220751.30073753,-0.007103793978119,0
2018-06-21,67.38999938964844,67.38999938964844,67.0199966430664,67.08999633789062,55.63417816162109,23793400,70.55760025024414,69.58805856394643,69.43419058663504,-0.6930917085025072,-0.3494005977095638,-0.3436911107929434,68.19841721870179,26.981900903363623,-4.6068610959902125,-163.3597282473577,-98.2543726300849,0.7065502148637107,71.90821116855615,69.72650032043457,67.54478947231298,-77218200.0,174241222.30008256,17944626.094327867,0.01058289987513672,1
2018-06-22,67.94999694824219,68.12999725341797,67.66000366210938,67.80000305175781,56.22295379638672,26146100,70.49920028686523,69.41776756278561,69.25071465628487,-0.7458128093443293,-0.4286830400365169,-0.3171297693078123,67.93713338056699,34.77765434497024,-3.706860495103361,-94.29216682214768,-80.54847897351402,0.7303716456857837,71.87102930487875,69.58250045776367,67.2939716106486,-51072100.0,163671666.78655237,9973659.383370848,-0.013864342169552124,-1
2018-06-25,67.31999969482422,67.38999938964844,66.68000030517578,66.86000061035156,55.443458557128906,39388300,70.42060028076172,69.17417071017285,68.99142895653134,-0.8536051735993198,-0.5136674667490775,-0.3399377068502422,67.49147443596708,30.183107053659967,-5.644933623406802,-114.23097306646532,-95.86206049848904,0.7582062617736113,71.96902345167635,69.4145004272461,66.85997740281584,-90460400.0,144254958.79394537,-371930.3945202232,0.0017948361574415816,0
2018-06-26,67.08000183105469,67.11000061035156,66.70999908447266,66.9800033569336,55.5429573059082,23117500,70.34220031738282,68.96520239081673,68.75957209269205,-0.9187573176774748,-0.594685436934757,-0.3240718807427178,67.17104891653214,31.42857485104158,-4.87146730120341,-95.4821977204106,-93.10337570133451,0.7326169454964573,72.08084335219213,69.32400054931641,66.56715774644069,-67342900.0,152346458.58413783,-1995837.152730763,-0.009405865202114616,0
2018-06-27,67.04000091552734,67.30000305175781,66.31999969482422,66.3499984741211,55.020538330078125,29616800,70.24480026245118,68.71613535113143,68.47633379981632,-1.0095890757103234,-0.6776661646898703,-0.3319229110204531,66.75990645980141,28.549169079921253,-5.899877373527723,-91.54303893007646,-99.363083118301,0.7502894964497121,72.18167293467089,69.14950065612793,66.11732837758497,-96959700.0,124542852.06024934,-11325324.979351342,0.0037678975998396425,0
2018-06-28,66.33000183105469,66.68000030517578,66.19000244140625,66.5999984741211,55.22784423828125,21384800,70.14500030517578,68.51459850570187,68.23352406819662,-1.0493052499444957,-0.7519939817407955,-0.2973112682037002,66.50388909314339,31.241242973485356,-5.3439484133223365,-86.30630635506795,-91.52900117908914,0.7316951921111412,72.2348858594205,69.00950050354004,65.78411514765958,-75574900.0,138944669.95670712,-9529962.034154862,0.005555596922810713,0
2018-06-29,67.12000274658203,67.37000274658203,66.91000366210938,66.97000122070312,55.53467178344727,32031400,70.05800033569336,68.36749400236866,68.03928604125977,-1.0389481274667671,-0.8093848108859899,-0.2295633165807774,66.40686520058941,35.136445638312615,-4.328569684709821,-54.00297552147589,-82.93219187344219,0.7344318344517569,72.16662495884295,68.85800056457519,65.54937617030744,-43543500.0,115268963.97093762,-15462314.367123457,-0.00910856501766033,0
2018-07-02,66.0199966430664,66.43000030517578,66.0,66.36000061035156,55.02882766723633,39167900,69.96420028686524,68.17630415550988,67.80138128371466,-1.0676547254684865,-0.8610387938024893,-0.206615931665997,66.18580411448423,31.92538713097107,-4.517984733307104,-88.72713488555904,-92.37287039731032,0.7512598148668441,72.08327641679936,68.66550064086914,65.24772486493892,-82711400.0,141684589.08227348,-8078549.207265228,0.003013817757726134,0
2018-07-03,66.88999938964844,66.98999786376953,66.52999877929688,66.55999755859375,55.194671630859375,14919900,69.87620025634766,68.02237019389882,67.60085718064082,-1.062024471901026,-0.9012359294221968,-0.1607885424788292,66.07320289982052,34.05333513314259,-1.4217996626207443,-61.86975414223603,-88.13564801344842,0.742597440611789,71.95706615291193,68.48850059509277,65.01993503727361,-67791500.0,128710687.68244264,-8451563.977517992,0.009915920768001296,0
2018-07-05,67.16999816894531,67.2699966430664,66.97000122070312,67.22000122070312,55.741973876953125,18593200,69.80720031738281,67.94595410121352,67.48004771641322,-0.9928605968078016,-0.9195608628993176,-0.0732997339084839,66.1686278063793,40.64699038946265,-0.5179790967912394,-22.046588839398435,-69.80195682594598,0.7402687962099869,71.66332839540067,68.31300048828125,64.96267258116183,-49198300.0,141106627.20585254,-3891674.3553984463,0.00535555792642084,0
2018-07-06,67.30999755859375,67.72000122070312,67.23999786376953,67.58000183105469,56.04050827026367,16641600,69.74780029296875,67.91110150405554,67.41023832048688,-0.8986397274980789,-0.91537663581907,0.0167369083209911,66.35560820465263,43.93953502078296,0.7303704276509561,37.07902282867092,-55.1135415379747,0.7231054362825705,71.40704355749327,68.17550048828124,64.94395741906922,-32556700.0,148040737.41804358,533831.4080201685,0.009618252563885266,0
2018-07-09,68.12000274658203,68.25,67.94999694824219,68.2300033569336,56.57952117919922,20682100,69.69440032958984,67.94147310909155,67.41542906988235,-0.7627270759460174,-0.8848467238444596,0.1221196478984422,66.69108112380142,49.39779467951068,0.6342187106503867,163.989285679922,-0.888739691840279,0.7193117926004884,71.13200855825649,68.06650047302246,65.00099238778843,-11874600.0,165965714.98785183,7999137.409992248,-0.00043978319236526175,0
2018-07-10,68.11000061035156,68.2699966430664,68.06999969482422,68.19999694824219,56.55463409423828,18981400,69.63900024414062,67.96609442710589,67.42814301990327,-0.6499444319652667,-0.8378662654686211,0.1879218335033543,66.96950526537759,49.15984107168701,2.004182359644132,138.18105250646695,-3.0836915569029344,0.682215446734752,70.72086809559649,67.93350028991699,65.1461324842375,-30856000.0,171659990.16905272,12137746.749363633,-0.016715534320530745,-1
2018-07-11,67.43000030517578,67.61000061035156,66.86000061035156,67.05999755859375,55.60929870605469,30172400,69.56540023803711,67.8797994872476,67.34495228358678,-0.6451153097076769,-0.7993160743164323,0.1542007646087553,66.91098454332904,41.06619077789111,0.1194299755911783,1.9604291189536784,-53.30400325342063,0.7292026522864603,70.33177111425223,67.76599998474121,65.2002288552302,-61028400.0,157579291.2920996,8247160.313770175,0.007754313918764799,0
2018-07-12,67.41999816894531,67.6500015258789,67.30000305175781,67.58000183105469,56.04050827026367,18810600,69.50720031738281,67.85124732951493,67.32723817371186,-0.5924982456376711,-0.7579525085806801,0.165454262943009,67.00603115907903,45.47589525352458,1.8538106785538808,45.9292104667634,-30.39629217599392,0.7192593278258911,69.85519716997901,67.61949996948242,65.38380276898583,-42217800.0,168865651.2920996,9496929.470684648,0.0031074146016989435,0
2018-07-13,67.61000061035156,67.81999969482422,67.47000122070312,67.79000091552734,56.21464538574219,17206900,69.4538003540039,67.84541433770659,67.34347635904948,-0.5277698696632029,-0.7119159807971847,0.1841461111339817,67.14573468885257,47.19428270139708,1.786790493499263,76.38289566354747,-21.14521750528513,0.6928821700613629,69.34465538691117,67.49099998474121,65.63734458257125,-25010900.0,183122904.17275357,13681240.090477288,-0.0004425251348536552,0
2018-07-16,67.7699966430664,67.86000061035156,67.6500015258789,67.76000213623047,56.18978118896485,15422200,69.395400390625,67.83727984232792,67.36909561157226,-0.4734353481494793,-0.6642198542676436,0.1907845061181643,67.25861290659026,46.966567389844165,1.1796340169143116,71.91549236669326,-22.46675158721889,0.6583888423349532,68.84232461532878,67.37900009155274,65.9156755677767,-40433100.0,183857454.73406145,14382975.059856148,0.0017708842001842307,0
2018-07-17,67.58000183105469,67.95999908447266,67.54000091552734,67.87999725341797,56.28927993774414,16965000,69.33440032958984,67.84134816719364,67.416809626988,-0.4158980316533984,-0.6145554897447946,0.1986574580913961,67.38731907666985,48.04641638349176,2.290531388014033,65.97534720574274,-17.180615259483822,0.6413601675220074,68.42296487892472,67.29799995422363,66.17303502952254,-23468100.0,194359421.49155465,16704040.146544784,0.00014735027453127714,0
2018-07-18,67.83000183105469,68.04000091552734,67.72000122070312,67.88999938964844,56.29757690429688,13712400,69.27340026855468,67.84598161695124,67.47319052559989,-0.3652814676149774,-0.5647006853188312,0.1994192177038538,67.49942297936852,48.14120356239327,1.9981999396617571,68.43669514132267,-16.739991866448424,0.6184048847343924,68.46733162649615,67.31650009155274,66.16566855660933,-9755700.0,195216303.4599403,16407661.931354254,-0.002062150403698282,0
2018-07-19,67.54000091552734,67.87999725341797,67.47000122070312,67.75,56.18148422241211,26316500,69.20940032958984,67.83684051057493,67.5144762311663,-0.3326299061595108,-0.5182865294869672,0.1856566233274563,67.55806073124866,46.8526966843167,0.7884539864209945,36.58872084889324,-22.907374980254293,0.6042324242036857,68.48688774454259,67.32550010681152,66.16411246908045,-36072200.0,204844482.3709733,17858322.139436424,0.004723242728032817,0
2018-07-20,67.7699966430664,68.18000030517578,67.76000213623047,68.06999969482422,56.44684219360352,28610200,69.14840026855468,67.85904614717009,67.58538095383417,-0.2777305030826795,-0.4701753242061097,0.1924448211234301,67.69151228522226,50.13780217475157,0.7250634070630716,75.97000915753871,-8.810451277673403,0.5917868225158845,68.57407549178866,67.3745002746582,66.17492505752774,-7462000.0,218468238.6434528,21163121.75312841,0.0,0
2018-07-23,68.06999969482422,68.13999938964844,67.94000244140625,68.06999969482422,56.44684219360352,10192900,69.07820022583007,67.87913696123239,67.65161899384998,-0.2315531302665476,-0.4224508854181973,0.1908977551516496,67.80245675163611,50.13780217475157,-0.2345063084232067,80.49382088049316,-11.494091596693924,0.5638008911912699,68.61224889104913,67.38800010681152,66.1637513225739,-7462000.0,221526030.87661067,21564098.96445,0.005876326247571839,0
2018-07-24,68.63999938964844,68.80000305175781,68.36000061035156,68.47000122070312,56.778541564941406,17645500,69.0122003173828,67.93540974784865,67.75466671898252,-0.1608265411779115,-0.3701260165701401,0.2092994753922286,67.99788291560539,54.23843085707272,0.395900710473414,171.11878607216144,-17.010382255781032,0.5756728662840174,68.7535108977876,67.4685001373291,66.1834893768706,10183500.0,212703280.87661067,16960523.82685885,0.007448548665663912,0
2018-07-25,68.45999908447266,69.08999633789062,68.23999786376953,68.9800033569336,57.20146179199219,29698900,68.9538003540039,68.03489485347579,67.8986194065639,-0.0628972591877641,-0.308680265093665,0.2457830059059008,68.29003061736202,58.881559275302834,2.8631164155087188,179.51378690090974,-4.93243012077047,0.5952681202471753,68.9899273180801,67.5685001373291,66.14707295657809,39882400.0,234715883.4499652,20539387.196015388,-0.004494131239515475,0
2018-07-26,68.72000122070312,68.8499984741211,68.5999984741211,68.66999816894531,56.94438552856445,23009400,68.89960037231445,68.0953808835205,68.00352398100354,-0.0101850189587935,-0.2489812158666907,0.2387961969078971,68.44727807760714,55.21428897309186,1.6128977631808004,136.2910414506522,-18.834034691573443,0.5798917610704629,69.0673745076964,67.68450012207032,66.30162573644424,16873000.0,224591691.2746722,16914916.773439348,0.0018931831408042221,0
2018-07-27,68.97000122070312,69.11000061035156,68.7300033569336,68.80000305175781,57.05219650268555,28911800,68.84600036621094,68.16248775668596,68.10976235525949,0.0416005732279671,-0.1908648580477591,0.2324654312757263,68.60702349371923,56.43955752639176,1.489898395913913,136.3939011163161,-13.777669270833336,0.5698994172012228,69.16474921789272,67.79450035095215,66.42425148401158,45784800.0,206331637.615548,8084442.093260616,-0.0001453798806221318,0
2018-07-30,69.04000091552734,69.08999633789062,68.7699966430664,68.79000091552734,57.04389953613281,17630300,68.79000045776367,68.22225091467085,68.20457193283808,0.0809013588233966,-0.1365116146735279,0.2174129734969246,68.73171456258542,56.31191074682565,1.5200689888203929,111.23906808239042,-14.222208658854164,0.5520490229808482,69.26633431561928,67.88550033569337,66.50466635576745,28154500.0,190905597.9974949,-1171259.435580343,0.001308276445600498,0
2018-07-31,69.04000091552734,69.0999984741211,68.75,68.87999725341797,57.118534088134766,25087500,68.74100036621094,68.28489342312297,68.29928592500232,0.117949814847293,-0.0856193287693637,0.2035691436166568,68.85299749642304,57.24880648061527,1.4731880383946936,95.46189788676872,-12.707384926656552,0.5376165300612827,69.26671871088075,68.01150016784668,66.7562816248126,53242000.0,184454214.0737892,-6903917.724414349,-0.005081278862909988,0
2018-08-01,68.7699966430664,68.80000305175781,68.44000244140625,68.52999877929688,56.82829284667969,25402700,68.67600036621094,68.30823679037762,68.34866674514043,0.1177121193253185,-0.0449530391504273,0.1626651584757458,68.85686205479354,52.53070341563871,0.9427005382268744,42.65160433145257,-35.36597847021279,0.5306434107362118,69.19127759374364,68.11000022888183,67.02872286402003,27839300.0,171752325.72131175,-12662977.161597043,-0.006566422825884155,0
2018-08-02,67.79000091552734,68.08000183105469,67.72000122070312,68.08000183105469,56.45513534545898,24343200,68.60380035400391,68.28650012758496,68.34580975487118,0.0802872495343791,-0.019904981413466,0.1001922309478451,68.73852646695522,47.15031436466724,0.4870875735124538,-54.20948620422639,-62.804826989458405,0.5505976490243506,69.15476124043586,68.15300025939942,67.15123927836298,3496100.0,196095525.72131172,-6122212.64393568,0.0005875574978186915,0
2018-08-03,67.81999969482422,68.1500015258789,67.77999877929688,68.12000274658203,56.488311767578125,14176200,68.54820037841797,68.27064323415611,68.34266713460286,0.0532417721671976,-0.0052756306973332,0.0585174028645309,68.64775418629604,47.663471559130855,0.0734582811546781,-50.55765728260857,-60.36574586663441,0.5376977906756804,69.1470377298046,68.18000030517578,67.21296288054697,17672300.0,207972993.08217943,889313.6048324108,-0.004257206456761309,0
2018-08-06,67.69999694824219,67.93000030517578,67.58000183105469,67.83000183105469,56.247825622558594,12077900,68.49120040893554,68.2286773862417,68.30933394659134,0.0083115755876832,-0.0025581894403299,0.0108697650280132,68.49468115933847,44.30476133674119,-0.3525750915902821,-87.79468402963694,-78.0487351017408,0.5378623022280372,69.13855073537911,68.16000022888184,67.18144972238457,5594400.0,213149311.16174343,5323828.858750433,0.00781363356906506,0
2018-08-07,68.51000213623047,68.54000091552734,68.30000305175781,68.36000061035156,56.68732452392578,17495500,68.45400039672852,68.24118435996645,68.3283816019694,0.0152942407118814,0.0010122965901123,0.0142819441217691,68.50408367841025,51.08834803660163,-0.1606551897041618,4.991721326424429,-45.7317243368472,0.5501579695049813,69.15033699638843,68.16800041198731,67.18566382758618,23089900.0,204401283.0757849,3870500.8117527664,-0.0008776705391758677,0
2018-08-08,68.27999877929688,68.43000030517578,68.12999725341797,68.30000305175781,56.63756942749024,13812800,68.44420043945313,68.24678614013706,68.34095328194755,0.0158045663690984,0.0039707505459095,0.0118338158231889,68.49393718759879,50.34085815546735,-0.9857933779114992,-24.60547308960595,-52.94105914032114,0.5322895143770481,69.07116648693564,68.23000068664551,67.38883488635538,9277100.0,206243364.4348205,3510210.6056966186,-0.0029283245783335854,0
2018-08-09,68.31999969482422,68.38999938964844,68.05999755859375,68.0999984741211,56.47172164916992,11964700,68.40940048217773,68.23280636242126,68.32857211884998,6.950402274696899e-05,0.003190501241277,-0.00312099721853,68.43156093287261,47.82861152659966,-0.8300563710834497,-49.1079983784325,-66.01326418669592,0.5178402088825345,69.045770327723,68.25600051879883,67.46623070987465,-2687600.0,197179248.0617683,159672.0749118924,-0.019970640834425013,-1
2018-08-10,66.86000061035156,66.98999786376953,66.61000061035156,66.73999786376953,55.343936920166016,28624600,68.35620040893555,68.09063412445443,68.1841909136091,-0.1207494055247906,-0.0215974801119365,-0.0991519254128541,68.02584300822429,35.02778129710719,-2.994193454378995,-241.6206689239144,-94.80010986328124,0.587280868092245,69.21786369902735,68.20350036621093,67.18913703339452,-31312200.0,188139628.4621136,-4101761.021654904,-0.003596012458067732,0
2018-08-13,66.6500015258789,66.77999877929688,66.3499984741211,66.5,55.14493179321289,24817700,68.28620040893554,67.93914516022068,68.02195278349377,-0.2331771624735665,-0.0639134165842625,-0.169263745889304,67.63089806795269,33.33239064770608,-3.3289735209328115,-197.8249716357368,-94.56516631237923,0.5760464179727903,69.38713632524475,68.14050025939942,66.89386419355408,-56129900.0,180636766.72616145,-7859461.384266525,-0.00015040806361610315,0
2018-08-14,66.58999633789062,66.6500015258789,66.37000274658203,66.48999786376953,55.13662338256836,22596700,68.21180038452148,67.80113113198723,67.86476207914806,-0.3194021890418668,-0.1150111710757833,-0.2043910179660834,67.30655694615636,33.26013841382624,-3.4698018074178143,-154.9675535946904,-94.9275622721204,0.5548999409912223,69.50837281157065,68.071000289917,66.63362776826334,-78726600.0,177407963.05313691,-9709552.57545486,-0.0144382480871722,-1
2018-08-15,65.61000061035156,65.69000244140625,65.1500015258789,65.52999877929688,54.34054565429688,41602700,68.120400390625,67.58483281268339,67.62276193527948,-0.4598986218491205,-0.1839886612304508,-0.2759099606186697,66.79541423157076,27.1721758931468,-4.377644905060627,-184.34957395502545,-90.40410754366192,0.6109787896056481,69.76824933525967,67.95300025939942,66.13775118353917,-120329300.0,194356688.72741884,-4190945.114082664,0.007019671799810556,0
2018-08-16,65.95999908447266,66.23999786376953,65.93000030517578,65.98999786376953,54.72200393676758,23297100,68.02560028076172,67.4329437699297,67.43580932617188,-0.5280380810210943,-0.2527985451885795,-0.2752395358325147,66.5016897277565,33.457370222358485,-3.0699234886503795,-108.36385550471562,-78.73425349696949,0.6180517304148166,69.87163589237791,67.8650001525879,65.85836441279788,-97032200.0,180077525.05346727,-6095708.220316529,0.0059099773037356584,0
2018-08-17,65.97000122070312,66.55000305175781,65.91000366210938,66.37999725341797,55.04541397094727,25722900,67.94660018920898,67.33266314930952,67.29438047863188,-0.5442951067705479,-0.3110978575049732,-0.2331972492655747,66.36960192328753,38.31778133712806,-2.5543238740567555,-77.05801846521008,-68.86084359922276,0.6196194332450559,69.88541515216218,67.78050003051757,65.67558490887296,-71309300.0,192134655.30166125,-2484414.573867172,0.005423329696402357,0
2018-08-20,66.63999938964844,66.81999969482422,66.62000274658203,66.73999786376953,55.343936920166016,16229300,67.87320007324219,67.27621883640096,67.19528503417969,-0.5221113021100621,-0.3533005464259909,-0.1688107556840711,66.36276029022456,42.49334531597197,-1.6069643783882643,-38.25306570014567,-56.43847470700002,0.6067895501967256,69.86173026684514,67.71399993896485,65.56626961108455,-55080000.0,195380020.0151731,251404.7425129116,0.006143297501241651,0
2018-08-21,67.16999816894531,67.36000061035156,66.98999786376953,67.1500015258789,55.68394088745117,15670100,67.79900009155273,67.26419814016076,67.14157089960007,-0.4660739971837557,-0.3758552365775439,-0.0902187606062118,66.47132341798984,46.9019664245996,-1.770039604548262,1.1450528338138062,-41.00293923039875,0.6077333566271081,69.77981439824734,67.64799995422364,65.51618551019993,-39409900.0,193262648.52209103,674039.465732038,0.0038719602430725697,0
2018-08-22,67.44999694824219,67.52999877929688,67.33000183105469,67.41000366210938,55.89954376220703,13217500,67.73900009155274,67.27808438034634,67.11890458606538,-0.396117830067169,-0.379907755275469,-0.0162100747917,66.63472155064964,49.54361283346926,-1.303073718714178,26.430551681437773,-33.33325831469121,0.5914663850656172,69.6131402674254,67.56949996948242,65.52585967153945,-26192400.0,190619551.8943349,-55326.11684912443,-0.007120654663358206,0
2018-08-23,67.06999969482422,67.22000122070312,66.87000274658203,66.93000030517578,55.501502990722656,22030700,67.66740005493165,67.24493351604438,67.05799985613142,-0.3750855700011044,-0.378943318220596,0.0038577482194916,66.64993060067532,45.08424692405371,-1.7180590237310025,-3.3195397683454284,-47.49265192400311,0.5877902576353858,69.47893751544466,67.48250007629395,65.48606263714323,-48223100.0,176141960.33248204,-4955179.705144644,0.005826974269687479,0
2018-08-24,67.2300033569336,67.45999908447266,67.13999938964844,67.31999969482422,55.82490539550781,21816600,67.60660003662109,67.25208267592818,67.04252362932478,-0.3232217617152599,-0.3677990069195289,0.0445772452042689,66.76865850493884,49.09349606449312,0.8690468229240793,29.51700324067672,-35.98824307840498,0.5836622714743347,69.31164908962083,67.40849990844727,65.50535072727371,-26406500.0,178869100.35107872,-5641468.0121534765,0.01336900668388008,1
2018-08-27,67.91000366210938,68.2699966430664,67.87000274658203,68.22000122070312,56.571231842041016,24820300,67.57100006103515,67.34426539447817,67.11980946858723,-0.2071092914871286,-0.3356610638330488,0.1285517723459202,67.10372284722338,56.91143286433653,2.5864680010573307,115.43411896164928,-6.402413494729197,0.609829171968843,69.21540878244203,67.37999992370605,65.54459106497008,-1586200.0,197484798.7679552,513815.1778175831,-0.0008794716728257601,0
2018-08-28,68.38999938964844,68.44999694824219,68.12000274658203,68.16000366210938,56.521480560302734,19866800,67.54420013427735,67.42195475330018,67.19409553891137,-0.1185638930880941,-0.2922416296840579,0.1736777365959638,67.36538142660963,56.290804875211286,2.511664689419146,128.94101500335464,-8.787687527309807,0.5898408620119389,69.08618982612282,67.34400024414063,65.60181066215844,-21453000.0,182434387.568732,-1803592.09674868,0.005428331826706989,0
2018-08-29,68.16000366210938,68.54000091552734,68.08000183105469,68.52999877929688,56.82829284667969,18107700,67.56440017700196,67.52748275577606,67.30704778035482,-0.0183242822238867,-0.2374581601920237,0.219133877968137,67.67668890015722,59.24259490206512,4.578055937562143,138.77741744026284,-0.2950483195073961,0.5805664071967305,69.08618982612282,67.34400024414063,65.60181066215844,-3345300.0,199754626.51355147,2923325.6912575364,-0.009484919560151406,0
2018-08-30,67.94999694824219,68.05000305175781,67.70999908447266,67.87999725341797,56.28927993774414,20743000,67.57060012817382,67.56105556507529,67.35809511457171,0.0085678755879143,-0.1882529530360361,0.1968208286239504,67.76244692886502,52.53092255840527,2.8640694814844103,75.1953041494943,-19.469138080813085,0.5976688570310634,69.06140946668002,67.3340000152588,65.60659056383757,-24088300.0,199754161.05859804,4591159.806024224,-0.007955228894770627,0
2018-08-31,67.45999908447266,67.69000244140625,67.08000183105469,67.33999633789062,55.84148788452149,30945900,67.57560012817383,67.54000230534342,67.3586661929176,-0.0135374057194042,-0.1533098435727097,0.1397724378533055,67.69103823385214,47.69646583095916,1.4462174212024768,22.65685318741025,-35.39837149531658,0.6121208111656553,68.98446897401543,67.29499969482421,65.605530415633,-55034200.0,195187788.7920448,3403140.7857959867,-0.008464504392963423,0
2018-09-04,66.5,66.77999877929688,66.41999816894531,66.7699966430664,55.36880874633789,25303400,67.555,67.4666684327456,67.308665902274,-0.0761721470063463,-0.137882304259437,0.0617101572530907,67.48320153699488,43.17923387244852,0.0449487267861603,-48.70572430289227,-52.212524812415886,0.634112130997816,68.9275113811143,67.2419994354248,65.5564874897353,-80337600.0,219085146.43202272,10211461.273350509,-0.009135734785458816,0
2018-09-05,66.33999633789062,66.41999816894531,65.95999908447266,66.16000366210938,54.86299133300781,26850800,67.54100006103516,67.34222416887549,67.20561868576776,-0.1730373000909111,-0.1449133034257318,-0.0281239966651792,67.1541036756184,38.93004535362712,-1.4743080287019747,-109.9473228237507,-90.49428665086636,0.6466754182594272,68.79834538003972,67.13199958801269,65.46565379598566,-107188400.0,215583449.0475834,10954192.189269364,-0.003023043630078659,0
2018-09-06,66.05999755859375,66.22000122070312,65.6500015258789,65.95999908447266,54.6971321105957,25557900,67.52059997558594,67.21058368464665,67.09399959019252,-0.2629116478735795,-0.1685129723153014,-0.0943986755582781,66.83351653327965,37.622727694518815,-2.1510228435898378,-132.92770873934143,-89.27343861372024,0.6411985636940779,68.6654001684693,67.01499938964844,65.36459861082757,-132746300.0,217825166.0464189,10975474.59184116,-0.008035154436829561,0
2018-09-07,65.33000183105469,65.62999725341797,65.23999786376953,65.43000030517578,54.25763320922852,22989400,67.50220001220703,67.04100431517323,66.94304729643322,-0.3726089836828379,-0.2093321745888087,-0.1632768090940292,66.43596127682486,34.332532423896126,-2.241147457284567,-163.66387677641993,-94.24235558494284,0.6468273413016365,68.59016376812394,66.88149948120117,65.1728351942784,-155735700.0,217236017.13605464,9798954.140337288,0.006113426929745369,0
2018-09-10,65.94999694824219,65.98999786376953,65.75,65.83000183105469,54.589332580566406,15646700,67.4868000793457,66.92567074525718,66.84290466308593,-0.4223989799455268,-0.2519455356601523,-0.1704534442853744,66.21836845198078,38.690374800893714,-2.2133064030362544,-105.990583158533,-82.12110843440345,0.6406251971930972,68.6047217147409,66.83599967956543,65.06727764438996,-140089000.0,212020782.06913796,6767443.330672443,0.0009114014419706606,0
2018-09-11,65.5,65.91000366210938,65.4000015258789,65.88999938964844,54.63907623291016,17652700,67.4652000427246,66.82703537805634,66.75280939737955,-0.4518084426573097,-0.2919181170595838,-0.1598903255977258,66.06127860983847,39.34061803869536,-3.4154233206721023,-95.97476922241984,-80.3030022795685,0.6312949551236801,68.6168695127256,66.80549964904785,64.99412978537009,-122436300.0,228288666.61294693,10088202.778778585,0.004249488266665047,0
2018-09-12,65.95999908447266,66.33000183105469,65.91000366210938,66.16999816894531,54.87126541137695,19372500,67.46139999389648,66.76446040576005,66.6922854468936,-0.4473651453775318,-0.3230075227231734,-0.1243576226543583,66.01144449421528,42.41033932469389,-2.9196088413215864,-55.70816397116014,-71.8181986322589,0.6176311722834535,68.61731282104144,66.78949966430665,64.96168650757186,-103063800.0,232900764.4331104,11997071.606803238,0.007405251726212425,0
2018-09-13,66.80999755859375,66.87000274658203,66.48999786376953,66.66000366210938,55.2775993347168,26009600,67.46340011596679,66.75451214446,66.67995249430338,-0.3996969939756951,-0.3383454169736778,-0.0613515770020173,66.10405851027365,47.42466468115256,-2.728724865748037,-13.39523352824513,-56.96956105590723,0.6235149996911398,68.58215000928244,66.84599990844727,65.1098498076121,-77054200.0,230163406.5147037,10816352.098156393,0.0015001270421162172,0
2018-09-14,66.86000061035156,66.94000244140625,66.5999984741211,66.76000213623047,55.36052703857422,21047500,67.45420013427734,66.75503500081909,66.67176223028274,-0.3498181139563314,-0.3406399563702085,-0.0091781575861228,66.21162629215357,48.41184189036765,-1.649963409701088,-3.6140303988957054,-53.93930706666234,0.6032641709471966,68.57660512179717,66.8845001220703,65.19239512234344,-56006700.0,228925540.53243065,8956159.29588154,0.0008987051628805975,0
2018-09-17,67.08999633789062,67.20999908447266,66.80999755859375,66.81999969482422,55.4102783203125,13679100,67.43900009155273,66.76122211453387,66.66561933244978,-0.3019665581108199,-0.3329052767183308,0.0309387186075109,66.32017521330513,49.030215230392336,-0.7721958291432464,19.486911403834068,-52.121200911827394,0.5923164917440812,68.5831668003597,66.90650024414063,65.22983368792156,-42327600.0,215930539.031353,3246201.8268006444,0.010475859794061071,1
2018-09-18,67.30999755859375,67.62000274658203,67.30000305175781,67.5199966430664,55.990753173828125,20734400,67.4247999572754,66.8334863553465,66.7240475609189,-0.2051945961713812,-0.307363140608941,0.1021685444375597,66.594640195626,55.701867527905165,1.1232590051026792,78.64547954454699,-30.909191793553404,0.6071512717479233,68.64104072156263,66.94550018310547,65.2499596446483,-21593200.0,223705135.7173316,3088936.187097043,0.003554583902496411,0
2018-09-19,67.58999633789062,67.86000061035156,67.58999633789062,67.76000213623047,56.18978118896485,15330300,67.41600006103516,66.92172595352592,66.80161917550224,-0.1078919701696179,-0.2674689065210763,0.1595769363514584,66.88432461256508,57.74415607988891,2.4183772454012606,115.3413218844592,-10.320298224607871,0.5880692907120371,68.70673856374852,66.97600021362305,65.24526186349759,-6262900.0,227680010.9024121,4008520.8763714433,0.01239663977875649,1
2018-09-20,68.47000122070312,68.68000030517578,68.29000091552734,68.5999984741211,56.88633728027344,24625300,67.4468000793457,67.08156143167784,66.95628567650205,0.0365800739674284,-0.2066591104233754,0.2432391843908038,67.34038947494828,63.9998671636212,4.002424842770969,180.5799029499803,-2.325632973155201,0.611778531739822,68.8985878832891,67.03549995422364,65.17241202515818,18362400.0,242202376.67963344,8641056.371429473,0.0004372999994772808,0
2018-09-21,68.58000183105469,68.73999786376953,68.5199966430664,68.62999725341797,56.91121292114258,19003300,67.46779998779297,67.2290315099388,67.1081425621396,0.1517466200133839,-0.1349779643360235,0.2867245843494074,67.72046621939303,64.20368355843306,4.890718223012227,158.35048483252163,-3.142874581473209,0.5837943992525323,69.10757177502445,67.12049980163575,65.13342782824704,37365700.0,242202376.67963344,9750633.949277818,-0.004516939691095678,0
2018-09-24,68.63999938964844,68.66000366210938,68.31999969482422,68.31999969482422,56.65415573120117,20382700,67.4783999633789,67.33293324183265,67.22238064720517,0.2155183637226798,-0.0648786987242828,0.2803970624469627,67.94794433992506,60.39829452998509,3.782466648200666,112.39013983770212,-11.99994768415179,0.5663807745255688,69.22433888605845,67.17049980163574,65.11666071721304,16983000.0,221819676.67963344,2832726.235735953,0.004976638887645102,0
2018-09-25,68.8499984741211,68.88999938964844,68.63999938964844,68.66000366210938,56.93609619140625,19623000,67.49639999389649,67.45932090090662,67.36423815772648,0.2901487544609864,0.0061267919127709,0.2840219625482154,68.21761681164047,62.9893472814488,4.203982847351666,108.98500900542436,-6.301250175057948,0.5666392691419793,69.29957198406994,67.19249992370605,65.08542786334216,36606000.0,205337027.38764125,-5499326.806868285,0.00043691782255805833,0
2018-09-26,68.62999725341797,69.12999725341797,68.62000274658203,68.69000244140625,56.960975646972656,26899900,67.51260009765625,67.5765286666685,67.50685744512649,0.3477063848185509,0.0744427104939269,0.2732636743246239,68.44030903510813,63.21801340469788,3.8083789363675966,96.81686953298254,-11.31092239198227,0.562593210195139,69.38654080619293,67.2189998626709,65.05145891914887,63505900.0,185821461.00521,-14617453.554446489,-0.0020381334207676405,0
2018-09-27,68.55999755859375,68.86000061035156,68.4800033569336,68.55000305175781,56.84487533569336,21555300,67.52580017089844,67.66924051286747,67.63361965361095,0.3776708859550126,0.1350883455861441,0.2425825403688685,68.57941943910568,61.314119160587175,2.8352824569716364,75.42569871805561,-15.549460214605093,0.5495506283949227,69.389977036109,67.22000007629394,65.05002311647888,41950600.0,172207610.0987109,-21350416.734664887,-0.0081692948659019,0
2018-09-28,67.93000030517578,68.2699966430664,67.8499984741211,67.98999786376953,56.380496978759766,37330500,67.53060012817383,67.699788832001,67.70695277622768,0.3521706267101052,0.1785048018109363,0.1736658248991689,68.54055264088358,54.27307602630328,1.842414152457834,28.026184712722944,-30.563021325511663,0.5602973493527498,69.40268615043907,67.22550010681152,65.04831406318398,4620100.0,159764110.0987109,-26123159.24160284,0.0011766705922684473,0
2018-10-01,68.20999908447266,68.31999969482422,68.05000305175781,68.06999969482422,56.44684219360352,27922300,67.53060012817383,67.73504700941274,67.78738130841937,0.3345603630928337,0.2097159140673158,0.1248444490255179,68.52211108092021,55.0669201940069,1.8706974045329476,27.655784378441727,-32.91924435672466,0.5438476548378125,69.46990064673112,67.2620002746582,65.05409990258529,32542400.0,135977804.23813277,-33269182.200843006,-0.005141743436025137,0
2018-10-02,67.55000305175781,67.77999877929688,67.47000122070312,67.72000122070312,56.1566047668457,18689200,67.52360015869141,67.73361407715468,67.83100044613792,0.2890303880999312,0.2255788088738389,0.0634515792260922,68.40938723236775,50.90339739584983,0.2962153252080428,-30.388638595357023,-53.408952980955405,0.5478584309575381,69.51389121859944,67.30950050354004,65.10510978848063,13853200.0,147432712.6059217,-29523340.5488863,-0.0017720428886428552,0
2018-10-03,67.83999633789062,67.87999725341797,67.54000091552734,67.5999984741211,56.057090759277344,19372300,67.50620010375977,67.72088878162768,67.8586669195266,0.2404920930009382,0.2285614656992587,0.0119306273016794,68.27984615245676,49.52088734941777,-0.2361329059401297,-41.60355037187512,-60.47428922958156,0.5330111272047232,69.5242115617344,67.38150024414062,65.23878892654685,-5519100.0,134897490.39068067,-29295490.528036475,-0.011686404339635859,-1
2018-10-04,67.16999816894531,67.19999694824219,66.5,66.80999755859375,55.4019889831543,38671500,67.46279998779296,67.63413723657683,67.80423809233166,0.1367028475337264,0.2101897420661523,-0.0734868945324259,67.96372989422206,41.52522241976919,-2.609330838691797,-145.75643906275968,-88.2130082763062,0.5735102522647161,69.48438284371406,67.42400016784669,65.36361749197931,-44190600.0,130477769.96561256,-27945327.42493448,-0.005987036537960844,0
2018-10-05,66.6500015258789,66.70999908447266,66.16000366210938,66.41000366210938,55.07028579711914,28116900,67.41760009765625,67.51755308662756,67.70766699654716,0.0219202748978801,0.1725358486324979,-0.1506155737346177,67.59751225101952,38.16518585958748,-3.2347277869052102,-177.75421247461006,-91.58247341908071,0.578973373322923,69.38245140798654,67.47300033569336,65.56354926340018,-72307500.0,127921900.89127389,-25665734.73141554,-0.004818661445148087,0
2018-10-08,65.69000244140625,66.11000061035156,65.54000091552734,66.08999633789062,54.80492782592773,24471300,67.36339996337891,67.38159530103357,67.57595233008975,-0.0937865446251322,0.1192713699809718,-0.2130579146061041,67.21304723524399,35.67791683301412,-3.26405645037281,-183.41782792928367,-84.6797776209866,0.599761198467817,69.35361314205178,67.48600006103516,65.61838698001853,-96778800.0,150675548.909638,-15160128.37536782,-0.0025722223992293847,0
2018-10-09,65.4000015258789,66.01000213623047,65.31999969482422,65.91999816894531,54.66396713256836,23011200,67.30599990844726,67.24239557416803,67.42680929274786,-0.1969323506672822,0.056030625851321,-0.2529629765186033,66.85464753320538,34.39550909317673,-3.9906864943500704,-151.00067585774576,-84.25199846210532,0.611920880017755,69.35002473210673,67.4875,65.62497526789326,-119790000.0,167683583.79685605,-4072539.367836356,-0.02123788781502789,-1
2018-10-10,65.68000030517578,65.68000030517578,64.37999725341797,64.5199966430664,53.50301742553711,64586200,67.21879989624023,66.98311948549168,67.14418992542085,-0.3871813819593939,-0.0326117757108219,-0.354569606248572,66.2005237722598,26.081243635207684,-6.070760882410697,-161.17900936363353,-97.05264442845396,0.6782123462366773,69.60859388518607,67.40499992370606,65.20140596222605,-184376200.0,117008164.34077191,-15290473.749160588,-0.013949128301424918,-1
2018-10-11,64.33000183105469,64.54000091552734,63.18999862670898,63.619998931884766,52.75669860839844,119275100,67.12059989929199,66.66282228991007,66.78371364048549,-0.6036192565764225,-0.146813271883942,-0.4568059846924804,65.43660263233811,22.342309699854724,-7.191836470307243,-170.13279351864722,-92.7609359496767,0.7261973657351374,69.99483350329898,67.25299968719483,64.51116587109068,-303651300.0,73715645.74033982,-32264477.937188838,0.0036152082065039615,0
2018-10-12,64.11000061035156,64.13999938964844,63.18000030517578,63.84999847412109,52.94742202758789,66647600,67.03599983215332,66.39493430745398,66.45961828685942,-0.7479666962082234,-0.2670439567487983,-0.4809227394594251,64.87940930581587,25.28991269667354,-6.089130048133984,-139.3733936240839,-88.73952079684271,0.7428974961288131,70.22205333990313,67.10749950408936,63.9929456682756,-237003700.0,100096821.88574252,-27881243.7917369,-0.0023492202782499083,0
2018-10-15,63.68999862670898,64.04000091552734,63.5099983215332,63.70000076293945,52.823036193847656,32702300,66.94759979248047,66.13827396988117,66.1350945972261,-0.8645012119546607,-0.3865354077899708,-0.4779658041646898,64.39593748882497,24.63324082114046,-6.419860366500109,-115.81221809716044,-91.26049202567582,0.7276907109562386,70.40240957790346,66.95149955749511,63.50058953708677,-269706000.0,90841640.4848198,-26498274.46964225,0.017111462159072,1
2018-10-16,64.52999877929688,64.91999816894531,64.43000030517578,64.79000091552734,53.72691345214844,35959100,66.88679977416992,66.00986701232367,65.92923758370536,-0.858999738193944,-0.4810282738707655,-0.3779714643231785,64.29657787330413,37.361500859410405,-4.326639474838095,-63.47889211421464,-71.65492035476683,0.7628554887353606,70.37927090149194,66.81499977111817,63.25072864074439,-233746900.0,107720721.64791828,-18152963.5160138,-0.005710800144368533,0
2018-10-17,64.58999633789062,64.66999816894531,64.12000274658203,64.41999816894531,53.42008972167969,26566600,66.8079997253418,65.85845093200192,65.70114219302224,-0.8744161845395979,-0.559705856004532,-0.3147103285350658,64.13376235838668,35.18900358305797,-4.704142569460504,-67.74920095904307,-75.87552507755562,0.7562228206108489,70.33053580022943,66.6479995727539,62.96546334527838,-260313500.0,110135666.08881772,-12320311.84778747,-0.016144010096098116,-1
2018-10-18,64.16999816894531,64.25,63.18000030517578,63.380001068115234,52.55767440795898,48286500,66.70959968566895,65.62240808782224,65.3899042401995,-0.9594924718049498,-0.6396631791646156,-0.3198292926403342,63.74514220541144,29.92227022788892,-5.13395691635872,-91.2889938201266,-96.10893411111606,0.7907781925690677,70.2161630889597,66.38699970245361,62.55783631594751,-308600000.0,79900268.13378125,-18434552.61940761,0.005680034778867693,0
2018-10-19,63.720001220703125,64.0999984741211,63.70000076293945,63.7400016784668,52.856201171875,31924100,66.62239974975586,65.44313128693125,65.137809190296,-0.98649529807534,-0.7090296029467604,-0.2774656951285796,63.5354826831486,33.62558687884868,-4.02048160880612,-70.71751497152007,-88.08506942753532,0.7857224205062923,69.9919783011489,66.14249992370605,62.29302154626321,-276675900.0,54361170.80599198,-27386040.93760265,-0.004392886517427419,0
2018-10-22,63.79999923706055,63.84999847412109,63.27000045776367,63.459999084472656,52.6240119934082,28641300,66.55679977416992,65.25426155336376,64.8823329198928,-1.01874563614912,-0.7709728095872324,-0.2477728265618877,63.30706484239722,32.2002624259491,-3.979418064985037,-80.73383311807821,-94.0425752956798,0.7710278159079758,69.78191522631906,65.89949989318848,62.0170845600579,-305317200.0,44484789.00807943,-31700858.46369073,-0.009454750752870722,0
2018-10-23,62.41999816894531,63.130001068115234,62.04999923706055,62.86000061035156,52.12646484375,54694300,66.48399978637696,65.02623670164832,64.59285679771787,-1.0802664843003529,-0.8328315445298565,-0.2474349397704961,62.98057509381661,29.331161060154027,-4.64198671661266,-122.59516352041553,-84.2718110042584,0.8166686877084636,69.49027072474166,65.60949974060058,61.72872875645951,-360011500.0,71831939.00807942,-21882748.954936717,-0.028316874992262542,-1
2018-10-24,62.5,62.540000915527344,61.040000915527344,61.08000183105469,50.65040969848633,62942300,66.37579986572266,64.65040480921083,64.16147604442779,-1.2581500544561948,-0.9178952465151242,-0.3402548079410705,62.268322619404216,22.831681055560303,-5.331672335698107,-175.65250542978538,-99.29451625317218,0.888335206307467,69.31392727652009,65.228999710083,61.14407214364592,-422953800.0,12246638.508608392,-34835868.046192944,0.012606362475171329,1
2018-10-25,61.58000183105469,62.16999816894531,61.34000015258789,61.84999847412109,51.28892135620117,47758100,66.30219985961914,64.38369944396419,63.8396664029076,-1.3217553979580998,-0.9986672768037194,-0.3230881211543804,61.90351078571928,30.052332857755744,-2.782144746117873,-150.59604922304086,-84.02371583137095,0.902739576225487,68.93323825120197,64.89399948120118,60.85476071120039,-375195700.0,23179162.726018265,-33489443.78287709,-0.006790593036490322,0
2018-10-26,61.09000015258789,61.83000183105469,60.58000183105469,61.43000030517578,50.94064712524414,72008800,66.21099990844726,64.10239476407958,63.50976171947661,-1.390030032150861,-1.0769398278731477,-0.3130902042777133,61.51625154012612,28.4865878217586,-3.790130347342373,-154.2105523921772,-84.34625365838579,0.9289722295666736,68.61172957729565,64.56599960327148,60.52026962924732,-447204500.0,49102154.92328389,-21645914.177583635,-0.002767409780205621,0
2018-10-29,62.09999847412109,62.22999954223633,60.77000045776367,61.2599983215332,50.79965972900391,60675300,66.10859992980957,63.83169034097992,63.19490445454915,-1.4412421683799297,-1.1498002959745042,-0.2914418724054253,61.17629902631437,27.85399875699713,-3.830459045811879,-113.9710035488478,-86.66673149160692,0.9669027268689138,68.17954751134242,64.22549953460694,60.27145155787146,-507879800.0,29153959.069810163,-21180176.730833977,0.012079688193636251,1
2018-10-30,61.38999938964844,62.0099983215332,61.29999923706055,62.0,51.41331100463867,50851500,66.01379997253417,63.657243641838974,62.98295211791992,-1.4059097518340664,-1.2010221871464166,-0.2048875646876498,61.11181175266647,34.65619373246313,-4.306221447912809,-76.41907349185493,-67.28112057266213,0.9514096720420818,67.6618068885442,63.93949947357178,60.21719205859935,-457028300.0,78573261.03303859,-3339853.81151516,0.007419340072139624,0
2018-10-31,62.5099983215332,62.79999923706055,62.400001525878906,62.459999084472656,51.79476547241211,49348900,65.91999992370606,63.54322035066123,62.8420473189581,-1.3255108118833974,-1.225919912093813,-0.0995908997895846,61.19998777133988,38.53563479069817,-3.042532040023412,-22.32423155410097,-56.68205438321391,0.940594639087263,67.05137323991964,63.68249950408936,60.313625768259065,-407679400.0,44028513.33951312,-6729427.4459596425,0.012808185219128854,1
2018-11-01,63.0,63.27000045776367,62.7599983215332,63.2599983215332,52.45816421508789,42760200,65.83699981689453,63.51624682407761,62.80180911109561,-1.1835970501407689,-1.217455339703204,0.0338582895624353,61.4999798166391,44.68620619424694,-0.1893385051430701,16.166888496814966,-38.248876684972544,0.9312665471637748,66.55503854785614,63.50499954223633,60.45496053661652,-364919200.0,85111491.55843094,5567551.631965064,0.0014227024182080772,0
2018-11-02,63.83000183105469,63.91999816894531,62.97999954223633,63.34999847412109,52.53279113769531,39087900,65.76539978027344,63.50041364789128,62.78704710460845,-1.0517432696500393,-1.184312925692571,0.1325696560425318,61.78696140637389,45.34877399951731,-0.6118656951298207,40.22275561953915,-36.17513870040027,0.9318902672250108,66.09537255259525,63.351999282836914,60.60862601307858,-325831300.0,76794873.21498534,7445796.178932026,0.0,0
2018-11-05,63.38999938964844,63.5099983215332,63.15999984741211,63.34999847412109,52.53279113769531,23002700,65.68599975585937,63.4860883932465,62.78685655139741,-0.9364533473892108,-1.134741010031899,0.1982876626426881,62.03729442642321,45.34877399951731,-0.1733384997455578,46.39498822818941,-32.27386006670614,0.8903265619182732,65.65460924375226,63.21499938964844,60.77538953554463,-325831300.0,78766461.58337678,8164601.958185613,0.0041042169296450215,0
2018-11-06,63.369998931884766,63.65999984741211,63.310001373291016,63.61000061035156,52.74840545654297,18973700,65.59379974365234,63.49788955678032,62.82447571527391,-0.8147137410480738,-1.0707355562351342,0.2560218151870603,62.32267502571914,47.45745565340425,1.1931275735248603,70.4492094091647,-17.43868416785508,0.8517316935037593,65.21282316575407,63.09949951171875,60.98617585768343,-306857600.0,92319163.52561112,12028645.671483396,0.013362654707831823,1
2018-11-07,64.19000244140625,64.5,63.97999954223633,64.45999908447266,53.4532585144043,34148400,65.5197996520996,63.58951903560816,62.954047103155226,-0.6422430744287198,-0.9850370598738514,0.3427939854451316,62.78750404711412,53.741364058526464,5.533721598055829,123.51910573116754,-1.020431995204374,0.8544651007000861,65.20190464639214,63.096499633789065,60.991094621186,-272709200.0,121213847.90517315,21709640.795740128,-0.009773460477285778,0
2018-11-08,64.22000122070312,64.3499984741211,63.68999862670898,63.83000183105469,52.93083572387695,31336600,65.42579971313477,63.61242215898402,63.02390445527576,-0.5500536655331771,-0.8980403810057166,0.3479867154725394,63.01263616113093,49.05823762882279,3.201298958418022,94.35900381029758,-17.09179800779288,0.8484319112449212,65.22480148017641,63.10699977874756,60.98919807731871,-304045800.0,103171870.4130484,17955814.981283635,-0.006580008954946259,0
2018-11-09,63.40999984741211,63.52000045776367,63.11000061035156,63.40999984741211,52.58255386352539,27581700,65.33639976501465,63.593143843596216,63.052761604672384,-0.5050615100733111,-0.8194446068192356,0.3143830967459244,63.09362141681047,46.16967753411188,3.2231800950674967,49.1541727137859,-27.80613932993643,0.8392582895403137,65.18049512412276,63.08499984741211,60.989504570701456,-331627500.0,115953546.19994631,18854708.99108405,-0.01640121302680919,-1
2018-11-12,62.970001220703125,62.9900016784668,62.290000915527344,62.369998931884766,51.72013473510742,31068900,65.23699981689452,63.47665385200465,62.98466627938407,-0.5470185950961266,-0.7649594044746139,0.2179408093784872,62.89454591266304,39.90418803587387,1.811950115515089,-12.193053137679378,-54.33678732274301,0.8593111944965135,65.1161201797282,63.018499755859374,60.92087933199055,-362696400.0,91985925.23275812,9882312.688162165,0.004329011742625566,0
2018-11-13,62.52999877929688,63.08000183105469,62.369998931884766,62.63999938964844,51.944034576416016,37193900,65.15439987182617,63.396972474637394,62.94861862545922,-0.5521186269579701,-0.7223912489712851,0.170272622013315,62.80593707238124,42.100960062992655,1.032257080078125,-7.921972801038939,-47.449017325740265,0.8486463153049836,64.84872917841767,62.91099967956543,60.97327018071319,-325502500.0,83080275.99273942,2479779.198037058,0.0007981998331372253,0
2018-11-14,63.08000183105469,63.130001068115234,62.34000015258789,62.68999862670898,51.98548889160156,51506100,65.08499977111816,63.329641631977545,62.92757090613956,-0.5458338851245799,-0.687079776201944,0.1412458910773641,62.75107752571811,42.519986289394026,0.3682349433359151,-12.702633099352104,-46.17352598861058,0.8444573578300923,64.63536127403863,62.824499702453615,61.01363813086861,-273996400.0,77212240.59142315,-2641066.602709025,0.0031903137234119416,0
2018-11-15,62.27999877929688,63.02000045776367,61.970001220703125,62.88999938964844,52.15134048461914,54666300,65.02359977722168,63.28777094223192,62.93380897158668,-0.5187351361018315,-0.6534108481819216,0.1346757120800901,62.762738669245934,44.25781430948619,-0.5848860918461658,-35.103869285741176,-43.16356053454859,0.8591389217645568,64.59330949229678,62.79999961853027,61.00668974476376,-219330100.0,118342002.39392342,8590881.288936675,0.0011130496979419036,0
2018-11-16,62.47999954223633,63.02999877929688,62.380001068115234,62.959999084472656,52.20940017700195,30723600,64.97419975280762,63.25655457482628,62.949047015962144,-0.4860083897179521,-0.6199303564891278,0.1339219667711756,62.79485862762652,44.88587559265168,-0.6156265178250128,-33.318117563306764,-48.12501713633128,0.8442002627959545,64.50406444865433,62.76099948883056,61.01793452900679,-188606500.0,142448217.17269927,20074939.10249889,-0.008735693218842377,0
2018-11-19,62.91999816894531,62.95000076293945,62.25,62.40999984741211,51.7533073425293,30409700,64.90579971313477,63.17593031507255,62.9156184786842,-0.4987038023198238,-0.595685045655267,0.0969812433354432,62.682431595200825,40.97899649862326,-1.483817915312142,-81.10768693717625,-82.60874154131938,0.8346144637068436,64.42726959097702,62.70849952697754,60.98972946297806,-219016200.0,125940065.90649363,17695374.704936296,-0.017304887341739073,-1
2018-11-20,61.56999969482422,61.83000183105469,61.18000030517578,61.33000183105469,50.85771560668945,41209700,64.8145997619629,63.00012760230894,62.7843329838344,-0.5891208043546996,-0.5943721973951536,0.0052513930404539,62.314097925037565,34.60880574581852,-3.584340131142586,-193.1847583545652,-95.481881335328,0.8628562567742847,64.45030160751729,62.6319995880127,60.8136975685081,-260225900.0,103750376.27540334,8052890.322865024,0.014022448556634926,1
2018-11-21,62.09000015258789,62.43999862670898,61.9900016784668,62.18999862670898,51.57087707519531,32720600,64.73499977111817,62.922972461775615,62.74223765418643,-0.5846429754767897,-0.5924263530114808,0.0077833775346911,62.240416922594505,42.30049552932744,-3.521564520640033,-85.48022508075034,-69.57836101287137,0.8805091534207611,64.37605942605103,62.68749942779541,60.99893942953979,-227505300.0,100114507.4950964,2219289.343477756,-0.006592697482968091,0
2018-11-23,61.65999984741211,61.97999954223633,61.65999984741211,61.77999877929688,51.23087692260742,13336500,64.63739967346191,62.81411782534907,62.655809020996095,-0.6071786475115672,-0.5953768119114982,-0.011801835600069,62.07931936958792,39.89140369770753,-3.2116606500870164,-114.37071493019636,-81.92775514237303,0.8554726967931842,64.37976351392615,62.6839994430542,60.988235372182245,-240841800.0,96780303.00328666,-1429820.6085271984,0.015053420581928378,1
2018-11-26,62.560001373291016,62.77000045776367,62.5,62.709999084472656,52.002071380615234,31007400,64.55639961242676,62.80420175478942,62.65828517732166,-0.543727327496164,-0.5850469150284314,0.0413195875322673,62.194429001550446,47.23246404513241,-1.1039280312630717,-16.40737674423175,-53.91569518268036,0.8650819102449481,64.3432624462254,62.747999382019046,61.15273631781269,-209834400.0,114006344.2782411,2688358.5084587336,-0.0038271067975339523,0
2018-11-27,62.34000015258789,62.5099983215332,62.15999984741211,62.470001220703125,51.80305862426758,38111400,64.46939964294434,62.77237313249549,62.63180916195824,-0.5069635607478062,-0.5694302441723065,0.0624666834245002,62.231858927157056,45.68194963409332,0.1603371661551147,-44.38623007324222,-61.1445471655188,0.8425760039842806,64.2586203282209,62.80849952697754,61.35837872573418,-247945800.0,143407160.53982148,13483477.09332323,0.014246828433764902,1
2018-11-28,62.560001373291016,63.40999984741211,62.27999877929688,63.36000061035156,52.54108810424805,40600800,64.38619972229004,62.82833765419607,62.68433307466053,-0.4013855749673425,-0.5358213103313136,0.1344357353639711,62.49797695090324,51.977670236431535,1.149427247315888,64.95492394950271,-31.230234561899216,0.8631063665831132,64.29581302307103,62.87649955749512,61.457186091919205,-207345000.0,180415027.61023825,28449121.75559829,-0.005050500185316276,0
2018-11-29,62.9900016784668,63.25,62.83000183105469,63.040000915527344,52.275726318359375,31259700,64.29179969787597,62.84849606003714,62.69990463256836,-0.3396206264362291,-0.4965811735522967,0.1569605471160676,62.63627789829312,49.74514433213601,0.5583064228513933,92.5549508609062,-20.51279961266153,0.8393129665493942,64.31324206239447,62.905499649047854,61.49775723570124,-238604700.0,180415027.61023825,31985147.13965645,-0.004283002123135593,0
2018-11-30,62.68000030517578,62.84000015258789,62.4900016784668,62.77000045776367,52.05183029174805,32068600,64.17519973754882,62.84102028839205,62.68699994768415,-0.3088974625205054,-0.4590444313459385,0.1501469688254331,62.68155127557904,47.87660326368011,-0.1908076531234904,39.55921875257295,-28.69953009078297,0.8186476993977438,64.28024093152528,62.88099975585938,61.48175858019347,-270673300.0,199656187.61023825,36646149.60225693,0.0132228454724308,1
2018-12-03,63.75,63.75,63.36000061035156,63.59999847412109,52.74010467529297,43673900,64.07459976196289,62.91330392512816,62.75547601609003,-0.2150957406261682,-0.4102546932019845,0.1951589525758162,62.93527117050685,53.64134690730688,1.0165174697505177,180.1237557575936,-5.836635941280655,0.8301728314224396,64.313588041673,62.893499755859374,61.47341147004575,-226999400.0,209734385.59137836,38428154.54893288,-0.025943360861133025,-1
2018-12-04,63.27999877929688,63.34000015258789,61.88999938964844,61.95000076293945,51.37185287475586,50079600,63.9471997833252,62.82156076682447,62.66561896914528,-0.2707768786023408,-0.3823591302820558,0.111582251679715,62.71540337318144,43.37190661682996,-0.7370599032163442,-30.447722752609103,-70.03888913627524,0.8930175657749319,64.28411982688215,62.823499870300296,61.36287991371845,-277079000.0,163799396.8918211,21048009.75462913,-0.009362418465080347,0
2018-12-06,60.900001525878906,61.41999816894531,60.22999954223633,61.369998931884766,50.8908805847168,78905500,63.8013996887207,62.6833167825445,62.5271903083438,-0.3575838777435649,-0.3774040797743577,0.0198202020307927,62.385197409604906,40.44101440523319,0.0652162068089576,-196.4329944108849,-67.61365791489975,0.9520878285796444,64.25488920423122,62.71149978637696,61.1681103685227,-355984500.0,236074276.13086823,35021047.57350811,-0.010102638792171215,-1
2018-12-07,61.459999084472656,61.70000076293945,60.61000061035156,60.75,50.37675476074219,54090300,63.64259963989258,62.49919137468312,62.34038080487933,-0.47097863371404,-0.3961189905622942,-0.0748596431517458,61.9556548807485,37.522078987497785,-2.315482647543484,-147.05245453488553,-85.22726164376584,0.9619387091351472,64.07598573092133,62.52599983215332,60.9760139333853,-410074800.0,195878669.57273963,24764047.54241699,-0.0077366456082818,0
2018-12-10,60.4900016784668,60.59999847412109,59.65999984741211,60.27999877929688,49.98700714111328,61630500,63.47719955444336,62.28783969893205,62.12647594270252,-0.5919463759838663,-0.4352844676466086,-0.1566619083372576,61.48554999910544,35.43414333078434,-2.4279702648726267,-174.53631556092154,-84.84110247544912,0.9710859553281735,64.06467303122994,62.34849967956543,60.63232632790092,-471705300.0,215547956.7975444,24575134.597370565,0.003151998096448283,0
2018-12-11,60.900001525878906,60.91999816894531,60.11000061035156,60.470001220703125,50.14456558227539,71163600,63.32679962158203,62.114712224815015,61.94757132757277,-0.6648189550747361,-0.4811913651322341,-0.1836275899425019,61.15554787881066,36.961295714852845,-3.5719947320556846,-116.09339495135823,-80.1955661840624,0.9595796410045918,64.02885024127578,62.20149974822998,60.37414925518417,-400541700.0,207641188.0385963,19747958.82406172,0.0147180316137272,1
2018-12-12,61.41999816894531,61.77999877929688,61.36000061035156,61.36000061035156,50.88259506225586,45925600,63.19259963989258,62.04283492819945,61.86742855253674,-0.6433394693754053,-0.5136209859808684,-0.1297184833945369,61.12352591325751,43.68099227340758,-1.7768538316975384,-38.91984679064628,-58.43519072086583,0.9846094928086114,64.0124386904485,62.15099983215332,60.28956097385813,-354616100.0,161715588.03859708,1365245.205520898,-0.0017927087558242683,0
2018-12-13,61.47999954223633,61.630001068115234,61.18999862670898,61.25,50.79137420654297,44498200,63.06319961547852,61.96732683979951,61.78161904471261,-0.6279542860278937,-0.5364876459902734,-0.0914666400376202,61.07653091226295,43.069900659866526,-3.33017769890431,-43.78081523524899,-61.12469209611544,0.9457089883466712,63.96834104999986,62.081499862670896,60.19465867534193,-399114300.0,129353471.19506869,-16576106.198233992,-0.012897974131058643,-1
2018-12-14,60.59000015258789,60.84999847412109,60.40999984741211,60.459999084472656,50.13627243041992,50416200,62.92039962768555,61.823771815482665,61.62719039916992,-0.6717642093045058,-0.5635429586531199,-0.1082212506513858,60.8406208530424,38.864703433034165,-4.0926424390631775,-87.44803444669816,-80.44011718301873,0.9381583570785952,63.96053737382439,61.96999988555908,59.97946239729378,-449530500.0,90395359.39114413,-34804594.0557248,-0.00793912586015244,0
2018-12-17,60.45000076293945,60.52000045776367,59.72999954223633,59.97999954223633,49.73823547363281,58508500,62.7837996673584,61.64817445612587,61.43766655694871,-0.7367233524568348,-0.5981790374138629,-0.1385443150429719,60.53074950433214,36.53086712319749,-4.444799896735168,-104.28722155608756,-92.17604687320748,0.927575682496687,63.94589070038315,61.82449989318848,59.7031090859938,-508039000.0,68917512.67902306,-45931509.03712548,-0.009836614823119927,0
2018-12-18,59.619998931884766,59.81999969482422,59.20000076293945,59.38999938964844,49.77846908569336,48896500,62.64339958190918,61.4331101640804,61.20580936613537,-0.8262870995494893,-0.6438006498409882,-0.1824864497085011,60.13275827612253,33.84086585478195,-6.619495574651158,-124.06094520215582,-95.82420530620288,0.9170344749537984,63.94824595009996,61.64599990844727,59.34375386679457,-556935500.0,49989670.278589904,-52330332.38082489,-0.009597570309515246,0
2018-12-19,59.63999938964844,60.09999847412109,58.58000183105469,58.81999969482422,49.30070877075195,68491500,62.49799964904785,61.18424250034172,60.93666648864746,-0.9325118103966687,-0.7015428819521243,-0.2309689284445444,59.66915541513215,31.432725857131956,-5.052463324564969,-125.9981754114852,-95.35787333134606,0.9601032018981104,64.04564163509333,61.46649990081787,58.88735816654241,-625427000.0,3126920.2647864744,-65101604.90029167,-0.004080208517761141,0
2018-12-20,58.900001525878906,59.06999969482422,58.34999847412109,58.58000183105469,49.09955978393555,97602600,62.35119972229004,60.93621957945724,60.661761910574775,-1.0242545124677136,-0.7660852080552423,-0.2581693044124713,59.23910522776265,30.450191536039146,-4.546190564426645,-137.89298453896757,-95.74067977886052,0.9429530601436336,64.1993648536106,61.32899990081787,58.45863494802513,-723029600.0,-32117658.66540433,-75622072.87238045,-0.017412093306267917,-1
2018-12-21,58.16999816894531,58.5099983215332,57.47999954223633,57.560001373291016,48.244625091552734,93622500,62.21199981689453,60.61467498839379,60.302809669857936,-1.1658278396387871,-0.8460337343719513,-0.3197941052668358,58.63587191532971,26.63899615042181,-5.251026546023019,-160.88545577968003,-98.7240538243402,0.9541708623379316,64.3712490259982,61.097500038146975,57.82375105029576,-816652100.0,-111196507.58839922,-98212618.71169874,-0.011640061981538996,-1
2018-12-24,57.560001373291016,57.790000915527344,56.84000015258789,56.88999938964844,47.68305587768555,47120300,62.077399826049806,60.25994397898947,59.90209532238188,-1.3169087774036967,-0.9402087429783004,-0.3767000344253963,57.98360170292857,24.47226165354657,-5.62375490759422,-168.63724402802535,-99.23078096829929,0.9538729980915808,64.58472392369964,60.85300006866455,57.12127621362946,-863772400.0,-153356855.67683586,-111940441.97304071,0.023202666707435426,1
2018-12-26,57.25,58.29999923706055,56.77000045776367,58.209999084472656,48.78943634033203,69827600,61.96459983825684,60.06471113189263,59.65038094293504,-1.314970405097874,-1.0151610754022151,-0.299809329695659,57.80975783954761,35.587972438365206,-3.737393898805994,-110.71594045552452,-71.25750281153185,0.9950248400683837,64.42677154136244,60.62800006866455,56.82922859596666,-793944800.0,-91744287.92376916,-87775967.02461024,0.0029204945252769843,0
2018-12-27,57.54999923706055,58.380001068115234,57.11000061035156,58.380001068115234,48.93191909790039,76591200,61.85819984436035,59.904262554390016,59.43628580002558,-1.2849049078144432,-1.0691098418846607,-0.2157950659297824,57.73039414411472,36.87647952633166,-4.856583299534055,-84.89669879117753,-67.86424850819404,1.0146659558228632,64.24390448226772,60.42350006103516,56.60309563980259,-717353600.0,-15153087.923769146,-45540939.36165138,0.005309995767763809,0
2018-12-28,58.959999084472656,58.9900016784668,58.52000045776367,58.68999862670898,49.19174957275391,68541800,61.73619979858398,59.78861837080135,59.271190425327845,-1.2219773778291838,-1.0996833490735654,-0.1222940287556184,57.76423161471602,39.262455362474846,-4.179594078842485,-35.46040007846625,-61.676670415375945,0.9857612880093124,63.830576716412125,60.18999996185303,56.54942320729393,-648811800.0,-34112120.97357318,-30155307.70977392,0.0015334836376523775,0
2018-12-31,59.02000045776367,59.060001373291016,58.58000183105469,58.77999877929688,49.267189025878906,62878800,61.62339981079101,59.69255936208664,59.136904598417736,-1.1515700144966343,-1.110060682158179,-0.0415093323384554,57.83268661533182,39.97186863408177,-2.77869720578152,-26.440677741144235,-59.880259582240924,0.9496354487007044,63.41872071873776,59.97699985504151,56.53527899134525,-585933000.0,-44592670.54799375,-24454514.379523877,-0.002041492588921945,0
2019-01-02,58.0,58.66999816894531,57.97999954223633,58.65999984741211,49.166603088378906,38723200,61.52899978637695,59.59422036068906,59.01147602626256,-1.092856809705573,-1.106619907667658,0.0137630979620848,57.87368097353789,39.31255483667447,-2.200733085859245,-41.89827446881476,-62.27544864585821,0.9389471477800264,63.006194367149085,59.77149982452393,56.53680528189877,-624656200.0,-6991695.982676603,-7935287.530045774,-0.009035096840701029,0
2019-01-03,58.52000045776367,58.54999923706055,58.02999877929688,58.130001068115234,48.72238159179688,35012600,61.41679977416992,59.454770904253465,58.85514281136649,-1.0766813318250854,-1.1006321924991436,0.0239508606740581,57.784573178062615,36.452665823066646,-2.121566483384774,-47.629932254832966,-72.01645186103829,0.9168795704900264,62.285734396263706,59.49799995422363,56.710265512183554,-659668800.0,-28537615.001126807,-7311551.912943821,0.030621000285396827,1
2019-01-04,59.08000183105469,60.119998931884766,58.9900016784668,59.90999984741211,50.21430587768555,47001700,61.34579978942871,59.49812604169714,58.89438089643206,-0.9097441592759452,-1.0624545858545038,0.1527104265785586,58.187308230506616,49.69002929177065,1.8531114557006767,81.84081336973371,-23.039193228534938,0.9935308777046644,61.95751010190576,59.39599990844727,56.83448971498877,-612667100.0,994460.2917278782,3004868.6065919977,0.0038390843402125174,0
2019-01-07,59.9900016784668,60.41999816894531,59.81999969482422,60.13999938964844,50.40708160400391,30335900,61.291399765014646,59.55925683674012,58.96523798987979,-0.7502379305843903,-1.0000112548004811,0.2497733242160909,58.5888844123029,51.10725977833952,2.66302067229837,131.28333317821236,-10.13336181640625,0.9654214201179312,61.75887162296028,59.33449993133545,56.91012823971062,-582331200.0,3016905.057314135,7595557.734853004,0.0064848585568089145,0
2019-01-08,60.72999954223633,60.7599983215332,60.34999847412109,60.52999877929688,50.73397445678711,26444600,61.28039970397949,59.65170845031695,59.07909502301897,-0.5856078806622449,-0.917130579972834,0.3315226993105891,59.028068603233606,53.49929514554324,5.159828587815156,159.17746421334385,-5.76440264103375,0.9407483850909796,61.72396013949832,59.323499870300296,56.92303960110228,-555886600.0,-207998.1535446886,7756956.107972609,0.01123410406227121,1
2019-01-09,61.08000183105469,61.34000015258789,60.90999984741211,61.209999084472656,51.30391693115234,34615300,61.26759971618653,59.800117082141306,59.258761614844914,-0.3957055906447095,-0.8128455821072091,0.4171399914624996,59.570367291740745,57.41169667943196,7.593601232504628,169.14679341938455,-2.844662511957452,0.931409312765723,61.87646319523554,59.36999988555908,56.86353657588263,-521271300.0,13476963.337557314,11472110.816147393,0.0039209554330426055,0
2019-01-10,60.970001220703125,61.459999084472656,60.91999816894531,61.45000076293945,51.50507354736328,33699300,61.2679997253418,59.95724886126494,59.45685693650019,-0.2232668467288192,-0.6949298350315312,0.4716629883027119,60.07984018102508,58.73145054718263,5.566056913632657,137.42269898529557,-0.2131838904229965,0.903451569956202,62.04503003657282,59.4189998626709,56.79296968876898,-487572000.0,45928352.72423981,22274469.74560447,-0.006834857256761362,0
2019-01-11,60.97999954223633,61.15999984741211,60.84999847412109,61.02999877929688,51.15304946899414,40655600,61.26339973449707,60.05941552012512,59.61028540475028,-0.1191253469516411,-0.5797689374155532,0.4606435904639121,60.38813448545317,55.49070739454149,4.539221758645989,98.4540173996357,-9.168452688386164,0.8817766211957762,61.983296582867005,59.402499771118165,56.821702959369325,-528227600.0,52485578.45733695,26755054.791312862,-0.004587887676508751,0
2019-01-14,60.58000183105469,60.95000076293945,60.54999923706055,60.75,50.918365478515625,28319800,61.23839973449707,60.12518547058939,59.73861875988188,-0.0585115349681117,-0.4755174569260649,0.4170059219579531,60.56573672354669,53.3761915307313,3.50997004854852,72.09587224268441,-15.138577662460197,0.8530782582805174,61.89513996339279,59.37749977111817,56.85985957884355,-556547400.0,52485578.45733695,26155743.69261968,0.005267484688464608,0
2019-01-15,60.90999984741211,61.15999984741211,60.709999084472656,61.06999969482422,51.18658447265625,35202700,61.210599746704105,60.21516777765938,59.89980922880627,0.0151717581669856,-0.3773796139074548,0.3925513720744405,60.79066211442691,55.46486968071144,3.895884591841649,74.9846246957984,-8.315554452989337,0.8242870084899191,61.99128092764133,59.40799980163574,56.82471867563015,-521344700.0,73607198.45733695,30253291.543825228,0.0027837233419372165,0
2019-01-16,61.130001068115234,61.310001373291016,61.09999847412109,61.2400016784668,51.32907104492188,38473900,61.17019981384277,60.312771006307706,60.07428559802828,0.0862893482566704,-0.2846458214746298,0.3709351697313002,61.01439619109478,56.57779184231024,4.398230204169543,78.59199674302678,-5.057413406341693,0.7825523418936248,62.16604624512439,59.47099990844727,56.77595357177015,-482870800.0,86432297.70893957,33259975.28629875,0.003592380796475725,0
2019-01-17,60.880001068115234,61.56999969482422,60.86000061035156,61.459999084472656,51.513458251953125,28896000,61.132399826049806,60.4220308232758,60.26371409098307,0.1585745540965533,-0.1960017463603932,0.3545763004569465,61.24904073642471,58.03914325767561,5.728535962790395,76.29621352340106,-3.0640837235694107,0.7773699663444068,62.404753785882185,59.57449989318848,56.74424600049476,-453974800.0,106374546.34155688,37811609.08347991,0.010087906863289753,1
2019-01-18,62.06999969482422,62.150001525878906,61.84000015258789,62.08000183105469,52.03313446044922,39380800,61.10699989318848,60.579932824016645,60.502333323160805,0.2628600535093071,-0.1042293863864531,0.3670894398957602,61.59532319067602,61.92789635789928,3.622103136654096,113.4275243110838,-1.6786489574537988,0.7711294288274125,62.745109489293725,59.7375,56.72989051070627,-414594000.0,127970625.24391337,43107701.73457837,-0.015463963770208755,-1
2019-01-22,61.43000030517578,61.5099983215332,61.0,61.119998931884766,51.228492736816406,36637900,61.05719985961914,60.63136769143266,60.63399988810222,0.2649882328475215,-0.0303858625396582,0.2953740953871797,61.62188059086281,53.63877515059979,1.629530349488181,51.58432023333594,-24.7002902644764,0.7931917433425081,62.88037439561471,59.8644998550415,56.84862531446829,-451231900.0,108573993.22802624,35183747.47455652,0.0045811943535238875,0
2019-01-23,61.63999938964844,61.68999862670898,61.150001525878906,61.400001525878906,51.463172912597656,21725600,60.99599990844727,60.70457091376087,60.78023814246768,0.2859721901650616,0.0328857480012857,0.2530864421637758,61.70768167583866,55.50930873283962,1.437308382830485,64.76147637532615,-18.203871359605373,0.777249454115466,62.94742595278628,60.0564998626709,57.16557377255551,-429506300.0,106964797.52594154,28231590.51074277,0.0011400601479580885,0
2019-01-24,61.43000030517578,61.650001525878906,61.2599983215332,61.470001220703125,51.5218391418457,21843800,60.94879989624023,60.77746903823156,60.91485731942313,0.3047376914663076,0.0872561366942901,0.2174815547720174,61.787575794514005,55.9873952055448,0.4247706912585535,70.62785664305186,-21.518998038328053,0.749589007627354,62.84322192103058,60.28549995422363,57.72777798741668,-407662500.0,108645221.31576322,23355698.366785616,0.011387618909082242,1
2019-01-25,62.060001373291016,62.27999877929688,62.02000045776367,62.16999816894531,52.10855102539063,31128800,60.9239998626709,60.9100908602043,61.09433333987281,0.3718074254912622,0.1441663944536845,0.2276410310375776,62.02596919406995,60.55241256050632,1.171680060320016,177.08772878295233,-4.471571190651469,0.7539039041359611,62.98026815243531,60.483499908447264,57.98673166445922,-376533700.0,113433951.27746916,20761456.716910884,-0.00546881691980583,0
2019-01-28,61.66999816894531,61.88999938964844,61.58000183105469,61.83000183105469,51.82358551025391,28738200,60.9131999206543,60.99770142885672,61.22257161821638,0.3929956012575388,0.1939322358144554,0.1990633654430834,62.12389972390967,57.43629009651075,1.3108357656221832,93.87512795368924,-23.315900367238875,0.7421962208049911,63.02084637349088,60.65599994659424,58.29115351969759,-405271900.0,131048051.80906989,23417257.41866137,0.002264263068129546,0
2019-01-29,62.209999084472656,62.34000015258789,61.970001220703125,61.970001220703125,51.94092559814453,23933700,60.89979995727539,61.09030140903257,61.347714596702936,0.4162854839950043,0.2384028854505652,0.1778825985444391,62.23088035527597,58.38593190378619,2.0082324620627574,130.53840348086814,-20.67032081800707,0.7256106565348123,63.06882245352912,60.82000007629394,58.571177699058765,-381338200.0,107114351.80906989,14759611.5767719,0.010973056184943264,1
2019-01-30,62.27000045776367,62.900001525878906,62.11000061035156,62.650001525878906,52.51087188720703,30465700,60.89900001525879,61.23884427730365,61.52200044904436,0.484033587589721,0.2875290258783964,0.1965045617113246,62.48523840153759,62.73493649054274,2.5871980333227267,160.53747670996557,-10.638287511017976,0.7402099171818415,63.19177771534659,61.01350021362305,58.83522271189951,-350872500.0,118297985.54737228,13434493.414843155,0.0004788312620309654,0
2019-01-31,62.560001373291016,62.83000183105469,62.40999984741211,62.68000030517578,52.5360221862793,33012500,60.89480003356934,61.376097232339085,61.68071474347796,0.5339895988675067,0.3368211404762185,0.1971684583912882,62.69114894771331,62.91904748860791,2.351402003986745,134.74261634128402,-9.36174495445905,0.7173379218856604,63.22222047448984,61.21450023651123,59.20677999853262,-317860000.0,127729999.9023736,14672177.514750645,-0.00031908834821781085,0
2019-02-01,62.68999862670898,62.83000183105469,62.5,62.65999984741211,52.51925277709961,22056000,60.88880004882813,61.49837367186985,61.81838137308757,0.5654480942764408,0.382546531236263,0.1829015630401778,62.843717097103365,62.69664318235731,1.9524906944598752,115.04472425965528,-10.212827434626703,0.6896710582061545,62.97096699395304,61.44100017547608,59.91103335699912,-339916000.0,127061497.19742146,13631963.10270524,0.003670595959087475,0
2019-02-04,62.56999969482422,62.91999816894531,62.45000076293945,62.88999938964844,52.712032318115234,20260600,60.89840003967285,61.63090945451543,61.95638129824684,0.6019987525185186,0.4264369754927141,0.1755617770258045,63.0170636258435,64.26113579970611,1.3047640700753969,108.93001482874512,-1.357411390241969,0.6739800830233321,63.0742918478255,61.59000015258789,60.10570845735028,-319655400.0,144735728.5917416,17590770.550269857,0.00779140854225302,0
2019-02-05,63.290000915527344,63.43000030517578,63.20000076293945,63.380001068115234,53.12273788452149,29367100,60.93940002441406,61.7974896081916,62.126857575916105,0.6628633764603009,0.4737222556862315,0.1891411207740694,63.27456927697681,67.39819377484687,3.697647538818072,154.75889583157615,-1.9454958364875097,0.664410142473373,63.27465119480715,61.75200023651123,60.22934927821531,-290288300.0,161334693.66065505,22892610.61435786,-0.0050489064283907314,0
2019-02-06,63.220001220703125,63.29999923706055,62.959999084472656,63.060001373291016,52.85451889038086,19675600,60.956800079345705,61.91772882391536,62.25142911275228,0.6774682956143536,0.5144714636718559,0.1629968319424977,63.39033393238935,63.47940950047816,2.703582746186825,108.68107035373892,-14.396847308188988,0.646952416817987,63.39440692402379,61.878500366210936,60.36259380839808,-309963900.0,153233235.72440535,20402662.1504637,-0.013320649132489093,-1
2019-02-07,62.56999969482422,62.66999816894531,62.09000015258789,62.220001220703125,52.15046691894531,33930700,60.96560012817383,61.94651667122847,62.28395300365629,0.614181900493115,0.5344135510361078,0.0797683494570072,63.2548594520362,54.51833360274236,1.2201073452189872,9.82997992187755,-49.79419475361454,0.6700273314114222,63.419543133550754,61.92900047302246,60.43845781249417,-343894600.0,134513026.51056454,11572829.19715184,-0.003214412713204884,0
2019-02-08,61.81999969482422,62.02999877929688,61.61000061035156,62.02000045776367,51.98283004760742,21440400,60.951800155639646,61.95351512708897,62.29261966886975,0.5416448417392203,0.5358598091767304,0.0057850325624899,63.080456386996815,52.61390462327723,-0.2412702518890636,-44.66489117594893,-58.02467779155743,0.6657397084733625,63.43202969834402,61.95750045776367,60.48297121718333,-365335000.0,154932621.9983026,13405693.444427133,-0.0009674519969066209,0
2019-02-11,61.959999084472656,62.09000015258789,61.81999969482422,61.959999084472656,51.93253707885742,22453000,60.94160011291504,61.9541326468398,62.29285763331822,0.4738547876753216,0.5234588048764487,-0.049604017201127,62.91196441875413,52.026735771939975,0.2102494736668056,-47.34210904905817,-64.47377226914377,0.6374726191050452,63.415927118271966,62.00400047302246,60.59207382777295,-387788000.0,155764073.60117918,13201354.92427984,0.011620420131406295,1
2019-02-12,62.540000915527344,62.709999084472656,62.5,62.68000030517578,52.5360221862793,28176300,60.92800010681152,62.02326290001466,62.35723856971377,0.4727788622092745,0.5133228163430139,-0.0405439541337393,62.952099866712366,58.07331474336731,1.1457141689315598,38.54216671802721,-34.56218038755179,0.6455102891773962,63.41700326348985,62.10050048828125,60.78399771307264,-359611700.0,175890294.6475007,18321436.324023724,0.0001595137441690042,0
2019-02-13,62.900001525878906,63.04999923706055,62.68999862670898,62.68999862670898,52.54440307617188,22923500,60.92100006103516,62.08676154065221,62.41338124956403,0.4673456942632015,0.5041273919270515,-0.0367816976638499,62.97969023420322,58.15219379941804,0.0638421386367394,58.04247626595653,-40.00012372001375,0.6258309064944811,63.43212061131506,62.18150043487549,60.93088025843591,-336688200.0,152966794.64750025,11456589.049007565,0.0003190374573585064,0
2019-02-14,62.70000076293945,62.91999816894531,62.52999877929688,62.709999084472656,52.561161041259766,23166900,60.91980003356934,62.14611749720654,62.463714454287576,0.459358540004402,0.4951736215425216,-0.0358150815381195,62.999884982278665,58.321115243794495,0.0478602092387001,36.98023354523712,-38.91901700325384,0.6089857981331089,63.44706577520776,62.25500030517578,61.06293483514381,-313521300.0,151184795.14047724,7039734.497992963,0.014511240004744907,1
2019-02-15,63.34000015258789,63.619998931884766,62.709999084472656,63.619998931884766,53.32389068603516,29544700,60.92020004272461,62.28648715765208,62.59371432349796,0.520458523327342,0.5002306018994858,0.0202279214278562,63.24518361121678,65.20343083548546,1.532076423253143,138.27860762709238,0.0,0.6304868016710834,63.63602934412544,62.36300029754639,61.08997125096733,-283976600.0,180729495.14047724,13993449.954578549,0.0037724250628132783,0
2019-02-19,63.40999984741211,63.970001220703125,63.40999984741211,63.86000061035156,53.52505111694336,19126800,60.95840003967285,62.4363455817187,62.73628578186035,0.5815431624087353,0.5164931140013357,0.0650500484073995,63.50068847351583,66.76229120181475,1.542377532385197,180.06752962696862,-4.661041606051786,0.6254521282114405,63.87365538379255,62.45200023651123,61.03034508922991,-264849800.0,192342171.87428692,19260962.51534134,0.0028186705833919135,0
2019-02-20,63.93999862670898,64.30000305175781,63.93000030517578,64.04000091552734,53.67592239379883,27833100,61.0118000793457,62.58907466112904,62.887523941766645,0.6371332240687622,0.540621136014821,0.0965120880539411,63.7481053325418,67.9229610607769,1.0413377032019924,173.6224859938435,-9.66549815079527,0.6122057220014835,64.04207200225031,62.59800033569336,61.1539286691364,-237016700.0,181058451.66272748,16074582.81239888,-0.002029997911566439,0
2019-02-21,63.9900016784668,64.04000091552734,63.75,63.90999984741211,53.56695938110352,19709600,61.07500007629395,62.71487705982267,63.012476276216056,0.663055458122912,0.5651080004364393,0.0979474576864727,63.90766191134535,66.1269279545536,1.347920164304198,116.52123855749966,-14.498247226192904,0.5891910929521507,64.16557180911326,62.72350025177002,61.28142869442679,-256726300.0,183097286.4000404,13958458.276485711,0.003285916126917643,0
2019-02-22,64.0999984741211,64.2699966430664,64.0199966430664,64.12000274658203,53.742977142333984,19653800,61.15180015563965,62.84869855379975,63.1454765138172,0.692561081225918,0.590598616594335,0.1019624646315829,64.08295533996954,67.61657559172784,3.053682881071205,118.49234911913253,-6.691455085880249,0.5728200717063743,64.30000073493818,62.85600032806396,61.41199992118975,-237072500.0,179167486.05824348,10573429.196087152,0.0029631129736944484,0
2019-02-25,64.5199966430664,64.58000183105469,64.27999877929688,64.30999755859375,53.90221786499024,21208900,61.22860008239746,62.98786988758965,63.28395244053432,0.7229418697294889,0.6170672672213657,0.1058746025081232,64.2656310644438,68.94712767482221,3.69235260226996,120.29996779953132,-9.091049208290093,0.5647614297564393,64.50184499341097,62.96300029754639,61.4241556016818,-215863600.0,162200150.3123506,2828725.998950273,0.004820482036340223,0
2019-02-26,64.41999816894531,64.7699966430664,64.38999938964844,64.62000274658203,54.16205978393555,23246200,61.29380012512207,63.14331111225559,63.44176219758533,0.7632355866048073,0.6463009310980541,0.1169346555067532,64.4851259582241,71.03809899161273,4.2930982915007485,116.09227909855932,-4.746648253083752,0.5572784050892858,64.70954616255496,63.10250034332275,61.49545452409054,-192617400.0,167094701.2670357,960638.5403440892,-0.004023555016704483,0
2019-02-27,64.5,64.58000183105469,64.30000305175781,64.36000061035156,53.944129943847656,19933400,61.356000137329104,63.25918630255045,63.56152412777856,0.7653659854077617,0.6701139419599956,0.095252043447766,64.58647211355682,66.9653373264949,2.680281265150306,85.28833094153606,-12.97457428649378,0.5403299257761707,64.82986405891529,63.22200031280518,61.614136566695066,-212550800.0,155703876.61308473,-3515263.1317377687,-0.0013984457183283672,0
2019-02-28,64.30999755859375,64.45999908447266,64.19999694824219,64.2699966430664,53.86869430541992,27730700,61.43220008850098,63.35545395402816,63.66133330208915,0.7511331781291233,0.6863177891938212,0.064815388935302,64.63500144953525,65.56403210657489,2.520335062958948,67.64636379266038,-15.822804675182944,0.5203065122279028,64.9501809098163,63.30300006866455,61.65581922751281,-240281500.0,142904904.21659422,-9099144.748132974,0.00544587088528159,0
2019-03-01,64.63999938964844,64.75,64.38999938964844,64.62000274658203,54.16205978393555,26191800,61.52500015258789,63.47588717236663,63.78676212855748,0.7593429108479199,0.700922813524641,0.0584200973232789,64.754691537926,68.33869448389336,3.045772109702203,84.16909948948329,-5.084544123808388,0.5174277154199263,65.11605441435303,63.40000019073487,61.6839459671167,-214089700.0,150180835.942106,-8241195.792347014,-0.0037141052764309013,0
2019-03-04,64.68000030517578,64.70999908447266,64.12000274658203,64.37999725341797,53.96089172363281,22255100,61.62480010986328,63.56199289437152,63.88009518214634,0.737975819809968,0.7083334147817064,0.0296424050282615,64.77980877401248,64.50079858697319,1.194590277102804,62.10597222461242,-17.180615259483822,0.522611188455621,65.21742055721194,63.48600006103516,61.75457956485837,-236344800.0,147540107.68472227,-7981248.774843276,0.0009320470728211294,0
2019-03-05,64.36000061035156,64.61000061035156,64.2699966430664,64.44000244140625,54.01118469238281,22315100,61.73720016479492,63.64561285123197,63.97095255170549,0.7176119792088258,0.7101891276671304,0.0074228515416954,64.80559364922055,65.02958417621944,0.908239626544367,60.80525627744129,-14.731898052118398,0.5095678155100287,65.31985228205026,63.56350021362304,61.80714814519582,-214029700.0,147540608.41623804,-7149179.419032782,-0.002482986592914238,0
2019-03-06,64.55000305175781,64.56999969482422,64.25,64.27999877929688,53.8770751953125,14060100,61.851200103759766,63.70603055866672,64.0391905103411,0.6807156640486696,0.7042944349434382,-0.0235787708947686,64.77536614379524,62.362066351373656,0.3747624302599605,45.39745999764732,-21.874925494123044,0.496027235456372,65.3896829312096,63.60850009918213,61.82731726715466,-228089800.0,136116672.4102299,-9793750.737291751,-0.012756684978163402,-1
2019-03-07,64.0,64.06999969482422,63.45000076293945,63.459999084472656,53.189788818359375,29445800,61.9692000579834,63.682598989695855,64.02504755655924,0.5786377700876599,0.6791631019722826,-0.1005253318846226,64.52873765562086,50.84994644534416,-0.7041163573992324,-109.84634555316104,-63.59218986104116,0.5198822912426586,65.3935078145349,63.62849998474121,61.86349215494752,-257535600.0,107620579.13087666,-19052218.616619915,0.00015761324259000453,0
2019-03-08,63.06999969482422,63.470001220703125,63.060001373291016,63.470001220703125,53.19816207885742,21427600,62.100800094604494,63.66235158312512,64.00995243617467,0.4928659407281941,0.6419036697234649,-0.1490377289952708,64.32157623840845,50.96884339245198,-1.013726603300177,-181.5273307711546,-76.02333441156459,0.5120335452524281,65.33656318839338,63.69099998474121,62.04543678108903,-236108000.0,129048179.13087666,-14289881.056652352,0.008665438975663298,0
2019-03-11,63.5099983215332,64.04000091552734,63.5099983215332,64.0199966430664,53.65916061401367,16204800,62.217000045776366,63.69641301740524,64.04128545125326,0.4639233623504282,0.6063076082488577,-0.1423842458984294,64.2885003963489,57.11251854402876,-0.4509421964495019,-71.68865974186835,-43.85977044828394,0.5161739845086993,65.25082111396569,63.790999794006346,62.33117847404701,-219903200.0,144029720.082531,-6275718.019625366,-0.0006247594958974645,0
2019-03-12,63.9900016784668,64.11000061035156,63.900001525878906,63.97999954223633,53.62562942504883,31559400,62.32900001525879,63.72342125786534,64.05928542727516,0.4327700252378008,0.5716000916466464,-0.1388300664088455,64.24595988607209,56.557508937448176,-0.9904103638862116,-37.9106679771175,-46.19878866295606,0.4943043487862312,65.08653141087514,63.89199981689453,62.697468222913926,-251462600.0,136515085.8372994,-4817696.944358438,0.008596424523221069,0
2019-03-13,64.22000122070312,64.58999633789062,64.22000122070312,64.52999877929688,54.08661651611328,17856300,62.44580001831055,63.80023816466834,64.12004723321824,0.4473048709095124,0.5467410474992196,-0.0994361765897071,64.34927032128606,62.022768004682696,0.2641363693802859,53.60995100877776,-14.035001617346888,0.5025680949930607,65.07091621571472,63.98449974060058,62.898083265486456,-233606300.0,148580312.62713775,55674.46905004978,-0.0001549997895502475,0
2019-03-14,64.48999786376953,64.6500015258789,64.38999938964844,64.5199966430664,54.07823944091797,20861400,62.56059997558594,63.86878659118244,64.17104693821499,0.4527971878942196,0.5279522755782196,-0.0751550876839999,64.42689591915808,61.87032979984009,0.3889839941775858,62.88145051274724,-14.61992348276131,0.4852419550776161,65.00821023443783,64.07599964141846,63.14378904839909,-254467700.0,148579700.47889397,2044070.3210896251,0.01084942055265814,1
2019-03-15,64.97000122070312,65.23999786376953,64.93000030517578,65.22000122070312,54.66495132446289,44272000,62.69180000305176,63.99747369875584,64.27999946957543,0.5077810243416394,0.5239180253309035,-0.016137000989264,64.66749835408046,67.82958683640666,0.9285027060027936,169.57038389836092,-0.9172786815825118,0.5020104740543094,65.03490955190684,64.20149974822998,63.36808994455312,-210195700.0,187140098.19497985,14940897.868306786,0.003526460031191281,0
2019-03-18,65.33000183105469,65.4800033569336,65.22000122070312,65.44999694824219,54.85772705078125,27734300,62.8381999206543,64.13580924632596,64.39890396481468,0.5634200878652038,0.5318184378377636,0.0316016500274402,64.91908618971632,69.51541361374099,1.6620064313025609,188.01334207199068,-1.2399332270893737,0.4847241642064538,65.24442141949021,64.29299964904786,63.34157787860551,-182461400.0,208472860.47967127,25646306.421996832,0.0019863237413946244,0
2019-03-19,65.83999633789062,65.87999725341797,65.44000244140625,65.58000183105469,54.9666862487793,32094800,62.95159996032715,64.27335139725251,64.52147560119629,0.6109619648916151,0.5476471432485339,0.0633148216430812,65.15278420816378,70.45778889398184,1.7690865090903924,180.2575574568108,-10.638151086581582,0.4815292104776928,65.46038615029538,64.37899971008301,63.29761326987063,-150366600.0,196802175.89296392,23980909.696190745,0.000457437914902048,0
2019-03-20,65.33000183105469,65.91999816894531,65.11000061035156,65.61000061035156,54.99183654785156,33136000,63.06099998474121,64.40065132230956,64.63871378217425,0.6436404097434831,0.5668457965475238,0.0767946131959593,65.34502074774642,70.68300097995991,2.069075694324765,130.27681761046128,-10.839087619426168,0.5049912353469822,65.65116474390965,64.45749969482422,63.2638346457388,-117230600.0,204574941.17063704,23592680.924330533,-0.0006096771095142062,0
2019-03-21,65.16999816894531,65.62999725341797,65.16000366210938,65.56999969482422,54.95829772949219,34686500,63.16180000305176,64.51201783397762,64.74466616312662,0.6587172902577976,0.5852200952895785,0.073497194968219,65.48448849097579,69.91760483567631,3.324930098947694,95.98183642582843,-12.237722596504607,0.5024914036295729,65.79941203040654,64.54049968719482,63.28158734398311,-151917100.0,230405553.11323723,29507901.96082136,-0.019216137594856963,-1
2019-03-22,64.8499984741211,64.95999908447266,64.27999877929688,64.30999755859375,53.90221786499024,36194200,63.22379997253418,64.49277780775058,64.72271357945033,0.5625099203602275,0.5806780603037084,-0.0181681399434808,65.26394601714952,51.13437490882426,1.3234541070351022,-8.356687889248759,-56.293790706266655,0.558742083058815,65.7989037549758,64.54999942779541,63.30109510061503,-188111300.0,197404827.6142414,18744997.72963065,0.0013995330539882112,0
2019-03-25,64.26000213623047,64.44999694824219,64.0999984741211,64.4000015258789,53.977657318115234,26707900,63.28279998779297,64.48394197138185,64.7084280649821,0.48790321004887,0.5621230902527408,-0.0742198802038707,65.09960271337665,52.12379004602104,0.5935721692257475,-29.35050049205228,-53.14679531725379,0.5438318252755868,65.80055769301708,64.55449962615967,63.30844155930226,-161403400.0,216482564.4011624,18708089.728197426,0.004968939242891546,0
2019-03-26,64.87000274658203,64.94000244140625,64.61000061035156,64.72000122070312,54.245872497558594,36734400,63.356600036621096,64.50642380465054,64.72419012160529,0.4494175498758181,0.5395819821773562,-0.090164432301538,65.04241295580985,55.56839695657522,1.1566140727748608,16.067711355299164,-41.95798226297165,0.5435581888649647,65.80737002905595,64.55949954986572,63.31162907067549,-124669000.0,204237764.4011624,13096182.843229532,0.00046351635863817187,0
2019-03-27,64.88999938964844,64.97000122070312,64.30999755859375,64.75,54.27101135253906,21772300,63.43660003662109,64.52962153754096,64.74233302161807,0.4165364646143246,0.5149728786647498,-0.0984364140504252,64.99870137459706,55.88880794524746,0.3409285988917574,-0.8180250844510275,-40.90907272074917,0.5518757226690807,65.82597901257247,64.57899951934814,63.33202002612381,-102896700.0,211495197.73449573,11919024.010600597,-0.0024710990287162282,0
2019-03-28,64.62999725341797,64.70999908447266,64.36000061035156,64.58999633789062,54.136905670166016,16531200,63.50699996948242,64.53537151852665,64.74338033766973,0.3732642513823379,0.4866311532082674,-0.1133669018259295,64.91735530266382,53.66588337873123,0.1084930230413166,-30.76044940238246,-55.18680146319767,0.540313127452102,65.83389477366168,64.59499950408936,63.35610423451704,-119427900.0,216690408.86038128,12006933.11816135,0.004180280039782991,0
2019-03-29,64.87000274658203,64.9000015258789,64.56999969482422,64.86000061035156,54.36321258544922,23423900,63.57939994812012,64.56628857489092,64.76861853826614,0.3566465989167682,0.4606342423499676,-0.1039876434331994,64.91737863187366,56.78921053175213,-0.5519788463869051,-9.36616825219882,-52.47521386890261,0.525290891993674,65.85126849359885,64.60699939727783,63.362730300956805,-96004000.0,234435689.1859003,16597582.118632168,0.012796821203270525,1
2019-04-01,65.4800033569336,65.70999908447266,65.38999938964844,65.69000244140625,55.05889129638672,33228100,63.66400001525879,64.67330894313048,64.87176168532599,0.4057736942040293,0.44966213272078,-0.0438884385167506,65.12974224146555,64.67272436042425,0.3667005414131015,99.18037148569304,-12.637130005743003,0.5484842907191685,65.9973836411034,64.67249965667725,63.3476156722511,-62775900.0,263510969.87874532,26217929.46485436,0.00030440923006880283,0
2019-04-02,65.5999984741211,65.73999786376953,65.43000030517578,65.70999908447266,55.075645446777344,18209100,63.73659996032715,64.77204133754401,64.97057115463983,0.4412345558366155,0.4479766173439471,-0.0067420615073315,65.30550658785228,64.83916124840603,0.1982269743646301,88.34384204613083,-11.53841316951092,0.5314495241373443,66.130151087104,64.73599948883057,63.34184789055715,-44566800.0,278195843.5940436,32442537.79182616,0.007761408360009936,0
2019-04-03,66.16999816894531,66.37999725341797,66.08999633789062,66.22000122070312,55.503116607666016,25471600,63.83860000610352,64.90994227879726,65.11190465291341,0.5046728992556098,0.4593158737262797,0.04535702552933,65.5776356475794,68.86772205281004,0.9297372423058936,148.52506568079053,-7.01737361298872,0.5413458559101173,66.35118519997188,64.83299961090088,63.31481402182989,-19095200.0,275561636.1383071,31201489.93586883,-0.0021141556488626367,0
2019-04-04,65.98999786376953,66.12999725341797,65.95999908447266,66.08000183105469,55.38576889038086,23580500,63.93220001220703,65.0213765218694,65.23066676911854,0.5374560044779599,0.4749438998766158,0.0625121046013441,65.75916313882368,66.61151557411867,0.7777979847554062,103.95769858212184,-13.157701007883716,0.5212498759315376,66.43716645883717,64.96399974822998,63.49083303762279,-42675700.0,285272374.3126182,30947069.78336084,0.002572611444229933,0
2019-04-05,66.02999877929688,66.25,66.02999877929688,66.25,55.52825546264648,27828800,64.02779998779297,65.13838828169136,65.35314298357282,0.5705770262691487,0.4940705251551224,0.0765065011140263,65.94607496687456,67.98316857507984,3.016642069747688,102.5392687150084,-5.701636974474978,0.4997321148423403,66.50916085668158,65.10299968719482,63.69683851770807,-14846900.0,313101174.3126182,36884237.013392895,0.0006037874041864288,0
2019-04-08,66.23999786376953,66.29000091552734,66.08000183105469,66.29000091552734,55.56178665161133,21464100,64.11020004272461,65.24806567539002,65.4661907196045,0.5932151986972514,0.5138994598635482,0.0793157388337031,66.10308911002768,68.31303534110006,2.934781591408733,96.74374674056403,-3.9472099155412166,0.4790368983860648,66.62112629423955,65.21649990081787,63.81187350739619,6617200.0,334565274.3126182,42789452.06082481,-0.0063357695451009555,0
2019-04-09,66.05000305175781,66.05999755859375,65.83999633789062,65.87000274658203,55.20975112915039,17074900,64.19100006103515,65.30729777740831,65.52842908586774,0.5706872439749446,0.5252570166858275,0.0454302272891171,66.11583094469444,61.18503700940345,1.7768873674109806,59.67432397399489,-22.368192100226203,0.4769631611895621,66.62129802352398,65.31100006103516,64.00070209854634,-10457700.0,322148134.17528987,37364363.44009483,0.0037953543278541613,0
2019-04-10,65.95999908447266,66.13999938964844,65.87999725341797,66.12000274658203,55.41929244995117,25289300,64.27400009155274,65.38469825066295,65.60547696068173,0.5664765986059024,0.5335009330698425,0.0329756655360599,66.18425559670936,63.61848506876827,2.115834357655647,64.43399447615256,-11.403273948949955,0.46217983846568,66.69453403694185,65.39050025939942,64.08646648185699,14831600.0,343547457.6325509,38557124.33709788,-0.0021173530525250284,0
2019-04-11,66.05000305175781,66.12999725341797,65.8499984741211,65.9800033569336,55.30195617675781,16309400,64.34060012817383,65.44139397506967,65.66162011282785,0.5455540436741018,0.5359115551906943,0.0096424884834074,66.1973393211332,61.30077202167489,2.152046907962967,52.04828303838711,-17.54360134384495,0.4491669056672546,66.72727880669358,65.46350059509277,64.19972238349196,-1477800.0,342383135.34372264,35169412.67241764,0.006971795408742043,0
2019-04-12,66.41999816894531,66.47000122070312,66.29000091552734,66.44000244140625,55.68750762939453,31507700,64.41580017089844,65.53649954329221,65.75462028866723,0.5596396721193599,0.5406571785764275,0.0189824935429324,66.32096689717744,65.71987613226241,2.4360188346999823,90.79183804417929,-1.3888300202037351,0.4520834026746961,66.8515666380734,65.52450065612793,64.19743467418246,30029900.0,363388713.8331051,37269904.44963217,0.00045151683014066357,0
2019-04-15,66.48999786376953,66.51000213623047,66.33000183105469,66.47000122070312,55.712650299072266,11608000,64.49200019836425,65.62540446495039,65.8446679614839,0.5666908258352663,0.5458639080281953,0.020826917807071,66.42361353224072,65.99260841856182,1.187393439348116,87.24900821441048,-1.8182196498115144,0.4326488957096463,66.96416358484892,65.57550086975098,64.18683815465305,41637900.0,369837493.3863624,36792907.81183529,0.0007521501646627904,0
2019-04-16,66.7300033569336,66.73999786376953,66.47000122070312,66.5199966430664,55.75455474853516,19958100,64.56460014343261,65.71060372000906,65.9346199398949,0.5697454577290131,0.5506402179683589,0.0191052397606541,66.51409624008275,66.47137220438684,1.232685390167892,103.50911167463548,-9.24375943657818,0.4210308776632334,67.07093377597182,65.62250061035157,64.1740674447313,61596000.0,357270697.4243404,29254437.034653604,0.002856320670395762,0
2019-04-17,66.8499984741211,66.87000274658203,66.5999984741211,66.70999908447266,55.91381072998047,23540000,64.63120010375977,65.80578423091035,66.03819122314454,0.5808027520288448,0.5566727247804562,0.0241300272483886,66.63085652991174,68.29799281423993,0.7399544771019085,131.691010021554,-6.956671730808783,0.4159576795096434,67.20142901173666,65.67750053405761,64.15357205637856,85136000.0,352911241.08074045,22123923.14969265,-0.0005996239855541319,0
2019-04-18,66.70999908447266,66.75,66.51000213623047,66.66999816894531,55.88028717041016,21794000,64.70340003967286,65.88809032024702,66.13271480741955,0.5796560833381648,0.5612693964919979,0.0183866868461668,66.70935833358408,67.46468680103862,0.8928515761834509,110.99468051229454,-13.513792161330397,0.4033891212420567,67.31520607272019,65.73250045776368,64.14979484280717,63342000.0,360175445.86822814,19506966.888255417,-0.0016499267042547894,0
2019-04-22,66.45999908447266,66.66999816894531,66.41999816894531,66.55999755859375,55.78809356689453,21336700,64.79019996643066,65.95208148580384,66.21152405511765,0.5633769513919162,0.5616909074719816,0.0016860439199346,66.73831519107729,65.11198252946784,0.4679208431603773,76.32925837487765,-21.528101555546144,0.3924327554386999,67.32370916956663,65.84500045776367,64.36629174596072,42005300.0,362735745.68512267,17477674.096837938,0.0019531984312057826,0
2019-04-23,66.44000244140625,66.72000122070312,66.4000015258789,66.69000244140625,55.89705657958984,17741400,64.88360000610352,66.02235967205169,66.29200043451219,0.55457315546019,0.5602673570696233,-0.0056942016094332,66.78913188069083,66.59469037818751,0.6034115558221579,78.2612720472972,-17.47564905003518,0.3872589653946537,67.32307657412547,65.95950050354004,64.59592443295462,59746700.0,377150765.3689793,19645226.572772626,-0.006897571864340701,0
2019-04-24,66.33999633789062,66.4000015258789,66.11000061035156,66.2300033569336,55.51149368286133,26417500,64.96900009155273,66.04213526108806,66.31776261102586,0.5046605888838371,0.5491460034324661,-0.0444854145486289,66.70504331570717,57.31323273076568,0.5465319498111647,-23.17024475304429,-62.13547646383467,0.4010263129421812,67.27753885928684,66.03500061035156,64.79246236141628,33329200.0,372596455.3666116,17296924.26010412,-0.0007549909289349399,0
2019-04-25,66.0199966430664,66.19999694824219,65.95999908447266,66.18000030517578,55.46958923339844,16020300,65.03900009155274,66.05526526528689,66.33157210577102,0.4558153364244219,0.5304798700308573,-0.0746645336064353,66.61738927475211,56.393149406697134,0.0907404054771481,-63.35780997322795,-66.9901114773527,0.3916675957647083,67.20076382974278,66.10650062561035,65.01223742147792,17308900.0,385947129.7634072,19011749.325710718,0.004079731668500619,0
2019-04-26,66.30000305175781,66.45999908447266,66.19999694824219,66.44999694824219,55.695892333984375,17705700,65.1142000579834,66.09285875890168,66.36428604125976,0.4338899809652332,0.5111618922177326,-0.0772719112524993,66.61067359779383,60.11632845690004,0.7123273225162755,7.2909678364587664,-40.77700825895337,0.3836912517311007,67.05182502572612,66.19950065612792,65.34717628652973,35014600.0,402290573.0833404,23185114.333827496,0.004063269900091093,0
2019-04-29,66.4800033569336,66.73999786376953,66.43000030517578,66.72000122070312,55.92219924926758,16992700,65.19440010070801,66.15258661240658,66.41385752360026,0.4333061831127196,0.49559075039673,-0.0622845672840103,66.67081822304792,63.47485017942106,0.421431018976568,75.97875381962585,-14.563164327247136,0.3784274165068872,66.91474895006095,66.29250068664551,65.67025242323007,52007300.0,417091017.3883216,27493894.631112337,0.0005995340946567396,0
2019-04-30,66.69999694824219,66.87000274658203,66.4800033569336,66.76000213623047,55.95571517944336,36645900,65.25720016479492,66.21043570991363,66.45838147117978,0.4311017856565229,0.4826929574486886,-0.0515911717921657,66.72621682630037,63.95905947755039,0.4362884161299193,89.3657801475031,-10.784328391700448,0.3792539860170151,66.93494430351448,66.34600067138672,65.75705703925895,88653200.0,433064724.18044966,31839675.583759427,-0.005692104114033203,0
2019-05-01,66.86000061035156,66.9800033569336,66.33000183105469,66.37999725341797,55.6372184753418,25870800,65.30760009765625,66.2265844283426,66.46161924089704,0.394148072944759,0.4649839805479027,-0.0708359076031436,66.66880142843563,56.32049868505536,-0.2104621117160415,35.53636310777167,-53.09765582802204,0.3985930960075208,66.89106404233544,66.37950057983399,65.86793711733253,62782400.0,411173673.5237364,23757644.80236447,-0.0015064549300797259,0
2019-05-02,66.44000244140625,66.47000122070312,66.11000061035156,66.27999877929688,55.55340194702149,21120700,65.35240005493164,66.23167150938588,66.45214287894113,0.3527269317399089,0.442532570786304,-0.0898056390463951,66.59198667933096,54.4767179008384,-0.6445814886480303,-87.35888862111159,-68.62761230870495,0.395836489889189,66.8909818159721,66.38250045776367,65.87401909955524,41661700.0,410000052.6319465,17918148.76237297,0.01071211674032857,1
2019-05-03,66.58999633789062,66.98999786376953,66.55000305175781,66.98999786376953,56.14849472045898,22117400,65.4140000152588,66.30389306694623,66.50999977475121,0.3728928941528409,0.4286046354596114,-0.0557117413067705,66.71003066289911,63.59063370088642,0.4799755566414184,130.6586918800529,0.0,0.4182766752169503,66.98097575585341,66.42800025939941,65.87502476294542,63779100.0,432117452.6319465,20937695.949433506,-0.01134489522423121,-1
2019-05-06,65.5199966430664,66.31999969482422,65.5,66.2300033569336,55.51149368286133,24641100,65.45620002746583,66.29685595170693,66.49114292689733,0.3238166032569438,0.4076470290190779,-0.0838304257621341,66.60645199043658,51.66670078036886,-0.4957845759679565,-155.7114887581112,-51.006415869163376,0.4948281886861664,66.98133032652014,66.4270004272461,65.87267052797206,39138000.0,451349748.761423,26388905.299025,-0.017514775831397156,-1
2019-05-07,65.62999725341797,65.69000244140625,64.86000061035156,65.06999969482422,54.53923034667969,30661400,65.47140007019043,66.18001249867048,66.36190476190477,0.1891403954265627,0.3639457023005749,-0.1748053068740122,66.21793027568263,39.49391136675691,-2.4291538270753006,-261.33935453305867,-90.14087533983086,0.5573406571081903,67.176515037121,66.36600036621094,65.55548569530087,8476600.0,436203654.1203714,21400742.16543013,0.0012294733583815276,0
2019-05-08,65.08999633789062,65.38999938964844,64.97000122070312,65.1500015258789,54.60628128051758,31028300,65.48200004577637,66.08191621554747,66.24609534853981,0.0878513143281907,0.3087268247060981,-0.2208755103779073,65.91933574841167,40.53447792630058,-1.630683642327828,-195.3508441146355,-86.38491598700494,0.5475304793821406,67.27777555405316,66.33000030517579,65.38222505629841,39504900.0,431771200.8742315,16004281.9265123,-0.0046048049843658845,0
2019-05-09,64.44000244140625,64.91999816894531,64.2300033569336,64.8499984741211,54.354827880859375,28991500,65.49180000305176,65.964590716364,66.10514279320127,-0.0164392497988359,0.2436936098051113,-0.2601328596039472,65.59776669541078,37.902121268834975,-2.009673352858343,-194.85627070089132,-77.53636408870018,0.5741353143512654,67.41166824642163,66.26650009155273,65.12133193668383,10513400.0,454880348.95746994,19694615.134666085,0.007401748160798194,0
2019-05-10,64.83999633789062,65.3499984741211,64.47000122070312,65.33000183105469,54.75714874267578,34968000,65.51300010681152,65.90415367966787,66.01595248267765,-0.0596701732791586,0.1830208531882573,-0.242691026467416,65.4613936851934,44.15147542672267,-1.685470532165506,-113.1139068304326,-60.14490349902422,0.5959825957134219,67.44485706944936,66.23400001525879,65.02314296106822,45481400.0,488259156.2366287,30034406.93276441,-0.023266499543263985,-1
2019-05-13,64.12999725341797,64.22000122070312,63.709999084472656,63.810001373291016,53.48314666748047,42253200,65.4968000793457,65.70471060287008,65.7850954691569,-0.2141141507189132,0.1035938524068232,-0.3177080031257364,64.95904121081057,32.87045828766286,-4.361510482870226,-173.01835523111214,-96.95114859647,0.6691268922048116,67.7036471233709,66.10249996185303,64.50135280033516,3228200.0,462576148.4367274,23362055.010857463,0.010029706334077293,1
2019-05-14,64.2699966430664,64.62000274658203,64.20999908447266,64.44999694824219,54.01956558227539,32214000,65.49820007324219,65.5852140643341,65.62771422976539,-0.2816234415862197,0.0265503936082146,-0.3081738351944343,64.7189390423442,39.84035350828516,-3.4601634422876204,-102.74746973519449,-77.43908112282399,0.6791893551396394,67.74563559935409,66.00149974822997,64.25736389710586,35442200.0,468075427.11182976,20258403.802077472,0.0035687101291610457,0
2019-05-15,63.97999954223633,64.79000091552734,63.95000076293945,64.68000030517578,54.212345123291016,39054900,65.50300003051758,65.49900323012854,65.5018571399507,-0.3129581060535287,-0.041351306324134,-0.2716067997293946,64.58892488503172,42.16442514463909,-2.561007861678773,-83.65314638332742,-70.42678104559961,0.6906758406717622,67.72709679300456,65.90949993133545,64.09190306966633,74497100.0,496901607.92890143,26319021.85827416,0.008039527529575485,0
2019-05-16,64.91999816894531,65.41000366210938,64.91000366210938,65.19999694824219,54.6481819152832,27414300,65.52139999389648,65.47052644137746,65.43428542727516,-0.2924603690120335,-0.0915731188617139,-0.2008872501503195,64.62491334930647,47.13664167706822,-1.6294536073407946,-26.13400963644641,-54.5732189544004,0.6934849489762026,67.63771166536884,65.83399982452393,64.03028798367902,101911400.0,501287159.7050245,27801130.095641613,-0.006595097013840756,0
2019-05-17,64.80000305175781,65.11000061035156,64.72000122070312,64.7699966430664,54.28777694702149,35566300,65.54759994506836,65.40380931772879,65.33295179094587,-0.3073700253723217,-0.1347325001638355,-0.1726375252084862,64.55028156855097,43.78445760678272,-3.313929379752641,-43.80564688463077,-67.68298923510639,0.6782357188734297,67.55666810480001,65.73899974822999,63.92133139165996,66345100.0,474839603.1574288,17464940.009816766,-0.00401411950457109,0
2019-05-20,64.51000213623047,64.7300033569336,64.3499984741211,64.51000213623047,54.06985855102539,27914500,65.56839996337891,65.31868482425276,65.21590439932687,-0.336288890298249,-0.1750437781907182,-0.1612451121075307,64.42894861252098,41.84665276013131,-2.5970121297344897,-67.83072659182216,-75.60965397891681,0.659790179592715,67.48830260895316,65.63649997711181,63.78469734527046,38430600.0,470432286.50146985,10246448.765100002,0.00666563774510065,0
2019-05-21,64.86000061035156,65.02999877929688,64.69999694824219,64.94000244140625,54.43027114868164,20838900,65.5868000793457,65.28261983541023,65.14957130068825,-0.3208117499806207,-0.2041973725486987,-0.1166143774319219,64.44852576117125,46.095801479907394,-0.1997806270595525,-25.14224523933374,-62.49988369821081,0.6498049269836252,67.35830820466411,65.54899997711182,63.739691749559526,59269500.0,479905039.35207325,9375992.002444267,-0.004003728464055167,0
2019-05-22,64.62000274658203,64.83000183105469,64.61000061035156,64.68000030517578,54.212345123291016,22818000,65.6008000946045,65.22522749919743,65.06680942717053,-0.3257707221378325,-0.2285120424665255,-0.097258679671307,64.40438497678258,44.002198047966615,-0.7214139826480755,-38.602157245229,-70.42678104559961,0.6269618487028429,67.29024943152955,65.47149982452393,63.65275021751832,36451500.0,471607440.9334299,5527388.193385482,-0.009121891844486307,0
2019-05-23,64.0,64.16000366210938,63.81999969482422,64.08999633789062,53.71781921386719,29106800,65.59200004577637,65.11711024573964,64.93523766653878,-0.373009313416091,-0.2574114966564386,-0.1155978167596523,64.22219818685285,39.60618692278086,-1.171938556843226,-127.65294113132748,-85.44072166455227,0.6436074745349918,67.249945392147,65.36699962615967,63.484053860172345,7344700.0,488727973.8269562,8897911.810948431,0.010766148866173664,1
2019-05-24,64.7699966430664,64.79000091552734,64.54000091552734,64.77999877929688,54.2961540222168,23320000,65.59720008850098,65.08500439179271,64.87933282398042,-0.3507258575428125,-0.2760743688337134,-0.0746514887090991,64.25925503940489,46.35591990453732,-0.8418843354392315,0.7179063424621424,-45.959702993568975,0.64763583904228,67.11432826722836,65.2834997177124,63.452671168196446,30664700.0,510181975.2918,16294134.501406431,-0.009725181619165357,0
2019-05-28,64.7300033569336,64.83999633789062,64.12999725341797,64.1500015258789,53.76811981201172,32637000,65.57580009460449,64.99595649980091,64.77138061523438,-0.3795266247803681,-0.2967648200230444,-0.0827618047573237,64.13341522698587,41.7661463426,0.5328320721995857,-59.28480446171867,-74.11757314101327,0.6520903565730436,66.92422004428569,65.15499973297119,63.3857794216567,-1972300.0,479384074.6782239,8039244.997600853,-0.006391267929225397,0
2019-05-29,63.68000030517578,63.75,63.43999862670898,63.7400016784668,53.42447280883789,32910400,65.54160018920898,64.87634175491195,64.63661889575776,-0.430472779249726,-0.3235064118683807,-0.1069663673813453,63.93115570595067,39.05593698795512,-1.1016218826908029,-177.3656285541715,-84.77145761727229,0.6562269667585547,66.71402130008572,65.00399971008301,63.29397812008029,-34882700.0,510171588.850376,13727431.528310535,0.0037652629031952323,0
2019-05-30,63.81999969482422,63.9900016784668,63.7400016784668,63.97999954223633,53.62562942504883,28874300,65.50960014343262,64.79097582989522,64.53909507024856,-0.4463370561059321,-0.348072540715891,-0.0982645153900411,63.835426340580526,41.45094350422375,-1.0822522567048258,-103.67960042814713,-72.5888560778426,0.6272107548471031,66.52644171665767,64.88399982452393,63.24155793239019,-6008400.0,536735451.3931006,23258606.688257758,-0.009065301977292717,0
2019-05-31,63.130001068115234,63.470001220703125,63.06999969482422,63.400001525878906,53.139495849609375,34278600,65.46540016174316,64.65850208665557,64.39776189894903,-0.4999475186957909,-0.378447536311871,-0.1214999823839199,63.61459692611558,37.60482482954509,-2.760729304622781,-163.46809109012665,-85.89738155711115,0.6474099757446852,66.37259271602343,64.73999996185303,63.10740720768263,-40287000.0,559016639.4645878,32132773.94114053,0.0058359451574103716,0
2019-06-03,63.59000015258789,63.869998931884766,63.40999984741211,63.77000045776367,53.449615478515625,36735900,65.42940017700195,64.57388288390396,64.30538099379767,-0.5067370259455117,-0.4041054342385992,-0.1026315917069125,63.53817425818849,41.343866760012034,-1.5439188468906355,-97.82711291722424,-70.08548819891168,0.6347376493347214,65.89708846639101,64.57900009155273,63.260911716714446,-3551100.0,579780620.956635,39448675.20650387,0.011447381793886269,1
2019-06-04,64.20999908447266,64.55999755859375,64.04000091552734,64.5,54.06147384643555,34241600,65.43320022583008,64.56684641877025,64.29785717555455,-0.4480480778181004,-0.4128939629544994,-0.0351541148636009,63.67365283718078,47.968779214727455,-0.0155047835982806,5.207024981725361,-38.88897945609682,0.6458276101558569,65.57116284332794,64.49249992370605,63.413837004084165,30690500.0,606120583.7836374,47236197.96851665,-0.00031002547389780144,0
2019-06-05,64.79000091552734,64.80000305175781,64.37999725341797,64.4800033569336,54.04471206665039,19015300,65.43480026245118,64.55857565097628,64.29666702633813,-0.3985559210076985,-0.4100263545651393,0.0114704335574407,63.78741211373823,47.80948501231858,-0.7083447292563655,32.20246284133342,-39.743535403264985,0.6296974807403752,65.50863999371708,64.46300010681152,63.41736021990596,11675200.0,596160616.1990341,42958722.32437372,0.00403217266284428,0
2019-06-06,64.7300033569336,64.87999725341797,64.55999755859375,64.73999786376953,54.26263427734375,28586900,65.4352001953125,64.57585395695659,64.32304776509604,-0.3344977643173905,-0.3949206365155895,0.060422872198199,63.95489565112918,50.128407851658736,0.0927606034487741,66.25920138513268,-18.13738139849731,0.6132900818648974,65.4487966516001,64.44249992370605,63.436203195812,40262100.0,599734063.8947164,38440513.616362095,0.01266604451470199,1
2019-06-07,65.36000061035156,65.7300033569336,65.33000183105469,65.55999755859375,54.94992446899414,31020100,65.45140014648437,64.66958191901728,64.4294761112758,-0.2150847284137427,-0.3589534548952202,0.1438687264814775,64.31045181276104,56.66782976448427,2.293651591042526,172.7587664686706,-6.391186627353351,0.6401983255291985,65.58440906835094,64.47799987792969,63.37159068750845,71282200.0,604386280.1548015,34577813.989806056,0.00274558132823155,0
2019-06-10,65.7300033569336,65.91999816894531,65.66999816894531,65.73999786376953,55.10079193115234,21435800,65.47440017700195,64.77152629470797,64.54966639564151,-0.1047173998323103,-0.3081062438826382,0.2033888440503279,64.65222076302618,57.97064574340638,1.481937484659947,163.98751017336568,-6.315803563063005,0.6201842030164584,65.67994229214007,64.49849967956543,63.31705706699079,92718000.0,594954475.8213054,26853152.40102935,0.005019802886798708,0
2019-06-11,66.33999633789062,66.36000061035156,65.9800033569336,66.06999969482422,55.37738800048828,22255000,65.4986001586914,64.89519042805237,64.69933306376139,0.0092710224718217,-0.2446307906117462,0.253901813083568,65.01950121301722,60.32574496121117,2.9929822654341813,169.47075912229622,-8.814615040338381,0.6201712418425708,65.93204766319472,64.61149959564209,63.29095152808946,114973000.0,583240965.1701921,17524841.780172825,-0.007416344271724218,0
2019-06-12,65.80999755859375,65.9000015258789,65.55000305175781,65.58000183105469,54.9666862487793,17110500,65.49640014648438,64.96041056167164,64.79157137189593,0.0593843895892263,-0.1838277545715517,0.243212144160778,65.19295273993704,55.36492226180565,2.886727493152068,101.34020198990484,-23.70816298608389,0.6130159133585431,66.05127883671051,64.66799983978271,63.2847208428549,97862500.0,569063587.1756418,7604563.366086245,0.000914875829804318,0
2019-06-13,65.73999786376953,65.7699966430664,65.47000122070312,65.63999938964844,55.01697540283203,24194500,65.49500015258789,65.02513330719324,64.88414275759743,0.1027563840039107,-0.1265109268564592,0.22926731086037,65.34892653850119,55.84373687863288,2.5945605803205143,81.9257644038701,-21.88452949374692,0.5906573068588351,66.16277988222764,64.71599979400635,63.269219705785055,122057000.0,572289643.5704435,3881416.1981163034,-0.007312549238304156,0
2019-06-14,65.25,65.25,65.08999633789062,65.16000366210938,54.61466598510742,37202100,65.47380020141601,65.03797810289954,64.9264288402739,0.0972760209182297,-0.0817535373015214,0.1790295582197512,65.34970484825128,51.119156322386985,2.776028539229708,35.89742748971208,-36.47406122529433,0.5877534314944708,66.15820713250805,64.71400012969971,63.269793126891365,84854900.0,567642041.9110882,526672.1743232012,-0.020411322226921325,-1
2019-06-17,63.79999923706055,63.959999084472656,63.7599983215332,63.83000183105469,54.65404891967773,22615800,65.42880020141601,64.92293274367623,64.84223852611723,-0.0142232816508993,-0.068247486171397,0.0540242045204976,65.0026610220863,40.815081479127656,0.0940902820453261,-70.93996626480164,-76.8996375458865,0.6457714250004104,66.16117622915081,64.66700038909912,63.17282454904742,62239100.0,560858035.2239494,-3052149.978983879,0.013316597990563617,1
2019-06-18,64.3499984741211,64.70999908447266,64.33000183105469,64.68000030517578,55.38185501098633,34024300,65.39740020751952,64.8997963209619,64.84347661336263,-0.0336120503247343,-0.0613203990020645,0.0277083486773301,64.93736747560047,48.02558403925154,0.2790702405826066,-18.18453394875573,-51.06382485326753,0.662501841315978,66.1679400975057,64.67550029754639,63.183060497587086,96263400.0,589510257.0983847,4877870.643709421,0.006184315460599832,0
2019-06-19,64.83000183105469,65.19999694824219,64.77999877929688,65.08000183105469,55.72435760498047,25092700,65.37320022583008,64.91695875049454,64.88200056893486,-0.0165106841121911,-0.0523584560240898,0.0358477719118986,64.98713520523403,51.04799261169877,0.93051867692959,15.32223178936156,-38.9057271460275,0.6523228985838501,66.18113717419224,64.68250026702881,63.18386335986538,121356100.0,600264792.3172766,11100424.773212314,0.008758446201398762,0
2019-06-20,65.83000183105469,65.86000061035156,65.44000244140625,65.6500015258789,56.21241760253906,32817400,65.36880020141602,64.9867723481502,64.97414354596819,0.042546039249558,-0.0333775569693602,0.0759235962189182,65.17521834396267,55.058580167821376,1.4056281929824417,66.313248676007,-24.06775935085508,0.6614426043490792,66.28782852765575,64.73100032806397,63.17417212847219,154173500.0,600264792.3172766,12636885.574080586,-0.004265023195566875,0
2019-06-21,65.37000274658203,65.55999755859375,65.31999969482422,65.37000274658203,55.97267532348633,25032400,65.35380020141602,65.02327048133418,65.03500091916038,0.0659946117486214,-0.0135031232257639,0.0794977349743853,65.2554232437148,52.771390238929726,-0.2898029577287771,32.91157614631615,-38.07680739463743,0.6377682633994483,66.34639275691988,64.79500064849853,63.24360854007718,129141100.0,585663288.4357876,7470696.887227416,0.002141645766654987,0
2019-06-24,65.55999755859375,65.63999938964844,65.48999786376953,65.51000213623047,56.09254455566406,23238800,65.34440017700196,65.06962587703859,65.10309629894438,0.0947819675902366,0.0081538949374361,0.0866280726528004,65.35558358331511,53.80469806814092,-0.3498566093897262,41.755991298040655,-32.69222022521367,0.6114988619470556,66.41380572986111,64.83150081634521,63.249195902829314,152379900.0,568622762.541886,-743883.7133837938,-0.005953280063056954,0
2019-06-25,65.58000183105469,65.5999984741211,65.12000274658203,65.12000274658203,55.75860595703125,24373000,65.31800018310547,65.07442367413796,65.13057267325264,0.0851449649575499,0.0235521089414589,0.061592856016091,65.33420787478694,50.49065583538072,-1.4378643145606194,-0.7185330391232715,-47.69218354546455,0.6021057809179025,66.43500513198026,64.88000087738037,63.32499662278048,128006900.0,544249762.541886,-11791813.621507883,0.001228412135845014,0
2019-06-26,65.37000274658203,65.41000366210938,65.19999694824219,65.19999694824219,55.82709884643555,13170700,65.29260009765625,65.08638303357645,65.1610484895252,0.083005597614715,0.0354428066761101,0.0475627909386048,65.3351407746639,51.15521749888647,-0.5794523821323727,-8.988350495000313,-44.61548619007446,0.5798125762471246,66.42176959217318,64.95300064086913,63.484231689565085,141177600.0,531079062.541886,-19430115.527421597,0.0024540440122473584,0
2019-06-27,65.37000274658203,65.47000122070312,65.33000183105469,65.36000061035156,55.96410751342773,14439800,65.26940017700196,65.11244185041218,65.19981039138068,0.0931473472709001,0.0469837147950681,0.0461636324758319,65.37524598699737,52.52781569515584,-0.4265673094156539,12.724464796622204,-38.46150460330852,0.5576834116909465,66.42984364371154,65.02200069427491,63.61415774483829,155617400.0,522827523.42471975,-23413990.97826445,0.0056609966818670365,0
2019-06-28,65.63999938964844,65.80000305175781,65.5999984741211,65.7300033569336,56.28092193603516,27667900,65.24980026245117,65.17125723198565,65.2672392163958,0.1295475429138264,0.0634964804188198,0.0660510624950066,65.50187260772907,55.63271690826468,0.8747692799097774,69.83886487495656,-24.23064226240692,0.5492776280991747,66.36398435510228,65.13850078582763,63.91301721655299,183285300.0,531128421.1359538,-20274018.847465336,0.004716226118388844,0
2019-07-01,66.38999938964844,66.38999938964844,65.87999725341797,66.04000091552734,56.54635238647461,25538600,65.23720031738281,65.25399472565628,65.35309637160529,0.1813190394117612,0.0870609922174081,0.0942580471943531,65.6834155107575,58.10505685675352,3.462320258617701,139.3013171761901,-13.30792136795278,0.5571860855717292,66.36477339328425,65.25200080871582,64.13922822414739,208823900.0,521614340.3873787,-20173599.682369947,0.0028770811443399325,0
2019-07-02,66.16999816894531,66.29000091552734,66.12999725341797,66.2300033569336,56.70903396606445,26045900,65.23060043334961,65.34694792863507,65.44623947143555,0.2349713292654911,0.1166430596270247,0.1183282696384664,65.87808987807061,59.59135267379602,2.396417817632229,140.21422714419288,-6.083496872094562,0.5352442223165883,66.4727542385897,65.3385009765625,64.2042477145353,234869800.0,528127057.3242469,-16226327.391066492,0.006794457578644719,0
2019-07-03,66.58999633789062,66.72000122070312,66.55000305175781,66.68000030517578,57.09434127807617,14359300,65.230400390625,65.47390529782943,65.57400131225586,0.310226055600225,0.1553596588216647,0.1548663967785602,66.15010883584542,62.94434964088282,2.458510186085476,170.52934920153186,-1.3513809577200495,0.5320123395632247,66.65293058691176,65.44850082397461,64.24407106103746,249229100.0,535728812.2295516,-10717673.31193024,-0.007648502307983418,0
2019-07-05,66.0999984741211,66.20999908447266,65.76000213623047,66.16999816894531,56.65765380859375,21696200,65.22920028686524,65.54019985698332,65.64271534511022,0.3249670405153324,0.1892811351603983,0.1356859053549341,66.23541260979319,57.15584231424778,0.7920740761314775,74.2125558681343,-18.5811659816972,0.5597256130905356,66.71746417477102,65.5200008392334,64.32253750369578,227532900.0,553567795.566841,-1813758.916606903,-0.0057427423898026575,0
2019-07-08,65.80000305175781,65.91999816894531,65.75,65.79000091552734,56.33228302001953,15839500,65.22140029907227,65.56399043398751,65.66842963809059,0.302499745911021,0.2119248573105228,0.0905748886004981,66.20092119664643,53.228091922285344,0.6424937299964741,32.61238339465224,-38.91215659735301,0.5497450813658705,66.73468407097465,65.53150100708008,64.32831794318551,211693400.0,545182428.8134078,-674432.5476481915,-0.004255947338507982,0
2019-07-09,65.33000183105469,65.54000091552734,65.30000305175781,65.51000213623047,56.09254455566406,11661800,65.20260040283203,65.55884869134398,65.6663821265811,0.2591137891584907,0.2213626436801164,0.0377511454783742,66.09448230547405,50.47560569799856,0.0,-44.50470647712835,-62.37100833726601,0.5454774229661296,66.71938387746265,65.52000122070312,64.3206185639436,200031600.0,553928871.4938922,2635926.596866131,0.003510849031278962,0
2019-07-10,65.81999969482422,65.93000030517578,65.62000274658203,65.73999786376953,56.28947067260742,15051500,65.18300033569336,65.57610099347976,65.68733418782553,0.2405163165303179,0.2251933782501567,0.0153229382801611,66.06210486324782,52.64194475459238,0.952080913755861,5.75561063366291,-61.25026822115729,0.5365146191074949,66.68104509246368,65.5035011291504,64.32595716583711,215083100.0,550529763.3033035,2669000.313810468,-0.0003041777261363343,0
2019-07-11,65.87000274658203,65.9000015258789,65.55000305175781,65.72000122070312,56.27234649658203,14023800,65.16220031738281,65.58980577702484,65.70795324416387,0.2216095466023233,0.22447661192059,-0.0028670653182667,66.02614778774186,52.42721803980534,0.7975526024544652,-3.9790393902518417,-62.50005960470162,0.5231920373227452,66.69144045935148,65.51050109863282,64.32956173791415,201059300.0,550128995.9616141,2312377.1971310377,0.0012173132922810304,0
2019-07-12,65.69000244140625,65.80000305175781,65.58999633789062,65.80000305175781,56.340858459472656,14459500,65.15060043334961,65.60982456509464,65.73552485874721,0.2106529977502589,0.2217118890865238,-0.0110588913362649,66.01361810881212,53.24884376120588,0.6731983434782335,-7.879687540068486,-57.49994039529837,0.5008216570759091,66.70499615179595,65.51850128173828,64.33200641168061,215518800.0,564588495.9616141,6557019.813295841,0.0009118169576156632,0
2019-07-15,65.87000274658203,65.91999816894531,65.76000213623047,65.86000061035156,56.39223098754883,12363200,65.1422004699707,65.63365085511911,65.76804860432942,0.2044543331214896,0.218260377893517,-0.0138060447720273,66.01542454548172,53.89199066761738,0.1977746033452102,14.491637490979036,-53.75008940705243,0.4764769696215366,66.73692428636443,65.55350112915039,64.37007797193635,227882000.0,567679443.3460975,8680855.068308353,-0.004099670057071014,0
2019-07-16,65.66999816894531,65.80000305175781,65.52999877929688,65.58999633789062,56.16103744506836,23641400,65.11420043945313,65.62949328204974,65.77152433849517,0.1757290632231871,0.209754114959451,-0.0340250517362638,65.9436057507503,50.52351708767052,-0.6814121311299278,-43.98741368411883,-74.34221753751945,0.4660144597239003,66.52223405832548,65.6415008544922,64.7607676506589,204240600.0,554544738.4351057,4581303.831106186,-0.001372104633563409,0
2019-07-17,65.76000213623047,65.76000213623047,65.47000122070312,65.5,56.083980560302734,13318800,65.09960037231446,65.61716058852119,65.75804806663876,0.144041704431558,0.1966116328538724,-0.0525699284223143,65.8585899954975,49.41483968722932,-1.1022245507060962,-70.48096199317003,-85.91568970890062,0.4534420637098558,66.44936120360006,65.6825008392334,64.91564047486673,190921800.0,543981431.4029307,-873319.7153599262,0.003053388522781475,0
2019-07-18,65.25,65.69999694824219,65.18000030517578,65.69999694824219,56.25522613525391,18639700,65.11220031738281,65.62504976563747,65.75971436273484,0.1335280977801574,0.1839949258391294,-0.050466828058972,65.83857821212766,51.9388382237028,-1.469711086455296,-89.6120533551577,-66.23400429029334,0.4581959622353253,66.4288264584432,65.71350059509277,64.99817473174234,209561500.0,562621131.4029307,2905449.717027545,-0.0028918541984316315,0
2019-07-19,65.66999816894531,65.75,65.4800033569336,65.51000213623047,56.09254455566406,16908600,65.11940032958984,65.6140928485511,65.7403335571289,0.1086129725477178,0.1689185351808471,-0.0603055626331293,65.77104623067609,49.41629174353535,-0.9974248919121036,-69.90785324192724,-78.5713224110854,0.4447531537232553,66.42689703778956,65.70650062561035,64.98610421343113,192652900.0,549469891.8934786,2692.848448872566,0.0010685344610223968,0
2019-07-22,65.5999984741211,65.66000366210938,65.47000122070312,65.58000183105469,56.15247344970703,15203900,65.13400039672851,65.61084608498001,65.72828605288551,0.0934388418524747,0.1538225965151727,-0.0603837546626979,65.73240704546781,50.372620850855775,-0.3191960503880972,-65.77421794469251,-74.02589038449153,0.4265566742720352,66.42345950929314,65.71700057983398,65.01054165037482,207856800.0,551870379.1565689,-421252.0003000498,0.006251845399014577,0
2019-07-23,65.9800033569336,66.05000305175781,65.83999633789062,65.98999786376953,56.50353240966797,22078400,65.14720031738281,65.64695577819806,65.7542857942127,0.1131916840388385,0.1456964140199058,-0.0325047299810673,65.80598753707828,55.66021903595288,0.7327060172290846,59.32886166318733,-47.40278720442307,0.4296598561599711,66.45030713503836,65.74100036621094,65.03169359738352,229935200.0,561331863.0772257,2454083.8090844154,0.0007577368294668929,0
2019-07-24,65.80999755859375,66.04000091552734,65.80000305175781,66.04000091552734,56.54635238647461,11192500,65.19180030822754,65.6843886484199,65.78276203700474,0.1313664712590991,0.1428304254677445,-0.0114639542086453,65.87804311489495,56.27214213431647,0.4563478270557557,105.07084366740597,-16.5046961571509,0.4161125709892218,66.44685236640082,65.7870002746582,65.12714818291558,241127700.0,572524363.0772257,6968509.021188617,-0.01014533857748301,-1
2019-07-25,65.83999633789062,65.86000061035156,65.30000305175781,65.37000274658203,55.97267532348633,24288100,65.21020042419434,65.65444713395915,65.74304798671177,0.0906617757322152,0.1323966955206386,-0.0417349197884234,65.76180249904077,46.92696461640602,-0.5325600541998121,-86.0393599123577,-78.16070786526707,0.4392472347592495,66.42872925146646,65.79550056457519,65.16227187768392,216839600.0,554308288.0772257,2385794.6514867544,0.0019886377230535768,0
2019-07-26,65.55000305175781,65.5999984741211,65.47000122070312,65.5,56.083980560302734,16616500,65.22660041809083,65.6397378831059,65.71490507579985,0.0681076011535424,0.1195388766472194,-0.051431275493677,65.69914618634813,48.70687648181966,-0.455931668455748,-69.73751528558485,-63.21854200099971,0.4243006985292327,66.41919709341086,65.80250053405761,65.18580397470437,233456100.0,545360791.8920035,-2552773.163369775,0.002137395261808228,0
2019-07-29,65.72000122070312,65.7300033569336,65.52999877929688,65.63999938964844,56.20384979248047,11655500,65.23540046691895,65.6397627884909,65.69942877633231,0.0608288390350395,0.1077968691247834,-0.0469680300897439,65.68350779166887,50.62726204352538,-0.3340437574617123,-25.24883305387171,-47.12670893513281,0.4104223169866842,66.41805178148276,65.79800033569336,65.17794888990396,245111600.0,546526119.5860718,-3970239.988301158,-0.011578338563335233,-1
2019-07-30,64.9000015258789,64.94000244140625,64.7300033569336,64.87999725341797,55.553104400634766,24945300,65.23760047912597,65.567404166103,65.6119999113537,-0.006194051999671,0.0849986848998925,-0.0911927368995636,65.47319006261728,41.53594616485494,-1.0824807502885887,-303.53628768569,-88.6368233968153,0.4461061538244167,66.46652667388625,65.7400001525879,65.01347363128954,220166300.0,557215667.7604588,-787961.9986225367,-0.0066276252062129615,0
2019-07-31,64.8499984741211,65.04000091552734,64.0,64.44999694824219,55.18491744995117,32619000,65.23640037536622,65.46098443106864,65.48914246332077,-0.0929362952232253,0.0494116888752689,-0.1423479840984943,65.18975795943393,37.43946829452801,-1.6030580942867367,-277.2372000872117,-78.04896203172335,0.4885272082317763,66.53471787734122,65.65099983215332,64.76728178696541,187547300.0,552824432.2471257,-811699.3935761452,-0.00279286755157393,0
2019-08-01,64.52999877929688,65.06999969482422,64.01000213623047,64.2699966430664,55.030792236328125,38568600,65.22300025939941,65.34755702268747,65.3576183500744,-0.1741966378172605,0.004690023536763,-0.1788866613540236,64.91264270368286,35.84574374695356,-2.176560687365513,-183.17722270224155,-86.82945165204058,0.5293465189719241,66.47524404508019,65.53049964904785,64.58575525301552,148978700.0,533175921.36441714,-6999418.209321141,-0.008868770964661987,0
2019-08-02,64.0199966430664,64.0199966430664,63.45000076293945,63.70000076293945,54.54273986816406,37778000,65.20340026855469,65.19064690271146,65.18328512282599,-0.2813467583461602,-0.0525173328398215,-0.2288294255063386,64.54097349537336,31.301771547273237,-2.762938962400048,-201.25306643037663,-90.38462384917288,0.550107187625858,66.59858975226882,65.40699977874756,64.2154098052263,111200700.0,528536757.3780966,-10370544.610562265,-0.02496075562863964,-1
2019-08-05,62.77999877929688,62.77999877929688,61.83000183105469,62.11000061035156,53.18130874633789,54766700,65.16380035400391,64.89725201772481,64.86928520202636,-0.488927671122596,-0.1397994004963764,-0.3491282706262195,63.82893837631366,22.66913939282766,-5.291249045162338,-239.81130834617835,-93.36495975585945,0.6443851693586505,67.07480033905337,65.22299976348877,63.37119918792417,56434000.0,506053548.7608687,-17960613.18831873,0.006762166556400162,0
2019-08-06,62.59999847412109,62.68999862670898,62.08000183105469,62.52999877929688,53.54093551635742,33907400,65.11880035400391,64.67179932835072,64.61280891781762,-0.6124863366455457,-0.2343367877262103,-0.3781495489193354,63.362286578325794,28.29463612208292,-5.243217451856127,-164.92957089134325,-83.41239938964844,0.6419288569511958,67.2590254443148,65.07399959564209,62.88897374696938,90341400.0,522173383.76121366,-14303819.816534877,0.0038381846018242793,0
2019-08-07,62.27000045776367,62.88999938964844,62.09000015258789,62.77000045776367,53.746429443359375,41814700,65.0912003326416,64.49067562639004,64.39338042849586,-0.6831662246089678,-0.3241026751027618,-0.3590635495062059,63.052564239241576,31.367134958503115,-4.9515451429904935,-122.36469955497132,-77.72515746921125,0.6532195983875795,67.30438618339109,64.9254997253418,62.5466132672925,132156100.0,551443773.4553224,-2194205.82390368,0.00971802781429032,0
2019-08-08,63.02000045776367,63.540000915527344,62.93999862670898,63.380001068115234,54.26874542236328,29156400,65.08400032043457,64.38489709703053,64.24619008018857,-0.6820958177761014,-0.3957013036374298,-0.2863945141386715,62.96879924287381,38.57172208067258,-3.04421232194433,-67.91179449398777,-63.27017088392477,0.6615610883430156,67.2489528452731,64.80849971771241,62.368046590151714,161312500.0,565050167.603599,7288507.6587975025,-0.006942291479821505,0
2019-08-09,63.18999862670898,63.2400016784668,62.790000915527344,62.93999862670898,53.89199066162109,23227400,65.06320030212402,64.24728771890467,64.0682375953311,-0.7085839180872924,-0.4582778265274024,-0.25030609155989,62.79808385034558,35.66360609780568,-3.908399043192401,-71.37693654688735,-73.69676600545283,0.6564495929319348,67.19050617127081,64.66549949645996,62.140492821649104,138085100.0,557307438.402564,8041612.277864337,-0.007944073894336268,0
2019-08-12,62.68999862670898,62.869998931884766,62.33000183105469,62.43999862670898,53.4638671875,21906000,65.04400024414062,64.07516494821937,63.85628513154529,-0.7611477127118818,-0.5188518037642983,-0.2422959089475834,62.54066903784856,32.65102265983708,-4.875077380704709,-82.52440884129177,-85.5107617979281,0.6531315359835314,67.13341940633325,64.49449939727783,61.85557938822242,116179100.0,544325893.0038902,3488153.151734948,0.009449073759837168,0
2019-08-13,62.31999969482422,63.20000076293945,62.2599983215332,63.02999877929688,53.96905899047852,30781900,65.02920021057129,63.975625313083896,63.716808882213776,-0.7465905856419468,-0.5643995601398281,-0.1821910255021187,62.49548331264343,39.179754103003255,-2.8514157713279285,-58.28291555776816,-70.2233917685811,0.6736223149422988,67.02869647709336,64.36649951934814,61.70430256160292,146961000.0,563973813.2826062,7559880.584115744,-0.027447240611474966,-1
2019-08-14,61.86000061035156,61.93999862670898,61.29999923706055,61.29999923706055,52.487754821777344,39692900,64.9652001953125,63.72080378203405,63.424761236281626,-0.8646829357724783,-0.6244562352663581,-0.2402267005061202,62.02239779623427,29.9973041008257,-4.88750637755857,-121.88473023207084,-100.0,0.7490778311775935,67.07790542801298,64.15649948120117,61.23509353438935,107268100.0,524280913.2826058,-4091233.701193571,0.003425759985094645,0
2019-08-15,61.58000183105469,61.70000076293945,61.2599983215332,61.5099983215332,52.66756057739258,40936100,64.90580009460449,63.51025088103397,63.17271350678944,-0.9305994320048754,-0.6856848746140616,-0.2449145573908138,61.70291352536212,32.07825483656253,-4.294380684133672,-113.23624330066772,-94.4071651369492,0.7270010176224958,66.99386164267885,63.94699954986572,60.900137457052594,148204200.0,529862850.62481695,-6709597.327098966,0.012030591751906128,1
2019-08-16,61.86000061035156,62.310001373291016,61.86000061035156,62.25,53.30118560791016,22856400,64.8560001373291,63.39022698760216,63.01109450204032,-0.9126068158761456,-0.7310692628664784,-0.1815375530096671,61.647982966199606,38.9637455222318,-2.2762963038817747,-64.7393835309802,-74.01571334312538,0.7322154486321616,66.82775675118368,63.7839994430542,60.74024213492471,171060600.0,546624081.4543003,-1837663.7894884348,0.006104434829160343,0
2019-08-19,62.81999969482422,62.84999847412109,62.619998931884766,62.630001068115234,53.62656021118164,22998600,64.79740020751953,63.31782451907959,62.90118989490328,-0.8577964836649485,-0.7564147070261725,-0.101381776638776,61.71639465807938,42.20386942921648,0.8372250082976267,-11.086203307079092,-64.0419356227516,0.7227713790242271,66.6027514238884,63.63649940490723,60.67024738592605,194059200.0,525625790.91642624,-6358813.987108707,-0.0033530719397805164,0
2019-08-20,62.61000061035156,62.630001068115234,62.34000015258789,62.41999816894531,53.44674682617188,21710200,64.73100021362305,63.23231724763824,62.78533263433548,-0.8218308252148603,-0.7694979306639101,-0.0523328945509501,61.73185946674484,40.91133375616759,-0.1759165400591529,-24.465310146046157,-69.55382075334737,0.6918592030601619,66.26145908888705,63.45799942016602,60.654539751444986,172349000.0,515893297.4803156,-10727003.889705896,0.007049062068463119,0
2019-08-21,63.09999847412109,63.09999847412109,62.86000061035156,62.86000061035156,53.82349395751953,25971800,64.66680023193359,63.1968585202776,62.72838036673409,-0.7491870994769485,-0.7654357644265178,0.0162486649495693,61.87154896892773,44.73067865677896,0.1433808378708702,56.53106248574828,-42.02886732447199,0.6910121389255627,65.84781016007022,63.29899940490723,60.75018864974423,198320800.0,489921497.48031485,-19802563.04170448,-0.001908987125669892,0
2019-08-22,62.88999938964844,62.970001220703125,62.5099983215332,62.7400016784668,53.72074890136719,20505100,64.61000022888183,63.15334834486704,62.675142488025486,-0.6933073191833259,-0.7510100753778796,0.0577027561945536,61.96650413799108,43.89732428517157,-1.0097812856781474,43.14536566979422,-35.087645916187185,0.674511478943016,65.54067274020258,63.16749935150146,60.794325962800336,177815700.0,489921667.5243495,-21715004.67699248,-0.012432301133677659,-1
2019-08-23,62.59000015258789,63.0099983215332,61.95000076293945,61.959999084472656,53.0528678894043,34410500,64.53640022277833,63.03969603435329,62.56014246259417,-0.7038483555775059,-0.7415777314178049,0.037729375840299,61.85233472280285,38.83292762257912,-1.5570377559882125,-33.74261251355065,-69.29824708167625,0.7020461989180699,65.16078393957974,62.990499305725095,60.82021467187045,143405200.0,456160314.7612067,-31265524.43633825,0.008231151448778506,0
2019-08-26,62.59000015258789,62.61000061035156,62.2599983215332,62.470001220703125,53.489559173583984,27774800,64.48260017395019,62.98543938543423,62.5105712164016,-0.6634020073485445,-0.7259425866039529,0.0625405792554084,61.90099119286597,43.42858201622011,0.048050279714955,-9.167679797793964,-46.92975778373033,0.6983287222724152,64.63750764162201,62.83199939727783,61.02649115293365,171180000.0,461715516.9366598,-30562670.51512289,-0.0008004330203412735,0
2019-08-27,62.77000045776367,62.81999969482422,62.41999816894531,62.41999816894531,53.44674682617188,24511400,64.45440010070801,62.93158784100671,62.471333004179456,-0.6281419835789208,-0.7063824659989466,0.0782404824200257,61.93724294884096,43.08677353112152,-0.967794101484154,10.189039419181148,-49.12287159375528,0.677019636815735,64.25639532779648,62.7089994430542,61.16160355831192,146668600.0,437204116.9366598,-35295796.59143269,0.0,0
2019-08-28,62.27000045776367,62.630001068115234,62.09000015258789,62.41999816894531,53.44674682617188,25028400,64.4092000579834,62.8828650150961,62.44380907331194,-0.5933582956274535,-0.683777631924648,0.0904193362971945,61.97549549344863,43.08677353112152,1.8270782150477425,-10.313054374710283,-41.41424844811442,0.6672325852951352,63.93554880978213,62.60749950408936,61.27945019839658,146668600.0,442765747.86108655,-32253756.82020253,0.008651088294904907,0
2019-08-29,63.02000045776367,63.09000015258789,62.79999923706055,62.959999084472656,53.90911865234375,19046700,64.36680000305176,62.89021111694149,62.47738046191988,-0.5162672044481695,-0.6502755464293524,0.1340083419811828,62.15469761469004,48.193673384511,2.3573415745515343,105.20893981085636,-12.37120497089822,0.6674303994628097,63.64591351126509,62.54199962615967,61.43808574105424,165715300.0,444736009.7431733,-27450224.785835087,0.003970775153039341,0
2019-08-30,63.400001525878906,63.41999816894531,62.93000030517578,63.209999084472656,54.12317657470703,33527300,64.31799995422364,62.92066711384921,62.54099945794968,-0.4300417944991821,-0.6062287960433184,0.1761870015441362,62.3729648341113,50.41212434970841,1.5421672039721386,128.85439779516466,-9.722180523496592,0.6547566469132893,63.53596710577686,62.51749954223633,61.4990319786958,199242600.0,449525624.0288876,-21465700.336699724,-0.0018984169217342028,0
2019-09-03,62.84999847412109,63.09999847412109,62.77999877929688,63.09000015258789,54.02042388916016,33998200,64.27239990234375,62.93679406991956,62.595523325602215,-0.3671580770598837,-0.5584146522466314,0.1912565751867477,62.52573105841843,49.32039340152596,0.7344708232918115,88.4711257686457,-15.277687021727882,0.6387026225034662,63.59606860436842,62.56649951934814,61.53693043432786,165244400.0,481399291.15808815,-6924437.126698732,0.014106821802122527,1
2019-09-04,63.7400016784668,63.97999954223633,63.65999984741211,63.97999954223633,54.78248596191406,25619300,64.24179985046386,63.03614697204496,62.73014237540109,-0.2427089673328097,-0.4952735152638671,0.2525645479310573,62.88548208120597,56.79387475016637,2.4992012480819565,203.17461542892127,0.0,0.6566523915852504,63.83829830294612,62.63899955749512,61.43970081204412,190863700.0,507018591.15808815,7805351.198001564,0.005314163098163904,0
2019-09-05,64.43000030517578,64.56999969482422,64.30999755859375,64.31999969482422,55.073612213134766,22265900,64.2257997894287,63.1584186599287,62.890237626575285,-0.1153176701341323,-0.4192823462379202,0.3039646761037879,63.27033895861236,59.26519725540482,2.322620220007171,226.5975076841709,-9.225095367463856,0.651891517371153,64.12220665444326,62.71649951934815,61.31079238425304,213129600.0,486465804.5064845,6582073.287323117,0.0032649111546800835,0
2019-09-06,64.51000213623047,64.69000244140625,64.45999908447266,64.52999877929688,55.25342178344727,21338300,64.2123998260498,63.28904533796376,63.0629518418085,0.0025565514482295,-0.3349145667006903,0.3374711181489198,63.63983567945361,60.75818473463279,2.85303961259604,183.41932555103156,-5.839546134836937,0.6317566051719296,64.36538140003715,62.77399940490723,61.1826174097773,234467900.0,478115788.7470392,2826447.919738114,0.0029444048504647657,0
2019-09-09,64.7300033569336,64.7300033569336,64.56999969482422,64.72000122070312,55.41611099243164,15965600,64.19959983825683,63.42532685060561,63.24828534807477,0.1100359049773729,-0.2459244723650776,0.3559603773424505,63.98947413575433,62.11127570028266,4.454490279232642,145.1684002934901,-0.3597887373226638,0.6009171746336995,64.66651998837669,62.862999534606935,61.05947908083719,250433500.0,492085308.1061847,5477952.981841683,0.001699638570408002,0
2019-09-10,64.5999984741211,64.88999938964844,64.47000122070312,64.83000183105469,55.51029968261719,19028800,64.18159980773926,63.55910542017219,63.43561890011742,0.2017643827279442,-0.1563867013464732,0.3581510840744175,64.30021807553283,62.90866601302897,3.777814253618802,117.11236588155604,-2.0407342387404714,0.5879943885131002,64.96582985574742,62.98249969482422,60.99916953390103,269462300.0,505677505.6284372,10389453.993251504,0.0055529939871006295,0
2019-09-11,65.0199966430664,65.20999908447266,64.95999908447266,65.19000244140625,55.81854248046875,18413200,64.16459983825683,63.714428946004006,63.645857256934754,0.3000501119026992,-0.0650993386966387,0.365149450599338,64.64233933476638,65.46991305427304,4.437687205570998,118.6820408473354,-0.6133942749087629,0.573137450292019,65.29529120856682,63.09049987792969,60.88570854729256,287875500.0,521145088.1235544,16375712.110615373,0.005829072544666802,0
2019-09-12,65.23999786376953,65.66000366210938,65.1500015258789,65.56999969482422,56.14390563964844,30292200,64.15139976501465,63.89114996970117,63.882000096639,0.4039483972905913,0.0287102085008072,0.375238188789784,65.01381485406955,67.98307534484604,5.0464620606895005,118.11479045735967,-2.425981049914916,0.5686277850019081,65.59903391624444,63.30399990081787,61.008965885391305,318167700.0,540745496.9167687,23572428.491867363,0.005642866376454059,0
2019-09-13,65.88999938964844,66.08000183105469,65.80000305175781,65.94000244140625,56.46072769165039,22132200,64.13659980773926,64.08627877653022,64.13304795764742,0.5102626759139781,0.1250207019834414,0.3852419739305367,65.40513646692358,70.2533096845744,4.733169314274226,128.23112286487898,-3.5087551567706043,0.5644402386610909,65.93733453571548,63.52550010681152,61.11366567790756,340299900.0,540745496.9167687,24373591.69402802,-0.008947587889603592,0
2019-09-16,65.52999877929688,65.56999969482422,65.30999755859375,65.3499984741211,55.95553588867188,31083600,64.12019981384277,64.20663303344364,64.30680970691499,0.540676535839296,0.2081518687546123,0.3325246670846836,65.56208122029292,62.6274240024021,3.38553934605913,83.14780333953506,-18.295815785573957,0.5691234275290488,66.1424553836909,63.68050003051758,61.21854467734426,309216300.0,519226221.8558808,15638517.148808718,0.0033665068988524283,0
2019-09-17,65.25,65.62000274658203,65.19000244140625,65.56999969482422,56.14390563964844,23554300,64.1157997894287,64.33647747738465,64.48676205589658,0.575893457536722,0.2817001865110343,0.2941932710256877,65.73630974672118,64.18842012571668,3.930891640891209,79.0634158139155,-12.782003049844404,0.5591860616466724,66.37074993463382,63.82749996185303,61.28424998907224,332770600.0,537302447.2227124,16394920.438046517,-0.0012200980849020882,0
2019-09-18,65.41000366210938,65.58000183105469,65.11000061035156,65.48999786376953,56.07540893554688,17807600,64.11539970397949,64.44633656180226,64.64509518941243,0.5905402620014257,0.3434682016091126,0.2470720603923131,65.84655100876356,63.15537655397176,2.3601099286291483,68.4572280184442,-17.87889156559659,0.5528157158649903,66.53647231743977,63.98099994659424,61.4255275757487,314963000.0,548289832.3925066,18709897.025119483,0.003359310243997271,0
2019-09-19,65.83000183105469,65.94000244140625,65.69000244140625,65.70999908447266,56.2637825012207,18972500,64.11479972839355,64.56668537348514,64.80976177397228,0.6128358299771435,0.3973417272827188,0.2154941026944246,65.98205616118155,64.83157236721331,2.1610687130651365,91.58185600038738,-11.212194073121928,0.5454720631343994,66.73037037466285,64.1234998703003,61.51662936593774,333935500.0,532352422.87712574,12885039.235381007,-0.002282780824362396,0
2019-09-20,65.79000091552734,65.9000015258789,65.4800033569336,65.55999755859375,56.13534927368164,35368700,64.11159965515137,64.66128653397168,64.94657107761928,0.611354049774306,0.4401441917810362,0.1712098579932697,66.04222420554406,62.73590632893973,1.5961549647934117,70.73306381553952,-15.757690653769185,0.5365096421208931,66.8618332453488,64.26449966430664,61.66716608326448,298566800.0,510456595.5201775,2363921.504606128,-0.002593016706466167,0
2019-09-23,65.19999694824219,65.44000244140625,65.12999725341797,65.38999938964844,55.98978805541992,15457000,64.10339958190917,64.73068775832185,65.05376152765183,0.5896650056565136,0.4700483545561317,0.1196166511003818,66.03563628483252,60.35479052412372,1.0352258286592684,26.59745229013718,-28.512474207465765,0.5289018323390994,66.84840471440764,64.43599967956543,62.023594644723225,283109800.0,520927245.6075449,1176496.4148510098,-0.003823214594486979,0
2019-09-24,65.55000305175781,65.61000061035156,65.0999984741211,65.13999938964844,55.77573013305664,32233100,64.08899955749511,64.7696698184482,65.1208091190883,0.5460093157561801,0.4852405467961415,0.0607687689600385,65.95413491240079,56.93258793726823,0.4781699056581791,9.932460529117956,-53.107354373744606,0.5275518540456258,66.82216518241853,64.56949958801269,62.31683399360684,250876700.0,493750412.7040489,-8063396.719783962,-0.002916832102955791,0
2019-09-25,64.79000091552734,65.05000305175781,64.55999755859375,64.94999694824219,55.613037109375,21342600,64.07619956970215,64.78684383080952,65.1570469629197,0.4904269216108901,0.4862778217590912,0.0041490998517988,65.8277144178553,54.40761063633408,-0.3681630375451865,-80.28140351142015,-69.75326956677357,0.5312982809748446,66.72463890353049,64.69599952697754,62.6673601504246,229534100.0,506381313.3673317,-7091393.998382509,0.003695234864373065,0
2019-09-26,65.30000305175781,65.3499984741211,65.08000183105469,65.19000244140625,55.81854248046875,25098000,64.06999961853028,64.82523988896159,65.20409485953195,0.4604362883692943,0.4811095150811318,-0.0206732267118375,65.77717684319371,57.00175401715511,-0.5795291370848732,-23.45191067622009,-55.279444239098495,0.5219199413251345,66.58133110708863,64.83449974060059,63.08766837411256,254632100.0,501733903.32466304,-7527805.716987133,-0.0033747693275646418,0
2019-09-27,65.19000244140625,65.30000305175781,64.83000183105469,64.97000122070312,55.630165100097656,20607400,64.05539970397949,64.83902668246078,65.21699976239886,0.4141422613761136,0.4677160643401282,-0.0535738029640145,65.67042672016437,53.97033923936,-1.4710360703505587,-78.45673487658068,-68.9441111521803,0.5182114612807053,66.45550644895224,64.93499984741212,63.414493245872,234024700.0,493403166.85300535,-9672680.686763108,0.0036939796715449447,0
2019-09-30,64.97000122070312,65.23999786376953,64.94999694824219,65.20999908447266,55.835670471191406,25423400,64.04939964294434,64.87435738741429,65.24319016592843,0.392297571110916,0.4526323656942858,-0.0603347945833698,65.63786137940502,56.677051669327305,-0.2142301345330221,-67.37496230531255,-57.236861918385785,0.5019107080126078,66.3357456776862,65.03499984741211,63.73425401713801,259448100.0,513566783.6954983,-3255098.6620815992,-0.009814436415178984,0
2019-10-01,65.0199966430664,65.06999969482422,64.45999908447266,64.56999969482422,55.28767013549805,42550500,64.02919960021973,64.84537094050096,65.19890443711054,0.3196580753344875,0.4260375076223262,-0.1063794322878386,65.43857344246706,48.48861507721834,-1.5250876996403817,-165.16841304175853,-93.20985037934982,0.5196313717259932,66.08709797621081,65.10899982452392,64.13090167283703,216897600.0,486362435.4577616,-8989735.121984243,-0.02044292552366278,-1
2019-10-02,63.72999954223633,63.77999877929688,63.09999847412109,63.25,54.15742874145508,43464100,63.974399642944334,64.69343085092943,65.02185683477492,0.1538048414457762,0.3715909743870162,-0.21778613294124,64.92745443836107,36.70870945387177,-3.420366371715437,-299.7597078637315,-94.96639741932158,0.5875149323672179,66.25046196185025,65.0724998474121,63.89453773297396,173433500.0,462073860.14894,-18246657.170025468,0.0066402872560524795,0
2019-10-03,63.2599983215332,63.68999862670898,62.97999954223633,63.66999816894531,54.51704788208008,39571700,63.9269995880127,64.59596107169284,64.88828524634951,0.0556142147941898,0.308395622468451,-0.2527814076742611,64.61461964768269,41.57252812554297,-3.1045517332983774,-199.77731380795976,-76.68925841584542,0.5962638003747488,66.32977518525298,65.03999977111816,63.75022435698335,213005200.0,499416114.6981071,-8493166.363123178,0.007852992215788612,0
2019-10-04,63.720001220703125,64.19999694824219,63.68000030517578,64.16999816894531,54.94517135620117,18837500,63.90299949645996,64.55539317619308,64.80542795090449,0.0179364963088346,0.2503037972365277,-0.2323673009276931,64.48724943153564,46.8127343525064,-2.120194388973453,-100.348336544577,-59.79738306868897,0.5915305845834722,66.34924688026112,65.02199974060059,63.69475260094007,231842700.0,516080131.4168593,1571191.2286782265,-0.0012467170537243666,0
2019-10-07,64.12000274658203,64.41000366210938,64.08000183105469,64.08999633789062,54.87666320800781,19228000,63.87479942321777,64.51106966778332,64.71666572207496,-0.0181694006662098,0.1966091576559802,-0.2147785583221901,64.36252023465511,46.10029226306127,-1.988076256143244,-66.7618058600827,-62.50014498412907,0.572849959331416,66.3736485685205,64.99049949645996,63.60735042439942,212614700.0,498016818.1510342,-201824.99822711945,-0.009361752125254919,0
2019-10-08,63.7599983215332,63.810001373291016,63.43999862670898,63.4900016784668,54.3629264831543,27797800,63.83179946899414,64.41382509737223,64.57376116798038,-0.0941132597241676,0.1384646741799506,-0.2325779339041183,64.1057823394231,41.05399194150459,-2.5330023436319618,-107.19053541580118,-82.77021497602284,0.5783605130350041,66.45330084576975,64.92349948883057,63.39369813189139,184816900.0,477732339.84928393,-7362954.27813375,0.007245220858588697,0
2019-10-09,63.91999816894531,64.08000183105469,63.77000045776367,63.95000076293945,54.756797790527344,22989500,63.81319953918457,64.36965135123577,64.48104700360979,-0.1158458347578061,0.0876025723923993,-0.2034484071502055,64.0169229097142,45.939850835161096,-1.5396400805062675,-60.57837178690991,-66.78080267969237,0.5791919158602102,66.44271771342221,64.86149940490722,63.28028109639223,207806400.0,481440250.7149703,-8443357.864637673,0.007036759305251383,0
2019-10-10,63.91999816894531,64.43000030517578,63.880001068115234,64.4000015258789,55.14210891723633,25532400,63.8121996307373,64.37254184405893,64.43709482465472,-0.0956551037974549,0.0509510371544284,-0.1466061409518833,64.06373540084246,50.2814152139663,-1.2118436661164549,-22.86573921831862,-46.00755106688192,0.5771067245173772,66.36144869625338,64.80299949645996,63.24455029666655,233338800.0,504187407.4604048,-880031.4706021547,0.017857166127811075,1
2019-10-11,65.37000274658203,65.81999969482422,65.37000274658203,65.55000305175781,56.12678909301758,37665600,63.83779975891113,64.48468100669692,64.50823802039737,0.0129919450740629,0.0433592187383553,-0.0303672736642923,64.40315323683092,59.28122888629164,0.8927225183272215,115.0754214378604,-9.506923540844792,0.63731325626223,66.29356265018123,64.78349952697754,63.27343640377384,271004400.0,496654542.89833504,-102761.08182781936,-0.0041190581219003874,0
2019-10-14,65.23999786376953,65.41000366210938,65.19999694824219,65.27999877929688,55.89560317993164,12662000,63.86939971923828,64.56042555646835,64.5555236634754,0.0764274180953208,0.0499728586097484,0.0264545594855723,64.61262815975573,56.68673240104176,0.1073450326744239,85.48899400371653,-19.014115722327663,0.6167913167803296,66.28511074297026,64.77999954223633,63.27488834150239,258342400.0,493639693.3742488,-734715.218463242,0.011642189804566883,1
2019-10-15,65.55999755859375,66.25,65.51000213623047,66.04000091552734,56.54635238647461,24932600,63.9479997253418,64.70133749542634,64.67552379426502,0.1858835583315539,0.0771549985541095,0.1087285597774443,64.98137085374394,61.75994700856155,2.2766009410728816,128.05283735739607,-6.421989451838583,0.6420205956319579,66.37061522090197,64.80349960327149,63.236383985641005,283275000.0,504421379.0814647,2504086.743251324,0.0015142106713323944,0
2019-10-16,66.0199966430664,66.29000091552734,65.97000122070312,66.13999938964844,56.63197326660156,28518700,64.02019973754882,64.83835291392369,64.80280948820568,0.2774985486649655,0.1172237085762807,0.1602748400886847,65.30777417986701,62.384249771844026,4.569168995491601,128.61748629972803,-4.53176627324976,0.6190191027171194,66.48360906975738,64.83599967956543,63.18839028937349,311793700.0,506203500.357959,4168445.5207235217,0.0024191663680968034,0
2019-10-17,66.4800033569336,66.52999877929688,66.12999725341797,66.30000305175781,56.76896667480469,26853900,64.09079978942871,64.9775576889555,64.94223838079543,0.3588781232692071,0.165554591514866,0.193323531754341,65.61333234822808,63.41349515488259,4.130681574442498,122.2470816680946,-6.4787542807897225,0.6033749900858184,66.5938001523719,64.8654998779297,63.13719960348749,338647600.0,502176106.8219388,3188926.57543546,-0.00045258532896264025,0
2019-10-18,66.20999908447266,66.37999725341797,66.01000213623047,66.2699966430664,56.7432861328125,21446100,64.14859970092773,65.10064711315654,65.07599997747512,0.4161535964308314,0.2156743924980591,0.2004792039327723,65.85105349844864,63.06499231025652,3.272554985263153,98.8369063029836,-7.324005411498469,0.58670499916451,66.71208726201523,64.90099983215332,63.08991240229141,317201500.0,510870232.6467491,5264624.626126766,0.005432331803041146,0
2019-10-21,66.70999908447266,66.75,66.58999633789062,66.62999725341797,57.0515251159668,29016200,64.22239967346191,65.24629950746716,65.24066639854794,0.4850030489196371,0.2695401237823747,0.2154629251372624,66.13322671578601,65.5137431362134,3.963178437608477,105.36128227705603,-3.183096339813596,0.5790834532908732,66.91613157820892,64.9629997253418,63.00986787247469,346217700.0,496362132.6467491,1018957.953579843,-0.002401261283357381,0
2019-10-22,66.68000030517578,66.91000366210938,66.45999908447266,66.47000122070312,56.914527893066406,21293000,64.30299972534179,65.36284252777534,65.38419035048712,0.5206546110926382,0.3197630212444274,0.2008915898482108,66.31586491754845,63.49880096399023,4.69365169862174,90.5552799556926,-11.195979138578194,0.5698635336012907,67.08983471956188,65.02949981689453,62.96916491422717,324924700.0,476015680.7368767,-7284409.288655937,0.005415986215439261,0
2019-10-23,66.5999984741211,66.83000183105469,66.5199966430664,66.83000183105469,57.222782135009766,14206200,64.37899978637695,65.50257198523052,65.55566673278808,0.5713713582238427,0.3700846886403104,0.2012866695835322,66.5510560483581,66.03042382021007,4.503519990236284,88.26366912291037,-2.3055249268667533,0.5548733247977387,67.32729975404933,65.12350006103516,62.919700368020976,339130900.0,490221880.7368767,-5498867.770601809,0.0017955276657157793,0
2019-10-24,67.06999969482422,67.08000183105469,66.81999969482422,66.94999694824219,57.32552719116211,23429100,64.49199974060059,65.64042198170782,65.72961881728399,0.6141676069686639,0.4189012723059812,0.1952663346626827,66.76634154793872,66.8556006976212,3.95962012724266,93.20856703308112,-3.5715595705325343,0.5338110970429336,67.55502084298489,65.21149978637695,62.86797872976901,362560000.0,490221193.24311227,-4268740.645722806,0.001045551874757189,0
2019-10-25,66.76000213623047,67.06999969482422,66.75,67.0199966430664,57.38545989990234,17184200,64.60219970703125,65.77181004469435,65.90185661315918,0.6462823916753138,0.4643774961798477,0.181904895495466,66.95164745393781,67.3538041797027,2.2425530478585904,84.69247466755164,-1.648492724309758,0.518538854027311,67.78230545327348,65.31399955749512,62.84569366171676,379744200.0,502034997.8589004,381498.34181696177,0.004476321497829394,0
2019-10-28,67.12000274658203,67.33999633789062,67.11000061035156,67.31999969482422,57.6423454284668,16490600,64.70359970092774,65.91925667804004,66.09290424528577,0.6880103736606173,0.5091040716760017,0.1789063019846156,67.17152549670979,69.47174032709162,3.125001460898184,105.46008668321905,-0.5601307042879644,0.5043574855128045,68.0368755755033,65.4194995880127,62.8021236005221,396234800.0,515658095.5302332,6583809.1556149125,-0.00029703866840546933,0
2019-10-29,67.05999755859375,67.33000183105469,67.02999877929688,67.30000305175781,57.625221252441406,15251900,64.79699974060058,66.05075633267984,66.27199981326149,0.7112674891747304,0.5495367551757475,0.1617307339989828,67.3361814592382,69.14971739772787,1.907937793402145,99.47508547497904,-1.1558769019764823,0.4897607402445907,68.26506906437284,65.55599975585938,62.84693044734591,380982900.0,527859770.6790049,12404941.203540027,0.004160457156020314,0
2019-10-30,67.23999786376953,67.58000183105469,66.91999816894531,67.58000183105469,57.86496353149414,22592900,64.90019981384278,66.19639876109649,66.46476191566104,0.7437193485194484,0.5883732738444878,0.1553460746749606,67.53301033116568,71.16520101665135,2.1772035904064806,109.26061094994316,0.0,0.5019209489492181,68.40068501307954,65.7724998474121,63.14431468174467,403575800.0,550452670.6790049,20847241.477369428,-0.0023676184932545086,0
2019-10-31,67.37000274658203,67.41999816894531,67.11000061035156,67.41999816894531,57.72796630859375,22047900,64.99139976501465,66.31293203803448,66.62166651771182,0.7479053353760321,0.6202796861507966,0.1276256492252354,67.64170532461883,68.41460129624711,1.6892836585741386,95.24146558035004,-6.722829153203058,0.4996409683602115,68.49485285051387,65.9599998474121,63.42514684431034,381527900.0,572500570.6790049,29420946.90962976,0.008899413978291415,0
2019-11-01,67.8499984741211,68.0199966430664,67.80999755859375,68.0199966430664,58.24171447753906,32338600,65.09699966430664,66.47550961946608,66.81785668872652,0.790524943123728,0.654328737545383,0.136196205578345,67.87520631297656,72.67902895633206,2.6407123715813503,163.59187416592843,0.0,0.5068093616288459,68.69909573881012,66.15249977111816,63.6059038034262,413866500.0,604839170.6790049,40543294.86740625,0.005145635412954652,0
2019-11-04,68.4800033569336,68.52999877929688,68.2300033569336,68.37000274658203,58.54139709472656,20429900,65.22519973754883,66.65593753633426,67.0290474482945,0.8428282572449888,0.6920286414853043,0.1507996157596844,68.14576748642637,74.8151411750316,2.611444641887336,185.22824426756964,-6.249850988245953,0.5070374169575332,68.9031605498923,66.36650009155274,63.82983963321316,434296400.0,603477385.1725326,40974296.83740032,-0.001901490091998026,0
2019-11-05,68.29000091552734,68.3499984741211,68.11000061035156,68.23999786376953,58.430084228515625,15727300,65.34059967041016,66.80680042466143,67.20747580755325,0.8638309969476126,0.726389112577766,0.1374418843698466,68.32149573750955,72.54626030799,2.662850324298043,138.46144530655502,-11.507988168367644,0.4893920397627429,68.89663414982108,66.60399990081787,64.31136565181465,418569100.0,604787785.1884273,37842625.20860076,-0.00043960697883904665,0
2019-11-06,68.30999755859375,68.37999725341797,68.11000061035156,68.20999908447266,58.40439224243164,16600200,65.45639968872071,66.94043839226251,67.36042811075846,0.8680488419906851,0.7547210584603498,0.1133277835303353,68.44506446408599,72.00362858679277,2.0649367284271256,118.02200372434288,-12.698417504034198,0.4737209399987188,68.86194488547603,66.81699981689454,64.77205474831304,401968900.0,600483994.8863561,31751860.33628726,0.003078714078453393,0
2019-11-07,68.58999633789062,68.63999938964844,68.38999938964844,68.41999816894531,58.58420944213867,21271500,65.5763996887207,67.08134884718467,67.51309462047759,0.8782131906633737,0.7794194849009546,0.098793705762419,68.58813327010947,73.4980284970767,2.1956703326507334,119.81197122199126,-10.091797702082683,0.4705980375113661,68.8525952990465,67.01799964904785,65.1834039990492,423240400.0,584317447.1568639,21229749.48947644,-0.000584637775472796,0
2019-11-08,68.18000030517578,68.37999725341797,68.02999877929688,68.37999725341797,58.54996109008789,10298800,65.68479965209961,67.20502964777832,67.64280867803664,0.8729776279498935,0.7981311135107424,0.0748465144391511,68.68236302093722,72.70196366025935,2.029246013834681,78.52886923158064,-11.926701827204733,0.4648409912354427,68.95551083462608,67.15949935913086,65.36348788363564,412941600.0,594616247.1568639,18272163.28037417,-0.0013161208175703765,0
2019-11-11,68.0199966430664,68.30999755859375,68.0199966430664,68.29000091552734,58.472904205322266,8544000,65.7863996887207,67.3083602447068,67.75047549293154,0.8517480333090361,0.8088544974704012,0.0428935358386349,68.72377196974537,70.84283989164139,1.4408812018721708,61.647790999732656,-16.50934059804299,0.4573523926008798,68.94833958917474,67.30999946594238,65.67165934271003,404397600.0,601981965.9224844,17744773.68567753,0.00043928509144386396,0
2019-11-12,68.27999877929688,68.45999908447266,68.18000030517578,68.31999969482422,58.49858474731445,18570100,65.89099967956543,67.4047068590037,67.8466659909203,0.8278016947359248,0.8126439369235059,0.0151577578124189,68.75345956819568,71.10805748680826,1.5155967263210472,66.0812993402488,-16.93120625206882,0.4446842773648794,69.00943790699867,67.42399940490722,65.83856090281577,422967700.0,601981965.9224844,15915862.15278542,-0.003512849309741939,0
2019-11-13,67.83999633789062,68.12000274658203,67.81999969482422,68.08000183105469,58.293094635009766,21006500,65.9729997253418,67.4690206658657,67.90914241245815,0.7804615520803821,0.8062074599548812,-0.025745907874499,68.70407115767763,65.94036199612584,0.7398638450024984,19.70704900467574,-29.62951002317076,0.4486354004102451,69.0150931579032,67.52099952697753,66.02690589605187,401961200.0,617386661.3601528,18622268.514698148,-0.0027908700983551027,0
2019-11-14,67.7300033569336,67.93000030517578,67.66000366210938,67.88999938964844,58.13039779663086,17870900,66.04439971923829,67.50911387765453,67.94428525652204,0.7193206580690799,0.788830099577721,-0.0695094415086411,68.60368720385124,62.09304854240353,0.6971243451021255,-18.394633281885184,-43.60462021610688,0.4465898838770356,68.99193766289952,67.60049934387207,66.20906102484463,384090300.0,629962292.8473381,22037838.54370344,0.006333779776721338,0
2019-11-15,68.05000305175781,68.31999969482422,68.05000305175781,68.31999969482422,58.49858474731445,23494600,66.12019973754883,67.58634109833736,68.01280909946986,0.697522880460923,0.7705686557543614,-0.0730457752934383,68.62344240348087,66.81234325880476,0.4410512592819912,45.563491654964245,-18.60462021610688,0.4454049139698031,68.98501514931662,67.70299949645997,66.42098384360331,407584900.0,653456892.8473381,28907231.86977804,0.0011709869937359674,0
2019-11-18,68.23999786376953,68.45999908447266,68.12999725341797,68.4000015258789,58.56709289550781,20587500,66.19379974365235,67.66383256762703,68.07919024512881,0.6788777833254329,0.7522304812685757,-0.0733526979431428,68.65159069478042,67.6200437458658,0.0438771070524415,59.66799368252578,-13.953354269796492,0.4371618366187234,69.00769483670221,67.791499710083,66.57530458346379,428172400.0,666558375.3691858,33258161.59014392,-0.0013158474455750024,0
2019-11-19,68.5999984741211,68.62999725341797,68.22000122070312,68.30999755859375,58.490020751953125,18664800,66.26339965820313,67.72537209057623,68.12857099260603,0.6493534986258709,0.7316550847400348,-0.0823015861141639,68.64296531263034,65.68328714971202,0.1025786884752871,71.36117202372147,-21.568764336292013,0.4352214220541606,68.95577331341136,67.88349952697754,66.81122574054373,409507600.0,656087623.669303,28683015.335772395,-0.00629483707427958,0
2019-11-20,67.94000244140625,68.0999984741211,67.68000030517578,67.87999725341797,58.12183380126953,20655200,66.31719955444336,67.74009829656116,68.12823744274321,0.5845198780224479,0.7022280433965175,-0.1177081653740695,68.51655881419386,57.24712241495536,-0.4838027202522118,-129.61888759679383,-77.55157648890619,0.4491339814372897,68.8934840986666,67.93599929809571,66.97851449752481,388852400.0,655103828.3123548,23890791.951248407,-0.0013258152847979154,0
2019-11-21,67.87000274658203,67.9000015258789,67.62000274658203,67.79000091552734,58.04477310180664,14293400,66.36159957885742,67.74485092693888,68.11433283487956,0.5198839160880624,0.6657592179348265,-0.1458753018467641,68.38281922234776,55.63651084037258,-0.9207794070124864,-155.2565078440248,-83.33345799705295,0.4370528955701172,68.82625892342372,67.97799949645996,67.1297400694962,374559000.0,658166588.4649434,20732961.346926093,0.0028028092467944354,0
2019-11-22,68.05999755859375,68.11000061035156,67.81999969482422,67.9800033569336,58.207462310791016,14969300,66.40239959716797,67.76724639646218,68.11452367873419,0.4784754920512029,0.6283024727581018,-0.1498269807068989,68.31687363132812,58.303699324890296,-0.5849574620513477,-65.47593097184267,-64.70570635710172,0.4286919526596959,68.75179238942809,68.02599983215332,67.30020727487855,389528300.0,659715462.6566248,18049130.49279046,0.007943413643237696,0
2019-11-25,68.27999877929688,68.5199966430664,68.27999877929688,68.5199966430664,58.66983413696289,19329100,66.46579956054687,67.83893689613878,68.16157099405925,0.4836566699240876,0.599373312191299,-0.1157166422672113,68.39814603341496,64.78383292068793,0.3367926848083663,91.9164192826218,-11.765013875071997,0.4366420479077756,68.76533335346524,68.08599967956543,67.40666600566563,408857400.0,679044562.6566248,21460537.825845003,-0.0005836732062487471,0
2019-11-26,68.41000366210938,68.54000091552734,68.36000061035156,68.4800033569336,58.63558578491211,24276000,66.52399963378906,67.8999908447859,68.1990951538086,0.4790138927834277,0.5753014283097247,-0.0962875355262969,68.44981832769999,63.99062652095725,0.2341973987472025,88.0426226750518,-15.685937184444963,0.4183104948554904,68.74086870145483,68.14499969482422,67.54913068819361,384581400.0,687137248.6228012,23480101.10352838,0.002628509000468071,0
2019-11-27,68.56999969482422,68.69000244140625,68.54000091552734,68.66000366210938,58.78970336914063,16942100,66.58739974975586,67.97237301786433,68.2481431506929,0.4842765402481177,0.5570964506974034,-0.0728199104492857,68.53431708458794,66.0079158789384,0.8519415620669383,134.17325700718,-2.8036250329775303,0.4034311083995736,68.77571213544115,68.19899978637696,67.62228743731276,401523500.0,697302853.3072017,25406242.016387463,-0.006991018516337322,0
2019-11-29,68.22000122070312,68.33999633789062,68.13999938964844,68.18000030517578,58.37871170043945,11587200,66.63679977416992,67.99214704522733,68.24633367629278,0.4445900100420061,0.534595162566324,-0.0900051525243178,68.47448712628562,56.86012625230913,0.4271629373023117,8.824207860810729,-47.66376464380699,0.4117577629753853,68.69034809618185,68.23699989318848,67.78365169019511,389936300.0,690350710.1165403,21672504.827675104,-0.005133447822741166,0
2019-12-02,68.0999984741211,68.13999938964844,67.52999877929688,67.83000183105469,58.07902145385742,38855400,66.68219985961915,67.97670464387755,68.20757195608957,0.3805099156766403,0.5037781131883873,-0.123268197511747,68.330519845273,51.27964425747003,-0.7172099911567366,-91.22483870928754,-74.13774959880035,0.4287751746113512,68.70590898954102,68.2275001525879,67.74909131563477,351080900.0,689714086.8831811,17972277.237344384,-0.0036856847007417093,0
2019-12-03,67.2300033569336,67.62000274658203,67.0199966430664,67.58000183105469,57.86496353149414,28161500,66.72599990844726,67.93892342360871,68.14590544927688,0.306025398260175,0.4642275702027448,-0.1582021719425698,68.14449133250154,47.68000696240296,-1.198829936449599,-161.85729893589368,-66.46687163930906,0.4560058898525604,68.73793048261213,68.18800010681153,67.63806973101093,322919400.0,714120672.4714015,22590436.161429644,0.00917423942570239,0
2019-12-04,68.0,68.20999908447266,67.94000244140625,68.19999694824219,58.39583206176758,21762200,66.78719985961914,67.9637875688119,68.14704800560361,0.2936394136410456,0.430109938890405,-0.1364705252493593,68.15084129892806,55.94018410639853,-0.1610314950709932,2.162458553880831,-29.341544421652788,0.4684338443929468,68.73545019434198,68.18600006103516,67.63654992772834,344681600.0,734270493.2462184,28837313.58950365,-0.0019061181706008234,0
2019-12-05,68.23999786376953,68.23999786376953,67.95999908447266,68.06999969482422,58.28452301025391,21039700,66.84959991455078,67.9739030093845,68.13600035167876,0.2702188252634698,0.398131716165018,-0.1279128909015481,68.1208297293865,54.01459594980202,0.2799093239454761,-9.383902134075509,-37.125784066042,0.4549741968860845,68.73061180015482,68.17900009155274,67.62738838295066,323641900.0,729762149.9001694,27336807.51001799,0.009108311287816528,0
2019-12-06,68.62000274658203,68.70999908447266,68.55000305175781,68.69000244140625,58.815391540527344,23179600,66.91959991455079,68.04210295529133,68.184667242141,0.2982488531820166,0.3781551435684177,-0.079906290386401,68.25582117929456,60.92336659694058,1.327631676831502,113.93277870830232,-1.1832316082198702,0.4681902820833954,68.77914766061616,68.19250030517578,67.60585294973541,346821500.0,747147678.8878189,29769559.01811528,-0.005240946244814193,0
2019-12-09,68.56999969482422,68.68000030517578,68.33000183105469,68.33000183105469,58.50714111328125,21946200,66.98679992675781,68.06952189584021,68.19776262555804,0.2880928565296727,0.3601426861606687,-0.0720498296309959,68.27157321263451,55.69141928582523,0.5148550409499145,63.24811195970352,-22.485012098667344,0.4604624483882645,68.77385020394397,68.19000053405762,67.60615086417127,324875300.0,725201478.8878189,21075570.17887187,0.0004390279305281908,0
2019-12-10,68.26000213623047,68.5,68.13999938964844,68.36000061035156,58.53282928466797,23419000,67.0497999572754,68.09718653531749,68.2139531090146,0.2792458346345228,0.3439633158554395,-0.0647174812209167,68.29064078217262,56.03027765768848,-0.2335026861549531,39.17741304228984,-20.70993896493192,0.4532866028142144,68.78053665685407,68.19350051879883,67.60646438074359,348294300.0,730405811.4017001,17258901.43733704,0.005266246447298117,0
2019-12-11,68.38999938964844,68.79000091552734,68.37000274658203,68.72000122070312,58.841087341308594,16546800,67.13279998779296,68.15650221963993,68.26409603300549,0.2978501159169582,0.3347406758677433,-0.0368905599507851,68.3980940881436,59.98517852505307,0.3504641530442207,91.91298981546144,-3.954775472202343,0.4516232958400406,68.84219098367038,68.21350059509277,67.58481020651516,364841100.0,741437011.4017001,17638473.18513322,0.006693816593444257,0
2019-12-12,68.63999938964844,69.25,68.5999984741211,69.18000030517578,59.23495101928711,30690900,67.25139999389648,68.2539782277862,68.35614362444197,0.3457269001170715,0.336937920717609,0.0087889793994625,68.60365888552224,64.39238301915763,0.7573501534101592,151.6433427967932,-3.1389950426116475,0.4657931694142453,69.0211037291144,68.26850051879883,67.51589730848326,395532000.0,765517608.0459481,23852262.99738944,0.0069384700031243085,0
2019-12-13,69.55999755859375,69.9800033569336,69.4000015258789,69.66000366210938,59.64595413208008,46988400,67.37120010375976,68.38788541200746,68.48866773332868,0.417588159515077,0.3530679684771026,0.0645201910379744,68.89405838813009,68.31413300912524,2.170729466572386,230.0180690828056,-10.810775979833698,0.4896653038673573,69.30235041351715,68.35700073242188,67.41165105132661,442520400.0,760656952.2147413,22679308.06543839,-0.0005742307410917524,0
2019-12-16,69.5999984741211,69.70999908447266,69.51000213623047,69.62000274658203,60.28324890136719,34004700,67.4802001953125,68.50522992006218,68.60895363943918,0.4659399203744101,0.3756423588565641,0.090297561517846,69.1179105473116,67.64550238944257,2.638951595469109,163.1854832034026,-12.16215519596674,0.468974707036988,69.51541157747575,68.42200088500977,67.32859019254379,408515700.0,764058200.5324342,21219922.961139083,-0.005745497128676003,0
2019-12-17,69.30000305175781,69.4000015258789,69.22000122070312,69.22000122070312,59.9369010925293,28111100,67.58280029296876,68.57330337726607,68.68495367140997,0.4666035438223019,0.3938345958497117,0.0727689479725902,69.19281310249104,61.19534263962837,2.426752508454087,94.49432809205985,-25.67568960806652,0.4640480512399822,69.61020924672383,68.46300086975097,67.31579249277812,380404600.0,735947100.5324342,9749376.967458488,-0.0013002595448992071,0
2019-12-18,69.13999938964844,69.20999908447266,69.01000213623047,69.12999725341797,59.85896682739258,18590900,67.69560020446778,68.6263218416615,68.74847713652112,0.4546262537621715,0.4059929274322036,0.0486333263299678,69.22572331815083,59.813323159105096,1.363636872127091,63.83335810040924,-28.71635728167351,0.4459016964708875,69.68453374167555,68.50400085449219,67.32346796730883,361813700.0,739664713.1745338,5353450.631851912,0.0,0
2019-12-19,68.98999786376953,69.1500015258789,68.93000030517578,69.12999725341797,59.85896682739258,25939200,67.79920013427734,68.67429092849545,68.80809584118072,0.440061411079597,0.4128066241616823,0.0272547869179147,69.2476617723335,59.813323159105096,1.557216928670485,50.114882767764,-28.71635728167351,0.4297659482017616,69.74060949392226,68.56650085449219,67.39239221506212,361813700.0,760886713.6739097,9820894.505100489,0.0007233191630908742,0
2019-12-20,69.29000091552734,69.31999969482422,69.16000366210938,69.18000030517578,59.90224838256836,38587700,67.89480010986328,68.72245372627454,68.86652436029344,0.4276241121257271,0.4157701217544913,0.0118539903712358,69.27378262874191,60.38970212921932,0.7133466972686568,58.47000344874548,-27.027068824199564,0.4126399834306536,69.7822538494046,68.63600082397461,67.48974779854463,400401400.0,731944558.6360002,1546809.077085495,0.0015900637448151844,0
2019-12-23,69.23999786376953,69.33000183105469,69.18000030517578,69.29000091552734,59.99749755859375,21313800,67.96960006713867,68.77650583953671,68.92881008329846,0.421781557792471,0.4169724089620872,0.0048091488303838,69.31909009265728,61.69138662519963,1.4049452052500238,56.01435738701464,-33.823633908903574,0.3938800936055288,69.8400136578558,68.7015007019043,67.56298774595278,421715200.0,741890854.0940135,1186067.3134394884,-0.001010242371183634,0
2019-12-24,69.27999877929688,69.27999877929688,69.16000366210938,69.22000122070312,59.9369010925293,5947000,68.0484001159668,68.8187434948859,68.97819108508882,0.4068134092799624,0.4149406090256623,-0.0081271997456998,69.33354506515704,60.3326485371606,1.258046522342095,42.37972381450845,-37.62378855291088,0.3750313193064173,69.89343286469855,68.73650093078614,67.57956899687372,415768200.0,741890854.0940135,930666.836180687,0.0043339413041436625,0
2019-12-26,69.3499984741211,69.54000091552734,69.2699966430664,69.5199966430664,60.19665145874024,8372000,68.11800003051758,68.88552950899832,69.05280972435361,0.4143814359127589,0.4148287744030817,-0.0004473384903228,69.41886402433433,63.99283577076528,1.1641376719333765,76.38966109271047,-25.00031098008484,0.3711004889862603,69.98737112376054,68.78850059509277,67.589630066425,424140200.0,749022312.4720863,3010679.1397633557,0.0017261615704349254,0
2019-12-27,69.83999633789062,69.8499984741211,69.58999633789062,69.63999938964844,60.300559997558594,16281600,68.18800003051757,68.95738378334595,69.13390484764463,0.4251613746154987,0.4168952944455651,0.0082660801699335,69.51554097764364,65.36938437811358,0.6649307349572834,113.25279142125028,-18.47843664091752,0.3681648705625766,70.09025509621515,68.83750038146972,67.5847456667243,440421800.0,739003197.0755078,399994.8068846464,-0.007466924865362712,0
2019-12-30,69.76000213623047,69.7699966430664,69.0999984741211,69.12000274658203,59.85030746459961,24069000,68.24440002441406,68.97287130365414,69.16080983479817,0.3872808379742878,0.4109724031513097,-0.0236915651770219,69.4553370868027,55.47296582464602,-0.7751950719765323,30.433215406438297,-46.73906283041634,0.3897243918756292,70.10518005879271,68.88450050354004,67.66382094828737,416352800.0,716371463.1940712,-7905381.819466948,0.004629625030506013,0
2019-12-31,69.19000244140625,69.4800033569336,68.97000122070312,69.44000244140625,60.12738037109375,20142100,68.30780014038086,69.01735998344006,69.21371478126163,0.3787159391903714,0.4045211103591221,-0.0258051711687506,69.48480296481388,59.53307381092856,-0.2585468228592081,6.8097948640810655,-33.54041682067612,0.3983156593295464,70.10669250105153,68.96500053405762,67.82330856706372,436494900.0,733353959.0143772,-5180843.422016263,0.010080600858746402,1
2020-01-02,69.95999908447266,70.16000366210938,69.83999633789062,70.13999938964844,60.73350524902344,24749300,68.37800018310547,69.12427802212657,69.32561943417504,0.4235299096417719,0.408322870215652,0.0152070394261198,69.68660508338732,66.6885510579781,1.329092968392131,196.542816175217,-1.2823208932230656,0.4212931994276591,70.15620540311662,69.0930004119873,68.029795420858,461244200.0,755009006.4585886,3294968.6021003723,-0.012403803167275629,-1
2020-01-03,69.19000244140625,69.69999694824219,69.19000244140625,69.2699966430664,59.98019027709961,29921500,68.43400009155273,69.13815598602561,69.34247621808733,0.3844120900727432,0.4035407141870703,-0.019128624114327,69.62192584371661,53.92580364342522,0.2025161221043091,-5.731658671014182,-72.35809675038303,0.4590577529144111,70.12921620285157,69.14650039672851,68.16378459060546,431322700.0,734474064.4426116,-71041.53876268864,0.0038978531188937904,0
2020-01-06,69.16000366210938,69.56999969482422,69.1500015258789,69.54000091552734,60.21397018432617,22636400,68.48820007324218,69.17642693169245,69.37995245797293,0.3709222635403648,0.3970170240577292,-0.0260947605173643,69.63473601580581,56.69567058184051,0.5930908120918569,12.339985092913809,-50.40658979400692,0.4562677826309041,70.08216001326035,69.22000045776367,68.357840902267,453959100.0,753876810.498924,4732013.65232563,-0.002732275509128246,0
2020-01-07,69.5199966430664,69.54000091552734,69.30000305175781,69.3499984741211,60.049461364746094,15107500,68.53620010375977,69.19295755478089,69.39233322143555,0.3409693868738657,0.3858074966209565,-0.0448381097470907,69.5920990089119,54.225222622596334,0.2457331138990959,10.502227798266354,-65.85390059484304,0.4408199312836632,70.08135010631497,69.25300025939941,68.42465041248386,438851600.0,745063581.8852609,3462507.703212261,0.0028839882052968946,0
2020-01-08,69.2699966430664,69.73999786376953,69.26000213623047,69.55000305175781,60.2226448059082,14249500,68.5868002319336,69.22696188782632,69.42061920166016,0.3295711234637366,0.3745602219895125,-0.0449890985257759,69.60558656872493,56.37987946309024,0.3752375996465087,50.59949049934253,-49.593410205993095,0.4436182024447631,70.03409500246478,69.31400032043457,68.59390563840437,453101100.0,748032435.3360032,3573026.121700883,0.0023004460919402447,0
2020-01-09,69.68000030517578,69.75,69.54000091552734,69.70999908447266,60.36117172241211,13749100,68.63460021972656,69.27296543036407,69.45833336966378,0.3296482801143838,0.3655778336144868,-0.0359295535001029,69.65496995255384,58.07980210104155,0.7078847950424146,90.81103410178228,-36.58563816919842,0.4269311225896126,69.97281344976273,69.38150024414062,68.79018703851852,466850200.0,756543640.2370023,6001528.295791268,-0.003729768177380244,0
2020-01-10,69.66000366210938,69.77999877929688,69.37000274658203,69.44999694824219,60.13605117797852,33832300,68.67760009765625,69.28982557492388,69.4648568652925,0.3052111437725386,0.3535044956460972,-0.0482933518735585,69.62487149568636,54.371572827912615,-0.1006900146782446,29.652280609768013,-59.66430732933272,0.4257214733128434,69.92568550166442,69.41800003051758,68.91031455937073,433017900.0,735913359.83171,-114767.15247309208,0.005183594329310814,0
2020-01-13,69.51000213623047,69.8499984741211,69.37000274658203,69.80999755859375,60.4477653503418,16443000,68.72220001220703,69.33936576384482,69.50218996320451,0.3113050469655434,0.3450646059099864,-0.033759558944443,69.69070483746314,58.33794232933275,0.2441099518024718,72.94019080299182,-29.412217264194496,0.4295982057575733,69.97216537968193,69.44949989318847,68.92683440669502,449460900.0,749615772.7127857,1753404.0038040876,0.0010027173366602415,0
2020-01-14,69.68000030517578,70.0,69.66999816894531,69.87999725341797,60.50837326049805,28826600,68.77139999389648,69.39085447713751,69.54318971179781,0.3181158579208016,0.3396748563121495,-0.0215589983913478,69.75997105095539,59.08274589206369,1.0995290460597082,116.73243830217883,-23.529902036210704,0.4224841789930815,70.00904170154274,69.4604995727539,68.91195744396506,478287500.0,757477209.1949608,4859621.629900098,0.0,0
2020-01-15,69.81999969482422,69.98999786376953,69.79000091552734,69.87999725341797,60.50837326049805,12217900,68.80860000610352,69.43743950344994,69.58314187186105,0.3198267114279645,0.3357052273353125,-0.015878515907348,69.81374650873468,59.082745892063706,0.633633059536523,107.0174667033815,-23.529902036210704,0.4065922339394462,70.04824263554694,69.4734992980957,68.89875596064446,478287500.0,756255139.5451554,5299722.894737601,0.004149984644041371,0
2020-01-16,69.98999786376953,70.19999694824219,69.91000366210938,70.16999816894531,60.75948333740234,12883400,68.84459991455078,69.50720699540187,69.64947509765625,0.3406563510391294,0.3366954520760759,0.0039608989630534,69.92995260074171,62.319366633179705,0.0427698596491609,143.15051801771378,-2.438933617834238,0.4004070525740728,70.15776821063149,69.52099914550782,68.88423008038414,491170900.0,766473055.262072,8249126.331668496,0.00299271896754294,0
2020-01-17,70.36000061035156,70.41999816894531,70.20999908447266,70.37999725341797,60.94132232666016,18473700,68.88739990234374,69.5903298771177,69.73128444126674,0.3698458093130625,0.3433255235234732,0.0265202857895893,70.07628322194338,64.50869078220646,1.602426251110073,167.53524387513386,-2.7586896355772605,0.3896636916759248,70.29543235603637,69.58349914550782,68.87156593497926,509644600.0,777908963.501854,12344477.965646386,-0.007956771532362517,0
2020-01-21,70.05999755859375,70.13999938964844,69.80999755859375,69.81999969482422,60.456424713134766,20026600,68.91959991455079,69.61220319308974,69.7538083031064,0.3438281060294628,0.3434260400246712,0.0004020660047915,70.0470979894234,55.28412869501013,0.4026441984621186,52.53014574026376,-41.37929220116388,0.4025448347579458,70.30512485384426,69.61799926757813,68.930873681312,489618000.0,759096349.3806165,6911792.053184867,0.0020051473827036315,0
2020-01-22,70.13999938964844,70.16000366210938,69.91000366210938,69.95999908447266,60.57764434814453,14047000,68.95039993286133,69.64532661131668,69.78637971423922,0.3306936390296044,0.3408795598256579,-0.0101859207960534,70.05575326372677,56.94183555430011,0.8795971503578225,63.78788584309624,-36.22049609217775,0.3980776299384609,70.32862540249022,69.65699920654296,68.98537301059571,503665000.0,750667634.9641126,1379121.2243645191,-0.0024299338360489475,0
2020-01-23,69.69999694824219,69.86000061035156,69.36000061035156,69.79000091552734,60.430450439453125,18720200,68.97860000610352,69.6591051164796,69.7990465436663,0.3030734062331817,0.3333183291071626,-0.0302449228739809,70.01529559972396,54.30901796095669,0.3450723986179114,-19.846514449758544,-49.606214068160114,0.4125005473800776,70.33405908790313,69.68199920654297,69.02993932518281,484944800.0,764146201.8159193,3279016.1359341145,-0.004298653787394691,0
2020-01-24,70.08000183105469,70.08000183105469,69.37000274658203,69.48999786376953,60.17068099975586,24107500,69.00259994506835,69.64299966384054,69.7807607014974,0.2540479273352503,0.3174642487527802,-0.0634163214175299,69.90124855131367,49.92220442114145,-0.3155949269724327,-33.92875344500656,-73.22856404803528,0.4337504428866903,70.3193079696584,69.69549903869628,69.07169010773417,460837300.0,748187394.8237313,-1319648.728295565,-0.020722332080578387,-1
2020-01-27,68.1500015258789,68.41999816894531,68.05000305175781,68.05000305175781,58.923805236816406,32766700,68.99720001220703,69.49128570078504,69.62404679797945,0.0978711377551917,0.2735456265532625,-0.1756744887980707,69.43192826911965,35.21751462292391,-2.015830033121131,-334.718048227304,-100.0,0.5056250406813353,70.57220984170564,69.62199935913085,68.67178887655606,428070600.0,715420694.8237313,-13506720.833817244,0.009404839984528124,0
2020-01-28,68.36000061035156,68.73999786376953,68.26000213623047,68.69000244140625,59.47796249389648,18001700,69.00940002441406,69.41497300941563,69.53528518676758,0.0254491469421509,0.2239263306310402,-0.1984771836888892,69.21303368297238,43.22219552090986,-1.604347738656562,-184.0387862627492,-72.9957507082153,0.518794310062077,70.60771481836508,69.57449951171876,68.54128420507243,446072300.0,729672350.633249,-12729839.770882487,0.000145501622953903,0
2020-01-29,68.81999969482422,68.93000030517578,68.5999984741211,68.69999694824219,59.48662567138672,14916600,69.02559997558593,69.34688005120864,69.45199922834124,-0.0307844652229647,0.1729841714602392,-0.2037686366832039,69.03764550531501,43.33993712900422,-1.6886095471591696,-118.12175480209704,-72.574040690188,0.5053091329901206,70.63858323052337,69.55349922180176,68.46841521308015,460988900.0,723795926.1638358,-13124538.051687716,-0.0008733269470004856,0
2020-01-30,68.1500015258789,68.66999816894531,67.9800033569336,68.63999938964844,59.434669494628906,26285300,69.03199996948243,69.279558083441,69.36499924432664,-0.0792774484854561,0.1225318474711001,-0.2018092959565562,68.88075842254518,42.76659619881399,-1.77446753363872,-122.26767690630142,-72.95092475337303,0.5206437371557258,70.66906271609446,69.51349906921386,68.35793542233327,434703600.0,747795623.7224112,-4456598.302317023,-0.016899709251596895,-1
2020-01-31,68.0,68.02999877929688,67.26000213623047,67.4800033569336,58.43024444580078,40101600,69.01360000610352,69.10817191901172,69.17133298601424,-0.2089023758907586,0.0562450027987283,-0.265147378689487,68.45453136897704,33.53076910909288,-3.833539806478451,-157.7890504879601,-93.03792731302526,0.5820261311744575,70.79933399548797,69.38049926757813,67.96166453966829,394602000.0,730609450.7741823,-5973805.406345725,0.002371014000526195,0
2020-02-03,67.66999816894531,67.98999786376953,67.5999984741211,67.63999938964844,58.56877899169922,35288000,69.00020004272461,68.96834596383427,69.00557109287807,-0.2953164973063735,-0.014067297222292,-0.2812492000840815,68.1516443843304,35.596703837003155,-3.8931485801336327,-114.49043407055473,-87.97475536412297,0.5768810151502773,70.90833121459453,69.29899940490722,67.68966759521992,429890000.0,702560191.8829894,-14976172.013705492,0.016706050615235446,1
2020-02-04,68.66000366210938,68.87000274658203,68.58999633789062,68.7699966430664,59.5472412109375,32540000,69.01800003051758,68.94945555233257,68.95518987746466,-0.2695122075752181,-0.0651562792928772,-0.2043559282823409,68.20304740043974,47.91066117650521,-1.503871464261335,-29.62973862331115,-52.21530371547152,0.6235326109919428,70.88172472977602,69.26049919128418,67.63927365279234,462430000.0,711856448.1157897,-14339588.459579349,0.009597261804954904,0
2020-02-05,69.43000030517578,69.4800033569336,69.19999694824219,69.43000030517578,60.11872100830078,28162100,69.05080001831055,68.99522171927,68.97133284069243,-0.1935739424885127,-0.0908398119320043,-0.1027341305565084,68.42292405252871,53.50270859146063,-0.7575740226310353,24.967373747590127,-31.329085654547335,0.6297093326258888,70.88698267101839,69.26449928283691,67.64201589465543,490592100.0,729960271.5892645,-7015261.495005846,0.002736604357930439,0
2020-02-06,69.63999938964844,69.68000030517578,69.5,69.62000274658203,60.28324890136719,23422500,69.08360000610351,69.0547246742521,69.00519031343006,-0.116715289986601,-0.0960149075429236,-0.0207003824436773,68.65776067885832,55.00041947292738,-0.2435852797180436,49.5533119970188,-25.31634261818937,0.6025872374383252,70.89323076108464,69.26799926757812,67.6427677740716,514014600.0,737768433.438118,-896779.7398626804,-0.00948008670025191,0
2020-02-07,69.20999908447266,69.25,68.94000244140625,68.95999908447266,59.71175765991211,22188200,69.09240005493164,69.0457031895112,68.97585696265811,-0.1078181730096474,-0.0983755606362684,-0.009442612373379,68.6829021180128,49.085784900547495,-0.7626979358035123,10.36506840289909,-41.379446421947385,0.608116742276715,70.84779715678009,69.23049926757812,67.61320137837616,491826400.0,718442768.9864542,-4461314.098300457,0.002030153589140049,0
2020-02-10,68.8499984741211,69.12999725341797,68.8499984741211,69.0999984741211,59.83298873901367,13957600,69.10479995727539,69.05087416899785,68.9634283156622,-0.0884507577080597,-0.0963906000506267,0.0079398423425669,68.74301068526592,50.306532003739534,1.542976304592772,16.00399218907255,-36.55188380175161,0.584679744921012,70.82799089745787,69.21299934387207,67.59800779028627,505784000.0,729409563.362476,-2024524.1163544653,0.0068017544295482235,0
2020-02-11,69.58000183105469,69.70999908447266,69.43000030517578,69.56999969482422,60.23996353149414,16040600,69.12299987792969,69.10031469526703,68.99742834908622,-0.0347758961170114,-0.0840676592639036,0.0492917631468921,68.91695297093155,54.27058810748646,1.2811140226245028,84.39591729319625,-18.085184092981223,0.5864883781660514,70.80157128751165,69.2009994506836,67.60042761385554,521824600.0,729409563.362476,-843607.8404350281,0.00344973213773625,0
2020-02-12,69.80000305175781,69.86000061035156,69.68000030517578,69.80999755859375,60.4477653503418,13218100,69.15559982299804,69.16790353939338,69.05542816888719,0.02681849336318,-0.0618904287384869,0.088708922101667,69.12365756020334,56.19228191815626,1.615721484220479,106.9754057730348,-9.57462062696315,0.5653107022632865,70.79241305016518,69.19749946594239,67.60258588171959,535042700.0,735283838.7195734,1585273.507920742,-0.007019021356622468,0
2020-02-13,69.18000030517578,69.51000213623047,69.0999984741211,69.31999969482422,60.02348709106445,20113100,69.18539978027344,69.18238888752964,69.06709485735212,0.0356824333861425,-0.042375856313561,0.0780582896997035,69.1667313143228,51.43941063178941,0.990676444088564,57.34429437369722,-20.769278170822247,0.5756455867068129,70.73489218532352,69.1694995880127,67.60410699070188,514929600.0,736755455.9357996,2903032.854872704,-0.001731141764430677,0
2020-02-14,69.30999755859375,69.33000183105469,69.0199966430664,69.19999694824219,59.9195671081543,15005100,69.21779968261718,69.18406584569274,69.06999936785017,0.0326476096495866,-0.0273711631209314,0.0600187727705181,69.17112734664086,50.31693923604573,2.5488937548072363,35.42197180311161,-25.38477113270165,0.556671272512632,70.61800704056606,69.12099952697754,67.62399201338903,499924500.0,739175371.2829312,3948177.21136117,-0.0063583068123660436,0
2020-02-18,68.69999694824219,68.9000015258789,68.62000274658203,68.76000213623047,59.53858947753906,29201900,69.22899978637696,69.14367882574396,69.0356186639695,-0.0052014550298338,-0.0229372215027119,0.0177357664728781,69.06073679111682,46.32540738860106,1.655829031177424,-21.43277557822474,-42.307658449412685,0.5583371960231696,70.42702407592763,69.03999977111816,67.65297546630869,470722600.0,739175371.2829312,4016811.065255404,0.003344905764886219,0
2020-02-19,69.0,69.11000061035156,68.94000244140625,68.98999786376953,59.73772811889648,16232700,69.24739974975586,69.12904254365115,69.03085657755534,-0.0164487672680877,-0.0216395306557871,0.0051907633876993,69.03044596437174,48.61985226511387,0.3199087268318286,9.824617723939047,-33.46166373717308,0.5434558587444498,70.33856216082819,68.99849967956543,67.65843719830266,486955300.0,732490546.976316,1552734.3565385342,-0.005942832952748334,0
2020-02-20,68.72000122070312,68.87000274658203,68.19000244140625,68.58000183105469,59.382720947265625,24607700,69.24519973754883,69.0767529519753,68.99099963960194,-0.0577795499246889,-0.0288675345095674,-0.0289120154151214,68.90008472121058,44.93250475134245,-1.224252441862267,-55.86757628928064,-49.230751173020096,0.5617801132886521,70.20498223473022,68.92949981689453,67.65401739905884,462347600.0,736109269.54585,1554957.0335934162,-0.004666078831734755,0
2020-02-21,68.36000061035156,68.41999816894531,68.05999755859375,68.26000213623047,59.10563659667969,24361900,69.24379974365235,68.9989671599996,68.92723795572917,-0.1150298020213966,-0.0460999880119333,-0.0689298140094633,68.711547659451,42.23986910078896,-1.9534624485752856,-118.93365985575616,-70.7963257410802,0.558796124658101,70.09597994063978,68.85299987792969,67.6100198152196,437985700.0,738816720.9848362,2275968.401739359,-0.039994187979736195,-1
2020-02-24,65.51000213623047,66.02999877929688,65.5,65.52999877929688,56.74176025390625,51653500,69.18719970703125,68.66858921898029,68.61076166062128,-0.3763511527696863,-0.1121502209634839,-0.2642009318062024,67.85110753303938,27.241450035947636,-4.973898420407745,-346.2014732528095,-99.31195469960136,0.7160251254846989,70.52996591868165,68.65499992370606,66.78003392873046,386332200.0,693010562.5521766,-12210665.394568682,-0.01648102931745965,-1
2020-02-25,65.83000183105469,65.88999938964844,64.3499984741211,64.44999694824219,55.80659103393555,55520000,69.10179962158203,68.26681852652904,68.21028518676758,-0.6629551929811726,-0.2223112153670217,-0.4406439776141508,66.87134279290136,23.661970936627245,-6.729380070276552,-247.9739449683887,-98.18514636385412,0.7748805390591735,71.09207867820349,68.47499961853028,65.85792055885706,330812200.0,644700837.8542559,-32398231.133799672,0.0012413007733567127,0
2020-02-26,65.0,65.43000030517578,64.4800033569336,64.52999877929688,55.87586975097656,64966000,69.00879959106446,67.91093093155455,67.8345708211263,-0.8735655605501194,-0.3525620844036412,-0.5210034761464781,66.09942326933,24.453855782452347,-7.244503288250415,-171.42703190278186,-96.73320806915468,0.7895321689073465,71.39420387092852,68.26699943542481,65.1397949999211,395778200.0,586572760.0502436,-56206784.4980526,-0.029598634488505415,-1
2020-02-27,63.5099983215332,64.19999694824219,62.59000015258789,62.619998931884766,54.22202301025391,80201400,68.86799949645996,67.40703264587171,67.29676124936059,-1.180983180398556,-0.5182463036026241,-0.6627368767959319,64.9856534436881,19.305016319652108,-10.29938243540861,-172.0276395169043,-99.58736207141722,0.8717083444646063,71.93162264480779,67.96299953460694,63.99437642440608,315576800.0,509360116.4308706,-85404598.88977003,-0.006068305012769337,0
2020-02-28,61.2599983215332,62.34999847412109,60.66999816894531,62.2400016784668,53.89298629760742,122342000,68.72039947509765,66.91493445849981,66.75171383449009,-1.4386921143940723,-0.7023354657609138,-0.7363566486331588,63.99319659587148,18.47171690480361,-10.21349978004407,-160.34783245480185,-82.91617962528808,0.948729231498524,72.31196578892516,67.64299964904785,62.97403350917053,193234800.0,615681609.8482488,-55755538.79087305,0.0128534578323658,1
2020-03-02,62.22999954223633,63.16999816894531,61.709999084472656,63.040000915527344,54.585693359375,78735900,68.59679946899413,66.54589316869291,66.31333300272624,-1.5603878686775374,-0.8739459463442385,-0.6864419223332989,63.41073350574537,25.73920450604141,-8.901728763546311,-108.5130032465372,-74.21107598509653,0.985248506710962,72.50374627538375,67.42099952697754,62.33825277857134,271970700.0,680396335.6512954,-17966643.377548337,-0.008090135292254441,0
2020-03-03,63.56999969482422,64.2699966430664,62.04999923706055,62.52999877929688,54.14408493041992,77691700,68.46479949951171,66.16342703636948,65.84752340770903,-1.678635278272111,-1.034883812729813,-0.643751465542298,62.82706310904853,24.25483690235665,-9.06050489147807,-85.51850427025869,-79.76060809329934,1.0734448566605976,72.67439947021595,67.16549949645996,61.65659952270398,194279000.0,636301053.678339,-14904535.57462442,0.02990568979830477,1
2020-03-04,63.630001068115234,64.47000122070312,63.09999847412109,64.4000015258789,55.763301849365234,41681700,68.37019958496094,65.9954817496561,65.58414264860608,-1.6029755051129229,-1.148502151206435,-0.4544733539064878,62.86141452506944,38.30420639404879,-6.653133033797478,-51.49667424041658,-57.80541082631312,1.1353418269995723,72.53016407043813,66.94699974060059,61.363835410763045,235960700.0,673723336.991717,-389807.1851148605,-0.026552839420085572,-1
2020-03-05,62.959999084472656,63.369998931884766,62.40999984741211,62.68999862670898,54.28263473510742,46294000,68.2403995513916,65.68067383318494,65.17871397109259,-1.6618408656187,-1.2511698940888882,-0.4106709715298118,62.47306433892577,32.38820699509225,-8.588514212722831,-73.78239851919919,-76.67436947397735,1.1963889592472314,72.36402442580294,66.60999965667725,60.855974887551554,189666700.0,654434078.3470477,-554018.1231544018,-0.014994395394810067,-1
2020-03-06,61.560001373291016,62.09999847412109,61.15999984741211,61.75,53.468692779541016,64277200,68.08959953308106,65.3063239443102,64.71585686093285,-1.7640077380530812,-1.353737462881727,-0.4102702751713543,61.93786882368509,29.67497419763693,-9.537066997504745,-97.09370922784716,-87.20377347574866,1.2202182321079198,72.1664009659045,66.21649951934815,60.26659807279179,125389500.0,670845417.0967181,4650959.561011314,-0.07757086502878285,-1
2020-03-09,57.630001068115234,58.810001373291016,56.7599983215332,56.959999084472656,49.321075439453125,68431000,67.84439949035645,64.51143586242091,63.83428539094471,-2.2060586913351585,-1.524201708572413,-0.6818569827627452,60.284872412762056,20.32922628145724,-13.077979329265254,-187.1155374629708,-98.38056092410174,1.4894884782764113,72.65869586077005,65.61649951934814,58.57430317792623,56958500.0,615766838.3987002,-11167548.204927685,0.036868018303582106,1
2020-03-10,59.20000076293945,59.369998931884766,57.18999862670898,59.060001373291016,51.13945007324219,110061600,67.63519958496094,63.99225162536092,63.20985699608213,-2.359733088202148,-1.6913079844983605,-0.6684251037037876,59.50822405319849,30.642281980592,-8.363065679087171,-141.3653493904631,-81.00741361414872,1.5552392903575327,72.51416820333992,65.11449966430663,57.71483112527334,167020100.0,694526766.3632268,8436452.807258248,-0.05096515520217537,-1
2020-03-11,57.540000915527344,57.68999862670898,55.68999862670898,56.04999923706055,48.53312301635742,77459000,67.36339958190918,63.23584663599898,62.346571241106304,-2.69335584204849,-1.8917175560083863,-0.8016382860401037,58.12817913029258,25.539251009393315,-13.141174186659,-169.6227402761088,-97.1720296677377,1.6848652515164262,72.52490353057097,64.43849964141846,56.35209575226595,89561100.0,644953053.640449,-84132.90020918846,-0.10990187210099167,-1
2020-03-12,51.79999923706055,51.959999084472656,49.209999084472656,49.88999938964844,43.19923782348633,91385100,66.97879951477051,61.964813564917975,60.960999788556784,-3.4154436758578584,-2.196462779978281,-1.2189808958795774,55.44090098508728,18.682242535330182,-20.32896799644384,-230.26899663788208,-95.95719192917092,2.053089173021531,73.34113794882192,63.44249973297119,53.54386151712046,-1824000.0,598762059.7411903,-18259313.03028202,0.060533182896576276,1
2020-03-13,53.119998931884766,53.29999923706055,49.77000045776367,52.90999984741211,45.81422805786133,73588700,66.64819946289063,61.10245035372694,59.95790456136068,-3.7013478547090415,-2.497439794924433,-1.2039080597846086,54.073143250938784,28.778260138905168,-14.990362434843238,-146.0469747105985,-77.81774163522438,2.1585827163269125,73.13712537874322,62.621999740600586,52.10687410245795,71764700.0,656090386.9312379,-5793845.065725446,-0.10319408618822201,-1
2020-03-16,46.59000015258789,49.06999969482422,45.77000045776367,47.45000076293945,41.08647155761719,54122400,66.19439949035645,59.80221705936623,58.51295227777391,-4.318721735422642,-2.861696183024075,-1.4570255523985671,51.594040887166045,23.175894440198235,-24.730329832130327,-170.24385626018233,-91.45472879850035,2.514398192992736,73.50200363880094,61.534499931335446,49.56699622386995,17642300.0,657074453.318083,145489.77610981464,0.048682771790342416,1
2020-03-17,48.119998931884766,49.900001525878906,47.36000061035156,49.7599983215332,43.086673736572266,55045400,65.80419952392577,58.8458152748107,57.39157117207845,-4.568929708681679,-3.203142888155596,-1.3657868205260837,50.22758026564292,29.43483617649156,-20.42219847602445,-120.01545815589868,-78.66311389849193,2.516226958888065,73.11036676639463,60.584499740600585,48.05863271480653,72687700.0,706051719.7694848,18145667.01175117,-0.05727489088133231,-1
2020-03-18,46.68000030517578,48.119998931884766,45.72999954223633,46.90999984741211,40.6188850402832,74919600,65.35159950256347,57.70907094839178,56.08923784891764,-4.940244327162887,-3.5505631759570546,-1.3896811512058322,48.44012868358246,26.55978403441214,-27.158387055997977,-119.92015930046767,-93.70330736666016,2.6243535174886943,72.72021250093573,59.48049983978272,46.24078717862971,-2231900.0,705111344.4057317,23560559.445887446,0.015561704212552874,1
2020-03-19,46.86000061035156,48.70000076293945,46.459999084472656,47.63999938964844,41.25099182128906,65863000,64.91739952087403,56.75011175232098,54.96157113938104,-5.116627676425168,-3.863776076050677,-1.2528516003744905,47.24101271751912,28.486573803560905,-24.007017972159456,-92.41222450079916,-89.80789927245954,2.596899814701416,71.9384786962791,58.4334997177124,44.928520739145696,63631100.0,708639685.3559653,24756527.612573147,-0.012384554159253214,-1
2020-03-20,48.869998931884766,49.38999938964844,47.0,47.04999923706055,40.740116119384766,62803000,64.46739944458008,55.826291512772364,53.877428236461824,-5.243576151108613,-4.1397360910622645,-1.1038400600463485,46.18477742055117,27.850585776373084,-23.80566925172381,-77.00479081460932,-92.95624558912948,2.5821212129119173,70.95573131802789,57.37299957275391,43.79026782747992,828100.0,648464386.516655,3848507.903475642,-0.011689675791265897,-1
2020-03-23,47.34000015258789,47.630001068115234,46.18999862670898,46.5,40.26388549804688,61708000,64.00319946289062,54.93807327346072,52.84190446762812,-5.327155936211767,-4.377220060092165,-0.9499358761196016,45.25736773388751,27.240049792644243,-18.3637627327913,-78.29098737783772,-95.8911398676744,2.500541300661513,70.2492358859522,56.42149963378906,42.59376338162592,-60879900.0,613325181.3922539,-16235293.417416813,0.08473115326255876,1
2020-03-24,50.02999877929688,50.810001373291016,49.43000030517578,50.43999862670898,43.675479888916016,51118500,63.62299949645996,54.50968521186532,52.27223770504906,-5.017628459319084,-4.50530173993755,-0.5123267193815346,45.60061992543205,37.7652123113469,-14.595331097435942,-30.90825289370278,-73.29932399410066,2.6297884487064778,69.26750503693026,55.7209997177124,42.17449439849455,-9761400.0,637032129.5635498,-15432338.319877269,0.03251394228780358,1
2020-03-25,51.0,52.90999984741211,50.27999877929688,52.08000183105469,45.09554290771485,60405600,63.26839958190918,54.27828679464525,51.92547600155785,-4.587113759306419,-4.521664143811324,-0.0654496154950949,46.38425954883304,41.55501810402435,-7.082957109802915,0.6313446311751064,-61.209513114566505,2.629803635807103,68.1019402747554,55.09849987030029,42.09505946584518,50644200.0,659311107.6509513,-6612151.086721778,0.044738823625925184,1
2020-03-26,52.380001068115234,54.5,52.380001068115234,54.40999984741211,47.11306381225586,60511800,62.95899963378906,54.290830894908765,51.85990457080659,-4.011672329110652,-4.41966578087119,0.4079934517605377,47.6997696696875,46.536270334058585,9.059932878454829,52.67391651708734,-36.363631278729095,2.6148175310312607,67.22576839105521,54.68799991607666,42.150231441098114,111156000.0,714685102.0120342,15216210.176888466,-0.02848739646034515,-1
2020-03-27,52.43999862670898,53.7400016784668,52.040000915527344,52.86000061035156,45.77093124389648,53372400,62.61859970092773,54.15456134399856,51.68580939883277,-3.6387575029494457,-4.263484125286841,0.6247266223373957,48.43450528714962,43.858311893507775,-0.0944986528156121,46.88275698428632,-47.72726255745818,2.5973304882350825,66.28455265979981,54.2189998626709,42.15344706554198,57783600.0,712801327.9775448,22163319.84858346,0.02024214306601202,1
2020-03-30,53.04999923706055,53.970001220703125,52.70000076293945,53.93000030517578,46.69743347167969,45987700,62.29379974365234,54.13317457839639,51.65828563145229,-3.2197643443705037,-4.054740169103575,0.8349758247330712,49.36424270274775,46.161564356902005,13.656479321487163,81.29717849782978,-31.438115462857372,2.502521200344267,65.13022035405618,53.76349983215332,42.39677931025047,103771300.0,755892099.7256668,36701172.10244441,-0.008715023512766762,0
2020-03-31,53.09000015258789,53.93999862670898,52.79999923706055,53.459999084472656,46.29046630859375,64906600,61.95539978027344,54.06906262659413,51.629380798339845,-2.892293854891861,-3.822250906261232,0.9299570513693708,50.046497459133576,45.28276639042954,7.4356931023816175,92.23855576913482,-11.858618714286152,2.4051982138659933,63.94145357026306,53.30999984741211,42.67854612456115,38864700.0,766140533.1143245,42572870.27519286,-0.044332191778378216,-1
2020-04-01,51.72999954223633,52.27000045776367,51.04999923706055,51.09000015258789,44.238311767578125,40960200,61.58079978942871,53.78534239097449,51.41795225597564,-2.7918277867054755,-3.616166282350081,0.8243384956446054,50.02624682091994,41.03999464167032,8.910680705121298,32.32404411480737,-38.88255039249623,2.405541187690716,62.00635318386328,52.64449977874756,43.28264637363184,-2095500.0,727866306.6566112,28926504.720663667,0.019573301957591438,1
2020-04-02,51.16999816894531,52.29999923706055,51.0099983215332,52.09000015258789,45.10419464111328,38008700,61.223399810791015,53.62388122541386,51.36514276776995,-2.6015272741753392,-3.413238480715133,0.8117112065397936,50.30080477380622,43.44770097849696,9.34089172953764,42.28762545173666,-27.480042435786302,2.3258597396790464,60.26310611921741,52.1144998550415,43.96589359086559,35913200.0,753500143.8081876,28870439.294706583,-0.022845049399560446,-1
2020-04-03,51.2599983215332,51.470001220703125,50.59000015258789,50.900001525878906,44.07378768920898,33029800,60.84559982299805,53.36446411117244,51.24947626023066,-2.517713061939901,-3.2341333969600865,0.7164203350201857,50.24572589602072,41.28701983907714,8.182789269390195,13.023249687048498,-41.04901124530937,2.2668697582734003,58.42393308988945,51.57199993133545,44.72006677278144,2883400.0,743741414.106904,23117867.68870604,0.0530451250943369,1
2020-04-06,52.75,53.79999923706055,52.59000015258789,53.59999847412109,46.41168975830078,42257500,60.52779983520508,53.38689595526279,51.44261897859119,-2.207970397657043,-3.028900797099478,0.8209303994424353,50.92708838458309,47.64845205793867,15.268813922841048,76.15276469138206,-10.262274559885388,2.312093183481132,57.87335385707526,51.40399990081787,44.934645944560486,45140900.0,772029428.7603964,27663650.54066205,0.00559707202049009,0
2020-04-07,55.41999816894531,55.4900016784668,53.79999923706055,53.900001525878906,46.67146301269531,36678000,60.2447998046875,53.43576315246432,51.68033341907319,-1.9162005978917025,-2.806360757257923,0.890160159366221,51.5851539295784,48.31849557436275,6.859641144672413,102.15943700947707,-17.09677022404159,2.281943899257173,56.72358161921132,51.14599990844727,45.568418197683215,81818900.0,739692113.5539967,16719265.910729527,0.008163239596528094,0
2020-04-08,54.04999923706055,54.58000183105469,53.59999847412109,54.34000015258789,47.05245590209961,35282900,59.957799758911136,53.5218809619999,51.98452391851516,-1.6306693760259208,-2.571222481011523,0.9405531049856024,52.255150331659614,49.34255947407759,4.339474351142578,86.878518621688,-12.365603747426102,2.1889481462340608,56.381276438954686,51.06049995422363,45.739723469492574,117101800.0,757693531.4830123,16449808.274923086,0.02263525098973984,1
2020-04-09,55.18000030517578,55.77000045776367,55.0,55.56999969482422,48.11749267578125,42218200,59.69519981384278,53.71693988893555,52.41400008428664,-1.2902598298726249,-2.3150299507837437,1.0247701209111186,53.13482336384866,52.19429935511332,2.1319607621121546,122.32775071090586,-2.087690237084583,2.134737586158469,56.98197650012624,51.34449996948242,45.70702343883861,159320000.0,777980128.3916231,21298964.778930902,-0.009537498330168925,0
2020-04-13,55.400001525878906,55.4900016784668,54.619998931884766,55.040000915527344,47.6585693359375,33424700,59.423199844360354,53.84294570099191,52.765952555338544,-1.0511324831736673,-2.062250457261728,1.011117974088061,53.724334912893966,50.86554419493255,4.124101929633486,105.8422030955052,-11.514188086231414,2.050113527357111,57.2799759246176,51.45100002288818,45.622024121158766,125895300.0,776827603.0664979,20979728.49267316,0.017805223945042803,1
2020-04-14,55.91999816894531,56.43000030517578,55.810001373291016,56.02000045776367,48.50714492797852,36915600,59.19399978637696,54.05028424925589,53.20109545389811,-0.7736266784513717,-1.804525701499657,1.0308990230482853,54.46319526292964,53.23619412881259,3.8753942903043312,147.1473808874644,-6.6666625314945165,2.002962517520777,57.72894998984186,51.8795000076294,46.03005002541693,162810900.0,764919279.0603206,15152871.601541162,-0.031238843014994466,-1
2020-04-15,54.45000076293945,54.70000076293945,54.119998931884766,54.27000045776367,46.99183654785156,30158700,58.92659980773926,54.07120960244711,53.42876216343471,-0.6869924818347357,-1.581019057566673,0.8940265757319372,54.61208561150322,48.71606979711044,1.515154109918941,43.688761533038026,-36.98629779067634,1.995608160974929,57.957957051123664,52.10500011444092,46.252043177758175,132652200.0,750360016.0838138,6759130.871594787,0.0005527690997575441,0
2020-04-16,54.47999954223633,54.560001373291016,53.77999877929688,54.29999923706055,47.0178108215332,37284200,58.63719985961914,54.09299909145791,53.6378096989223,-0.6088946475976229,-1.386594175572863,0.7776995279752401,54.73701289176337,48.79632897316706,6.283028136397565,32.07454826586865,-36.47262007641152,1.908779191904872,57.885320970595394,52.47450008392334,47.06367919725128,169936400.0,762787961.1885465,6665207.572523117,0.026519382350624898,1
2020-04-17,55.59999847412109,55.810001373291016,55.119998931884766,55.7400016784668,48.26469802856445,36205100,58.36339988708496,54.24985648069685,53.948809850783576,-0.425895925760102,-1.194454525610311,0.7685585998502089,55.207104503668056,52.62874474124635,7.007105999590921,93.6247828983046,-11.815044669189334,1.8802951164995572,57.98627051208131,52.879500198364255,47.7727298846472,206141500.0,791647156.8873523,15203327.80229354,-0.014890595731275824,-1
2020-04-20,55.060001373291016,55.77000045776367,54.900001525878906,54.90999984741211,47.5460090637207,25077400,58.06919982910157,54.31272727752688,54.14219076974052,-0.3438783162477747,-1.0243392837378038,0.680460967490029,55.369248164105215,50.29220741578486,7.878189000631786,65.13386069190182,-26.027404418647336,1.8081311033127865,57.68716628811018,53.27250022888184,48.8578341696535,181064100.0,767146152.786767,9518300.42771411,-0.0194864268402406,-1
2020-04-21,54.09999847412109,54.52000045776367,53.66999816894531,53.84000015258789,46.61950302124024,35535300,57.76679985046387,54.2677056465803,54.19623838152204,-0.3610567651771106,-0.8916827800256653,0.5306260148485547,55.215388132671535,47.372335540529726,0.4477643382446746,0.2502408591690228,-44.34931652253774,1.7675504301095013,56.776629458386346,53.63950023651123,50.50237101463612,145528800.0,745825100.3689287,-456663.8519001007,0.016901928767330654,1
2020-04-22,54.7599983215332,54.869998931884766,54.5099983215332,54.75,47.40746688842773,28732700,57.479799880981446,54.31363844214408,54.30200026375907,-0.2978084764800215,-0.7729079193165366,0.475099442836515,55.31649813832985,50.02950410124529,1.5769915585493732,31.959207317646733,-28.76712776165459,1.714868169337171,56.65769516389321,53.85500030517578,51.05230544645835,174261500.0,755402870.0103477,-1448344.0029361248,-0.003104989387128998,0
2020-04-23,54.86000061035156,55.650001525878906,54.45000076293945,54.58000183105469,47.26026153564453,34733400,57.179999923706056,54.3390063839451,54.37104802812848,-0.2584222526419779,-0.6700107859816249,0.4115885333396469,55.346454949589166,49.526432660761685,0.4416666871418236,35.45612670131541,-31.67805523603112,1.6780919260230482,56.67584896505264,53.98000030517578,51.28415164529891,139528100.0,728195097.0578057,-10379382.367538331,0.01154263892053442,1
2020-04-24,54.9900016784668,55.2599983215332,54.56999969482422,55.209999084472656,47.80577087402344,30445100,56.88799995422363,54.421958069709625,54.488190769013904,-0.174362925970378,-0.5708812139793756,0.3965182880089976,55.52544839229832,51.47384726045128,-0.647832665698382,31.081498522338755,-31.770863860016508,1.6075138332149006,56.763501586021846,54.020000267028806,51.276498948035766,169973200.0,754227922.2696877,-4806237.097682357,0.013222234275342082,1
2020-04-27,55.58000183105469,56.06999969482422,55.4900016784668,55.93999862670898,48.43787384033203,30786900,56.620399932861325,54.56653336085242,54.67104775565012,-0.048283855539644,-0.4663617422914293,0.4180778867517852,55.85198109186104,53.70288276392638,1.6351702329418658,114.34557955002592,-17.314535739511815,1.554120031581805,56.98471084471212,54.17400016784668,51.36328949098124,200760100.0,771213637.537736,3315162.3796089888,0.007508079977714743,0
2020-04-28,57.08000183105469,57.09999847412109,56.31999969482422,56.36000061035156,48.80154800415039,35115400,56.36360000610352,54.73733976556662,54.87923827398391,0.0845507180575211,-0.3561792502216392,0.4407299682791604,56.21774065052819,54.98409347992699,0.6069263652438455,167.10635185069748,-21.14279610770069,1.525968589855398,57.25942627775482,54.29550018310547,51.33157408845612,235875500.0,739699905.0951519,-3690922.0095585594,0.025017740101889396,1
2020-04-29,57.540000915527344,57.970001220703125,57.40999984741211,57.77000045776367,50.022457122802734,34921800,56.14379997253418,55.02616459339491,55.2101430620466,0.3001384690390836,-0.2249157063694946,0.5250541754085782,56.87083107922501,59.07832521016241,6.449235250557847,212.67383327866796,-4.65117723248345,1.5319708770336955,57.80856219822714,54.51100025177002,51.2134383053129,270797300.0,749677528.2543947,-3046810.79904449,-0.020772040045538676,-1
2020-04-30,56.9900016784668,57.09000015258789,56.2599983215332,56.56999969482422,48.98338317871094,52183100,55.89540000915528,55.17319650781675,55.406238247099374,0.3698993131458294,-0.1059527024664298,0.4758520156122593,57.0798447288822,54.532536380685954,4.180479723127442,96.379202968918,-32.55815191355724,1.5304016812620365,57.798446469728255,54.78500022888184,51.77155398803541,218614200.0,736474661.9293648,-6707239.970975995,-0.021742965332716135,-1
2020-05-01,55.72999954223633,55.810001373291016,55.11000061035156,55.34000015258789,47.918338775634766,32088300,55.63059997558594,55.18908256922352,55.45909538269043,0.3222202467474133,-0.0203181126236612,0.3425383593710746,56.91583323471591,50.26339069856461,-0.7176202257515053,-2.105879947291434,-61.16277212966412,1.5253729243485092,57.70144887533281,54.94750022888184,52.193551582430864,186525900.0,725472894.12156,-11095501.664615272,-0.00036141051153826265,0
2020-05-04,54.91999816894531,55.33000183105469,54.70000076293945,55.31999969482422,47.90102005004883,23432000,55.37179992675781,55.20155086689978,55.49457152230399,0.2795973491293608,0.0396649797269432,0.2399323694024176,56.760855159771815,50.19457908157455,0.7466761037178049,-22.06054695907477,-61.62789872429517,1.4621319575842184,57.20324123373855,55.168500137329104,53.13375904091966,163093900.0,748160863.458712,-4663118.326136231,0.0018076369246700086,0
2020-05-05,55.72999954223633,55.93999862670898,55.33000183105469,55.41999816894531,47.98760986328125,23459100,55.16959991455078,55.222355371856494,55.51852371579125,0.2509941327017486,0.0819308103219043,0.1690633223798443,56.645886320414256,50.55902669760837,2.934617406908527,9.185112783622037,-59.30235446496691,1.4019795986056858,57.16414132161681,55.25950012207032,53.35485892252382,186553000.0,731623875.5263511,-6869537.818315268,-0.006495792269008427,0
2020-05-06,55.84999847412109,55.88999938964844,55.060001373291016,55.060001373291016,47.67589569091797,22596000,54.98180000305176,55.20689308627883,55.49952383495513,0.1970061802039637,0.1049458842983162,0.0920602959056475,56.44566101735483,49.16427129985748,0.566212553956193,-20.67958898243749,-67.6743670268448,1.3611237713022384,57.12097308792666,55.31750011444092,53.51402714095517,163957000.0,709027875.5263511,-14337296.899814367,0.015074427817941327,1
2020-05-07,55.869998931884766,56.15999984741211,55.619998931884766,55.88999938964844,48.39458084106445,30628700,54.80900001525879,55.27195082945688,55.55404757545108,0.2186735101193591,0.1276914094625247,0.0909821006568343,56.48566917769201,52.423079334037006,2.400142020237884,31.1906222323836,-48.37210127570483,1.342471964360728,57.15651636593837,55.39500007629395,53.63348378664952,194585700.0,709027875.5263511,-16088898.624080896,0.016997687838862463,1
2020-05-08,56.58000183105469,56.84999847412109,56.4900016784668,56.84000015258789,49.21717071533203,20445800,54.69340003967285,55.42128886023127,55.691666630336215,0.3089408692320603,0.1639413014164318,0.1449995678156284,56.75434380714094,55.90716876525129,2.952365685826752,91.74911281562692,-26.27907595677862,1.315152472940151,57.32887190656594,55.45850009918213,53.58812829179833,215031500.0,728337978.2930913,-9198712.210583448,-0.0008796487847699819,0
2020-05-11,56.5,56.95000076293945,56.40999984741211,56.790000915527344,49.17387771606445,30772300,54.58440002441407,55.55164238930708,55.8184762318929,0.3721539223413757,0.2055838256014206,0.166570096739955,56.9504454455419,55.67607634926206,1.5194892915362468,78.03363233414711,-33.52273158297995,1.259784504553522,57.49207724803768,55.54600009918213,53.59992295032659,184259200.0,740874889.5633833,-1554735.799915671,-0.012678309721707803,-1
2020-05-12,56.959999084472656,57.02000045776367,56.06999969482422,56.06999969482422,48.55044174194336,59246700,54.445,55.60100975173728,55.868380955287385,0.360002753498108,0.2364676111807581,0.1235351423173499,56.91261054651102,52.32211521973263,-0.5145509446181228,38.29270407814535,-53.977309056545295,1.237657094438231,57.4971332018085,55.54850006103516,53.59986692026181,125012500.0,681628189.5633833,-17137537.65010476,-0.007668990681579668,0
2020-05-13,56.40999984741211,56.41999816894531,55.369998931884766,55.63999938964844,48.17810821533203,31920300,54.30720001220703,55.60472305058596,55.877095177060085,0.3120779928405142,0.2515896875127094,0.0604883053278048,56.75861965462012,50.370535978667554,-3.687036612839398,-25.62660540089121,-68.52943486407342,1.2242529617683964,57.475269182130425,55.61700000762939,53.75873083312836,93092200.0,666124083.6095449,-26887486.87866664,-0.00952549937294711,0
2020-05-14,54.34999847412109,55.18999862670898,54.0099983215332,55.11000061035156,47.71918869018555,41217500,54.12139999389648,55.5576066277065,55.82880952017648,0.2286945541723852,0.2470106608446445,-0.0183161066722593,56.48466358904162,47.99434285083984,-2.580871649900745,-129.75973162603907,-72.22218476029558,1.253234969364599,57.43263803557643,55.65750007629394,53.88236211701145,51874700.0,701752910.0731924,-17095340.699311733,0.0009072625023915926,0
2020-05-15,55.040000915527344,55.380001068115234,54.79999923706055,55.15999984741211,47.76247787475586,34086000,53.97080001831055,55.51973931529751,55.78142854599726,0.1647479866147563,0.2305581259986669,-0.0658101393839106,56.26457759415746,48.24240041875674,-0.3252625671837187,-83.66932508261695,-70.95957868818823,1.2051468880567482,57.41620542633965,55.62849998474121,53.84079454314278,85960700.0,709980503.4014394,-8917470.230650425,0.04042783807841066,1
2020-05-18,56.560001373291016,57.52000045776367,56.52999877929688,57.38999938964844,49.69341659545898,39999500,53.88360000610352,55.69785932237855,55.94919039408366,0.2906616309389989,0.2425788269867333,0.0480828039522655,56.65573866122013,57.88989054669403,3.741864978748165,100.99242183318204,-14.646500162317178,1.287636439649235,57.66344588203364,55.75249996185303,53.84155404167242,125960200.0,739475015.708634,4623318.897968292,-0.013765480465745439,-1
2020-05-19,56.970001220703125,57.22999954223633,56.59000015258789,56.59999847412109,49.00936126708984,31462400,53.87639999389648,55.78377733683022,56.02990453810919,0.3229795227641929,0.2586589661422253,0.0643205566219676,56.76381393455789,54.04649357511399,2.129195857384545,84.72927363275944,-26.210866772594382,1.2528052108929002,57.61898419781159,55.890499877929685,54.16201555804778,94497800.0,708995651.6192739,44451.43142795563,0.02084806249094373,1
2020-05-20,57.68000030517578,58.060001373291016,57.54999923706055,57.77999877929688,50.03111267089844,32827600,53.8507999420166,55.97389366468418,56.20985681442988,0.4387502085356871,0.2946772146209176,0.1440729939147694,57.15015299892404,58.48056937244927,4.940060548791244,153.7603560147543,-6.913639086583023,1.267605045769831,57.87222995089247,56.04199981689453,54.2117696828966,127325400.0,705777076.5089482,-2856854.7428445816,-0.011595676412256783,-1
2020-05-21,57.59000015258789,57.75,56.93999862670898,57.11000061035156,49.45096206665039,27554400,53.87199996948242,56.08209432617632,56.31157117571149,0.4710065875173086,0.3299430892001959,0.1410634983171127,57.28352346669147,55.22238400663655,2.182861395645471,90.61449222338062,-23.45679128629611,1.237061839113979,57.92530678055121,56.16849975585937,54.411692731167534,99771000.0,689788836.3021073,-8871205.99423778,-0.002801608224516583,0
2020-05-22,56.83000183105469,56.9900016784668,56.58000183105469,56.95000076293945,49.31241989135742,27513100,54.013199996948245,56.16475208205853,56.38599984305245,0.4781475622817979,0.3595839838165163,0.1185635784652816,57.341191654266375,54.4423178449156,0.1935267594234062,47.70168550685232,-27.407401825778667,1.1865573348413287,57.98596189397504,56.25549983978272,54.52503778559039,72257900.0,711933401.6748779,-3479151.069904566,0.028621616264770333,1
2020-05-26,58.68999862670898,58.90999984741211,58.540000915527344,58.58000183105469,50.72382354736328,46679700,54.12660003662109,56.39477586767721,56.60738098507836,0.6083219432457199,0.409331575702357,0.1989903675433628,57.80117504277729,60.55535875052151,3.151964935147461,173.0652918057221,-6.734651297853023,1.2418031741007094,58.38388584702585,56.3875,54.39111415297416,118937600.0,675346869.928257,-12598193.150247095,0.012120161527483297,1
2020-05-27,59.310001373291016,59.34000015258789,58.66999816894531,59.290000915527344,51.33860397338867,33723400,54.36340003967285,56.670511586520085,56.88380964370001,0.7600160781668848,0.4794684761952625,0.2805476019716222,58.350996460140784,62.89111829187829,5.742823681521013,176.50477168306224,-0.9380716676161692,1.207388541774459,58.89714590621916,56.53400001525879,54.17085412429842,152661000.0,704037018.3491478,-6054736.49008131,0.009445059030975367,0
2020-05-28,60.060001373291016,60.52000045776367,59.81999969482422,59.84999847412109,51.82350158691406,40630200,54.56520004272461,56.9733198615297,57.19961902073452,0.914875777401292,0.5665499364364686,0.3483258409648235,58.933342371599856,64.66824486667683,7.566497359192819,184.51739018454344,-10.291885772414522,1.2090036132360211,59.36468734252349,56.63799991607666,53.91131248962983,193291200.0,666889261.418122,-14647178.108059883,-0.003508756722248707,0
2020-05-29,59.7599983215332,59.79999923706055,59.0099983215332,59.63999938964844,51.64166641235352,47437100,54.81980003356934,57.22728934039815,57.48552373250325,1.0090266030839814,0.6550452697659712,0.3539813333180102,59.34028741985843,63.441290379304384,8.219921482719027,117.97253469411122,-13.517677102096735,1.1826462231897257,59.815082329349934,56.79149990081787,53.7679174722858,145854100.0,695111374.1630591,-7850943.068565607,0.022300500413578783,1
2020-06-01,60.130001068115234,60.9900016784668,60.08000183105469,60.970001220703125,52.79330062866211,30195300,55.08640007019043,57.58373809090338,57.883476239159,1.177389628496904,0.7595141415121579,0.4178754869847462,60.0012878140665,67.63016520744341,10.532997442645204,139.71793163946984,-0.2865393717010778,1.194600227877485,60.5220122670593,57.07299995422363,53.62398764138796,176049400.0,723979377.627727,4828330.828946114,0.009348854902608617,0
2020-06-02,61.34000015258789,61.65999984741211,61.25,61.540000915527344,53.28686141967773,31663000,55.37620010375976,57.960525026581855,58.3089049021403,1.341350497242324,0.8758814126581912,0.4654690845841328,60.67121537952943,69.25599129063406,7.231227687776298,139.30529062273266,-1.568613175812128,1.1585572563654492,61.24211086358898,57.38400001525879,53.52588916692861,207712400.0,737108096.6798209,13753687.046417477,0.023886860320714742,1
2020-06-03,62.31999969482422,63.18999862670898,62.29999923706055,63.0099983215332,54.559715270996094,29773100,55.706400070190426,58.44142724514865,58.84471426464263,1.5717885721260387,1.0150628445517609,0.5567257275742779,61.579388628688754,73.01963157355966,11.325088374945674,154.51880797043702,-1.9607875728967936,1.1936601459951766,62.22083656311216,57.76350002288818,53.3061634826642,237485500.0,754838116.3173817,21796003.83402348,-0.004284980959508133,0
2020-06-04,62.61000061035156,63.119998931884766,62.56999969482422,62.7400016784668,54.325927734375,26190300,55.95240013122559,58.850815286417046,59.31866680326916,1.71288090915926,1.1546264574732608,0.5582544516859993,62.228269880996805,71.29330544398378,8.584290418758421,132.40488787886713,-5.363492025963501,1.1476843667855603,62.91922485647641,58.14750003814697,53.375775219817534,211295200.0,744838394.9661447,19922858.10501194,0.01721386655187307,1
2020-06-05,63.97999954223633,64.31999969482422,63.70000076293945,63.81999969482422,55.26108169555664,31208000,56.18720008850098,59.324070944360585,59.85890486580985,1.8900570160125556,1.3017125691811198,0.5883444468314356,63.0122814687551,73.94666334791144,11.7492540934353,143.7412751653245,-6.418484483145315,1.1785639131835504,63.79344738897037,58.54400005340576,53.29455271784116,242503200.0,725710824.3787419,11259357.110332608,0.013005356236659438,1
2020-06-08,64.16999816894531,64.66000366210938,63.790000915527344,64.6500015258789,55.979774475097656,29644000,56.39200012207032,59.83130242831472,60.4404288155692,2.0735420661269046,1.4560784685702768,0.6174635975566278,63.839774611066254,75.79807634809089,13.52063329198456,129.36646460989562,-0.1237887866810449,1.1565238298548703,64.7502256811325,58.93450012207031,53.11877456300812,272147200.0,754673209.6882576,15906924.110052347,-0.012993041496706659,-1
2020-06-09,63.540000915527344,64.02999877929688,63.45000076293945,63.810001373291016,55.25242614746094,30176500,56.6110001373291,60.21022613736008,60.904762268066406,2.126659491324844,1.5901946731211902,0.5364648182036538,64.26709164753899,70.34946588619175,8.927960701195776,94.76277828062491,-10.519827923199966,1.1596293250751977,65.38174381092341,59.2855001449585,53.18925647899359,241970700.0,761957384.0764241,18679809.359804034,-0.002194063647274924,0
2020-06-10,64.04000091552734,64.22000122070312,63.43000030517578,63.66999816894531,55.13119888305664,27492200,56.80580009460449,60.53972823560629,61.3223335084461,2.132871925064024,1.698730123509757,0.4341418015542664,64.54689126482592,69.45335022012152,7.387413030501236,81.51187028622937,-12.252540455610715,1.1332272958217795,65.85932465628862,59.66550006866455,53.47167548104047,214478500.0,751169137.5545548,14683383.12685275,-0.05355740451513502,-1
2020-06-11,61.97999954223633,62.18000030517578,60.130001068115234,60.2599983215332,52.17851257324219,54699700,56.9418000793457,60.51308729140885,61.37895238967169,1.8414102038403328,1.7272661395758724,0.1141440642644604,63.85784923158763,52.059241848608174,0.6850457107186041,-16.334689789305095,-54.45549930032425,1.3051394247509438,65.81087010954028,59.89650001525879,53.98212992097731,159778800.0,703406816.4903469,-3483473.682225585,0.017258561973037878,1
2020-06-12,61.86000061035156,62.0099983215332,60.43999862670898,61.29999923706055,53.079044342041016,57668900,57.14600006103515,60.58803128623283,61.51261898222424,1.6750353077801776,1.7168199732167335,-0.0417846654365559,63.53298904698374,55.70298285533431,2.783366640510448,-16.055010066866288,-54.90200844967532,1.3369151801258763,65.72038653846721,60.20599994659424,54.69161335472126,217447700.0,708916641.1255208,-8845564.20363617,-0.009951070439537246,0
2020-06-15,59.31999969482422,60.84000015258789,59.130001068115234,60.68999862670898,53.296836853027344,30698700,57.31800003051758,60.59774246151627,61.55871409461612,1.476934866932588,1.6688429519599044,-0.1919080850273165,63.08274963073893,53.15123816588254,-0.459246495634101,-65.67546994865128,-66.2771518311805,1.396421107898693,65.48820444774803,60.48249988555908,55.476795323370126,186749000.0,734229546.6133336,-2180898.1977604628,0.012357884609836445,1
2020-06-16,61.900001525878906,62.02000045776367,60.7599983215332,61.43999862670898,53.95546722412109,37029400,57.52879997253418,60.67795733439176,61.64990445091611,1.3647258620869491,1.6080195339853136,-0.2432936718983642,62.88625167507052,55.83039397043033,-0.1624996544209257,-24.26813042346913,-56.99118569456132,1.3916768738384075,65.49786823644337,60.68499984741211,55.87213145838084,223778400.0,737168338.0575267,1678889.5548647642,0.003743482216426175,0
2020-06-17,61.91999816894531,62.02000045776367,61.4900016784668,61.66999816894531,54.15745544433594,26238300,57.69019996643066,60.77243741387305,61.74371381487165,1.2796079344565072,1.5423372140795524,-0.2627292796230451,62.765682352562266,56.64913769681966,-2.126646862851852,-15.975794389391917,-52.92040118424295,1.3337000850681424,65.38408756110522,60.93849983215332,56.49291210320142,250016700.0,728751973.1283507,427333.01666772366,-0.005351030098191156,0
2020-06-18,61.16999816894531,61.54999923706055,61.04999923706055,61.34000015258789,53.867652893066406,20035700,57.83899993896485,60.82649100803637,61.78195194062732,1.1720130447294397,1.46827238020953,-0.2962593354800904,62.56409036918738,55.0718067456935,-2.2314336761635847,-47.49753252224793,-60.03620166701502,1.2827214312693298,65.32048953916285,61.11649990081787,56.912510262472885,229981000.0,731957758.5012755,896506.7772752047,-0.0048907602920488236,0
2020-06-19,62.040000915527344,62.060001373291016,60.95000076293945,61.040000915527344,53.60419845581055,32270800,57.97299995422363,60.84682528494027,61.77466632298061,1.0504272171181626,1.3847033475912565,-0.3342761304730939,62.30594143639776,53.61039683535535,-4.355999361626966,-49.80746861368567,-65.46114011797273,1.2703842297752037,65.09583522327333,61.31299991607666,57.53016460888,197710200.0,704920067.1987805,-7595960.896658897,0.011959363225543918,1
2020-06-22,61.45000076293945,61.84999847412109,61.209999084472656,61.77000045776367,54.24526596069336,20743000,58.096999969482425,60.934746729971074,61.81819018409366,1.0014305667507628,1.3080487914231578,-0.3066182246723949,62.27089246644807,56.62655273099222,-4.454757927518983,-35.701450874005545,-52.26043126063613,1.2374994675479565,64.7652514586622,61.55399990081787,58.34274834297354,218453200.0,720477440.8368133,-5429536.887834072,0.0055042925379347185,0
2020-06-23,62.4900016784668,62.61000061035156,62.040000915527344,62.11000061035156,54.54384994506836,20897800,58.2383999633789,61.046675670959694,61.87114263262068,0.9787530828602372,1.2421896497105738,-0.2634365668503367,62.31898877497691,57.99636548692185,-2.6641603609979287,3.8565510875607294,-46.11214928772807,1.2091066593365232,64.64261627082534,61.73049983978272,58.81838340874009,239351000.0,704712414.1901348,-9065823.100182176,-0.025599744597698426,-1
2020-06-24,61.38999938964844,61.52999877929688,60.34000015258789,60.52000045776367,53.14754486083984,34030900,58.32839996337891,60.99651612684578,61.75585697719029,0.8229943231058243,1.158350584389624,-0.3353562612837997,61.935344465206754,50.0377459983921,-4.947381501132247,-73.9692780230253,-74.86439895782244,1.2491705020813195,64.54284475438642,61.79199981689453,59.04115487940264,205320100.0,680976605.7102774,-17281531.694262624,0.014210188431041937,1
2020-06-25,60.58000183105469,61.43999862670898,60.29999923706055,61.380001068115234,53.90277862548828,26357100,58.47059997558594,61.033038502204775,61.71661900111607,0.7601862913820554,1.0787177257881104,-0.318531434406055,61.83542439695517,53.73576095308942,1.8586172880489635,-54.68877683077753,-59.31285814506466,1.2413725654789705,64.48066639256983,61.86849994659424,59.256333500618645,231677200.0,704559385.53788,-11567843.292670846,-0.014499826884342593,-1
2020-06-26,61.22999954223633,61.290000915527344,60.400001525878906,60.4900016784668,53.121192932128906,32279300,58.594400024414064,60.98132070946782,61.5853334517706,0.6313175255708856,0.9892376857446656,-0.3579201601737799,61.515815576527295,49.64087595636936,-1.3213663436785892,-75.80509588735808,-73.280931835334,1.222703063818782,64.40158173027535,61.91100006103515,59.42041839179495,199397900.0,678808498.8361809,-16372267.143226624,0.00810047694119942,0
2020-06-29,60.790000915527344,61.09999847412109,60.43999862670898,60.97999954223633,53.55150604248047,23749700,58.69919998168945,60.98119488401721,61.496666735694525,0.562245615272289,0.9038392716501902,-0.3415936563779012,61.376002627604905,51.81785187804092,0.4778397134445226,-62.85818484858926,-63.65425503611222,1.182509976932591,64.40132982695908,61.911499977111816,59.42167012726456,223147600.0,693922019.1650547,-12040477.964428067,-0.0018038801439376195,0
2020-06-30,60.54999923706055,61.09999847412109,60.45000076293945,60.869998931884766,53.45490646362305,32612900,58.81839996337891,60.97060479333793,61.397476159958615,0.4929471113319863,0.8216608395865495,-0.3287137282545631,61.22943996212161,51.28190078129292,-0.927733899031084,-58.1308796258286,-50.00005480887597,1.1444733865218084,64.40467877116085,61.87799987792969,59.35132098469853,190534700.0,703454985.3684787,-6140576.966154814,0.003778536984922587,0
2020-07-01,60.79999923706055,61.290000915527344,60.75,61.09999847412109,53.656883239746094,25243100,58.96359992980957,60.98292800103156,61.32338078816732,0.4513833225960937,0.7476053361884584,-0.2962220135923646,61.16668435606972,52.390703003233575,-0.9242738961378084,-21.26789777640495,-43.39087169132539,1.1012967814507753,64.27496821573506,61.78249988555908,59.29003155538311,215777800.0,710934224.2684342,-788989.0017703772,0.01096566285392564,1
2020-07-02,61.95000076293945,62.2599983215332,61.68000030517578,61.77000045776367,54.24526596069336,20854100,59.10399993896485,61.057887282625096,61.32219036647252,0.4671225828503438,0.6915087855208355,-0.2243862026704917,61.28752395710542,55.56346666490251,0.7010112554713449,105.22084225553124,-24.137938594327725,1.105489857590871,64.18749909367062,61.73399982452393,59.28050055537724,236631900.0,696552119.4447987,-3104101.00551796,0.016350952145836706,1
2020-07-06,62.70000076293945,62.88999938964844,62.45000076293945,62.77999877929688,55.132232666015625,21537100,59.26799987792969,61.22189790135575,61.42180931454613,0.5547002445068969,0.6641470773180479,-0.1094468328111509,61.64693529589382,59.90159412928536,2.850586234717631,189.0686278552193,-4.247127562585062,1.1065262200404349,63.996602620610304,61.68199977874756,59.367396936884816,258169000.0,707320576.0836939,-342674.1669009924,-0.014654319637366853,-1
2020-07-07,62.209999084472656,62.47999954223633,61.84000015258789,61.86000061035156,54.32430267333984,17394200,59.40099990844727,61.282669587926776,61.4387617746989,0.543603683957187,0.6400383986458758,-0.0964347146886888,61.70002064557856,54.666391019651,0.1457020429349516,79.93145650295233,-39.76829029402624,1.094631391945332,63.4197517803767,61.5424997329712,59.66524768556569,240774800.0,691013539.5030963,-4370449.90248394,0.008406085558244403,0
2020-07-08,61.869998931884766,62.40999984741211,61.7599983215332,62.380001068115234,54.78096389770508,17363400,59.529799957275394,61.38717734794473,61.518523806617374,0.5701964017075696,0.6260699992582145,-0.0558735975506449,61.87506030596565,56.9562398108329,0.4347133394145744,85.47711246416385,-19.691053725368324,1.06287211579773,63.08827990378505,61.4709997177124,59.85371953163976,258138200.0,706774233.0979413,-606096.5684549809,-0.011381899439127041,-1
2020-07-09,62.290000915527344,62.29999923706055,61.25,61.66999816894531,54.15745544433594,26098200,59.63599990844727,61.4141126642305,61.53747604006813,0.5278947794789772,0.6064349553023671,-0.0785401758233899,61.8306276445766,53.01843239270326,1.9001944852664248,27.997086467028726,-47.10429146052819,1.067667040963266,62.642375523395735,61.3709997177124,60.09962391202907,232040000.0,701554517.2451378,-671852.8332936764,0.010702183909610197,1
2020-07-10,61.91999816894531,62.36000061035156,61.72999954223633,62.33000183105469,54.73705291748047,22008800,59.727199935913085,61.50134020392804,61.62880957467216,0.5413864527219587,0.5934252547862855,-0.0520388020643267,61.96188178733494,56.05965055753495,1.547736634747218,65.76282646019646,-21.6215260850162,1.0406909981377648,62.7035725046314,61.47449989318848,60.24542728174556,254048800.0,721467329.8978012,5698219.341782689,-0.006417479771027579,0
2020-07-13,62.68000030517578,63.02999877929688,61.84000015258789,61.93000030517578,54.385780334472656,20515500,59.83439994812012,61.54216497547544,61.67219056628999,0.5138782521701657,0.5775158542630616,-0.0636376020928959,61.962116944564265,53.78717714558925,2.3805564337115803,70.02528664116733,-40.2929911563287,1.0513558287499951,62.74779562222172,61.50599994659424,60.26420427096675,233533300.0,704055023.6141222,2245858.746617556,0.014694006829127249,1
2020-07-14,62.04999923706055,62.90999984741211,61.97999954223633,62.84000015258789,55.18492126464844,35121300,59.984399948120114,61.66576832567663,61.799238204956055,0.5590626611932876,0.5738252156491068,-0.0147625544558191,62.19485952934707,57.96214667127113,3.0501814108136847,97.4450659799697,-6.959657822995469,1.0462589511418765,62.92444285669198,61.61350002288818,60.30255718908438,268654600.0,733889270.9795208,10122075.506075382,0.01129852136773768,1
2020-07-15,63.790000915527344,63.9900016784668,63.380001068115234,63.54999923706055,55.80842208862305,28888600,60.14899993896484,61.84521888866558,61.983666701543896,0.6447305706001814,0.5880062866393218,0.0567242839608596,62.56574707169117,60.92805037926227,4.402826272717331,175.42211398686538,-11.924177514597156,1.0536691350516645,63.27400339171325,61.719000053405765,60.163996715098286,297543200.0,721102324.0600421,8355401.478194356,-0.0064516105796113,0
2020-07-16,63.150001525878906,63.40999984741211,63.02999877929688,63.13999938964844,55.4483757019043,24677200,60.30339996337891,61.968531317330616,62.11899997166225,0.6717954055772637,0.6047641104269101,0.0670312951503535,62.7579501491601,58.36713356508052,3.3387904524930447,115.66143959119486,-23.676942971872183,1.0155499438168072,63.465758591796686,61.79250011444092,60.11924163708515,272866000.0,710711963.1746331,3567065.323413372,0.0058599768049003575,0
2020-07-17,63.290000915527344,63.52000045776367,63.130001068115234,63.5099983215332,55.7733039855957,19641800,60.47239990234375,62.11533769868324,62.28257122948056,0.7148598445777239,0.626783257257073,0.0880765873206509,63.00510375324001,60.001044211245386,2.81689792921288,119.81121234573683,-13.52120969856393,0.9708677613762092,63.71806187838134,61.90100002288818,60.08393816739503,292507800.0,729346274.6265678,7213020.965399265,0.004881142835519547,0
2020-07-20,63.5099983215332,63.84000015258789,63.33000183105469,63.81999969482422,56.04553985595703,17996600,60.63099990844727,62.27768646022048,62.46533310299828,0.7651826930078229,0.654463144407223,0.1107195486005999,63.28096075654148,61.36901128307487,1.656580018714974,122.52958823343654,-4.802314680115083,0.9379485156731376,63.99260793842233,62.03999996185303,60.08739198528372,310504400.0,745931339.635207,13325885.23392427,0.0020369957495594004,0
2020-07-21,64.1500015258789,64.31999969482422,63.90999984741211,63.95000076293945,56.15970230102539,21179700,60.7731999206543,62.43695448905086,62.64723794119698,0.8062598509949197,0.6848224857247623,0.1214373652701573,63.53272600571836,61.95660113510687,3.3785970448861478,135.73728431076464,-10.36411662502912,0.906666478839342,64.26564698652193,62.14899997711181,60.0323529677017,331684100.0,728884360.1517731,9191119.395962477,0.002658357804760092,0
2020-07-22,63.95000076293945,64.20999908447266,63.84000015258789,64.12000274658203,56.30899810791016,18023400,60.91979995727539,62.59724479929193,62.83495249067034,0.8428160748822862,0.7164212035562671,0.126394871326019,63.7742805550662,62.75442117844904,2.7893582056319923,113.89915939443178,-6.514559222249005,0.8683330826283009,64.53345710407466,62.24950008392334,59.96554306377202,349707500.0,738139951.0768914,9609028.720609903,-0.007953869531885704,0
2020-07-23,63.970001220703125,64.22000122070312,63.45000076293945,63.61000061035156,55.86111831665039,16080700,61.070599975585935,62.69369773367856,62.96452396937779,0.8211683183439504,0.7373706265138038,0.0837976918301466,63.83037719338535,58.7724156115521,3.14577995623026,74.0692276143984,-23.12700830783989,0.8613093237093988,64.6159985557415,62.40400009155273,60.192001627363965,333626800.0,728742129.0423213,5916227.458729029,-0.005502315445055972,0
2020-07-24,63.220001220703125,63.459999084472656,63.08000183105469,63.2599983215332,55.55376052856445,16017900,61.22299995422363,62.74763112299806,63.04604761032831,0.7669293713116616,0.7432823754733754,0.0236469958382862,63.77599996260617,56.13965804168612,1.492052724463684,24.78224231176794,-34.527735461280194,0.83764428482279,64.68761752420943,62.49799995422363,60.30838238423783,317608900.0,727898895.4847893,3599395.5870420933,0.013120424255131491,1
2020-07-27,63.869998931884766,64.19999694824219,63.810001373291016,64.08999633789062,56.28264236450195,16368200,61.402599868774416,62.8754754291783,63.19766631353469,0.7819052019067669,0.7510069407600537,0.0308982611467132,63.93787636945365,60.6422114277868,3.4878023931388915,86.88295112408572,-7.491966768640457,0.8449553092432324,64.7673308168497,62.67799968719483,60.58866855753997,333977100.0,735033595.8965856,4594514.899010658,-0.006397192325511947,0
2020-07-28,63.75,64.05000305175781,63.650001525878906,63.68000030517578,55.9225959777832,20470300,61.57299987792969,62.95209684593996,63.2930949438186,0.7520215656959763,0.7512098657472384,0.0008116999487379,63.955460761853615,57.50201233157576,1.336728438173464,57.559521126645485,-20.846887728602283,0.8160295594409814,64.79203097253752,62.8129997253418,60.83396847814608,313506800.0,717633704.2431114,-952403.172108531,0.010521327979498452,1
2020-07-29,63.970001220703125,64.45999908447266,63.84000015258789,64.3499984741211,56.51097106933594,20055900,61.71219985961914,63.08523033433816,63.43947577703567,0.7734855614501512,0.755665004887821,0.0178205565623302,64.1351588008697,61.05139411582802,1.2588501127691756,97.2294642197924,-4.029327062137655,0.813455932287831,64.86126844607395,62.986999702453616,61.11273095883328,333562700.0,730572942.8177657,982015.6336517334,-0.014762967688713102,-1
2020-07-30,62.83000183105469,63.52000045776367,62.310001373291016,63.400001525878906,55.67670822143555,24664100,61.848199920654295,63.115208543056326,63.47880928402855,0.7057041997288351,0.7456728438560238,-0.0399686441271887,64.02742986425733,54.146062946690165,0.4117867259167175,-61.07735771678599,-40.45793857752502,0.9010660157551345,64.76991548750495,63.10199985504151,61.43408422257807,308898600.0,750345029.7677081,7975213.207930565,-0.021293410983078798,-1
2020-07-31,63.0099983215332,63.02000045776367,61.65999984741211,62.04999923706055,54.491153717041016,36002300,61.93359992980957,63.013760037723394,63.378618748982746,0.5368644408707297,0.703911163258965,-0.1670467223882352,63.58106912423809,46.15656664069105,-2.2988491939191884,-180.5257639990309,-86.07144657446904,0.9609899916631104,64.74316147774543,63.11599979400635,61.48883811026727,272896300.0,734991066.1273665,5225695.311124206,0.019500388385983447,1
2020-08-03,62.68999862670898,63.27000045776367,62.540000915527344,63.2599983215332,55.55376052856445,23609700,62.0565998840332,63.037211302848135,63.3923328944615,0.4949886087219397,0.6621266523515599,-0.1671380436296201,63.52353678228203,52.86919487808167,-0.8774700344231301,-79.0796663986511,-42.85718178263577,0.979490793737397,64.76077703164223,63.13999977111816,61.51922251059409,296506000.0,757953786.4456066,10932149.426313996,0.005532758427203799,0
2020-08-04,62.970001220703125,63.61000061035156,62.93999862670898,63.61000061035156,55.86111831665039,16236800,62.18979988098145,63.09176266546751,63.43709487915039,0.4844594229985972,0.6265932064809674,-0.1421337834823701,63.56300160997341,54.63112385344618,-0.5316655958273714,-19.385883280735023,-30.35709663312003,0.9573844501591962,64.74828723677378,63.22749977111816,61.70671230546255,312742800.0,774190586.4456065,17439030.70740843,0.0033013532849814897,0
2020-08-05,64.08999633789062,64.26000213623047,63.72999954223633,63.81999969482422,56.04553985595703,17901300,62.29459983825684,63.16111857302529,63.49352344331288,0.4874412195778674,0.5987628091003475,-0.11132158952248,63.64594756525385,55.70118079687106,-0.4678774780211693,57.81551002780912,-22.85712728694569,0.9354285269963184,64.78900263190557,63.299499702453616,61.809996773001664,330644100.0,762368953.7897985,14754141.685789227,0.0010968300714344625,0
2020-08-06,63.56999969482422,63.9900016784668,63.400001525878906,63.88999938964844,56.10700988769531,17210500,62.38659980773926,63.23053579365607,63.54976150876,0.4898065205353177,0.5769715513873416,-0.0871650308520238,63.72817388720354,56.07309511681492,0.4401804379975268,26.62063372394269,-20.35713750488758,0.9107550716814308,64.7174113325021,63.41049976348877,62.10358819447544,347854600.0,773745253.970835,15934224.263112187,-0.004069468211253868,0
2020-08-07,63.27000045776367,63.63999938964844,63.20000076293945,63.630001068115234,55.87868118286133,14988900,62.46219985961914,63.26858010550932,63.5706663949149,0.4653372290202995,0.5546446869139332,-0.0893074578936337,63.72410476802502,54.2512170122799,0.5848921220348582,-13.878669321483498,-29.642794375499825,0.8949867541833988,64.68680434318362,63.4754997253418,62.26419510749997,332865700.0,788052952.5645945,19520869.02793026,0.00330031558930588,0
2020-08-10,63.68000030517578,63.84999847412109,63.470001220703125,63.84000015258789,56.06310272216797,10049000,62.54619987487793,63.32300106237395,63.60538072131929,0.4576152070331858,0.5352387909377837,-0.0776235839045978,63.7714211598251,55.50861357074404,-0.3900705251795032,27.18632069081493,-22.142825029325497,0.8582017898430104,64.56076549999604,63.5709997177124,62.58123393542878,342914700.0,797573142.7788216,22242659.77007079,0.0036027497131359,0
2020-08-11,64.93000030517578,64.97000122070312,64.0199966430664,64.06999969482422,56.26508331298828,31465500,62.60819984436035,63.394143789273976,63.65290452866327,0.4646977435232955,0.5211305814548861,-0.0564328379315905,63.8661877262028,56.905648688771386,0.6124362245280001,122.28271342046412,-27.19036714429115,0.8776160240053121,64.58509375192804,63.63249969482422,62.67990563772039,374380200.0,769419986.8708879,12376237.3056885,0.022163230462135086,1
2020-08-12,65.3499984741211,65.76000213623047,65.26000213623047,65.48999786376953,57.51210021972656,28638500,62.6871997833252,63.59374893922593,63.82980911618187,0.5782272457772919,0.5325499143193673,0.0456773314579246,64.3083663352146,64.34871755080572,1.7715608650820684,226.5138003531992,-6.585466383696925,0.9356436252482364,64.97789784601338,63.72949962615967,62.48110140630595,403018700.0,767128417.4433976,6485725.360995293,-0.004428171094624234,0
2020-08-13,65.41000366210938,65.58000183105469,65.01000213623047,65.19999694824219,57.257423400878906,17783100,62.73099975585937,63.74672494008463,63.96985648018973,0.6374514010535819,0.5535302116662102,0.0839211893873717,64.59027066152441,61.993797342714885,2.8391094306654723,155.99145086654852,-13.658655496743089,0.9095262016465208,65.20327759882268,63.83249950408936,62.46172140935603,385235600.0,761200400.076477,1600171.7340556383,-0.006134876000100209,0
2020-08-14,64.73999786376953,64.94000244140625,64.62000274658203,64.80000305175781,56.906158447265625,10874100,62.77219978332519,63.84703714119635,64.06199967520577,0.6446793440598526,0.5717600381449387,0.0729193059149139,64.7108947511328,58.79759307087731,4.431915952473974,88.74666880302104,-23.41459874524442,0.8859882016474947,65.32136018773497,63.896999740600585,62.47263929346621,374361500.0,762559694.9838513,-111431.0731692314,0.007561695072423991,0
2020-08-17,65.11000061035156,65.31999969482422,65.0999984741211,65.29000091552734,57.33646774291992,11429900,62.80159980773926,63.98446226256121,64.19466645377022,0.6820836378946993,0.5938247580948908,0.0882588797998085,64.92971407735519,61.42154924473506,3.2089830032498496,107.66196462905891,-11.463438007947593,0.8598459474631313,65.51778720245423,63.97049980163574,62.42321240081725,385791400.0,770872493.6660541,1843479.2748641968,-0.0006126652621600837,0
2020-08-18,65.52999877929688,65.62000274658203,65.05999755859375,65.25,57.30134201049805,23832500,62.81359977722168,64.10498966612681,64.3165236155192,0.7004250071774223,0.615144807911397,0.0852801992660252,65.09101742146237,61.07957732907143,2.578209988857558,96.05438165935256,-12.439069549335636,0.8384287503577849,65.68004785642293,64.03549976348877,62.39095167055462,361958900.0,763212105.2176678,38229.97685813904,-0.00444445847551489,0
2020-08-19,65.54000091552734,65.62000274658203,64.91999816894531,64.95999908447266,57.046661376953125,15591900,62.83659973144531,64.1864191345407,64.40457116989862,0.6836789983149529,0.6288516459921083,0.0548273523228446,65.1398881917682,58.5350911593954,1.7862729475081636,72.71049041277207,-19.5122586623818,0.8285413094491373,65.7707196309279,64.0774995803833,62.38427952983872,346367000.0,749402165.7783157,-5097828.191834331,-0.003232744572541857,0
2020-08-20,64.3499984741211,64.86000061035156,64.29000091552734,64.75,56.86225509643555,19825800,62.858199768066406,64.24009350267968,64.46861882890974,0.646015628526726,0.6322844424990318,0.0137311860276941,65.11744663551919,56.69330763807024,1.346064514896366,21.48366193912912,-31.366514078833884,0.8172167994131497,65.83765499167454,64.13449954986572,62.43134410805691,326541200.0,761575856.0648866,-2862057.061314702,-0.005096553375361967,0
2020-08-21,64.01000213623047,64.43000030517578,63.97999954223633,64.41999816894531,56.57245635986328,15926400,62.94139976501465,64.25722728041927,64.49580917358398,0.5828203565170327,0.622391625302632,-0.0395712687855993,65.0059670709692,53.82710470666812,1.2415481495661058,-21.90874260333188,-47.51781204387696,0.8138442035810443,65.85100304694508,64.19249954223633,62.53399603752758,310614800.0,776794266.0542902,3154984.9488277435,0.013194636732089426,1
2020-08-24,65.38999938964844,65.4000015258789,65.0,65.2699966430664,57.31890106201172,14627700,63.02079971313477,64.35368150543329,64.59842794509161,0.5944727099263076,0.6168078422273672,-0.0223351323010595,65.12852163102619,59.50586740152848,2.239969434618724,67.6018727327702,-19.140829308780205,0.8257127145347979,65.97394215073538,64.25149955749512,62.52905696425486,325242500.0,781913640.2040927,6958577.096202612,0.000612853034849925,0
2020-08-25,65.62999725341797,65.63999938964844,64.95999908447266,65.30999755859375,57.35403060913086,18507500,63.11319969177246,64.4447592247819,64.69923727852958,0.6000183850904364,0.6134499507999811,-0.0134315657095447,65.23298251747904,59.756707284179264,1.9353798496579395,67.424243507879,-17.578294384202398,0.8153046852948681,66.09339735845506,64.33299942016602,62.57260148187697,343750000.0,782457886.8297701,8055163.528643966,0.005818479513363561,0
2020-08-26,65.33999633789062,65.7699966430664,65.26000213623047,65.69000244140625,57.68773651123047,19549800,63.19819976806641,64.56335381684137,64.82847566150484,0.6278392507557555,0.616327810791136,0.0115114399646195,65.41065240828982,62.15507654058686,0.3053971356859145,89.02212871368411,-3.1126198403168104,0.7934968154049444,66.25722293336692,64.39999961853027,62.54277630369363,363299800.0,795874794.7195466,12040495.622422218,-0.010199509414502983,-1
2020-08-27,65.7300033569336,65.76000213623047,64.77999877929688,65.0199966430664,57.09935760498047,24413900,63.265199737548826,64.60684360981519,64.88752299717494,0.5890336060304548,0.6108689698389997,-0.0218353638085448,65.37560237286591,55.83655822288622,-0.2760741006148683,33.46530515500056,-32.60876055263463,0.8068187112284194,66.29756608783595,64.48099937438965,62.66443266094336,338885900.0,783418575.8944693,8612925.887132168,0.007074849855690291,0
2020-08-28,65.41000366210938,65.51000213623047,65.05999755859375,65.4800033569336,57.503326416015625,15197300,63.347999801635744,64.69000168096932,64.9826662336077,0.5886133817133725,0.6064178522138743,-0.0178044705005018,65.45960532031542,58.92398878947256,1.0493831375789342,54.50143970768485,-16.20076848159885,0.784189195652394,66.13571055649776,64.6524995803833,63.16928860426886,354083200.0,796589672.2900409,10618548.404274344,-0.007635918973224354,0
2020-08-31,65.30999755859375,65.5199966430664,64.94999694824219,64.9800033569336,57.064231872558594,24929800,63.426799850463865,64.71762088820401,65.01385706946964,0.5416902614454244,0.5934723340601844,-0.0517820726147599,65.392387919637,54.46684139810706,-0.4748009714302608,2.642068253972122,-44.13377461709115,0.7688899455932386,66.08161949175161,64.73849983215332,63.39538017255504,329153400.0,774284623.7563577,3376646.8638174534,0.0010772497877495901,0
2020-09-01,65.0199966430664,65.18000030517578,64.76000213623047,65.05000305175781,57.12570190429688,23945500,63.49239990234375,64.749276332352,65.0435240427653,0.5043380458773754,0.5756454764236226,-0.0713074305462472,65.34962609926492,54.98026825928607,-0.3065087329382184,-29.0856617219226,-40.22317080707617,0.743969104404101,66.05466196221542,64.81049995422363,63.56633794623185,353098900.0,783406967.5529063,3009646.817639828,0.013374251750538413,1
2020-09-02,65.5199966430664,65.97000122070312,65.2699966430664,65.91999816894531,57.88972854614258,20748400,63.56859985351562,64.8607736501228,65.14919053940545,0.538727367291969,0.568261854597292,-0.0295344873053229,65.53508418635904,60.8838108112536,1.477831123772482,146.8824889865708,-2.5127140493839906,0.7565426090141876,66.16202234910179,64.91549987792969,63.668977406757584,373847300.0,801191148.88281,8244509.329387426,-0.022603123561242167,-1
2020-09-03,65.70999908447266,65.7699966430664,64.16000366210938,64.43000030517578,56.58122634887695,43834300,63.64679985046386,64.81974761727069,65.10295248485747,0.4406709961646271,0.542743682910759,-0.1020726867461319,65.29524125369437,49.02632422444326,-0.4942080228945463,-88.1295259363331,-77.38691540772177,0.828217744572884,66.12051264773967,64.94249992370605,63.76448719967243,330013000.0,772058917.7628006,367196.8797005415,0.0013968079693364999,0
2020-09-04,64.69000244140625,64.8499984741211,63.34999847412109,64.5199966430664,56.66026306152344,33992800,63.70959976196289,64.79119990544172,65.0627140771775,0.3660035073220626,0.5073956477930197,-0.141392140470957,65.11759979889752,49.66399053400946,0.1552289303995969,-160.9087752506936,-55.34362815185376,0.876202191389107,66.02187371024179,64.98699970245362,63.95212569466544,364005800.0,791094802.7725661,3168150.937054038,-0.012244221046700532,-1
2020-09-08,63.72999954223633,64.2699966430664,63.5,63.72999954223633,55.96650314331055,26869600,63.77439971923828,64.69013320418406,64.94299977620443,0.2403126461134093,0.4539790474570976,-0.2136664013436883,64.76408936566588,44.41189986287177,-2.3594257392897706,-173.52407169900758,-85.496157642927,0.8864732236517712,66.04156169735323,64.98149967193604,63.92143764651884,337136200.0,780277209.6370695,584020.6049448252,0.018672503299177468,1
2020-09-09,64.75,65.16000366210938,64.62999725341797,64.91999816894531,57.01154327392578,23374000,63.85319969177246,64.7120251055899,64.9371424902053,0.234026959876985,0.4099886299410751,-0.17596167006409,64.781854263643,52.55175062070537,-0.5971511318746326,-5.940736306495052,-40.0764103445162,0.925296859096148,65.99924139591039,65.0239995956421,64.0487577953738,360510200.0,782482075.4333239,175331.80380427837,-0.01170663167392827,-1
2020-09-10,65.2699966430664,65.37000274658203,64.16000366210938,64.16000366210938,56.3441276550293,30361000,63.91899978637695,64.65945163478223,64.8548571632022,0.1658089606008275,0.3611526960730256,-0.1953437354721981,64.59882511143206,47.74339494429593,-2.329119687065918,-57.73369629115759,-69.08380386070236,0.9456327323373273,65.97694808957868,64.95749988555909,63.9380516815395,330149200.0,752121075.4333239,-9668116.506098986,0.009975052261825157,0
2020-09-11,64.94999694824219,65.13999938964844,64.52999877929688,64.80000305175781,56.906158447265625,29958900,63.99299987792969,64.672837484018,64.83985746474494,0.161526331731352,0.3212274232046909,-0.1597010914733389,64.61511185964554,51.74730882002864,-0.338347589459701,-26.24117905588706,-44.65637184814597,0.948087231994594,65.95282022646549,64.93750019073487,63.92218015500424,360108100.0,748683562.005603,-13909816.313870668,0.005401210766017073,0
2020-09-14,65.3499984741211,65.44999694824219,65.0999984741211,65.1500015258789,57.213523864746094,14663300,64.06059989929199,64.71828167848095,64.8600956871396,0.1842503460030258,0.2938320077643579,-0.1095816617613321,64.71985567241242,53.8306875101885,-0.5039734485898496,44.391513241744086,-31.297665465960332,0.9267948508867212,65.97230049116324,64.95500011444092,63.9376997377186,374771400.0,738210050.2650034,-17713009.39688897,0.006446633294068027,0
2020-09-15,65.80999755859375,65.83999633789062,65.43000030517578,65.56999969482422,57.58235168457031,17678700,64.11639991760254,64.79939768003746,64.91866707574754,0.2334584692827093,0.2817573000680282,-0.0482988307853189,64.91489076470069,56.27066319201219,0.9079660009399958,101.09539089010218,-15.267217807337564,0.9098805623956496,66.01174443854715,64.96900005340576,63.92625566826437,392450100.0,732604672.9915149,-19442116.66360748,0.0,0
2020-09-16,65.76000213623047,66.0199966430664,65.44999694824219,65.56999969482422,57.58235168457031,18052600,64.190599899292,64.8727883481124,64.97590513683501,0.2693513468461788,0.2792761094236584,-0.0099247625774795,65.07416346005152,56.2706631920122,0.7993798903478371,108.75561502234106,-16.85382984438306,0.885603357569119,66.0539901103632,64.98500003814698,63.91600996593076,392450100.0,722153345.7733008,-21707435.87273252,0.0013726394342543635,0
2020-09-17,65.18000030517578,65.68000030517578,65.12000274658203,65.66000366210938,57.661399841308594,18149700,64.25619995117188,64.94776123515972,65.04019119626,0.3015828198563071,0.2837374515101881,0.0178453683461189,65.22666297568092,56.8375827914753,-0.3944091536070764,70.46409755829133,-13.482892428320758,0.8623458004994498,66.12853113233895,65.0200002670288,63.91146940171867,410599800.0,739006850.5771155,-15298275.305003166,-0.008071982624595186,0
2020-09-18,65.47000122070312,65.5,64.91000366210938,65.12999725341797,57.19594955444336,27897500,64.32539993286133,64.9651170464224,65.05066709972563,0.2811188436597263,0.2832137299400957,-0.0020948862803694,65.21211742201734,52.51966215585514,1.0864456696051814,26.028269766797308,-33.33333333333325,0.8543211004637749,66.14137780490135,65.0390001296997,63.93662245449806,382702300.0,731913788.9079489,-13542476.939757466,-0.025333913415681142,-1
2020-09-21,63.5099983215332,63.560001373291016,62.79999923706055,63.47999954223633,55.7469596862793,39928700,64.34839988708497,64.82367728411897,64.90219085330055,0.1302584312899739,0.2526226702100714,-0.1223642389200974,64.77015723041,41.85840075975658,-1.6118988762251287,-198.65826917960317,-78.88196108768717,0.9597265944561784,66.26316676709533,64.99200019836425,63.72083362963317,342773600.0,763436278.0320767,-1563178.6199564934,-0.00031506707479356244,0
2020-09-22,63.47999954223633,63.54999923706055,62.88999938964844,63.459999084472656,55.72939682006836,15810800,64.3789998626709,64.69380316986694,64.75628598531087,0.0089830468334923,0.2038947455347556,-0.1949116987012632,64.4025084830234,41.74777372641178,-0.4236630467645495,-148.64024896197407,-79.50309381674985,0.9383175410958876,66.32875384093401,64.90150032043456,63.47424679993511,326962800.0,774935033.3608054,7138245.444553494,-0.00835169850209716,0
2020-09-23,63.84000015258789,63.880001068115234,62.86000061035156,62.93000030517578,55.26396179199219,18325800,64.38079986572265,64.52582194465826,64.56852407909575,-0.1284147558251334,0.1374328452627778,-0.2658476010879112,63.96566538823912,38.81989798610174,-3.06530794808533,-125.50899316432672,-95.96269649556986,0.9441520351435864,66.43307526849833,64.78250045776367,63.13192564702902,308637000.0,759124527.1484615,5018371.908420682,-0.0009534621484195149,0
2020-09-24,62.77000045776367,63.27999877929688,62.45000076293945,62.869998931884766,55.21126937866211,25234900,64.36719985961913,64.36812451487032,64.3863810766311,-0.2393856252267454,0.0620691511648731,-0.3014547763916186,63.59620807017615,38.49078344142745,-2.010605761524357,-124.2893915047352,-88.23533183096063,0.9359981766588608,66.43362010393164,64.6415002822876,62.849380460643545,283402100.0,759428511.7834677,3791657.6721936464,0.003340272033365954,0
2020-09-25,62.33000183105469,63.09999847412109,62.13999938964844,63.08000183105469,55.39568710327149,24180700,64.36599990844726,64.24544616403074,64.23766693841843,-0.3068482047360987,-0.0117143200153212,-0.2951338847207775,63.35394773244387,40.39545818505093,-2.654322746450036,-108.09920477159606,-75.77311580367272,0.9377125272169886,66.45055962787487,64.54450054168701,62.63844145549917,307582800.0,782601850.7665322,10318459.009058235,0.015060192147529294,1
2020-09-28,63.88999938964844,64.05000305175781,63.77999877929688,64.02999877929688,56.22995376586914,18102700,64.37639991760254,64.22492736548466,64.18866677057176,-0.2804234240960639,-0.0654561408314697,-0.2149672832645941,63.40911233269424,48.208508932560335,-1.7191139222569984,-27.55054810093221,-51.28864104263222,0.9400188624659984,66.34013987304186,64.47200031280518,62.6038607525685,325685500.0,798022138.819655,16956927.66294563,-0.0010932327996053814,0
2020-09-29,64.02999877929688,64.2300033569336,63.720001220703125,63.959999084472656,56.1684799194336,16168300,64.37919990539551,64.19969610062637,64.1399047488258,-0.2621085610837639,-0.1047866248819285,-0.1573219362018353,63.44334541784649,47.71222571701754,-2.455392127260675,-22.031542975951822,-53.09275816571921,0.9093033820206036,66.28657158330087,64.42100009918212,62.55542861506338,309517200.0,797070863.1618094,17828447.34268105,-0.004846741135570265,0
2020-09-30,63.720001220703125,64.12999725341797,63.43000030517578,63.650001525878906,55.89624786376953,37083000,64.3731999206543,64.14734423636472,64.06647631327311,-0.2695014672601417,-0.1377295933575712,-0.1317718739025704,63.397618473026455,45.479338253215744,-2.9281655907905515,-33.967845381205414,-61.08239162024465,0.8943529224650023,66.22196654764745,64.35100002288819,62.480033498128925,272434200.0,783297408.4043163,12181747.303126693,0.005812963210017674,0
2020-10-01,64.0,64.06999969482422,63.63999938964844,64.0199966430664,56.22117233276367,33266700,64.37119979858399,64.13521589414583,64.03495218186151,-0.2427071084231329,-0.1587250963706835,-0.0839820120524493,63.46252188791037,48.57285167549309,-2.497726054787555,-18.040881227617596,-51.546428241364325,0.861184878372915,65.986311274018,64.25599994659424,62.525688619170495,305700900.0,808827199.8398834,16887417.534341574,-0.0020305726372144006,0
2020-10-02,63.2400016784668,64.05000305175781,63.20000076293945,63.88999938964844,56.10700988769531,25285500,64.37679977416992,64.11186194133656,64.00009498596191,-0.2293186354369112,-0.172843804183929,-0.0564748312529821,63.48793641420775,47.5519542159452,-1.9038813389546967,-27.18100919260996,-54.89687528880621,0.860386121976161,65.96445296457468,64.22899990081787,62.49354683706106,280415400.0,824593260.5360414,22293718.529130574,0.015182363906240504,1
2020-10-05,64.41000366210938,64.87999725341797,64.38999938964844,64.86000061035156,56.95884704589844,14564100,64.4087998199463,64.18311324314752,64.06019029163178,-0.1388367585347794,-0.1660423950540991,0.0272056365193197,63.76579466924012,55.13015158014972,2.17391474175587,66.14251275895542,-29.896826130301505,0.8696441035328304,65.99909389810212,64.24600009918213,62.492906300262135,294979500.0,837968648.7851655,26734490.78543556,-0.01063833541339998,-1
2020-10-06,64.91000366210938,64.94999694824219,64.04000091552734,64.16999816894531,56.352909088134766,22901400,64.41039985656738,64.18186418846159,64.05295201256162,-0.1214071436548636,-0.157115344774252,0.0357082011193884,63.81865369378265,49.63604818643507,1.1188135750326198,53.03189774488234,-42.65541654543691,0.8725263841886886,66.00561501192828,64.26800003051758,62.53038504910688,272078100.0,821610396.2108625,20915863.54524243,0.00857103112750246,0
2020-10-07,64.62000274658203,64.80999755859375,64.48999786376953,64.72000122070312,56.83590316772461,17055500,64.43119987487793,64.23311533438935,64.09599974496024,-0.0624930179687766,-0.1381908794131569,0.0756978614443803,64.00786072852793,53.605018097087246,2.844431760443075,99.281723536891,-23.21424516691568,0.8559173131500991,65.98274553721228,64.25800018310547,62.53325482899864,289133600.0,829072558.6813582,19008398.319844604,0.006952981145776693,0
2020-10-08,65.01000213623047,65.19000244140625,64.94000244140625,65.16999816894531,57.23108673095703,13385000,64.44759986877442,64.32234227101374,64.18285669599261,0.0202741364082186,-0.1064978762488818,0.1267720126571004,64.28192267368122,56.61735269239088,3.658341460371957,151.97059648446503,-0.6558771293493804,0.8283518779753153,66.07739025244385,64.30849990844726,62.53960956445068,302518600.0,840315501.186241,20077335.31374955,0.00782571966487322,0
2020-10-09,65.51000213623047,65.72000122070312,65.41999816894531,65.68000030517578,57.67895126342773,22181600,64.49319984436035,64.45164303617203,64.31347578139533,0.1255730843355706,-0.0600836841319913,0.185656768467562,64.63964486683443,59.802831854117855,4.121747619926508,167.03500814606872,-1.1173434376585023,0.8084698189597793,66.20967954084767,64.35249977111816,62.495320001388656,324700200.0,856581932.6393716,23865098.154184222,0.005785585439286756,0
2020-10-12,65.83000183105469,66.11000061035156,65.7699966430664,66.05999755859375,58.01266479492188,9676100,64.57339981079102,64.60481965735505,64.47609461829776,0.2369543989748166,-0.0006760675106297,0.2376304664854464,65.03038885273024,62.039413603074834,3.17038703419942,156.7551806581148,-1.2595223270222666,0.7814362822609223,66.37201672019069,64.3979995727539,62.42398242531712,334376300.0,863411980.3831167,25418280.12971878,-0.011201905708718374,-1
2020-10-13,65.5199966430664,65.5199966430664,65.19000244140625,65.31999969482422,57.36281204223633,16260500,64.61459983825684,64.67293204187592,64.56390415373302,0.2624874580755261,0.0519566376066014,0.2105308204689246,65.15571537244733,55.55665166853608,2.1263299403044003,86.32141088913602,-19.89926127497329,0.7877619133271064,66.33265613712345,64.3854995727539,62.43834300838435,318115800.0,859962737.8450269,22645433.75488889,-0.0016840264982468378,0
2020-10-14,65.52999877929688,65.63999938964844,65.1500015258789,65.20999908447266,57.26621627807617,13144000,64.64659980773926,64.72408128402799,64.64242791675386,0.2707257040315056,0.0957104508915822,0.1750152531399234,65.22595634225259,54.64259521528044,2.450899483418683,74.25864427360942,-22.67005665352182,0.7664930526444225,66.27681210515024,64.36749954223633,62.45818697932242,304971800.0,850037559.6745325,16294400.478675008,-0.011807953594186626,-1
2020-10-15,63.93999862670898,64.5,63.91999816894531,64.44000244140625,56.59000778198242,20631800,64.6589998626709,64.69702615615925,64.64933295477005,0.2126707433930761,0.119102509391881,0.093568234001195,65.07961088203888,48.61325145849936,0.6560540774182185,-35.57068704837289,-57.38825623755472,0.8038864714217739,66.12240927720306,64.30649948120117,62.49058968519929,284340000.0,866400898.565906,17421458.287599564,0.004655422268738496,0
2020-10-16,64.6500015258789,65.0199966430664,64.5999984741211,64.73999786376953,56.853458404541016,15792600,64.67599983215332,64.70111869974119,64.69061851501465,0.1886937481709338,0.1330207571476916,0.0556729910232422,65.03393015252205,50.88701619691091,1.33040926943382,12.029658413813236,-47.07913465357697,0.7878941664388013,66.07528412143417,64.28699951171875,62.49871490200333,300132600.0,861136698.565906,14623785.728741528,-0.003707103362507902,0
2020-10-19,65.08999633789062,65.16999816894531,64.41999816894531,64.5,56.642704010009766,14736400,64.69339981079102,64.68196453786108,64.71090427580334,0.1486128682156078,0.1361391793612748,0.0124736888543329,64.93130348067638,49.0183550618528,-0.5550425639282324,-4.531682331636289,-55.32648435646316,0.7851874402646012,66.08910829406744,64.33799953460694,62.58689077514644,285396200.0,849544135.8543175,8461305.57109046,0.00496123557867012,0
2020-10-20,64.97000122070312,65.18000030517578,64.80999755859375,64.81999969482422,56.92372131347656,23268000,64.71299980163575,64.69511074328614,64.75680905296689,0.1410439166329951,0.1371201268156189,0.0039237898173761,64.927872563951,51.571924371769406,1.0129367997916987,16.237842837882344,-44.329930693108246,0.7776740734725426,66.12069304900447,64.40599956512452,62.69130608124456,308664200.0,827534124.9258065,-1832103.931664944,-0.004782436903011944,0
2020-10-21,64.72000122070312,65.04000091552734,64.48999786376953,64.51000213623047,56.6514892578125,21699100,64.72179985046387,64.67748135213797,64.76671405973889,0.1087773383071351,0.1314515691139221,-0.022674230806787,64.84265749033466,49.01086544957358,-0.3244732393569241,-29.58449346335313,-54.982768316774575,0.7614118576357761,66.06032763195238,64.48499965667725,62.90967168140211,286965100.0,807413469.6532305,-12278515.95755124,0.0007750026462207682,0
2020-10-22,64.44000244140625,64.66999816894531,64.0999984741211,64.55999755859375,56.69539260864258,20533700,64.70319984436036,64.66629241941948,64.77385671706426,0.0862458666072285,0.1224104286125834,-0.0361645620053548,64.78422523702459,49.44688982093922,-0.9360144659973902,-82.06965447067816,-70.77631615618294,0.7477395602920934,65.9596710684222,64.56949958801269,63.17932810760319,307498800.0,820021833.716086,-11424067.224727867,0.0065056662673919075,0
2020-10-23,64.94999694824219,64.9800033569336,64.58000183105469,64.9800033569336,57.064231872558594,19334200,64.69879997253418,64.69616965156368,64.81295231410435,0.1011148813354765,0.118151319157162,-0.0170364378216855,64.84416717630793,53.07706839694275,-1.065768795660352,-15.472231649995528,-51.59799057997269,0.7243300058669327,65.88370376626149,64.66449966430665,63.4452955623518,326833000.0,839356033.716086,-3884177.5408701897,-0.018005569762989837,-1
2020-10-26,64.16000366210938,64.23999786376953,63.41999816894531,63.810001373291016,56.03675842285156,17745700,64.67899993896485,64.61177267268057,64.73157152448381,0.0182785963865654,0.0981767746030427,-0.0798981782164772,64.5886779153817,43.66955453839202,-3.4059889016905243,-170.92894096094815,-85.5017527738071,0.784021090304172,65.89908794620239,64.65349979400635,63.40791164181032,309087300.0,838490534.7869929,-721956.1893789768,-0.007835762251045542,0
2020-10-27,63.70000076293945,63.72999954223633,63.220001220703125,63.310001373291016,55.59766387939453,19616900,64.63939994812011,64.4877944536911,64.6036192939395,-0.0867159698427713,0.0611982257138799,-0.1479141955566512,64.24936916925667,40.37603883580123,-3.07715604856696,-184.5297438809959,-96.88580721123132,0.7701624518958662,65.96713282503237,64.62099990844726,63.27486699186216,289470400.0,825797281.0766267,-3401450.345305681,-0.02985315374109354,-1
2020-10-28,61.90999984741211,62.040000915527344,61.369998931884766,61.41999816894531,53.93790435791016,36132600,64.56279991149903,64.1956233789534,64.29876198541551,-0.3187579400860159,-0.0147930074460992,-0.3039649326399166,63.48255328307127,30.891817902731542,-5.811993511329142,-264.4444449878477,-98.94516414861864,0.8537224511466079,66.41293335774185,64.50949974060059,62.60606612345933,253337800.0,795057508.1939197,-13969221.113109112,0.00472160410571254,0
2020-10-29,61.459999084472656,61.90999984741211,61.13999938964844,61.709999084472656,54.19258117675781,30898400,64.49779991149903,63.95889725566952,64.03214287530808,-0.4737906592363856,-0.1065925378041565,-0.3671981214322291,62.93412912286171,33.47402295336739,-4.236504117789133,-188.608341692692,-88.53119607999656,0.8477423087621125,66.64992911153698,64.3939998626709,62.13807061380482,284236200.0,809904739.6230431,-12298351.780388594,-0.005185540424108348,0
2020-10-30,61.43999862670898,61.52999877929688,60.970001220703125,61.38999938964844,53.91155624389648,35889900,64.43059989929199,63.71424031604846,63.74604759216309,-0.6153827577676836,-0.2083505817968619,-0.4070321759708216,62.40954716759444,32.05091900826792,-5.174542144981834,-155.0983222482547,-91.00645966548278,0.8400462769769281,66.87298090117943,64.2689998626709,61.66501882416236,248346300.0,827849689.6230428,-4787025.527876735,0.013031426046820282,1
2020-11-02,62.08000183105469,62.2400016784668,61.77000045776367,62.18999862670898,54.614105224609375,24388600,64.38599990844726,63.56907444087327,63.54804747445242,-0.6554862262216474,-0.2977777106818191,-0.3577085155398283,62.19744724983149,39.02958706516536,-3.5813974779705777,-89.46484484271319,-73.87584830078467,0.8407574206798876,66.87484658236,64.13549976348877,61.39615294461754,272734900.0,847048922.5559685,4829820.738434196,0.026210019361782022,1
2020-11-03,63.40999984741211,64.05000305175781,63.33000183105469,63.81999969482422,56.04553985595703,26474500,64.35699996948242,63.5929720841067,63.51799984886533,-0.5494078188504972,-0.3481037323155547,-0.2013040865349424,62.45784214958163,50.24275401409988,-1.5427337314224772,8.605857406902386,-32.30405952741236,0.9135607781348124,66.8607112783797,64.11799983978271,61.375288401185735,299209400.0,856608940.4744189,11366734.390665293,0.010968300714344181,1
2020-11-04,64.0999984741211,65.06999969482422,63.84000015258789,64.5199966430664,56.66026306152344,26490200,64.34119995117187,63.68126013734096,63.55628525870187,-0.4041966853654628,-0.3593223229255363,-0.0448743624399264,62.863048233165415,54.14313022577482,0.0154929569136137,50.98989287212843,-15.677050015131933,0.937592151125183,66.84330675463154,64.10799961090088,61.37269246717021,325699600.0,859408577.4435012,13898380.430316448,0.02402360713582552,1
2020-11-05,66.01000213623047,66.19000244140625,65.66999816894531,66.06999969482422,58.021446228027344,28528300,64.34879989624024,63.90875914281556,63.74314240955171,-0.1621740816644177,-0.3198926746733126,0.1577185930088949,63.60491351142558,61.36503527888582,2.338912938867465,126.60541550738124,-2.2989026536255674,0.989907411640516,66.98462922184152,64.15299968719482,61.32137015254812,354227900.0,874769776.5690625,18558218.94736886,0.0021189555062068877,0
2020-11-06,66.31999969482422,66.48999786376953,66.0999984741211,66.20999908447266,58.14440155029297,21980100,64.37259994506836,64.1279248515448,63.93904711405436,0.0404609475509687,-0.2478219502284563,0.2882828977794251,64.25313423984352,61.947948249990034,1.8928834472087137,127.03549557632032,-5.0724447386861655,0.9491996085908586,67.07695022298446,64.17949962615967,61.28204902933488,376208000.0,865188795.5408533,15728911.745608568,0.029149680287918978,1
2020-11-09,69.36000061035156,69.37999725341797,68.12000274658203,68.13999938964844,59.83927917480469,43606500,64.42579986572265,64.51002718850705,64.31623756771995,0.3527196307103679,-0.1277136340406915,0.4804332647510594,65.28500564470424,68.91160583312886,6.785767000735141,193.17973481855333,-14.74433351628165,1.1078280771876057,67.56706684286905,64.2834997177124,60.999932592555744,419814500.0,822966402.5526607,-292830.9464098215,0.008952166360662428,0
2020-11-10,68.7300033569336,69.12000274658203,68.55000305175781,68.75,60.374977111816406,37172600,64.50119979858398,64.91383412293496,64.74161854698545,0.6420081675646117,0.0262307262803691,0.6157774412842425,66.28401009061746,70.73454503524368,8.592637037919873,161.05668690389524,-7.491052920444696,1.0986977400266045,68.2548974366336,64.45499973297119,60.65510202930877,456987100.0,811879453.5652292,-10348224.821290135,0.008436390269886296,0
2020-11-11,69.23999786376953,69.37999725341797,69.05000305175781,69.33000183105469,60.88432312011719,16643200,64.58679977416992,65.33442152370826,65.20590446108864,0.9076103505679924,0.2025066511378938,0.7051036994300987,67.24310863811691,72.39218320170333,12.878547538135171,136.97175107472236,-0.5944761706045965,1.0652191338402732,69.00940217679063,64.66099987030029,60.312597563809945,473630300.0,823479632.7528,-9830081.22666943,-0.014568038505056835,-1
2020-11-12,68.75,68.97000122070312,68.16000366210938,68.31999969482422,59.99734878540039,24076600,64.6347998046875,65.61876230190978,65.55438063485282,1.0247901201098983,0.3669633449322947,0.6578267751776036,67.75239876685205,65.44095281598035,10.711393142792572,93.52765811127628,-12.604019722130245,1.0727033506334902,69.4838167311558,64.8549997329712,60.22618273478658,449553700.0,808914568.7824888,-13358808.180635452,0.01536889719625334,1
2020-11-13,68.75,69.41000366210938,68.72000122070312,69.37000274658203,60.91946029663086,21594600,64.73359985351563,65.97602329664048,65.98438092186338,1.1886800391777117,0.5313066837813781,0.6573733553963333,68.42461777477257,68.79554382673234,12.998865346591256,93.34961574556,-0.4739443596734172,1.0739391089657522,70.11501692618666,65.08649997711181,60.057983028036965,471148300.0,828005398.5967304,-7513586.249941468,0.01037903362839443,1
2020-11-16,70.06999969482422,70.13999938964844,69.70999908447266,70.08999633789062,61.55173110961914,20294600,64.84499984741211,66.36783025295001,66.46090438479469,1.3609729968517286,0.6972399463954483,0.6637330504562803,69.1423574146392,70.88268531747521,12.703003514440994,97.20000329275956,-0.5452896591315648,1.052228932830085,70.83515885536043,65.36599979400634,59.89684073265226,491442900.0,843580039.4618676,516261.7469717264,-0.000998711634778271,0
2020-11-17,69.83999633789062,70.22000122070312,69.66000366210938,70.0199966430664,61.49026870727539,18574500,64.97079978942871,66.71565562343729,66.90414217994326,1.474866671831407,0.85276529148264,0.6221013803487669,69.6897887924557,70.38974215495927,9.714818204151458,85.78464130398132,-2.1622116501266886,1.0170695489560608,71.44953939558215,65.62599964141846,59.80245988725476,472868400.0,848886677.949606,5442742.560264587,-0.005284135031790815,0
2020-11-18,70.12999725341797,70.3499984741211,69.6500015258789,69.6500015258789,61.16533660888672,15018000,65.06539985656738,66.99511713795553,67.28738045465379,1.5177767306657015,0.9857675793192524,0.5320091513464493,70.01782642831597,67.70940033788834,7.9510309202159455,74.34597664921323,-7.462656217592345,0.994421506047927,71.93600278932232,65.88299961090088,59.82999643247944,457850400.0,833868677.949606,2184871.7511332035,0.007035145054339553,0
2020-11-19,69.63999938964844,70.19000244140625,69.5199966430664,70.13999938964844,61.59564208984375,24048000,65.18499977111816,67.29462973335485,67.6928090050107,1.5731872703873933,1.1032515175328808,0.4699357528545125,70.38832202068662,69.37270689548684,6.16013275862487,70.25278281316523,-2.4475423429271337,0.9712489554973496,72.45499785999377,66.16199970245361,59.86900154491346,481898400.0,854327236.2114855,7163022.980619907,0.0029939989492451247,0
2020-11-20,70.12000274658203,70.44000244140625,70.05000305175781,70.3499984741211,61.780067443847656,18571900,65.29599967956543,67.58561723247544,68.09166603088379,1.615424090065872,1.205686032039479,0.4097380580263929,70.72047164726897,70.08393443378704,6.252831063124627,78.75339518657728,-1.26587847480798,0.9297311293652843,72.95291473222424,66.430499458313,59.90808418440175,500470300.0,864327098.7960937,11730129.944092512,-0.0012792656694048388,0
2020-11-23,70.5999984741211,70.69000244140625,70.01000213623047,70.26000213623047,61.70102310180664,14340300,65.39819969177246,67.84032055664258,68.45638057163784,1.622927029069814,1.289134231445546,0.3337927976242678,70.94297919446669,69.34077709108331,3.111245620151992,80.35916579218728,-6.277374620409903,0.9118932133517484,73.36249963007415,66.75299949645996,60.14349936284577,486130000.0,860531132.2992184,11324308.91249907,0.014944426280081746,1
2020-11-24,70.91000366210938,71.37999725341797,70.83000183105469,71.30999755859375,62.62310028076172,23399300,65.51299964904786,68.17076598539984,68.89038038707915,1.6940708237592048,1.370121549908278,0.3239492738509268,71.37140515784886,72.94533282945973,3.7236328125,123.57713326782137,-1.2259142915551524,0.926757635054302,73.84836275209801,67.1529993057251,60.4576358593522,509529300.0,877974223.2381966,15678882.979022143,-0.0012620437662570483,0
2020-11-25,70.88999938964844,71.4000015258789,70.76000213623047,71.22000122070312,62.54408264160156,19214900,65.62599967956542,68.461169341143,69.27771390279135,1.7233254185843094,1.4407623236434843,0.2825630949408251,71.67245106940126,72.16222309620774,2.7260916482506974,114.61850250401724,-3.3962302175671755,0.9062749032395976,74.01497965204436,67.64299945831299,61.2710192645816,490314400.0,886380713.3557371,18709738.954633355,0.006880059749663214,0
2020-11-27,71.37999725341797,71.7699966430664,71.37000274658203,71.70999908447266,62.974395751953125,11839100,65.7469995880127,68.7705816976506,69.66504720052083,1.765694797752715,1.5057488184653307,0.2599459792873846,72.01923078153992,73.81077202052015,4.96194292270358,153.1806542914718,-1.643771477304079,0.8808263688912892,74.13216718796821,68.14299945831299,62.15383172865776,502153500.0,894668173.6822802,20885668.416316867,-0.021754254337057133,-1
2020-11-30,71.45999908447266,71.52999877929688,70.08999633789062,70.1500015258789,61.60442733764648,46146500,65.84739967346191,68.90195501462472,69.85619025457473,1.6543240525665937,1.5354638652855834,0.1188601872810102,71.87156332424901,61.35354528929285,1.1244035583309917,52.65846543415011,-44.87529825495753,0.933624681583485,73.75668919975696,68.58099956512451,63.40530993049207,456007000.0,852367541.3390003,6417832.1399332285,0.0235210476120975,1
2020-12-01,71.33999633789062,71.86000061035156,71.30000305175781,71.80000305175781,63.05342483520508,29860500,66.01379974365234,69.17795958958978,70.16276201520647,1.6798391283163454,1.5643389178917355,0.1155002104246096,72.15278284109603,67.5850398917304,2.4397300659334724,130.3562966389692,-1.6215569751281578,0.9890799960755688,73.50758339265033,69.06149978637696,64.61541618010358,485867500.0,875829595.2354581,7380931.526655197,0.00013919925363703456,0
2020-12-02,71.44999694824219,71.87999725341797,71.4000015258789,71.80999755859375,63.06221008300781,20864700,66.18079971313476,69.42862987235206,70.42452370779854,1.681483389026667,1.587767812118722,0.0937155769079449,72.36086222315065,67.61909899423014,2.556413883668181,111.65660981478575,-1.8817154682138737,0.9527168340372468,73.35271422898565,69.46099967956543,65.56928513014522,506732200.0,890608730.0989225,11806384.957175136,0.0016711147564669737,0
2020-12-03,72.05999755859375,72.2699966430664,71.80999755859375,71.93000030517578,63.16758728027344,16572700,66.36079971313477,69.66685562785908,70.65966662452334,1.6731822922845936,1.6048507081518966,0.068331584132697,72.53778046272184,68.05313963087495,3.273508584848669,118.60726449121404,-9.577373980507408,0.9175227090683474,73.13798609551058,69.8314998626709,66.52501362983121,523304900.0,882682871.3010521,10021625.837867618,0.008480475570186607,0
2020-12-04,72.33999633789062,72.55999755859375,72.30999755859375,72.54000091552734,63.70328521728516,18956100,66.55419975280762,69.94048851239891,70.91761910574776,1.6962719968903883,1.623134965899595,0.0731370309907932,72.81673371955632,70.23707995590284,3.421730177877801,135.3759778288604,-0.6577841132964779,0.8969851765218918,73.1801711483018,70.15499992370606,67.12982869911032,542261000.0,898606504.3760033,13447050.736738443,-0.008133498205661893,0
2020-12-07,72.0199966430664,72.22000122070312,71.77999877929688,71.94999694824219,63.18516159057617,19537700,66.73159965515137,70.13187026819351,71.08857120332264,1.647965642745234,1.628101101268723,0.019864541476511,72.86821267565901,65.56817507851376,2.2743404531979743,81.85370175978323,-20.065803508014625,0.887200673643933,72.96271037597694,70.44199981689454,67.92128925781213,522723300.0,894165871.6322107,12212973.164457202,0.003474635310684482,0
2020-12-08,71.77999877929688,72.23999786376953,71.77999877929688,72.19999694824219,63.40470123291016,12428100,66.89499961853028,70.32883471391243,71.25599950154623,1.6112815687825588,1.62473719477149,-0.0134556259889313,72.95194598927824,66.58185462150247,2.761165318854062,79.99115402774301,-11.842121774134853,0.8566862744174132,73.0423764925489,70.64499969482422,68.24762289709955,535151400.0,904432509.1639308,13864510.357302427,0.0013851261460207098,0
2020-12-09,72.63999938964844,72.63999938964844,71.83999633789062,72.30000305175781,63.49251937866211,18355000,67.06179969787598,70.51656503180247,71.41361886887323,1.5721559969408787,1.614220955205368,-0.0420649582644894,73.02425188085971,67.00037901309672,1.388312336360127,86.64417942527642,-10.89730892907359,0.8526374727988703,73.15723596680743,70.8224998474121,68.48776372801677,553506400.0,907185986.7240596,14155835.672843575,0.0013831047012475839,0
2020-12-10,71.91000366210938,72.55999755859375,71.91000366210938,72.4000015258789,63.58033752441406,20871300,67.23679969787598,70.69593993600023,71.5638571239653,1.5315628374854953,1.5976893316613936,-0.0661264941758983,73.08817252741589,67.43949685869738,1.6568383669625155,83.48558486132865,-9.125403589590364,0.8381629316335492,73.30171176816214,70.97599983215332,68.6502878961445,574377700.0,917782343.4802456,16359688.117729189,-0.0030386908296471393,0
2020-12-11,71.95999908447266,72.19000244140625,71.75,72.18000030517578,63.38713455200195,21812000,67.39999977111816,70.83727901877886,71.67852383568173,1.4647554175998607,1.5711025488490873,-0.1063471312492265,73.0632102603231,65.3782876338195,0.6554193650866943,50.06589203865725,-17.490477751443933,0.8247228312225032,73.20345213394292,71.1689998626709,69.13454759139888,552565700.0,938602682.6396296,22398673.11246562,-0.009005285718075795,0
2020-12-14,71.95999908447266,72.06999969482422,71.4800033569336,71.52999877929688,63.42614364624024,26176400,67.55279975891114,70.90325232930438,71.71290468488421,1.3438690789572547,1.5256558548707209,-0.1817867759134661,72.85515723516485,59.58386223642236,1.9672091566653445,-11.529878475941784,-43.52938360549794,0.815813839581052,73.14009551108752,71.27699966430664,69.41390381752576,526389300.0,916862581.9516869,15915619.199379206,0.010205555282979839,1
2020-12-15,71.81999969482422,72.30999755859375,71.70999908447266,72.26000213623047,64.07344818115234,24075700,67.70079978942871,71.03246659663068,71.80652396792458,1.292076698762358,1.4789400236490484,-0.1868633248866904,72.85702226476617,63.49679996945508,0.6406672213385017,47.82478774643143,-14.90183524117834,0.8132556209893251,73.21183515763536,71.38549995422363,69.5591647508119,550465000.0,936926022.4473444,18200408.28360951,0.0038748792003768795,0
2020-12-16,72.37000274658203,72.62000274658203,72.1500015258789,72.54000091552734,64.32171630859375,15642300,67.86819984436035,71.17604129366846,71.91647644042969,1.2591101872856283,1.4349740563763644,-0.1758638690907359,72.9156826108921,64.90047113577934,1.0165762174520945,102.0071817558842,-3.921504095932793,0.7887374495403108,73.29072772363111,71.51150016784668,69.73227261206225,566107300.0,947243176.0997044,20763242.863490105,0.007030633165063804,0
2020-12-17,73.16999816894531,73.27999877929688,72.9800033569336,73.05000305175781,64.77395629882812,18633100,68.03479988098144,71.35451384205793,72.0630005246117,1.2596168209301055,1.3999026092871127,-0.1402857883570072,73.08137865036238,67.36228243725542,1.5570731848049784,197.19436085479396,-7.209891897063048,0.7852560505566837,73.36388348747543,71.68150024414062,69.99911700080581,584740400.0,937305617.5406648,16762157.20797515,-0.005201983120291631,0
2020-12-18,73.0,73.0199966430664,72.55999755859375,72.66999816894531,64.4369888305664,27367900,68.18479988098144,71.47979806366624,72.1571431841169,1.215345368650219,1.362991161159734,-0.1476457925095151,73.1042570885967,63.77312086078111,0.1792076809722545,119.49575282544475,-30.808178112067573,0.7641667250286392,73.38489114059425,71.80800018310546,70.23110922561668,557372500.0,923026811.8700233,9058260.616607904,-0.01279758261468078,-1
2020-12-21,70.88999938964844,71.91000366210938,70.66999816894531,71.73999786376953,63.61235046386719,31488000,68.30599983215332,71.5045789970094,72.15066677275158,1.0926216096858496,1.3089172508649574,-0.2162956411791077,72.8680674492457,55.920321952087,-0.2918680936480383,-146.8011489637688,-59.003852697180335,0.8524405303837365,73.30684796721677,71.87750015258788,70.448152337959,525884500.0,945880749.1862108,12354895.64650774,-0.0025090648248636827,0
2020-12-22,71.58999633789062,71.66999816894531,71.33999633789062,71.55999755859375,63.45274353027344,20355000,68.41599983215332,71.50985695525553,72.12042843046642,0.9696599894611636,1.2410657985841986,-0.2714058091230349,72.61587394228039,54.52097548044231,-0.8864257849030549,-123.494052243791,-65.90041450110786,0.8201234586333915,73.17661373817262,71.94249992370605,70.70838610923948,505529500.0,952665749.1862108,14739210.3726933,0.01076026130144081,1
2020-12-23,72.16999816894531,72.44000244140625,72.11000061035156,72.33000183105469,64.1355209350586,13577300,68.55619987487793,71.58796599104592,72.15733337402344,0.9236971236756232,1.1775920636024837,-0.2538949399268604,72.5991551196979,59.22193765137737,0.0414920857961784,23.219204448247183,-36.39834199556852,0.8244007032176135,73.20290185601651,71.99350013732911,70.7840984186417,519106800.0,957191515.8528776,15814700.302554728,0.0004147487700463248,0
2020-12-24,72.30000305175781,72.44000244140625,72.19000244140625,72.36000061035156,64.16211700439453,7252900,68.6991999053955,71.66149309764646,72.19223818097795,0.8795529334607721,1.1179842375741416,-0.2384313041133694,72.58471910563753,59.39802086287607,-0.0552498821606318,33.35769960372904,-35.24896374723032,0.7833720815592125,73.21534384552538,72.05050010681153,70.88565636809767,526359700.0,959802453.6092252,15647726.350649118,0.008153625385766361,0
2020-12-28,73.12000274658203,73.1500015258789,72.8499984741211,72.94999694824219,64.68527221679688,11142200,68.86939979553223,71.78420775008415,72.2779045468285,0.8820088691246042,1.0707891638842342,-0.1887802947596299,72.71815705579971,62.80023738953119,1.0667728454015986,136.40785910826102,-12.643745359516869,0.7838455696997932,73.32910006284123,72.1125,70.89589993715876,537501900.0,956088198.0372808,12975089.656464577,0.00644278602282311,0
2020-12-29,73.80000305175781,73.86000061035156,73.31999969482422,73.41999816894531,65.1020278930664,17541500,69.04299980163574,71.93999731378521,72.40242818196614,0.911374626989968,1.038906256505381,-0.1275316295154132,72.94182735103924,65.29506389071932,2.6422471996399155,179.3549466229994,-13.793169425045438,0.7928568620147635,73.24801689610956,72.27599983215332,71.30398276819707,555043400.0,945043439.7403282,7187943.400134802,0.0013620059468129053,0
2020-12-30,73.80999755859375,74.0,73.47000122070312,73.5199966430664,65.19068908691406,15147100,69.22339973449706,72.09047344038342,72.52090406871977,0.931973037760372,1.0175196127563793,-0.0855465749960073,73.14305045078676,65.82029156920474,1.7436956401696373,148.99672261529523,-14.414507297179648,0.7776529312319009,73.44801259598783,72.36199951171875,71.27598642744967,570190500.0,932754028.0658882,256757.72612035277,-0.007616942113211622,0
2020-12-31,73.44000244140625,73.44999694824219,72.79000091552734,72.95999908447266,64.69413757324219,34218500,69.38619972229004,72.17328540648717,72.57785640898204,0.892818448501643,0.992579379905432,-0.099760931403789,73.15421316541712,60.31524618216061,0.5789883700641242,64.56763653360113,-31.23124155153848,0.7742488452538411,73.50429396975534,72.4194995880127,71.33470520627006,535972000.0,916163156.280946,-7880982.683559895,0.005208295753650116,0
2021-01-04,74.38999938964844,74.41999816894531,73.05000305175781,73.33999633789062,65.03107452392578,26703400,69.56279960632324,72.2844007332875,72.66552276611328,0.8822803780046371,0.9705195795252732,-0.0882392015206361,73.25369202515105,62.60105280234087,0.3969791567665572,104.4477958904569,-28.800048828125004,0.8232310051980422,73.62068011658475,72.48999938964843,71.35931866271211,562675400.0,900764623.8965569,-15393138.365865707,0.0103627239457309,1
2021-01-05,73.58000183105469,74.27999877929688,73.5199966430664,74.0999984741211,65.70498657226562,19748500,69.7535996246338,72.45731480384308,72.81885601225353,0.924596528761782,0.961334969372575,-0.0367384406107929,73.52436459433247,66.72871720617186,1.967800111748008,123.31848466002188,-8.533325195312502,0.831571822070057,73.8991725704653,72.56799926757813,71.23682596469096,582423900.0,911158581.6990966,-13759748.356376648,0.011470964799249694,1
2021-01-06,74.30000305175781,75.31999969482422,74.22000122070312,74.94999694824219,66.45867919921875,25426900,69.95299949645997,72.69471310330965,73.04571293422154,1.0150196416351631,0.9720719038250928,0.0429477378100706,73.95813787678192,70.63261386965993,4.474490075352769,173.20253187692515,-7.957045702519339,0.8593167791152762,74.37342053695832,72.71799926757812,71.06257799819792,607850800.0,919479961.9035646,-9192945.255038977,0.0010674027259791607,0
2021-01-07,74.8499984741211,75.13999938964844,74.77999877929688,75.02999877929688,66.52962493896484,18783700,70.17739944458008,72.91712126292748,73.26590336390905,1.0806786978835277,0.9937932626367796,0.0868854352467479,74.3244605462809,70.97777818427888,4.849079568318693,150.4614791144157,-6.236576782037295,0.8236513384892966,74.77671962382364,72.85949935913087,70.94227909443809,626634500.0,926784689.894918,-4164753.693148375,0.00932966265527746,0
2021-01-08,75.58000183105469,75.7300033569336,74.94999694824219,75.7300033569336,67.15033721923828,25272200,70.42579948425293,73.18501479568998,73.53928469703311,1.1756463726715367,1.030163884643731,0.1454824880278056,74.79494857924547,73.87152358542352,4.700679441181937,147.07665497595374,0.0,0.820533843503733,75.29891382143146,73.03099937438965,70.76308492734785,651906700.0,952056889.894918,6312002.281547666,-0.013072830440769012,-1
2021-01-11,74.3499984741211,74.95999908447266,74.33000183105469,74.73999786376953,66.27247619628906,23190200,70.69219947814942,73.33310842122135,73.70204645792643,1.1576787694448143,1.0556668616039475,0.1020119078408665,74.91090820066813,64.13223092346746,3.2891061820658622,80.43655311778687,-19.56530589166573,0.8619243922448169,75.51299044303607,73.14799919128419,70.7830079395323,628716500.0,959050599.2573158,12249400.679090977,0.004549156770179419,0
2021-01-12,74.68000030517578,75.12999725341797,74.47000122070312,75.08000183105469,66.573974609375,20914000,70.95959953308106,73.49947922215787,73.88604670933314,1.1575314905811638,1.076039787399391,0.0814917031817727,75.08092216821929,65.7998960597509,2.919814903246305,84.12908245233083,-14.806389216676196,0.8475009379926759,75.75637215930128,73.29299926757812,70.82962637585497,649630500.0,976796082.4436476,19211044.61200142,-0.0013318922706756497,0
2021-01-13,74.95999908447266,75.16000366210938,74.81999969482422,74.9800033569336,66.48530578613281,15580700,71.23139961242676,73.64048152070794,74.04671376546224,1.1362477728455076,1.0880813844886144,0.0481663883568932,75.18117943272293,64.8449589382194,2.1247687644973565,78.55873451576507,-20.718216324784343,0.8112511543707102,75.89382054257055,73.46549949645996,71.03717845034936,634049800.0,975879735.204783,20020966.22564423,0.008002113193632088,0
2021-01-14,75.20999908447266,75.75,75.19999694824219,75.58000183105469,67.01731872558594,22607500,71.49919967651367,73.82519774074096,74.24809494018555,1.1544869289899538,1.1013624933888824,0.0531244356010713,75.40605193106236,67.85900789867026,2.8019658352127497,101.84825354114066,-4.77523273955458,0.8083044035632598,76.15936387051174,73.63149948120117,71.10363509189061,656657300.0,984511917.8237315,21278813.51674128,-0.015612599584390763,-1
2021-01-15,74.61000061035156,74.76000213623047,73.97000122070312,74.4000015258789,65.97100067138672,27355900,71.71079971313476,73.87994095837314,74.32128561110724,1.0614892414652817,1.0933878430041624,-0.0318986015388809,75.2712548635334,57.43050460866317,1.9736875815185029,4.743065818516513,-45.60807066471121,0.8655684183338529,76.22156731272067,73.72449951171875,71.22743171071683,629301400.0,986935844.9534408,20630199.35739386,0.007258076672747249,0
2021-01-19,74.97000122070312,75.0199966430664,74.62999725341797,74.94000244140625,66.44982147216797,20162300,71.91919982910156,73.98089919485248,74.437047794887,1.019608057988421,1.0786318860010142,-0.0590238280125932,75.2887989458859,60.42762156063803,2.181628283895881,41.554740936312776,-27.364790848847733,0.8480274682519705,76.34963714894177,73.81899948120117,71.28836181346058,649463700.0,998827018.7161076,22272939.82056451,0.006805370832949853,0
2021-01-20,75.05000305175781,75.45999908447266,74.91000366210938,75.44999694824219,66.90203857421875,14419000,72.10679977416993,74.12081326660389,74.59238088698615,1.015859022385314,1.0660773132778745,-0.0502182908925603,75.42440176854221,63.071960527722354,1.8218603264783757,75.99092021152957,-10.135241369889137,0.826739464974207,76.52604007748519,73.95799942016602,71.38995876284685,663882700.0,1012721575.070059,25341152.50261295,0.0007952974210116981,0
2021-01-21,75.5,75.56999969482422,75.04000091552734,75.51000213623047,66.95524597167969,20536300,72.29279983520507,74.25311696847308,74.74019066946848,1.0061317414260031,1.0540881989075002,-0.047956457481497,75.54029308647709,63.38200749546808,0.7471717288727857,81.27283916172814,-8.10803844597433,0.8055437017115404,76.58587246318585,74.14649963378906,71.70712680439227,684419000.0,1028608325.2571956,29347464.340938807,-0.004767588401097811,0
2021-01-22,74.86000061035156,75.27999877929688,74.83000183105469,75.1500015258789,66.63602447509766,18854700,72.43299987792969,74.33853454536887,74.83576227823893,0.958326766157171,1.0349359123574344,-0.0766091462002633,75.53119934958367,60.12068121883205,0.1599396888370252,39.60471934251128,-22.22219082550142,0.7965763162447005,76.4905004970725,74.32599983215331,72.16149916723413,665564300.0,1036569354.8730104,30851513.66701877,-0.001197657557653664,0
2021-01-25,74.58000183105469,75.06999969482422,74.13999938964844,75.05999755859375,66.55622863769531,21748100,72.55919982910156,74.40724530853315,74.90566682361421,0.9027718192980672,1.008503093745561,-0.1057312744474938,75.49029434402078,59.2991579200153,-0.8847296561997315,-37.86025673025896,-30.94176693774355,0.8118210176722553,76.44277315774593,74.46249961853027,72.48222607931461,643816200.0,1057849654.03952,35433127.79275727,0.001465502450432421,0
2021-01-26,75.16999816894531,75.2699966430664,74.9000015258789,75.16999816894531,66.65377044677734,14175200,72.67599975585938,74.47988843809621,74.97304763793946,0.8577328433049018,0.9783490436574293,-0.1206162003525274,75.47608060013907,60.01823602962634,0.5753282278112365,26.633546249310548,-32.5843948771581,0.7802620247804871,76.35186565806696,74.60299949645996,72.85413333485296,657991400.0,1064362599.5690482,36158531.89515865,-0.022881485467611817,-1
2021-01-27,73.79000091552734,74.2300033569336,73.18000030517578,73.44999694824219,65.12862396240234,31245200,72.77859970092773,74.38180353430059,74.86323787144252,0.6754630884586703,0.9177718526176776,-0.2423087641590072,75.00989373173817,46.2567304781281,-2.171024031779252,-256.60573799996075,-89.49429279660389,0.8666717275654189,76.29396238367276,74.62799949645996,72.96203660924716,626746200.0,1049186113.0795768,28339266.790840268,0.006398927709068802,0
2021-01-28,73.63999938964844,74.33999633789062,73.56999969482422,73.91999816894531,65.54537963867188,26658600,72.869599609375,74.33782207093341,74.79580917358399,0.5624545392938245,0.846708389952907,-0.2842538506590825,74.74367693587469,49.65379925624725,-1.413717178621945,-146.7964163286412,-71.20630538362202,0.8683379891427774,76.25965194053971,74.65299949645996,73.0463470523802,653404800.0,1046762603.9886676,21793063.010980844,-0.020698035946917104,-1
2021-01-29,73.04000091552734,73.26000213623047,72.0,72.38999938964844,64.18870544433594,42149500,72.91559967041016,74.15231514890627,74.58028535388765,0.3454541546846599,0.7464575428992577,-0.4010033882145978,74.1248797220551,40.64674445514033,-4.22069643308149,-239.09528790414288,-89.60001627604166,0.9434565734143872,76.4229875044486,74.59649963378907,72.77001176312953,611255300.0,1030705566.5350646,12024825.637530208,0.011880102467227482,1
2021-02-01,73.27999877929688,73.33000183105469,72.93000030517578,73.25,64.9512939453125,23243900,72.98019973754883,74.06638037281996,74.45204729352679,0.240106846147853,0.6451874035489767,-0.4050805574011237,73.8401184476657,46.51921019562257,-1.5457009439427172,-126.95505297880165,-66.66666666666667,0.9432098496995204,76.38925792277212,74.61099967956542,72.83274143635873,634499200.0,1044651729.1988575,11372977.956186296,0.01010235991494235,1
2021-02-02,73.6500015258789,74.05000305175781,73.47000122070312,73.98999786376953,65.60745239257812,20388500,73.06699966430664,74.05910584814849,74.39290426345099,0.2138646893197489,0.5589228607031311,-0.3450581713833822,73.80029279237563,51.01072986389601,-1.2676868784191782,-55.30360531178447,-46.93339029947917,0.932980792703684,76.3499627973082,74.64349975585938,72.93703671441057,654887700.0,1060821567.429896,15217354.436768292,0.002432765378736601,0
2021-02-03,74.0199966430664,74.20999908447266,73.80999755859375,74.16999816894531,65.76705932617188,11345800,73.14759963989258,74.06966702155772,74.34780887422107,0.2052263892055492,0.4881835664036147,-0.2829571771980655,73.81666574055492,52.06529405383869,-1.6964861909470177,-29.760147239618476,-42.133382161458336,0.8949108450733426,76.34927149745077,74.64699974060059,72.94472798375041,666233500.0,1069898164.1492687,18294666.09528232,0.001078627922741271,0
2021-02-04,73.88999938964844,74.25,73.81999969482422,74.25,65.83799743652344,10500300,73.22559967041016,74.08684159093318,74.30999937511626,0.2025016404343347,0.4310471812097587,-0.228545540775424,73.85319985945397,52.55415083462085,-1.66865594038423,-18.422882430673045,-36.97478452835592,0.8617029493663739,76.31669619286593,74.61199989318848,72.90730359351103,676733800.0,1080398464.1492686,21231419.40146697,0.006195273864951556,0
2021-02-05,74.61000061035156,74.75,74.31999969482422,74.70999908447266,66.24588775634766,10955600,73.314599609375,74.14618992365122,74.31933263142903,0.2347542384155758,0.3917885926509222,-0.1570343542353464,74.00467530800093,55.37238440074165,-0.5854989121387167,26.99874014764262,-24.089655010290063,0.8358670244116329,76.29068030032889,74.59599990844727,72.90131951656565,687689400.0,1089315767.7812128,23340013.327664137,0.006960303558202208,0
2021-02-08,75.25,75.43000030517578,75.02999877929688,75.2300033569336,66.70696258544922,16405600,73.3929997253418,74.2494102506305,74.37971391223726,0.2988299282163922,0.3731968597640163,-0.074366931547624,74.26531490835588,58.381893782790016,0.2264932105908115,82.23180042984738,-9.52370775783402,0.8275908955753108,76.21192676267653,74.57099990844726,72.930073054218,704095000.0,1089316080.6920063,22080900.102937102,0.005449900497406457,0
2021-02-09,75.33999633789062,75.69000244140625,75.26000213623047,75.63999938964844,67.07051086425781,16337600,73.4813996887207,74.38184731148935,74.48152338663736,0.3783324464453699,0.374223977100287,0.0041084693450828,74.58571530080518,60.63587378896165,0.6252510737685434,105.4950712362122,-1.3550953570306223,0.8013343376394069,76.32110433047667,74.61599998474121,72.91089563900574,720432600.0,1101854009.6286824,23547794.799678683,-0.0034373630133325284,0
2021-02-10,75.87000274658203,75.93000030517578,75.06999969482422,75.37999725341797,66.83997344970703,15402800,73.5547996520996,74.47690921072065,74.55428503127325,0.4155683521796618,0.382492852116162,0.0330755000634997,74.77979483319426,58.47312539641841,2.627638373539742,97.83707652495616,-13.994987507595424,0.8055247856902752,76.35731365545708,74.63099975585938,72.90468585626168,705029800.0,1097555458.4816127,20639458.647034407,0.00676574893623183,0
2021-02-11,75.79000091552734,75.9000015258789,75.5,75.88999938964844,67.29219055175781,12314100,73.669599609375,74.61148922776138,74.67418975830078,0.4806898920163007,0.4021322600961898,0.0785576319201109,75.06897789963644,61.38275313507617,2.6650450074425818,113.23577191294828,-1.0178349216579674,0.7851304633167511,76.4833017229278,74.67649955749512,72.86969739206243,717343900.0,1109253724.3020556,21295545.83227229,0.005534301914918771,0
2021-02-12,75.68000030517578,76.3499984741211,75.66999816894531,76.30999755859375,67.66461181640625,11946800,73.75979949951171,74.7732519259359,74.82976099650065,0.5597372214108276,0.4336532523591174,0.1260839690517102,75.41159008637253,63.642022353968926,5.415110100837853,119.63750244284287,-0.9195615990514994,0.7776211663066818,76.61815156866754,74.71299934387207,72.8078471190766,729290700.0,1119794986.881014,22982024.516604424,0.007207483545462079,0
2021-02-16,76.98999786376953,77.16999816894531,76.72000122070312,76.86000061035156,68.15229797363281,20225600,73.86079956054688,74.97198989588026,75.03423730759394,0.65916500530561,0.4787556029484159,0.180409402357194,75.83024075882184,66.41316064619934,4.928328478295649,147.89971371982645,-5.996086429117442,0.7835054123098875,76.95057216407271,74.8359992980957,72.72142643211869,749516300.0,1112154235.1398048,19151524.377391577,-0.005854761184865054,0
2021-02-17,76.30000305175781,76.52999877929688,76.01000213623047,76.41000366210938,67.75328826904297,19198800,73.95039962768554,75.10894358790208,75.18414248511905,0.6936552218271572,0.5217355267241642,0.171919695102993,76.05007761136356,62.23376298393505,3.2707201894985336,92.24762633139392,-14.700092379161855,0.7882549167249737,77.13281759691434,74.90949935913086,72.68618112134739,730317500.0,1122492353.8774254,19132855.33901167,-0.004973234715351049,0
2021-02-18,75.8499984741211,76.08000183105469,75.48999786376953,76.02999877929688,67.41633605957031,19191700,74.02019958496093,75.19666312993968,75.29085671561104,0.682458788600286,0.5538801790993886,0.1285786095008974,76.12406148710338,58.86492273911556,2.507753345382092,56.30334153197282,-22.05028613928889,0.7976656939831787,77.20399194163822,74.9384994506836,72.67300695972897,711125800.0,1138431046.7058427,22457269.7833519,0.0028936107357011576,0
2021-02-19,76.33999633789062,76.58999633789062,76.13999938964844,76.25,67.61139678955078,14962300,74.1061996459961,75.29698092708828,75.41576152983166,0.6834593011014221,0.5797960034997953,0.1036632976016267,76.23399345096313,60.20790942876237,2.6936026936026938,79.47642582390576,-21.69808095439455,0.7806893985982195,77.30050771642516,74.97549934387207,72.65049097131899,726088100.0,1130783739.1238685,19342453.299649,-0.002491835297131151,0
2021-02-22,76.0199966430664,76.5199966430664,75.97000122070312,76.05999755859375,67.44293212890625,19515800,74.18339965820313,75.36964917770786,75.51904707409086,0.6612975785203048,0.5960963185038972,0.0652012600164075,76.26702697372966,58.433554606391226,1.806984996204705,63.1061704203242,-30.00004124000445,0.764211257438581,77.39302782954353,75.02099914550782,72.6489704614721,706572300.0,1117654721.4845614,12132390.643841268,0.0009203220756126562,0
2021-02-23,75.97000122070312,76.37000274658203,75.30000305175781,76.12999725341797,67.50499725341797,25014500,74.25999954223633,75.44206328015643,75.62466594151088,0.6419822720564525,0.6052735092144084,0.0367087628420441,76.30468051602985,58.91395451351035,1.1963230843075947,33.69447640955981,-30.952402577644968,0.7860532886804122,77.49539612719953,75.07449913024902,72.65360213329852,731586800.0,1131447503.5012891,12468487.413256643,0.0031525745674880756,0
2021-02-24,75.66000366210938,76.44999694824219,75.47000122070312,76.37000274658203,67.71780395507812,21877600,74.33939956665039,75.53043846743506,75.74804723830451,0.6386788972496475,0.6119545868214562,0.0267243104281913,76.39052311647586,60.595525800952906,0.9651022776627586,43.08776674910802,-23.88047124627925,0.7999063200274587,77.62049695983131,75.13449935913086,72.6485017584304,753464400.0,1149753493.7543058,17297115.95277238,-0.017022430339194816,-1
2021-02-25,76.5,76.68000030517578,74.94000244140625,75.06999969482422,66.56507873535156,36921800,74.39719955444336,75.48658715575783,75.74190441313245,0.5251084439445606,0.5945853582460772,-0.0694769143015165,76.1165391868109,48.91698688713303,-0.4112464445329941,-45.14784938471584,-73.684196436937,0.8670557160090353,77.57923855747754,75.21549949645996,72.85176043544237,716542600.0,1118348634.5404851,7707543.700652122,-0.014120122058117301,-1
2021-02-26,74.86000061035156,74.86000061035156,73.95999908447266,74.01000213623047,65.62519073486328,48798100,74.44679962158203,75.34596001104094,75.62709514072964,0.3455863924479558,0.5447855650864529,-0.199199172638497,75.61125520270248,41.83670423837383,-2.477266133269207,-230.605856157156,-98.44227208662812,0.8844089227477873,77.57417925055582,75.21999969482422,72.86582013909263,667744500.0,1074972867.3917546,-10717529.377143385,0.01878123698861489,1
2021-03-01,74.9000015258789,75.45999908447266,74.86000061035156,75.4000015258789,66.85771179199219,24268100,74.509599609375,75.3511068219779,75.64423817225865,0.3118800482280193,0.4982044617147662,-0.1863244134867469,75.55459265992218,51.70774245149519,-1.192499098189741,-87.5488064078137,-55.14009806508042,0.9248080674259588,77.33423604624728,75.37049980163575,73.4067635570242,692012600.0,1094387532.543135,-11103344.962880136,-0.001061032220632363,0
2021-03-02,75.33999633789062,75.58000183105469,75.11000061035156,75.31999969482422,66.78675842285156,22204900,74.56519958496094,75.34814423843946,75.6394286382766,0.2755358427496048,0.453670737921734,-0.1781348951721291,75.48565574298371,51.169479086006,-2.003644162500742,-68.65965072734586,-57.63236765611149,0.8923218640886135,77.1812247924747,75.47399978637695,73.7667747802792,669807700.0,1092025171.0958264,-11003444.075472357,-0.00610726349358004,0
2021-03-03,75.08999633789062,75.41000366210938,74.75,74.86000061035156,66.3788833618164,20856100,74.60139953613282,75.30165436909775,75.58095252627419,0.2072259446219675,0.4043817792617807,-0.1971558346398132,75.30864411454779,48.07089572999897,-2.0285341937844152,-103.25572363442724,-71.96256129067527,0.8757277068043822,77.11186337976815,75.51749992370605,73.92313646764396,648951600.0,1078121104.4291596,-14386283.644974949,-0.009484358518352387,0
2021-03-04,74.93000030517578,75.23999786376953,73.72000122070312,74.1500015258789,65.74933624267578,34648600,74.63099960327149,75.19197314593404,75.45071458362398,0.0947071408361495,0.3424468515766545,-0.247739710740505,74.97914802073895,43.67478642121,-2.4727045687259643,-142.46196242481523,-87.5362120133216,0.9217469165373838,77.1142638441658,75.51650009155273,73.91873633893965,614303000.0,1063076374.7954216,-19249288.020963192,0.0064733070487064115,0
2021-03-05,74.61000061035156,74.75,73.55999755859375,74.62999725341797,66.17494201660156,29694200,74.68879959106445,75.13845163236108,75.36628574189686,0.0437623566955522,0.2827099526004341,-0.2389475959048818,74.83494991987945,47.190872711593485,-2.1245937660092213,-121.14465530306636,-70.3601242682334,0.9409080254565886,77.08074362111303,75.53549995422364,73.99025628733425,643997200.0,1086781703.7921903,-11946158.946625948,-0.00348378020105089,0
2021-03-08,74.31999969482422,74.9000015258789,74.13999938964844,74.37000274658203,65.94440460205078,25080900,74.74499969482422,75.06526602419164,75.25528600783575,-0.0173906668282484,0.2226898287146976,-0.240080495542946,74.65178977527096,45.53284071383574,-2.2219233056243666,-91.44492875481832,-74.03831811123744,0.9279861762261516,77.10658339269581,75.5185001373291,73.93041688196239,618916300.0,1076881527.4241734,-11022556.901800156,0.013446281606409594,1
2021-03-09,75.18000030517578,75.5199966430664,75.05999755859375,75.37000274658203,66.83110809326172,19060200,74.80579971313476,75.09428856918122,75.24114339919318,0.0146676841639674,0.1810853998045516,-0.1664177156405841,74.76437295661339,52.45247754939472,-0.9982852150987256,1.0666710617017023,-41.98706427514702,0.9438438705303104,77.10966444305859,75.52550010681152,73.94133577056445,637976500.0,1083511643.268467,-7533086.760114431,0.004245716905439956,0
2021-03-10,75.69999694824219,75.79000091552734,75.33000183105469,75.69000244140625,67.11485290527344,19467400,74.87239974975586,75.15102322367883,75.25681028820219,0.0651445139112212,0.1578972226258855,-0.0927527087146643,74.94276092655176,54.44682787652821,-0.89040235788942,36.266632463451664,-31.730672828864517,0.9092835286690494,77.1130371131188,75.52800025939942,73.94296340568003,657443900.0,1094515068.61801,-1919660.2945597167,0.005284633156063423,0
2021-03-11,75.93000030517578,76.22000122070312,75.75,76.08999633789062,67.46952819824219,15485300,74.93519973754883,75.24044923455614,75.31033372424898,0.13585784504059,0.1534893471088264,-0.0176315020682363,75.19488817049506,56.88142147348035,1.3587273840587628,89.6672048126591,-18.91036691975694,0.8821917608567512,77.16540151555807,75.56350021362304,73.96159891168801,672929200.0,1101433732.9450018,2752649.208533764,0.002497075181374875,0
2021-03-12,75.68000030517578,76.30999755859375,75.6500015258789,76.27999877929688,67.63800811767578,16342500,74.99239974975586,75.33945395310288,75.37857168288458,0.2048686799117831,0.1637652136694178,0.0411034662423653,75.45170557755691,58.02891063606536,3.0671484631063994,98.80049317329986,-12.82055044076832,0.8663206374180434,77.2096287462493,75.58300018310547,73.95637161996164,689271700.0,1116290602.6491876,9140993.528537037,0.0007865437802030417,0
2021-03-15,76.16999816894531,76.37999725341797,75.72000122070312,76.33999633789062,67.69120025634766,17320100,75.04879974365234,75.43474370403504,75.45066655476889,0.2613884420501051,0.1832898593455552,0.0780985827045498,75.67729051663838,58.40533770022452,1.2466774442824011,102.5713098468696,-10.897553460734333,0.8515831656535292,77.21386045117075,75.58450012207031,73.95513979296987,706591800.0,1131511235.9170156,15766336.4693439,0.0017029720860488595,0
2021-03-16,76.5199966430664,76.58000183105469,76.33999633789062,76.47000122070312,67.80648803710938,16662600,75.11899978637695,75.53333965800343,75.53499999273392,0.3130622811913923,0.2092443437147227,0.1038179374766696,75.89425404546945,59.25801279100589,1.5268209380488502,131.5176247159278,-6.7307339617797,0.8078990461899958,77.14130476363927,75.56500015258788,73.9886955415365,723254400.0,1132900050.7558482,17485296.351180315,0.005884620649389438,0
2021-03-17,76.20999908447266,77.01000213623047,76.11000061035156,76.91999816894531,68.20549011230469,16305000,75.19059982299805,75.66540237333123,75.66404742286319,0.3858770139260628,0.2445708777569907,0.141306136169072,76.18610910061477,62.1503098115,2.7518000825515565,128.72838498115254,-2.608807184447559,0.8144777947392037,77.23565428451212,75.59049987792969,73.94534547134725,739559400.0,1145943912.536885,20749254.47397232,-0.009100324556752248,0
2021-03-18,76.54000091552734,77.05999755859375,76.20999908447266,76.22000122070312,67.58480834960938,23176300,75.23299987792969,75.71822131117618,75.72399993169876,0.3826879224603914,0.2721942866976709,0.1104936357627205,76.23982445583036,55.54467753831319,2.7916381014527336,94.73681184619952,-23.99989536830357,0.8170149861236244,77.25734563186751,75.6,73.94265436813248,716383100.0,1123313054.715844,12997486.719876766,0.0027551703110655357,0
2021-03-19,76.20999908447266,76.51000213623047,75.7699966430664,76.43000030517578,67.77101135253906,31465200,75.26259994506836,75.78600978679519,75.80304757981074,0.3925802943188756,0.2962714882219118,0.0963088060969638,76.33396477371375,57.02051405021359,2.411902878202738,60.25643376910726,-17.99992152622768,0.8115143080550843,77.2822455572191,75.60900001525879,73.93575447329847,747848300.0,1147974863.0173883,16491658.305522203,0.0009158667348516669,0
2021-03-22,76.30000305175781,76.69000244140625,76.23999786376953,76.5,67.83306884765625,27978200,75.29199996948242,75.85400885471947,75.88790472121465,0.4014408998427825,0.317305370546086,0.0841355292966965,76.4247693004482,57.52668137935581,2.8640542890337075,72.29744581912979,-15.99993024553571,0.7856921844537725,77.33860403166425,75.6310001373291,73.92339624299395,775826500.0,1152326964.2160387,17806609.94417286,-0.013856177236519662,-1
2021-03-23,75.9800033569336,76.08999633789062,75.33999633789062,75.44000244140625,66.89317321777344,22514200,75.28619995117188,75.81457967249916,75.8697144644601,0.3192499348259048,0.3176942834020497,0.001555651423855,76.21955377654717,48.25839993892592,0.0928747409756372,-11.096652782150905,-46.28557477678571,0.8124287185720298,77.2902083205274,75.59650039672852,73.90279247292963,753312300.0,1135816917.3247626,11472565.245108366,-0.005037180149982778,0
2021-03-24,75.2300033569336,75.58999633789062,75.05000305175781,75.05999755859375,66.55622863769531,20717000,75.29259994506836,75.74271470927007,75.81861895606632,0.220903348393719,0.2983360964003836,-0.0774327480066645,75.94900793292358,45.43244644282697,-0.8323488736840832,-62.30648625917237,-57.14285714285714,0.7929690448263713,77.20114721984402,75.5310001373291,73.86085305481419,732595300.0,1115866801.6673548,1490640.5913062096,0.0074607674687323655,0
2021-03-25,75.0,75.66000366210938,74.83000183105469,75.62000274658203,67.05277252197266,25183000,75.30339996337891,75.73102785568074,75.82709539504279,0.1860065409898794,0.2758701853182828,-0.0898636443284033,75.87032680270494,50.07246555309665,-0.6176811853446633,-64.81108265478542,-49.314921746400856,0.7956142438426796,77.2154391104401,75.55850028991699,73.90156146939388,757778300.0,1138622474.3578594,4512054.489792585,0.012959477544892906,1
2021-03-26,75.87999725341797,76.62000274658203,75.87000274658203,76.5999984741211,67.9217529296875,27419100,75.33579986572266,75.81378696219888,75.92628569830032,0.2347223021610318,0.2676406086868326,-0.0329183065258007,76.05873828925483,56.96835170508349,0.4195066858221682,57.34929279493071,-20.627801156385782,0.8102132264253454,77.24226515235543,75.68800010681153,74.13373506126763,785197400.0,1164578909.9657695,13596766.551708937,-0.003916389403906262,0
2021-03-29,76.13999938964844,76.43000030517578,75.91999816894531,76.30000305175781,67.65574645996094,18381600,75.35019989013672,75.86009325644258,75.9845716930571,0.2462837645178694,0.2633692398530399,-0.0170854753351704,76.1336192152499,54.48738433778445,-0.0523883783748129,26.862764505093462,-34.08053645352219,0.8009123034789479,77.30333794573315,75.73300018310547,74.1626624204778,766815800.0,1173589735.4388647,18944250.81377697,-0.0013106959307430666,0
2021-03-30,75.88999938964844,76.2699966430664,75.80999755859375,76.19999694824219,67.56707000732422,15377400,75.38619979858399,75.89246503661397,76.02904757545107,0.2445575428415765,0.2596069004507473,-0.0150493576091708,76.16687704239025,53.648615135748486,-0.3530852205450702,-2.8997118604358314,-38.56512367853844,0.7787046741707417,77.34789789482313,75.77700004577636,74.20610219672959,751438400.0,1184287068.266888,22813350.20137787,-0.004330632741157414,0
2021-03-31,75.87999725341797,76.2300033569336,75.81999969482422,75.87000274658203,67.27445220947266,32191600,75.4047998046875,75.89032577089664,76.03790497552781,0.2140937856369333,0.2505042774879845,-0.0364104918510511,76.10628867849555,50.866088417220034,-1.3650486835128304,-27.067013811558265,-53.3630982927914,0.7523688875949298,77.34112867919058,75.82750015258789,74.3138716259852,719246800.0,1159947487.113185,14577810.474547625,0.013048607195603745,1
2021-04-01,76.26000213623047,76.93000030517578,76.20999908447266,76.86000061035156,68.15229797363281,26312600,75.43299987792969,75.98267575560664,76.13623835245768,0.2667605429352875,0.2537555305774451,0.0130050123578423,76.311488010496,57.917763206124285,0.8396738118584532,99.83053914629302,-8.96849019809094,0.7743423640948456,77.32976324528917,75.96300010681152,74.59623696833387,745559400.0,1181143779.2040594,16627745.299345257,0.014571984617330225,1
2021-04-05,77.48999786376953,78.05000305175781,77.36000061035156,77.9800033569336,69.14541625976562,20340500,75.48239990234374,76.17289743192349,76.32833390008835,0.3943286141307425,0.2818701472881046,0.1124584668426378,76.76773043600217,64.18093953759693,2.028003461427237,230.9128591538328,-2.1739027418422374,0.8040323696170888,77.61848467552467,76.1305004119873,74.64251614844993,765899900.0,1197357253.8281195,21113574.626295567,-0.010643777831806034,-1
2021-04-06,77.05000305175781,77.2699966430664,76.95999908447266,77.1500015258789,68.4094467163086,18995900,75.52239990234375,76.26595496468116,76.42542924426851,0.4235703629988165,0.310210190430247,0.1133601725685695,76.92209824775325,57.366939237895686,0.8496751972273284,110.98134308669492,-27.950347350563444,0.8194589341059352,77.58282412469252,76.26950035095214,74.95617657721176,746904000.0,1201647133.1941364,22394232.365026712,0.0020738305839329563,0
2021-04-07,77.16999816894531,77.41999816894531,77.11000061035156,77.30999755859375,68.55132293701172,14349400,75.56739990234375,76.36538759267283,76.52452421642485,0.4544167687046467,0.339051506085127,0.1153652626195197,77.08477281725735,58.28630760962525,2.4787845395947765,115.87709154907785,-22.98152834247913,0.7830688358550648,77.68630736374584,76.36650009155274,75.04669281935963,761253400.0,1205812951.3276272,22207786.085615877,0.005691404156011881,0
2021-04-08,77.66000366210938,77.87000274658203,77.5199966430664,77.75,68.94145965576172,15502500,75.61899993896485,76.4972554409897,76.65628611246744,0.5085055517635055,0.3729423152208027,0.1355632365427028,77.32635043269093,60.79048490115249,3.5838029961383437,134.49438961522537,-9.316861429397328,0.7671357181502945,77.88043580130599,76.46949996948243,75.05856413765886,776755900.0,1210685107.683892,21662854.531430483,0.003086789244624244,0
2021-04-09,77.69000244140625,78.05000305175781,77.69000244140625,77.98999786376953,69.15428161621094,16330500,75.7097999572754,76.63942138601635,76.80109543573289,0.5642329971187081,0.4112004516003838,0.1530325455183243,77.57991405957198,62.12604688677406,3.1340849393114074,122.73986835749304,-1.8635144484565933,0.7380546390218137,78.10988609190474,76.56450004577637,75.019113999648,793086400.0,1221571646.233462,22934476.203996897,-0.005513531439337749,0
2021-04-12,77.66999816894531,77.73999786376953,77.44000244140625,77.55999755859375,68.77298736572266,13729500,75.78259994506836,76.7270953072142,76.89590472266788,0.5671620767178069,0.4423927766238685,0.1247693000939384,77.66858789064814,58.29473107478322,1.2532625373314947,78.41263476232366,-15.2175561305242,0.7246218378319185,78.22657661879155,76.62849998474121,75.03042335069087,779356900.0,1218825466.901807,20495948.35506606,0.005802018976299728,0
2021-04-13,77.66999816894531,78.02999877929688,77.62000274658203,78.01000213623047,69.17201232910156,12712500,75.895,76.84927690997765,77.02747635614304,0.5988913552269395,0.4736924923444827,0.1251988628824567,77.85007208780549,61.0050211349858,2.241152052527029,89.0908143915471,-1.242263986428216,0.7064346508941475,78.41230098414975,76.71200027465821,75.01169956516667,792069400.0,1230297919.1711087,21285426.470275164,0.0007691008454142612,0
2021-04-14,78.05000305175781,78.3499984741211,78.0,78.06999969482422,69.2252197265625,13079200,75.99139999389648,76.96553622282018,77.15680963425409,0.6217116338871449,0.5032963206530152,0.1184153132341296,78.00612055355052,61.36551781748306,2.454071944192078,98.40574490645804,-7.954518361499263,0.6809749239817865,78.58714429512551,76.79200019836426,74.99685610160302,805148600.0,1222450399.1711087,17176417.838290453,0.008325880983985678,0
2021-04-15,78.55999755859375,78.75,78.48999786376953,78.72000122070312,69.80157470703125,20480100,76.08600006103515,77.13262812738046,77.34042877923875,0.6843577102991674,0.5395085985822456,0.1448491117169217,78.29396567912755,65.12690903950069,3.756423317448064,131.19457598598703,-1.0203657954285903,0.6809053083527861,78.86449955917564,76.88200035095215,74.89950114272867,825628700.0,1238204553.3863146,18946652.662926678,0.007240849669528648,0
2021-04-16,79.0199966430664,79.30999755859375,78.9000015258789,79.29000091552734,70.30699920654297,17058700,76.1884001159668,77.33809220244206,77.56976216634115,0.771110506957811,0.5858289802573587,0.1852815267004522,78.66827080755505,68.06326595413975,3.1615928778024327,151.7064051888444,-0.5713326590401802,0.6744118104626317,79.25092329834708,77.03550033569336,74.82007737303964,842687400.0,1253599253.211395,22846730.24799204,-0.0017656626060275071,0
2021-04-19,79.37000274658203,79.41999816894531,78.94000244140625,79.1500015258789,70.182861328125,15206800,76.28640014648437,77.51065499515033,77.7711432320731,0.819123595684701,0.6324879033428272,0.1866356923418737,78.92798454381992,66.58040297657493,1.5003823013317197,135.93492995050008,-7.479130122366174,0.6605249473966623,79.54952727553265,77.17150039672852,74.79347351792438,827480600.0,1251698463.6383271,21760444.37336135,-0.01794059559785388,-1
2021-04-20,78.23999786376953,78.33000183105469,77.55000305175781,77.7300033569336,68.92373657226562,29570100,76.3468002319336,77.53154531532017,77.82433399018787,0.7341297389516228,0.6528162704645863,0.0813134684870364,78.76084420508491,53.78162551952857,0.7517846008857613,9.562662291348044,-46.94432023125552,0.7276301993055503,79.6019845891065,77.23300056457519,74.86401654004389,797910500.0,1235776146.597363,14271640.695854664,0.010291977200743485,1
2021-04-21,77.58000183105469,78.55999755859375,77.55999755859375,78.52999877929688,69.63309478759766,15615600,76.41280014038085,77.6266361214132,77.94785762968517,0.7229902582358676,0.6668510680188426,0.0561391902170249,78.82053804529208,58.60901391647258,1.5780639752038257,35.31028001262996,-27.72584559146839,0.7470851850694396,79.67005968073525,77.38750038146972,75.10494108220419,813526100.0,1250454848.7213864,14581113.440349815,-0.0033108638771431886,0
2021-04-22,78.70999908447266,78.77999877929688,78.13999938964844,78.2699966430664,69.40254211425781,22677800,76.46540008544922,77.68790855204684,78.03190489269439,0.6852826284802234,0.6705373801111187,0.0147452483691046,78.79191835098716,56.54200257823499,0.66880597178959,46.16967281787575,-46.74804690528692,0.7394361996822251,79.59234425629177,77.54800033569336,75.50365641509495,790848300.0,1236989719.112155,9097800.738310814,0.010221069197256405,1
2021-04-23,78.55000305175781,79.2300033569336,78.52999877929688,79.06999969482422,70.11190795898438,18607900,76.53920013427734,77.81953627993039,78.17685721261161,0.7117480323334888,0.6787795105555928,0.032968521777896,78.96647415591252,61.08923942182949,1.384795307907561,101.39408937573336,-14.227585543842668,0.7551912364097224,79.66476836043442,77.72050018310547,75.77623200577652,809456200.0,1247091011.4719112,9241602.13482523,0.0007587904239954035,0
2021-04-26,79.0999984741211,79.2300033569336,79.0,79.12999725341797,70.16513061523438,14052100,76.60400009155273,77.94434208692921,78.31109502883184,0.7291580766951284,0.6888552237835,0.0403028529116284,79.1156030424926,61.4153158707727,2.024238968855229,104.3616095498434,-12.55416545565038,0.7176778164471418,79.81229943500412,77.84700012207031,75.8817008091365,823508300.0,1248923326.6309652,9043293.699023483,-0.003285663033745445,0
2021-04-27,78.73999786376953,78.93000030517578,78.63999938964844,78.87000274658203,69.9345703125,13612200,76.6552001953125,78.03250024499138,78.40852385021391,0.7137486285505759,0.6938339047369151,0.0199147238136607,79.16064554382163,59.10388443948112,1.1024235185248756,55.69569605986296,-27.77760652276108,0.7014149626844554,79.85353612668565,77.97550010681152,76.09746408693739,809896100.0,1256903139.1220863,10679081.15891385,0.0025357796535749877,0
2021-04-28,78.80999755859375,79.26000213623047,78.73999786376953,79.06999969482422,70.11190795898438,14288600,76.69940017700195,78.13130971640403,78.51276190621512,0.7094959840971029,0.6969663206089527,0.0125296634881502,79.23988058184821,60.3403915741003,1.2809017598424517,71.95608344077462,-17.676728755172977,0.6884570562399184,79.86649951758963,78.11900024414062,76.37150097069161,824184700.0,1260750021.5130014,11601449.411531689,0.00037939521199770176,0
2021-04-29,79.33999633789062,79.37999725341797,78.61000061035156,79.0999984741211,70.13851165771484,16411000,76.75320007324218,78.22356578856756,78.6061903090704,0.7004717808470105,0.6976674126565643,0.0028043681904461,79.30327842854734,60.53314936337349,0.4827200806979035,63.917194502157024,-16.161635622413517,0.6942813124418103,79.74005425813148,78.28050003051757,76.82094580290367,840595700.0,1265225748.7857287,12348199.700603724,-0.012515776016018831,-1
2021-04-30,78.62000274658203,78.75,77.83000183105469,78.11000061035156,69.26068878173828,28951400,76.79480010986327,78.21275005730888,78.58995226905459,0.6064447631754746,0.6794228827603463,-0.0729781195848717,79.08936630315891,51.61709983404088,-1.488208212322901,-61.025524277348936,-70.05352829819178,0.7354038360578529,79.65331443296556,78.34300003051757,77.03268562806959,811644300.0,1253896898.3354278,7926490.611891746,0.011010121669843942,1
2021-05-03,78.75,79.05999755859375,78.56999969482422,78.97000122070312,70.02325439453125,21382200,76.84920013427734,78.28486921572738,78.64966666811989,0.5944698576981864,0.6624322777479145,-0.067962420049728,79.12927515568758,57.47655018376786,-0.2274166793501934,31.664154679185778,-24.064070761799076,0.750731915499591,79.71892204997361,78.39249992370605,77.0660777974385,833026500.0,1267424697.9866538,9701319.4544549,-0.01481572940179443,-1
2021-05-04,78.11000061035156,78.30999755859375,77.41000366210938,77.80000305175781,68.98580169677734,29144900,76.88400024414062,78.23869148582553,78.593238394601,0.4849800367080945,0.6269418295399506,-0.141961792831856,78.8514179444033,48.815105780377934,0.0900549231971372,-138.0447534892368,-80.5969922643042,0.808536604292031,79.65651154771231,78.425,77.19348845228768,803881600.0,1263538843.0885494,8309039.2902469635,0.013624646748259917,1
2021-05-05,78.6500015258789,79.02999877929688,78.47000122070312,78.86000061035156,69.92570495605469,17680000,76.9386003112793,78.29786378339944,78.63466702415829,0.4782287852024609,0.5971992206724527,-0.1189704354699917,78.89295774431723,55.37612454462469,0.4202239095687939,18.139001226955816,-27.860651195275075,0.8386408273811047,79.63466383990394,78.50250015258788,77.37033646527183,821561600.0,1270484626.1948164,9194124.821406364,0.008242474268933542,0
2021-05-06,78.95999908447266,79.54000091552734,78.70999908447266,79.51000213623047,70.50206756591797,21533100,77.00140029907226,78.41330553128812,78.73061959402902,0.5193414160279559,0.5816276597435533,-0.0622862437155974,79.0906389979839,58.85870842810557,1.5842667003281508,93.0538004856426,-1.4083952103100872,0.838023756214932,79.74833413917732,78.59050025939942,77.43266637962152,843094700.0,1290461183.3287442,15076553.006639004,0.011319349788682764,1
2021-05-07,79.6500015258789,80.44999694824219,79.56999969482422,80.41000366210938,71.30011749267578,23316000,77.10820037841796,78.603467258033,78.90390563238235,0.6174287394966456,0.5887878756941718,0.0286408638024737,79.48069437114506,63.14732191982329,1.6947059219134797,202.3053577501223,-1.315571528241366,0.8453074030575596,80.07971577857852,78.71150054931641,77.3432853200543,866410700.0,1311657896.1244924,22856813.789550304,-0.005347597134588877,0
2021-05-10,80.66999816894531,80.66999816894531,79.91999816894531,79.9800033569336,70.9188232421875,16927500,77.22760040283202,78.73456593411878,79.02471542358398,0.6529395385022951,0.6016182082557965,0.0513213302464986,79.68206725362359,59.93281851958598,1.074189476834475,181.146111286172,-21.16552069535261,0.838499731410591,80.20000830904945,78.8325008392334,77.46499336941736,849483200.0,1297439030.3102834,19437571.00626135,-0.013128319676005473,-1
2021-05-11,78.52999877929688,79.11000061035156,78.41999816894531,78.93000030517578,69.98778533935547,34624600,77.29820037841797,78.7531787313623,79.03400108700707,0.589559555947659,0.599206477794169,-0.00964692184651,79.56705525495079,52.85712561087437,0.0760714549313872,-22.0154441969844,-53.37425753696519,0.8900358354518546,80.19311594597161,78.87850074768066,77.56388554938971,814858600.0,1313998654.9055953,21540709.42012763,-0.01596353897578595,-1
2021-05-12,78.38999938964844,78.73999786376953,77.51000213623047,77.66999816894531,68.87051391601562,32608200,77.34520034790039,78.65001867779877,78.91890560331798,0.4326712561164214,0.5658994334586196,-0.1332281773421981,79.13887448089235,45.86022285545143,-1.7705849643130172,-140.2372455005722,-92.02469494071998,0.9278902878442444,80.23253633811395,78.85850067138672,77.4844650046595,782250400.0,1289873708.167638,12766718.498256683,0.007467514416481524,0
2021-05-13,77.69000244140625,78.41999816894531,77.66000366210938,78.25,69.38482666015625,36208800,77.41300033569335,78.61192166086555,78.86095315842401,0.3510902982573753,0.5229376064183707,-0.1718473081609953,78.93352105237771,49.19416929818995,-1.074587219365352,-100.62025545998414,-74.2331977514311,0.9158977320579368,80.2335653016732,78.83500061035156,77.43643591902992,818459200.0,1309883891.8767552,14383624.437823534,0.016741182857428205,1
2021-05-14,79.01000213623047,79.63999938964844,78.95999908447266,79.55999755859375,70.54640197753906,18601700,77.52120025634765,78.70221460350633,78.93000048682804,0.3876737940874335,0.4958848439521833,-0.1082110498647498,79.10196075348978,55.81275086895426,1.85635249892704,62.8574998688326,-34.049155850538504,0.949762136171544,80.26940623578922,78.84850044250489,77.42759464922055,837060900.0,1324108623.074233,18263534.57249641,-0.0018852928743984254,0
2021-05-17,79.0999984741211,79.41999816894531,79.02999877929688,79.41000366210938,70.41340637207031,16699500,77.61680038452148,78.76962308527804,78.98347698393322,0.3999528170941602,0.4766984385805787,-0.0767456214864185,79.19805616670835,54.93037881009293,0.557176693180672,44.0012012055731,-38.65020337285336,0.9197790392519248,80.29787579790246,78.8615005493164,77.42512530073034,820361400.0,1339952207.5454564,23231589.725479364,0.0021407651568516872,0
2021-05-18,80.04000091552734,80.06999969482422,79.58000183105469,79.58000183105469,70.56414031982422,16526900,77.72100036621094,78.84680201344725,79.0519056774321,0.4185763748974125,0.4650740258439455,-0.046497650946533,79.3174784316032,55.78359114636346,2.287916079016989,85.22350471240756,-33.43552682696224,0.901223110213562,80.32372327355768,78.95400047302246,77.58427767248725,836888300.0,1323425307.5454564,17893454.131201506,-0.00879623726476908,0
2021-05-19,78.58999633789062,79.19000244140625,78.22000122070312,78.87999725341797,69.94344329833984,30391700,77.79120025634765,78.84996346487303,79.04485775175549,0.3725565592919224,0.4465705325335409,-0.0740139732416185,79.23004273071781,51.463307762255326,0.0253571429262471,-21.162355798422468,-54.90809606500442,0.9339929316519904,80.32798680249641,78.97150039672852,77.61501399096062,806496600.0,1334391084.215269,17572104.498373985,0.013184596244167235,1
2021-05-20,79.38999938964844,80.05000305175781,79.36000061035156,79.91999816894531,70.86563110351562,21650300,77.87580017089844,78.95187153192754,79.135190872919,0.4152185254061322,0.4403001311080592,-0.0250816057019269,79.42478906077523,56.81461719484319,0.5156534042250014,76.8239690827603,-23.006173735179992,0.9508509935582656,80.43035014522742,79.05400047302246,77.67765080081749,828146900.0,1347883022.6053622,20136068.72739458,0.001376384044942336,0
2021-05-21,80.18000030517578,80.20999908447266,79.76000213623047,80.02999877929688,70.96316528320312,26751600,77.95460021972656,79.05455031739129,79.22814309256417,0.4526862851486726,0.4427773619161819,0.0099089232324906,79.6092846157804,57.350232054805375,-0.4725840884292424,86.51466592433478,-19.631916198214817,0.9150757046071172,80.54268976971633,79.1020004272461,77.66131108477586,854898500.0,1353233161.1832335,21056728.30246234,0.006122677386523945,0
2021-05-24,80.25,80.62000274658203,80.19000244140625,80.5199966430664,71.39765930175781,12267900,78.03940017700195,79.19411663412225,79.36319035121373,0.5159706981804391,0.4574160291690334,0.0585546690114056,79.88321200784377,59.74529154165018,0.6751603694275159,119.14082539689896,-4.746889689922673,0.8918562947984057,80.73938135127707,79.17150039672852,77.60361944217996,867166400.0,1359794716.966488,21606881.486711025,0.00024843856551082233,0
2021-05-25,80.7699966430664,80.83999633789062,80.41000366210938,80.54000091552734,71.41537475585938,14338900,78.12340026855469,79.32229608949416,79.49352373395648,0.5612682777243663,0.4781864788801,0.0830817988442662,80.10753085573948,59.84443376272748,2.039782850787583,113.73952325870712,-9.008887229104468,0.8588660362971803,80.92435356802193,79.25500030517578,77.58564704232964,881505300.0,1354125814.0246851,18063940.354537964,-0.0006208474197840763,0
2021-05-26,80.44999694824219,80.62999725341797,80.3499984741211,80.48999786376953,71.37104797363281,12732000,78.20380020141602,79.43350578228228,79.61114254906065,0.5863727672242476,0.4998237365489295,0.086549030675318,80.27211737704594,59.45029026079912,3.630745154248936,88.10620458435532,-10.510482989628134,0.8175183750828727,81.07665012635758,79.32600021362305,77.57535030088852,868773300.0,1354125814.0246851,14972378.950054646,0.0018636045454092365,0
2021-05-27,80.62000274658203,80.79000091552734,80.4000015258789,80.63999938964844,71.5040512084961,16211200,78.27820022583008,79.54840993536477,79.73628532772972,0.611325149754677,0.5221240191900791,0.0892011305645978,80.43905859785119,60.29509933906464,3.054312319039537,92.52099072718556,-6.005924819402986,0.7869813046946987,81.24043393124357,79.40300025939942,77.56556658755527,884984500.0,1357866713.8094966,13536810.22065568,0.0023561810868595323,0
2021-05-28,80.83999633789062,81.1500015258789,80.79000091552734,80.83000183105469,71.67251586914062,21449500,78.3704002380371,79.67046630638285,79.87219023931594,0.6390649587467863,0.5455122071014206,0.0935527516453657,80.61786061568591,61.39231690023279,1.5962849565519586,109.4238284215063,-8.7912018813587,0.7671970783758252,81.37613817879854,79.53900032043457,77.7018624620706,906434000.0,1341183870.3813612,6410735.538707972,0.0035877880608425894,0
2021-06-01,81.5,81.5199966430664,81.0199966430664,81.12000274658203,71.92967987060547,27524200,78.46420028686524,79.80851739592562,80.02276189894903,0.6766496119450949,0.5717396880701555,0.1049099238749393,80.83185213480022,63.06978896498602,2.153379934030384,117.14586568795652,-9.974923801079916,0.7616826307783889,81.58660662686623,79.64650039672851,77.7063941665908,933958200.0,1324670022.3589003,-2341677.160027027,0.0033283608718539526,0
2021-06-02,81.2699966430664,81.51000213623047,81.16000366210938,81.38999938964844,72.16908264160156,13561200,78.5620002746582,79.95913472866113,80.18880942208426,0.7199233646163492,0.6013764233793943,0.1185469412369548,81.0689035771705,64.61144696607636,2.2744376940783515,115.06373588195184,-3.367810616736866,0.7351338278405352,81.71310877060229,79.82600021362305,77.9388916566438,947519400.0,1328931860.4057667,-4353290.507322311,-0.004914627458883825,0
2021-06-03,80.95999908447266,81.08999633789062,80.75,80.98999786376953,71.81439208984375,16987600,78.67300018310547,80.05731217010002,80.29966634114584,0.7137140933956232,0.6238439573826402,0.0898701360129829,81.1503753030598,60.57684349070726,2.6749501569742176,70.7017144996755,-16.060591348254604,0.7283385108268139,81.82990801399046,79.93250007629395,78.03509213859743,930531800.0,1335926799.3699532,-2554807.160127163,0.008519600686579532,0
2021-06-04,81.52999877929688,81.73999786376953,81.4000015258789,81.68000030517578,72.42621612548828,13335200,78.80540023803711,80.2118538972501,80.46609493437268,0.7557587156181143,0.650226909029735,0.1055318065883792,81.3869228897789,64.67465067127455,2.2022049256181746,124.36356020623562,-1.7044777219299756,0.7298857600534701,82.07277715500824,80.0409999847412,78.00922281447417,943867000.0,1344555599.0109189,1158718.3822262287,0.0033055416510483493,0
2021-06-07,81.87000274658203,81.98999786376953,81.7699966430664,81.94999694824219,72.66563415527344,16738700,78.9320001220703,80.37739133067791,80.64790416899181,0.801625217767878,0.6805065707773637,0.1211186469905143,81.64119765140875,66.15703544190919,2.39909808600672,139.27821558940195,-1.0610331868839085,0.69989374566349,82.31026418941562,80.11799964904785,77.92573510868007,960605700.0,1355207393.469235,5961757.215178013,-0.0004880205933146531,0
2021-06-08,82.02999877929688,82.11000061035156,81.7699966430664,81.91000366210938,72.63018035888672,13218700,79.03820022583008,80.52335440986185,80.81857121785482,0.8252348337462223,0.7094522233711354,0.1157826103750868,81.82886790393266,65.71712281307853,1.726287974407985,119.27545053524604,-5.141310530135135,0.6741873329221805,82.5398430549508,80.21449966430664,77.8891562736625,947387000.0,1352875100.4567811,6642565.577861548,-0.002685889523466045,0
2021-06-09,81.87999725341797,81.94000244140625,81.61000061035156,81.69000244140625,72.43509674072266,20203600,79.14600021362304,80.63446374619942,80.9590952918643,0.8167780556247664,0.7309173898218617,0.0858606658029046,81.91478900454501,63.22647651082726,1.4278638102885803,91.9347371284636,-15.27266068892046,0.6496026542173595,82.6841257563089,80.35249977111816,78.02087378592742,927183400.0,1342467355.1569245,3005653.1691992283,-0.01077249181677653,-1
2021-06-10,80.66999816894531,80.94999694824219,80.58000183105469,80.80999755859375,72.63462829589844,16555200,79.23820022583008,80.65118125214173,81.00266650971912,0.7306445430189257,0.7308628204612745,-0.0002182774423488,81.74617796071462,54.35286111798564,0.3975645463003028,-34.28790049117247,-55.31931471759859,0.6824882225126597,82.49458957461914,80.50949974060059,78.52440990658204,910628200.0,1346494184.9820647,2525848.203727484,0.0023512244418579797,0
2021-06-11,80.91000366210938,81.05999755859375,80.69000244140625,81.0,72.805419921875,12864700,79.34080017089843,80.68440208527107,81.04938082013811,0.6699914781206218,0.718688551993144,-0.0486970738725222,81.6476396114987,55.795401097467455,0.4464293316919034,-27.98294003324975,-57.8125869235232,0.6601672864180055,82.3475899130005,80.64699974060059,78.94640956820068,923492900.0,1355186664.5597618,4865730.746781111,0.0017283875265239335,0
2021-06-14,80.93000030517578,81.16000366210938,80.87999725341797,81.13999938964844,72.93124389648438,17044400,79.42640014648437,80.72779230473559,81.09633316766649,0.6260040825383868,0.7001516581021925,-0.0741475755638056,81.59482373196569,56.87677813143707,0.3835179408280673,-14.408971205715591,-55.11363882663522,0.6330129380089627,82.36286814043488,80.72599983215332,79.08913152387176,940537300.0,1369795685.8616335,10028941.224373102,0.001232418965655624,0
2021-06-15,81.20999908447266,81.2699966430664,81.06999969482422,81.23999786376953,73.02112579345703,17729200,79.4916000366211,80.77657378654834,81.14528536115374,0.5923841599176711,0.6785981584652883,-0.0862139985476171,81.5700171418448,57.67326095132705,0.1479229698282474,0.3821342202702353,-49.43191423877374,0.602083224454193,82.351226598222,80.81749954223633,79.28377248625067,958266500.0,1382206261.126759,15178261.165530443,-0.00615460380536248,0
2021-06-16,81.30999755859375,81.4000015258789,80.47000122070312,80.73999786376953,72.57171630859375,21706700,79.56339996337891,80.77309036533131,81.1379042489188,0.5194069081787234,0.6467599084079753,-0.1273530002292519,81.41323055195893,52.45622794807357,-0.7986257903346003,-66.34909911145681,-80.1171625775767,0.6255058730771638,82.30160731990348,80.87549934387206,79.44939136784065,936559800.0,1373103290.6082065,13008559.506870748,-0.006935813393736057,0
2021-06-17,80.22000122070312,80.38999938964844,79.80000305175781,80.18000030517578,72.068359375,27756300,79.62080001831055,80.71660559769745,81.07166624523344,0.4116396617355491,0.59973585907349,-0.1880961973379409,81.1338061065042,47.29594199245977,-1.0001204839592894,-185.42564347920776,-83.54988506354533,0.6479693687153463,82.08820239526209,80.94049949645996,79.79279659765784,908803500.0,1381100832.0735767,13483030.248503448,-0.020703462905851566,-1
2021-06-18,78.7300033569336,78.93000030517578,78.43000030517578,78.5199966430664,70.57630920410156,36755100,79.63619995117188,80.50740474487544,80.84114216395787,0.1900936390635337,0.5178074150714987,-0.327713776007965,80.47027266492564,35.992785017913285,-3.86876059047852,-289.5061842353379,-97.55444754273394,0.7266858423785358,82.37419623866354,80.87049942016601,79.36680260166848,872048400.0,1357577029.6687915,4966555.673239231,0.01311775920436653,1
2021-06-21,78.87000274658203,79.5999984741211,78.75,79.55000305175781,71.50211334228516,20228000,79.66740005493165,80.41622363124519,80.71538060506185,0.0965171394974504,0.4335493599566891,-0.3370322204592386,80.19287802103955,44.80685658546378,-2.928607670358009,-156.71883042662597,-69.56514527983082,0.7519226987125467,82.41693079411115,80.84649963378907,79.27606847346698,892276400.0,1375425478.56522,6710090.207382441,0.00012563804465770545,0
2021-06-22,79.31999969482422,79.75,79.1500015258789,79.55999755859375,71.5110855102539,14010200,79.70740005493164,80.33467829099267,80.5928565979004,0.0228995903599553,0.3514194060373424,-0.328519815677387,79.9696741852487,44.886164112155626,-2.869009887009333,-107.9052464165476,-69.29355544268108,0.7410709683845859,82.46185013097212,80.79849967956542,79.13514922815872,906286600.0,1380562415.3173783,8447826.010001898,-0.006410187562667313,0
2021-06-23,79.47000122070312,79.52999877929688,78.93000030517578,79.05000305175781,71.05268859863281,17074600,79.72820007324219,80.2123282682084,80.42633310953777,-0.0757222631034579,0.2659910722091823,-0.3417133353126403,79.65732647058212,41.60124684209321,-3.231728866138826,-105.8161374362293,-83.15210067482819,0.733137131601256,82.55228246614602,80.72399978637695,78.89571710660788,889212000.0,1370317829.0096333,5131092.648608923,0.009614098387046743,0
2021-06-24,79.63999938964844,79.8499984741211,79.58999633789062,79.80999755859375,71.73580169677734,19833300,79.76300003051757,80.17401105776891,80.33928527832032,-0.0915008228146092,0.194492693204424,-0.2859935160190333,79.6027881194107,47.73912494277167,-1.237470647459084,-53.25954028914296,-62.5000777451824,0.7379127237985436,82.5592568929489,80.68999977111817,78.82074264928744,909045300.0,1384048485.6280787,7676629.502216339,0.00213013160682074,0
2021-06-25,79.98999786376953,80.05000305175781,79.83000183105469,79.9800033569336,71.88860321044922,12418800,79.7882000732422,80.15553413387983,80.2716665722075,-0.0892584817200088,0.1377424582195374,-0.2270009399395463,79.60710399309716,49.02966107898495,-1.259255114896798,-30.667196894937785,-57.88035534731364,0.7023479216103663,82.55175198858268,80.65699996948243,78.76224795038218,921464100.0,1388564491.2044415,9457020.943696976,-0.006376620590454851,0
2021-06-28,79.69999694824219,79.76000213623047,79.36000061035156,79.47000122070312,71.43019104003906,26952900,79.7918000793457,80.09024528500585,80.15861907232376,-0.1271684021945276,0.0847602861367244,-0.211928688331252,79.48318188887534,45.40714259415939,-2.058168821182374,-55.14701394731874,-70.37036231994314,0.6964661233940567,82.55047807404108,80.58899993896485,78.62752180388861,894511200.0,1376435711.908632,5466476.671663761,0.00025162505044984407,0
2021-06-29,79.62999725341797,79.68000030517578,79.38999938964844,79.48999786376953,71.44817352294922,9357500,79.79860000610351,80.03307886393573,80.05395220801944,-0.153825520473319,0.0370431248147157,-0.1908686452880347,79.3918969128793,45.576929635866215,-2.1541113318768863,-48.37603468060081,-64.30986118104006,0.66743289426072,82.5089980413435,80.50749969482422,78.50600134830493,903868700.0,1373531541.3395865,2412974.5909843445,-0.007673929132530399,0
2021-06-30,78.76000213623047,79.05999755859375,78.55000305175781,78.87999725341797,70.89988708496094,33578500,79.8215998840332,79.92326156769593,79.89895197550456,-0.2216187470676658,-0.0146892495617605,-0.2069294975059052,79.16430397116639,41.35196811440082,-2.303691676447518,-101.46828433610094,-84.84859382867008,0.6869016026715057,82.4597354280473,80.38199958801269,78.30426374797808,870290200.0,1383407275.265326,4086732.2988066673,0.0024087531442962273,0
2021-07-01,78.88999938964844,79.12000274658203,78.69999694824219,79.06999969482422,71.0706558227539,28075400,79.83239990234375,79.84199853218433,79.77399960472471,-0.2570506387081224,-0.0631615273910329,-0.1938891113170894,79.03326089771065,43.120634932600936,-1.3843858894072736,-80.61549862268588,-78.45120785853001,0.6678376166478156,82.41918008791289,80.28599967956544,78.15281927121798,898365600.0,1404797740.5102806,11205987.366419077,0.0034146533970971227,0
2021-07-02,79.08000183105469,79.36000061035156,78.87999725341797,79.33999633789062,71.3133544921875,13712600,79.85379989624023,79.79418879939445,79.68390404837471,-0.2603431220141914,-0.1025978463156646,-0.1577452756985267,79.00268670133599,45.6298450098143,1.0443195744795382,-50.23619293838345,-69.36041553210511,0.6544208838110855,82.23927467656527,80.16899948120117,78.09872428583706,912078200.0,1417367387.7263658,17099116.974977016,-0.006554029078245205,0
2021-07-06,79.37999725341797,79.4000015258789,78.54000091552734,78.81999969482422,70.84595489501953,21289800,79.84879989624024,79.70140888467347,79.55542787824358,-0.3014370434585771,-0.1423656857442471,-0.1590713577143299,78.84957555968644,41.804810149429855,-0.9176660325941532,-78.72287242807484,-86.86871281635001,0.6691051499925482,81.99180258818487,80.01249961853027,78.03319664887567,890788400.0,1409940643.0305655,15592422.41390729,0.00545547204821939,0
2021-07-07,79.16000366210938,79.3499984741211,78.83000183105469,79.25,71.2324447631836,21686400,79.85119995117188,79.65841756232362,79.48280886695498,-0.2958959371293588,-0.1730717360212695,-0.1228242011080893,78.8427326587003,45.84739084312099,-0.3896399800231835,-34.33250337809291,-58.16326133413261,0.659168980657143,81.68034947510914,79.8794994354248,78.07864939574047,912474800.0,1423286193.380493,17804865.894455194,-0.012870620101784302,-1
2021-07-08,77.9800033569336,78.37000274658203,77.75,78.2300033569336,70.31565856933594,24175500,79.8383999633789,79.52237811419123,79.32571400233678,-0.3695498346131387,-0.2123673557396433,-0.1571824788734953,78.57962308331794,38.937727718937,-1.0373177269674814,-199.73110084179677,-79.13031651993923,0.7192283391816329,81.44199023728244,79.70649948120118,77.97100872511992,888299300.0,1436543821.602975,21309668.48960924,0.017001075605121763,1
2021-07-09,79.05000305175781,79.61000061035156,78.97000122070312,79.55999755859375,71.5110855102539,35200100,79.8481999206543,79.52596091842004,79.31176143827892,-0.3169480819724128,-0.2332835009861972,-0.0836645809862156,78.71663472417202,49.60321636645427,-0.3132439639738851,30.01205906723709,-21.30455839132771,0.7664261187699425,81.3044374131177,79.64399948120118,77.98356154928466,923499400.0,1466243565.038113,30256127.14520645,0.004273554269967894,0
2021-07-12,79.58000183105469,79.94000244140625,79.51000213623047,79.9000015258789,71.81668853759766,11995800,79.86419998168945,79.56158383341612,79.33614258539109,-0.2450011150548334,-0.2356270237999245,-0.0093740912549089,78.92434776511492,51.91545283768836,-0.1000272914439081,95.0880266225622,-6.521796819541836,0.7423957035132167,81.1350636206231,79.58899955749511,78.04293549436713,935495200.0,1476007538.7965631,34272203.95971179,-0.005256547696175895,0
2021-07-13,79.61000061035156,79.79000091552734,79.36000061035156,79.4800033569336,71.43919372558594,15689500,79.8916000366211,79.55381426422731,79.32576199486142,-0.2193445007184067,-0.2323705191836209,0.0130260184652142,78.99151892728511,48.92907646338233,0.0125860526951433,49.57729774341689,-24.782562544366527,0.7279389329427972,80.87859370801309,79.50599975585938,78.13340580370567,919805700.0,1469075163.2443197,30593733.711776257,0.002264724428450604,0
2021-07-14,79.81999969482422,79.83000183105469,79.55999755859375,79.66000366210938,71.60099029541016,14023600,79.90540008544922,79.56392754021608,79.3404290335519,-0.182384513566518,-0.2223733180602004,0.0399888044936823,79.09822745060757,50.24992246040059,0.2138706792157684,65.36986946006994,-16.956472703389437,0.7009431858841041,80.55058533123403,79.42700004577637,78.3034147603187,933829300.0,1465439884.7362666,25150976.92944241,-0.009540573704391764,0
2021-07-15,78.9000015258789,79.0999984741211,78.5999984741211,78.9000015258789,70.9178695678711,21637900,79.92740005493164,79.5006964912316,79.29023869832356,-0.2119757537187041,-0.2202938051919011,0.008318051473197,78.99276579426204,44.96237834739433,0.0253603868629327,-65.83755645925217,-50.0,0.7265904717486882,80.30419621651609,79.33500022888184,78.36580424124759,912191400.0,1469767728.870788,22014983.4767952,-0.007351100378172326,0
2021-07-16,78.8499984741211,78.9000015258789,78.18000030517578,78.31999969482422,70.39653778076172,23034100,79.91660003662109,79.38824917728803,79.19357198079427,-0.2790120480107418,-0.2320374537556693,-0.0469745942550725,78.76009020889049,41.38351422330082,-0.9485266256414234,-117.52033585853664,-73.97264568991946,0.7261198109597193,80.22586250111874,79.24200019836425,78.25813789560976,889157300.0,1455691280.1868565,14251844.894298317,-0.018130722350336748,-1
2021-07-19,77.08999633789062,77.2300033569336,76.4800033569336,76.9000015258789,69.12020111083984,44844800,79.86440002441407,79.15127321048716,78.97052448817662,-0.4416299439330657,-0.2739559517911486,-0.1676739921419171,78.2060971350299,34.20508105499374,-3.075365420512937,-267.84995415338204,-87.86132138502212,0.8056824200262126,80.55185446741056,79.16100044250489,77.77014641759921,844312500.0,1461072437.2181065,11492579.539192917,0.0072821527630957394,0
2021-07-20,76.72000122070312,77.61000061035156,76.62000274658203,77.45999908447266,69.62354278564453,30309900,79.80539993286133,78.99019948420006,78.80852435884022,-0.5193321375577966,-0.3230311889444782,-0.1963009486133183,77.90447498403827,38.71955583300261,-1.7254511743430876,-162.82733913001525,-71.67641656505164,0.8188478088650212,80.61829737269736,79.05650024414062,77.49470311558389,874622400.0,1482197405.7841623,16040590.11592269,0.015233673110284451,1
2021-07-21,78.01000213623047,78.69000244140625,77.97000122070312,78.63999938964844,70.68416595458984,22928600,79.77859985351563,78.95684709424276,78.76885761079335,-0.4801605311522507,-0.3544570573860328,-0.125703473766218,77.97214828726479,46.97558847662819,-0.769716858487776,-32.33332653434401,-37.57235247812061,0.8482160622984906,80.56444338088058,79.01050033569337,77.45655729050615,897551000.0,1501941289.03767,22725049.103798863,0.00038146972952324276,0
2021-07-22,78.93000030517578,78.97000122070312,78.4800033569336,78.66999816894531,70.71112823486328,15874000,79.77339981079102,78.92952814897635,78.7364288330078,-0.441605546233589,-0.371886755155544,-0.069718791078045,78.04398375835656,47.1704528885925,0.5624374193162062,-3.207899602120756,-36.70533550602083,0.8226290481178506,80.55232397744531,78.99150009155274,77.43067620566016,913425000.0,1498377455.5460389,22259739.93297481,0.006991268139814544,0
2021-07-23,79.19000244140625,79.37000274658203,79.02999877929688,79.22000122070312,71.20549011230469,16550600,79.80439987182618,78.95719225104557,78.75819084530785,-0.36249122006042,-0.3700076481365192,0.0075164280760992,78.25324858133904,50.74447953542283,-0.4273458375111525,47.28819769031309,-20.80928934155661,0.8138701573691984,80.48158744836022,78.96200027465821,77.4424131009562,929975600.0,1500324606.8037524,20665321.58754897,0.001388545931034546,0
2021-07-26,79.06999969482422,79.36000061035156,79.06999969482422,79.33000183105469,71.30435943603516,14870900,79.82599990844727,78.99269792533215,78.7932386125837,-0.2876011298390324,-0.3535263444770218,0.0659252146379894,78.4596940871275,51.45188426021871,-0.7133913441035428,48.11068367331178,-17.63008010866377,0.7764509258090659,80.38714869256331,78.92950019836425,77.47185170416519,944846500.0,1512118903.7783124,21887124.79382133,-0.004033778992035164,0
2021-07-27,78.97000122070312,79.06999969482422,78.62999725341797,79.01000213623047,71.01673889160156,20952500,79.815,78.9943459454177,78.80090546380906,-0.2511760931576532,-0.3330562942131481,0.0818802010554949,78.55081760144235,49.2365473311104,-0.5913452451586032,15.78630281698898,-26.87862864904556,0.770990472368184,80.34368185494486,78.90650024414063,77.4693186333364,923894000.0,1527357349.817985,25245811.22775388,0.004303206286520478,0
2021-07-28,79.0199966430664,79.5,78.88999938964844,79.3499984741211,71.32232666015625,19700600,79.81379989624024,79.02821761481803,78.84314339047387,-0.1926533383971218,-0.3049757030499428,0.112322364652821,78.71763114167067,51.62003762583208,-0.3891603988661835,44.276975940447294,-17.05214229486074,0.7594911965098539,80.32657393278502,78.89950027465821,77.4724266165314,943594600.0,1537369041.280576,27510283.75902748,0.006931355542964424,0
2021-07-29,80.01000213623047,80.12000274658203,79.87999725341797,79.9000015258789,71.81668853759766,23670000,79.82019989013672,79.1112446539667,78.93842922392345,-0.1007318103004024,-0.2641269245000348,0.1633951141996323,78.99993157244616,55.27815386524565,1.2674270984291474,110.48595411819332,-6.043990593206483,0.7602421305063598,80.44256604171126,78.95050048828125,77.45843493485124,967264600.0,1517644793.71239,19659827.044759512,-0.005131460003496735,0
2021-07-30,79.58999633789062,79.83999633789062,79.33000183105469,79.48999786376953,71.44817352294922,23997100,79.83239990234375,79.14731638823363,78.98980992635092,-0.0602724230390521,-0.2233560242078382,0.1630836011687861,79.12637052322309,52.1147135153342,1.4938689651484152,71.8529087982706,-17.307829353052384,0.7466533851004926,80.48141797814549,78.97150039672852,77.46158281531154,943267500.0,1508704486.462891,11816376.350922346,0.00503209883794975,0
2021-08-02,80.13999938964844,80.27999877929688,79.73999786376953,79.88999938964844,71.80770874023438,25364000,79.83179992675781,79.21804810265408,79.07728602091471,0.0040223459456854,-0.1778803501771335,0.1819026961228189,79.33410600054367,54.83058479759037,3.888163594851578,107.45512210822262,-10.263154196272438,0.7497496372738391,80.55411993295583,78.9990005493164,77.44388116567698,968631500.0,1497431717.0256286,3946685.6687760353,0.007134806598810384,0
2021-08-03,80.2300033569336,80.4800033569336,79.9000015258789,80.45999908447266,72.32003784179688,19028100,79.84039993286133,79.33632914854157,79.21642873854864,0.0998199628747329,-0.1223402875667602,0.2221602504414931,79.65152406202824,58.447221001992745,3.872966738262418,126.44459691938532,-0.5001068115234375,0.7383392322746475,80.75790105256776,79.08100051879883,77.4040999850299,987659600.0,1515147258.076903,6005240.208869457,-0.002982822104155902,0
2021-08-04,80.51000213623047,80.6500015258789,80.19000244140625,80.22000122070312,72.10432434082031,12852000,79.83440002441407,79.42048839350933,79.32490499587286,0.1545923976851071,-0.0669537505163867,0.2215461482014939,79.8472247900376,56.3995806985568,2.0091579899766208,110.58202374484917,-10.311762445798344,0.7184577931459338,80.8777393310723,79.12950057983399,77.38126182859567,974807600.0,1503971541.0284896,2745535.25906086,0.004861622833630452,0
2021-08-05,80.62999725341797,80.70999908447266,80.5199966430664,80.61000061035156,72.45487213134766,11868900,79.83580001831055,79.53377527130382,79.4659049987793,0.2268545996573863,-0.0081920804816321,0.2350466801390184,80.10539734141256,58.91829821754486,2.466000364255835,115.330682328376,-2.3640325088288283,0.7021392267619051,81.0585423976374,79.24850044250488,77.43845848737236,986676500.0,1503347213.2498195,963775.7355566024,-0.003721660457589482,0
2021-08-06,80.43000030517578,80.5199966430664,80.18000030517578,80.30999755859375,72.18521881103516,10892500,79.83220001220702,79.60770120342667,79.56699996221633,0.2569531799836824,0.0448369716114307,0.2121162083722516,80.23466980987976,56.227483038614615,1.3759105290265616,83.6194189865206,-9.779997164623456,0.6827007323628962,81.15055830274055,79.28600044250489,77.42144258226922,975784000.0,1500784185.806143,-668250.5957336426,-0.0004980813938907369,0
2021-08-09,80.33000183105469,80.37999725341797,80.18000030517578,80.2699966430664,72.14926147460938,7897000,79.82479995727539,79.67077695958284,79.66071388607934,0.2744154911946026,0.0907526755280651,0.1836628156665375,80.32503644331595,55.86115301628004,1.1849171691859792,68.86430061505312,-16.058495782946338,0.6482218906399885,81.20014185457626,79.30450019836425,77.40885854215225,967887000.0,1499994305.0553992,-1526473.370522499,0.002242435688345479,0
2021-08-10,80.2699966430664,80.44999694824219,80.22000122070312,80.44999694824219,72.31105041503906,10438200,79.81719985961914,79.74498838707422,79.76980881463913,0.2993285457904591,0.1324678495805439,0.1668606962099151,80.4402795209476,57.21208350163992,1.8225474915553777,70.67032421164437,-11.659310958294844,0.6183485932756366,81.31267349926489,79.35299987792969,77.39332625659449,978325200.0,1510432505.0553992,1582451.2552931309,0.006836582630471266,0
2021-08-11,80.93000030517578,81.05000305175781,80.76000213623047,81.0,72.805419921875,14996100,79.8147998046875,79.86451330259095,79.92666596912203,0.3593110565594628,0.1778364909763277,0.1814745655831351,80.6715721151697,61.12711559173791,2.0793970480251884,129.041267059781,-2.0662368574536183,0.6170384154356359,81.50471464320954,79.41999969482421,77.33528474643889,993321300.0,1520257236.798842,5836475.861013889,-0.0008641937632619667,0
2021-08-12,80.83000183105469,80.95999908447266,80.66999816894531,80.93000030517578,72.74249267578125,12443200,79.80559982299805,79.96598825521806,80.07047555106027,0.3966271670442438,0.2215946261899109,0.1750325408543329,80.83641185635884,60.37001910541365,1.2891098368293117,105.06184525788098,-4.95877929979981,0.5965358022655681,81.69100838350474,79.52149963378906,77.35199088407339,980878100.0,1530126094.5084524,10186261.02904725,0.006054588680610706,0
2021-08-13,81.19000244140625,81.44999694824219,81.12000274658203,81.41999816894531,73.18292236328125,14590400,79.81419982910157,80.10446538985876,80.25128493536086,0.4604316169037332,0.2693620243326754,0.1910695925710578,81.09137584087816,63.75422972822276,2.4279788112253167,151.90475771724692,-1.0637866150104314,0.591068719465628,81.92211912158626,79.67649955749512,77.43087999340398,995468500.0,1542063755.8406143,14838041.655380726,-0.005158415357291224,0
2021-08-16,80.79000091552734,81.01000213623047,80.52999877929688,81.0,72.805419921875,19192300,79.80059982299805,80.18975440034839,80.37733259655181,0.4716696468560997,0.3098235488373603,0.1618460980187394,81.18333892792937,59.09591451089302,1.3894112139590131,81.22925587406166,-17.578022554419093,0.6124209101929716,81.8006789340141,79.88149948120117,77.96232002838825,976276200.0,1560456211.4378486,21244274.90569353,-0.0093827424225984,0
2021-08-17,80.23999786376953,80.41999816894531,79.88999938964844,80.23999786376953,72.12229919433594,23555000,79.7663998413086,80.19453949210279,80.41147529965355,0.4144722674686818,0.3307532925636246,0.0837189749050572,81.05318752918089,51.73018151972026,-0.2734293104728376,-44.40198251919056,-57.07555997005815,0.6479623173471568,81.58859929701059,80.02049942016602,78.45239954332145,952721200.0,1568011524.8195496,24337672.31993604,-0.0038633794472434646,0
2021-08-18,80.22000122070312,80.52999877929688,79.91999816894531,79.93000030517578,71.84365844726562,16384700,79.72679977416992,80.16934528382403,80.40285633632115,0.3402070251836733,0.3326440390876344,0.0075629860960388,80.85849422847949,49.0449545872525,-0.361506994657712,-58.55096362526257,-71.69811999769678,0.6452507668474715,81.52123696414746,80.08499946594239,78.64876196773731,936336500.0,1552164142.319612,18348288.437606573,-0.009883659608546091,0
2021-08-19,78.88999938964844,79.3499984741211,78.8499984741211,79.13999938964844,71.13357543945312,30515300,79.67579971313477,80.07131234152159,80.31285632905507,0.2151249871099594,0.3091402286920994,-0.09401524158214,80.48776154487145,42.92927713438326,-1.823596587982601,-232.42969704519984,-88.84611208760897,0.6763044142908441,81.46449673734125,80.10849952697754,78.75250231661383,905821200.0,1557046702.0699782,15783601.457442284,0.003917078101902227,0
2021-08-20,78.91000366210938,79.47000122070312,78.81999969482422,79.44999694824219,71.41221618652344,15774200,79.64859970092773,80.01213944692356,80.25014179774693,0.1394038225000287,0.2751929474536853,-0.1357891249536566,80.26010334647097,45.78605585203168,-1.0708512470369715,-178.95127746095588,-76.04570679306913,0.6744256365471343,81.44929940564255,80.1199993133545,78.79069922106645,921595400.0,1571849976.9810667,18009671.395681143,0.009314103481289582,0
2021-08-23,79.87999725341797,80.27999877929688,79.8499984741211,80.19000244140625,72.07735443115234,22524800,79.63239974975586,80.02907877973144,80.25680876232329,0.1375212534141496,0.2476586086457782,-0.1101373552316285,80.26294216354849,51.96711947367061,-0.0996564158534395,-36.079262321470445,-47.90858641386172,0.6855382218691023,81.44198472613348,80.16299934387207,78.88401396161066,944120200.0,1584946181.292559,21450067.61537361,0.002119942184432899,0
2021-08-24,80.16000366210938,80.48999786376953,80.08000183105469,80.36000061035156,72.23016357421875,13722900,79.61679977416992,80.06059514455241,80.27557078770229,0.1480402198477577,0.2277349308861741,-0.0796947110384164,80.3073757602577,53.284783115553104,-0.1118661793716716,-3.5244242805752064,-41.44477095837479,0.6658566369295124,81.39645811628168,80.23049926757812,79.06454041887457,957843100.0,1589966854.1167643,22504983.0933702,0.00037330486646380834,0
2021-08-25,80.27999877929688,80.47000122070312,80.1500015258789,80.38999938964844,72.25712585449219,12891400,79.5997998046875,80.09196697741869,80.2907612755185,0.1569875722983766,0.2135854591686146,-0.0565978868702379,80.34954980588242,53.52705895722838,-0.7530871732735339,3.972683636467045,-40.30413177109472,0.6411525696362771,81.37733982510017,80.28249931335449,79.18765880160882,970734500.0,1596412400.4391544,22941487.51936817,-0.005224507676752088,0
2021-08-26,80.12999725341797,80.23999786376953,79.8499984741211,79.97000122070312,71.87960815429688,16927900,79.58439987182618,80.08035119106484,80.26099955240885,0.128704446669488,0.1966092566687893,-0.0679048099993013,80.27306056495608,49.64505283253596,-1.1862091694706949,-42.61555179008095,-56.2736605757153,0.633927451485639,81.37636476282951,80.2859992980957,79.1956338333619,953806600.0,1589901924.4033158,18962952.635021687,0.009128369593548014,0
2021-08-27,79.98999786376953,80.7699966430664,79.95999908447266,80.69999694824219,72.53575134277344,24935800,79.5947998046875,80.13936507270077,80.30042790004185,0.1633118627277952,0.1899497778805905,-0.0266379151527953,80.39794064431214,55.66371222570456,-0.8843051300604711,26.557365251792664,-28.517140047400925,0.646503887707647,81.38660070074415,80.34649925231933,79.30639780389451,978742400.0,1610527838.8445787,22174256.35591626,-0.0002477898862776051,0
2021-08-30,80.66999816894531,80.80000305175781,80.55999755859375,80.68000030517578,72.51778411865234,8142000,79.63799987792969,80.1908541424603,80.3321899050758,0.1869696574835302,0.1893537538011785,-0.0023840963176482,80.49311920515242,55.46813304156982,-0.3950613516348379,51.97628938415265,-29.27746947513772,0.617468288097391,81.41368415936282,80.3859992980957,79.35831443682858,970600400.0,1610527838.8445787,21472130.02756262,-0.0004957971662870042,0
2021-08-31,80.81999969482422,80.83000183105469,80.48999786376953,80.63999938964844,72.4818344116211,18738400,79.6597998046875,80.23362988028774,80.35638038998559,0.2001833021933095,0.1915196634796047,0.0086636387137047,80.5583377965215,55.05143960062921,0.4985064014558223,53.34274554434094,-30.79841842196107,0.5976494080393743,81.42825639104812,80.39499931335449,79.36174223566086,951862000.0,1608323296.4637866,18531439.405932903,0.009052621062238142,0
2021-09-01,81.26000213623047,81.58999633789062,81.20999908447266,81.37000274658203,73.13796997070312,30472100,79.69599990844726,80.34185586755386,80.44923785981678,0.2664884676649706,0.2065134243166779,0.0599750433482926,80.79847014676821,60.83402049943162,1.801579426883856,147.38961243596705,-7.94201653129295,0.6228170894824324,81.56533209315042,80.45249938964844,79.33966668614646,982334100.0,1603512685.0577593,14113104.212809086,0.004055477332204127,0
2021-09-02,81.70999908447266,81.87999725341797,81.61000061035156,81.69999694824219,73.43458557128906,13827400,79.74899978637696,80.47120263714322,80.56804715111141,0.3417243772961171,0.2335556149125657,0.1081687623835513,81.07737728370661,63.1423595301202,3.234770758576224,178.9316792882377,-5.88236760745986,0.6147583335791114,81.74506399105638,80.50699920654297,79.26893442202956,996161500.0,1598903291.2404714,9555968.672593355,0.004528797556950126,0
2021-09-03,81.80000305175781,82.18000030517578,81.69000244140625,82.06999969482422,73.76717376708984,16303200,79.79419982910156,80.62346902358904,80.71690434047154,0.4262914842581722,0.272102788781687,0.1541886954764851,81.39721890843369,65.5911102924257,3.297675075165624,170.0975980666053,-3.2738270943365344,0.6058468714498557,82.00306909531538,80.59499931335449,79.1869295313936,1012464700.0,1607886614.631674,9681291.696743011,0.0007310534765059273,0
2021-09-07,82.19999694824219,82.29000091552734,82.08000183105469,82.12999725341797,73.82107543945312,13967800,79.83719970703125,80.76694790262036,80.86309462047758,0.4924758720591882,0.3161774054371873,0.1762984666220008,81.66883220590056,65.98574145536885,2.419247727831467,145.85267691796153,-4.611054922826607,0.5782864678250892,82.23660609712715,80.68799934387206,79.13939259061698,1026432500.0,1600569568.012237,6524291.582552195,-0.007914208184845895,0
2021-09-08,81.77999877929688,81.91999816894531,81.3499984741211,81.4800033569336,73.23684692382812,22764200,79.87739974975585,80.83485794588829,80.93852357410249,0.4868661115335015,0.3503151466564502,0.1365509648770513,81.71558322437286,58.19835368097961,1.3937316302580494,77.05815422726413,-23.342860912009144,0.592694490073074,82.32117560693325,80.73949966430663,79.15782372168002,1003668300.0,1588189433.7589142,700540.4931848049,-0.0017182991319925067,0
2021-09-09,81.44999694824219,81.76000213623047,81.2699966430664,81.33999633789062,73.11102294921875,18963300,79.91439971923828,80.88296636417422,80.99571373349144,0.4657540171633911,0.3734029207578384,0.0923510964055527,81.71010896146313,56.64758050975867,1.1817352350478008,53.90966946071861,-27.37764390308254,0.5853595617224302,82.35621507417507,80.75649948120117,79.15678388822728,984705000.0,1574644135.1135058,-6055456.384475708,-0.002212843421255495,0
2021-09-10,81.91999816894531,81.9800033569336,81.13999938964844,81.16000366210938,72.94923400878906,26709900,79.9599998474121,80.90935086873948,81.03414270310175,0.4295470743078198,0.3846317514678347,0.0449153228399851,81.65183593125822,54.63211531081906,1.488061051946283,41.21456605428544,-46.31131650699152,0.6035484478340535,82.3758253798346,80.76799964904785,79.16017391826111,957995100.0,1549206400.8122733,-16362601.80441308,0.00788565008341946,0
2021-09-13,81.94999694824219,81.95999908447266,81.5199966430664,81.80000305175781,73.52448272705078,22335000,80.01459991455079,80.9941748861698,81.13242874145507,0.4473387703979767,0.3971731552538631,0.0501656151441136,81.76361081183778,60.07190311312311,1.3630807250477663,66.16874866805733,-20.081859569252323,0.6175803745861411,82.43370731532563,80.78699989318848,79.14029247105132,980330100.0,1555298257.345773,-17153334.051509142,-0.00415652756235263,0
2021-09-14,82.04000091552734,82.05000305175781,81.37999725341797,81.45999908447266,73.21887969970703,19177500,80.05699996948242,81.03853909553197,81.19652390252976,0.4290574321051537,0.4035500106241212,0.0255074214810324,81.76064027386381,56.21553166320681,0.9667808333496456,45.98752489711444,-34.01643444980864,0.6213250477114055,82.48064077703701,80.80999984741212,79.13935891778722,961152600.0,1540700524.0249655,-20562154.74998641,0.002946205087980047,0
2021-09-15,81.37999725341797,81.70999908447266,81.22000122070312,81.69999694824219,73.43458557128906,26233800,80.11459991455078,81.10153508150437,81.28128553118025,0.4289900316111215,0.4086380148215213,0.0203520167896001,81.81427059470664,58.25277611592924,1.3144811093957167,30.006810191056257,-24.18046626810416,0.6119445345727003,82.57508835076584,80.88299980163575,79.19091125250566,987386400.0,1565863323.268251,-12081040.299228191,-0.0015911537120414376,0
2021-09-16,81.3499984741211,81.58999633789062,81.12999725341797,81.56999969482422,73.3177490234375,25765500,80.16099990844727,81.1461507589634,81.34671409243629,0.4136782983974427,0.4096460715367056,0.0040322268607371,81.81850728312308,56.71348458713859,0.2457870732351529,1.5183083002452744,-30.90131566022043,0.6089484745906659,82.6230166108138,80.96499977111816,79.30698293142251,961620900.0,1589388716.605786,-27864.6620452404,-0.013117564041036922,-1
2021-09-17,81.06999969482422,81.20999908447266,80.2300033569336,80.5,72.35599517822266,37070600,80.2063998413086,81.08461259144308,81.30242839994885,0.3116115426070251,0.3900391657507695,-0.0784276231437443,81.53872020952139,45.950581605512646,-1.468784569236151,-154.54292868326328,-86.89335130810939,0.6611661791120916,82.48477233997217,81.03299980163574,79.58122726329931,924550300.0,1572744608.8346689,-390339.4047307968,-0.018509290233161835,-1
2021-09-20,78.73999786376953,79.19999694824219,78.33000183105469,79.01000213623047,71.01673889160156,45028000,80.19539993286133,80.88703064332759,81.10976195562453,0.1092333540077703,0.3338780034021697,-0.2246446493943993,80.91860762833154,35.770435766104306,-3.728521469443517,-304.6637331890027,-82.82827115182691,0.7689398926716075,82.56760914902047,81.01100006103516,79.45439097304985,879522300.0,1598105633.1787126,7566277.710433006,0.00987215236308936,0
2021-09-21,80.08000183105469,80.20999908447266,79.68000030517578,79.79000091552734,71.71782684326172,37472300,80.1931999206543,80.78255162163232,80.99347632271903,0.0116522444336482,0.2694328516084654,-0.2577806071748172,80.61138539477943,42.90188388481923,-2.849137241135415,-145.08950053421734,-63.13132772688302,0.7997296823552204,82.59872888134359,80.99099998474121,79.38327108813883,916994600.0,1576187994.9337654,3159620.024113655,0.005013178609966307,0
2021-09-22,80.18000030517578,80.80000305175781,80.12000274658203,80.19000244140625,72.07735443115234,28718400,80.20739990234375,80.7261183663727,80.91719084240141,-0.0330240273213462,0.208941475822503,-0.2419655031438493,80.46433750254421,46.20079788973654,-1.5832116622238337,-76.02572625998087,-53.030276758277225,0.8147491433463095,82.60521095072154,80.98250007629395,79.35978920186635,945713000.0,1553382178.2680335,-6186737.97066927,0.010849171850608075,1
2021-09-23,80.81999969482422,81.22000122070312,80.7699966430664,81.05999755859375,72.85933685302734,31257800,80.23539978027344,80.75791638467948,80.92457155500139,0.0017508577439286,0.1675033522067882,-0.1657524944628595,80.571524508873,52.61353423403624,-0.3442325939304759,-10.420397060693688,-31.0606980126964,0.8301241173427785,82.61590353362756,81.01599998474121,79.41609643585487,976970800.0,1562411926.7413228,-6574715.54788208,-0.009375703549541536,0
2021-09-24,80.22000122070312,80.5,80.16999816894531,80.30000305175781,72.17623138427734,20066300,80.26339981079101,80.71430559106788,80.85638137090774,-0.0316501571547434,0.1276726503344819,-0.1593228074892253,80.46410106178494,47.30853450341062,-1.0596359925413177,-64.37866279910807,-50.25248292537257,0.8344009225074684,82.59528924709998,81.03250007629394,79.4697109054879,956904500.0,1558155944.954667,-7489908.257234096,-0.0006227029870170542,0
2021-09-27,80.06999969482422,80.33000183105469,79.97000122070312,80.25,72.13128662109375,15526500,80.30199981689454,80.67008601096617,80.78185755411783,-0.0614472053534171,0.089848679196902,-0.1512958845503192,80.36510724658662,46.97294649446811,-1.8948691857347115,-64.569212713655,-48.387162932639846,0.8005151859249037,82.60393706191554,81.01000022888184,79.41606339584813,941378000.0,1566781632.044058,-4438867.722868443,-0.02180685358255452,-1
2021-09-28,79.04000091552734,79.08000183105469,78.23999786376953,78.5,70.55833435058594,48064900,80.33399978637695,80.46341115277893,80.54280991327195,-0.223693357584807,0.0271402718405602,-0.2508336294253673,79.83258218612903,37.06367657628039,-3.6336841612325417,-167.58354153473985,-93.17580624167726,0.8869071109467297,82.83267069646013,80.90100021362305,78.96932973078597,893313100.0,1548471297.8899632,-8613196.760306597,-0.0022929975181628093,0
2021-09-29,78.70999908447266,78.76000213623047,78.23999786376953,78.31999969482422,70.39653778076172,31733200,80.35119979858399,80.25927672821182,80.29700034005302,-0.3626190754714713,-0.050811597621846,-0.3118074778496252,79.35399986538773,36.21736442928128,-4.137083696048646,-145.7215783198094,-97.9002172672387,0.8606997653406017,83.02022176555535,80.78500022888184,78.54977869220833,861579900.0,1526502302.6847048,-16527993.771812916,-0.0039580893743828005,0
2021-09-30,78.4000015258789,78.5199966430664,77.81999969482422,78.01000213623047,70.11790466308594,39506300,80.33859985351563,80.04506010040407,80.03271480741955,-0.4920607499944651,-0.1390614280963698,-0.3529993218980952,78.88836789593826,34.74588183071944,-4.364346661655853,-136.6524403421233,-95.50822007990116,0.8492209926907149,83.13791205138372,80.61700019836425,78.09608834534478,822073600.0,1508442648.9015985,-24009573.86461616,0.0024355186105484705,0
2021-10-01,78.05000305175781,78.37999725341797,77.5,78.19999694824219,70.28868103027344,44524800,80.32919982910157,79.86933980019818,79.80252402169364,-0.5727113561412267,-0.2257914137053412,-0.3469199424358855,78.56521632046233,36.4500851719268,-2.857146648146351,-115.99338561801196,-84.61546200564072,0.8514192970283759,83.11899499119912,80.44200019836425,77.7650054055294,866598400.0,1534752670.260502,-16516161.30069232,-0.01048593001054654,-1
2021-10-04,77.95999908447266,78.05999755859375,77.0999984741211,77.37999725341797,69.55164337158203,32751400,80.29239974975586,79.63225955764769,79.51090469360352,-0.6947856089072673,-0.3195902527457264,-0.3751953561615408,78.09839203246226,32.504482287311525,-2.063036120416774,-119.72315292096152,-93.92627457210853,0.8691749525349987,83.08698541689532,80.20750007629394,77.32801473569256,833847000.0,1521106188.5225878,-16291267.504724026,0.0068493981326420705,0
2021-10-05,77.55000305175781,78.19000244140625,77.45999908447266,77.91000366210938,70.02802276611328,25903300,80.26399978637696,79.46823518664404,79.29209551130022,-0.7402303315046197,-0.4037182684975051,-0.3365120630071145,77.86568576316408,37.23374211934116,-2.3561815162883604,-86.35062317263964,-81.95978678465896,0.8649485407816617,82.8999210075012,79.99650039672852,77.09307978595584,859750300.0,1527138641.8727126,-12798824.20363164,-0.006674422385040124,0
2021-10-06,76.6500015258789,77.43000030517578,76.43000030517578,77.38999938964844,69.56063079833984,36917200,80.23159973144531,79.27030796788256,79.04385732014974,-0.8088813201574823,-0.4847508788295006,-0.3241304413279816,77.55351124738561,34.6672050238602,-3.491710894763642,-115.077158898143,-79.9582692904983,0.908881027649657,82.82204693264578,79.79200019836426,76.76195346408275,822833100.0,1561102398.2753005,600081.8388779163,0.007752920000686059,0
2021-10-07,77.80999755859375,78.30999755859375,77.80000305175781,77.98999786376953,70.09992980957031,19908700,80.20439971923828,79.14837367225275,78.87223805018834,-0.805586560395426,-0.5489180151426858,-0.2566685452527402,77.46753454795981,39.82161878425417,-3.787317773609711,-53.395188977762615,-67.43220750674939,0.9096751091707752,82.6640960351736,79.6245002746582,76.5849045141428,842741800.0,1556027386.3374133,4412123.072497129,-0.00012815113616737595,0
2021-10-08,78.19000244140625,78.25,77.83999633789062,77.9800033569336,70.0909423828125,23628700,80.16599975585937,79.03710030888902,78.71561929611933,-0.7946220048833368,-0.598058813090816,-0.1965631917925208,77.40880733882544,39.76533949020561,-2.8891651390459474,-48.38851136255159,-67.64086105425788,0.8739842915235323,82.49985987220742,79.46550025939942,76.43114064659142,819113100.0,1548536024.398448,3186877.226352692,-0.0032059501056403983,0
2021-10-11,78.16000366210938,78.41000366210938,77.72000122070312,77.7300033569336,69.8662338256836,23542500,80.13079986572265,78.91261488489327,78.55033387683687,-0.7969190396828907,-0.6378308584092309,-0.1590881812736597,77.3097477190675,38.30695937414807,-3.1401827327930296,-47.42617088696329,-72.8600667372797,0.8608427308008693,82.18673932744045,79.2620002746582,76.33726122187596,795570600.0,1525676059.0623136,-4877701.156417608,0.0005145154304080357,0
2021-10-12,77.87000274658203,78.04000091552734,77.62999725341797,77.7699966430664,69.90218353271484,18697400,80.08839981079102,78.80379409995737,78.40823829287575,-0.7864466647524893,-0.6675540196778826,-0.1188926450746066,77.25254793995201,38.69430497263429,-0.9299405820810112,-52.16997348754595,-72.02513399221134,0.8286399401800482,81.88764473257685,79.07750015258789,76.26735557259893,814268000.0,1519747445.4411747,-9619796.541875124,0.009901045463521774,0
2021-10-13,78.18000030517578,78.63999938964844,78.0,78.54000091552734,70.59428405761719,23073600,80.04999984741211,78.77867093953546,78.35704788934616,-0.7078546151975615,-0.6756141387818185,-0.032240476415743,77.41861564697739,45.75594140423703,0.2809004361087399,8.684660235917947,-48.15722927363285,0.8315944263516184,81.46495512534872,78.91950035095215,76.37404557655557,837341600.0,1535610648.588303,-5637834.876214504,0.00993122956715764,0
2021-10-14,79.29000091552734,79.4000015258789,79.11000061035156,79.31999969482422,71.29537963867188,19304400,80.03199981689453,78.83022605908677,78.39519068400065,-0.5759908034918624,-0.6556894717238274,0.079698668231965,77.76899375292854,51.81124238565868,1.679268712627484,130.59491418284225,-25.89748054016092,0.8336234394944716,81.05550331937658,78.80700035095215,76.55849738252772,856646000.0,1544264134.989608,-742938.0783731937,0.008320772373281216,0
2021-10-15,79.76000213623047,80.0,79.66999816894531,79.9800033569336,71.88860321044922,24447200,80.01939987182617,78.9397286588817,78.50690525599889,-0.4134648377593777,-0.6072445449309376,0.1937797071715599,78.23704330701617,56.26056440309274,2.2762231178468326,220.95300850261677,-0.560130105764356,0.822650358471708,80.96159660290029,78.78100051879883,76.60040443469738,881093200.0,1565748551.8389168,8163010.343557596,-0.004251112190728379,0
2021-10-18,79.37999725341797,79.68000030517578,79.23999786376953,79.63999938964844,71.58300018310547,19044700,80.00599990844727,79.00642110943092,78.58871467227027,-0.3085406530201027,-0.5475037665487706,0.2389631135286679,78.53927221396576,53.519120283093656,2.9206541954621765,140.7217464515228,-10.084051572146937,0.8167471538068762,81.023409194712,78.81250038146973,76.60159156822746,862048500.0,1581330519.0708492,16022159.695093632,0.006027164246763972,0
2021-10-19,79.94999694824219,80.25,79.9000015258789,80.12000274658203,72.01444244384766,14649000,80.00300003051758,79.11247650344531,78.71323870704288,-0.184528096297825,-0.4749086324985815,0.2903805362007565,78.91595664765546,56.72506968569756,2.8366050322077747,152.50720641401517,-3.403069733071029,0.8019795435600681,81.07351373797003,78.82900047302246,76.58448720807489,876697500.0,1585097587.2561352,18979318.88012266,0.0034947425074671745,0
2021-10-20,80.19999694824219,80.5,80.12000274658203,80.4000015258789,72.26611328125,11235500,80.00200012207031,79.23509793415326,78.86285785493396,-0.0629282920125575,-0.3925125644013768,0.3295842723888192,79.29958364663008,58.52225955197326,3.8893941852557785,131.56359724988312,-2.456965150347823,0.7718379514070609,81.11118314945823,78.8395004272461,76.56781770503396,887933000.0,1590419713.6941862,20157077.06063986,-0.004726428801001714,0
2021-10-21,79.87999725341797,80.1500015258789,79.83999633789062,80.0199966430664,71.92455291748047,16278800,79.98240005493165,79.30985019214499,78.97528606596447,0.0027455616277478,-0.3134609391955519,0.3162065008232997,79.51547901209787,55.17334096867029,2.602896313502679,87.96537149625676,-11.793695157864748,0.7567070397342909,80.89518136596494,78.78750038146973,76.67981939697451,871654200.0,1593045042.2793264,19641757.49697423,0.005998542577734245,0
2021-10-22,80.37000274658203,80.66000366210938,80.1500015258789,80.5,72.35599517822266,22173500,79.97380004882812,79.42319779289309,79.13838126772926,0.0924590131910463,-0.2322769487182323,0.3247359619092786,79.81545516798784,58.410797023050485,3.2315934016208794,99.1434022257553,-3.7825894829871856,0.748371323970625,80.93547059064488,78.79750022888183,76.65952986711878,893827700.0,1601305497.8046305,20273657.388346672,-0.001987623131793459,0
2021-10-25,80.29000091552734,80.47000122070312,80.05999755859375,80.33999633789062,72.21217346191406,13658000,79.95220001220703,79.51051194003571,79.28528565906343,0.1489298410773187,-0.1560355907591221,0.3049654318364408,80.01688646477693,56.93470008632029,3.3577677450649657,78.45775152211411,-7.565178965974373,0.7263449752160268,80.95252184445934,78.80200004577637,76.6514782470934,880169700.0,1606302079.1220849,20278923.45506644,0.0019915816455409185,0
2021-10-26,80.83000183105469,80.83000183105469,80.38999938964844,80.5,72.35599517822266,10552900,79.94220001220702,79.60474889812755,79.44699994041807,0.2042399859305419,-0.0839804754211892,0.2882204613517312,80.21940021841581,58.07566582661897,3.5103555031167506,89.3380473525837,-10.312542468248653,0.7094635836408865,81.16985012238847,78.90200004577636,76.63414996916426,890722600.0,1601025629.1220849,16758668.804627655,-0.003975151488499584,0
2021-10-27,80.51000213623047,80.62999725341797,80.16000366210938,80.18000030517578,72.068359375,18449000,79.94100006103515,79.65953474641786,79.56871425083705,0.2197195826138198,-0.0232404638141874,0.2429600464280073,80.29737762876881,54.94062604131457,2.0881071689982758,64.3589116298807,-20.312518626424847,0.6923585841885798,81.31177801088063,78.99500007629395,76.67822214170727,872273600.0,1584146514.6471405,8424421.95063591,0.009728096487005455,0
2021-10-28,80.56999969482422,81.0199966430664,80.55000305175781,80.95999908447266,72.76947021484375,15260200,79.96160003662109,79.78338849289928,79.75585701352074,0.2915656697299482,0.0397207628946396,0.2518449068353086,80.55817978167994,60.533178344537006,2.0675736207238677,96.98741232175588,-1.7698398051915865,0.7029041380244401,81.5629616999554,79.14249992370605,76.72203814745671,887533800.0,1595510598.782653,7864945.739790201,-0.005805351111883406,0
2021-10-29,80.2699966430664,80.55000305175781,80.19000244140625,80.48999786376953,72.34700775146484,25406900,79.98860000610351,79.85068462345835,79.88419015066964,0.3070396785571034,0.0931845460271324,0.213855132529971,80.64375678260481,56.02119953815214,0.6376525199179368,56.10817948084339,-15.634185094996113,0.707696459813152,81.70479120573937,79.25699996948242,76.80920873322547,862126900.0,1612447814.194004,12310188.0353477,0.009690629891890845,0
2021-11-01,80.94999694824219,81.30000305175781,80.79000091552734,81.2699966430664,73.048095703125,20337400,80.025,79.98585719675437,80.0759041195824,0.3778862869147872,0.1501248942046634,0.2277613927101238,80.9094746053493,61.19112464145039,2.046706762820285,135.88473779046657,-0.9092842709773508,0.7150042261113755,81.88997574695043,79.45149993896484,77.01302413097926,882464300.0,1630392077.8019445,18719126.66466165,-0.0020917703453580128,0
2021-11-02,81.02999877929688,81.20999908447266,80.9800033569336,81.0999984741211,72.8952865600586,10184500,80.0431999206543,80.09196588983691,80.23290398007347,0.4155253849781388,0.2032049923593585,0.2123203926187803,81.0756294985215,59.54810107509619,1.223159877613546,135.6276393025974,-9.132618934812298,0.6846463018271924,82.04259811000061,79.61099967956542,77.17940124913024,872279800.0,1630834647.131209,19780043.920995712,0.008138146418337877,0
2021-11-03,81.06999969482422,81.79000091552734,80.94000244140625,81.76000213623047,73.48853302001953,14911000,80.07119995117188,80.25082648473153,80.43757088070824,0.4929292395837592,0.2611498418042386,0.2317793977795205,81.37477489956564,63.631041193471134,1.6915430155978413,170.8160412820261,-1.1764213096214005,0.6964571712767568,82.20831791440253,79.82949981689453,77.45068171938652,887190800.0,1644693146.8933506,22825392.366450787,-0.000611583298083751,0
2021-11-04,81.52999877929688,81.70999908447266,81.3499984741211,81.70999908447266,73.44358825683594,14083300,80.09759994506835,80.3897953037545,80.61666604904902,0.5439670105495367,0.3177132755532983,0.2262537349962383,81.59779354694275,63.11131313648865,2.111975146593168,145.25050538579092,-3.137322953379962,0.6759962063362295,82.3715332949621,80.01549987792968,77.65946646089726,873107500.0,1658776446.8933506,26477231.0608232,0.0014686421236889124,0
2021-11-05,81.69999694824219,81.83000183105469,81.4800033569336,81.83000183105469,73.55143737792969,15593600,80.13479995727539,80.52695783016404,80.78947575887044,0.5873276825657427,0.3716361569557872,0.2156915256099555,81.80166361938352,63.8739313863265,1.6521761876455745,132.58481987670703,0.0,0.6527106540351484,82.49546626693035,80.20799980163574,77.92053333634112,888701100.0,1674370046.8933506,30525744.06662798,-0.0001222306734285361,0
2021-11-08,81.87000274658203,82.0,81.7300033569336,81.81999969482422,73.5424575805664,9065900,80.15720001220703,80.65010467441738,80.94299955822173,0.6138086348726972,0.4200706525391692,0.1937379823335279,81.95551989339933,63.75562212339898,1.8421750365895675,124.89452021495872,-8.333333333333337,0.6253739389659525,82.49980352178548,80.41249961853028,78.32519571527507,879635200.0,1671347909.4410348,28445297.100845337,-0.0021999548502463773,0
2021-11-09,81.87000274658203,81.91999816894531,81.38999938964844,81.63999938964844,73.38066101074219,16011200,80.17639999389648,80.74438036158224,81.05990429832822,0.6132018508271244,0.4586968921967603,0.1545049586303641,82.0239496485068,61.54628443935114,1.4161483101222827,84.70808339113931,-16.666666666666664,0.6185614275610184,82.37004485576776,80.60599975585937,78.84195465595099,863624000.0,1670441649.891314,24719913.74894619,-0.01212638254741416,-1
2021-11-10,81.30000305175781,81.44000244140625,80.54000091552734,80.6500015258789,72.49080657958984,21546800,80.1766000366211,80.73539190103907,81.06409494309199,0.5267642063787008,0.4723103550331484,0.0544538513455523,81.81236042885648,51.06503722355692,0.5861826127640779,-19.68112967676629,-69.58746263960988,0.6529497880295951,82.19946856234512,80.71149978637695,79.22353101040878,842077200.0,1654161865.741778,15768697.080230713,0.0035957955367711403,0
2021-11-11,81.05999755859375,81.16000366210938,80.88999938964844,80.94000244140625,72.75148010253906,9264600,80.16800003051758,80.75487861916928,81.08585710071382,0.4761733704412165,0.4730829581147621,0.0030904123264544,81.70452929243382,53.55994035804434,-0.0246994111814922,-9.42125653376907,-54.63898065125059,0.6427392414725147,82.13823213368681,80.79249992370606,79.44676771372531,851341800.0,1648328754.2074463,8817327.765720844,0.005436061264394443,0
2021-11-12,81.20999908447266,81.44000244140625,81.0999984741211,81.37999725341797,73.14695739746094,14817900,80.1616000366211,80.81441372719296,81.14180922735305,0.4662094997054709,0.4717082664329038,-0.0054987667274329,81.72192590481428,57.13110281896517,1.1057266906066692,28.969142667576325,-33.69586850878211,0.632543581367335,82.17718431082652,80.86249961853028,79.54781492623404,866159700.0,1657916415.9711623,8222630.174083471,-0.001843129780617847,0
2021-11-15,81.58000183105469,81.5999984741211,81.18000030517578,81.2300033569336,73.01215362548828,14064500,80.14480010986328,80.85399369193016,81.17680958339146,0.4411247944270826,0.4655915720317397,-0.024466777604657,81.68952033569546,55.56251285303674,-0.0492103947148674,26.574047164742712,-41.84772693347486,0.6173617661943335,82.13833804315962,80.94199981689454,79.74566159062945,852095200.0,1647200825.4352858,3822326.882081747,-0.0022159337404534796,0
2021-11-16,81.22000122070312,81.30999755859375,81.0199966430664,81.05000305175781,72.85034942626953,12167900,80.12320022583008,80.87266125000897,81.1870956057594,0.4020854734180119,0.4528903523089941,-0.0508048788909821,81.6090534840295,53.65854312236681,-0.0616466378593517,-24.44143008149865,-52.48609003540719,0.5939788482895484,82.12418167535348,80.98849983215332,79.85281798895316,839927300.0,1637550951.8329074,-1395695.7819559574,-0.0012338815515128276,0
2021-11-17,80.87999725341797,81.02999877929688,80.80000305175781,80.94999694824219,72.76045989990234,10415400,80.11260009765626,80.88002655460261,81.18342866443453,0.3589392452994673,0.4341001309070887,-0.0751608856076214,81.51071938659209,52.58048859764003,-0.9907108204799594,-68.69167161968963,-58.011296577305686,0.5694089305545806,82.11952973083693,81.01599960327148,79.91246947570603,829511900.0,1640720555.7471912,-2394949.646157503,0.0009882870175503822,0
2021-11-18,80.94000244140625,81.08000183105469,80.6500015258789,81.02999877929688,72.83236694335938,13236800,80.10640014648438,80.89430962362111,81.18476191929409,0.3274266571391564,0.4127654361535023,-0.0853387790143459,81.44531340136182,53.38728573103705,-0.8322118624341065,-88.08700132007169,-66.43848143599926,0.5594511715989521,82.07109540753105,81.06649971008301,80.06190401263497,842748700.0,1650878844.4645667,646170.1509392262,-0.008515394937689935,0
2021-11-19,80.58999633789062,80.66999816894531,80.29000091552734,80.33999633789062,72.21217346191406,20761900,80.09,80.84151788212297,81.11557112194242,0.2439630197260101,0.3790049528680039,-0.1350419331419938,81.20792786606613,46.1017706552261,-1.8208547718724375,-164.2825652057762,-97.0762895245234,0.5723473638968506,82.08335734602797,81.05849952697754,80.03364170792712,821986800.0,1635580141.633639,-3036247.210174322,-0.005850057415137444,0
2021-11-22,80.2300033569336,80.47000122070312,79.8499984741211,79.87000274658203,71.78973388671875,17802300,80.05139999389648,80.74899263111908,81.00238095238095,0.1382987094007717,0.3308637041745575,-0.1925649947737858,80.88794784658612,41.90676501830271,-2.383276650593217,-183.3332273695405,-99.06956938308404,0.5757513198029349,82.14287175443322,81.03499984741211,79.927127940391,804184500.0,1618926617.3821166,-9565516.82791686,-0.0010016505359154992,0
2021-11-23,79.69999694824219,79.98999786376953,79.37000274658203,79.79000091552734,71.71782684326172,26736800,80.01800003051758,80.65766008677701,80.88380962553478,0.0475553149660754,0.2742020263328611,-0.2266467113667856,80.6032445658338,41.219210272627485,-2.2660442037627755,-185.47529069526172,-84.03047119537943,0.5789115910446896,82.21403629696553,80.99949989318847,79.78496348941141,777447700.0,1628413996.354355,-8348277.741470337,-0.006642421020372935,0
2021-11-24,78.66000366210938,79.2699966430664,78.62000274658203,79.26000213623047,71.24143981933594,20238700,79.96920013427734,80.52454980577258,80.71814317249117,-0.0663609828963558,0.2060894244870177,-0.2724504073833735,80.23246786689573,36.89995733969468,-1.7234958008059251,-202.6659802224453,-81.06509142866172,0.6211320608947342,82.3454372261903,80.95349998474121,79.56156274329213,757209000.0,1648030303.3546836,-849829.72950387,-0.026873641501440892,-1
2021-11-26,77.7300033569336,77.81999969482422,76.86000061035156,77.12999725341797,69.32693481445312,37776000,79.88040008544922,80.20125908650071,80.35400005522229,-0.3247703125240946,0.0999174770847952,-0.4246877896088898,79.37805566717047,25.38656463093858,-4.707196779177767,-247.78747017836017,-94.74714639830194,0.7481941655364608,82.93331892168288,80.76199989318847,78.59068086469406,719433000.0,1631503059.428403,-2963694.0893793106,0.005056390555377099,0
2021-11-29,77.73999786376953,77.80999755859375,77.16999816894531,77.5199966430664,69.67747497558594,31913600,79.82080001831055,79.94590075855459,80.04523784092494,-0.4924156159069213,-0.018549141513548,-0.4738664743933732,78.78460556894969,29.71103207854235,-4.743181052625856,-168.9086819080769,-86.95659385064472,0.743323175510698,83.20458787483945,80.61349983215332,78.0224117894672,751346600.0,1634494840.5408647,-2607099.69269228,-0.008771934141158177,0
2021-11-30,77.3499984741211,77.58999633789062,76.16999816894531,76.83999633789062,69.0662612915039,52770800,79.77739990234375,79.65010033753897,79.68585655575707,-0.6723951159398922,-0.1493183363988168,-0.5230767795410753,78.13087871821642,26.79495807358413,-5.404415656309644,-156.13037598373887,-87.66117621933314,0.7916571036131705,83.43817058190545,80.39199981689453,77.3458290518836,698575800.0,1631521765.8436232,-3170189.416561365,-0.00572611703515602,0
2021-12-01,77.88999938964844,78.25,76.38999938964844,76.4000015258789,68.67078399658203,43883900,79.70959991455078,79.34056711738087,79.305666242327,-0.8408413745770389,-0.2876229440344613,-0.5532184305425776,77.49297384726994,25.079711830470444,-5.7372009263336565,-117.09083567081814,-95.76421097593015,0.8679673540944842,83.64199842971736,80.15699996948243,76.6720015092475,654691900.0,1588109836.383505,-16925231.912130833,0.012434514781002992,1
2021-12-02,76.87999725341797,77.58999633789062,76.80000305175781,77.3499984741211,69.52466583251953,42264500,79.65279983520507,79.15098915135613,79.0383327665783,-0.8874494688109991,-0.4075882489897688,-0.4798612198212302,77.2314048107717,34.78639669374665,-4.447187905915378,-88.05426321653172,-78.26887221256644,0.8909693153742866,83.54380643185557,79.93649978637696,76.32919314089834,696956400.0,1604694650.514423,-15736650.990287304,-0.004137035567379876,0
2021-12-03,77.5999984741211,77.69999694824219,76.56999969482422,77.02999877929688,69.23704528808594,46147500,79.57219985961915,78.94899006830288,78.7615231468564,-0.9393794388798824,-0.5139464869677917,-0.4254329519120907,76.95014393468173,33.224878908624,-4.936443366974353,-80.52074955376803,-84.16205226486223,0.908042739520264,83.4246129981321,79.70249977111817,75.98038654410423,650808900.0,1596118582.9873652,-16548557.463570597,0.00960661918079131,0
2021-12-06,77.55000305175781,77.91999816894531,77.27999877929688,77.7699966430664,69.90218353271484,30884300,79.5215997314453,78.83670498018512,78.5774752298991,-0.9103289654550224,-0.5932229826652379,-0.3171059827897845,76.92830906933764,39.93908988847949,-3.198904421174505,-48.483948704099696,-68.87162132074631,0.9067539288151336,83.17794362824769,79.49949951171875,75.82105539518982,681693200.0,1612525706.2880352,-10155838.383012297,0.02108791423214207,1
2021-12-07,78.7699966430664,79.43000030517578,78.7699966430664,79.41000366210938,71.37627410888672,28244900,79.5047998046875,78.8913048546541,78.56895181565058,-0.7463677330138125,-0.6238519327349529,-0.1225158002788596,77.35218752041007,51.56311262512477,-0.57593472975352,26.72094942831982,-34.012157299040965,0.9605574811932936,82.90001206324372,79.37899971008301,75.8579873569223,709938100.0,1639059090.9854045,1825063.497561932,0.0018888539172294827,0
2021-12-08,79.47000122070312,79.68000030517578,79.27999877929688,79.55999755859375,71.5110855102539,21619400,79.52599975585937,78.95498987407693,78.58618970598494,-0.5974371377005951,-0.6185689737280813,0.0211318360274861,77.75248374365506,52.46916345748381,-0.2882608776719972,49.51262251361573,-30.957294068655173,0.9205177700994088,82.64225251205826,79.27499961853027,75.90774672500228,731557500.0,1647706603.57195,9311907.953737495,-0.008295576331922017,0
2021-12-09,79.04000091552734,79.12999725341797,78.83999633789062,78.9000015258789,70.9178695678711,32026500,79.53759979248046,78.94975288853426,78.5504756019229,-0.5265944785953849,-0.600174074701542,0.0735795961061571,77.92041223671954,48.19699183538615,-0.4542021204248781,31.98847419842539,-39.33325873480903,0.9061951594282456,82.49775122737039,79.18749961853027,75.87724800969015,699531000.0,1628933552.442014,5554927.330490112,0.0021546028600463174,0
2021-12-10,79.04000091552734,79.13999938964844,78.77999877929688,79.06999969482422,71.0706558227539,23412200,79.55879974365234,78.96120496532377,78.53928513299851,-0.4515287865760626,-0.5704450170764462,0.1189162305003835,78.11126291284305,49.34115364678985,2.515237275365364,44.05508812499346,-32.55815191355724,0.8671812630656254,82.305121501412,79.09399948120117,75.88287746099033,722943200.0,1643241063.1273868,8065377.081735611,-0.0263058282418438,-1
2021-12-13,77.38999938964844,77.48999786376953,76.9000015258789,76.98999786376953,70.4049301147461,27594700,79.5345997619629,78.77347095565194,78.33890402657646,-0.5534970795046092,-0.5670554295620789,0.0135583500574696,77.73581102511424,38.21846330516432,-0.6836929853560301,-64.8040594763754,-78.53403768761422,0.960239613485603,82.03025474313117,78.87449951171875,75.71874428030634,695348500.0,1624064794.85552,2257623.2496755123,-0.0053253155486550074,0
2021-12-14,76.66999816894531,76.95999908447266,76.23999786376953,76.58000183105469,70.0300064086914,30040400,79.51859985351562,78.56456913426173,78.12038043794178,-0.6597853448987507,-0.5856014126294132,-0.0741839322693375,77.33000003472192,36.47314600877095,-0.3383583019612032,-92.65234155104592,-88.31899109469789,0.9452224982366312,81.7542060781512,78.64199943542481,75.52979279269842,665308100.0,1622396166.694625,-854441.6646044254,0.013580580969712264,1
2021-12-15,76.79000091552734,77.63999938964844,76.43000030517578,77.62000274658203,70.98104858398438,31109400,79.51279983520507,78.47461043067318,78.02304741995675,-0.6525776695968375,-0.5989966640228981,-0.0535810055739394,77.27703127830988,43.51912492297595,1.5968602046295444,-40.99267033800698,-58.68935341464103,0.9641351115392044,81.40603690574542,78.47049942016602,75.53496193458662,696417500.0,1652477328.6144595,7521396.17810154,0.00012876200054479092,0
2021-12-16,78.0,78.08000183105469,77.44000244140625,77.62999725341797,70.99019622802734,44621100,79.51759979248047,78.39417108045839,77.94299959455218,-0.6386965653865104,-0.6069366442956206,-0.0317599210908898,77.24638776793155,43.5838838294638,0.361989379211887,-4.045779303412385,-58.40460980343997,0.9409825599755782,81.0282585161109,78.3044994354248,75.58074035473871,741038600.0,1634349308.5872798,4496105.634369612,-0.012623930983018505,-1
2021-12-17,77.05999755859375,77.25,76.5999984741211,76.6500015258789,70.09400939941406,44476200,79.49079986572265,78.22805969430797,77.78542836507161,-0.6987187604056402,-0.6252930675176245,-0.0734256928880157,76.97687499586691,38.87695310055775,-0.4933107353496408,-71.23709964334832,-86.32469900861403,0.9473408613556707,80.5932521726069,78.0854995727539,75.57774697290091,696562400.0,1596716002.4638247,-9124483.866835115,-0.002217849518084014,0
2021-12-20,76.19999694824219,76.52999877929688,76.0,76.4800033569336,69.93856048583984,26303400,79.46079986572266,78.06157813836757,77.63252396356492,-0.7513431972122078,-0.6505030934565412,-0.1008401037556665,76.72214690197781,38.10811639986895,-1.6587287409222513,-104.7913902626942,-86.95643159978853,0.9261023373930448,80.26711570966795,77.89249992370605,75.51788413774416,670259000.0,1618056939.7414205,-7076746.450198889,0.011113996297229978,1
2021-12-21,76.8499984741211,77.37000274658203,76.79000091552734,77.33000183105469,70.71585845947266,22744100,79.45279983520508,77.99190420433777,77.57895271664574,-0.7162047073477282,-0.6636434162347787,-0.0525612911129494,76.74487255586729,44.06456615167392,-2.619319651344084,-41.50047642863181,-63.8586488923903,0.9235235554112872,79.96901103569164,77.76549987792968,75.56198872016773,693003100.0,1637663860.6011715,642870.6256363392,0.009310761718021698,0
2021-12-22,77.22000122070312,78.0999984741211,77.18000030517578,78.05000305175781,71.37425994873047,21609700,79.45839996337891,77.99743742790159,77.60604825701033,-0.6230766796502678,-0.6555300689178766,0.0324533892676087,76.96095953931945,48.57891186760589,-1.8979318164557109,3.8900783398096497,-44.29339995231629,0.923271742092289,79.6839059330866,77.67849998474121,75.67309403639581,714612800.0,1656924890.5383115,9870962.53432846,0.005893645951142501,0
2021-12-23,78.12999725341797,78.69000244140625,78.12000274658203,78.51000213623047,71.794921875,28320000,79.45779998779297,78.0462531144091,77.68523893810453,-0.5063174525829197,-0.6256875456508852,0.1193700930679655,77.26660233060394,51.28403791273476,-0.4942957948112575,48.04296240243329,-31.79342586737709,0.9030380026320138,79.55256410143004,77.64099998474121,75.72943586805239,742932800.0,1667358534.8477173,16068526.72866559,0.007769718427635297,0
2021-12-27,78.55000305175781,79.12000274658203,78.54000091552734,79.12000274658203,72.35274505615234,15219700,79.45380004882813,78.14851498413985,77.82609634399414,-0.360408408868679,-0.5726317182944439,0.2122233094257649,77.68248615792349,54.68823873548639,0.0632389679408151,72.18960014441639,-15.2173236998414,0.8821067603262673,79.74043556565475,77.74050025939941,75.74056495314407,758152500.0,1682578234.8477173,21985750.560106754,0.00037915543801170237,0
2021-12-28,79.19999694824219,79.38999938964844,79.11000061035156,79.1500015258789,72.38018035888672,15631300,79.43720001220703,78.24389465478167,77.96033455984933,-0.2395919231786507,-0.5060237592712853,0.2664318360926345,78.03577313409046,54.85531260657361,2.805563997977254,92.70221618216952,-14.40213954741938,0.8390990473955964,79.91025012106783,77.82200050354004,75.73375088601225,773783800.0,1671413142.253712,18855198.97850299,-0.00037901173365195717,0
2021-12-29,79.05000305175781,79.22000122070312,78.93000030517578,79.12000274658203,72.35274505615234,15046900,79.4268000793457,78.32733352066741,78.08395382109143,-0.1445978051240501,-0.4337385684418383,0.2891407633177881,78.31986152207851,54.63835250730613,3.316794012529422,89.03398149307552,-7.964504179288556,0.7998777522621497,80.04618984422517,77.93600082397461,75.82581180372405,758736900.0,1676083060.9430387,17346293.007314205,-0.004676475401133806,0
2021-12-30,79.02999877929688,79.12999725341797,78.69000244140625,78.75,72.16305541992188,20617500,79.39940002441406,78.36758747108004,78.16147755214146,-0.0980402644368325,-0.3665989076408371,0.2685586432040046,78.45720052151016,51.91120675281648,1.4558067681435731,72.96878010261304,-18.87904144179828,0.7741718279585476,80.0680311981495,78.05350074768066,76.03897029721182,738119400.0,1661088352.9875672,10381034.123512745,-0.0008888850136409276,0
2021-12-31,78.73999786376953,79.08000183105469,78.62999725341797,78.68000030517578,72.09893035888672,23252200,79.365,78.39734107432726,78.22114417666481,-0.0660303120389613,-0.3064851885204619,0.2404548764815006,78.55098731469866,51.38862572377371,1.3525738617897245,70.85230892805629,-20.94392956649728,0.7510170243641312,80.12503478819478,78.1200008392334,76.11496689027202,714867200.0,1643003571.3555715,833630.958730936,0.006481979337218169,0
2022-01-03,79.13999938964844,79.22000122070312,78.77999877929688,79.19000244140625,72.56626892089844,24096900,79.3484001159668,78.47283263309669,78.32304909115746,0.0004851237787732,-0.2450911260606149,0.2455762498393882,78.75888903158054,54.94719088005455,3.313764990167388,77.6905470120255,-5.899616054589563,0.7359444451615036,80.21919783980361,78.22800102233887,76.23680420487413,738964100.0,1663814682.3834534,3473807.631216288,0.005682496961344929,0
2022-01-04,79.68000030517578,79.87999725341797,79.43000030517578,79.63999938964844,72.9786148071289,24314300,79.33120010375977,78.5839913718159,78.45752512613932,0.0884900209455565,-0.1783748966593806,0.2668649176049372,79.04381551968689,57.877247558607145,4.131793794473418,106.33593558183009,-6.185516331438434,0.7326623285079475,80.39193346687578,78.32150115966797,76.25106885246016,763278400.0,1662193784.0144594,3722338.822442532,-0.008789514736399773,0
2022-01-05,79.94000244140625,80.04000091552734,78.94000244140625,78.94000244140625,72.33717346191406,24704100,79.30320022583008,78.61789718796736,78.51643001011439,0.1005910810204966,-0.1225817011234051,0.2231727821439018,79.0922398661266,52.19105593410469,2.081987032496109,72.63532182910403,-27.227678832778437,0.7589006246231723,80.32876995667485,78.29800109863281,76.26723224059077,738574300.0,1637489684.0144594,-4374779.21955061,-0.005067158772585678,0
2022-01-06,78.68000030517578,78.91999816894531,78.33000183105469,78.54000091552734,71.97062683105469,32472900,79.26400024414062,78.61047849535402,78.5394776117234,0.0770166778065686,-0.0826620253374104,0.159678703143979,79.02410827798928,49.21551557173064,0.6277999290334374,13.64286913242876,-37.12870445734056,0.7482649093180572,80.19810454220821,78.24700126647949,76.29589799075076,706101400.0,1628133128.412639,-10266615.27189517,0.0029283896722440694,0
2022-01-07,78.5,78.88999938964844,78.19999694824219,78.7699966430664,72.181396484375,22833900,79.23580017089844,78.62567069989805,78.58928669520787,0.0760162583650867,-0.0509263685969109,0.1269426269619977,79.02417689320365,50.94722933555951,0.3311609982952176,6.189821293422656,-31.435742194507966,0.7441033044672138,80.18370918023007,78.24050102233886,76.29729286444766,728935300.0,1643024648.644837,-7005372.194709778,-0.009267433777443435,0
2022-01-10,77.88999938964844,78.08999633789062,77.36000061035156,78.04000091552734,71.512451171875,45587600,79.17740020751953,78.56989262519608,78.5701914469401,0.0161328944022329,-0.0375145159970822,0.0536474103993151,78.8314061904392,45.62895411439269,-1.365017433725182,-109.26629865830294,-61.53846153846154,0.791667070770616,80.09579824591562,78.18900108337402,76.28220392083243,683347700.0,1682367907.1218755,7483934.233624935,0.01089183065286159,1
2022-01-11,78.08999633789062,78.91999816894531,77.87000274658203,78.88999938964844,72.2913589477539,30847000,79.14540023803711,78.60037898371534,78.6369531903948,0.0368380243395591,-0.0226440079297539,0.0594820322693131,78.89123724151617,51.92223375973132,-0.3284929010967339,-34.711763667337394,-40.20983498103322,0.8101190958843778,80.13076409573983,78.28400115966797,76.4372382235961,714194700.0,1711452285.4470344,21985140.49107361,0.009760480142201322,0
2022-01-12,79.37999725341797,79.72000122070312,79.30000305175781,79.66000366210938,72.99696350097656,30780700,79.11320037841797,78.70129561975287,78.76800104777018,0.114065027941578,0.0046977992445124,0.1093672286970655,79.13754048417442,56.80032071757948,0.682508716862591,121.59947108262288,-14.179000378622897,0.8115392912536856,80.20254738669514,78.4380012512207,76.67345511574625,744975400.0,1733438819.2417665,32914518.30461979,-0.00728096666320599,0
2022-01-13,79.88999938964844,79.94000244140625,78.9800033569336,79.08000183105469,72.46546936035156,24991200,79.07280044555664,78.73736287797209,78.82914396013533,0.1270026764010055,0.029158774675811,0.0978439017251944,79.18560069150908,52.48088220346372,0.4190499441964285,69.66910554194695,-35.820857281943105,0.8221435621978979,80.25482336642703,78.51100120544433,76.76717904446163,719984200.0,1713654044.7621157,28098242.957125425,-0.0010116569196040315,0
2022-01-14,78.77999877929688,79.16000366210938,78.51000213623047,79.0,72.39215087890625,26136500,79.01760040283203,78.76237593721284,78.87571527390253,0.1293097742676963,0.0491889745941881,0.0801207996735081,79.20042297516076,51.894670462162296,0.4067103375483443,-11.965535869869615,-38.805999891822026,0.809847702460827,80.28676143584542,78.57950134277344,76.87224124970146,693847700.0,1726923080.4617293,27795528.677834272,-0.014683590659612333,-1
2022-01-18,78.06999969482422,78.26000213623047,77.66000366210938,77.83999633789062,71.32917785644531,37504600,78.94020034790039,78.67453026108691,78.80528622581845,0.0371078092454979,0.04677274152445,-0.0096649322789521,78.90792151498273,44.18747024706842,-1.7047683569835883,-153.94752050413743,-82.08971369846245,0.847715462134384,80.14411096994048,78.63900108337403,77.13389119680757,656343100.0,1711920382.047376,20371238.915572643,-0.0008992766972952815,0
2022-01-19,78.2300033569336,78.37999725341797,77.70999908447266,77.7699966430664,71.2650375366211,34437700,78.85900024414063,78.58838420222781,78.72252389817011,-0.0411370997948665,0.0291907732605867,-0.0703278730554533,78.64748808735176,43.76507114034737,-2.3480697650847717,-120.46043770929438,-84.70164231238951,0.835021369763736,79.91490260121948,78.70350074768066,77.49209889414185,621905400.0,1683650394.1975043,6487102.5228180885,-0.0048861678001865805,0
2022-01-20,78.05000305175781,78.44999694824219,77.29000091552734,77.38999938964844,70.91683197021484,38225400,78.77040023803711,78.47425231531548,78.59742853073847,-0.1322844635630247,-0.0031042741041355,-0.1291801894588891,78.3344969368924,41.44872214936609,-1.9635204000763904,-124.60630155465984,-96.36369185014205,0.8582338456888152,79.90450553478345,78.70650062561035,77.50849571643724,583680000.0,1652015502.380058,-9848155.445479631,-0.013567683938995656,-1
2022-01-21,77.1500015258789,77.23999786376953,76.20999908447266,76.33999633789062,69.95463562011719,60761300,78.66440017700195,78.27098984127502,78.37204717000326,-0.285949627754519,-0.0596733448342122,-0.2262762829203068,77.80627883802923,35.80893688338452,-2.801126243941485,-193.13848202228735,-96.60581746034909,0.8812171642235984,80.1830006832116,78.62100028991699,77.05899989662238,522918700.0,1606591700.3904874,-30088502.025057554,-0.009955390926037033,0
2022-01-24,74.91000366210938,75.61000061035156,73.55000305175781,75.58000183105469,69.25822448730469,85455900,78.56300018310547,78.01470526887309,78.08242826915922,-0.4637102198714586,-0.1404807198416615,-0.3232295000297971,77.17931194064704,32.37518967428813,-4.049758725351568,-237.38673857602876,-68.72111791239007,1.0175583157885424,80.52415059071346,78.4745002746582,76.42484995860293,437462800.0,1689558691.9225905,-9234737.22693777,-0.006086253947186981,0
2022-01-25,74.68000030517578,75.62999725341797,74.0999984741211,75.12000274658203,68.8366928100586,54516800,78.44660018920898,77.73901931436917,77.76295231410435,-0.6343919757629237,-0.2392629710259139,-0.3951290047370097,76.55224591776731,30.4706508920058,-3.741668547782309,-182.95801469919712,-75.80893356546763,1.0541612060391377,80.76613878435968,78.27450027465821,75.78286176495673,382946000.0,1707731321.05593,5918070.1171684265,-0.0038605019292353715,0
2022-01-26,76.04000091552734,76.16999816894531,74.45999908447266,74.83000183105469,68.5709457397461,55217000,78.31560028076171,77.46197003024398,77.43490484328497,-0.7840214361671087,-0.3482146640541529,-0.4358067721129557,75.97221861123718,29.300402195640416,-5.146403333762078,-129.86425126748924,-79.96871828547549,1.101006768784389,80.92925836171861,78.05850028991699,75.18774221811537,327729000.0,1676409587.2505558,1612933.2637591362,-0.004677247969488096,0
2022-01-27,74.97000122070312,75.30999755859375,74.19000244140625,74.4800033569336,68.25023651123047,46252100,78.18060028076172,77.17797320421442,77.09409561157227,-0.9202378838647576,-0.4626193080162739,-0.4576185758484836,75.41787243133862,27.907352719092053,-6.502636288026774,-120.04945777533158,-85.44600322368814,1.1023630793846113,81.0454639005684,77.82650032043458,74.60753674030076,281476900.0,1654109647.6470134,-7390324.710467815,0.0033566056489271467,0
2022-01-28,73.9800033569336,74.73999786376953,73.52999877929688,74.7300033569336,68.47932434082031,44588300,78.05420028686524,76.9448332187591,76.79919113885789,-0.9965301105923744,-0.5694014685314941,-0.4271286420608802,75.04256375153427,30.450918081018266,-5.500756668436053,-108.80165486710716,-81.27919045147898,1.1100513654623287,81.08197429224505,77.62550048828125,74.16902668431744,326065200.0,1697961355.2398431,3551188.0532910824,0.014585792706103051,1
2022-01-31,74.70999908447266,75.86000061035156,74.69000244140625,75.81999969482422,69.47814178466797,38299200,77.95160034179688,76.83770621647959,76.62723868233817,-0.9579954793866392,-0.6471202707025231,-0.3108752086841161,75.03338851110331,40.33509666897565,-4.02531684199466,-54.7469092555829,-64.27457711040121,1.1143332799968275,80.98892139268358,77.48250045776368,73.97607952284378,364364400.0,1733641742.4850404,19057276.66618371,0.009496191289912082,0
2022-02-01,76.29000091552734,76.55000305175781,75.75,76.54000091552734,70.13792419433594,53240700,77.86180038452149,76.80935333067461,76.5374768211728,-0.8594512067974307,-0.6895864579215046,-0.169864748875926,75.228109002357,45.81326122055823,-1.6700866951743096,-17.22404965753389,-53.04211518593811,1.091881120836898,80.7879228885323,77.35000038146973,73.91207787440716,417605100.0,1785551145.7275207,40184825.1607759,0.00744708241450498,0
2022-02-02,77.16000366210938,77.20999908447266,76.7300033569336,77.11000061035156,70.66024780273438,35225900,77.7972004699707,76.83798640492957,76.51461970011393,-0.7269797787510015,-0.697065122087404,-0.0299146566635974,75.54945497098022,49.74698892850771,-0.8486512295274553,23.946720221526963,-44.14976933294611,1.0617466242732132,80.49733658881252,77.22350044250489,73.94966429619726,452831000.0,1806099680.7117848,51712917.479849815,-0.015821569330131013,-1
2022-02-03,76.38999938964844,76.6500015258789,75.87000274658203,75.88999938964844,69.54228210449219,46207200,77.71760040283203,76.74770192728374,76.38761959984188,-0.7122289877308106,-0.7000978952160853,-0.0121310925147252,75.50800087424108,42.61593630854711,-1.9382349293578591,-8.175693848491585,-58.08173066498992,1.0744788556658074,80.29456153733582,77.071000289917,73.84743904249817,406623800.0,1762261686.6901095,37779328.28713369,0.002371858039576402,0
2022-02-04,75.75,76.41999816894531,75.5199966430664,76.06999969482422,69.70722961425781,32188300,77.64320037841797,76.6831588575257,76.29228620983305,-0.6781965318151464,-0.6957176225358976,0.0175210907207512,75.53125651551171,43.89383114721672,-0.3536765208520137,-4.886601368772075,-48.373945918117336,1.062016189252457,80.12541557171653,76.94750022888184,73.76958488604714,438812100.0,1769414793.836297,30920727.865069862,0.0017089161816681298,0
2022-02-07,76.12999725341797,76.58999633789062,76.05999755859375,76.19999694824219,69.82635498046875,17045500,77.5820002746582,76.63714343759393,76.2210954212007,-0.6334340400779013,-0.6832609060442985,0.0498268659663971,75.59392889890553,44.84904902097689,0.8203163563999192,23.92962540945287,-45.7317243368472,1.0240149456842014,79.89805050954396,76.81900024414062,73.73994997873729,455857600.0,1761374445.1289785,22745668.752345324,0.005118102431334037,0
2022-02-08,76.19000244140625,76.69999694824219,76.0,76.58999633789062,70.18373107910156,27066900,77.57120025634765,76.6326532376222,76.19928552536737,-0.5600340278323159,-0.6586155304019019,0.0985815025695859,75.75546984715942,47.72449050639235,1.956860406764933,47.824250606062826,-37.804904523984526,1.0008708030097715,79.77500549388003,76.74650001525879,73.71799453663755,482924500.0,1779934520.8412402,23239016.95537353,0.016190175642437188,1
2022-02-09,77.66000366210938,77.8499984741211,77.5199966430664,77.83000183105469,71.32002258300781,26858900,77.57740036010742,76.74668643699673,76.30247617449079,-0.3972269244492281,-0.6063378092113672,0.209110884762139,76.21724257935827,55.64322615878662,4.009087166365657,155.18874551987503,-0.4628852888661994,1.0193801839541072,79.60494081320788,76.6935001373291,73.78205946145032,509783400.0,1803538361.1057243,28838516.126641512,-0.012720101116187377,-1
2022-02-10,76.72000122070312,77.9000015258789,76.68000030517578,76.83999633789062,70.4128189086914,27349500,77.57740036010742,76.75557309422472,76.31642819359189,-0.344119496188398,-0.5538941466067734,0.2097746504183754,76.34421004457948,49.23118189491133,3.168626308523564,98.93215562049592,-24.25639637909513,1.0337102580076083,79.12955739385849,76.55249977111816,73.97544214837784,482433900.0,1783362315.3981924,22087886.141887423,-0.015096253097331758,-1
2022-02-11,76.80999755859375,77.11000061035156,75.45999908447266,75.68000030517578,69.349853515625,51519400,77.56300033569336,76.65313759050576,76.23333300635929,-0.3911248185802236,-0.5213402810014635,0.1302154624212398,76.15108400693563,42.981356174326216,1.2712390011608972,9.431011053781036,-50.80091133671447,1.0777310628555583,78.70633781702239,76.38249969482422,74.05866157262605,430914500.0,1745581485.5899444,5297102.014419556,-0.00647460176788639,0
2022-02-14,75.37000274658203,75.44999694824219,74.66999816894531,75.19000244140625,68.90084075927734,45356000,77.51980041503906,76.51379138582962,76.1197618393671,-0.4625832361556519,-0.5095888720323012,0.0470056358766493,75.86961591953524,40.63471222812738,-0.8309117066126485,-78.86912987233664,-62.01367005071712,1.0728932823823376,78.23386444869053,76.19199981689454,74.15013518509855,385558500.0,1760700743.7768843,2757263.202261448,0.01835346733089116,1
2022-02-15,76.08000183105469,76.61000061035156,76.0,76.56999969482422,70.16542053222656,30223600,77.51060043334961,76.51914455811482,76.15576182774134,-0.4032123210357667,-0.4883135618329943,0.0851012407972275,76.00183320273797,49.06849337749946,0.0391935967311822,30.800687030065244,-30.434805380727504,1.0976864885654072,78.03598013791327,76.12849998474121,74.22101983156915,415782100.0,1786960506.2002778,9822956.895434618,0.0037873960648187044,0
2022-02-16,76.2699966430664,77.0199966430664,76.2300033569336,76.86000061035156,70.43115234375,22557600,77.49240051269531,76.55160703928021,76.22542855398996,-0.3289676584235934,-0.4564443811511142,0.1274767227275207,76.19001832507917,50.654988830518285,-0.3242121618741616,53.43821611885761,-23.79863299492829,1.075708402677365,77.87138380642146,76.08300018310547,74.29461655978947,438339700.0,1800380999.4148877,16090628.8022511,-0.016133201326081315,-1
2022-02-17,76.29000091552734,76.33000183105469,75.58999633789062,75.62000274658203,69.29486846923828,34691300,77.41660049438477,76.462882820928,76.18133356003534,-0.3659670525361349,-0.4383489154281184,0.0723818628919834,76.02599685269563,44.300671889953854,-0.3557736793225411,-65.45338225466074,-70.58812413933198,1.0895866790904771,77.68807970930676,75.99450035095215,74.30092099259754,403648400.0,1768503087.5193064,7048919.997149944,-0.0042316805501396715,0
2022-02-18,75.66000366210938,75.86000061035156,75.08000183105469,75.30000305175781,69.00164794921875,34752000,77.33140060424805,76.35213236672132,76.11519096011207,-0.4163116583078761,-0.4339414640040699,0.0176298056961938,75.81196697812803,42.80826386952349,-1.0122211728085448,-123.13808938621628,-80.49522513776594,1.0674732576766484,77.65422116236937,75.9425006866455,74.23078021092164,368896400.0,1753354919.2811124,-2110643.4986486435,-0.011686651356542788,-1
2022-02-22,74.62000274658203,75.05000305175781,73.93000030517578,74.41999816894531,68.19523620605469,32967600,77.24180053710937,76.16811958598075,75.9701907203311,-0.5212109650678514,-0.4513953642168262,-0.0698156008510251,75.41250953838167,38.92476273440771,-2.335956496830197,-186.7386861685996,-87.65748833490919,1.0890825068841758,77.71585317336391,75.88450050354004,74.05314783371617,335928800.0,1749233772.7793856,-6977134.86123848,-0.00819672971459584,0
2022-02-23,75.16999816894531,75.18000030517578,73.66000366210938,73.80999755859375,67.63626861572266,39771800,77.13660049438477,75.94353653575342,75.7726190112886,-0.6461183228700236,-0.4903399559474657,-0.1557783669225578,74.93264537208009,36.455918249132736,-3.6297152529325207,-168.26474415872258,-96.46240631944508,1.1198620880400494,77.83902811399412,75.81900024414062,73.79897237428713,296157000.0,1717311368.0782628,-18490816.017997023,-0.013412788192868175,-1
2022-02-24,71.11000061035156,72.86000061035156,70.9800033569336,72.81999969482422,66.72907257080078,72044600,77.05320053100586,75.64605683661732,75.4869999113537,-0.8155912296781764,-0.5553902106936079,-0.2602010189845685,74.2903844318387,32.81788231237455,-6.437109107495157,-227.773588099998,-73.41045050925119,1.242014381870057,78.09406087026164,75.7185001373291,73.34293940439656,224112400.0,1786290165.7707734,427824.2307639122,0.024993129668381187,1
2022-02-25,73.45999908447266,74.68000030517578,73.4000015258789,74.63999938964844,68.39683532714844,47641800,77.01440048217773,75.5502418416679,75.38428555443173,-0.7938895003290298,-0.6030900686206924,-0.1907994317083374,74.24653680241042,43.901295335227886,-2.8630883043878352,-79.94767841591026,-47.1098699254039,1.286156255333022,78.08634966428333,75.72649993896485,73.36665021364637,271754200.0,1830954282.278892,22339684.655043364,-0.019024627285061935,-1
2022-02-28,73.11000061035156,74.16000366210938,72.87999725341797,73.22000122070312,67.09561157226562,50821600,76.92640045166016,75.32831416348077,75.14557139078777,-0.8811157543408257,-0.6586952057647191,-0.2224205485761066,73.85338107443062,38.55663505606668,-3.250527318383766,-106.0652672203523,-67.63008010866378,1.3200023896828394,78.22082389984764,75.65099983215332,73.08117576445899,220932600.0,1807131837.136944,21692878.223897696,-0.021851931814345416,-1
2022-03-01,72.91000366210938,73.12000274658203,71.2300033569336,71.62000274658203,65.62944793701172,49003900,76.80620056152344,74.97514164758566,74.76166690644764,-1.067049412777493,-0.7403660471672739,-0.326683365610219,73.12811576477559,33.59391420510681,-4.747971244722638,-145.70511579375253,-90.75145145961822,1.3678592092604605,78.55093106200142,75.44099998474121,72.331068907481,171928700.0,1778351743.76362,10298893.317471504,0.01256623655361877,1
2022-03-02,72.12999725341797,72.72000122070312,71.87000274658203,72.5199966430664,66.45415496826172,43906000,76.72360046386719,74.74131831382192,74.48347611200242,-1.1287694393228378,-0.8180467255983868,-0.310722713724451,72.78170156434456,38.397070991902616,-5.289281791693117,-109.4017556020771,-77.74575587254057,1.3487262996076486,78.55284725584247,75.23999977111816,71.92715228639386,215834700.0,1801595586.70552,12097222.853859186,-0.01971870341106119,-1
2022-03-03,72.22000122070312,72.2699966430664,70.87999725341797,71.08999633789062,65.14376831054688,44389700,76.61580032348633,74.39357336373322,74.08823768979028,-1.2783362145011807,-0.9101046233789456,-0.3682315911222351,72.14308915176385,34.16821911079351,-7.507161366954021,-132.71560742836877,-96.62922999489332,1.369531520324848,78.59381542345238,74.93899955749512,71.28418369153786,171445000.0,1770618549.228161,1876825.4801437852,-0.028977319801826718,-1
2022-03-04,69.11000061035156,69.27999877929688,68.43000030517578,69.02999877929688,63.256080627441406,54455500,76.44980026245118,73.88275673664404,73.52547571091425,-1.5452805163720171,-1.03713980197756,-0.5081407143944572,71.10358771801825,29.182163456688368,-8.714630690201899,-184.62447341834675,-93.01514866223528,1.4617075569241331,79.03328031970534,74.59599952697754,70.15871873424973,116989500.0,1793041344.665775,4659659.150124073,-0.03172537273842546,-1
2022-03-07,68.58999633789062,68.69999694824219,66.54000091552734,66.83999633789062,61.24926376342773,55499400,76.22560012817382,73.21201765104847,72.78680874052502,-1.9115159275069689,-1.2120150270834418,-0.6995009004235269,69.7056589738678,25.00464771330102,-11.235068221779702,-182.0015135301876,-97.13744709289374,1.5351568645559477,79.65121151481597,74.13449935913086,68.61778720344574,61490100.0,1752958237.7438529,-7379230.110052109,0.008677466529511069,0
2022-03-08,67.48999786376953,68.73999786376953,66.55000305175781,67.41999816894531,61.78074645996094,56682500,76.00380004882813,72.66039674799103,72.14733243669782,-2.1304008935541248,-1.3956922003775785,-0.7347086931765463,68.73805553440845,27.946527838542067,-9.406073867549525,-144.05774894187596,-91.60307621972082,1.5819310036599312,79.84585537828055,73.69549942016602,67.54514346205148,118172600.0,1741311002.6307878,-15339329.606094835,0.04182734754393924,1
2022-03-09,69.54000091552734,70.70999908447266,69.1500015258789,70.23999786376953,64.3648681640625,55565000,75.82619995117187,72.42988256854137,71.81823705037435,-2.052656650345213,-1.5270850903711053,-0.5255715599741078,68.70844653599954,40.2243024267263,-4.83674273527809,-62.98364331003256,-62.20636769937538,1.7039359973647463,79.5534451747256,73.37799949645996,67.20255381819433,173737600.0,1763394388.9135065,-10174717.436693192,-0.011958945948714272,-1
2022-03-10,69.25,69.86000061035156,68.98999786376953,69.4000015258789,63.59513473510742,33804200,75.63119995117188,72.1413224692402,71.4393801007952,-2.0353620747814034,-1.628740487253165,-0.4066215875282384,68.49820407066578,38.139555310188086,-4.696509452455262,-68.582610155861,-69.31329716738254,1.6715119975529786,79.00846683794552,72.95649948120118,66.90453212445684,139933400.0,1761451802.7972066,-7755042.819242954,-0.01080691618890428,-1
2022-03-11,69.95999908447266,70.05999755859375,68.55000305175781,68.6500015258789,62.90787124633789,32380700,75.42179992675781,71.8088157127296,71.02923743838356,-2.0584462440715043,-1.714681638616833,-0.3437646054546712,68.1622515005587,36.32909902874143,-8.025184770567218,-66.51954317579033,-75.57869491426644,1.6599750339303327,78.60079393082103,72.54699974060058,66.49320555038014,107552700.0,1733359887.3938577,-14998508.756875038,0.009176944492572003,0
2022-03-14,69.69000244140625,70.16999816894531,69.13999938964844,69.27999877929688,63.48516082763672,32048200,75.23239990234374,71.56797600478363,70.71809448968797,-2.0028178636806047,-1.7723088836295875,-0.2305089800510171,68.08099006540651,38.95063397439736,-5.381046675388753,-43.77685136018399,-68.287059521644,1.6499765774400523,78.26109814303075,72.22699966430665,66.19290118558254,139600900.0,1710023791.7759502,-24023365.3591609,0.00952661191885884,0
2022-03-15,69.6500015258789,70.0999984741211,69.30999755859375,69.94000244140625,64.0899658203125,36961200,75.05759994506836,71.41293090350959,70.50028523036411,-1.883760374788068,-1.7945991818612836,-0.0891611929267841,68.21530481085537,41.66063065301023,-2.345713824000037,-27.66946519526873,-58.23093635359904,1.5906925143960642,77.91638286368408,71.96449966430664,66.01261646492921,176562100.0,1732013755.0390096,-18534603.35283518,0.035887824123808754,1
2022-03-16,71.4000015258789,72.5,70.77999877929688,72.44999694824219,66.3900146484375,44821400,74.92279983520508,71.51169909824603,70.54652306692941,-1.5687868786740893,-1.7494367212238449,0.1806498425497555,69.00399545492769,50.635243250865656,-0.0965246801771761,53.2768885528959,-27.395620689719813,1.659928588981613,77.33166602449359,71.75849952697754,66.1853330294615,221383500.0,1774229102.488487,-1172080.766064644,0.008419608503052789,0
2022-03-17,72.13999938964844,73.20999908447266,72.08000183105469,73.05999755859375,66.9489974975586,35025600,74.79119979858399,71.65915609446962,70.67047526041667,-1.2554738415348083,-1.6506441452860376,0.3951703037512293,69.83138328859742,52.54584599814742,2.771137040631867,96.81302144725628,-14.435770433403516,1.6220763507270672,76.67237058569862,71.56849937438965,66.46462816308068,256409100.0,1799955753.435412,14223074.754005194,0.009718027760721393,0
2022-03-18,72.44999694824219,73.83000183105469,72.31999969482422,73.7699966430664,67.59960174560547,36684100,74.68779968261718,71.86018852766931,70.88014166695731,-0.9390551664787524,-1.508326349524581,0.5692711830458284,70.71061713109387,54.74150892746028,6.866576774721206,119.0579263973439,-0.8231163299372568,1.6140710496915958,76.34443395587087,71.47599906921387,66.60756418255687,293093200.0,1833724312.769786,29972627.73187971,-0.006235584999391364,0
2022-03-21,73.55999755859375,73.72000122070312,72.93000030517578,73.30999755859375,67.17808532714844,29985700,74.58319961547852,71.99826557823354,71.05480818975539,-0.7171423974158131,-1.3500895591028272,0.6329471616870141,71.32312079390546,53.02955039391025,9.679834792323852,108.50914420793173,-7.133116696231879,1.5587799988486697,76.00361083416502,71.37649879455566,66.7493867549463,263107500.0,1832585373.3693209,33328452.528872967,0.009412119279567088,0
2022-03-22,73.76000213623047,74.13999938964844,73.69999694824219,74.0,67.81037902832031,21840800,74.4877996826172,72.18890695173512,71.30466544741677,-0.4800636240786247,-1.1760843720979868,0.6960207480193621,72.01073359487283,55.28833917652043,9.759718198992086,119.3656408405753,-1.842097602060744,1.5067244154348136,75.93069023392002,71.35549888610839,66.78030753829677,284948300.0,1840527620.1719284,34198509.15312076,-0.012972960600981853,-1
2022-03-23,73.18000030517578,73.5199966430664,73.02999877929688,73.04000091552734,66.9306640625,22375800,74.38779968261719,72.26996351971533,71.46509421212333,-0.3654284594096708,-1.0139531895603238,0.6485247301506529,72.32779764298782,51.572363880534375,3.986337040027277,81.72807584794207,-14.473667039101656,1.4683870443825502,75.82133514172249,71.31699905395507,66.81266296618766,262572500.0,1819065317.215136,24616571.453777075,0.009309971202796419,0
2022-03-24,73.27999877929688,73.72000122070312,73.16000366210938,73.72000122070312,67.55378723144531,22098200,74.28439971923828,72.40806234838084,71.69395156133743,-0.2172051184793986,-0.8546035753441388,0.6373984568647402,72.76385481981575,53.9341539793196,6.224783285074299,79.15581265990868,-5.52629280618222,1.412073705867781,75.94283150673765,71.36199913024902,66.78116675376039,284670700.0,1841163517.215136,25490063.1718843,0.0005426060073925321,0
2022-03-25,73.66000366210938,73.86000061035156,73.25,73.76000213623047,67.59044647216797,18372100,74.1663996887207,72.53681851865224,71.92233280000232,-0.0954094920847978,-0.7027647586922707,0.6073552666074729,73.12908974045149,54.07603780336904,7.4435549843728,72.7767685498366,-5.006553844050677,1.3547827704737654,75.78759744336989,71.31799926757813,66.84840109178637,303042800.0,1853512075.811329,27459209.048817877,-0.003253870474688836,0
2022-03-28,73.29000091552734,73.56999969482422,72.95999908447266,73.5199966430664,67.37052154541016,24829900,74.05519958496093,72.63045453050121,72.13204683576312,-0.0180440179587009,-0.5658206105455568,0.5477765925868558,73.36150388849909,53.02083406178706,6.120089403114396,57.0407761320729,-11.09129074699874,1.3151556477083404,75.82995846511986,71.33299903869629,66.83603961227271,278212900.0,1874271256.032456,32373670.700757027,0.02217090529432486,1
2022-03-29,75.18000030517578,75.37999725341797,74.48999786376953,75.1500015258789,68.86418151855469,25591200,73.97819961547852,72.87041138720386,72.49557088216146,0.1728044668711135,-0.4180955950622227,0.5909000619333362,73.96866419253678,58.88828492428621,7.449240638556519,109.791525240194,-3.3674366441359127,1.3540731450399992,76.3048574148215,71.50949897766114,66.71414054050078,303804100.0,1886635780.3042336,35375238.126592875,-0.004125152118347297,0
2022-03-30,74.87999725341797,75.13999938964844,74.55999755859375,74.83999633789062,68.58010864257812,22487000,73.91819961547851,73.05799090631689,72.81276110694522,0.295630592788612,-0.2753503574920558,0.5709809502806679,74.37728456709925,57.41946669605853,3.2988260735964388,98.88384289440754,-7.906315870606251,1.2994967752003674,76.6210830105339,71.62549896240235,66.6299149142708,281317100.0,1885860203.3133628,33140446.837649345,-0.016568652117126548,-1
2022-03-31,74.30000305175781,74.58000183105469,73.5199966430664,73.5999984741211,67.44383239746094,31677200,73.8347996520996,73.10961067467919,73.00080867948986,0.2895756699128498,-0.1623651520110747,0.4519408219239245,74.37973695525721,51.84871497366414,0.7391198105286901,52.322283724601576,-28.52563122868751,1.300961269459214,76.81214873375563,71.75099906921386,66.68984940467209,249639900.0,1858964553.5008576,20655739.38477087,0.009375033365644159,0
2022-04-01,74.05999755859375,74.30999755859375,73.73999786376953,74.29000091552734,68.07611846923828,23182800,73.77279968261719,73.22202879285521,73.24261837913876,0.3365747066333426,-0.0625771802821912,0.3991518869155339,74.54961168948789,54.49437540607974,0.7048994118529791,64.35832721056454,-17.957106963613946,1.258749684817317,77.02868732801757,72.0139991760254,66.99931102403322,272822700.0,1880520762.535672,20529358.357418537,0.004038166895493633,0
2022-04-04,74.12999725341797,74.62000274658203,74.05000305175781,74.58999633789062,68.35102081298828,20875700,73.7377996826172,73.35231141619191,73.48795144217355,0.39349296332216,0.0286368484386789,0.364856114883481,74.75536011604912,55.635698365212185,1.7460084871423207,83.0042475627916,-17.17393864306197,1.209553256960667,76.93135165303974,72.4014991760254,67.87164669901105,293698400.0,1899198549.829377,24554284.04355192,-0.01354061612043378,-1
2022-04-05,74.11000061035156,74.37999725341797,73.38999938964844,73.58000183105469,67.42549896240234,27759400,73.69779968261719,73.37399621760741,73.60018979027157,0.3530334264125656,0.0935161640334563,0.2595172623791093,74.65016817186667,50.9981645713802,-0.5675650931693412,-1.5720187756188608,-54.54539149251971,1.2088706634807755,76.6407600039133,72.70949935913086,68.77823871434842,265939000.0,1882094432.9668372,18526417.909475327,-0.011959837740056822,-1
2022-04-06,72.66000366210938,73.08999633789062,72.29000091552734,72.69999694824219,66.61911010742188,30692700,73.64939956665039,73.30980581100121,73.59928479875838,0.2471113663711293,0.1242352045009909,0.1228761618701383,74.32441692938609,47.29874243465857,-0.4655037828906652,-145.9525746836109,-86.73150425172588,1.214665681484102,76.59741960923105,72.83249931335449,69.06757901747793,235246300.0,1882861626.0650568,14620359.757743595,0.0022008757747717933,0
2022-04-07,72.7699966430664,73.0999984741211,72.23999786376953,72.86000061035156,66.7657241821289,27838500,73.60999954223632,73.26696722046314,73.60190396990095,0.1740717383431587,0.1342025112694245,0.0398692270737341,74.08952899312594,48.03682433209318,-1.1665770430156268,-125.11023135897584,-80.25468576121449,1.189332462117492,76.42582848414781,73.00549926757813,69.58517005100845,263084800.0,1895162507.9514675,15607220.22700715,0.0004117318013392435,0
2022-04-08,72.58999633789062,73.19000244140625,72.48999786376953,72.88999938964844,66.79322052001953,21937200,73.57819946289062,73.23106552229032,73.5909039815267,0.1172563000504283,0.1308132690256252,-0.0135569689751969,73.89721938307287,48.18334917269112,-1.179504774112108,-99.70940301411356,-79.29931043866597,1.1543804703688652,75.99733226000897,73.21749916076661,70.43766606152424,285022000.0,1898296325.352913,15589221.389710426,-0.010563817389409369,-1
2022-04-11,72.58000183105469,72.75,72.06999969482422,72.12000274658203,66.0876235961914,22149900,73.5259994506836,73.12525001984191,73.48638051350912,0.0099822922539374,0.1066470736712877,-0.0966647814173502,73.53374712912348,44.69928547671488,-1.9042355283029069,-132.9635309238743,-98.48933266950635,1.1304961292585334,75.54740558639843,73.35949935913087,71.1715931318633,262872100.0,1879403960.9384124,8153449.425320148,-0.007487533208017427,0
2022-04-12,72.2300033569336,72.41000366210938,71.4000015258789,71.58000183105469,65.5927963256836,28916200,73.4411994934082,72.97808352567169,73.31690455845424,-0.1172550494777198,0.0618666490414862,-0.179121698519206,73.09157877887483,42.384622478682,-4.750498499450917,-151.39522131434222,-95.47737441198008,1.1218894154708146,75.18928882845469,73.44149932861328,71.69370982877186,233955900.0,1860794520.9695344,-1550865.4070572853,0.010757147574315118,1
2022-04-13,71.56999969482422,72.38999938964844,71.56999969482422,72.3499984741211,66.29839324951172,20164900,73.35739944458008,72.91826590171449,73.21295209612165,-0.1541819519632952,0.0186569288405299,-0.1728388808038251,72.92709712663259,46.62861563614419,-3.3270951170649297,-101.81959161908516,-76.13070432038892,1.1003258639960578,75.19613788136277,73.43649940490722,71.67686092845167,254120800.0,1878992067.8921888,410303.9466383457,-0.004561186427290975,0
2022-04-14,72.48999786376953,72.62000274658203,71.9800033569336,72.0199966430664,65.9959716796875,19861900,73.25559936523437,72.8327164485099,73.07804707118443,-0.2076811589297165,-0.0266106887135193,-0.1810704702161971,72.70629075948479,45.09547692809216,-2.1467416627871816,-79.8426683977297,-84.4222165140147,1.0674454015426564,75.24419203147886,73.38449935913086,71.52480668678285,234258900.0,1861612491.0402708,-4354565.220336199,-0.005831688260509615,0
2022-04-18,71.69999694824219,72.12999725341797,71.47000122070312,71.5999984741211,65.61112213134766,18508900,73.16979934692382,72.71531473666334,72.90809460594541,-0.2807338826063983,-0.0774353274920951,-0.2032985551143031,72.41705086403944,43.15085978030199,-3.620948187179269,-96.44007323169085,-94.97494565488265,1.0383418751978126,75.28062783659168,73.2759994506836,71.27137106477552,215750000.0,1850394865.6677573,-9477204.750776768,0.004748658862165245,0
2022-04-19,71.18000030517578,72.02999877929688,71.18000030517578,71.94000244140625,65.92267608642578,24863500,73.08719940185547,72.64147547044838,72.78085679553804,-0.3076468523974967,-0.1234776324731754,-0.1841692199243212,72.27020857025343,45.21062967788183,-3.5527470526744307,-90.299389257756,-80.80802242580123,1.024888775120904,75.29472573118649,73.20749969482422,71.12027365846195,240613500.0,1869993358.6935809,-4475381.800396919,0.006672167240055593,0
2022-04-20,72.5,72.66000366210938,72.19999694824219,72.41999816894531,66.3625259399414,30249800,73.01159942626953,72.62038239411476,72.70585665021623,-0.2869363079868492,-0.1561693675759102,-0.130766940410939,72.27726104231273,48.07112842533563,-1.57652029524657,-30.8158275543616,-63.95357605436382,1.003111092662491,75.2093573237605,73.12849960327148,71.04764188278246,270863300.0,1868677888.238809,-2440887.3926329613,-0.010770488801687739,-1
2022-04-21,73.08999633789062,73.22000122070312,71.51000213623047,71.63999938964844,65.64777374267578,32960800,72.91259948730469,72.52701258416559,72.56409472510929,-0.3296622933869599,-0.1908679527381201,-0.1387943406488397,72.08366713696348,44.046735186408114,-1.458043470549801,-51.3511144971815,-86.62794308120864,1.053603092077503,75.238391493071,73.05849952697754,70.87860756088408,237902500.0,1840728568.6651635,-10279660.690832138,-0.01633163287148731,-1
2022-04-22,71.52999877929688,71.54000091552734,70.4000015258789,70.47000122070312,64.57563018798828,34878400,72.76539947509765,72.3311067400263,72.31757107689268,-0.4527134202871252,-0.2432370462479212,-0.209476374039204,71.62498815129774,38.799631597124666,-3.280262653894185,-167.65472253350407,-98.34123993896486,1.0669170043412193,75.32475471883932,72.89599952697753,70.46724433511575,203024100.0,1810133464.5653653,-22286722.82722807,-0.004824804333695254,0
2022-04-25,69.70999908447266,70.19000244140625,69.16000366210938,70.12999725341797,64.26406860351562,37193600,72.6311994934082,72.12147726511122,72.05414228893461,-0.5710846946471833,-0.3088065759277736,-0.2622781187194096,71.16612735846199,37.40512519203825,-3.7865306068618714,-232.5102996703771,-81.41772447913242,1.0842799010735429,75.3880617079939,72.71449928283691,70.04093685767992,165830500.0,1842993449.7983956,-14717187.233677864,-0.0279480844322596,-1
2022-04-26,69.56999969482422,69.61000061035156,68.12999725341797,68.16999816894531,62.468017578125,41284200,72.4809994506836,71.74514592261924,71.62133265904018,-0.8136708371989272,-0.4097794281820043,-0.4038914090169229,70.28909205781126,30.58158865820016,-5.476988945100838,-244.51129161677147,-99.21412800884949,1.1496884795682896,75.74282157518643,72.44699935913086,69.15117714307529,124546300.0,1803940874.1917825,-22708452.435359,0.004547531118014758,0
2022-04-27,68.43000030517578,68.94999694824219,68.06999969482422,68.4800033569336,62.75209426879883,43593100,72.34679946899413,71.43417996398252,71.24352351597378,-0.9697288445757266,-0.5217693114607488,-0.4479595331149778,69.66167981182583,32.67358852380519,-4.330816421935564,-172.40679690154573,-92.0387662013478,1.1304248205575524,75.59253992726747,72.11349945068359,68.63445897409972,168139400.0,1800969106.981809,-24858763.90873289,0.014164625346946291,1
2022-04-28,68.91000366210938,69.62000274658203,68.30000305175781,69.44999694824219,63.64094924926758,32154000,72.2043994140625,71.24521015295963,70.98985661097936,-1.00356706706485,-0.6181288625815691,-0.3854382044832809,69.4131935759369,38.88018615086602,-4.008295213601434,-106.71095008973528,-73.20394476616283,1.1439658830051715,75.27114023763609,71.84399948120117,68.41685872476624,200293400.0,1824840731.673309,-15883032.208841562,-0.011663032313700472,-1
2022-04-29,69.69999694824219,70.12000274658203,68.56999969482422,68.63999938964844,62.89870071411133,54305300,72.03999938964844,70.99709484216808,70.6847137451172,-1.0832570230673468,-0.7111544946787247,-0.3721025283886221,69.0147635356406,35.903681060025626,-4.6931371993383335,-88.95698327705945,-88.9320480399869,1.1729685379160744,75.19262220387103,71.59599952697754,67.99937685008405,145988100.0,1775440395.470673,-26485518.740739107,-0.002476663322507955,0
2022-05-02,68.38999938964844,68.73999786376953,67.66000366210938,68.47000122070312,62.742923736572266,45813900,71.89699935913086,70.75641925917142,70.3869996207101,-1.146908471896083,-0.7983052901221964,-0.3486031817738865,68.66046327960292,35.29300326680769,-4.37150463704167,-106.59600270277365,-85.43169218947253,1.1663275138977944,74.92436621353829,71.30499954223633,67.68563287093437,100174200.0,1798347507.2920594,-21126498.67509818,0.007448548665663912,0
2022-05-03,68.93000030517578,69.23999786376953,68.69999694824219,68.9800033569336,63.21026611328125,39643500,71.77059936523438,70.58723679229162,70.16557141258603,-1.1430237275253037,-0.8672489776028179,-0.2757747499224855,68.51974886951542,38.66357846028379,-4.11453848209627,-64.38566319030103,-76.25898786980625,1.1380181659812667,74.44619180680523,71.02449989318848,67.60280797957172,139817700.0,1799816656.340506,-16546124.980548382,0.01754130219755967,1
2022-05-04,69.0,70.30999755859375,68.19999694824219,70.19000244140625,64.31906127929688,47419100,71.6859994506836,70.54940494935016,70.08609546479725,-1.0304300694703414,-0.8998851959763228,-0.1305448734940186,68.73575934096138,45.868079994184114,-3.079254051259166,-31.255368822263268,-54.4964048520775,1.207445483436288,74.08396473639925,70.85499992370606,67.62603511101287,187236800.0,1841842335.6623216,203664.4951224327,-0.03219834816385836,-1
2022-05-05,69.18000030517578,69.22000122070312,67.41999816894531,67.93000030517578,62.24809265136719,38827000,71.56839950561523,70.29993784038118,69.80752407255626,-1.1107579428932723,-0.9420597453597128,-0.1686981975335596,68.34255356014366,37.10223043580634,-5.1786698996102025,-88.71085778760457,-91.2068643468058,1.3190568255094774,73.96747111969268,70.61650009155274,67.2655290634128,148409800.0,1825017357.185655,1683933.9021282196,-0.009715937864629876,0
2022-05-06,67.44000244140625,67.69000244140625,66.8499984741211,67.2699966430664,61.64329528808594,48268900,71.45739944458008,70.01137201206548,69.4888094584147,-1.2136845410664847,-0.9963847045010672,-0.2172998365654175,67.86520110992147,34.99866005053775,-4.54094582404605,-123.5822847447966,-93.4066249944606,1.3019814687627067,73.82263951002592,70.33699989318848,66.85136027635103,100140900.0,1825016918.7800093,2136274.266640663,-0.030176882423051388,-1
2022-05-09,66.04000091552734,66.1500015258789,65.11000061035156,65.23999786376953,59.78308868408203,50145000,71.2693994140625,69.55695542651348,69.00338069370815,-1.4424310999088874,-1.0855939835826312,-0.3568371163262562,66.96502632964102,29.46515967884436,-6.972764268018149,-192.04828548888605,-98.39707467774984,1.3632682233307165,73.88601135278024,69.95449981689453,66.02298828100881,49995900.0,1787407892.8841066,-9839392.39354062,0.007510814058995896,0
2022-05-10,66.4000015258789,66.44000244140625,65.23999786376953,65.7300033569336,60.23211288452149,57682400,71.11959945678711,69.19248380083921,68.6010476975214,-1.566121770773364,-1.1816995410207778,-0.3844222297525863,66.37502034420851,32.24967593851863,-3.5792795621978657,-155.62383527434707,-92.3550838480744,1.3516065343525738,73.8397418745944,69.6349998474121,65.43025782022981,107678300.0,1776833134.6141925,-17208734.35008359,-0.005933470243795869,0
2022-05-11,65.91000366210938,66.7699966430664,65.26000213623047,65.33999633789062,59.87472152709961,49751100,70.99399932861328,68.82558023293934,68.19199974423363,-1.6762945455250389,-1.28061854192163,-0.3956760036034088,65.81345408262773,31.194134778767587,-4.585290398828585,-132.19083637068303,-96.42308372281214,1.3629199609585283,73.820030072505,69.3229995727539,64.8259690730028,57927200.0,1732353311.4409592,-32811705.76469064,-0.0024486691411407246,0
2022-05-12,64.93000030517578,65.80000305175781,64.62999725341797,65.18000030517578,59.72811126708984,39410900,70.84719940185546,68.4783821445809,67.79742838541667,-1.7562723910823903,-1.3757493117537822,-0.3805230793286083,65.33657141615984,30.749494024685596,-6.148303571918993,-127.69804704787252,-90.31684820057784,1.3491403779143365,73.58072525397618,68.96449966430664,64.3482740746371,18516300.0,1729995416.31201,-36962096.54217816,0.027769216786119433,1
2022-05-13,66.13999938964844,67.0199966430664,66.12000274658203,66.98999786376953,61.3867073059082,34682200,70.76519943237305,68.3366312606941,67.60938059488932,-1.6545313264764443,-1.4315057146983148,-0.2230256117781297,65.44130002945442,40.99590827037829,-2.4038483982383925,-44.95016430201259,-58.45069571209245,1.3842015179126428,73.18167390591768,68.7129997253418,64.24432554476593,53198500.0,1762365548.0471156,-25000205.71341872,0.0008957335408534828,0
2022-05-16,66.69000244140625,67.3499984741211,66.47000122070312,67.05000305175781,61.44170379638672,21254300,70.72559951782226,68.21409524079542,67.4509999593099,-1.5511778696781136,-1.4554401456942747,-0.0957377239838388,65.5676918699882,41.30596305308213,-2.0738982673129422,-27.3337635051778,-57.39426640286156,1.3481869275915943,72.80385422186887,68.48549995422363,64.16714568657838,74452800.0,1769128455.759764,-15682124.673681736,0.01864280302918231,1
2022-05-17,68.16000366210938,68.3499984741211,67.77999877929688,68.30000305175781,62.58714294433594,31487000,70.7547996520996,68.22227693707755,67.43333358764649,-1.35281059874292,-1.434914236304004,0.0821036375610839,66.01836260627172,47.49550724702136,-0.9857933779114992,34.41610331805626,-35.3872253317376,1.3447446772181435,72.32044558540575,68.30349998474121,64.28655438407667,105939800.0,1795091923.455284,-2183431.3748800755,-0.023865370570734568,-1
2022-05-18,67.70999908447266,67.80999755859375,66.56999969482422,66.66999816894531,61.09347915649414,23553000,70.7397996520996,68.0744408639221,67.27776198614211,-1.31200688027171,-1.4103327650975452,0.0983258848258352,65.98456644343347,41.36911876408544,-5.014965308484486,-17.1571315229487,-64.08449285348743,1.3722631543406756,71.614580418055,68.01599998474121,64.41741955142743,82386800.0,1775337743.0013344,-2748165.953910589,0.00959951113282842,0
2022-05-19,66.58999633789062,67.69999694824219,66.56999969482422,67.30999755859375,61.67994689941406,35999600,70.68119964599609,68.00163673960512,67.21052365984235,-1.214032427249407,-1.3710726975279175,0.1570402702785107,66.14063854506611,44.40154379529327,-0.912708293532558,0.4550666402979509,-52.81689857069749,1.3549584471319107,70.99876629726475,67.79949989318848,64.60023348911221,118386400.0,1786488040.075826,818461.328725338,0.006834038050175684,0
2022-05-20,68.08000183105469,68.1500015258789,66.91000366210938,67.7699966430664,62.101470947265625,36357000,70.64859954833985,67.97957577803001,67.2077138264974,-1.0867416048694452,-1.3142064789962231,0.2274648741267781,66.40398927806186,46.54167826714776,0.7432734130387912,31.5672951540657,-44.71832357496216,1.3467469768917406,70.62021681879904,67.66449966430665,64.70878250981426,154743400.0,1800561392.7759595,6681015.5008711815,0.016969183751561534,1
2022-05-23,68.48999786376953,69.06999969482422,68.37000274658203,68.91999816894531,63.1552848815918,23838500,70.65399948120117,68.06913981526004,67.32728511265346,-0.8828897949019989,-1.2279431421773783,0.3450533472753796,66.93194934770008,51.56157178020603,5.640711872584897,112.59478917597824,-24.47181892546432,1.34340812509646,70.40063028028057,67.603999710083,64.80736913988544,178581900.0,1814183244.3072944,12806193.558458328,-0.0015960622935873303,0
2022-05-24,68.69999694824219,69.04000091552734,68.33999633789062,68.80999755859375,63.054481506347656,19504600,70.6445994567871,68.13969769557754,67.44214205060686,-0.7218903936745988,-1.1267325924768226,0.4048421988022237,67.34665344962937,51.06759565759205,4.6858269349765065,120.09606659429596,-8.932533937478915,1.2974507288493358,70.47216996095047,67.63599967956543,64.79982939818039,159077300.0,1820870432.4818103,16275490.495866535,0.00029071752900300396,0
2022-05-25,68.33999633789062,69.13999938964844,68.33999633789062,68.83000183105469,63.07280731201172,18826400,70.62239944458008,68.20544094657537,67.55585654122488,-0.5859288080873171,-1.0185718355989215,0.4326430275116044,67.69908841072873,51.15923345250893,5.341300411338117,114.84676328938474,-6.873556801745795,1.261918751914227,70.51449534981897,67.65349960327148,64.792503856724,177903700.0,1825106543.046574,17563011.65033388,0.011041616833039836,1
2022-05-26,68.93000030517578,69.76000213623047,68.91999816894531,69.58999633789062,63.76924133300781,20930500,70.56519943237305,68.33730336479587,67.74028480166481,-0.4121026044968374,-0.8972779893785047,0.4851753848816672,68.18983955483857,54.63515437248166,6.7658729856812485,127.7288766271136,-3.313950029744195,1.2382102914329094,70.53967029398815,67.6604995727539,64.78132885151966,198834200.0,1837564925.054912,20457118.066147804,0.012070757457818493,1
2022-05-27,70.04000091552734,70.44999694824219,70.0,70.43000030517578,64.53897857666016,13697600,70.51259948730468,68.53660783530825,68.00404677618117,-0.2042087939858561,-0.758664150299975,0.5544553563141189,68.81185472131483,58.17796654563165,5.1350985984531885,147.03087287220507,-0.3435849504285992,1.2111953142128131,70.84834206124934,67.74999961853027,64.6516571758112,212531800.0,1850045156.7188091,23752315.4869349,-0.0059633418589443155,0
2022-05-31,70.19000244140625,70.47000122070312,69.83999633789062,70.01000213623047,64.15411376953125,25025200,70.43739959716797,68.67693110206275,68.21928511120024,-0.0725059896098088,-0.6214325181619419,0.5489265285521331,69.21123791714513,55.8302326421658,4.414614391870718,115.37887246266936,-7.876691301059102,1.1696817119699334,71.06642116802179,67.82699966430664,64.58757816059149,187506600.0,1838525976.182092,19275855.580398083,-0.01056999672309833,-1
2022-06-01,70.41999816894531,70.45999908447266,69.05999755859375,69.2699966430664,63.47600555419922,28336400,70.35659957885743,68.7334135345393,68.35671339489164,-0.0275255299139018,-0.502651120512334,0.475125590598432,69.34254270159775,51.85932807811216,1.4201955314314283,78.28256087076272,-20.548009630797647,1.1861331272491455,71.10394860343301,67.84149932861328,64.57905005379355,159170200.0,1818690449.8558047,9380922.189323902,0.020788256260878324,1
2022-06-02,69.83000183105469,70.7300033569336,69.58000183105469,70.70999908447266,64.79554748535156,21642000,70.29079956054687,68.92165977739009,68.62990384783063,0.1229012418678792,-0.3775406480362913,0.5004418899041705,69.81845602089679,58.10394887349985,6.059698554797867,109.15301824174536,-0.4339321000526253,1.2056955262932914,71.21166364556653,67.8674991607666,64.52333467596667,180812200.0,1839579524.8294332,11126707.64010048,-0.014283724357341376,-1
2022-06-03,69.80999755859375,70.0,69.5,69.69999694824219,63.87004470825195,21327200,70.22399948120118,68.99578712699505,68.80442744663783,0.1587864198110651,-0.2702752344668201,0.4290616542778852,69.93948502126204,52.91894757776104,3.550734625369625,65.20193817175124,-24.178542070000557,1.2060029233061031,71.39444858101083,67.95599899291992,64.517549404829,159485000.0,1835313824.4876368,9472105.430291891,0.004017308765441374,0
2022-06-06,70.51000213623047,70.61000061035156,69.83000183105469,69.9800033569336,64.12661743164062,15192300,70.14919952392579,69.08952200603682,68.99718976702009,0.2074287494364028,-0.1747344376861755,0.3821631871225784,70.10323184135676,54.14074876343363,3.261040022632633,80.0831739996879,-18.028830282800868,1.1848601189349084,71.62345248434156,68.09149932861328,64.559546172885,174677300.0,1825964785.3800812,4959427.95293951,0.0030008441611748538,0
2022-06-07,69.27999877929688,70.22000122070312,69.2699966430664,70.19000244140625,64.31906127929688,19039600,70.0777995300293,69.1943296665482,69.1970472063337,0.2599270400758655,-0.0878021421337673,0.3477291822096328,70.28331548984848,55.08221940722723,1.8427224408041107,54.971376922695526,-12.980779811466093,1.1680847231278948,71.72783395639273,68.33899955749511,64.9501651585975,193716900.0,1843801939.0514088,8337933.520996094,-0.01396215020439251,-1
2022-06-08,69.41999816894531,69.72000122070312,69.12999725341797,69.20999908447266,63.421024322509766,21219400,69.99159957885742,69.19582199206481,69.27999954223633,0.2199191419887256,-0.0262578853092687,0.2461770272979943,70.1675328150728,49.930624915941074,0.5813130941303887,6.110408019586886,-36.5385320764406,1.160364756332208,71.69944731627096,68.51299934387207,65.32655137147317,172497500.0,1828337045.624282,4041407.5701155663,-0.04219040900985094,-1
2022-06-09,67.3499984741211,67.51000213623047,66.26000213623047,66.29000091552734,62.08914566040039,25675700,69.8143995666504,68.91907712763268,69.0682854062035,-0.0468666052260573,-0.0303796292926264,-0.0164869759334308,69.30660048037095,38.40513827727391,-3.6902525758489046,-211.37069264321997,-99.32888655247042,1.288195627182921,71.58029764234746,68.56049957275391,65.54070150316036,146821800.0,1803893729.0764303,-5861081.726844311,-0.02413634714170476,-1
2022-06-10,65.05999755859375,65.12999725341797,64.48999786376953,64.69000244140625,60.59053421020508,34102000,69.61139968872071,68.51630810989683,68.69966663178944,-0.3829878910908633,-0.1009012816522738,-0.2820866094385894,68.18107311447733,33.80104540799782,-7.041233157554296,-266.70702419600224,-96.79480125689274,1.3247533003668417,71.67086394316453,68.53599967956544,65.40113541596634,112719800.0,1791105987.236314,-13448101.41319704,-0.03308089540240844,-1
2022-06-13,63.02999877929688,63.369998931884766,62.43999862670898,62.54999923706055,58.58614730834961,54218000,69.3903997039795,67.94808821724575,68.12957135155088,-0.8126787508348485,-0.2432567754887888,-0.5694219753460598,66.704411699575,28.82383457940176,-11.18841549619608,-234.42012206974823,-98.67309351524834,1.3908426228190154,72.3536351290266,68.31399974822997,64.27436436743335,58501800.0,1749713817.6341093,-28499563.302570343,-0.009432456591275562,0
2022-06-14,62.52999877929688,62.72999954223633,61.41999816894531,61.959999084472656,58.03353118896485,38601700,69.1437996673584,67.3777940141245,67.52442843119303,-1.1871353767571264,-0.4320324957424563,-0.75510288101467,65.34921610112477,27.61644862949187,-11.498361385696777,-174.98295089681164,-94.19977857559036,1.38506824785273,72.93953028370144,68.05949954986572,63.17946881603,19900100.0,1742936440.517901,-34222548.3122375,0.018721753785545303,1
2022-06-15,62.63999938964844,63.470001220703125,61.86000061035156,63.119998931884766,59.12002944946289,37790700,68.91439971923828,66.97228972057786,67.05399980090914,-1.3744488664837746,-0.62051576989072,-0.7539330965930546,64.55444663636797,33.513293124493984,-8.878299421423787,-117.37014672022012,-81.74006642732289,1.401134845174075,73.13102843773176,67.80049934387208,62.4699702500124,57690800.0,1764296300.1678967,-26656309.71735382,-0.022021536964036414,-1
2022-06-16,61.59000015258789,62.18000030517578,61.34000015258789,61.72999954223633,57.81811141967773,38025300,68.67739967346192,66.47302398930724,66.47585696265811,-1.6164243568514394,-0.819697487282864,-0.7967268695685754,63.561935530278674,30.325241024346983,-12.699759098438829,-114.124813132205,-95.84665328476196,1.4281965547542752,73.49362496198383,67.55349941253662,61.61337386308943,19665500.0,1761580145.6377175,-22001960.395653486,-0.004049894732770065,0
2022-06-17,61.68000030517578,62.0,61.119998931884766,61.47999954223633,57.58395385742188,43097500,68.4529997253418,65.99749785149096,65.8974284035819,-1.8075285233007463,-1.0172636944864406,-0.7902648288143057,62.70693720825287,29.7765935300398,-11.793397081652476,-99.23262880268156,-96.25389755895212,1.389039734280058,73.7666766196789,67.26199951171876,60.75732240375861,-23432000.0,1753744253.5306633,-20590968.58032465,0.015126875603453493,1
2022-06-21,62.56999969482422,62.77000045776367,62.380001068115234,62.40999984741211,58.45501708984375,31891400,68.243999710083,65.65583137491203,65.43533319745745,-1.862467335652397,-1.186304422719632,-0.6761629129327651,62.27419620418341,34.522396260437354,-10.817380889381525,-68.27499077292246,-86.57647948459932,1.3819655329405784,73.82629771532682,66.99399967193604,60.16170162854527,8459400.0,1726759030.7989445,-26728045.65411663,-0.00672966143201692,0
2022-06-22,61.709999084472656,62.56999969482422,61.619998931884766,61.9900016784668,58.061641693115234,30368200,68.02599975585937,65.30670473715534,64.95876195998419,-1.9177899931582945,-1.3326015368073645,-0.5851884563509298,61.8388917606529,33.42381350457642,-11.682576546118106,-67.79156351922299,-90.94690586911346,1.351110906511927,73.75145319620131,66.6474998474121,59.5435464986229,-21908800.0,1720046216.8724997,-28944741.101435184,-0.0011292709731576256,0
2022-06-23,61.84999847412109,62.0,61.27000045776367,61.91999816894531,57.996070861816406,26482500,67.82199966430665,64.98416125446867,64.50852370489211,-1.94486312452036,-1.4550538543499636,-0.4898092701703964,61.49298648576693,33.233980681126376,-10.533161410144944,-67.30338765664212,-91.57008329223189,1.3067458090636694,73.61914691169602,66.3029998779297,58.98685284416337,-48391300.0,1740724196.8191984,-20640873.70125842,0.029877298829543486,1
2022-06-24,62.790000915527344,63.790000915527344,62.7400016784668,63.77000045776367,59.72883605957031,31235000,67.66579963684082,64.86852689287772,64.2672856648763,-1.79633205483254,-1.523309494446479,-0.273022560386061,61.71867949783021,42.52441180698826,-3.801478990737807,-23.740361160151224,-72.07585819619118,1.346978447457838,73.34904363150673,66.04999980926513,58.75095598702352,-17156300.0,1770769263.9579191,-5807599.884205818,-0.004233972962607968,0
2022-06-27,63.65999984741211,63.93999862670898,63.43000030517578,63.5,59.4759407043457,20987600,67.48879966735839,64.73819099831795,64.02442854018439,-1.6810290361257074,-1.5548534027823246,-0.1261756333433827,61.86102228960287,41.61428944354471,-1.8395461377267823,-9.48721145241354,-73.84614868680129,1.287194152748935,72.93572564153924,65.74549999237061,58.55527434320199,-38143900.0,1755542959.762486,-4056211.9408488274,-0.006771658349224885,0
2022-06-28,64.0199966430664,64.22000122070312,63.04999923706055,63.06999969482422,59.07319259643555,19187400,67.30979972839356,64.57931563608045,63.76961898803711,-1.605836905801041,-1.565050103386068,-0.0407868024149733,61.89104244022823,40.14083464999613,0.8313356740307909,-0.9256685561243816,-77.32557855856822,1.2788232835270523,72.32015079049322,65.37749996185303,58.43484913321285,-57331300.0,1737011553.1516595,-8867345.163752079,-0.003805261850813424,0
2022-06-29,63.09999847412109,63.290000915527344,62.790000915527344,62.83000183105469,58.84840393066406,18226800,67.13439979553223,64.41271432131609,63.52700011843727,-1.5477706856388025,-1.561594219836615,0.0138235341978125,61.87644880174837,39.304349489380606,1.4041361514481627,-2.817274485894531,-73.23940466873341,1.2231930489894056,71.70361853572612,65.01849994659423,58.33338135746234,-75558100.0,1721701107.9001946,-14900919.047337532,-0.005411429932822953,0
2022-06-30,61.709999084472656,62.59000015258789,61.470001220703125,62.4900016784668,58.52994918823242,37316200,66.94539978027343,64.22959883152092,63.28619075956799,-1.5117613152265292,-1.551627638914598,0.0398663236880687,61.797955103863686,38.093259547294615,-0.9980945248396204,-47.13168371979814,-65.83532867768838,1.232965017658131,71.15211505635779,64.67950019836425,58.206885340370725,-112874300.0,1752353796.0810933,-6261442.210578442,0.002400347370022926,0
2022-07-01,61.709999084472656,62.650001525878906,61.5,62.63999938964844,58.670448303222656,26046600,66.7497998046875,64.07820840848544,63.091952587309336,-1.4543551669719363,-1.5321731445260658,0.0778179775541294,61.79315811374309,38.98646664272337,1.4741614355423374,-28.745127840559924,-50.96776337081168,1.227039053959615,70.17532419996702,64.27600021362305,58.37667622727908,-86827700.0,1777947315.5665412,5985503.805335999,-0.021392084381299248,-1
2022-07-05,60.65999984741211,61.31999969482422,60.40999984741211,61.29999923706055,57.41536331176758,30911300,66.54299980163574,63.813617058825926,62.80852392287481,-1.4996995910020132,-1.5256784338212557,0.0259788428192422,61.461162886876366,34.23440649886116,-0.2927786377944298,-142.3131047762739,-76.64044438704045,1.2986790888365232,69.33174613365456,63.85600032806396,58.380254522473365,-117739000.0,1807499845.7781105,19854559.169588327,0.0008156482493120176,0
2022-07-06,61.20000076293945,61.4900016784668,60.86000061035156,61.34999847412109,57.46219253540039,18030000,66.3605997467041,63.578986717425465,62.56985707964216,-1.5141467123882464,-1.523372089534654,0.0092253771464074,61.22152781079521,34.55495080246914,-1.698447966483975,-105.20042404989186,-75.32812892670897,1.250916373070717,68.21974238474,63.42450008392334,58.62925778310669,-99709000.0,1817516342.6203933,26910370.88936472,0.015158929556748024,1
2022-07-07,61.86000061035156,62.290000915527344,61.84999847412109,62.27999877929688,58.333255767822266,17215100,66.20359977722168,63.45527358046083,62.46085695539202,-1.4340223904131406,-1.5055021497103511,0.0714797592972107,61.28603292508864,40.37616552676612,0.4678127004000716,-14.02880553648002,-50.91868089618301,1.228708235094684,66.69999967766783,63.02899990081787,59.35800012396792,-82493900.0,1833948775.2566817,32578943.259967804,0.0011239514482372925,0
2022-07-08,62.119998931884766,62.560001373291016,61.84999847412109,62.34999847412109,58.39881896972656,13135200,66.08719978332519,63.35000928461896,62.39619015284947,-1.3493207677354064,-1.4742658733153626,0.1249451055799562,61.3756524645626,40.80297538131049,0.6944449578350147,-6.432690449346189,-49.08141922706872,1.1916578539572014,65.02200108684859,62.68599987030029,60.349998653752,-69358700.0,1839313781.404229,33643229.98034644,-0.01619885078188743,-1
2022-07-11,61.56999969482422,61.75,61.290000915527344,61.34000015258789,57.452823638916016,15757900,65.94439971923828,63.15857984347314,62.26799970354352,-1.3481518893753162,-1.4490430765273534,0.1008911871520372,61.20409816662824,36.71873381165653,-3.810569684385099,-89.07677953275605,-75.59055196947442,1.1822535471455256,64.16374038042504,62.43849983215332,60.713259283881605,-85116600.0,1826981466.3859017,27096226.13463831,-0.0001629983943320923,0
2022-07-12,61.2400016784668,61.83000183105469,61.18999862670898,61.33000183105469,57.443458557128906,16350500,65.78199981689453,62.98442955657615,62.16242846534366,-1.3326701340944282,-1.4257684880407684,0.0930983539463401,61.07722836016727,36.67959251392615,-3.41731995109498,-79.49481968809555,-75.85297501224007,1.1435213798026815,63.71807006665869,62.270499801635744,60.8229295366128,-101467100.0,1817784438.0470157,19028285.89587212,-0.0004891993004791928,0
2022-07-13,60.58000183105469,61.54999923706055,60.5099983215332,61.29999923706055,57.41536331176758,17907500,65.63519981384277,62.82400762138418,62.06999984014602,-1.3077467990323512,-1.402164150239085,0.0944173512067336,60.98146151480928,36.55367245185885,-2.8064063204822327,-97.2859920584004,-76.64044438704045,1.1361270609258718,63.70886120578544,62.207999801635744,60.70713839748605,-119374600.0,1827082570.6259687,16956417.446419,-0.014029373916070731,-1
2022-07-14,59.9900016784668,60.4900016784668,59.540000915527344,60.43999862670898,56.609859466552734,25329100,65.47459976196289,62.59695914570083,61.90161877586728,-1.341920909435899,-1.390115502078448,0.0481945926425488,60.69540729659895,33.05114480874357,-3.803920316240409,-150.2910837410887,-80.76928092961248,1.1806892938263955,63.81792554826291,62.13199977874756,60.4460740092322,-144703700.0,1849745288.9814737,21778207.335083723,0.01588356917575595,1
2022-07-15,60.880001068115234,61.43999862670898,60.61000061035156,61.400001525878906,57.50902557373047,28570100,65.3229997253418,62.48296318190827,61.831904656546456,-1.2768215235284115,-1.3674567063684409,0.0906351828400291,60.72562267363451,39.96633146484239,-1.7442792819823043,-61.12092979884599,-60.256399806330776,1.1677829156959385,63.69666571734677,62.045999908447264,60.39533409954776,-116133600.0,1875561837.4116995,29985277.032328844,0.004071661136598292,0
2022-07-18,62.2599983215332,62.41999816894531,61.54999923706055,61.650001525878906,57.74318313598633,23785600,65.15219970703124,62.40363350038167,61.79419052487328,-1.1913240385749333,-1.3322301728097394,0.1409061342348061,60.83020270632577,41.65640683120516,-1.5804563751849798,10.587504179745226,-54.91451981278641,1.1572267533652578,63.69609350962797,62.0420000076294,60.38790650563082,-92348000.0,1857244323.2994945,24788480.415288687,0.027250612548169517,1
2022-07-19,62.81999969482422,63.34999847412109,62.7599983215332,63.33000183105469,59.31672286987305,25474500,65.06019973754883,62.491859055683854,61.9168573651995,-0.9767453688842522,-1.261133212024642,0.2843878431403897,61.36516881060921,51.53119024610884,3.311586654583265,141.57351932010187,-0.5248466110245986,1.1959960529993237,63.85799107460722,62.13450012207032,60.41100916953341,-66873500.0,1880992028.885762,27965108.084376574,-0.006631959126781939,0
2022-07-20,63.130001068115234,63.31999969482422,62.59000015258789,62.90999984741211,58.92333984375,18738200,64.97299980163574,62.53168198822941,61.99071448189871,-0.8310016079199158,-1.1751068912036966,0.3441052832837807,61.70509758662181,49.28534972385469,2.5427895877602493,121.33044964612748,-11.548527786232476,1.1634250262470005,63.91250354720813,62.15950012207031,60.40649669693249,-85611700.0,1878681834.4792612,25987293.175628185,0.010332244912660604,1
2022-07-21,62.77000045776367,63.630001068115234,62.68999862670898,63.560001373291016,59.53214263916016,19165500,64.93939987182617,62.62961716775908,62.124095553443546,-0.6554928232433284,-1.071184077611623,0.4156912543682947,62.159774549014735,52.71964171304334,2.055238630511393,133.0537365268478,-1.711483917180967,1.1474662701869471,64.09135026924301,62.238000106811526,60.38464994438005,-66446200.0,1894992918.1670089,28005596.143093582,-0.002517304026984246,0
2022-07-22,63.83000183105469,64.19000244140625,63.150001525878906,63.400001525878906,59.382286071777344,18771500,64.89279983520508,62.70298710662763,62.23476235525949,-0.5232794575695507,-0.9616031536032088,0.4383236960336579,62.49553702304947,51.78994960155936,1.6840466358529784,132.50528036351542,-16.98926142562983,1.139790173425547,64.22585166343035,62.3120002746582,60.39814888588606,-85217700.0,1885246169.8377717,23184064.14838171,0.007728672744109044,0
2022-07-25,63.880001068115234,63.970001220703125,63.54999923706055,63.88999938964844,59.84122848510742,17451300,64.86379989624024,62.81603589548676,62.38504798525856,-0.3746420399737857,-0.8442109308773242,0.4695688909035385,62.89996333843727,54.43974385817446,4.157155576650197,123.99929373756233,-6.451676415334262,1.099090853525452,64.25075640749617,62.31800022125244,60.38524403500871,-67766400.0,1896049234.7881355,22541315.8939898,-0.013930183098305626,-1
2022-07-26,63.41999816894531,63.47999954223633,63.0,63.0,59.00763320922852,11610000,64.82019989013672,62.83355628639278,62.45000034513927,-0.3249159001202955,-0.7403519247259186,0.4154360246056231,63.00035413487012,49.15501612700615,2.7229710078040505,66.07759603773839,-25.59144195509323,1.0841557489628082,64.1762544578636,62.29300022125244,60.40974598464128,-79376400.0,1884439234.7881355,16535071.981375933,0.023650759742373406,1
2022-07-27,63.63999938964844,64.55999755859375,63.43000030517578,64.48999786376953,60.4032096862793,20945500,64.77019989013672,62.991312627095326,62.65923821585519,-0.1633936999899958,-0.6249602797787341,0.4615665797887383,63.46762095562045,56.72840219498542,5.203912995777634,112.60060763795276,-1.394417164021455,1.118144449650733,64.45471691194803,62.3640001296997,60.27328334745138,-58430900.0,1902789722.0949528,18413575.252805237,0.00511710097667839,0
2022-07-28,64.38999938964844,64.94000244140625,64.01000213623047,64.81999969482422,60.71229553222656,19385400,64.72559982299805,63.16547330021236,62.89314293634324,-0.0086579988352255,-0.5016998235900324,0.4930418247548068,63.93268884770543,58.21296615947124,7.246858318391291,115.796189738653,-2.222272456904528,1.104705582188236,64.80752455438139,62.46350002288818,60.11947549139498,-39045500.0,1917172325.3632855,22084375.33533192,0.01388462712305083,1
2022-07-29,64.94000244140625,65.76000213623047,64.76000213623047,65.72000122070312,61.55526351928711,23958000,64.67399978637695,63.40876167359244,63.20328590756371,0.1844673360294848,-0.364466391666129,0.5489337276956139,64.54129196402386,62.0381709525216,7.035829947012987,141.35661965791732,-0.6431014095978238,1.0972266120319336,65.36560970890382,62.625,59.88439029109618,-15087500.0,1939213641.4948776,28591541.83502388,0.0013693903867773027,0
2022-08-01,65.69999694824219,66.08000183105469,65.48999786376953,65.80999755859375,61.639556884765625,19450500,64.65679977416993,63.63745080549732,63.50661900838216,0.3408533622534548,-0.2234024408822122,0.564255803135667,65.05455714061426,62.40873760319837,6.747763065291404,144.00362422366044,-4.128505117176518,1.0609964231214497,65.85583608568088,62.78349990844727,59.71116373121367,4363000.0,1940861826.959039,29178756.06576538,-0.015954953066643407,-1
2022-08-02,65.27999877929688,65.45999908447266,64.73999786376953,64.76000213623047,60.65610122680664,17857700,64.60579986572266,63.74436045604334,63.69485731579009,0.3757333392802451,-0.1035752848497207,0.4793086241299659,65.19140172986923,55.59057127394247,2.258013996258188,87.3811997371727,-20.18347874677297,1.0616395139573616,66.06466522729875,62.95650005340576,59.84833487951278,-13494700.0,1923996431.655347,21400103.73936963,0.005867777036489219,0
2022-08-03,65.05000305175781,65.26000213623047,64.6500015258789,65.13999938964844,61.012020111083984,16011100,64.5531999206543,63.877278449720016,63.90280963352748,0.429092266405469,0.0029582254013171,0.4261340410041518,65.38973300082182,57.40427339147852,3.544745744150661,79.0090183176202,-17.184684307719778,1.029379592271233,66.30106176010571,63.14600009918213,59.99093843825855,2516400.0,1933707944.595288,19362490.6558826,0.005066039824174862,0
2022-08-04,65.26000213623047,65.58999633789062,65.18000030517578,65.47000122070312,61.32110977172852,15153600,64.48419998168946,64.02896633267079,64.12414307367234,0.4923326856742491,0.1008331174559035,0.3914995682183455,65.6250498508933,58.97137901487547,3.005034307967658,91.4149517465297,-13.465789427147325,0.9879951176977296,66.58922638429127,63.30550022125245,60.021774058213616,17670000.0,1939991419.7027516,18767982.77811456,-0.007026104718128479,0
2022-08-05,64.66000366210938,65.12000274658203,64.56999969482422,65.01000213623047,60.8902587890625,15130400,64.40820007324218,64.12239831396218,64.28647658938453,0.4995743101499954,0.1805813559947219,0.3189929541552734,65.6851380166488,55.88497617925776,2.539433078237995,46.56884527491364,-30.65900229865458,0.9817098611392424,66.77175256356819,63.43850040435791,60.10524824514764,2539600.0,1949069659.7027516,19707125.66647172,0.002307360728347252,0
2022-08-08,65.52999877929688,65.76000213623047,65.04000091552734,65.16000366210938,61.03075408935547,12069100,64.33480010986328,64.22121787092858,64.45042928059895,0.5115207267164834,0.2467692301390742,0.2647514965774091,65.75982355226122,56.68115673999183,1.9877982228728988,69.67790476986079,-26.36096637493538,0.9651591567721536,66.89701029224594,63.62950057983399,60.36199086742204,14608700.0,1941023678.2951305,15739678.612331867,-0.005371486860722086,0
2022-08-09,65.12999725341797,65.23999786376953,64.69999694824219,64.80999755859375,60.70292663574219,10867800,64.23920013427734,64.2772921268967,64.56285756429037,0.487130443954328,0.294841472902125,0.192288971052203,65.71703592607943,54.22211375863837,2.873011997767857,29.96792936306363,-37.46321746341994,0.9347907109689528,66.93027054361673,63.80350036621094,60.67673018880515,3740900.0,1934583517.5779688,10636610.169965744,0.02252737447108677,1
2022-08-10,66.16999816894531,66.48999786376953,65.94000244140625,66.2699966430664,62.07040786743164,16870800,64.15600006103516,64.46707350938905,64.79776197160993,0.5789370674011138,0.3516605918019228,0.227276475599191,66.0480874292801,61.688611763005326,2.76011604630069,140.57684206850757,-6.3037637640701245,0.988019967698012,67.13305528246126,64.05200023651123,60.9709451905612,20611700.0,1937957490.3560624,8655563.4938488,-0.00030174504420321657,0
2022-08-11,66.52999877929688,66.73999786376953,66.13999938964844,66.25,62.05167007446289,11539400,64.08080001831054,64.63687603230437,65.00709528241839,0.6426725864108249,0.4098629907237032,0.2328095956871216,66.30111493440018,61.54056058736645,2.206109706739114,141.3626571753103,-13.101554643019607,0.9603041467282322,67.0833520893506,64.34250030517578,61.60164852100096,9072300.0,1930649237.92673,4732912.853936434,0.007698145452535332,0
2022-08-12,66.29000091552734,66.7699966430664,66.12999725341797,66.76000213623047,62.52935791015625,13680300,64.03060012817383,64.83907851839257,65.23733355204264,0.7259678490788417,0.4730839623947309,0.2528838866841107,66.62681794395709,63.91896362468224,1.582472453149807,134.5186117305021,-0.265106518180036,0.9374252355082467,67.19161940400123,64.61050033569336,62.029381267385496,22752600.0,1943902262.9821625,6914798.941252232,-0.0059916344080196415,0
2022-08-15,66.19000244140625,66.41000366210938,66.05999755859375,66.36000061035156,62.15470886230469,15733100,63.9436001586914,64.98392824143627,65.40395262581961,0.7510455787448933,0.5286762856647634,0.2223692930801298,66.77513325844636,60.74593452473019,0.8357439175835234,96.74119426173084,-12.275343779980808,0.920466617088852,67.14808072566385,64.84600028991699,62.54391985417013,7019500.0,1955139995.5830865,10754412.80987954,-0.00030145075763932105,0
2022-08-16,65.94999694824219,66.45999908447266,65.94999694824219,66.33999633789062,62.13597106933594,13497100,63.87640014648437,65.11307758395574,65.54623796372186,0.7605386662499569,0.5750487617818021,0.1854899044681548,66.87629679307702,60.58395960219092,2.439768606456263,78.09865647853084,-15.579752210040963,0.8911477255989674,67.27591402683156,64.99650001525879,62.71708600368603,-6477600.0,1962285400.3417144,13621027.923892498,-0.007989128859721695,0
2022-08-17,65.69999694824219,66.16999816894531,65.47000122070312,65.80999755859375,61.639556884765625,14822100,63.793000030517575,65.17945091487366,65.62371392022996,0.7170300582117193,0.6034450210677855,0.1135850371439337,66.8067112866122,56.3006381130615,1.0285510826267883,19.696904542269586,-43.63638255224409,0.8896368249981483,67.23274054441278,65.14149990081788,63.05025925722297,-21299700.0,1961861819.4567008,13420683.10494876,-0.0033429756703341473,0
2022-08-18,65.7300033569336,65.76000213623047,65.36000061035156,65.58999633789062,61.43349838256836,14303900,63.70099990844727,65.21855047897051,65.66642786661784,0.6572208797984729,0.614200192813923,0.0430206869845498,66.67847285072894,54.57576268272648,0.1832825950055959,-13.407645302095268,-53.6364519104724,0.8582339766584368,67.21076003236685,65.24299964904785,63.27523926572885,-35603600.0,1964007036.1440303,12801230.706353905,-0.013721511613569937,-1
2022-08-19,64.97000122070312,65.04000091552734,64.54000091552734,64.69000244140625,60.59053421020508,20257600,63.610599975585934,65.16821257063106,65.61376146589006,0.5310777553414994,0.5975757053194384,-0.066497949977939,66.32714763378227,48.08556007417012,-0.49223147870946,-100.47865467938932,-93.2734612884464,0.8719312227802114,67.10674194323607,65.30749969482422,63.50825744641236,-55861200.0,1955904119.7866085,8805869.456262589,-0.017004208491330663,-1
2022-08-22,63.9900016784668,64.01000213623047,63.43000030517578,63.59000015258789,59.560245513916016,20062200,63.55659996032715,65.01790662605552,65.45019008091518,0.3384460335923478,0.5457497709740202,-0.2073037373816724,65.74332534744681,41.57744858368729,-2.409458903137606,-188.05249840073415,-95.20958015441546,0.8996505737409441,67.14303267932192,65.2924997329712,63.44196678662047,-75923400.0,1946910674.2866216,3509319.062478304,0.00047175309364511087,0
2022-08-23,63.43000030517578,64.08999633789062,63.34999847412109,63.619998931884766,59.58833694458008,19101400,63.53519989013672,64.88477255994403,65.29090429033552,0.1860598746320221,0.4738117917056206,-0.2877519170735985,65.26537932550292,41.80875762691939,-1.836134348922208,-154.51717182628724,-92.10524554617106,0.8882468087429866,67.0349227656451,65.32349967956543,63.61207659348575,-56822000.0,1941748197.6171715,-619086.7718474865,0.0012574950078252378,0
2022-08-24,63.34999847412109,63.90999984741211,63.27999877929688,63.70000076293945,59.663272857666016,12086600,63.558199920654296,64.7719371507055,65.13628534589495,0.0709305813468859,0.3932355496338737,-0.3223049682869878,64.89034060922013,42.46300248113948,-3.878068523179626,-125.80830104995404,-87.96555184165845,0.8698006844124323,67.10359667999587,65.28399982452393,63.46440296905198,-44735400.0,1945777113.073935,-969771.806751728,0.010989022834466233,1
2022-08-25,63.86000061035156,64.41999816894531,63.720001220703125,64.4000015258789,60.31891250610352,13980500,63.60699996948242,64.73651471024583,65.05209503173828,0.0357617590776584,0.3217407915226307,-0.2859790324449722,64.7628934591093,47.9746446132038,-2.792450526975236,-75.00419660227568,-67.9082111135645,0.8591004502405342,67.11297291754275,65.26299991607667,63.41302691461058,-30754900.0,1958958857.967668,3169118.763952732,-0.02624227331310125,-1
2022-08-26,64.43000030517578,64.5,62.66999816894531,62.709999084472656,58.73600769042969,19338300,63.59879997253418,64.54351322207695,64.80895209539504,-0.1270147124885028,0.231989690720404,-0.3590044032089068,64.21970475058671,38.40854015579344,-6.066511267470268,-112.07323720963724,-99.0243675508704,0.9284505488701166,67.25576637885007,65.11249980926513,62.96923323968019,-50093200.0,1940465966.635152,-1309902.223282814,-0.002232489103689117,0
2022-08-29,62.43000030517578,62.83000183105469,62.369998931884766,62.56999969482422,58.60488128662109,16199700,63.61559997558594,64.3555595528148,64.56680922735305,-0.2642667174483222,0.1327384090866587,-0.397005126534981,63.74009560095486,37.73723964741425,-5.711273177619799,-126.00889104425816,-95.4545257505204,0.8949900024629598,67.33465101679381,64.95049991607667,62.56634881535952,-66292900.0,1938352927.2420168,-3695477.686487198,-0.007191957250028191,0
2022-08-30,62.9900016784668,63.060001373291016,61.9900016784668,62.119998931884766,58.18339920043945,24907400,63.6283999633789,64.14264901748813,64.29723770504906,-0.4046862498029071,0.0252534773087455,-0.4299397271116527,63.23481492901364,35.58435825310608,-6.361166172684236,-115.99947512297724,-97.2803893229863,0.9074906947744784,67.50356392368445,64.81849975585938,62.133435588034295,-91200300.0,1919497666.519149,-10334843.543575048,-0.006761078173968538,0
2022-08-31,62.119998931884766,62.34999847412109,61.68000030517578,61.70000076293945,57.79001235961914,32178200,63.61419998168945,63.91001585038825,64.00023780096144,-0.5435938712523978,-0.0885159924034831,-0.4550778788489147,62.71874846609968,33.654556583208965,-6.245246844136368,-121.80799830592126,-99.60706341545306,0.8905269429295373,67.64909344849035,64.64649982452393,61.64390620055751,-123378500.0,1889240602.3068004,-21738664.23053336,-0.013452217516879417,-1
2022-09-01,60.79999923706055,60.93000030517578,60.22999954223633,60.869998931884766,57.01261138916016,33526300,63.591799926757815,63.62049042957839,63.640571049281526,-0.7124407991245647,-0.2133009537476994,-0.4991398453768653,62.0899202710923,30.172174012504836,-7.196215382739957,-160.29263561351456,-89.72713584793134,0.9319179627705078,67.8107196718167,64.416499710083,61.022279748349305,-156904800.0,1917019411.3100207,-15588909.444124935,-0.006571344146551583,0
2022-09-02,61.38999938964844,61.84000015258789,60.27999877929688,60.470001220703125,56.63795852661133,28234000,63.56279998779297,63.320443838256935,63.264714050292966,-0.8685179440859088,-0.3443443518153413,-0.5241735922705675,61.48292566065304,28.63442917823411,-6.5234210255679645,-131.91334807092522,-96.14764532742412,0.976781063521972,67.97884447639072,64.18949966430664,60.40015485222256,-185138800.0,1895663006.448732,-18451146.810629368,-0.0024805940607051102,0
2022-09-06,60.7599983215332,60.88999938964844,60.11000061035156,60.31999969482422,56.49746322631836,21862300,63.49379997253418,63.0346872531681,62.8961902436756,-0.992868900817065,-0.474049261615686,-0.518819639201379,60.96134248163101,28.056943934503757,-5.142318682052393,-127.403083704456,-96.5346671769718,0.9627251860773224,68.0622422430367,63.94749946594239,59.83275668884807,-207001100.0,1885572681.2423463,-21155243.134355783,0.008786451955873353,0
2022-09-07,59.84000015258789,60.86000061035156,59.83000183105469,60.84999847412109,56.99387741088867,21289000,63.4407999420166,62.82662165516362,62.60119014921642,-1.036701013858348,-0.5865796120642185,-0.4501214017941296,60.68830268550181,33.18431405802092,-4.353977529502005,-106.43997112979974,-82.79938295827517,0.9675304427358618,68.05582208220288,63.74949951171875,59.44317694123463,-185712100.0,1906448213.8043444,-13696045.530302765,0.0006573692116749186,0
2022-09-08,60.16999816894531,60.970001220703125,60.060001373291016,60.88999938964844,57.03134536743164,17589900,63.397199935913086,62.64218143940028,62.32885680425735,-1.0560372001721705,-0.6804711296858089,-0.3755660704863613,60.49285654714144,33.56913212873645,-4.411305085769904,-87.94506643794627,-79.6545538414228,0.9634211144984508,67.79555902388742,63.48049964904785,59.16544027420829,-168122200.0,1920945312.8284523,-4786747.227310181,0.02545572758412673,1
2022-09-09,62.060001373291016,62.5,62.02000045776367,62.43999862670898,58.48311614990234,22655100,63.38939987182617,62.62292593342967,62.2297614687965,-0.935505359140592,-0.7314779755767655,-0.2040273835638264,60.75286592270143,46.44133811687629,-3.0434826905746406,6.821087355478783,-44.11139573864673,1.009605364202245,67.43210995318348,63.2899995803833,59.14788920758312,-145467100.0,1937936502.793404,4699412.269790411,0.013933420334988567,1
2022-09-12,63.220001220703125,63.59000015258789,63.150001525878906,63.310001373291016,59.29798889160156,22338600,63.405799865722656,62.68836168960694,62.23166640145438,-0.7610086223185348,-0.7373841049251194,-0.0236245173934154,61.20816225094439,52.05678161591708,0.9567888655366338,68.22416577136522,-25.48177929966379,1.0196336614648638,66.9424112738509,63.11749954223633,59.29258781062176,-123128500.0,1931844192.551777,6214432.235378265,-0.03474965590298629,-1
2022-09-13,62.130001068115234,62.47999954223633,61.060001373291016,61.11000061035156,57.23740005493164,26513900,63.37519989013672,62.53804158682072,62.04047602698917,-0.7911208281503406,-0.7481314495701636,-0.0429893785801769,61.024219858346,40.49462979062867,-2.333385155175935,-29.22894102699954,-72.59102181648277,1.1075169713602306,66.4685258686384,62.85499954223633,59.24147321583427,-149642400.0,1907197442.5249128,-1572882.9904630184,0.0032727992299443898,0
2022-09-14,61.29999923706055,61.56999969482422,60.95000076293945,61.310001373291016,57.42473220825195,19052800,63.37539993286133,62.42108537600837,61.89333334423247,-0.7897429134176974,-0.7564537423396704,-0.0332891710780269,60.93801655974677,41.76102306360213,-1.3039239737945276,-38.4651555874642,-68.30834855400863,1.0726942542548403,65.89787793766662,62.603499794006346,59.30912165034607,-130589600.0,1910270550.4133515,-3637806.4373981953,-0.008807713316453913,0
2022-09-15,60.86000061035156,61.400001525878906,60.66999816894531,60.77000045776367,56.91894912719727,23181900,63.36379997253418,62.2638391933184,61.7187143598284,-0.8227404274621932,-0.769711079364175,-0.0530293480980181,60.7398845764584,39.327390060964085,-1.50729383091741,-51.957121822610496,-79.87154185712933,1.0482163330176084,65.38711026079511,62.35149993896484,59.31588961713458,-153771500.0,1893439972.053559,-9507022.194951056,-0.00608851290270962,0
2022-09-16,60.2400016784668,60.619998931884766,60.060001373291016,60.400001525878906,56.57239532470703,31914300,63.32620002746582,62.08633084403845,61.53285736810594,-0.8687328056535293,-0.7895154246220459,-0.0792173810314833,60.49426158523018,37.706008694379314,-0.7721330938937582,-87.81422476053562,-84.84042688104734,1.0240579581215403,64.85056268462402,62.09200019836426,59.33343771210449,-185685800.0,1900278936.967728,-8867755.968991756,0.003476805946481365,0
2022-09-19,59.709999084472656,60.650001525878906,59.70000076293945,60.61000061035156,56.76908493041992,19597500,63.29140007019043,61.9457279646397,61.39171455019997,-0.8781145675189705,-0.8072352532014309,-0.0708793143175396,60.3606467582781,39.23719996643468,0.231518747845677,-82.67394867693669,-76.60668405672034,1.018768158465677,64.44388435027587,61.888000106811525,59.332115863347184,-166088300.0,1918226084.730912,-2089622.2274503708,-0.016993875085375976,-1
2022-09-20,59.77000045776367,59.900001525878906,59.22999954223633,59.58000183105469,55.80435943603516,23429600,63.25620010375977,61.72042071382208,61.17190519060407,-0.957623091915643,-0.8373128209442734,-0.1203102709713695,59.99734581145868,34.728298132133766,-1.2267869156389055,-134.51521200673557,-91.97242569215749,1.044570509154931,64.3062315205236,61.68750019073487,59.068768860946136,-189517900.0,1919275258.9026408,1207044.4694075584,-0.013091684626091782,-1
2022-09-21,59.52999877929688,60.040000915527344,58.75,58.79999923706055,55.07378768920898,22678800,63.20560005187989,61.442285335082886,60.896905099777946,-1.071225440842305,-0.8840953449238798,-0.1871300959184252,59.51142250211029,31.752554813839144,-3.368938847110053,-150.503590813484,-98.9669579445403,1.0621012524672464,64.19350801115563,61.44650020599365,58.69949240083168,-212196700.0,1898354477.3409224,-4210662.785097837,-0.0028911253597120323,0
2022-09-22,59.02999877929688,59.150001525878906,58.34999847412109,58.630001068115234,54.9145622253418,25400900,63.152200088500976,61.174448738228826,60.62866708664667,-1.1615835403349948,-0.9395929840061028,-0.2219905563288919,59.08478757923033,31.12655259966815,-3.711608382636004,-156.29054984222677,-94.65644075755192,1.043379952416573,63.99654858703259,61.19300022125244,58.38945185547229,-237597600.0,1890734304.2372968,-8468810.578085423,-0.031894980598917266,-1
2022-09-23,57.290000915527344,57.34999847412109,56.310001373291016,56.7599983215332,53.163063049316406,33958900,63.07860008239746,60.75402488901972,60.20647642953056,-1.3683135121396788,-1.025337089632818,-0.3429764225068608,58.26728515058893,25.23331238988087,-9.096733552370916,-222.16108752754684,-93.818722201961,1.134567076874262,63.835816856256336,60.81100006103516,57.78618326581398,-271556500.0,1886162796.4780345,-10895458.909701824,-0.01479915745996807,-1
2022-09-26,56.18000030517578,56.68999862670898,55.619998931884766,55.91999816894531,52.37629699707031,41892400,62.96900001525879,60.29364139186978,59.740666725522,-1.5816966815704134,-1.1366090080203373,-0.4450876735500761,57.399319234104944,23.11612205443512,-11.672726337142947,-184.40417371249535,-96.23589471628613,1.1349550992152746,64.04244050255419,60.47150001525879,56.9005595279634,-313448900.0,1867761408.8576217,-16752669.387339592,-0.006795373137708616,0
2022-09-27,56.18999862670898,56.4900016784668,55.220001220703125,55.540000915527344,52.02037811279297,38742700,62.84680000305176,59.84091372745621,59.27100014459519,-1.761165365225331,-1.261520279461336,-0.4996450857639949,56.6127228514134,22.208328113371383,-9.114710586143742,-149.72991738943853,-96.176825141456,1.1446011962544458,64.14996330547352,60.12000007629395,56.090036847114376,-352191600.0,1848542563.515906,-23740918.15625167,0.02412675784118079,1
2022-09-28,55.52000045776367,57.02999877929688,55.34999847412109,56.880001068115234,53.27546310424805,35116000,62.71779998779297,59.55892204561422,58.96242881048293,-1.774809873122031,-1.364178198193475,-0.4106316749285559,56.3419371825249,32.30418520235498,-7.225575282902634,-102.63724138835296,-80.1672633303633,1.182843989748828,64.01318338996208,59.85800018310547,55.702816976248855,-317075600.0,1877387946.05277,-15263405.649417875,-0.011779218900510147,-1
2022-09-29,56.0099983215332,56.25,55.43999862670898,56.209999084472656,52.64792251586914,30971600,62.58379997253418,59.239977001695976,58.615000134422665,-1.8187217127832724,-1.4550869011114345,-0.363634811671838,55.973361914209,30.19415399442085,-7.503704688072703,-99.0067465849173,-88.17206702382933,1.2012124505815014,63.936330841831214,59.58350009918213,55.23066935653305,-348047200.0,1905300557.7690508,-1526464.4733128548,-0.003558099380839508,0
2022-09-30,55.959999084472656,56.70000076293945,55.88999938964844,56.0099983215332,52.46059036254883,38527600,62.43279991149903,58.93235998453761,58.27466663178944,-1.8483538792163612,-1.5337402967324198,-0.3146135824839415,55.64678647984204,29.57318707462064,-7.26821704212171,-77.89014116196041,-89.11849471800922,1.1732688022036095,63.91585869466184,59.34050006866456,54.76514144266727,-386574800.0,1878188421.990548,-4394625.878674269,0.019817901153637685,1
2022-10-03,56.59000015258789,57.36000061035156,56.36000061035156,57.119998931884766,53.50025177001953,37451600,62.30719985961914,58.75975416999925,58.0631903330485,-1.76195904492117,-1.5793840463701698,-0.1825749985510001,55.69462822255006,37.28241957049796,-5.758128433133097,-43.98100109164815,-70.07876901191507,1.1858926226760915,63.81548332978176,59.172999954223634,54.53051657866551,-349123200.0,1897663128.2680137,1028044.260023594,0.04009105319238815,1
2022-10-04,58.630001068115234,59.5,58.61000061035156,59.40999984741211,55.6451301574707,32480200,62.217599868774414,58.82168232975285,58.08576175144741,-1.4915133433666767,-1.5618099057694714,0.0702965624027947,56.35412751941292,49.55164711661764,-0.2853339684759267,44.19557882686201,-32.20067281874016,1.271186083064602,63.74187781850904,59.12749996185303,54.51312210519701,-316643000.0,1923574283.4122863,11397409.20266652,-0.010604293380463092,-1
2022-10-05,58.41999816894531,59.11000061035156,58.09000015258789,58.77999877929688,55.0550537109375,28550700,62.13319984436035,58.81771246780467,58.05266640072777,-1.3128848778574778,-1.5120249001870727,0.1991400223295949,56.75347777836062,46.83703588657962,-0.0340143843931529,33.85773025938882,-34.43835435514746,1.2746727696188602,63.57156913063263,59.02399997711181,54.476430823591,-345193700.0,1933650906.8446157,17809492.389246225,-0.017522946592160582,-1
2022-10-06,58.09000015258789,58.380001068115234,57.68999862670898,57.75,54.09033203125,28668800,61.99839988708496,58.71602556610899,57.931333069574265,-1.240137294649088,-1.457647379079476,0.2175100844303878,56.83192624500747,42.71674562007489,-1.5009398807495598,11.76200436635616,-53.40702325770913,1.2614818684023634,63.36255488675198,58.86700000762939,54.37144512850681,-373862500.0,1909968081.5814576,11278128.16463828,-0.015930704224161207,-1
2022-10-07,57.47999954223633,57.54999923706055,56.63999938964844,56.83000183105469,53.22863006591797,22200000,61.83859992980957,58.53640425800858,57.73733324323382,-1.2423988734797575,-1.4145976779595324,0.1721988044797748,56.67378115941053,39.3840636590924,0.1233324728533808,-24.831858373657035,-66.59749559568638,1.250661778541592,62.849351504524414,58.58650016784668,54.32364883116895,-396062500.0,1897038531.9254096,3466974.439952612,-0.005630890360918794,0
2022-10-10,56.79999923706055,56.86000061035156,56.18000030517578,56.5099983215332,52.92890548706055,26510200,61.65439987182617,58.3434132164395,57.53957116263253,-1.2555397194943438,-1.382786086266495,0.1272463667721508,56.476746583995975,38.2657630738934,1.0550789912499354,-45.19388833782696,-73.23657297706274,1.2099002447297484,62.00277215124119,58.24650001525879,54.49022787927639,-422572700.0,1896258653.9463005,-291820.0262219906,-0.010971490891878433,-1
2022-10-11,56.13999938964844,56.790000915527344,55.709999084472656,55.88999938964844,52.34819793701172,26577200,61.45599990844727,58.10975475674512,57.31514253162202,-1.3009857134225626,-1.3664260116977085,0.0654402982751456,56.16999527499705,36.12547385807068,0.630173691666693,-65.05123316821557,-84.34583270943408,1.2006217866101012,61.63348407428191,57.985499954223634,54.33751583416536,-449149900.0,1878540520.6129675,-7440567.456970215,-0.0032206174117281883,0
2022-10-12,55.7400016784668,56.040000915527344,55.54999923706055,55.709999084472656,52.17960357666016,24455800,61.27499984741211,57.88120659748107,57.09842816307431,-1.3361244998085766,-1.360365709319882,0.0242412095113053,55.88788096196138,35.50458550194254,-2.056965474106569,-85.99583962274157,-88.55144851583279,1.149863207457008,61.143421710393056,57.70549983978272,54.26757796917238,-473605700.0,1870055785.3676207,-12388328.306071045,0.02064264126328852,1
2022-10-13,54.7400016784668,57.119998931884766,54.61000061035156,56.86000061035156,53.25672912597656,48010100,61.10939987182617,57.78394888442112,57.01790442693801,-1.256690384516013,-1.3396306443591082,0.0829402598430955,55.97142104956719,42.32481259806643,1.1563806021453245,-45.27571826534299,-53.987724318269045,1.2470157156053077,60.66137522686564,57.50999984741211,54.358624467958585,-425595600.0,1908119627.388439,-1174978.1644363403,-0.014949037630921369,-1
2022-10-14,57.220001220703125,57.400001525878906,55.95000076293945,56.0099983215332,52.46059036254883,28145900,60.92019981384277,57.61500121176512,56.875047138759065,-1.2479408712493338,-1.3212926897371533,0.0733518184878194,55.83498574650414,39.03877491113232,0.0,-27.696358877362258,-71.37018638191913,1.2615146475577466,60.2090651697742,57.29049968719482,54.37193420461545,-453741500.0,1882302947.2448485,-4695280.591779232,0.024638477226746947,1
2022-10-17,57.22999954223633,57.650001525878906,57.220001220703125,57.38999938964844,53.75313568115234,32731000,60.76779975891113,57.593572466801625,56.88452330089751,-1.1167787358061432,-1.2803898989509512,0.163611163144808,56.09598648174353,46.324866706434825,0.4726898858763035,41.69825984383433,-43.14930212094074,1.288549544471172,59.62198897616308,57.12949962615967,54.63701027615626,-421010500.0,1875451975.704244,-7888415.202995539,0.007144099177078367,0
2022-10-18,58.2400016784668,58.29999923706055,57.380001068115234,57.79999923706055,54.13716506958008,26876700,60.62059967041016,57.61323215920724,56.94838040669759,-0.9685830152430556,-1.218028522209372,0.2494455069663166,56.42938836549922,48.30185838002678,-2.709982518913765,63.72551446596849,-34.764846117121365,1.2622244462193248,59.29210798861367,57.04049949645996,54.78889100430624,-394133800.0,1873114813.212744,-9221211.50006175,-0.01228372134678879,-1
2022-10-19,57.2599983215332,57.5,56.709999084472656,57.09000015258789,53.47215270996094,22958200,60.46619972229004,57.563400539529205,56.95309475490025,-0.8980753774921055,-1.1540378932659188,0.2559625157738132,56.52905782831564,45.19727895442956,-2.8751253178049265,0.3805582381710503,-49.28425660980245,1.249922710959937,59.05781242711374,56.95499954223633,54.85218665735892,-417092000.0,1872243019.3181844,-9205543.360761166,-0.0022771250265856136,0
2022-10-20,57.13999938964844,57.79999923706055,56.83000183105469,56.959999084472656,53.35038757324219,25989700,60.27999977111816,57.50593373428572,56.9535709017799,-0.8429703291039203,-1.0918243804335193,0.2488540513295989,56.58590149710356,44.6316190554719,-1.3679669532941017,2.68371035863697,-51.9427654920414,1.22992804632036,58.82925630724799,56.8714994430542,54.91374257886041,-443081700.0,1853219502.1063817,-14415203.383824589,0.018082910999816404,1
2022-10-21,56.43999862670898,58.0099983215332,56.220001220703125,57.9900016784668,54.31511688232422,37761800,60.1147998046875,57.55203544325535,57.06009492420015,-0.708024909573993,-1.015064486261614,0.307039576687621,56.90745568289127,49.97377893429023,2.0411751012441965,18.48482482233143,-30.879315133038556,1.26993297878534,58.94928476107725,56.93299961090088,54.916714460724506,-405319900.0,1890137603.2693331,-3489286.35197258,0.00017241457568228924,0
2022-10-24,57.77999877929688,58.25,57.4900016784668,58.0,54.324485778808594,20327600,59.93959976196289,57.59469873437389,57.16171400887625,-0.5934321944402186,-0.9307380278973352,0.3373058334571165,57.17949614078263,50.0241856498908,2.636704517294296,81.60506236134303,-24.66668023003472,1.2335090746959014,59.04812011467079,57.03699970245361,55.02587929023644,-384992300.0,1897091752.6813169,3510298.7332320213,0.0220689444706359,1
2022-10-25,58.41999816894531,59.33000183105469,58.40999984741211,59.27999877929688,55.52337265014648,21583300,59.7979997253418,57.75520350055703,57.37533296857561,-0.394780652389322,-0.8235465527957325,0.4287659004064105,57.7382927293942,56.11991039817907,6.065484749810745,183.18188953117277,-1.059386415801744,1.2404014144358146,59.33651879563977,57.22399959564209,55.11148039564441,-363409000.0,1916328903.6812212,12175558.97412777,0.009446717017925765,0
2022-10-26,59.2599983215332,60.25,59.2400016784668,59.84000015258789,56.047882080078125,27095500,59.667999801635744,57.9537555626552,57.624475878760926,-0.1899705808061327,-0.6968313583978125,0.5068607775916798,58.34243689351436,58.50458850334953,7.413392812756906,203.55388651288095,-7.269501627333796,1.2239440506570567,59.76368226501798,57.37199954986572,54.98031683471346,-336313500.0,1921426048.577639,16235387.996615648,-0.009358311695572219,0
2022-10-27,59.630001068115234,60.08000183105469,59.25,59.27999877929688,55.52337265014648,20349600,59.53739982604981,58.08006444043061,57.80619009108771,-0.0720144168276348,-0.571867970083777,0.4998535532561421,58.68984368916036,55.26987779498997,4.256064268322836,142.85381229178586,-17.198605065160866,1.1958053206854589,59.9920640329088,57.525499534606936,55.05893503630507,-356663100.0,1902547440.8967865,10413453.062215328,0.009952769310682452,0
2022-10-28,59.18999862670898,59.869998931884766,59.08000183105469,59.869998931884766,56.07597732543945,19235500,59.42299987792969,58.25053439199767,58.0294757479713,0.0682875975138372,-0.4438368565642541,0.5121244540780914,59.12276122529318,57.91027532248285,6.891627791510885,118.09444763658986,-6.737608319828581,1.1668190192672174,60.28266240639759,57.71849956512451,55.15433672385143,-337427600.0,1921782940.8967865,13205461.219759464,-0.009353558853923971,0
2022-10-31,59.20000076293945,59.43999862670898,59.11000061035156,59.310001373291016,55.55146789550781,27032700,59.31539985656738,58.35143600926371,58.18104734874907,0.1327604519674778,-0.3285173948579077,0.4612778468253856,59.32538754728897,54.61494162393658,3.345534072246206,83.71522644405371,-16.666644121172112,1.137760398000502,60.46654189248808,57.827999687194826,55.18945748190157,-364460300.0,1927517471.9486089,14971773.41708374,0.007924420757432715,0
2022-11-01,60.5,60.52000045776367,59.5099983215332,59.77999877929688,55.99168014526367,42687000,59.239199829101565,58.48748960640973,58.36695202418736,0.2192531030644673,-0.2189632952734327,0.4382163983379001,59.60515220661238,56.835024948672746,3.425604789570287,101.76591673542268,-12.521179315949126,1.1429203041770843,60.53388705780254,57.846499633789065,55.15911220977559,-321773300.0,1907653214.8461115,8012839.927277803,-0.01455334475828185,-1
2022-11-02,59.869998931884766,60.650001525878906,58.90999984741211,58.90999984741211,55.17681884765625,30497700,59.14499984741211,58.527728676981376,58.46823775881813,0.215117765590513,-0.1321470831006436,0.3472648486911566,59.59949567523452,51.7852672487613,3.1879483096160373,64.83940693417456,-37.02130629822648,1.1855689737692066,60.54999886663688,57.85299968719482,55.156000507752765,-352271000.0,1877155514.8461115,-5266250.130122185,-0.008487523362673444,0
2022-11-03,58.11000061035156,58.68999862670898,58.060001373291016,58.40999984741211,54.7085075378418,23604200,59.03919982910156,58.51651640749859,58.521285393124536,0.1695403044289776,-0.0718096055947193,0.241349910023697,59.45579063011356,49.085986973287945,2.5456474477625552,-12.330940624428896,-50.564368491119424,1.16159965236577,60.59328182675831,57.88599967956543,55.17871753237255,-375875200.0,1879778203.7350004,-9385363.222582815,0.04006163599898671,1
2022-11-04,60.16999816894531,60.81999969482422,59.790000915527344,60.75,56.90021514892578,33756400,58.96619979858399,58.72922913059397,58.79404732840402,0.3185660629341669,0.0062655281110578,0.312300534823109,59.93646239906654,59.678693106556736,4.7594382508149895,113.95839733472428,-1.521733000956993,1.25077109486908,61.01341324765576,58.08199958801269,55.15058592836962,-342118800.0,1908946369.756748,-936460.0059804916,0.0031275494108473634,0
2022-11-07,60.970001220703125,61.209999084472656,60.709999084472656,60.93999862670898,57.07817459106445,19904600,58.93079978942871,58.93977860641444,59.06623771304176,0.4468503389599334,0.094382490280833,0.3524678486791004,60.370012550690696,60.39912614949235,5.068963149498237,129.71492677086815,-5.4108331332975,1.1971445880927172,61.39159466683067,58.30349960327148,55.215404539712296,-322214200.0,1907353965.3103364,2098368.077496767,0.011322652723261495,1
2022-11-08,61.36000061035156,62.0099983215332,61.220001220703125,61.630001068115234,57.72444915771485,19882900,58.91199981689453,59.195990269433565,59.38304737636021,0.5973085808705321,0.1949677083987728,0.4023408724717592,60.89263339860816,62.98563615192676,3.964241459530991,158.28876293282184,-6.562995573235964,1.188062810002111,61.79283956168979,58.59049968719482,55.388159812699854,-302331300.0,1908109080.2031624,3389391.752318859,-0.013954252725082106,-1
2022-11-09,61.20000076293945,61.63999938964844,60.7599983215332,60.77000045776367,56.91894912719727,22418600,58.88499984741211,59.34589600165548,59.59061887831915,0.639777997144293,0.2839297661478768,0.3558482309964161,61.08410529640931,57.90886850020041,1.5541448910500406,109.68666939815328,-21.41620871609349,1.1660583998673335,61.89137319649449,58.843499755859376,55.79562631522426,-324749900.0,1886200102.0648189,-3361627.220392227,0.056113210823194315,1
2022-11-10,63.27000045776367,64.18000030517578,62.91999816894531,64.18000030517578,60.11285018920898,29640900,58.93459983825684,59.80628688770504,60.098857025873095,0.937783618837294,0.4147005366857603,0.5230830821515335,62.110749432636936,68.68639537812635,8.2658596942991,228.5369737066876,0.0,1.326339931834818,62.905781981627584,59.209499740600585,55.51321749957359,-295109000.0,1915841002.0648189,3613390.2198979855,0.019943888644600838,1
2022-11-11,64.76000213623047,65.55999755859375,64.51000213623047,65.45999908447266,61.31173324584961,24071300,59.0263998413086,60.34473566834957,60.69414267767044,1.2626849786963843,0.5842974250878852,0.6783875536084993,63.266020042525525,71.62354783047613,9.336897030761168,221.5606578720717,-1.3333136664396503,1.330172597662186,63.98732947629249,59.68199977874756,55.37667008120263,-271037700.0,1935327342.5138648,12338515.65926814,-0.010540825711223056,-1
2022-11-14,64.93000030517578,65.3499984741211,64.7699966430664,64.7699966430664,60.66546249389648,21599900,59.11239974975586,60.76618909451308,61.17871380760556,1.4478048239587409,0.7569989048620563,0.6908059190966845,64.0106755710004,67.92485794641274,9.205859287391927,159.77257974917478,-10.533350897903905,1.284446157929619,64.75398906002184,60.05099964141846,55.34801022281508,-292637600.0,1913727442.5138648,7913506.4608953,0.006638881078617542,0
2022-11-15,65.81999969482422,65.93000030517578,64.5999984741211,65.19999694824219,61.06821441650391,34956600,59.20999969482422,61.18845650915395,61.66909450349354,1.6106445581360518,0.9277280355168556,0.6829165226191963,64.70580437898698,68.99926033603815,9.066574572802384,130.18970021160808,-9.27577453633488,1.2877001345814096,65.50622753556203,60.42099952697754,55.335771518393045,-257681000.0,1910310508.356023,4296659.423984528,-0.002300519992408101,0
2022-11-16,65.30000305175781,65.41000366210938,64.86000061035156,65.05000305175781,60.9277229309082,22730400,59.29399978637695,61.55622284654479,62.10995198204404,1.7079052976364937,1.0837634879407831,0.6241418096957103,65.20749115756784,68.14182447869868,10.422684128754808,101.15838362664029,-11.18166928654488,1.2350074858082951,66.04320782224869,60.818999671936034,55.59479152162338,-280411400.0,1903284863.0127025,191002.1701927185,-0.0004612822026700547,0
2022-11-17,64.22000122070312,65.05999755859375,64.19999694824219,65.0199966430664,60.89961624145508,21271100,59.37659973144531,61.88610606526114,62.510046931675504,1.7622497498550516,1.2194607403236368,0.5427890095314147,65.58028629613393,67.95988165253033,11.316549927960937,75.59974698448775,-11.56294517935138,1.2082212804185286,66.43678748369665,61.22199954986572,56.00721161603479,-301682500.0,1922577212.151291,4632526.004084349,0.0019994600049915157,0
2022-11-18,65.31999969482422,65.33000183105469,64.93000030517578,65.1500015258789,61.02138519287109,18431100,59.43079978942871,62.19695325198664,62.88414235796248,1.7951154537850584,1.3345916830159212,0.4605237707691372,65.88837307501466,68.3541288024766,7.24280086564429,74.14992438290304,-9.911040472150043,1.1504912979514126,66.8409913758402,61.57999954223633,56.31900770863246,-283251400.0,1924420357.3056903,6614829.575795889,-0.007521072176412624,0
2022-11-21,64.5999984741211,64.77999877929688,64.37000274658203,64.66000366210938,60.56244659423828,21877400,59.45779983520508,62.43152948152214,63.177476083664665,1.7613196320758462,1.4199372728279065,0.3413823592479399,65.98255039096078,65.1025687337696,6.104373349575334,51.0890343547968,-16.1371895226199,1.1240275466189455,67.06746228866089,61.9129997253418,56.7585371620227,-305128800.0,1933491871.554188,9710814.700036764,0.013918865535291758,1
2022-11-22,65.06999969482422,65.58000183105469,64.97000122070312,65.55999755859375,61.4053955078125,14698700,59.54679977416992,62.72947882219563,63.524809210641045,1.786563790489602,1.4932625763602454,0.2933012141293565,66.26278855191478,68.10377835799981,6.376758757694928,67.25816920154601,-4.701433250301856,1.1094540196422575,67.46605304375913,62.22699966430664,56.98794628485414,-290430100.0,1947226517.438071,14464667.332094908,0.0109823253129262,1
2022-11-23,65.68000030517578,66.37999725341797,65.68000030517578,66.27999877929688,62.07978057861328,13400800,59.64619972229004,63.0676235800148,63.9108091263544,1.8434182707788052,1.5632937152439577,0.2801245555348477,66.64933153462894,70.30406011163866,9.066971005476228,90.20250760900406,-1.5174283716385517,1.0887787107266833,67.9507355685554,62.54899959564209,57.14726362272877,-277029300.0,1956798559.168861,18140105.11117983,0.005129812515798582,0
2022-11-25,66.36000061035156,66.76000213623047,66.36000061035156,66.62000274658203,62.398223876953125,10934400,59.76319976806641,63.40594540540216,64.2985237121582,1.8940775872471889,1.629450489644604,0.2646270976025848,67.02422705506754,71.31052156172998,3.8018112025616126,106.87658304849369,-2.314038331067636,1.0452947568843198,68.37652495210311,62.915999794006346,57.45547463590958,-266094900.0,1960078941.7357607,19038350.918348078,-0.012909044954905635,-1
2022-11-28,66.29000091552734,66.56999969482422,65.72000122070312,65.76000213623047,61.59272766113281,18618500,59.87039978027344,63.63014128452866,64.5693810780843,1.843578967845396,1.6722761852847623,0.1713027825606332,67.07801587641923,65.28349729898106,0.4582998105005691,81.3193519134359,-16.666656070292106,1.0349166689553615,68.61720498028544,63.21049995422364,57.80379492816184,-284713400.0,1943212814.4009376,12308560.87671423,0.0028892154172701634,0
2022-11-29,65.91999816894531,66.31999969482422,65.79000091552734,65.94999694824219,61.77068328857422,17666900,59.97719970703125,63.85107991916804,64.83028555370512,1.7981613568181984,1.6974532195914498,0.1007081372267486,67.14189213321808,65.96782898319913,1.8218316602338436,82.27426248693838,-13.50007788335299,1.0009938753581038,68.76262949635488,63.5424997329712,58.32236996958752,-267046500.0,1936212482.0263195,6209126.388056755,0.017740801402281514,1
2022-11-30,66.47000122070312,67.3499984741211,65.83000183105469,67.12000274658203,62.866546630859375,41966500,60.1279997253418,64.16240590273128,65.17100012642997,1.8354196869998631,1.7250465130731325,0.1103731739267306,67.46960652050419,69.902368851543,2.94479430706723,141.89778902718368,-5.191776787697899,1.0380655016229825,69.05142768669778,63.909499931335446,58.76757217597312,-225080000.0,1965478801.7413208,12461447.971283196,0.009684056464337232,0
2022-12-01,67.87000274658203,68.05999755859375,67.41999816894531,67.7699966430664,63.4753532409668,24209700,60.30739967346192,64.50598597323938,65.53866647992815,1.89554558772214,1.759146328002934,0.1363992597192056,67.87901630694509,71.84950483106311,4.181388875792056,187.75815633462852,-7.512975898232588,1.031060452365035,69.2141982771552,64.35249977111816,59.49080126508112,-200870300.0,1967748370.928074,14608492.6355443,-0.00073772207229994,0
2022-12-02,67.13999938964844,67.93000030517578,67.13999938964844,67.72000122070312,63.42851638793945,36230700,60.48919967651367,64.81208266347403,65.85938090369815,1.91706287695736,1.790729637793819,0.1263332391635405,68.17341476540741,71.46652817971903,4.1525756952259725,139.08902537075247,-8.808193889369843,1.0138419140194856,69.05765822718118,64.81799983978271,60.57834145238425,-237101000.0,1984717286.086408,19557984.581708197,-0.01314234160669725,-1
2022-12-05,67.48999786376953,67.68000030517578,66.63999938964844,66.83000183105469,62.59492874145508,26304900,60.6905997467041,65.00426544133884,66.05100014096215,1.8410771792983809,1.8007991460947317,0.0402780332036494,68.15559461980354,64.8406973195831,2.578665028132733,83.42052182280311,-31.86516924998716,1.018567622379143,69.00850798902219,65.12199993133545,61.23549187364871,-263405900.0,1968023906.896297,14493248.400857449,-0.004489047486729292,0
2022-12-06,66.97000122070312,67.11000061035156,66.25,66.52999877929688,62.31393051147461,25663000,60.90279975891113,65.14957337828723,66.18509526933943,1.736631421399153,1.7879656011556158,-0.0513341797564628,68.0361898455871,62.7294938495733,2.89204301156468,42.533391170751365,-39.63726780751792,1.0072414072343157,68.82072924309134,65.40149993896485,61.98227063483835,-289068900.0,1959071612.880932,8255285.649178982,0.0,0
2022-12-07,66.55999755859375,66.80999755859375,66.27999877929688,66.52999877929688,62.31393051147461,23274300,61.12259971618652,65.28104246409768,66.29257134937104,1.6350100279293969,1.757374486510372,-0.1223644585809751,67.91345580246221,62.729493849573295,1.4795626248097309,28.314843102094105,-39.63726780751792,0.973152648095927,68.62322460831966,65.64649982452393,62.6697750407282,-289068900.0,1957754250.244898,4533750.443920136,0.00511053620206825,0
2022-12-08,66.5199966430664,66.94000244140625,66.31999969482422,66.87000274658203,62.63238525390625,20080400,61.32239974975586,65.43237201481048,66.40909543718611,1.563882357753002,1.7186760607588982,-0.1547937030058963,67.87837445904226,64.25908634209924,0.8901689471205135,34.87714146857472,-32.24922723842408,0.9479276551306488,67.95951707646199,65.95149993896484,63.9434828014677,-268988500.0,1973300406.2284088,7545649.268893003,0.0005981892311106574,0
2022-12-09,67.02999877929688,67.41999816894531,66.87000274658203,66.91000366210938,62.66985702514648,25772900,61.536399841308594,65.57309883836275,66.50038150605701,1.4935244856881695,1.6736457457447529,-0.1801212600565831,67.83908792142954,64.44396823050981,0.4353060696056822,62.799825765579264,-31.16519006316486,0.919503924218694,67.96248865789606,66.08800010681152,64.21351155572698,-243215600.0,1951276408.6878688,1084186.0008559227,0.0029890440486621817,0
2022-12-12,66.9000015258789,67.11000061035156,66.68000030517578,67.11000061035156,62.857177734375,18725400,61.75839988708496,65.71947043569502,66.59771488734654,1.4373347471987046,1.6263835460355431,-0.1890487988368385,67.83940252931725,65.40746276610159,2.0529173209641858,43.76362813077389,-30.74427424372611,0.8845393800013429,68.07221052562046,66.17050018310547,64.26878984059049,-224490200.0,1970001808.6878688,4300379.57294488,0.010132622544945846,1
2022-12-13,68.6500015258789,68.77999877929688,67.54000091552734,67.79000091552734,63.74866485595703,29377300,61.97179992675781,65.91666381472666,66.7519530523391,1.431176603242946,1.587342157477024,-0.1561655542340778,67.99800265035839,68.52997062970078,2.789998563198113,163.8674610123359,-31.935430679533283,0.9406435792116266,68.23397849074745,66.32150039672851,64.40902230270957,-195112900.0,1952470214.579125,-353082.96152305603,-0.0008850502697073104,0
2022-12-14,67.88999938964844,68.33000183105469,67.29000091552734,67.7300033569336,63.69223403930664,23707700,62.138199996948245,66.08936281874637,66.88609619140625,1.4052560116719093,1.5509249283160012,-0.1456689166440918,68.09501027550516,67.94719442982856,0.9088208959923288,109.28775692029656,-34.31360327116785,0.9477405318056064,68.38159458781175,66.44800071716308,64.51440684651442,-218820600.0,1948822969.766008,-3385160.7151129246,-0.02554264389766181,-1
2022-12-15,66.88999938964844,67.01000213623047,65.7699966430664,66.0,62.065372467041016,25617500,62.28260002136231,66.08085207410386,66.84342945643834,1.2309275765640422,1.4869254579656097,-0.2559978814015673,67.70893938476125,53.75270860389472,-2.611770297685998,-87.16550781345647,-90.84970579435524,1.0200452590957192,68.33371212710368,66.4955005645752,64.65728900204671,-244438100.0,1932708832.499042,-9445039.77060604,-0.008787906531131595,0
2022-12-16,65.45999908447266,65.76000213623047,65.12999725341797,65.41999816894531,61.51995086669922,23998700,62.43599998474121,66.0179136069459,66.74100065685454,1.0340498522607646,1.3963503368246406,-0.362300484563876,67.22763348133711,49.982759655187685,-3.3963423069972767,-173.2882749977304,-92.05477275910144,1.0093279367733128,68.29688786787229,66.51550064086913,64.73411341386598,-268436800.0,1930804072.2805767,-11671501.292764423,-0.0024456746743045654,0
2022-12-19,65.62999725341797,65.72000122070312,65.08999633789062,65.26000213623047,61.36948776245117,21180700,62.604599990844726,65.94573156211585,66.62142937069848,0.855253662777983,1.2881310020153092,-0.4328773392373262,66.78065255947203,48.96260925963249,-2.349243830328115,-163.4047769610018,-95.39279984120944,0.982233432918969,68.28609477188373,66.52100067138672,64.7559065708897,-289617500.0,1921054527.533919,-14623408.762786863,0.003983979441085417,0
2022-12-20,65.4000015258789,65.8499984741211,65.30999755859375,65.5199966430664,61.613990783691406,21440600,62.78479995727539,65.90518537934923,66.52609565371559,0.7261650001925943,1.1757378016507662,-0.4495728014581719,66.47402533104915,50.72268223123032,-1.518115368648956,-115.49952039369468,-88.34688290851349,0.9542164975598016,68.1813750894882,66.56400032043457,64.94662555138095,-268176900.0,1916289848.7817469,-16017640.625052214,0.010378515568006286,1
2022-12-21,65.91999816894531,66.38999938964844,65.83000183105469,66.19999694824219,62.25344467163086,17112200,62.990999908447264,65.93326267162475,66.49142866588774,0.6709968131076067,1.0747896039421343,-0.4037927908345278,66.39389960472644,55.08542057283404,-0.4960195958358849,-51.49556645893488,-69.91870254891907,0.948201229632818,68.15699373424033,66.59600028991699,65.03500684559364,-251064700.0,1921789998.9506843,-13381811.276312113,-0.00815699865598185,0
2022-12-22,65.94999694824219,65.95999908447266,65.11000061035156,65.66000366210938,61.74563980102539,21251200,63.19,65.90723800405185,66.40228612990606,0.577050799681615,0.9752418430900306,-0.3981910434084156,66.18430489219963,51.20824113158828,-1.8094796392609744,-92.11810037546346,-84.55265726053229,0.9583294516512328,68.17375879441798,66.56500053405762,64.95624227369726,-272315900.0,1928040553.8581889,-9098176.2288661,0.0035028284299623014,0
2022-12-23,65.55000305175781,65.98999786376953,65.41000366210938,65.88999938964844,61.96193313598633,12536600,63.37059997558594,65.90559623125152,66.338000306629,0.5152175332435007,0.8832369811207246,-0.3680194478772238,66.06965860438439,52.73419832802377,-1.5244421112452549,-63.20878417385507,-78.31971483864565,0.9313055052232988,68.16352157450781,66.52850036621093,64.89347915791406,-259779300.0,1936254211.0871124,-3905236.752174616,0.0015176578395417195,0
2022-12-27,65.94000244140625,66.23999786376953,65.81999969482422,65.98999786376953,62.05596923828125,16247400,63.57019996643066,65.91363448196752,66.28671435401553,0.4688783277504313,0.8003652504466661,-0.3314869226962347,66.00024459000534,53.41636042119353,-1.6689058804885086,-34.093023861988506,-75.609730883107,0.8947835526320139,68.15636782560175,66.5400001525879,64.92363247957404,-243531900.0,1933159383.904551,-2410548.63778162,-0.01060762192608744,-1
2022-12-28,66.12999725341797,66.33000183105469,65.29000091552734,65.29000091552734,61.39769744873047,14526900,63.72819999694824,65.85424080897322,66.16766680762882,0.3713891272593344,0.7145700258091998,-0.3431808985498654,65.76114679768199,48.17493785443702,-3.6878595165019,-62.34443929013105,-94.57982533040013,0.9051562214102518,68.19554036203716,66.50700035095215,64.81846033986714,-258058800.0,1918632483.904551,-6202139.98755002,0.015775750725283366,1
2022-12-29,66.04000091552734,66.5,66.0,66.31999969482422,62.36629867553711,17455400,63.89860000610352,65.89859879810189,66.14985722133092,0.3729414895847611,0.6462443185643121,-0.2733028289795509,65.83292767254096,55.14881162074633,-2.0818006676874488,-0.3277315092201113,-66.66659774715914,0.9269307116289948,68.13331552922922,66.46700019836426,64.8006848674993,-240603400.0,1923519974.5966897,-5634303.956997156,-0.010253321898444634,-1
2022-12-30,65.94999694824219,66.18000030517578,65.56999969482422,65.63999938964844,61.726837158203125,25629000,64.06959999084472,65.87397028301109,66.07109523954846,0.3156626438190244,0.5801279836152546,-0.2644653397962302,65.7162769502642,50.33325647264368,-0.5454554702296401,-41.37967597883532,-85.09477810675357,0.9142928036554951,67.95061480308932,66.36050033569336,64.7703858682974,-266232400.0,1903773008.6412652,-11172923.47967887,0.008836103541252527,0
2023-01-03,66.45999908447266,66.83000183105469,65.9000015258789,66.22000122070312,62.272254943847656,25179300,64.25480003356934,65.90692561041033,66.05771437145415,0.3134567125047169,0.5267937293931472,-0.2133370168884302,65.77244904241589,54.02110969874534,1.222872323676664,20.8080270116173,-69.37658170269778,0.9339863492091204,67.74846427524076,66.28550033569336,64.82253639614595,-241053100.0,1895921376.752868,-14921248.56893158,0.013288994823256628,1
2023-01-04,67.18000030517578,67.31999969482422,66.70999908447266,67.0999984741211,63.099796295166016,26751400,64.43699996948243,66.0205515974304,66.13528562273298,0.3783554735709629,0.4971060782287103,-0.1187506046577474,66.0481638323852,58.99587019929093,2.8194855618447985,133.58485462371658,-37.96300220875308,0.9458443581314042,67.78658867760122,66.29900016784669,64.81141165809215,-214301700.0,1903376597.1896188,-12726061.55112028,-0.009985069808961522,0
2023-01-05,66.47000122070312,66.69000244140625,66.30000305175781,66.43000030517578,62.46974182128906,17376900,64.60559997558593,66.05954671245377,66.14776182628813,0.3714431905751354,0.4719735006979954,-0.1005303101228599,66.10076877442474,54.18859926348714,1.3888945493492717,86.18522162783012,-39.9102264524053,0.9354265770051096,67.77911967129222,66.29400024414062,64.80888081698902,-231678600.0,1897584070.5649464,-12514192.46521902,0.025590801451640832,1
2023-01-06,66.83000183105469,68.16999816894531,66.44000244140625,68.12999725341797,64.06839752197266,17951400,64.78259994506836,66.25673247825989,66.32261868431455,0.4974069055740813,0.4770601816732125,0.0203467239008687,66.58470050002842,62.5312710506708,2.915408450373091,206.6869556128434,-1.298730251522162,0.99289595463114,68.06012522359643,66.37400016784667,64.68787511209692,-213727200.0,1914705326.971449,-5842192.394806862,0.0042565819348068246,0
2023-01-09,68.6500015258789,69.05999755859375,68.37999725341797,68.41999816894531,64.34109497070312,23392800,64.95419990539551,66.4627577821347,66.51747563680013,0.6135619472754428,0.5043605347936586,0.1092014124817841,67.05470432415876,63.744226021044014,4.203463833232553,238.29035255251205,-16.120886470032058,0.9884034082414714,68.35071311762889,66.45149993896484,64.5522867603008,-190334400.0,1894064682.8443968,-9149107.09780836,0.0029231888773639803,0
2023-01-10,68.33000183105469,68.62999725341797,68.16999816894531,68.62000274658203,64.52919006347656,18811500,65.14099998474121,66.66820968351064,66.72399971371605,0.7135292317557855,0.546194274186084,0.1673349575697015,67.48764292687765,64.59548100240639,4.143274217972579,161.6961523445614,-11.139117770901665,0.9506602422579846,68.652704381491,66.53699989318848,64.42129540488595,-171522900.0,1912058739.1942215,-3944817.265200615,0.007577916383751715,0
2023-01-11,68.94999694824219,69.1500015258789,68.73999786376953,69.13999938964844,65.01818084716797,17732700,65.32639999389649,66.90361822695233,66.97190442766463,0.8252010047213929,0.6019956202931458,0.2232053844282471,67.97116753932977,66.77939395554607,4.773452989620948,151.8294306570696,-0.2475775733620899,0.9206129949036196,69.03108250423057,66.63849983215331,64.24591716007606,-153790200.0,1928926252.3799307,3909766.158610344,0.014752737654979642,1
2023-01-12,69.70999908447266,70.27999877929688,69.0,70.16000366210938,65.97737884521484,19767100,65.54340003967285,67.21375017315776,67.3072857448033,0.9846569966745592,0.6785278955694285,0.3061291011051306,68.62378251141836,70.60917961541641,7.459033049919657,155.26368019552598,-2.32098954905392,0.9462834080745663,69.56471961510465,66.75699996948242,63.949280323860194,-134023100.0,1944987168.4064429,11877863.007822037,0.005273590334592848,0
2023-01-13,69.80999755859375,70.55000305175781,69.80999755859375,70.52999877929688,66.3253173828125,18092100,65.75840003967285,67.52958337374244,67.66661896478563,1.12788102254828,0.7683985209651988,0.3594825015830812,69.24372956750149,71.87574225204804,6.348008298922256,142.47176970552297,-0.3803092079212256,0.9315492712952448,70.13160122302999,66.89699974060059,63.6623982581712,-115931000.0,1962101115.4031644,19503080.035291195,0.00311925740125929,0
2023-01-17,70.77999877929688,71.05999755859375,70.55999755859375,70.75,66.5322036743164,25184100,65.9952000427246,67.83628971910031,68.03357137044271,1.2447901883738268,0.8636768544469244,0.3811133339269024,69.79531974213316,72.63098728232676,7.784888266098034,134.2388399889972,-5.372577798052324,0.9028670932953612,70.74631676849575,67.13449974060059,63.52268271270543,-90746900.0,1956057177.341641,18926408.523744345,-0.0035335689045936647,0
2023-01-18,71.55000305175781,71.68000030517578,70.5,70.5,66.29711151123047,35935300,66.23700004577637,68.08997641251932,68.35409520467122,1.3022570255491246,0.9513928886673646,0.35086413688176,70.16675439003241,70.32006329170953,6.46330217517237,115.58617040713304,-18.46636021730046,0.9226623227153912,71.19173179041199,67.38849983215331,63.58526787389464,-126682200.0,1920121877.341641,5535955.766862154,-0.0015602923454122175,0
