sma_50,ema_20,wma_20,macd,macd_signal,macd_hist,tema_20,rsi_14,roc,cci_14,willr_14,atr_14,upper_bb,middle_bb,lower_bb,obv,ad,chaikin_ad,label
-0.4410649438585054,-0.3326523584139107,-0.30431972310235184,0.15083788020019123,0.4313862675123726,-0.8393483361309534,-0.33565655546575884,-0.1732920646371467,-0.48376928810664754,-0.9914204628468363,-0.7800399875242366,-1.1928078710912735,-0.44329004400996547,-0.2904195387312976,-0.12631127100662068,-0.04555166610869387,-1.0535017689939308,-0.25232762911387313,0
-0.6888653496614026,-0.6636630775247581,-0.6423442006761592,0.3232202118678032,0.22015903891464514,0.38241986094832714,-0.5639503415508353,0.12185497936632107,0.27743493537103064,6.0923264453787725e-05,0.29322402571511286,-0.7806954847215667,-0.7551667204652781,-0.6811846769659683,-0.5862482408339531,-0.8317479252824598,-1.3775600209587233,0.40922979375094737,0
0.1228042187385359,-0.0955833695491191,-0.12827775305856728,-0.31101574079372324,-0.7852929191502587,1.4079884520017434,-0.08781611593717785,0.38169544811650424,1.1748973227891013,1.4671232071714175,1.2445532780178046,1.0574118168270303,-0.19392506370699833,-0.15248184112984425,-0.10587551406261422,-1.4584140274571593,1.60038600953082,1.1566448016948383,0
-0.724717483619551,-0.7779371430440962,-0.7725360267334223,-0.06167458774768541,-0.10337640328206657,0.11708401082572013,-0.75129205176689,-0.6214097237278032,-0.13880910277129035,-0.8573275524421375,-1.4517273146101426,-1.1256682166325824,-0.9009402994213896,-0.8041187138219267,-0.6823809059232115,-0.40638162309514175,-0.8890398245308011,-1.4752020622417559,1
1.6155005771317765,1.568899748894089,1.5316739705014908,-0.05968054914864203,-0.03827971344908296,-0.07795515609013531,1.4878187507055454,-0.2704749216424024,0.5671660980805707,0.027891592767637124,0.422633311817972,0.8639037657145529,1.5685475866143215,1.56091676000154,1.5083438333453731,1.6879977587007542,0.7871800863982551,0.4812737590183476,0
-0.7631702119678941,-0.8322576484885076,-0.8552400734422771,-0.3872569664933776,-0.4376138474321979,0.08018787467338108,-0.9020732002017792,0.048108594970046804,-0.24515315968341167,0.19744344418275372,0.36098957126088327,-0.07092288878265861,-0.8850111056573863,-0.8301374525549442,-0.7503974268290482,0.674558338765618,-0.12436231748256002,0.39902558811051314,0
0.21852524766846182,0.6319032235266548,0.7068294373684512,1.495535902458109,1.741676683827149,-0.4696945603268438,0.7985947801889153,1.7072054753733443,0.8850297266047338,2.034353480113228,0.9275910374093994,0.3989488515116473,0.6087961112441845,0.6611087982121788,0.6954415254971351,1.822576043497007,0.3565567377488835,0.22083945577238576,1
1.3534408068148125,1.5272666309766894,1.540007274100699,0.5368237736491195,0.7390368913275158,-0.5212245048576198,1.5005646004870594,0.5663143400324221,-0.03264725548866896,0.9976665038796,1.127850981360257,1.8349010803843309,1.5260457449039846,1.5800928933053973,1.5898188322081683,1.3387965462419495,0.6117868399500517,-0.5521860317715489,1
1.5823374166814617,1.5772616672324784,1.5588220642966342,-0.06240141101195032,-0.04610007016531983,-0.06269433144327483,1.5289233843912202,-0.3945079162792624,-0.15901527835423715,-0.27163969540197097,-0.26706595938683425,0.2355483325566311,1.4888998482163984,1.594529197609576,1.6564025443861714,1.1974003611066208,1.2367363036919434,-0.18641580975258956,0
-0.7492163408047781,-0.885858502082467,-0.9043255088609138,-0.7948472703069913,-0.6671581882755214,-0.5509675484369804,-0.9739882402114676,-1.4428423990881067,-0.8875164724174396,-1.1730417449185702,-1.3617551610453527,-0.12025044519342225,-0.9338907075146882,-0.8780693056451451,-0.7959879240034358,-1.309211994442191,-1.369501724576362,0.05867054401761879,0
1.6928134273695643,1.5476453108676833,1.4873992982304802,-0.8143160048703978,-0.7934798838501783,-0.2238523625687502,1.3527919412309966,-0.8010608187076417,-0.4661919604839959,-0.5884560687063191,-0.2994392572548098,0.5300467385122547,1.5971770390348734,1.5669750134224167,1.491228405192737,1.0937568738341026,1.1045158787490093,0.38107693367464246,1
1.6712885844782608,1.7376775922631458,1.7666071391729403,0.4001276313532153,0.6208873068177104,-0.6054082191696178,1.7654395175017363,-0.8525652849172795,-0.5079739047879523,-1.8760686773308983,-1.6007953333265108,0.18270382303984536,1.6726413633880606,1.7278272238882557,1.7344736287905438,1.4779795872451902,0.9909029990218433,-0.27835204124410884,1
-0.7794462366762517,-0.8362604518768315,-0.8489568192107947,0.11206266623051515,-0.2764161191780232,1.2250465389819527,-0.7676976125923355,0.9750211565007547,1.5996180748826743,1.7121575967418075,1.348930192193071,-0.6216945406059056,-0.9409212747985708,-0.8794545527828947,-0.7915808937735715,-0.4613359394617236,-0.7092283560480585,1.2430426028232722,0
-1.0556091539051424,-1.1381484150506058,-1.1433698781294948,0.30067483513527,-0.23874183204718813,1.7294044985943324,-0.9805970413937161,0.9531410933763982,1.4033827395653802,0.917214758718704,1.2721524947234593,-0.5021876775235147,-1.0894404210761797,-1.2519616188200309,-1.3816386043331867,-1.0246356529495402,-1.3832062926986473,1.556202085073373,-1
1.5719892062985268,1.2715634674218668,1.23589645755587,-1.7152121080664717,-1.0946215979856713,-2.2575578095323166,0.9354837155582003,-2.406649918181541,-1.9979161795542575,-1.724975701068684,-1.8605697861944255,1.1724959481744732,1.5827381753966516,1.3693393931612823,1.1125892205487957,-0.6571188137566362,0.6885287729796774,-4.60063494490918,1
-0.37876515690776813,-0.711389654464907,-0.7879061723010485,-1.5588401949576445,-1.606122376199104,-0.15855739434074947,-0.9557222743235653,-1.3535529221211202,-1.040068404433393,-0.35532634946402825,-0.6373132349472714,-0.2020676269568859,-0.6198139040888343,-0.7027139936245526,-0.7670209225875383,-0.8732289742759508,-1.4856880888690187,-1.137300758784254,1
-0.9711598194301688,-1.2605842932833626,-1.3322148150319613,-1.7050513093612063,-1.7416093214682131,-0.2203767479162488,-1.5082071978167777,-1.2119011293401072,-0.991206402509073,-0.4148066909344601,-0.605644359755449,0.12079933935798937,-0.9435072306507271,-1.2026611224073207,-1.432220694254143,-1.8289655298839824,-1.7180403911144217,-0.863724819184312,0
0.7536855780661563,1.0934507143256358,1.1803689741201853,1.2831608793352935,1.8180071321415199,-1.405368861855425,1.1987116395082207,0.5299952547456444,-0.0648052376415313,-0.8176717901083751,-0.4258936926981228,0.7622551552902551,1.1897605179353279,1.1265422358236243,1.0297925157287002,1.354038558405405,0.4047532256967345,-1.2617810161427083,1
-0.7423990678495773,-0.8284184224639555,-0.8534534206152795,-0.48132257145810087,-0.5322432786294864,0.06352989996534308,-0.8963547850297522,-0.43101575861623037,-0.37567092400837476,0.37488007139610424,0.3114740951633698,-0.7395080674834419,-0.8324746951928458,-0.8062716327547973,-0.756431568882357,-0.7431598378601793,-0.8293350931359091,-0.4968295102429532,-1
0.2966529264323447,-0.04730466093703879,-0.13451022756115844,-1.2329648284867762,-1.501572401503002,0.5906469780857306,-0.24968679413095587,-0.9560259901851186,0.10124148808889517,-0.24055917086230635,-0.8885546276025419,0.9115314508833049,0.1430086149107033,-0.04348347298940201,-0.2322690016172304,-1.841735902680722,1.431070935875192,0.06165264520835947,0
-0.5509774211106849,-0.3826450525397984,-0.34485621660228,0.7530364631738451,0.7560539545830546,0.13798809512023563,-0.25298072572950986,1.4125763667287239,0.28302831336281015,0.7235373873409527,0.9451095733244097,-1.4511613141509876,-0.5011393036989581,-0.38085929797856266,-0.2473648496083988,-0.14777732472443136,-1.1728775608344366,0.73671893767489,0
0.13778334983211804,0.37401746993755025,0.4409481157507473,1.546472875479705,1.2667324685272312,1.1689286988868608,0.6731675771705926,1.6583529939160198,1.0515868743183379,1.3187680023385682,0.8994316471823142,0.2836123480272611,0.47519328230060753,0.32850616264902144,0.16960564087867558,-0.9156721212865433,1.3735991512396588,0.6298510060278929,1
0.1526470182191388,0.08836965612005282,0.06363578998065612,-0.7284207098967715,-0.4802586292260551,-0.9110766712348609,-0.07562039252272748,-0.8583350912786564,-0.5179465912706327,-0.7786490971107239,-1.1035770872229191,0.19204725269495548,0.16810369651900062,0.13903154677227333,0.10541722644084893,-0.999950774454822,1.3783202045044602,-0.30586497973986215,0
-0.9520387331240325,-0.698730472194759,-0.6417920370988931,0.7026120124780695,0.9701145995848981,-0.6909895561542714,-0.5857507879541717,-0.26887052721031063,-0.5983456425222723,-1.6805219358127035,-1.5767819391366178,-1.2281569196724136,-0.7502947722561611,-0.6774128860471673,-0.5837057463077222,-0.5868240445756036,-1.0008167086763702,-0.4410740422179358,0
0.04185864485359443,-0.0795822534512702,-0.10695590561920383,-0.5317710191932052,-0.7325943455138096,0.5179088951622569,-0.1193925149967145,-0.3751997682783556,0.08494862816682784,0.5475934267263015,-0.1901470505186394,0.6124578159217775,-0.21796746266488431,-0.12517796200402995,-0.02703392021633861,-1.4218617389715935,1.0479669480432943,1.1043314000806521,1
-0.6164550123746748,-0.46240005604543427,-0.42472170212955745,0.6698756915741981,0.640358525290613,0.22247754044326867,-0.33936433491869666,1.662108615760751,0.2853704098428755,1.4329872065226439,1.3685692897797739,-1.3122566751402096,-0.5872890280218503,-0.458081096063868,-0.31327297451803504,-0.2500961124452471,-1.228123973606365,0.7011082697473723,0
0.903911314327127,0.8730274425710334,0.8652403388425374,-0.39444255414539625,-0.24364703858426728,-0.5441882303328542,0.7787561066880285,-0.1951294523188501,-0.6530105957417695,-0.3386872586926389,-0.6967167770619924,0.4793833168468902,0.913921251319932,0.9283725940815242,0.9164547306161149,-0.7809667134913431,1.0543869640123944,-1.3135650577929578,0
1.6673706749913622,1.7369208146132733,1.7472179744131409,0.7427770889637654,0.5084472817172795,0.871046892020759,1.8401519902954173,1.1708649644547464,0.6961135897062802,1.8901680800823883,1.2746750472738961,-0.1218282401920539,1.6320661905179963,1.690660016394359,1.7018457743928306,1.2539208753125988,1.333346302911653,0.8865179347796098,1
-0.7671288711698797,-0.8359760055115888,-0.8554716787834232,-0.5419303068178852,-0.4240670684240256,-0.47105307415240527,-0.943773463065523,-0.4508673609710732,-0.5690301775349983,-0.25324490650657544,-0.26430505009461935,-0.026183802801493305,-0.8161842083013156,-0.8072729548640765,-0.7750243249963337,0.47999393310406774,-0.16823894132908018,0.016880671491767966,0
-1.50217140817662,-1.1773937152388119,-1.0797091437125241,1.1385272144959546,1.4995653628316425,-0.8953819797393984,-0.9818974241321684,0.3933384126258203,0.364598819324852,-0.014784876769175278,-0.06680831426941258,1.3824548247134656,-1.0030852728140436,-1.1404431505963448,-1.247679478404905,0.724508470672253,-0.3564445092911592,-0.6634931279875191,-1
-0.7849937824934011,-0.7351860222403288,-0.7298702395010125,-0.0994760138654877,0.14344700733236526,-0.7717968209755973,-0.7761900242639179,-0.5078650144710388,-0.37183068674879144,-0.7536460818205485,-0.479815180296321,-0.9328795942733189,-0.8097410617047474,-0.7027307247696643,-0.5735204493581642,-0.4458602192779196,-1.107882177754448,-1.2398064245028533,0
-0.6704640299347826,-0.5610863500567379,-0.5062817716590836,0.7711392068081216,0.7873718924925178,0.10060239857490466,-0.4084389296485031,0.7399906681011035,-0.018886680343623875,-0.046063345146780205,0.6866432017342156,-0.3475909497620165,-0.4951228491303231,-0.5877075145666208,-0.665183528063917,0.9974751892025617,-0.09065971423319726,-0.7243546294037477,0
-0.7475867666403802,-0.8451523483410514,-0.8716494772222371,-0.5653547128188601,-0.5459707853692175,-0.1706450709029113,-0.9281641391392808,-1.170654595225327,-0.7300952393596138,-1.074219523000113,-1.5952825149936416,-0.6025356799904789,-0.856600679700186,-0.8259150412209918,-0.77094352780375,-0.8740880283022622,-0.9015117028554396,-1.0327549635077917,1
0.9371084484148107,0.817944178588713,0.7845767419197829,-0.35829710056106073,-0.6407312257170298,0.8045986129722192,0.7877952714299403,0.2866228719367762,0.269203320493848,0.9504270573960472,1.3431963394298296,1.3089566847925844,0.7346495423857593,0.7893667261882683,0.8224686996118158,-0.696230205065018,1.0699283410827074,0.7095058891346445,1
-0.69212468448775,-0.6328137632255912,-0.6215572206195751,0.8891364758321655,0.502693494676028,1.3707778864799094,-0.4401738827292824,0.8797871743786744,1.4334425756041265,0.5708533863827095,0.8991723653143276,-0.22657184101889216,-0.5608009104421519,-0.7140127625657202,-0.8496423704071597,0.9657330366994413,-0.04067924625922547,0.6240999512607796,1
-0.4938381561130526,-0.37355413340909444,-0.3428205363434959,0.5373657331829512,0.6077106986083988,-0.11272197794756553,-0.28971551365375403,1.1377051868392334,0.16330603420469483,0.2013621793541535,0.47776263319684137,-1.5687889197149163,-0.5073959736010966,-0.37595264138127904,-0.23122369842946935,0.16589849812609625,-0.5988876795634961,0.1014321184572893,0
0.8322546136475347,1.161433396218121,1.2323247691832193,1.3870187023520342,1.6191481873856668,-0.44753312335098133,1.290130243796259,1.3231698152037277,0.5124000545875905,1.352173341082625,1.340424153167297,0.6378087853225471,1.1184693599322255,1.213260244791577,1.2750314566518743,1.6093365964943065,0.5389320460736038,0.4272494197995497,1
-0.6971969205719915,-0.6021402083431354,-0.5664153377303274,0.4409544333741637,0.5241826557464991,-0.17148459376017472,-0.518500733978814,0.6654399171621307,-0.01688975253005533,-0.33968690436617305,-0.04777682494441075,-1.362139554730325,-0.7489280423730763,-0.5860552821543631,-0.40327028759094247,-0.2739123761310033,-0.6693530559680707,0.08839435496514465,0
1.6863695846790692,1.5623545659718001,1.5317533819207543,-0.08960241773964533,-0.32469311486310465,0.7105464421836621,1.5348288387872266,0.00489911547676213,0.004895429339964299,0.6257343611767892,0.7114806934929235,0.10401949830392292,1.3799189952848587,1.4968462786234635,1.573035531003153,1.3113362079540625,1.1411737934340087,0.6856539461806891,0
-0.644953309559898,-0.8116668703635678,-0.827646060317169,-0.5491059244785303,-0.7484200045267175,0.5098431366558379,-0.8424909705290632,-0.2321823306449763,0.2617905692723661,0.4935073041100982,0.0818269048550743,-0.3998165194727533,-0.8515836034264621,-0.7912844994266184,-0.7071310483527281,-0.8718748841701741,-1.3898142303532028,0.05911739569772358,0
-1.8955597964667557,-1.5996798657608642,-1.5457150982786287,0.7452316331884137,0.5876357588749088,0.6338816594946,-1.390509985327847,0.6038739234240459,0.9987428292327695,0.8971770221117562,1.2401696225102936,1.067474243227599,-1.5468707301409752,-1.5659221552932838,-1.5403945108700778,0.11704502339979354,-0.4878535179489436,0.9690316393938049,0
-0.7293483836082506,-0.7244531831325661,-0.7080089972595407,0.2676955086782038,0.10732836412521184,0.549033279391595,-0.6387838401755124,0.7306142733649263,0.12449119551894787,0.7736702318119921,0.7857386670824891,-1.098132968290931,-0.862301310649216,-0.7323376956787674,-0.5788885728299767,-0.10728493147762662,-0.7702097471003951,0.09667546503224467,0
1.0546258917544924,0.8326538577463536,0.8061032262917812,-0.7433892689882277,-0.7293345369243903,-0.1889733825338131,0.7348617246567103,-0.8733259548503624,-0.2389283892333407,-0.8880280895683331,-0.7067741825094049,1.4949501517570474,0.8105299382068278,0.8476961073893378,0.861239770258129,-0.7902254462308159,0.8868994205830322,-1.4442385745485813,1
1.02293617593473,0.8326064264569704,0.8025903047904631,-0.5914494173486412,-0.7041902434447821,0.23344062832712162,0.7622488569438638,-0.30809816571786625,0.13516285594099917,-0.14390976309726322,0.3832341714956253,1.4251034968751082,0.7773417148726423,0.8323919481471601,0.8645985023740655,-0.7782319755502045,0.9850257657856816,-0.7445496802509144,-1
-1.4472660937431674,-1.1669882617696434,-1.0814052578372413,0.8416336906474543,1.248762107357985,-1.0962117173397021,-1.0388891182634705,0.03535709671979649,-1.2564392144835992,-0.4458230854403271,-0.6146323639404061,1.1662834791964354,-1.0393209038133304,-1.0967503381213102,-1.1237943764055298,0.3276322384745999,-0.4757814038631948,-1.2660289442652943,1
-0.5285902135395072,-0.23032527504522243,-0.18350363289232527,1.6727592610159998,1.3506363298519357,1.3248958576990626,0.07509284192688152,1.3696048709211717,1.4285900940966507,0.6215190247297183,1.088555618247395,0.3801216087035105,-0.03502961968192278,-0.31929214733965683,-0.5997892125335127,1.5515607869366084,0.06413921963279638,0.8867844748312794,0
-1.6346000508766136,-1.8414342728510333,-1.8240154047004549,0.16017570782905752,-0.565807080495287,2.279711969647236,-1.6143495268144306,0.5810678475857107,0.9581937117041937,1.808833569712003,0.9688993607629202,1.4182893644884458,-1.7326457498478747,-1.9176675637339713,-2.0511671555555266,-0.22746078246837306,-0.5859585151885417,-0.07872199049703418,1
-0.40440481961782637,-0.3088009023847569,-0.29245136933194515,0.416500315525155,0.40834807957946356,0.10673675311089639,-0.2483832939543688,0.8381358354724406,0.22449748475266332,0.7294449458695965,0.05133713977009072,-1.3531003703920765,-0.4859339262055198,-0.30181838895144447,-0.10554462390571584,0.3410934663436121,-0.5069485291128879,0.19306703916999585,0
-0.2667884729465418,-0.4769738573103878,-0.5273623197535593,-1.259509196530987,-1.1283208391103783,-0.6527169815507327,-0.7012798344821336,-1.83293682322477,-1.0911797370169691,-0.7417402873712137,-1.2807187371156736,-0.6403225371084422,-0.3164127313276681,-0.42795670748904036,-0.5293367928288906,-0.4767167600251436,-1.3417891531086694,-1.4388821356964812,-1
-0.21511532686271367,-0.16012559658609904,-0.13726472400798978,0.2249691819255758,0.3259417873417404,-0.2686970611761639,-0.1262828989962634,0.07972049175900946,-0.20968200922267985,-1.2146369939626378,-0.8280099328803319,-1.3613373611652166,-0.31095483974253846,-0.15349989438423414,0.011350373618578899,0.14172388214247236,-0.8952690711347234,0.011433012024254539,0
-1.5732576905523366,-1.1908574837079795,-1.0933102219666841,1.5230626383593475,1.7270786081959146,-0.3338480878062363,-0.9049079479069639,-0.43813698998714934,-0.7098406417927177,-0.8894476508500193,-1.5399003978398753,1.0876353113231796,-0.9435381293205211,-1.2118069724156166,-1.4503921043119075,0.12190756663528678,-0.5139422722143046,-1.8949261360383525,1
-0.23345555828011894,-0.163275385242994,-0.1425419808221944,0.3706486109571808,0.39101294439571055,0.009449770024328896,-0.09694768761411299,0.13129203511876683,-0.11498020701214491,-0.10382646138595754,0.000761791739575508,-1.3409579477161793,-0.3035790989677469,-0.17462863126715758,-0.038217746114967525,0.19014676754643603,-0.9168442491098918,0.12141941205926983,0
-1.0182564295616692,-1.278566995680756,-1.3578253923804882,-1.126530666842962,-1.563857503819654,1.1339956766776793,-1.397580689070933,-0.09810099940943122,1.113451859344345,1.1421251619313775,1.1110228502130637,0.15769174446445963,-1.1914042466760741,-1.299008911293096,-1.3713763043508815,-1.6029284441488347,-1.6034486131009391,0.9168978679154628,1
0.9077477451058088,0.887373184848953,0.8676822109319352,0.19657941249415792,-0.20413359726194627,1.279471900513253,0.9595359506127088,0.03947478359888397,0.30410942433078025,0.6572522907832343,0.44944265411623036,0.9983467824367276,0.8327126874908021,0.8457768387706216,0.8348158809055809,-0.6421600840420879,1.0958872689822274,1.0186187219736063,0
-0.1975831064497906,-0.16559286252179944,-0.15972414002830457,0.013762377202523497,0.10527505137719957,-0.2807226834114315,-0.17391987097729072,-0.25950553924804776,-0.16683599219791226,-0.7301011878960101,-0.7510995462020356,-1.4222685453686061,-0.34866909845847927,-0.1434528799435621,0.06977728019584571,0.09943760278796236,-0.9827062450621035,-0.8143652917694991,-1
-1.0435973801789835,-0.9221592506187752,-0.8804952677420409,0.8414271827105017,0.7193966053495674,0.5425565891932501,-0.767823629387601,1.1407228077584701,0.6746191407219859,1.7710729780678356,1.1530390791788574,-0.3107896629438424,-0.9587143725551883,-0.9349968358932248,-0.8839951753343538,0.8442693128753502,-0.14936178224051716,1.889811301166933,1
-0.7067099016688437,-0.721995401916488,-0.7015638187862364,-0.28750963555995346,-0.053908252682156044,-0.7797168516528332,-0.7594189195839245,-0.6370035341332798,-0.6903135414337972,-0.8319544848068671,-1.1337630859504868,-0.635114332003037,-0.7417774538810357,-0.674058304185239,-0.5857082126728171,-1.0548162109530592,-1.5385482456161836,-1.2780053682803427,-1
-0.7079050401471202,-0.6728210717551443,-0.6755915514759208,0.7900964558844747,0.25728356760950766,1.8047089995952985,-0.49668090732238185,1.5281276149008276,1.755300329387704,0.9592199547133866,1.3231828713897615,-0.1568346580107716,-0.6241396081133194,-0.7400481815119011,-0.8369189433523798,1.1042985219640642,-0.018872620019252623,0.9594464458641119,0
0.6907068156948891,0.3013832938011963,0.19896214777355456,-1.9390463128818605,-2.009482144967308,-0.16123857876075431,-0.03506691242400668,-0.5848991002347298,-0.6627373789077715,-0.12801482796519947,-0.07663228270466452,1.6013923931469602,0.5988807456161462,0.3312933116717093,0.04911665392466799,-0.9383010774083169,0.794687788672919,-0.9812056948206668,-1
0.5969549729713318,0.19628678764392768,0.09680384315190631,-1.324688811814703,-1.778721127382214,1.1469625595986526,0.013934125179523145,-0.23694176529534405,1.1025758148160962,1.5180201373215,1.1536526330975925,1.4847710986561518,0.2472163376598204,0.1514986182161712,0.04961536832247833,-0.9144865842378663,0.8743604158825996,0.7719376938704458,1
0.322000627224939,0.7509876693325473,0.8191694577423415,1.8677927977374462,1.8248444753492266,0.49844910229793227,0.9919087738584081,1.8404094455085869,0.7921017087795709,1.0608949775107628,1.0043406143862843,0.39917191791147977,0.7973335943259743,0.747860167606457,0.6759842149199353,1.7307546410235113,0.446936282826231,1.2319934670051016,1
1.2257449073083089,0.9569720473615752,0.8778734439490915,-0.6763662046917692,-1.223895460058843,1.5633689486466003,0.8913707119529415,-0.02222270538319913,0.45184091667109805,0.971177580972978,0.9922883722661835,1.345370169002415,0.7943421248791793,0.8396351333519811,0.8616913040457018,-0.5357726521488416,1.0698437115895372,0.30792167427846107,-1
-0.2565964439023317,-0.22594485114336668,-0.2204764614782444,0.30136428935551324,0.16731457744701161,0.474115399072978,-0.16699760366806002,0.9894114302520908,0.42537724434994034,1.217638802295956,1.2960752004687874,-1.2989484012248023,-0.3918893901445025,-0.24904657465063812,-0.09634379167370706,0.22374335778071563,-0.9189927321407815,0.4952506979805474,0
0.3504039039074811,0.05638166182225972,-0.005037210428704513,-1.7774598454939101,-1.357013351105578,-1.6498894530634491,-0.2992229893741817,-1.2613313265431059,-1.4527182740859483,-0.8862560152361983,-1.0462911900261178,0.7296635405511884,0.2771901089919139,0.09558914122248141,-0.09220367208095066,-1.5746986399091034,1.4128319810241876,-1.0206673653278084,-1
1.6019745831575398,1.3287591701644004,1.301007395806086,-1.4176947800344062,-0.9124319884753792,-1.8421772076055456,1.0504687168918474,-2.1762048521439,-1.5561518079054557,-1.6723846816757775,-1.8096406733219341,1.124440345588346,1.5343333621809687,1.4082089501048491,1.239274912916652,-0.3532240256607542,0.8961347647491844,-2.6753796194897737,-1
0.9059279952433724,0.8763218867620716,0.8626937211542667,-0.32178757511528044,-0.2633029124826356,-0.24408583140132678,0.797211367759238,-0.09398555526735601,-0.1157379344928753,0.15341891644308642,-0.3147692429027119,0.37997429533370414,0.8978941834271483,0.9197441872049282,0.9156131104898909,-0.7083182212629522,1.0279672006326335,-1.2540886297280058,-1
1.6924739189373461,1.5458554635853934,1.4828154072128816,-0.7320162467997415,-0.7903981328663426,0.037588433804038895,1.3711120616668373,-0.3594237081856811,0.12367345257602287,0.0399342641312642,0.28348272344663333,0.5768566230559707,1.5667478858370993,1.5527556792192303,1.49393479052581,1.2107656270460658,1.129928987301656,0.5582492513222163,0
-1.021121881558454,-1.2642690211300944,-1.340917755787584,-0.8826602196018876,-1.4387323991904652,1.5494645483650953,-1.3324557517344586,0.20045744500698423,1.997184795563361,1.4303322340741156,1.3770057693704683,0.08594292230398998,-1.2043353492419455,-1.302830793783337,-1.3658063022393787,-1.5061843009194529,-1.5406621828334708,1.512896719012978,0
-0.7414212819070383,-0.8261917042909266,-0.8490091290621544,-0.5226690654230856,-0.5374191056413188,-0.0565804164769246,-0.904456449002427,-0.3660715212042002,0.08802765245566918,0.32398090518784634,0.16691652893625208,-0.7054826294166407,-0.8169405635241124,-0.7973761896717438,-0.7545561723961096,-0.6972004474525254,-0.8267455774995224,-0.5253123953834646,0
1.0911637875718676,0.8759652049155672,0.84929582355321,-0.5061322052366565,-0.7175734613443457,0.5558089819023682,0.8298566546295508,-0.574536999494197,-0.3002608316723318,-0.5632047681713858,-0.05681724922920452,1.4485546948193089,0.789315345272279,0.8631004243084185,0.9135162777233646,-0.8130155192454056,1.043077502703919,0.26140166065331905,-1
0.037119110040926176,-0.06120725377530806,-0.084358420256884,-0.3264127724521367,-0.6554442365301483,0.9551491035157532,-0.060926462870251975,0.41124283826461167,0.6157844200191872,1.5954348474578801,1.3357577446329876,0.7106103070316652,-0.1954905429941549,-0.10263059209105672,-0.0050618556402308845,-1.336046278517993,1.1010482078626718,1.317839338395427,1
0.030423992982205012,0.1282952919431583,0.16654150132236598,0.7437705193336712,0.5093286013800536,0.8715884664767799,0.2973497474281375,0.571949478908481,0.10720320631922287,0.9401612878259086,0.5000964620837065,0.9007490048822511,0.14816290019044057,0.10645394449568807,0.06089780589698566,-0.8733277690300073,1.4613731818762907,-0.4327533216900247,1
-1.0914205226067435,-0.9995658077978692,-0.967107225446333,0.6322348084189241,0.6051556433295606,0.20756251170779752,-0.8854723134758093,0.5577265284088051,0.29847874339626707,0.57457274108948,0.9843899109506653,-0.13647400875337717,-1.055087222149234,-1.0146051522936097,-0.9442359072467404,0.8048466649762316,-0.3081706918876435,0.5900920839434158,0
0.3431587952073004,0.3765192773499691,0.34467472024977985,-0.43567706341583967,-0.25520666687192756,-0.6441591469875171,0.23548594589450633,-0.7184410311138552,-0.5763931070638942,-0.4648679927460733,-1.0006008016936898,0.4231226408187954,0.5781031200483204,0.4416767996200297,0.28998400783226186,-1.2409249896177885,1.4461426706399814,0.7354059004948762,0
1.6045276931988335,1.6071837384699115,1.5894053266135317,0.5147606132150127,0.1400536301317702,1.261183944029213,1.695828934262512,0.664192320828293,1.0846256661399487,0.7856948725391425,1.0703373679805677,-0.0861626455212669,1.5400344715151055,1.552421922160121,1.520491204943354,1.2662433077370037,1.264685492133707,0.7827180146296363,0
-1.3669044592346153,-1.1734378346384045,-1.1281313799895567,0.3315670655349504,0.7123164119731918,-1.114311259181816,-1.1491789177305958,0.005192271740307229,-0.030783020256543135,-0.2944011990885601,-0.35625556588780305,0.9768184615393423,-1.0439273301393268,-1.0860190529513323,-1.0977421049867235,0.4634484675725777,-0.4134816483730252,-0.37182177120716153,1
-0.6791622135884615,-0.5449437955880907,-0.5185943766354317,0.49566243807229043,0.5115658601326525,0.04772447806705077,-0.4570979032275752,0.48833751334443043,0.10560104653173193,0.4036887604946703,-0.16207718653875183,-1.3399434141100912,-0.700950841040531,-0.5330497920734256,-0.3466622438977365,-0.18762737501833887,-0.6597628976433113,-0.0021768662788744994,0
-0.28909419144852516,-0.28697576229153265,-0.28329155264947165,-0.027854326765973908,0.03075126630294484,-0.18695164978645146,-0.30365946697498447,0.04227251131147511,-0.21161316714718,-0.17485886278180277,-0.004366100525976808,-1.1655563342190511,-0.4575278770357554,-0.2707595264498629,-0.07267393970362258,0.09295291342941389,-0.9684820949747636,0.10653812555108934,0
1.113136721914477,1.4855831799033308,1.5518771386249355,1.7341371016633786,1.9868783005895096,-0.44345323119295776,1.679257621327874,0.9735856494756311,0.5399110827688227,0.24617516766118003,0.7104057644000386,0.7398411219801267,1.6155083930484355,1.4540379503676455,1.2477714207686175,1.5598092636426657,0.6926728982462617,0.8219395137352977,0
-0.7110963551719087,-0.7004755937269724,-0.6875646024236024,0.08894307446382486,0.07914510662982478,0.0477462809994627,-0.660723569258371,-0.07228922141946438,0.04290417048237183,-0.38709408288068853,-0.3979273809324288,-0.9559166598963907,-0.8196646895124852,-0.7181850823282337,-0.5941670332666807,-0.9780240047032772,-1.5060097420269627,-0.28495581709818557,0
-0.6965518773449252,-0.8142677426492424,-0.8470909050714842,-0.5972499025217384,-0.6801902168522523,0.14001337920083584,-0.9015667015275455,-0.41498022251389977,0.141993619969855,0.29117626177497113,0.20408292315230425,-0.8417014555418353,-0.8855110466515093,-0.809943342394621,-0.709695853037336,-0.4239670893171826,-0.7332074605237126,0.42188952298119625,0
-0.7407965876350774,-0.8249684485347192,-0.8445838986707318,-0.5803034848074589,-0.5328992534339084,-0.26034888820071544,-0.916995612383301,-0.613488064344979,-0.07940814877029696,-0.18221266767914138,-0.8015993498304582,-0.6441869673914533,-0.7922947529823738,-0.7858939129198071,-0.7568169310525615,-0.7448134991556754,-0.8388494549121175,-0.5750165226139476,0
-0.7645689746898939,-0.8803362474002007,-0.908473126130695,-0.5731160608145558,-0.6073238487761541,-0.006189718754223381,-0.9572816963774723,-0.3089256893679356,0.438113765126297,0.16726623137490096,0.23411617692815898,-0.6015572876751402,-0.9986021964560179,-0.8881830918704193,-0.7501769678197421,-0.7553831214274667,-0.8544033702603515,-0.5673131842085994,0
1.6715805567566986,1.7550262220421184,1.7818931812685423,0.6268483668194563,0.669710250375878,-0.01009922233252318,1.830937098297187,-0.07534787828715735,0.02391806991262419,-0.7105721327589613,-0.7603855711122683,0.051227180230995185,1.6818770873125082,1.7232710045632456,1.7159943248043423,1.669279162683084,1.0648925282386192,0.3675639423368946,-1
-0.8736530298166376,-0.7112044146250448,-0.6710266804616677,0.3133194742594846,0.5811226486989988,-0.7680864413788727,-0.6796262551499979,0.31258204072371654,-0.34455654076328,-0.26412306384008427,-0.26309953843871553,-1.2874436624031576,-0.78066050535334,-0.6567181148322049,-0.5115747841648853,-0.5278974000692196,-0.9866871354885054,-0.34016610631051575,0
0.8773278082289749,0.7793983574760338,0.7466075348668518,-0.8964356373208437,-0.5285266177934481,-1.3148061889661795,0.5885408399406005,-1.5454575471942544,-0.9332053713613072,-2.094717893810916,-1.811783793517369,0.7562144628396301,0.9107692842994034,0.8363306939934413,0.736476461739078,-0.9639512408476865,0.8825056545092678,-2.018509876104613,0
0.6982303237961206,0.3072059102400137,0.21022916099266648,-2.1537982742248283,-1.996513959600546,-0.9085060019666308,-0.07839397639263103,-1.1834543596517069,-1.0703672588443498,-0.5864169863862265,-0.7803392795641543,1.6093009067224509,0.6746855121931469,0.3628696173049881,0.03471840633534249,-1.0510251835805577,0.7256809000712497,-1.7430272569145,1
-0.7275218162241954,-0.7447538182479846,-0.7307730383894466,0.16561184709191465,0.020623735672919804,0.4814314187428406,-0.676639354064407,0.3963075775922199,0.09399836943806132,0.6377287152217114,0.10181130974041587,-1.039117941518973,-0.8873585934645657,-0.7539504134031667,-0.5963710454668587,-0.1896910876586283,-0.8213037641049237,-0.4307669966681046,0
-0.695655549388656,-0.6681176118060832,-0.660757706570348,0.3055871068543648,0.21847706239995365,0.32956915951869326,-0.6063397215478575,0.48786352678386496,0.25484955021604055,0.630119888720878,1.0185511876866002,-1.244781431013148,-0.7916284106882296,-0.6925836035840393,-0.5717813342886865,-0.23304498774245758,-0.9302747717895145,0.4773201096735364,0
-0.6761949132064022,-0.5430776079901962,-0.5175456035792655,0.4453935893938698,0.5039969183634112,-0.09435261415911574,-0.46619805181129903,0.2854383397463347,0.09233485844852214,-0.2747485353815284,-0.4508264574274811,-1.3208465074617872,-0.6998495386616331,-0.5318314743971805,-0.34535965371206656,-0.2403334910497804,-0.6272272517526399,0.08547540890809624,0
-0.7464663929584562,-0.7878934535450085,-0.807409612030028,0.05581763238182096,-0.2652420833662205,1.005244791168535,-0.7609136626308067,0.6850358677515548,0.9467562545350804,1.4006876134986805,0.6351627771709879,0.09027682903729368,-0.8360933361909754,-0.8132811676454629,-0.7666952202939744,0.715838257220385,-0.11589239124176784,0.7295680136562176,1
-0.5785115466746559,-0.4481278335948083,-0.42193863694043016,0.5462390911683356,0.5321266097963756,0.15057935491839017,-0.35685257481860283,1.5217477007352747,0.4674488876133875,1.0614995005270431,1.2715296121548405,-1.4205174585336817,-0.5818495148964394,-0.45240666580756655,-0.3075220182700518,0.005617996740486892,-0.6446192528864539,-0.225870222530242,0
-1.7640749816133972,-1.7393952779932398,-1.6864344671347082,0.5708437741007666,0.22886227971836384,1.1708056981871684,-1.476740462993716,0.13044389381703358,1.4380941784968655,0.3858228193059812,-0.09790484677135251,1.4084925358475051,-1.6479972956787876,-1.7554467736105608,-1.814556592845883,-0.14595121523816287,-0.6301287980422017,-0.4956926954673385,0
-0.6808461932331317,-0.661401985734715,-0.6431757181314852,0.1963970008567136,0.24603176119426934,-0.11529364602261105,-0.6215564517495609,-0.18949719164270123,-0.3206770505634517,-0.8656490424073529,-0.6585032561723412,-1.276887002013395,-0.7876182086749192,-0.6735577195285231,-0.5380006576618133,-0.37184878436722363,-0.921616129147503,0.17009188723787716,1
0.10790658707512309,-0.0745325102826698,-0.10194204534572925,-0.11425109678449026,-0.652490112755666,1.6445761096842653,-0.02825193467703485,0.4676205637092478,1.3359945092195722,1.8259495867348392,0.8462159272770817,1.0150458518388008,-0.15093960096215125,-0.13727781409859433,-0.11941682209769235,-1.327095969544768,1.5426519283737703,0.8212977210962825,0
-0.4165524309080903,-0.3206496980875083,-0.3034438756748709,0.1981521486707911,0.3040519473647368,-0.2892034226640113,-0.3109645159820472,0.797359281093492,-0.06692751755091962,0.38949386226738536,0.591089655448022,-1.2290025678421734,-0.4372516456557888,-0.2881330762292236,-0.12791361145645205,0.13787124083733354,-0.9874569185268663,0.5468877392977305,0
1.713224683017632,1.7468397703412593,1.7380660238191181,-0.12113168696920672,0.1195827559932282,-0.7691938217388944,1.6584640969302997,-0.2818946612459527,-0.53568123696136,-0.5884373697362868,-0.03935746839705001,0.17641853201148855,1.642329024633997,1.762240795581636,1.8338545765600698,1.623617572949844,1.1335831355120736,0.511964436172317,-1
-0.6571485191697913,-0.6070386361692257,-0.5900568532533778,0.13161786677657675,0.24643823838798545,-0.3298480752460705,-0.5827340694334215,-0.2672974224272309,-0.25697019688996586,-1.2914942287193254,-0.5720174981769274,-0.8947043729958806,-0.7637072254949798,-0.5948172071341877,-0.4056492289243944,-0.2485731151793094,-0.7111486586194403,0.9960187702796882,-1
1.52495367411527,1.6864349449005924,1.7009472646449035,0.8567312600725256,1.0319963210895915,-0.37517558275656404,1.739351108764159,-0.05562072187707018,0.5323847859018231,-0.08094198538659311,0.2829500694223833,1.4839120345926629,1.7171095845071653,1.647334423268657,1.5289569490759973,1.531159139069368,0.7241465499604667,0.3479956479924702,-1
1.4288931574750787,1.6380266544563347,1.6395713577619577,1.1694455933811267,0.9014419962017627,1.0588134863853627,1.74774464414055,1.0781976525119383,0.6754217148947796,1.1764578840409476,1.3761223622232075,1.4494534925526645,1.6541327427987471,1.6125871199821402,1.523972470847658,1.5883906922221032,0.7527009370426821,1.012718927089424,-1
-0.3450248072563451,-0.3327397547329955,-0.33491094835089447,0.02795797626019725,-0.00244790823963912,0.09963725544305288,-0.33564373684592774,0.28239601641781253,0.19783985525862224,0.8080648878314741,0.912951616322669,-1.0379768919512247,-0.4390762081690894,-0.31713927933873365,-0.18378516273757078,0.15064373825243993,-0.5365701149635871,-0.3456096101589954,0
0.36922626257941205,0.2652591716586762,0.21433227639362196,-0.9083787920748916,-0.6350790088141235,-1.0241374984308296,0.05581550191109342,-1.3497489527688942,-0.7919234087677723,-1.1655056730172617,-1.8583344165485511,0.43761733112572254,0.32540537588640955,0.28102485357604706,0.22773635649088242,-1.4797629010129334,1.4991192648889289,0.6500197669343118,-1
0.8680117063810505,0.7424283570363792,0.7040369541786825,-1.0911653273938504,-0.6548031590052434,-1.5649053223025298,0.5144792483655297,-1.6064280065610705,-1.0702286372803762,-1.7474111584931031,-1.7378684643750306,0.6999846846004288,0.8764197727089206,0.7950244762314074,0.6892668925742889,-1.0978305262012609,0.8274225307092284,-2.4327304308852944,1
-0.7714338459647241,-0.7634414039213421,-0.7670540530909484,-0.2614581941976499,-0.052052291136181456,-0.6996862761697512,-0.831760715666612,-0.8572722604635769,-0.15682333452300098,-1.2918325507381965,-1.1592352765441205,-0.12931007231452282,-0.7951120108307516,-0.7300679388558302,-0.6428362869042673,0.5288495324487373,-0.1609262701821156,-0.1648668789478364,-1
-1.3194615542322057,-1.1555638654415115,-1.1312381096602602,0.3565035640540982,0.5511014853116942,-0.5329202502577892,-1.1216111697026985,0.11283889274973047,0.042733891034758276,0.6093366492484716,0.34956758003496835,0.7387330878607006,-1.0526146443795952,-1.0916600718493599,-1.1001170878101794,0.5712048619001684,-0.4389924798773283,-0.3077257223202377,0
-1.1878137664209443,-1.0766816531997683,-1.061152878844651,0.551530264727302,0.41758711108198243,0.5227309255847601,-0.9807267354140546,0.6679946357426494,0.9459690380272974,1.1181292113213983,1.0811313182279758,0.2130039728469942,-1.1503398292899893,-1.097501329703269,-1.012161951905528,0.7253066189720492,-0.38319135500130413,0.4722841201605772,0
1.6243821500447997,1.4757528828348534,1.4547343769272596,-0.5616428319524951,-0.4724257115765324,-0.3861926677659248,1.3530361067585635,-0.2254009964276254,-0.2768139294435926,-0.1844155134725914,0.13894749195231423,0.20602937399209328,1.3826767529826147,1.4849634475618436,1.5465751229618954,0.9935871375913096,1.167550456701664,0.44594162252631914,0
-0.6437922276067894,-0.5092201491170576,-0.472829825085045,0.6072081586224527,0.5932746532803348,0.1619538007910104,-0.39201466385778166,1.6279288849508482,0.5441013328550024,1.2436830722705259,1.2272421228160548,-1.2714993393330758,-0.6002055873061886,-0.5178457905081504,-0.41906022123833486,-0.3232329127949419,-1.2552951416025617,0.722911859809368,0
1.581305318507425,1.6123721908615265,1.6163740837605307,0.2361708245070699,0.29633616625374265,-0.14012508399854035,1.6322731488586046,-0.20132224616490305,-0.3586714301236412,-0.8438077204575681,-0.8392099114172461,-0.10560762940614406,1.557425994815636,1.5622352353546873,1.5223007667923714,1.0493608484413557,1.1782862043027216,-0.7552734538611283,-1
-0.6675578282229138,-0.576952899838675,-0.5225658506613992,0.22301717726229278,0.5898120599968665,-1.092332228735105,-0.5453632731007457,-0.5988652241587243,-0.9722702877253964,-1.8180160704351183,-0.9634557439207309,-0.1681954957739314,-0.5710279237899882,-0.5184298780945803,-0.4499544568148075,0.8867167091226763,-0.10112501725508825,-0.6429388134024128,-1
-0.29568744976099676,-0.2877461305783283,-0.28012775086333314,-0.039118619340897116,0.06957261301465317,-0.3442710718247666,-0.30913940728110284,-0.06476212094763295,-0.30775038454051973,-0.5352719627399463,-0.20426844494202476,-1.1503259575230473,-0.4459858821895399,-0.26433413007757556,-0.07164670756266572,0.11223772024183722,-0.9856321557459227,-0.21360116983301214,0
-0.6900943685282692,-0.6661978382022322,-0.6471534167537607,0.3577258388306615,0.18924142002755817,0.5917871658937294,-0.5567489897105865,0.5718470940554623,0.6525345319960075,0.41305226430022923,0.7076263453877024,-0.8299643624886665,-0.7598629818641969,-0.6860913590292276,-0.5912285210715844,-0.7408744567036198,-1.3978033848678357,0.26176443830811086,0
-0.48473253747437445,-0.31180333771228147,-0.27266549126917083,0.7483490272065779,0.7938878369830241,0.005382199073433346,-0.19183097755379822,1.2019786968217572,0.22812704513040918,0.9031035074855472,0.5295302684959208,-1.3903370621879874,-0.4195751452493077,-0.31408506864361463,-0.19757777488353936,0.1343146296913028,-0.983322821672927,1.798993305952987,0
1.6385803640837988,1.6495954628634193,1.6465891821481073,0.2926839369693248,0.28615103283153376,0.07749671826377984,1.658690528146744,-0.278864708244242,0.501202148039632,-0.38094720936266896,-0.1953451372347533,0.5307805537529048,1.5013163840574935,1.6203643266679277,1.6951696288638498,1.8029877703611918,0.7951235693941768,-0.36011124958895263,0
1.683510898399027,1.7450013335210035,1.7703612728602653,0.31874259362403634,0.4869319837800531,-0.45852088361642385,1.7514514328719997,0.13393869675952075,-0.2797947341768829,-0.12356527612076136,0.09553152679347861,0.15482633875463395,1.6282097689414174,1.7659124288235375,1.8555495649823341,1.7269579480020316,1.0566218628429862,0.1296714071288843,1
1.1114120547205728,0.8850999855636196,0.8548079154290879,-0.5260218581020827,-0.8280139767669765,0.8323541134032771,0.8390383467937936,-0.020489219415384136,-0.22560993147311972,0.4194202227935444,0.6494336134075834,1.532448040732587,0.7897939963656481,0.8604134074966564,0.9076805941218665,-0.5943459018002137,1.079950401169666,0.7222163505698633,-1
0.519438394880071,0.2835875290712079,0.2314699482573855,-0.15270455760390106,-0.8188737910632717,2.0332532859586707,0.3374898803573542,0.1971473940181559,1.2664805560078365,0.8405724049073193,1.1221018473527045,1.0300864471959246,0.2238486535416446,0.14949584666774315,0.06944069575212759,-0.9237354020916275,0.967200994442867,1.1490159281592396,1
0.02381038571462802,0.49018146967485915,0.5794556151037106,2.0110723727160367,2.119358933481486,0.05810669687471411,0.771772116482703,2.1178025640854155,0.9595962207667417,1.1823421798561098,1.2838436284623984,-0.14022454882367974,0.5534536518717761,0.4881567356517774,0.4076101166057573,1.9195850558161174,0.3803011680589787,1.1440746390277248,0
0.06469396459803246,0.2752247978222762,0.3107372745322982,0.6986315106606473,0.7040594781825898,0.11987838370006343,0.38826594172542395,0.6640442910288421,0.5425302473790616,0.8514409285043445,0.8469813655614048,0.30118986793629715,0.21813885036864408,0.2769693207716488,0.32896812900691413,-0.6470321880602318,1.5483977719835522,0.40443638257190484,-1
1.678818899740137,1.7741258235112904,1.7874244166228328,0.9488447047200259,0.6085533474174185,1.2395280689397472,1.9165823925424685,1.573824000463936,0.9240962589207679,1.954786065909889,1.156084342208756,0.007962813048985693,1.7036029951705607,1.7219859915003184,1.6912983046583003,1.4226456723970726,1.4028181783235678,1.5619543848067126,0
-0.6683251309562094,-0.6457066208979401,-0.6243862403254421,0.22980887839324673,0.24658142767135974,-0.006982063776708683,-0.5991717954513613,0.1517834766107862,-0.12180990649224017,-0.2839052411999669,-0.12268202613668318,-1.2145979742994188,-0.8009065196451275,-0.6418979618974778,-0.4614479039770459,-0.29364831024331145,-0.8701158169506614,0.5441681323219377,0
1.4786311427947836,1.683012292864495,1.6881697348617253,1.2429448532499698,1.0440175561286014,0.8592640497908348,1.8106818324644534,0.7417940480652652,1.1143059756120024,0.5716745436803169,1.1251328527279056,1.4324384176863143,1.7067118591587578,1.63414979706705,1.513310889602999,1.605202089152505,0.784037014758192,1.2134265789423895,-1
1.2009675367513037,1.5200362470333315,1.5927642529095523,1.2500570160502682,1.7122470193387969,-1.1868288488397498,1.6152103499958104,-0.1466767524104648,-0.7693396299697228,-0.9323884856924318,-1.1890370528816159,1.168641924385006,1.6480166004718835,1.5184923313082157,1.3429288213884465,1.2613166718474453,0.6744323648315789,0.522643494808209,0
0.29185228258851104,0.019848222496171405,0.004376512161465438,-1.6144252501044198,-1.1958765759088315,-1.6121138052450887,-0.24406885436357667,-1.2255705801771708,-2.43190846498065,-0.7819723085938562,-1.2789326551512086,1.1807883812701676,0.41008545963869353,0.11519911286442744,-0.18859310054536518,-1.2589892031784828,0.7557921970644762,-1.5946381008773407,1
-0.8699319581347684,-1.0811374554912683,-1.1112887215483573,-1.5547802543354676,-1.1885046629874816,-1.4385540629786424,-1.3186174295373407,-2.524583581902283,-2.1127146116691335,-1.584002744821144,-1.6515122953792218,0.028827990606888308,-0.8616054224083112,-1.0141545064124855,-1.1404949071207422,-2.0304427355049923,-1.7577708664725098,-3.6181835737006973,-1
1.6325846750104653,1.4744075504367877,1.455419842740296,-0.6484464151954716,-0.44129853079075926,-0.7684082977926439,1.3335421830892824,-0.8670375919247291,-0.7452986055986947,-1.1786252269771078,-0.7780547782377524,0.17383686093856696,1.3836549019035838,1.4859147544976041,1.5474717763687411,0.9023036176676764,1.121154671905069,-0.03804458431316587,1
-0.8461188938916919,-0.7086631148664112,-0.678088982505845,0.2618728353387287,0.47538484985673823,-0.6100120310517017,-0.6862475426851483,0.22287615488017393,-0.4846842451713636,-0.1703857878545934,-0.20982833602697235,-1.3478150229876813,-0.7825480953513229,-0.6535137567526423,-0.5032737474142635,-0.5002476166436257,-1.0320241140218116,-0.8147611096370583,0
-0.6754819434265519,-0.6255878749649588,-0.6117642310278667,0.41198497869078415,0.2816340418259633,0.48430345737829045,-0.5297678513609236,0.9278738315708023,0.6114483178725187,0.6098368931691694,0.8717006136122066,-1.1205274309259305,-0.7566858733111612,-0.6348884015408376,-0.49255721764750304,-0.6055656572922472,-1.3710471207267236,0.6204290454617183,1
0.035978345959997333,0.22842644076632063,0.2671258328769336,0.730218954521072,0.7503406710760034,0.08055190588978318,0.36144053935483195,0.4838435017605213,-0.03048797783142986,0.4351369073505668,0.5427347103438604,0.2631227196954179,0.18863021007166703,0.23903439055068387,0.28353560347749074,-0.736136911848707,1.5180554278925464,0.3357035919414899,-1
-0.6991185602636031,-0.6491125703568251,-0.6452796462103192,0.8753391816060248,0.3919925344976512,1.6681896735092474,-0.45726437833365957,1.2601273983553332,1.709480962659288,0.7071269709435993,1.1632621697512568,-0.2107995384626975,-0.5848720272016461,-0.724476986063267,-0.8459409972645464,1.0331007899771396,0.0006945635090025809,1.0351361930217395,0
1.4522784999439,1.65860347229658,1.6613691507636532,1.191789121464285,0.9746075876289052,0.9057888004610218,1.7745912298843596,0.5963197400358943,0.7278693294194705,0.7350336675235095,0.9098294081741939,1.4363144566897832,1.6739803085157623,1.6203810578130393,1.5192602083844244,1.501015761887268,0.7261586969480842,0.9002377785606454,0
-1.2705316058194185,-1.1517242388233995,-1.1377831552565283,0.19602538208240142,0.3692888718607111,-0.4982453014575692,-1.140424596598229,-0.0619036080760687,0.0688199659356615,-0.3647037169068071,-0.1268941254959338,0.5150132809728152,-1.2636030940259333,-1.1385571914720076,-0.9784609567567635,0.6204836144028932,-0.4379045586559115,-0.4436451777638785,-1
-0.6837727024562055,-0.8110205729096776,-0.8293469923907996,-0.41369821476665375,-0.5900186445561859,0.4651244824078096,-0.8180696666133985,-0.9198317602648519,-0.22894455052691406,-0.3015598244883809,-1.1550472007612396,-0.2750287031439143,-0.859475883325046,-0.8032174220596783,-0.7228388770254967,-0.8626448337786531,-1.4043424421562023,0.18439134944990854,0
1.6353550339777427,1.5524101652540103,1.5397629314584331,-0.4319794983693143,-0.24531142820933255,-0.6626299439402844,1.4208140333018424,-0.24738077474161793,-0.4585525155314589,-0.4233140789632599,-0.2231221575066988,0.8255095024049813,1.557377057374503,1.580727097929239,1.5591548060569498,1.8093520646789547,0.9048456372114283,0.5583282379837713,0
-0.7102612191346048,-0.7730623679712336,-0.7857022850982177,0.0303788926665415,-0.2407867814712039,0.845745485732629,-0.7246096232984571,0.6555336955402279,0.6697789854611872,1.2431652146285495,1.1116756453783698,-1.0578967415021159,-0.9160785154316127,-0.8205911501008597,-0.69974015146144,-0.1335590245107145,-0.7379843879923249,0.1031762963733188,0
1.630364276601722,1.3786776379450116,1.3569521063543697,-1.1446451130628674,-0.763773196212694,-1.4035151075005061,1.154019673032925,-1.915913406824469,-1.8482197518617012,-1.6638130029554978,-1.8505716058470132,0.9253316996107956,1.482599786137373,1.4372985288141995,1.3498875848845655,-0.17452237482882757,1.0063735148355764,-1.455065116688342,-1
-1.7405334785278033,-1.3947801547973109,-1.3347757231440782,1.3993768416499022,1.194306324162025,0.9088959134977368,-1.0924450758876119,0.9540993106530042,1.2406622050843432,0.7253974644891716,0.9941864859831921,0.8015349624768902,-1.263089992098894,-1.4297201675678273,-1.5584826148778201,0.36591042528013323,-0.24134324757325837,2.1794687218639366,1
-0.30674861956280414,0.08801531709987659,0.1913650751897921,1.9167258456945557,1.9528289186693157,0.2632002983828237,0.39618299435523296,1.839778434160224,1.1574082861659698,1.1090731581677966,1.3318716699988673,0.036152666213794794,0.21134450937717042,0.09043212863190447,-0.03537165116776719,2.057600264923738,0.2125809368001043,0.8800967708153531,0
0.07828790584700097,-0.06665719640546112,-0.11323914774528673,-0.6189326850729606,-0.8430383438293967,0.5729610473630027,-0.12103685553362362,-0.6280241307069853,-0.1795943122666842,-0.5542732887690985,-0.5242368287825423,0.6514494019691157,-0.20603540301577813,-0.14205092712667552,-0.07277466013906274,-1.3751279251692394,0.9730307170134139,0.4321807952940959,-1
-0.5534897814368914,-0.42449385140763324,-0.397161073274579,0.5937227589600715,0.5643937710507746,0.20699525757388512,-0.32487548526213145,1.755190686109973,0.32914755873335405,1.1142406249081778,1.2171361663734546,-1.5053310875864019,-0.5610753206305109,-0.4266048717095665,-0.2773376459384008,0.13794383196486604,-0.6327370776053688,0.06375040639583272,0
1.6547205771304905,1.723016640182564,1.732520494409356,0.777452843833039,0.539968659855804,0.8876004062216892,1.8403926069522047,0.7629495118550729,0.4761106780111009,0.7455195090181987,0.952904313057578,0.00898678457702642,1.6520011454517614,1.6588333293018105,1.618187922451564,2.055400930811034,1.0504038363522643,0.5374485652975681,0
-0.2516260251204403,-0.441876802588287,-0.482165787432413,-1.2772032313889652,-1.0174391162716765,-1.0543787842302286,-0.6783981410964447,-1.2936066725117608,-0.7565023749951431,-0.730346880285666,-0.6020508752161007,-0.6987511786948802,-0.2676835979007594,-0.38137666471233966,-0.4862834647036289,-0.2813127760056445,-1.3410832326281799,-2.6313796440855595,0
-0.3380105721644127,-0.27694892655912096,-0.2715850262776936,0.25499154552628994,0.26914366383789173,0.006060472999693841,-0.2474195395290774,0.7472149398153994,0.22321176419993993,0.6610303324465294,1.081381190139209,-1.3060271272721278,-0.43545702373475764,-0.2859801827623267,-0.1254574295609244,0.17128617620125133,-0.9454135558753185,0.4018183836796872,0
-0.6633343632192135,-0.6746553200057794,-0.671939006299332,-0.3246937331172375,-0.14963378086144868,-0.605688827983075,-0.7361260221111716,-0.5563100661146133,-0.5153770436794377,-0.6707738837603076,-0.9917837243963119,-0.8261025253637386,-0.7244355252803022,-0.6353390219559871,-0.5263168479784968,-0.27619067522634,-0.7646079355624665,-0.23650362030298322,0
-1.4628291642131388,-1.1684290599514768,-1.0778066906360335,0.9448570095859398,1.337204239499563,-1.0302384139965963,-1.017586869273957,0.11679745399103068,-0.4424991736179124,-0.4438866841308139,-0.4966650224346471,1.1939494246232674,-1.0290400551243,-1.1080156702382282,-1.1566917328374229,0.5057241238352537,-0.41403826442029673,-0.8426657589398753,0
0.03809688562249032,0.16902668837289192,0.2113302777953122,0.8581731644196054,0.6552428533014673,0.7963799591618212,0.3520499524111875,0.3801868442780752,0.6980854302078654,0.4480279069699284,0.2722938439927103,0.8484656294397667,0.19380177158345568,0.15054728581443413,0.10215082098719604,-0.8686295296148803,1.413047819773659,-1.025327507432947,0
-0.7274810250652098,-0.750996004508587,-0.7504351121127252,-0.34885046090866806,-0.26960001553722573,-0.3136925049975341,-0.7993010704303938,-0.15035062406531638,-0.5190042409617664,-0.06720547458548969,-0.032021094432231806,-0.5388659443300344,-0.7329036347886827,-0.6977739256689941,-0.6419515094551438,-0.9070192588846708,-1.4529212963900098,0.09105859445318386,-1
-0.4567706072483482,-0.3185648773317629,-0.28138110758837787,0.36941135210736964,0.6447806031661932,-0.7805441253411124,-0.27842996123704566,-0.6929961246050554,-0.46347041327042976,-1.771512589532048,-1.827549726583555,-1.2015812677082676,-0.4384346127414219,-0.29247232545324153,-0.1353445455841278,-0.14079193363743928,-1.1062452353927679,-0.3754819053495684,0
0.3149931682107238,-0.025928580868602006,-0.10886474308327365,-1.359297574895353,-1.6123073558457874,0.5176232314429877,-0.26380343502657444,-0.3644907282010512,-0.12358594132108759,0.1902549659461885,0.22205826594451275,0.9391092744366916,0.23464431647595313,0.004548563243675835,-0.23004712615953005,-1.6676163454598703,1.5033406992507097,0.4830775351663068,0
0.6332212661873214,0.21879593867437974,0.1131307728465861,-1.7168410403467298,-1.9626992471935363,0.42552057518780384,-0.05310354613548572,-0.8237290750428035,0.32085330598669454,-0.28533360263997853,-0.651801636053391,1.5417228127293492,0.33556363897211994,0.19844585487623165,0.053029023060913165,-1.0093543353462986,0.7793389154852788,-0.4627681274030644,-1
-0.34571062092044624,-0.2843645245789441,-0.27913285167611196,0.22480237673262615,0.2686069481470295,-0.09167993855873484,-0.26175764360987425,0.4062013790180924,0.3086911881548501,0.26357636353313574,0.5821012772139926,-1.3183822162670151,-0.4301455748217011,-0.284645027196017,-0.12821239304162554,0.10613723270461922,-0.986341625171837,-0.0013114289699016673,0
-0.65134289182377,-0.5437024156041914,-0.5262738990936763,0.3914924814562698,0.3213552133757588,0.2938119456312955,-0.4780593573236103,0.6136510322045254,0.01467135315425446,0.9685461211856851,0.9149007608069071,0.016940411605100732,-0.549071115648291,-0.5068140577734402,-0.4492093598948676,1.1556647120121744,-0.0029855408961911222,0.7226911111834317,1
1.627587079390876,1.5549690364376285,1.5500302929105676,-0.5370148384926129,-0.11087739789391331,-1.4248184816789087,1.398617688408376,-0.9472883600444016,-1.1086571969910979,-1.433736948872716,-1.155697023892092,0.8403343855215327,1.5637356016581534,1.5874695711474722,1.5660949946560607,1.6495846586289287,0.8059012183606576,-0.42275016326916076,1
-0.7423039748200712,-0.7176101835640817,-0.7300955500345342,0.12581281252513032,-0.11046639028371702,0.7563737280644761,-0.6651565945049781,0.6223899734309362,0.6365934205746144,1.3185959869538049,1.1280620274366246,-0.7778928005701077,-0.8371245536557828,-0.7500784902734362,-0.6398527523148083,-0.6216695563065031,-1.4807486852219567,-0.02372846127331334,0
-0.7488836913380811,-0.6974377525845152,-0.6775113830636149,0.15250754185358548,0.20795132979598244,-0.14187131258842625,-0.6494907422000692,-0.03477325104513758,-0.24700869562531264,-1.3566788121621336,-1.1199151625563488,-1.2722302875827556,-0.8426427713113019,-0.6895127381417308,-0.5136863248202042,-0.11935311790413732,-0.7712133017187737,-0.18740240173121842,0
-0.0686241937170998,0.3733763538524384,0.46661256696822107,2.0409494122837994,2.108286776513139,0.19077212462842583,0.6723680190164599,2.0232578023874037,1.2723731894321622,1.0918594593691429,1.3709931411941425,-0.03686835176242246,0.4454098797187654,0.3757871309022175,0.29405746129998533,2.0172987332268844,0.3222788919176416,0.8217337850489687,0
-0.7777690641922244,-0.8832931171670094,-0.9042922746977367,-0.3240825076710674,-0.5027736311719868,0.4900000511452612,-0.9033284338954846,-0.11028895684589922,-0.06878663843193482,0.6278501119268145,0.536455189614122,-0.6800911068547113,-1.03107658884788,-0.9014845559620919,-0.7435596774196561,-0.8095141481769118,-0.9142900071481548,-0.7186746648152488,1
1.62989573258556,1.5985296005822847,1.5853814531562507,0.1684223866238501,0.016234676230277436,0.5042785101501982,1.5817570603365616,0.48312936074789287,0.5156556903362098,1.8096967308502088,1.249067636388366,0.81639460248431,1.4530743303672282,1.5651558515486546,1.634446887440696,1.8909285573877193,0.8377533999140152,0.43223361319242315,0
-0.6206105611865659,-0.8181189481982788,-0.831293848071841,-0.7537098467563912,-0.8178480138095349,0.051171270148912026,-0.8889341094526627,-0.8858894574059162,-0.37239171526824644,-0.662547785626682,-1.0738619860804162,-0.44955893590762913,-0.8560613139040723,-0.7984776439919498,-0.7168847535463284,-0.9107957680316657,-1.457136475890817,-0.6792832724734283,1
-0.3881831071409644,-0.30355972528451053,-0.2881594242287339,0.3010351646922931,0.39164190389842046,-0.22171142743383682,-0.2658600583339811,-0.31536404450839206,-0.0660004564334444,-0.42050537396416215,-1.00414477393646,-1.217640763961302,-0.479205312027945,-0.2993984338121164,-0.10758459792410006,0.15921905208392403,-0.5204671979457168,-0.22213237772278854,-1
-0.6128833770367339,-0.4097024965983046,-0.39338320332034493,1.1075649557487701,0.7294760365481464,1.3876413298650132,-0.20309033133701057,0.9945434110403253,1.8314464038414895,0.7307423177585609,0.4012545096392097,0.4699518160685021,-0.3435021790688568,-0.44918560204886615,-0.5439845913355701,1.2710509649980213,-0.07297907477323236,-0.4045236579250659,1
1.587083748293797,1.613878280779036,1.6136925804502649,0.2922314923314636,0.3076000044963341,0.009579373341736298,1.6473723366496917,-0.4183696568485746,0.07522799443194599,-0.5383626135560831,-0.7650818302317682,-0.0894952275081157,1.5546637137162196,1.5593145936947463,1.5193025777162317,0.9265115193390469,1.1211745151936636,-1.0431763181443459,0
-0.3973702148488379,-0.30155300778938554,-0.28968264419880296,0.2943226346111459,0.30240190172279974,0.03256334751738564,-0.2703414113311073,0.7403194585503688,0.36090281972025345,0.6170677840513678,0.7097814961770159,-1.2453248843251938,-0.421711188066037,-0.28052274807299216,-0.12860241263858221,0.1299906772117945,-0.9562054668258241,0.9585757710342531,0
1.1457227553295357,0.8726915259630298,0.8343920602824871,-0.9668655740711615,-1.0219829363084576,-0.018470618211444623,0.74322191162808,-0.6991257571910806,-0.8683289148670397,-1.3577121023149814,-0.3041230491637923,1.5960963873336653,0.8017309106317457,0.8300720997527851,0.8351289973098056,-0.7996258201947425,0.9733853112672576,-0.9564331722375203,1
-0.6792504787353741,-0.6346539616383287,-0.6215111837861214,0.393759723374054,0.2424920613856994,0.5455168733847665,-0.5412025121328672,0.9204131408185249,0.707144067057995,0.9189218302033958,0.8608443342445076,-1.0866359434541433,-0.7670157366668848,-0.6385600602487119,-0.4893388619725416,-0.667692685265161,-1.3937624940653073,0.6500443351130181,0
0.036698112539514674,0.15522300019756297,0.19523342331931004,0.8625497641706067,0.5909090846553093,1.0100326909456003,0.34374536176747766,0.8181597200004277,0.3740138563832069,1.087882196134129,0.9664217446103477,0.8981881937286669,0.18757005296562543,0.12878434430766814,0.06518630780799933,-0.7808048883924048,1.4509304079344743,-0.6692682395961809,-1
1.634261816411567,1.569436755836054,1.5494209652168307,-0.07609171470586304,-0.02463469241828516,-0.17425023532151301,1.49845635155125,-0.1171912106992528,0.10973668917888994,-0.9799019987811962,0.199986484539238,0.914479876531761,1.438046365601619,1.5215298108582231,1.5629317447815687,1.8373704693911892,0.8276142617819091,0.32938586497889305,0
-0.7483472104081575,-0.7533273643598619,-0.769583173635103,-0.18150003555555738,-0.2917553602885459,0.3059505375580147,-0.7637458852321084,0.15596331605382668,0.5311165430584295,1.4234479755651592,1.1325386662325183,-0.5947733467370984,-0.8211746490823758,-0.744437445909434,-0.6448782218575702,-0.7443014661292755,-1.4777960509712262,-0.01226387304054747,0
-0.7377410117451296,-0.8079899048134602,-0.8164663802906086,-0.6726801035571387,-0.42349911826452785,-0.903326449685138,-0.9253204516882445,-1.4380444956747964,-1.1745849145469591,-1.1799813373950365,-1.7030294004337057,-0.5605707676457088,-0.7747744440993533,-0.7620447987987972,-0.7272032835762994,-0.8385895505266314,-0.8354118937575543,-0.5627767147956058,1
-0.27319161772682604,-0.278388022833334,-0.278804371666705,0.015694143615337573,0.026025294844939883,-0.0289250452505259,-0.28119163361780736,-0.3119445415692441,0.23003066722427848,-0.09199325650914465,-0.33991854383424175,-1.2528482192927748,-0.45947741778982354,-0.271410385820894,-0.07198277722617175,-0.014500014574784937,-1.0205139514740578,-0.4066068680412502,0
-0.3147338645195583,-0.2685448678229353,-0.2577444269617998,0.18796434708626392,0.24992577636673682,-0.15511928449968992,-0.24975058122283297,0.03816728718936361,-0.005781928417695404,-1.0527654851949486,-0.5806082589669406,-1.2947865511893089,-0.4291559039387613,-0.2789039015530345,-0.11779435124651187,0.12643619068413056,-0.9613748318616715,0.0788960843609582,0
0.15061675406453337,0.10094725807717364,0.08157795278531671,-0.7137595509471811,-0.40676117521406185,-1.0904245557285277,-0.06342597234489189,-0.9993830431466671,-0.8399045067057465,-1.0351121629005628,-1.2796135514863296,0.2882059704004579,0.18805730552050637,0.1577069680895423,0.12225421673534233,-1.0411956367065367,1.3517461278385212,-0.7456554642667773,0
-1.2464672309447016,-1.9994681099810019,-2.1661938246151666,-2.300518746393583,-3.3533743043485,2.8105985513432343,-2.206044722009376,-0.3139064408055087,1.3983497505714881,0.8923615255233787,1.2262310216383032,2.612769213490308,-2.042617024794631,-2.198599902981464,-2.2944465679730945,-0.7034326613284853,-0.6290434436986111,0.3726952311218915,1
-0.6018561394283939,-0.4696430195697687,-0.4444345701082066,0.5049408628072412,0.5097770260616381,0.0838151924820015,-0.38563423041334527,1.2254543716144037,0.4017667685528296,1.061128605727264,0.8228169235347133,-1.346849418107016,-0.6088970439804734,-0.4725841212207004,-0.32011986243628604,-0.0948031526757113,-0.6930704425571113,-0.6003587249890557,0
-0.6072203892349738,-0.44519634868379204,-0.40779344641006304,0.7234996263288895,0.6661661077002038,0.319116601376217,-0.3130215436666142,1.8859148909916728,0.5774885210657477,1.6231429705048446,1.3892071921994993,-1.3336452822013025,-0.5645883982934896,-0.44289377471175595,-0.30617750052339804,-0.191097939120514,-1.1878193196094495,1.0418448246761178,0
0.9845853063326374,0.7992192070878799,0.7685132063447534,-0.7387859713138348,-0.7128721677779544,-0.22480035537871254,0.6960266427131384,-0.9735505332235854,-1.0790707857216124,-1.1985719212679657,-0.9649164419890198,1.4176106547568146,0.7721203455682482,0.8067236721523888,0.8188317049981385,-0.9905504004908955,0.871827091004494,-1.3428228966543738,1
0.3106610580220809,0.37957333551730893,0.37854716481529854,-0.6036602391789848,-0.06572641789162806,-1.78409189423263,0.19185427687016096,-0.6264770134686249,-0.9418950011960403,-0.6644537086591178,-0.8314450423765078,0.2781772453495366,0.6978621935176044,0.5058641952860936,0.29570231681469383,-1.284120959736352,1.4112540339791206,-0.1254404017243669,1
0.05338154114994773,0.2591605259997867,0.2948054214906147,0.6514834490790552,0.694335025882228,-0.005247392767240479,0.3650344809594133,0.5353705040873511,0.23783580872643312,0.9937195197740691,0.4555732096577846,0.2701541722363201,0.2116268572844642,0.2573592981977553,0.29657414597129506,-0.7269702459051289,1.5133172800465988,0.1899340506288928,0
-1.393277471762552,-1.1632082677835125,-1.103453760921224,0.515259403340538,0.9100576646848594,-1.1218810156209247,-1.103580018642965,-0.07358843940995612,0.7384949353327781,-0.7110065052777051,-0.701897768423774,1.0045690564360759,-1.0486686767612452,-1.0838160679129973,-1.088526143227993,0.481737536577092,-0.3826428069872126,-0.3037533920180517,-1
-0.39267140902930503,-0.30040787638183536,-0.2849099041103071,0.37723913371535217,0.40949164615034694,-0.02607854392945441,-0.2475528628822105,0.7126358713117587,0.2031287151005776,0.11087360367320374,-0.05050822591783365,-1.3234878594319306,-0.47821434028292303,-0.29724551487924483,-0.10430945427957583,0.23177972675315367,-0.5013212621440533,-0.07582756164061825,-1
0.3280914093277795,-0.013707129706823185,-0.08261786721141734,-1.9043324700708664,-1.5867153886617682,-1.356249034254136,-0.3811353338864338,-1.6650648129278485,-1.5992816843263695,-0.8088228853288336,-1.6250580269765809,0.8102423471137205,0.2713533989453952,0.038928698112807594,-0.19902684964738976,-1.8300345670255462,1.3263946344349171,-1.3127841003398804,1
-0.8890327887345771,-0.691794084723116,-0.6393534504148605,0.6199047055879013,0.8424556377391258,-0.567955871345138,-0.6073201431737644,0.3347772171846985,-0.35968810321878114,-0.3891692300117295,-0.7363626442102512,-0.8776861693622932,-0.7980606768433083,-0.6475056458351527,-0.4755087061006334,0.8820846869799813,-0.1513877365312519,-0.04278875352915867,1
-0.6756041822108324,-0.6551961540522057,-0.6354644311055364,0.21877428973038837,0.24338246068799899,-0.033407975262116675,-0.61080298941064,0.4810471434887659,0.004658940142980287,0.3132090923338784,0.8624608082120941,-1.224313917265681,-0.7917649642567209,-0.6613911465813058,-0.5095601467182524,-0.28900247808123225,-0.8852174211023458,0.4177065466782137,0
-0.7245069796883579,-0.6350987027065438,-0.5976649925931588,0.5876786678359452,0.5542661607732327,0.21845940182170337,-0.5113076513513746,1.1181167368099671,0.19679197100649348,0.5777810828845504,0.6313891406952269,-1.2719097154751131,-0.7410763685438113,-0.6380593991940728,-0.5147743440829742,-0.16300977610523623,-0.6991520019287161,-0.054403393949108314,0
-1.8668849171828308,-1.543435791980922,-1.4941956447536455,0.9937736471768691,0.7291071118633355,1.014107971884316,-1.2947361042640713,0.981516153231766,1.0066194393518753,1.170753148769261,1.1650838312279679,0.9466633346012161,-1.4750441240599268,-1.5258676538327853,-1.5338649849016228,0.3330698450813749,-0.4025385684075525,1.5557346209814018,1
-1.144512852894503,-1.9867455078701068,-2.2012847962509268,-3.212376162445177,-3.927919013131832,1.5875320267366422,-2.389367180037752,-1.4077859647466737,0.5734431514739343,-0.4651299164166509,-0.5360369398406805,2.6329849769026694,-1.725852663844655,-2.1200763734211097,-2.4609415052939982,-1.266727417373446,-0.6700701683704336,0.7041741322845916,1
-0.5754356011076539,-0.40688909333413237,-0.369475105115476,0.750898768425572,0.7271572084051962,0.2204427997547286,-0.27432156056959006,1.6034016136260556,0.5605255200863518,0.9316857530392998,1.179253446955737,-1.4116429012462053,-0.5205835363484572,-0.40741210912449516,-0.2803991806753492,-0.13472154486041768,-1.1566662363638052,1.1213251817567647,0
-0.3313562048207757,-0.2724474722675474,-0.26609989070492834,0.2570015173243756,0.2700004265996582,0.010025224111346721,-0.2417633779785605,0.46343080240615864,-0.02481536586365438,0.7256562640269713,0.7779503059284985,-1.3481449859336068,-0.4349893163314789,-0.2858133042327725,-0.12560188177944942,0.10906778963856491,-0.976407269984744,0.2648190947807223,0
-0.9687764998683992,-0.7398682757820415,-0.6815463862249919,1.0759998585014225,1.135357489822935,0.02669084761359293,-0.554554314265267,0.995054003160993,0.2823853301272695,0.33720684455508343,0.6555917343249676,-0.6313889654254708,-0.7264252342541492,-0.7534330976013381,-0.7593308347920419,0.9071045469705322,-0.18006459324654905,-0.09111053876697149,0
-0.8301619975775205,-0.7037799525637064,-0.6780588327984028,0.2698918302633301,0.4377343061816697,-0.467004250243407,-0.6788456181632073,0.5006767378791569,-0.1848069114673135,0.11408922465274868,0.183965762042382,-1.334398832349448,-0.7835133882378084,-0.6542981596928759,-0.5038513136012073,-0.4134562481535396,-1.014868466731242,-0.724557179968389,0
-1.5802243843100034,-1.8989325787027906,-1.8962949824537243,-0.3101946024946852,-0.9177276626296916,1.8208434078774176,-1.750614926674172,0.04012718358358975,-0.2601816518983749,0.5294866304078019,0.8830957167323346,1.4681701608255258,-1.840608405578946,-1.9656829197538854,-2.0367188382294072,-0.533101298655646,-0.6174810635866675,-0.4986010094944462,1
-0.7905481458321683,-0.729617467842612,-0.721403723245988,-0.06171138089784689,0.2057013575892613,-0.8402528926696824,-0.7649780017816464,-0.9184827637740212,-0.5633931135846498,-1.6758217644006064,-1.1121620601008806,-0.9473466116200393,-0.8005831774248616,-0.6939854800030028,-0.5654466621796492,-0.521314624162737,-1.1106753472064526,-1.3722235300211945,1
0.360107050341397,0.7944794824122978,0.8621224286250624,1.99567791369692,1.884264406606711,0.735507218804643,1.0604835533412071,2.1166648129445824,1.2381018281826248,1.1890995386224639,1.3685476842146296,0.38561415038458763,0.8631968819705459,0.7828410957411556,0.6784924163845363,1.8188986832071297,0.5017531014647811,1.6388540674989311,0
-0.4638052223783116,-0.36210131945336366,-0.33245789813580295,0.380255600894607,0.5212675685244157,-0.3623170774675842,-0.31146357016577825,0.42503216044649206,-0.19051021042942343,-0.8643501997230286,-0.7167852514045886,-1.4778055900855556,-0.5277798494389797,-0.3478477045680427,-0.15451576385596438,0.18124851172319764,-0.5224373072098092,0.7520142390207106,0
-0.7230402489696736,-0.7526088451622684,-0.746752419649775,-0.4091771035233127,-0.24432527392875739,-0.5906035705696416,-0.8137810728668452,-0.3859906760572438,-0.5658283559129739,-0.614333009334039,-0.4012453378445811,-0.4612234362258809,-0.7256440362936116,-0.6922330389818943,-0.6383209914820994,-0.9682847541098454,-1.4824456900973193,-0.4568676853845272,0
0.825613891708112,0.6342602903693174,0.5766186808877958,-1.374621113315149,-1.0973190251673166,-1.1277540248965539,0.3623507966420392,-1.0453433886260899,-1.3283170643124553,-0.7774974568418539,-0.9749256763301871,0.9193757654103183,0.7460402639263342,0.6657985611063924,0.5649251685828285,-0.8695749847881082,0.8993995575503487,-1.050195187626907,1
0.03427401736022178,0.050382697954880935,0.07339870491839805,0.45533304548979703,0.2831237745712966,0.6224201266073774,0.1826272203394538,0.2410455360370118,0.635003761784246,0.19001757138421235,0.24870546073188324,0.7094835219271413,0.06640685280217616,-0.0036292232177715707,-0.07489109086475382,-0.9931095033137115,1.5015209784181645,-0.408573821746705,0
-0.732356433705395,-0.7150287174721129,-0.6965357298264501,0.2621806790488556,0.16932680178354298,0.33886527997556426,-0.6339099146400358,0.3116129610514927,0.378051809580762,0.21469189686329967,0.21356423506895383,-1.1684178298854218,-0.8534336515936431,-0.7190195768399062,-0.5614177028358434,-0.09791571858307989,-0.7568134180079173,0.28274594536643716,0
-0.8074285158573823,-0.8091455920731394,-0.7921378325158557,-0.3494951801177692,-0.09662872225099385,-0.8515085210382551,-0.8643567793077347,-0.8611654597251294,-0.8667908011341451,-0.7559605460160069,-0.8647091076077519,-0.7413326732191533,-0.7608582393502948,-0.7343070304029459,-0.6861775415263094,-0.7067190918388707,-0.741127522646089,0.14902546657309063,-1
0.09546023778967794,0.5527219748026431,0.6417835123755956,1.7915777575110376,2.071178417957187,-0.5153987572557283,0.7831395231660114,0.8611990036344799,0.4147165036216596,0.135332357008446,-0.19233587388104847,-0.10859432438826347,0.6008943901971969,0.5594704531666221,0.5012034957625953,1.6718028551997868,0.2680369823638042,-0.24926604016513423,1
1.4030837301879386,1.6014201414320248,1.604197945371323,0.9912164613827446,0.8159237750314383,0.7368162841565525,1.6728379769372612,1.0204179924195365,1.3262119364014335,1.4208150205693362,1.3216545552387426,1.6137613014298562,1.6089457624884935,1.6006375171359153,1.5462343505960396,1.5122677407578646,0.7050642110182138,0.5003947013992033,0
-0.6948747048608979,-0.8088750432516306,-0.8397001762816555,-0.7145837788073226,-0.6868022326314055,-0.2258495523744822,-0.9251024186686454,-0.6051942843545617,-0.516322550585193,-0.23236700236475344,-0.4032567692436513,-0.7886094457735716,-0.8379516059320841,-0.7894321044564021,-0.7173351066882069,-0.41098921212661843,-0.755992644877078,0.08731747059152582,0
1.1762309884362088,0.9147885694946982,0.8643517686404151,-0.816649024549518,-1.0147876029699356,0.45385718895657823,0.817796336485599,-1.0344631936126694,-0.31835522825314855,-1.2610748431845655,-1.4603838102616329,1.2727004918515328,0.792279634178128,0.8363973893801184,0.8573489103066059,-0.8730299683555935,0.9234493209085536,-1.102591028216778,-1
-0.7541800094113895,-1.60486838403437,-1.7914027993012953,-5.213122257144948,-4.364488578607491,-3.648182948037451,-2.527471351671153,-2.1838317917218832,-5.914210071741225,-0.8480328532045748,-1.5434235665139282,3.2039157743186366,-0.31401682658831825,-1.428468425800319,-2.5230868443721954,-1.3148383379805504,-0.9639115672476933,-1.341418201809207,-1
-0.712420425624383,-0.7402252508598447,-0.7237614458628452,-0.4058123778205255,-0.12937849165565488,-0.9355155806336692,-0.8016101947350467,-1.2298284255317207,-1.2581507304025872,-1.2309521620585047,-1.6252553534210774,-0.519427108628385,-0.727234906129782,-0.6811012249682048,-0.6145443717376458,-1.1788964022958701,-1.5903779457409841,-1.57089878395931,1
-0.982675975912216,-1.8514177628358526,-2.0936064283479765,-3.714249019955175,-4.541600829680324,1.8356125132192926,-2.387337813985025,-0.8937310828877364,2.1179882819325195,0.3086741410806709,-0.14151083525223365,2.9060890094045133,-0.9848784191786997,-1.8556832040381905,-2.689767326563269,-0.8928399100076787,-0.6052675160246725,2.1034836958567182,0
-0.7996198115554303,-0.7025618827007475,-0.6884848766664343,0.1906255131260394,0.3311924605563761,-0.39804040210944747,-0.6901612272638913,0.24118983468572744,0.41423192933891734,0.014977065215298391,-0.0069619508931104196,-1.1790807746176515,-0.7960614653307755,-0.666548133705909,-0.5154459582222306,-0.4710025989276229,-1.0325405872819398,-0.7944882252603599,-1
0.11990484490925968,0.5675786642578631,0.6555225788655865,1.6955165017356917,2.017506760396363,-0.6654742093935239,0.776975952680535,1.1232709840110184,0.12322026026858215,0.2194515274553256,0.2715859996286559,-0.12750475222945826,0.5966336829132374,0.5823516056046812,0.5510852446543938,1.7447328593617792,0.2743412838904362,-0.49552913005207794,0
-0.7027783985826065,-0.7149322655817624,-0.691405902248973,-0.25762129628946706,0.008985427143819513,-0.8760868764508766,-0.7458918458791628,-0.9921100742199154,-0.9754750350048288,-1.342600460681969,-1.5865287352288222,-0.6407547605672422,-0.7362038724559928,-0.6771959159461741,-0.5976323913195573,-1.1349061790111827,-1.5341245529861298,-1.3316207138560663,1
1.5800898725179446,1.5660275256887422,1.545049691011071,-0.15250645353332948,-0.0692702586053,-0.2876212477580203,1.4995945400775956,-0.6651898511775233,-0.35652706386856636,-0.6536322179236975,-0.7668480112405854,0.2420016644139683,1.472719798714408,1.580026121520796,1.6440245144533003,1.0800024486304713,1.1625356170528005,-1.0042407954792512,1
-0.023795497426171403,0.4273675884055066,0.5190475542616783,1.9828750197472422,2.11514413131519,-0.021684288575045677,0.7086012299455031,1.759681754704662,0.6651910880189059,0.6439199447798551,0.8961253608250265,-0.019151878313105577,0.47847275082237245,0.4354850535618987,0.3791829332549668,1.7768400921209289,0.32055027657752916,0.6226566870609428,1
-0.9889161425541104,-0.799486483496732,-0.7495291876101983,1.183709493064364,1.0384426579114796,0.6814877318472132,-0.5837737850343101,1.3589055310859726,1.063907880743813,0.7275851183413246,0.8250537825461033,-0.4093784820791192,-0.7980438983622731,-0.8186718560161709,-0.8161962307957586,0.9210909096792063,-0.16854641587275668,0.47477279816797135,0
1.2707773107307616,0.956171523048384,0.8401073073901276,-1.266203125387871,-1.7749946820791582,1.3279951280860947,0.7667014919183741,-0.08958678905075496,1.0171611364591349,1.8289392241789941,1.382204537153106,1.4268516067375157,1.0277849939418562,0.9039559961893253,0.7518326611772154,-0.31405066631667394,1.1184640417881482,1.3299887718520536,-1
-0.696870953934236,-0.6710830681516144,-0.6578175471937108,0.226828191824503,0.10833375793252994,0.4113574500497106,-0.608245049906317,0.9230366601406681,0.5202431632690266,1.6051610120093496,1.2045048808597376,-0.9667616805137944,-0.8253247714692484,-0.662793048466244,-0.47815324821963173,-0.7215652167799783,-1.385231865200101,0.9468044917134074,0
-0.7124068941908963,-0.6246746166983218,-0.5865169778700295,0.5198910575678237,0.5596276944860556,-0.021346753104801303,-0.5186118786131689,0.7556888067492157,0.2838843428943701,0.12330586115515796,0.1561727633655543,-1.316656981033252,-0.7438593688959897,-0.6191002614571841,-0.4742043103427086,-0.26063032441092493,-0.6968998169214825,-0.07851458749186724,0
-0.6823943404941853,-0.548810156897382,-0.5215932084612906,0.5347615151505771,0.5076658960540786,0.18854259988481262,-0.45215000323986815,1.181677002342721,0.4052707285387558,1.090400975275909,0.7324632859575151,-1.3722757729613233,-0.7036292273508848,-0.5365378665726079,-0.3508752768890853,-0.12675387188183967,-0.6283022880050744,0.36973085235852304,0
-0.6646719961880991,-0.5836011502148921,-0.5643320566205025,0.5622219973279686,0.4155447683016514,0.5642602982212255,-0.4621214774233384,1.5163907265880503,0.7244776818873429,0.9293363106310862,1.2513712613533141,-1.221660275118216,-0.6868001938036902,-0.6098042640644445,-0.5138452764021383,-0.4029340756919403,-1.3288282922525734,0.7921809298203993,0
1.6975122331890962,1.5424864171540087,1.481385817664068,-0.48416649750212365,-0.6596078931667055,0.44861482955125953,1.4284628568785316,-0.33597004084711224,0.1791419891992687,0.10709225074023432,0.6155500964382529,0.5294649210626503,1.4132070129903154,1.5003009672303458,1.5459912244076766,1.2028613385154308,1.059939863476048,-0.5467278878405444,-1
-1.0253385808454107,-1.2475889533899711,-1.319933945570359,-0.651190953478538,-1.2894138646921847,1.8491733621254804,-1.2682438397690161,0.35726362932841194,2.6101198819838105,1.4581444417906273,1.2986265093148037,-0.013457390378310712,-1.2085360811748003,-1.3039990708200924,-1.363851010963114,-1.4149510636305007,-1.5128446375932871,1.8212733228388707,0
-1.658603311539679,-1.2823397230527969,-1.2098930056276014,1.74505508160835,1.454465574348846,1.2413814874681806,-0.9273395393718025,1.6182678451472967,2.285959797476581,1.5627469104917269,1.076782785779986,0.8535035630338889,-1.087543218529621,-1.3299844491267847,-1.5388599068695672,0.5809232204129934,-0.2879598113251548,1.0992558749448214,1
1.5626527140516042,1.5692093698594747,1.566003350310313,-0.1357707569772114,-0.05616341379218908,-0.2731082944093535,1.506160687948983,0.24798411286238536,0.036235864287803184,0.32119064628872557,0.4679233898916184,0.22893206438304903,1.505197740320879,1.605227071421279,1.6610870372160815,1.4193872160285168,1.3165846331316973,0.9496115847694487,0
0.9016909366403352,0.8850293120430791,0.8904860207195492,-0.39632387333341257,-0.12850485045909388,-0.906978847871976,0.7898826878917704,-0.5923231211728134,-0.6569066241676872,-0.5681681341073989,-1.2491267788923965,0.5432968732427547,0.9284500071506891,0.9509533498867995,0.946592338038936,-0.7828799323306506,1.0252855776358012,-1.6490998079962131,0
-0.7395200429754064,-0.6529144630412915,-0.6179824260014694,0.6039870861133313,0.511678717917097,0.4040510305435826,-0.5214965687025963,1.245229125742367,0.466486562737926,0.646546405838897,0.747618555020154,-1.2116514328580676,-0.7435061391066287,-0.6656803296998595,-0.567272100273961,-0.1764947288793444,-0.700901264991567,-0.12942038714514562,0
0.9196508684665378,1.3018836521416475,1.3592908162311175,1.9722722414618903,1.758476522084309,1.0480061971987982,1.5503583812790538,2.0117302008436413,1.3401177991911664,1.646083609276821,1.2265884708268457,0.5844524236651897,1.366946170844538,1.3032327034105302,1.2009075046293605,1.8348336750612246,0.6501165780517666,1.7170331924486928,0
-0.8890734452008855,-1.1283921370692942,-1.1638585872005698,-1.7550862046954885,-1.3239583632712204,-1.6785921982033434,-1.4039140314858685,-2.766736770664531,-2.191029577681843,-1.5182184887706922,-1.8127438764163424,0.09999283708725637,-0.8332415459214358,-1.0469658354011502,-1.2347014644393666,-2.2407969507655725,-1.87892189042761,-4.378913101712982,-1
-0.27010208892146104,-0.27612822702780626,-0.27759373247463187,0.013355144606320602,0.022174183067233486,-0.02469965299886966,-0.277076206401303,0.029874297763294828,0.026092160361677677,0.41391973090993345,0.6327922032202149,-1.1728489497984123,-0.4675602487932415,-0.27598325989309264,-0.07284780394109985,0.005641013439460608,-1.0072949941551619,-0.346756023744137,0
1.7401137653545367,1.543965661933225,1.5083529478454045,-0.2746956546777823,-0.4267533002510864,0.41717865296070483,1.4957616905982176,-0.6064999272604166,-0.20187294039039774,-0.5102709673163818,-0.11980630813793623,0.833740890637566,1.4214034198795813,1.475817572087571,1.4889101111494683,0.41169099364191436,1.108496155828953,-0.996931966127542,-1
-0.6658263227854393,-0.5902131863894826,-0.5548515606479157,0.0780644552143018,0.3280129376819982,-0.7588185246391216,-0.5885789113533103,0.2591527975373126,-0.11540635762653664,0.09586879830809086,0.41478998300020964,-0.06070266852377205,-0.56938606038826,-0.5140739486573991,-0.4429579347350788,0.9707984809889645,-0.026092584256176454,0.31501697587795296,0
-0.2992251321835215,-0.2885176275306162,-0.27878384575168913,-0.04925737124789218,0.09731575187427292,-0.46357519388631435,-0.3131571823308824,-0.4410399095081966,-0.3119085758114309,-1.1387663751822832,-0.8953511901616686,-1.1663918788626526,-0.44603818390484234,-0.2645511001785687,-0.07202524612745555,0.04746448009306836,-1.0205250489760842,-0.6135252016419337,0
1.3841323980979094,1.0224074811500836,0.9175563106924529,-1.9935049723185194,-2.012594011346217,-0.3309148773440028,0.6617060758420804,-0.707110456002317,-0.47515550699033315,-0.2506468658934491,-0.27462875733925557,2.0041427488744157,1.3968549854141121,1.0774588368417803,0.72107522765371,-0.458516570888974,1.0675646756323045,0.9628788872735643,0
0.9302571707393174,0.842291857355181,0.810921969318612,-0.12547255139643607,-0.5392268312053891,1.2568506011978737,0.8573527001905459,0.46874790665067556,0.8015164448527468,1.3985259267598718,1.3516390257177537,1.209603055315451,0.7709537233959594,0.7994971926267057,0.8056376894535807,-0.5648855894230415,1.1502939619425832,1.5963777807652615,0
-0.7466836729673676,-0.6825628091270208,-0.6672376686979384,0.16540093018450194,0.14798418145452916,0.08630084519173051,-0.6368588362936457,0.5458225263021032,0.08573216752377315,1.2124169298525573,1.1886038261734273,-1.2283414915209887,-0.8588067981459947,-0.6642784023489466,-0.44699170095950347,-0.10512915204144231,-0.7512883168038652,0.12422655886795936,0
-0.6773085211715828,-0.5868335462607904,-0.5505786888118064,0.8932688569414857,0.7352812904342302,0.6640585498568907,-0.4011960181142636,0.5453606754056672,0.36690534483699666,0.2996178014438178,0.5989435872618422,-0.22738504013212446,-0.4839315161793758,-0.6629265411034971,-0.826295068469896,0.9192272652684577,-0.07243951894843549,-0.11370718134867716,0
-1.2812668607883466,-1.145835332802471,-1.132180606995086,0.3079606044276434,0.45497399087336415,-0.3950481883788738,-1.116120240685503,0.021449334024307317,-0.19765886232744814,-0.16888705366234832,0.09068021750712497,0.5421240364874357,-1.2189112663306767,-1.1371719952662072,-1.0212445160202672,0.6581587636953151,-0.46493894690108145,-0.8800856893900137,-1
-0.7719227285750192,-0.8153917785658781,-0.8246107815551649,-0.6004962323226498,-0.23818828404220843,-1.2395584233136427,-0.9458894470099001,-1.513142674684904,-0.8489096629510661,-1.661248719168616,-1.424621963495697,0.02533623884465422,-0.7692750129376167,-0.7695883551704282,-0.7478210121865231,0.41056707052587477,-0.24735794500746616,-0.8985724669215968,1
0.02905916245367069,0.05916392698199393,0.08720121580600386,0.45919203299818456,0.32417728098013404,0.5079834888419251,0.1877686028821231,0.24987932797729973,0.10186179491593421,0.18812001475682275,0.2617702829638669,0.712260036686857,0.0717204367039592,0.016130997672514785,-0.04097700326094223,-0.9213498097687671,1.4994916887253364,-0.32387180465287996,-1
1.7114660318253851,1.7308147692954172,1.7196145432873953,-0.2391852590751613,0.04484506072408906,-0.9264408109193611,1.6197833386023865,-0.866096988791572,-0.747146828828636,-1.0329527447748066,-0.9311674786514064,0.2047851699002672,1.6395768917035092,1.7476876533873908,1.8076939950020876,1.5338258892227687,1.075030167675098,0.1530485427369353,-1
-0.4310290754310665,-0.34661203025278564,-0.32477201307969933,0.2946239885462514,0.38846621890485394,-0.2329861248386212,-0.31214116901602706,1.0964273687538078,0.08274106843926225,0.8741060311260439,0.570754274390734,-1.4256537318770197,-0.5453972960021267,-0.3257008889647547,-0.09248518172081328,0.34402579379286347,-0.49711749527770804,0.5203996191748449,0
0.3181370196085611,-0.026478729322521103,-0.1052788381297109,-1.5505442432787255,-1.6541390123318573,0.017466163578406725,-0.3089201362284232,-0.23174078468230871,-0.27948902139389603,0.20741375467593262,0.07017099202134913,0.9543426829428348,0.2556417331490689,0.01704891871597703,-0.2265639378116827,-1.578094134162318,1.461891595669077,-0.20047711947884106,0
-0.42473459655767565,-0.33902781721748704,-0.31903301275759466,0.31827279315427187,0.3784868839932921,-0.12421262463675213,-0.29933461023275587,1.394300565961972,0.1502881699467974,1.5561952772459131,0.9617978877169086,-1.4150021277613136,-0.5400972067862504,-0.3198763113240088,-0.08629331711250032,0.3986893915462542,-0.48370695937274955,0.6006792983826202,1
-0.2200789074010367,-0.3266347223407073,-0.34615252570504346,-0.8980614831182325,-0.5543145711807801,-1.2402940912227494,-0.5019510327186412,-2.7911231506696836,-1.3955965546199427,-1.6270825820480659,-1.8185293466153465,-1.0074631659223925,-0.2838827559787464,-0.2780860872545262,-0.2641984710525986,-0.46874625422207655,-1.257548367041612,-2.205857966971561,-1
-0.6645837517631352,-0.6833144788147661,-0.68385496576294,-0.35801239373286436,-0.19579496801211121,-0.5724343142818447,-0.7498612570094296,-0.8121889164889295,-0.5829603328683369,-0.7894225837042245,-1.4131145140463706,-0.8577552303669718,-0.7276234848648696,-0.6445682475641246,-0.5414371878559479,-0.32549102801579394,-0.7758344620187346,-0.32637576177757405,-1
0.2801867881917989,0.4954811666118814,0.5524154312588104,0.13595084521651624,0.8601506911698087,-2.216252357036915,0.4446047769220814,-0.9911281005766318,-1.4574462231984375,-1.3706210003636856,-1.8069834688676265,0.15423916649330155,0.6372636411911041,0.5942845537037158,0.5334337745770138,-1.1709584739744272,1.3167756797990917,-1.306197003612034,-1
-0.634815623830109,-0.48988877930040964,-0.4519046957908196,0.6068491774331235,0.6100627295894346,0.10877902112079506,-0.37624560052149325,1.2563136259935377,0.2137533113670874,1.168981242991487,1.1018459534750331,-1.2714857390595875,-0.6063002521114995,-0.48755454886974237,-0.35256146116717957,-0.3496684768239069,-1.294348852683664,0.27601276902506,0
-0.6630966720893465,-0.5816677302568994,-0.553258540945609,0.13808097136362757,0.29180918391676364,-0.44908138068819675,-0.5676143990787915,0.2837393047575861,0.0767353987676514,0.1961527228280756,0.46106657178805915,-0.00031135074464387955,-0.5686478811169445,-0.5134397440335575,-0.4424478804009735,1.1309461937266485,-0.0077016041016321705,0.5835275477661295,1
1.7546786750244254,1.5682297083503984,1.5215128315069384,-0.08600240308344131,-0.5195071630771302,1.3257403853771998,1.5591885768853946,0.20323210734275987,1.1418203230684367,0.7005710142945697,1.0088562771406147,0.6226635386760436,1.4612822076959373,1.4987988567365569,1.4940134716220281,0.4169182630303757,1.1860098223403122,0.011474950896308735,-1
1.6196833131423414,1.6676183049846678,1.6634079977948872,0.5049840751596318,0.31869992459564417,0.6757244528938696,1.7314854271843965,0.5221126560106175,0.5099462196564782,0.890089105005735,0.529760535597968,-0.25022614247208147,1.5113527200269938,1.61540760396518,1.6750773916962407,1.1283031684783438,1.2178215469175306,-0.024940390630607472,-1
0.6457966510567161,0.23159254261556775,0.1253053447971277,-1.8282154923411509,-1.9970960901120332,0.16532977591474834,-0.06719179548386188,-1.0774853724101536,-0.7526022380833951,-0.6070415487663017,-0.9283514230935793,1.6660632790190195,0.39475182622996335,0.22454804560701463,0.04466781762633361,-1.0966198478352434,0.745568228701551,-0.8809030588766696,1
-0.9993050663887144,-1.2874149550635274,-1.3663886937238203,-1.5354648667421584,-1.7105284788608206,0.2417559310941357,-1.4941370371087745,-1.3648218266808056,-0.7134773280258475,-0.33034172640780357,-0.8078249906950684,0.07866864353824986,-1.1024987980498275,-1.269068157858909,-1.402379232439698,-1.8360458205913583,-1.7129893407826977,-0.0861988083747253,1
1.7121246686517873,1.7880168818446713,1.7987215553385916,0.3959043439483933,0.4654609364764186,-0.1379576224746213,1.8044740107990562,0.0904167617528589,-0.09454942284586217,-0.08402464730876016,0.3200599554801865,-0.05417931174534066,1.6485798419096853,1.8033466979898651,1.9092977335795147,1.838642761689844,1.0649948034657073,-0.10962511787231674,0
-0.20816219044097084,-0.1571529548821917,-0.13608896531339687,0.18976681391817496,0.2823851799340695,-0.24971135237531053,-0.13118644872326055,0.4372669629600013,-0.16366286836212787,-0.3518884609364241,-0.21966911394196617,-1.3898270229088192,-0.3365741990481467,-0.13961431724015796,0.06509255875640359,0.24903623123140095,-0.8977879191629976,0.01587001380829031,-1
-0.8140081805705169,-0.8244191471502939,-0.8139070446698567,-0.43412635011139145,-0.16957540677735286,-0.9042537250842719,-0.8959983586890643,-1.3285440082329116,-0.8227785788019656,-1.0823264374945267,-1.4748289989879562,-0.7296149728026615,-0.7533149894457356,-0.7466404818797172,-0.7184111811076338,-0.77084928082862,-0.7680875214999935,-0.03498378650314056,0
0.06652054234306343,-0.07872769462311265,-0.11801030202647698,-0.6541749071835689,-0.8134931131853094,0.36541868110099995,-0.14113352096203707,-0.8435690226772627,-0.1820597752835224,-1.1735183116403993,-1.0552391142173083,0.6432837597308598,-0.20603958910591763,-0.14175053049389166,-0.0721725180883922,-1.4640155837812394,1.0158224483619696,0.7073628873355637,1
-1.0082817064288079,-0.8428648268633697,-0.7963441730775335,1.1230119387357698,0.9182832047240883,0.853765990470497,-0.63554326739752,1.3726737107999019,1.3965423762617952,1.1403592856580789,0.758557259741982,-0.30812032845615955,-0.8633376818826948,-0.8545874108734695,-0.8211449293538975,0.894255563294221,-0.14427082783843165,1.3356329120424781,0
-0.7014679424514197,-0.8046155036272375,-0.8336326426863864,-0.3043640897001643,-0.527486887123848,0.631463175860175,-0.82559231518622,0.1530277282222594,0.632323711995626,1.0250378870806296,1.3234768012798224,-0.932594255288178,-0.9281539613199439,-0.8236953505035199,-0.6936136588788661,-0.31654532238236355,-0.7363594886024536,0.10374191583409496,0
0.9025600773979315,0.8648073103852549,0.8465921092563505,-0.38126103119026966,-0.2916737456667978,-0.35204696480193703,0.774260507847043,-0.6618250051585413,-0.2789873623833581,-0.36543004232940623,-1.4004247293066683,0.5722531168464465,0.8967124979567919,0.9095636801270021,0.8965550722530512,-0.8200295926803495,0.9669538386511833,-1.61975815511157,-1
1.6893300675395098,1.759837860090617,1.781993215446013,0.3984064548831532,0.47429871130582807,-0.1570896694792491,1.781166402386666,0.5576163986491637,0.17237937599311381,0.4077494226090914,0.9346018996806486,0.1275053701988659,1.633507502628355,1.780165148919023,1.8785182790293156,1.8039133957629965,1.1085346920352466,0.4976817968333726,0
-1.083251935015033,-1.0908990295371161,-1.0590219968837842,0.45431507672110877,0.1499078706298663,1.0316387897844566,-0.9200055024573314,0.7950990898681048,0.4553875611496085,1.046459684317134,1.2206134683349947,-0.5984056505174007,-1.0602471482278197,-1.144415205937003,-1.1973376722042894,-1.0569270193004794,-1.3597680313882279,0.9942440282038831,0
-0.471016388524051,-0.3630251251205968,-0.33246107943473396,0.4281126271243256,0.5504674372227708,-0.2951724087682844,-0.30255781254551173,0.8114891205718883,-0.09686621221126065,-0.7382695324536697,-0.21751532362291282,-1.4557489240112307,-0.5260025787752508,-0.3511521948585319,-0.1629036785233041,0.22309605738496252,-0.5237023600873446,0.6976654363687599,0
-0.7085025057765078,-0.7040492010617548,-0.6878152713475316,0.0221536692058012,0.054706426632801626,-0.09648167768989979,-0.6798053492005007,-0.06310773497957853,-0.40551416867279355,-0.3850972099636647,-0.4281402081285418,-0.9428413538716903,-0.8431938403293849,-0.6989922942771887,-0.5319918588006756,-0.8854625268320112,-1.4958210983957778,-0.06978026797433234,0
0.044581509110994136,0.004825302214116935,-0.006225612002303604,0.2099729966523218,-0.28195708431107136,1.5645922248640578,0.1062569254356147,0.34976572618339097,0.38778037120557957,0.987656069480856,0.6534819738342373,0.6515243174920837,-0.06906268172514804,-0.03982846902871622,-0.008896065644281076,-1.2558663682823412,1.175811861672022,1.7825770716061446,0
1.5909065751121658,1.561160117999387,1.5211415976483613,0.010447373014822021,-0.24482761890565985,0.7926322967990641,1.5343068359043361,0.36433623917107133,0.34732184182140996,1.3426149980595532,1.040127797398638,0.40790836746967946,1.440989424232064,1.5253350131352998,1.5675062557693624,1.8523189301169645,0.915520346834135,0.16484164920581612,1
-0.20139239147369808,-0.1620111174836706,-0.15174315923292073,0.0615611691425959,0.15146412019592784,-0.2663854192449941,-0.16155853599095168,-0.11416169833188947,-0.06788875812786184,-0.10801789658176877,-0.7933666327366181,-1.377671295390074,-0.34652265823586287,-0.13739465198865985,0.07964771183643234,0.10661952107388385,-0.973451785096029,-0.6461531659694657,0
0.2515390443016715,0.6768489235057905,0.748224298099302,1.6850992105369071,1.7516902931256875,0.12346046781889039,0.8817157066046687,1.973365538022107,1.016073760728415,2.0648565272212247,1.3245063014696086,0.39269075134271625,0.6920899167044317,0.6900982447106035,0.6682634258314732,1.9076719665303834,0.4002596129062453,0.7444905714082312,0
0.056063676414212046,-0.07835319598876206,-0.11160806624657071,-0.5817133077149728,-0.7744490616659319,0.48309031145931636,-0.12710757007519427,-0.3090298654466311,0.38186129783344525,-0.1584485102125052,-0.05071104013118913,0.6221746698191907,-0.20229547534888195,-0.13969774377194868,-0.0719020893109231,-1.3403064924464971,1.0894562584473064,1.321913365209331,0
0.6060197900900485,1.0330844827482548,1.1126399963259603,2.129078439335601,2.192288697073122,0.2207964424106676,1.3152197857439967,1.5875094288603036,0.5941991222553589,0.5570425681969193,1.2620199554503388,0.3785141720062264,1.1820551903880616,0.9946126746056352,0.7750660529402024,1.8859169367634887,0.5498783203414118,0.8710958378022557,0
-0.4568045601637654,-0.35963359527911,-0.33115048353974286,0.35135550273295785,0.4917625032666227,-0.36609786007211115,-0.31484556463469154,0.6759225298144822,-0.16892679998712845,-0.36043600502042145,-0.253833419077027,-1.4894423025206256,-0.5309955742845067,-0.3431746728189407,-0.1419382849003214,0.23022946355150864,-0.5257580331141247,0.6604643327349252,0
-1.5872250672465003,-1.1737322934926866,-1.0826191824346785,1.9080830292231596,1.7539803712891193,0.850577648652279,-0.8042442681570601,0.7620799505079168,0.37340985030210727,0.4984292405156805,0.2632621378179274,0.7316167026781477,-0.915682717513766,-1.2323515962461364,-1.519666238636508,0.37700872342219766,-0.35414571596055483,-0.19264876617207882,-1
0.023552345629656603,0.0786474119045988,0.11270393404696431,0.5017115341257476,0.36974031541723357,0.5068766836016632,0.20747601485720973,0.7261887800947261,0.6397218971855865,1.0496589810944004,1.3400694085360718,1.0746941154895528,0.09931666035589126,0.05176286157616747,0.001820484406187632,-0.8813510361891833,1.5343008928765676,-0.11762230293565762,0
-0.3764836598288351,-0.32242751745692194,-0.3083801185492541,0.06188926694630008,0.26181933750048836,-0.6070759025984003,-0.33125552437851064,-0.7328650926622566,-0.36375267987979915,-0.909440160394254,-1.2577263275011623,-1.180315645025575,-0.47332837786640125,-0.3088613352003849,-0.13240705165712918,0.09975452502767737,-0.5349612379099202,-0.36092001240359245,0
-0.3804423190308206,-0.31609819951793394,-0.3013622142674684,0.1322347140945008,0.31077690166447614,-0.5270742497667366,-0.311496862630755,-0.4186040729294369,-0.1810301457085555,-0.9144865748199377,-0.8824439536964569,-1.1645104395986874,-0.4754710757379615,-0.3063412223841545,-0.1252079093000763,0.15267310289579936,-0.5001164849780318,-0.13052155152834247,0
1.6313827811764223,1.579975959564834,1.5437422546252935,0.035911000738587696,-0.020242133528484342,0.18093267601664445,1.5235183739324387,0.09676319663972713,0.24677633657390616,0.6168700319409618,0.8135988715998625,0.7710240772012052,1.4760048044658607,1.535548906105527,1.5521545630341727,1.8577876977931194,0.789794968326041,0.3551794127326726,0
-0.21375726205092271,-0.2946830755081227,-0.3108298712535819,-0.722964448635577,-0.4542416606040418,-0.973685780533814,-0.43741710081751667,-2.1850275343749295,-1.075272232957448,-1.2092163897773607,-1.6760219162572394,-1.1559734256109835,-0.3082508447830034,-0.2546208217640644,-0.19266495771406286,-0.3025947240828641,-1.1538478257518643,-1.4608241211232778,-1
0.1407574262918956,0.1279613972725404,0.12025324356733476,-0.657057094308494,-0.22344310564263553,-1.4714599362322875,-0.03099604218353563,-1.2457049043774209,-0.8334371713614109,-1.3867032454973147,-1.547467583491616,0.2158543166673916,0.21028934036301902,0.19175332043359006,0.16736212820660717,-1.0472139723335716,1.3071155925168378,-1.5079993114954484,1
0.16704219439486936,0.5828571880612542,0.6662152029943569,1.423199106921247,1.8645648218144433,-1.0884602564447474,0.7352545898027626,0.4521796166388209,-0.33155157578180633,-0.6764447410480898,-0.8194910691842676,0.0014367692664803192,0.5566158390084414,0.6203199471839229,0.6674310235449635,1.5378945333951994,0.27069660900817805,-0.5519525264735782,1
1.2401264898847015,0.9384560267767216,0.8406896158326793,-1.0286835834742531,-1.4637717783377224,1.1462065909315742,0.8014904870881946,-0.7073794155108368,-0.10651260704482071,0.1719169895956628,0.0914658603338503,1.4669548041923437,0.7949827250590144,0.8391845129368307,0.8601416738220014,-0.7339014592237675,0.9786008475354366,-0.2960528843985959,1
1.2607753952187388,0.955099305944869,0.8434044332017547,-1.1330625254009472,-1.6608864181260554,1.4129876507824557,0.7946133750595383,-0.4287405350703317,1.1735726548535839,1.1594939601106962,0.5193958853054723,1.5001310899802527,0.9554200204156029,0.8830108180491203,0.7838848245521811,-0.4726466994404685,1.051393497179479,0.8754873742077549,-1
0.8931013670886753,0.8380061545971343,0.8152107452282955,-0.5591450012416931,-0.35219475742338346,-0.7503241803213293,0.7123799282311833,-1.1817670257389745,-0.7209260872441681,-1.766120410735979,-1.7866683073909897,0.632697248676136,0.9034746016438245,0.8876004487324062,0.8459513560148998,-0.9463979980042089,0.8938803180237429,-2.221972766843439,0
-1.8244938993095572,-1.6724326059554373,-1.6133806026222794,0.7628292657924767,0.5060051719121622,0.944635091934115,-1.4068083039293666,0.5407554766616803,0.6351369382021869,0.6784480399911971,0.46352287616321064,1.084364835498764,-1.5820681621706412,-1.6851177234578032,-1.7417624674208538,-0.16083806203130088,-0.5895083547055935,-0.10921905188245637,-1
-0.32946174196686207,-0.3086327672425638,-0.31303699301910015,0.17825599829256886,0.07483752458310719,0.3551638478134313,-0.27839137768016153,0.4269688217369005,0.8521123059675095,0.7771008580942952,1.0066649898114277,-1.124864977167608,-0.43712261475648406,-0.315320142930947,-0.18215524451536663,0.18168476669451483,-0.5090055478787144,0.02076206935050821,0
-0.32487159169324675,-0.3041216602085257,-0.3077454373072693,0.18760982638592671,0.09980041797177416,0.3086525726780447,-0.27144053872627893,0.3087809081787207,0.5813804789931855,0.4557233270859541,0.8755078221114035,-1.145062744786973,-0.4453199499155262,-0.31787364163947757,-0.17888444974189363,0.1341921100321504,-0.4972618868712563,0.0905151496377697,0
-0.3333457296212709,-0.41876908704383753,-0.41261536347258565,-0.8173423523428517,-0.20728148054990933,-2.049277208296934,-0.5849963820865964,-2.6464128551756714,-2.2826364094802343,-2.0937438983356413,-1.8221881403650408,-0.4084164582100846,-0.299746182567826,-0.3748344559159615,-0.4405911347151285,-0.3988863236001166,-0.812035227039018,-3.1813257342605112,-1
-0.2030763503964185,-0.1616780797266564,-0.1491536811679669,0.07725480293450414,0.17292008634996384,-0.2811609036698034,-0.15835182068359185,0.2508291674215983,0.01634559565219605,-0.2966320525837206,-0.2432055497192801,-1.3736856866085154,-0.3467222194485023,-0.13696071178667354,0.08071472953364033,0.22184111613630333,-0.9124478530375545,-0.27106595593323984,0
1.5916670706848168,1.5812499448877113,1.5434915493851629,0.1664464694679601,-0.16043176569908543,1.044909564004852,1.5863611673432951,0.6697077234813685,0.5478137984598855,1.4087427613637926,1.293737857222533,0.35262487340336945,1.4557589379824702,1.5287897017421819,1.5593321096443218,1.934051228172628,0.9498805735538499,0.3084130607293833,0
-0.20937761570850152,-0.2570370667574785,-0.26702963136999486,-0.5593008452919127,-0.2980706177226396,-0.9184601203236651,-0.3714212740845331,-2.0175700267444387,-1.0037285128975144,-1.6899605345084159,-1.423771948560964,-1.1359372656567013,-0.31831876100589446,-0.22329487212407703,-0.12005812712288734,-0.15404459480344349,-1.135115910065474,-1.6487848243029608,0
-0.6646108975179077,-0.5481135978210182,-0.4887600632664654,0.5820684056284378,0.7526912019918132,-0.41453686796287814,-0.44098786997624917,-0.1632627680353364,-0.5986572214944303,-1.8017736398827102,-1.4815928647254968,-0.3170833487712309,-0.5389147598719103,-0.5292446152623226,-0.5042018977968257,0.9049016718272171,-0.08553982692447386,-0.25403888331214863,-1
-0.661636821058131,-0.6250173141694042,-0.6086812715191864,-0.03641729600839872,0.18944499791861738,-0.7066220614638182,-0.6344911613229814,-1.338505330404943,-0.9678057897219237,-2.391262249253635,-1.7070622871667105,-0.7320798608875487,-0.7410154650869955,-0.6049142622143494,-0.4488679633548324,-0.3439560862416918,-0.7548930286497288,0.7075072400431621,1
-0.984971019966099,-1.2706217890492304,-1.3469026894014204,-1.5841320553382745,-1.7300912667726693,0.14209757498986764,-1.490356969074974,-1.0587691843909497,-0.39081225927578483,-0.28069369258894217,-0.487751156917063,0.1156793462067341,-1.0105583230689803,-1.2326352362678341,-1.423553521873183,-1.7323127452443732,-1.6705651759848121,-0.0631891004919045,-1
-0.49469371363228687,-0.3200938807135485,-0.28152234612391436,0.7805470230334008,0.7934058736781898,0.11289184726222522,-0.19228920469551505,2.0981166559054936,0.3067988133448847,1.5141221907501763,1.2811963514106028,-1.4271121461921195,-0.42520745537650284,-0.3247829679212924,-0.2131304340899018,0.22973194875061526,-0.9525648735749342,2.1801281697529724,0
0.16478103591006585,0.09068866906335663,0.054572685754094276,0.1443337615798185,-0.34765713954329497,1.551938120680751,0.13718345865397116,1.023128985129689,1.7145996737348546,1.6448340493446745,1.3642259395340108,0.013873233770461046,-0.009451812093727157,0.021421477434372043,0.052266253185192485,-0.7936892823748296,1.5417921538341697,1.3283633858203845,0
-0.7508799922162945,-0.6997993370507277,-0.68018332552953,0.10865284686678021,0.18950245046694142,-0.22913355251628714,-0.6618352929761478,-0.3372901455214182,-0.4110880601013472,-1.298830386999197,-1.7925424822234324,-1.2829435157226028,-0.844827111173841,-0.6919660537073862,-0.5163433153919167,-0.1801972304865624,-0.8127790107431235,-0.48854994863348566,0
0.1371925877536236,0.14990545056011514,0.14765836404210797,-0.5456701484520651,-0.10470976733540381,-1.4724186520043028,0.010910734379335055,-1.4198589224425593,-1.2208706805274558,-1.6288695512237736,-1.7618158566592883,0.2729425850272025,0.2006947670927193,0.20817566514108515,0.20982412874257533,-1.1111324076927627,1.2972754313025776,-1.675983327120237,0
1.6596638190746829,1.7371631032993387,1.7515717660012646,0.7880656217127027,0.5995832011483818,0.7379180527822682,1.8539516919391388,0.6352062488635027,0.4301907954240872,0.7082470389549352,0.7999752466262318,-0.009997799606767492,1.6735080436752008,1.675522710215763,1.6294893306744482,1.987474048799805,1.0294424762346104,0.28831329852244625,0
-0.642902706811163,-0.510372016609529,-0.4963983135764103,0.613502372447842,0.3875741999812888,0.8197340863500878,-0.40002339557877736,1.2318879158127687,1.1821829013068585,2.0360077904770506,0.3489377763039679,0.5837310802581438,-0.5064497037771926,-0.49720095806877984,-0.47350727169016693,1.350608007949138,-0.12947962889667633,-0.48540441446957866,1
-1.4823848519809995,-1.172603270328659,-1.0777495773622396,1.0376024114242748,1.4203208009058743,-0.9822719876786421,-1.0005552268688507,0.12207684740045337,-0.4636865587271868,-0.2296700766035728,-0.48858452708307865,1.2892973092917053,-1.0217372653973071,-1.1208998743410779,-1.1897765035749794,0.6012402376486226,-0.42000429053758837,-0.8667205072856138,0
0.3220074240246079,0.38208979647340335,0.3687906560548534,-0.5018149861680806,-0.1592465315613226,-1.159117879397911,0.21920556228516913,-0.1026189075980369,-0.8577473062382103,-0.04044542695860963,-0.06821448141059881,0.27690342452232075,0.6767494956562778,0.49092717899532645,0.2874869366796864,-1.2019378884838647,1.4571890811539872,0.5168046508440273,1
-0.774299277239559,-0.7462390735061725,-0.7342700897123093,0.5706162544113258,0.2552160751532715,1.0884386844533798,-0.5938528760414848,0.7260336515035943,1.104141524743701,0.5096987483677111,0.7855348997507504,-0.7757965082970676,-0.7699145290186536,-0.8013649761575137,-0.8104140488012987,-0.2835361891265054,-0.6782488124815218,1.1889505601323074,0
0.5083500067966652,0.9397590832382041,1.011468591643686,2.1623474594342746,2.1077882917282853,0.5920382476360758,1.2340357030766491,1.6693727270282912,1.9780212376715527,0.7243483295616224,1.1798487239878643,0.3865021807030062,1.0643086078590582,0.9046903075581209,0.7160769760151795,1.7828945462601995,0.5351747642357734,1.303183102966102,0
1.252708681914741,0.9475375454948742,0.8421557322132723,-1.0707248667007139,-1.5563446433783845,1.2944777434594559,0.8011155583716367,-0.6365539799438099,0.5663604638343809,0.48245192148510657,0.20000034632234068,1.5390405943777095,0.8858027955648483,0.8619321472716611,0.8128713718842109,-0.6196582509192614,1.0042525001969131,0.2162257617454741,0
0.15699951880678664,0.0732461159645594,0.04375629844418429,-0.7630087237432748,-0.5464112122783173,-0.8200882262530925,-0.09425126624517707,-1.0110133289798253,-0.8687524453018541,-0.7394903821294658,-1.3416630498759712,0.09651404103596127,0.1643191452669969,0.12464530857355897,0.08064085566141178,-1.0479451951548133,1.3666220981339696,-0.2101539241335553,-1
-0.8231341585252754,-0.8120643727708253,-0.8302228809766384,0.004674764002432348,-0.20088959663306483,0.6375487371773045,-0.7848708325013932,0.5795583490885904,0.6305999563179574,1.2772383302028345,1.0852472552737278,-0.923659603715749,-0.9332349648089839,-0.8335754354826885,-0.7081004059735087,-0.4455050539076021,-0.7557265505170786,-0.05305655003813003,0
-0.7074364546870552,-0.7058131534005027,-0.6896177459313858,-0.0009162217589223601,0.043608316890414646,-0.13807203519680433,-0.6867501903399461,-0.3147542463300397,-0.37650890563651046,-1.0956820668969764,-0.8374058018616511,-0.9312755473389221,-0.8431298089303555,-0.698341409440183,-0.5307616564211758,-0.9597742411385488,-1.4749941279060768,0.1276384348917138,1
-0.6707967622892824,-0.7128956152606017,-0.7202502239595875,-0.5043145809644902,-0.31130711283715135,-0.696415621336469,-0.8051444403660635,-0.9900313478465522,-0.7845549818096059,-1.1796944809882064,-1.2244330612964927,-0.8177819072552591,-0.7214012755368545,-0.6693353081945707,-0.5970711912289883,-0.36191513119322916,-0.7770010773757325,-0.41539721796181706,0
-1.0511615913709131,-1.1589758733938236,-1.1756905400353468,0.16735283756692232,-0.37839225046978253,1.722918907561569,-1.0246618406268808,0.7379569697142536,1.9698228550989687,0.7622526714441735,1.279343260460605,-0.4583108278605964,-1.1340406156992378,-1.2742085666342475,-1.3804693576089373,-1.1248705441555817,-1.4095981335820116,1.5064738572366076,1
-0.7425077233954959,-0.6701506273533032,-0.6573320577345876,0.2150601006036398,0.16936147378357086,0.18360592716779217,-0.6157006415228092,0.6155579116427791,0.2779951599610151,0.9459597018297224,1.3892071921994993,-1.168720468679644,-0.8459960772129996,-0.6602896667951252,-0.45210694944084595,-0.1518388868356393,-0.7632530565930067,0.02090443716232432,0
-0.6841122937762234,-0.7611099765283573,-0.7789510288674075,-0.6969563538444532,-0.49222427376512007,-0.770417615769077,-0.8852143749862097,-1.4514464971235819,-0.8326142106394958,-1.3514496208080804,-1.5651359758976626,-0.8392969074430665,-0.7345993438286961,-0.7164828092764863,-0.677459707163342,-0.5545599441603716,-0.809887789365132,-0.6005203524629786,-1
-0.7274674936317241,-0.7518279993707623,-0.7392395352758324,0.13262678737445371,-0.01828640485434223,0.4933278295891891,-0.6890401911194215,0.6842589005500467,0.447431749280905,1.3430767853771126,0.5427776825496538,-1.0236569968330134,-0.8959123785820133,-0.7622783981810051,-0.6042299348697161,-0.12232439669011341,-0.8193242951830074,-0.47986861204264125,0
-0.6891370144286355,-0.7828782746948817,-0.8043188445388137,-0.7921413313769957,-0.5621783378435902,-0.8671810681966405,-0.9235005569689887,-1.7593365186981413,-1.2126273965915109,-1.622524092046586,-1.698980456839647,-0.8289070498900747,-0.7348474763043031,-0.7359426335339888,-0.7159375599459258,-0.6445421353343369,-0.8276823731231451,-0.724833750074897,0
1.641540878027165,1.6276611153932374,1.6281345130542142,-0.0003522644390933261,0.1798297781213614,-0.5580938327338607,1.5771628327453187,-0.7307786459677678,-0.7810044518375283,-0.90535965360533,-0.9855479867438115,0.5469252106598975,1.508364212715894,1.6245032860041166,1.6962256958275561,1.8050111152525121,0.812654914590704,0.006795079499944069,0
1.69718630799524,1.5435781623746534,1.4917864861941321,-0.32205031351297175,-0.549072760002142,0.6400800637410194,1.467248003836658,0.04978141182164894,0.2926049697359435,1.2240134416850288,0.9652206167774879,0.4297608050330548,1.3807878006151073,1.4864320957654065,1.5514229816278549,1.2834406770040416,1.040531444609414,-0.4661293949284019,0
-1.0802846346329726,-0.8615283374291866,-0.8117539105640376,0.9353931867395401,0.832296120418531,0.5023040481500788,-0.6618452379885962,1.966550075266772,0.8773310163898432,1.5046827669817873,1.3830510042064255,-1.071784214095026,-0.9143208010286509,-0.8641837539670436,-0.7882931754028181,-0.527090399192895,-0.9726469102902648,2.092496007858992,0
0.2986288783554537,0.4065677976845334,0.43135180742326823,-0.5389523402957405,0.2575703242989085,-2.5722829107819543,0.22448648279970082,-1.5301576916288147,-1.3250236425017603,-1.284228104189203,-1.7399875050363625,0.23120311967328122,0.7056808543950968,0.539092733331634,0.35386961676790196,-1.4613651223686508,1.2999092506904106,-1.2444183494876824,1
-0.24413649065657386,-0.17558017525203196,-0.16005890516101803,0.45223239996495435,0.3500261245625147,0.40501376388764393,-0.08958628974679828,1.3298032713006624,0.4943874933640386,0.7437064588604789,1.2432847635128175,-1.388716769768474,-0.31988650205633395,-0.19475599510885436,-0.061659968779463344,0.36626806937187867,-0.9098430105610397,0.23263207438605432,0
-0.5128981592904626,-0.9906681933391115,-1.0747650383813097,-3.4235499921696917,-2.2667712292221247,-4.252376343769924,-1.629091695692537,-2.919171078920037,-4.950373302902419,-1.8967968748255748,-1.8388888192338357,1.7766293979111272,-0.04624563316567009,-0.8082910717834012,-1.5616099712241516,-1.2522276052261274,-0.9782348908242968,-2.488935226630323,1
-0.26851997838401437,-0.27212088038496673,-0.2734715195957764,0.0400540327081561,0.026294229157077423,0.05045085952204297,-0.2670038273618563,0.23761553586631962,0.18017801133974465,0.6365476226667832,1.1183924440000055,-1.1943016974640488,-0.4682784185927378,-0.2762002045281121,-0.07254777925716376,0.059134300575803225,-0.9764459113371621,-0.06633667866249919,0
0.30841349313661426,-0.028566655451696787,-0.11437210174803372,-1.220358650747185,-1.5492987624891272,0.7799636545622308,-0.2331029820185724,-0.46631710301817636,0.2159127757491973,0.3137877453973969,0.04333962142675707,0.8562880793826566,0.20332775700836592,-0.012124137457113498,-0.231319394437607,-1.7477707602751205,1.4757939156242041,0.48080944725897495,-1
0.17314657009704681,0.5231028601804736,0.6038477089614328,1.8628838646903372,1.677208349408379,0.9395156664634529,0.8592979397488179,1.2537379254392116,0.7637674415974236,0.5413103274148314,0.5881922450350676,0.22986588746576736,0.6498964641007858,0.4856533794466324,0.30435350152226126,-0.9231780438734024,1.4695582261230034,1.0099850628199198,0
-1.6082609912640942,-1.8718538085987515,-1.8619243377598413,-0.07400430432389103,-0.7498800337119368,2.0787122467963735,-1.6837111602180534,0.4389597909782031,1.0751620753790525,1.4484021442417219,1.1502827624724887,1.4916736337518572,-1.7900208804474238,-1.9411495221705835,-2.039438413148958,-0.39492568086133184,-0.5717263745126219,-0.11420528048885042,1
-0.6962734779438735,-0.8134869163953019,-0.845629580007924,-0.6684519808689342,-0.6915400287656679,-0.05928031128872214,-0.9176841650721672,-0.683768920674528,-0.4040876947322853,-0.2405603593008423,-0.3973545656880872,-0.8026497692065631,-0.8625489980090575,-0.8010478993115675,-0.715389425707312,-0.48454527050069596,-0.7384847220972104,0.32976084185041565,0
0.10043063584961964,-0.05220553809265591,-0.11456880964414069,-0.629155653246364,-0.9456241848401573,0.8570092947147481,-0.10716819654180924,-0.5420943772822483,-0.39241896410335286,0.20095076887951657,-0.15939466912783992,0.8026311865407462,-0.16939507992142808,-0.1320373240442783,-0.09018078753053409,-1.2002017211751244,0.9654467657613758,0.8819842108699087,0
0.7792505588676649,1.1118466390459372,1.1947776096128755,1.2834246432758833,1.7273446089865527,-1.1237179766963912,1.2177731214710075,0.8478969689154447,-0.03696976390585182,0.19548841250210058,0.3200378659718013,0.7014316518699769,1.14282395977057,1.1601045818602196,1.1444191819036242,1.434678802620531,0.4445012452423405,-0.798278744781881,0
-0.7327706136851879,-0.643645189749851,-0.6071803157994692,0.5982223697519554,0.5365839413374126,0.3079381556690599,-0.5155730088500715,1.104926858620602,0.2555288076295494,0.4613926067526495,0.6081418390141485,-1.248022147119962,-0.7442032121940545,-0.6504763026686096,-0.5363013644143696,-0.21370635726474185,-0.6814613779954843,0.039671828500660665,0
-0.7370212762485369,-0.7617372595129053,-0.7785765047613049,0.25632762039885765,-0.15765146518803907,1.3322468920606954,-0.6929667376962332,1.1179077256885543,2.1305570050443956,1.3947700259215774,1.2225957788205544,0.10346522677218564,-0.7897319283303077,-0.8000798866966663,-0.7876626267072354,0.8116220729479712,-0.08286380552144212,0.6660384753541834,1
1.7877535806888025,1.9977348532895947,2.0515350669616677,0.8081637692790391,1.1773959420190605,-0.985395278739031,2.0663741125650144,-0.3043110949679641,-0.7917922504421553,-1.540267722168381,-1.771718775206429,-0.13227529009427724,2.0235710725522718,2.001132592965314,1.9208369443173305,1.1619372936371035,1.221943216179568,-0.9893749514497495,0
0.22363145739006735,-0.008270072990046163,-0.06038533542653037,-1.1514147553206306,-1.3029500981121283,0.2440290057414933,-0.1730022700320067,-0.6398450081902075,0.20737418011876477,0.034121857128668255,-0.7361836984030048,1.0394127440186525,0.35648607068256166,0.06252743077454873,-0.2388078195027098,-1.0356758781895785,0.8423633624237983,0.17675782719653121,-1
-0.9973291610899943,-0.8195368215196592,-0.7715808598877125,1.1696986473170485,0.9833833480613917,0.8058738279857955,-0.6046260879931991,1.4485406125009272,1.025226531247682,0.8997982747541019,0.8958413538536804,-0.3465968592483579,-0.826102748011937,-0.8370802411269823,-0.8242425867042544,0.9770388392353304,-0.1522825031866769,0.8871842467727573,0
1.5202209568242204,1.192058278786942,1.136597312663213,-1.9342519469979342,-1.41958825952973,-1.972357417400881,0.8183872969455049,-1.8500894919442408,-1.5585199354220391,-1.1865038812046682,-1.1474556244057879,1.5641386784124294,1.5714836957370648,1.292918729161322,0.9719581195209311,-0.5696783743554912,0.893448042886574,-2.6405643664350156,-1
0.5701813326190368,0.22833649443905135,0.13837322258199009,-0.8035974479132166,-1.4800011792109409,1.9376009255712683,0.15440574418557668,-0.014367778878310068,0.8469752213061262,1.3281630900343318,0.9790923854172591,1.3477245460872862,0.2532402656933778,0.1533511405162589,0.04716410605338413,-0.9316336708702232,0.9113492296059167,1.20912142820774,0
1.7066314247051595,1.7053404877752987,1.691662004551873,-0.4199897356352231,-0.053390442392405126,-1.217532241692364,1.5593797153804112,-1.2545234321637502,-0.9504946991212688,-1.3226891664517257,-1.6475403944889655,0.3070844467001117,1.6515232272537799,1.7285115455495108,1.7573547857527518,1.4254912445963461,1.00917350542562,-0.5502017198598337,0
-0.9664542686158434,-0.6934270340628325,-0.635732522120106,0.854246200260643,1.0258459354871647,-0.36431025345115753,-0.5477864658001453,0.7383709932814185,-0.12336124395610251,-0.22189268887994495,-0.17617615445488627,-1.3023160463788384,-0.7471241514595941,-0.6805838837004025,-0.5932477809986544,-0.4819932497391026,-0.9354677719880907,0.27667136120549524,-1
-0.9814469622258368,-0.6983875208943433,-0.6401958530452162,0.9316253163133749,1.0552066995651728,-0.20045771858850578,-0.5346859256247579,1.030248853358212,0.02262475843778963,0.2333685946428494,0.24197443529294663,-1.258355326504675,-0.74828213151476,-0.689128838579234,-0.6090747513200016,-0.422510309323677,-0.9046827538760643,0.6534134599495017,0
0.5419477583477283,0.9752881761915969,1.0494441637155587,2.187086999726181,2.151319716984776,0.5386800094445429,1.2727940055784255,1.7416548089903456,1.7417372254012473,0.7831259110680929,1.1828519653604777,0.32494318887270357,1.1125732752436073,0.9364835832923957,0.730173632878404,1.8730994682596183,0.5294569999822825,1.1579684110081327,0
-0.7389089423027825,-0.698833031569311,-0.6783952297389393,0.23857997130489852,0.22544194460994574,0.0873672610011901,-0.6292465194450838,0.1714843811707872,-0.07831515626944545,0.27883373535307776,0.16439267509010663,-1.2089643080648584,-0.8428221091661446,-0.6949701982970409,-0.5243655108004588,-0.07118695721949586,-0.7648274451790127,0.11492857459793221,0
1.3172288672742207,0.963506146158,0.8471347289368266,-1.7947982136018406,-1.9813387138789391,0.2265607703605362,0.6568917122392453,-1.0917692473268457,0.08718821759422564,-0.48240854969782315,-0.4872546118735551,1.7709094212841827,1.2008717801791347,0.9711641657262616,0.7092228091393863,-0.6288971538873108,1.010079423444554,0.7199949686204947,0
-0.9548226649686962,-1.246802320234652,-1.3122702412373515,-1.8096660406732048,-1.7238673187081666,-0.6197844261647641,-1.5192474426168407,-1.4200547750308092,-1.418251165150153,-0.48946261938394736,-0.7669687860696133,0.20363342786953473,-0.8911581181091697,-1.1727370491862967,-1.4260062993936335,-1.9322694323208731,-1.7792023483634527,-1.7526822383925862,0
-0.6587917076554759,-0.5219026375652572,-0.4982404502904585,0.44932444216544143,0.48283854918096997,-0.015882056812863712,-0.44607111228857627,1.1643506166542805,0.5835814671463412,0.9746281899697334,1.0789557270697887,-1.319255825987062,-0.6745092029913929,-0.5176287694752089,-0.34291368468142697,-0.10297655953280822,-0.6430072361323103,-0.09991698127081541,0
1.3034040524170039,1.4965666327449354,1.5380683474561854,0.3986395333085352,1.0031757682175642,-1.7942577709517522,1.4309251640335663,-0.2668514109176181,-0.7056593539597213,-1.6042292643514366,-0.33859560867639876,1.9371211879085901,1.5455282971916329,1.5935111443551861,1.5966725299642892,0.9504198498206979,0.643199327403025,-0.8640346165890668,0
1.7969067562032097,1.696735073562563,1.6364980293089437,-1.0572872647626235,-0.8423717777241544,-0.872455247318962,1.4169402264821584,-0.3127205564054554,-0.5368181086075015,-0.058025459870574767,-0.13696093733060022,1.2629497320712275,2.0208811537196536,1.7774281933316711,1.4783412730311436,0.601043356346632,1.105882447055976,-0.7137499099119718,-1
1.3764934272901146,1.5638957484100031,1.5703525103726736,0.7765923684310927,0.7563981719373867,0.2144836036262695,1.5890572706971335,0.9274701696000446,1.1739284042781564,1.4567137983408711,1.3814298189889715,1.7817433325153762,1.5631566165400883,1.589005016601613,1.5697409564050322,1.4282312940834017,0.6707835842678543,0.01595483598348737,0
1.7937628737224487,1.9879895349738643,2.040296605537293,0.6277076239088747,1.0754273155211636,-1.263778267423951,2.0180565256219083,-0.4700021283877621,-0.9307290312100891,-1.505923625216532,-1.8327288883542603,-0.09382505786954509,2.0207602490298227,2.0047374798885857,1.9308759149299626,1.0520162672968,1.1508603839838063,-1.6695836279703593,0
-0.6614602700423551,-0.6300349286629342,-0.6090255853908494,0.2894364242690652,0.262618096686732,0.13968541819906888,-0.5716891332533208,0.7310540745187359,0.11682686578675197,1.4719116861715724,1.018897181570107,-1.2340546363725913,-0.7988478744596519,-0.6225549500640652,-0.4250474351960563,-0.18494575253637044,-0.8388350022092846,0.7519426685917987,0
0.02721903255320425,0.10822356544080651,0.14453268942153571,0.6729539688068825,0.43892376754080376,0.8564579592632232,0.2673854605220618,0.8539887476084164,0.3502672720628673,1.5183050391832495,0.9766040655125914,0.9925935098702328,0.1251202494375054,0.08529182172046447,0.04225925911246351,-0.7794918742417196,1.5181745305129508,-0.007846688383058988,-1
1.6137283427011675,1.657397954704762,1.6492802196708427,0.4903754913716927,0.26410584459123315,0.796701582050526,1.719899376174306,0.9318840387473726,0.7757528965006585,1.0082935741030792,1.2884227178053367,-0.233471782195297,1.4937345413479997,1.6044760543733447,1.671273174367924,1.2178565408452757,1.2773241699633386,0.41076164739678195,0
0.1903732142712212,0.5950998501360166,0.6744231116046062,1.353750046152422,1.779544397719913,-1.0538235125517161,0.7331860286988823,0.8842413121492106,0.06417457467950508,-0.24434713271586578,-0.0693015949820675,0.05270653156520655,0.5557596693334078,0.6341554582225357,0.6958401332075761,1.635070682359165,0.30410866398948205,-0.30560177859165993,1
0.26975708873967347,0.5186936053335277,0.5839459168584117,0.36717973733468384,1.0390059957738806,-2.008810574322038,0.514737905446804,-0.8682206052484758,-1.655175263440805,-1.4898492539870516,-1.6703387420194389,0.22283668730696735,0.61945858681683,0.6047154167749361,0.5723373817991748,-1.0915951253977507,1.3578107338491685,-0.9207076789668471,0
-0.1971892754251022,-0.17993002961745994,-0.17804871723831664,-0.10589988114968872,0.03582126357618939,-0.459630821480685,-0.21107188502651805,-1.0022735360668749,-0.35396709771170093,-2.053522711701901,-1.6423601971078357,-1.4261988222659991,-0.3460753165498306,-0.15752204129633035,0.039132530043588694,0.08769802400218409,-1.0303251426089932,-1.205723945918218,0
-1.0835982402469169,-0.9190674399026675,-0.8692075567112432,0.7907167140889627,0.7314781423292764,0.3381677378637663,-0.7365743795266804,1.4657798006208522,0.862603453797236,1.2143953338833686,1.3158499198097955,-1.0313271158481594,-0.9919568180478563,-0.9136010118718965,-0.8075375750440859,-0.7431842709713975,-1.067933258400491,1.8495234903605855,0
-0.7273724316851425,-0.7732400960003757,-0.7649151912508777,-0.02325548940797184,-0.0876080556152617,0.19475031052358172,-0.7397425372426968,0.1494504309033436,0.02029655223536854,-0.012372397922350625,-0.10315298224480762,-1.076092756462308,-0.8962705386686881,-0.7946057463281939,-0.6682057771388293,-0.32749312672344605,-0.8411114702670872,-1.1379712917443647,1
-0.6570398739848478,-0.6048153819665354,-0.5871897112241049,0.17543966677008466,0.273017107996225,-0.267872777980128,-0.5716016505860808,-0.3901410719591353,-0.12206028022749983,-1.3336165502159203,-0.7802510678054736,-0.9409725212409842,-0.763658782265744,-0.5939994183016531,-0.40407095498044454,-0.3425687104481685,-0.7668269069184507,0.5834556932333331,0
-0.5164154357725191,-0.7393816761201983,-0.7724090410949974,-0.6718754751650752,-0.8359167414476077,0.37658287219046166,-0.7894923538855142,-0.7442369480944031,-0.2967094777155251,-0.6121304397866233,-0.21161792185506675,-0.30987947270536864,-0.8421758440905719,-0.7881803244899328,-0.7105392471224136,-0.8737130331605212,-1.4108594446921974,-0.6343618486051363,0
-1.4224140723605363,-1.929286624390494,-1.978400849331037,-0.7959973864555739,-1.765439824938052,2.846630601515166,-1.8453997731352247,-0.02483243948141471,2.579427762907706,0.7228073957329217,0.9778799664622467,2.1088186719483373,-1.8579020882759663,-2.071093042985256,-2.2288934910619105,-0.610094281341091,-0.5306909173862797,0.8193681522949657,-1
1.6965344472465562,1.5484285160211222,1.4835627534059466,-0.5553918701846098,-0.728475572497886,0.42737763347541957,1.415338826966527,-0.3296679266149722,0.5069656532316362,0.5711960055932651,0.47599810093652634,0.5109582883245408,1.4803084090162693,1.524066654819565,1.5249162233274018,1.1900923821309357,1.0525252782609196,-0.21594984115346333,0
-0.22335176329989595,0.18933118990998324,0.289631302678261,2.0145056546655336,2.0377101572802387,0.32227809184023665,0.5045752373770238,1.7195182289602424,0.5029126507558462,1.197351067580979,0.7663645781114384,0.02327172435472429,0.2843753149997049,0.19510795322746666,0.0985459931304073,2.076472187566879,0.23808054658281977,1.0188585815915907,0
1.6128116968727184,1.4937323112174816,1.4690684141074433,-0.30326594562381803,-0.44004577085204083,0.36427330595813345,1.424073618282913,0.17458566437799042,-0.15117944719144286,0.45594969313643147,0.7965072317750077,0.09362669492883152,1.3943095991425984,1.4948101721146818,1.55431921445796,1.1360282808600448,1.2120721110502881,1.0226802298691433,-1
1.6388791331619055,1.6535698009265065,1.648572550134452,0.3789835118672012,0.27984776070136147,0.3811730207456102,1.6804419140238835,0.10753919689313456,0.32651187689297806,0.27227220867561086,0.36318078793095193,0.480987193020563,1.5028776675437159,1.6220666506516235,1.696966816147953,1.8982156442827975,0.8016544422644155,-0.21062802712654657,-1
-1.840831043410055,-1.6678532178885408,-1.606603894789488,0.6903904098250381,0.5516432491216311,0.5647772664787679,-1.4252757666912412,0.008803178109337203,-0.3780401335853425,0.11473720053625405,-0.4807870752274875,1.1051072780910178,-1.5754152841208358,-1.6781749348857646,-1.7347235161472052,-0.31761825465759985,-0.6915031126718489,-0.7505142789080006,-1
-0.6864752384804504,-0.5586714383790541,-0.5306087336265308,0.5229980058894873,0.49239865414423256,0.19709212462914089,-0.46343898313337867,1.7206257461944945,0.5308556597650362,1.8279495457470234,1.3325959555990372,-1.3432222473818463,-0.7072952002792815,-0.5470855675338938,-0.3681326747546757,-0.09138534992964513,-0.6084551827256693,0.5388801811027034,0
-0.19761026256553885,-0.18444445814944221,-0.18455408859899125,-0.13279841383553806,0.0004574259950558812,-0.4386764780118433,-0.22012259571272347,-0.7478255149526504,-0.3768198027251582,-1.4622791872383192,-1.0626282860891194,-1.4290349936734668,-0.3517872638170072,-0.16388069134999114,0.0322973853714943,0.16822212241325812,-1.0072561078635889,-0.9882483185459923,-1
-0.2865750239616758,-0.5253252251914006,-0.5837021239023981,-1.3460854554583883,-1.2313361178118796,-0.6187440752208504,-0.7584354431064899,-2.076474776695855,-1.1211206025472458,-0.9333863629412824,-1.6109239178593113,-0.6342783273494952,-0.37125229285806444,-0.48433343417909447,-0.5856619028873935,-0.6977921536676804,-1.4283904702990444,-1.9102613462975948,0
-0.38801337364680705,-0.6019028300805571,-0.6304504788310271,-1.553011973133336,-1.077421836306098,-1.776755925000945,-0.8972207749852288,-1.6889586609124672,-2.557942913814806,-0.8574735051412198,-1.4213405640798111,0.2947570552295996,-0.21219430049023638,-0.49845268710330076,-0.7758417321860789,-0.6748813315092441,-0.7728512767208257,-1.6062719732739712,-1
-0.5442687363550641,-1.0750175372187953,-1.1751494456351796,-3.685318628831213,-2.5970064492767864,-4.091550532299185,-1.7561953079776282,-2.125731993429852,-3.6654349610912966,-1.3956233152361615,-1.2547102324982977,2.0059777409847688,-0.0677007739585039,-0.8902025563649979,-1.7027750322975106,-1.0471484632672616,-0.8513238907840719,-1.763957846204072,-1
-1.1154373561471966,-1.0254360978321115,-0.9965163148759425,0.5751166183769256,0.5705667426388122,0.12661385895564828,-0.9227627545819338,0.21578240803344179,0.5451444486341135,0.28094759674674424,0.3686381152579582,-0.11194857564708982,-1.0924804339516818,-1.03648493169044,-0.9496797284076157,0.8181414644065108,-0.39472403611856743,-0.048159425938110303,1
-0.625017420630099,-1.301786888803121,-1.435666231720423,-4.549612851272977,-3.355303358345703,-4.588925990734115,-2.133711405857457,-2.1915695813557976,-5.3184583534033845,-1.2582244286979096,-1.3969984787675096,2.758255497812516,-0.07308909992845025,-1.096232933188572,-2.107344621059812,-1.0462663925419766,-0.8491178904489499,-1.2289403286074219,-1
-0.42918893516962425,-0.04566815661240087,0.04351201874999481,2.0330960035356767,1.8144414431432039,1.07495436460417,0.3096512409187141,1.8581784636251817,1.6149185836948436,1.1308174984329236,1.1858572549007007,0.11783146575494019,0.21165186068756642,-0.11693340375798228,-0.44840242209979586,1.813462138909538,0.17478349120913603,1.3547479769987922,-1
-0.7738850868987904,-0.7311163482477191,-0.7079344279999886,0.5329832955195278,0.3717023154030031,0.6037675885279508,-0.5919284163810151,0.43203667939845974,0.6745522058829968,0.2112941571485326,0.5113634527619761,-0.8012951557069429,-0.7419510741483191,-0.7833738510355253,-0.8031009550765446,-0.44018713413549043,-0.7258650234084311,0.4195528916011868,0
-1.5175375424122968,-1.9185092477875425,-1.9311083046516453,-0.5403600770425565,-1.2128578201808253,1.9770070420124284,-1.8020013698636586,-0.24573844026154698,1.037928979709864,0.2929893320632788,0.5563425338489592,1.7134152429328433,-1.8733300866073919,-1.9923358631107455,-2.056422881408999,-0.7658132270931711,-0.5910923902734486,0.1668901480449401,0
1.5714256210577333,1.596553422286289,1.6084851039996602,0.03679381387761114,0.18692407295140148,-0.45775555742060875,1.571034913122533,-0.27234571416933134,-0.506163413117039,-0.8994617695877342,-0.9191307288596291,-0.07228793673715465,1.5412164357604718,1.5860676692625322,1.5862515959485208,1.1188656136929982,1.1867515430017548,-0.36728206755727355,0
-0.4610619988048326,-0.3098838439545339,-0.271188296027156,0.504822814375514,0.7077410631035336,-0.5296693600840353,-0.24200788263326725,0.12134132360460344,-0.22682308182685282,-1.1207773028243564,-0.8416656753952909,-1.2737053123136122,-0.4408708462273586,-0.2913040738824597,-0.13053688969203894,-0.04337180766435245,-1.0426045762895795,0.262426361757638,-1
0.19633499187303785,0.5515002235019222,0.6393416669180784,1.229056607598677,1.6202986136562372,-0.9712112355518551,0.7357807166408451,-0.013168566293779726,0.02694160220025349,-0.7166535797468696,-1.0316799791535463,0.17699123980645168,0.6295987129614117,0.5748747955516776,0.5026132046231424,-0.9653711941228341,1.4077461456634675,-0.21104683308267322,0
-0.26177055945477257,-0.24498307920669044,-0.2435785071457097,0.21532401828089295,0.09429267094302636,0.41696346930196054,-0.203253742687459,0.9672137485710329,0.3723934453439,1.9862709889282606,1.2303001458046117,-1.2345626035245136,-0.42280273193720413,-0.26338277220986384,-0.09337661525262538,0.22746675146854053,-0.9244984253210258,0.5472905167827429,0
-0.3699311512314486,-0.29151404035188583,-0.28430540162872187,0.2634500036270739,0.29572122072332846,-0.048399572693655586,-0.26376274742918987,0.2642291635884705,0.3735349524168782,0.531816070446868,0.34295974923575784,-1.2984388976115804,-0.4210648915250202,-0.28003874176554155,-0.1282976690045788,0.06021785594287352,-1.0188754755090952,0.007002485837678351,0
1.7676614741568697,1.5078548744495597,1.4174600246350462,-0.9549696596501461,-1.2424790419348632,0.7035763821454842,1.3107801405962884,-0.12344564518143228,0.08397049794551649,0.5452984844506402,0.5667101501973961,1.2643096312514983,1.3807140354902054,1.4393680212152833,1.4578269820148926,0.4823515512850985,1.2345852054025588,2.090974257392133,0
-1.0817377303084206,-0.8846788290276029,-0.8349527437408913,0.8581643490110332,0.7917010761695142,0.3737389643596697,-0.6966676470062325,1.5956222104447177,0.5703448873168063,1.1143232923083237,1.1725586994839985,-1.0930137641085378,-0.9526138909110142,-0.881524019718001,-0.7837850808388159,-0.6235487812519417,-1.03720427153106,1.7825382791081894,1
-0.6638572091058997,-0.6351720829140001,-0.6202846744155947,-0.11778351004733414,0.1265491064587298,-0.7797442494289989,-0.6605848622405479,-0.8212628041601742,-0.6425001540137426,-1.5257986179959062,-1.08323934788367,-0.7329898338909682,-0.7363730355526765,-0.6109725156352264,-0.46565623245365473,-0.28900212397817115,-0.7365022220024249,0.6523241557239834,0
1.5960942739029698,1.5733408087044511,1.5419159759842973,-0.026304286206451494,-0.030422895088125262,0.007608864426919156,1.492889351003333,-0.11088060243248007,0.487107675650004,0.2683001278260771,0.49701504708523736,1.0490713020164308,1.685005925011109,1.6028905428137417,1.4732140210312523,1.8478480248670857,0.7710134178501784,0.33181244647392255,0
-0.7694239411261989,-0.8321045159618057,-0.8488123727444494,-0.5814819613800499,-0.3860896910597316,-0.7188993408982034,-0.9514935343070167,-0.34490919773172535,-0.4452619771883003,-0.342503221721275,-0.11458467958114962,0.04366308872157124,-0.800523104367134,-0.7971091279993127,-0.7707538601235074,0.5461538408402377,-0.1761681577681158,-0.21679978080197326,0
-0.7744283024625317,-0.7255027194673703,-0.696954612957667,0.5034086632846384,0.40444211365405186,0.40499306444145217,-0.5951440824666355,0.3976666928072079,0.3889007378630207,0.08805892269630967,0.38991491057836863,-0.8570917948773105,-0.7383639209345974,-0.766884734543428,-0.7739380997542469,-0.4931064202097347,-0.7230040679679225,0.2549249402781599,-1
1.0731291013102875,0.8514292517683326,0.8256320946224847,-0.6589074529482738,-0.7141275117264012,0.04210013558392518,0.7724571753200752,-1.0000490158661277,-0.6192335345500376,-1.1050089145823814,-0.8864762230511807,1.4672162986707729,0.8032867135345806,0.8553231666906816,0.88380060114895,-0.9521064934527513,0.949343883688772,-0.6235232950213025,0
1.5857256938429798,1.5539151212948152,1.5313312351738915,-0.15354501026161094,-0.14195942611127957,-0.06592205455022722,1.4899169077198835,-0.3988475256797058,-0.5846792464512651,-0.32985593025958654,-0.8040935842442186,0.2337912634697863,1.3668956213111025,1.5349313816948487,1.6621066186245301,1.0019262646810172,1.1667150381743385,-0.74466494770534,0
1.6049214931405962,1.5719836061682733,1.536773556370491,-0.03637269729773493,-0.03203442561862905,-0.02055205487066772,1.492639448719312,-0.20521691013537877,0.047328145035323566,0.23076243315249906,0.5236448996032005,0.9204162627551391,1.634811072887724,1.583080255817991,1.484933826922156,1.775136856396874,0.7731734130105771,0.3980489165018798,0
1.260388319549821,1.5338271683240299,1.5980939382080293,0.9673041352790928,1.4065818378819468,-1.1711905502461468,1.5755520428206091,0.09321440143528996,-0.4100222073786975,-0.31150121920805335,-0.4127324758975477,1.392236745565867,1.5574185730343695,1.5872692812596423,1.5721333452876616,1.0896878755586108,0.6496490863843378,-0.25330569416119186,-1
-0.5994931636412403,-0.37649464279600225,-0.3564516686724429,1.2352680449393583,0.846279957679655,1.4463815192672511,-0.14618767794838428,1.3222630159683288,2.572954401044978,0.8149908428297911,0.8295295367118475,0.4669465698718627,-0.28980390050707155,-0.4305769525161984,-0.5616659591097873,1.3611362001627767,-0.03893481225058394,-0.14508266237784315,1
-1.4086571995975659,-1.1623413433627938,-1.0959598699187492,0.5924317179669703,1.0005719026145976,-1.1481020977759933,-1.0872415555527046,-0.31287710990909645,-1.1048979698262373,-0.8263990440037285,-1.039641268058896,1.0410858572444508,-1.0483417446575545,-1.0850677714815435,-1.0913505369211527,0.3500423589045927,-0.4671577030522837,-0.9909755268275853,1
-0.32513640785593734,-0.2677027403643551,-0.25996419402740484,0.26065972532342435,0.27146369960448397,0.017538688157758706,-0.23558784119593454,0.5272878845592296,-0.12381913837035154,0.6020685005014261,0.6474829387052975,-1.3674830763908965,-0.4312609630133288,-0.28436133624237003,-0.12651119690326193,0.15274640222945413,-0.9670543971356697,0.24002146242762476,-1
-0.7369330007406484,-0.7074921632769788,-0.6876328623490519,0.243202866724026,0.20519093520647969,0.1653063795534331,-0.6336692896431283,0.12470607888153282,0.4848359243386813,0.13397917486587052,-0.005467133226335136,-1.1928246028060951,-0.8494533016684743,-0.7059851744206648,-0.5395313943214217,-0.08706387617156476,-0.7653485026858435,0.21096607209318527,0
0.8909149319563248,0.9803070046565627,0.9927363505865068,0.5265571777258696,0.3616918035968027,0.6136111947157081,1.0924311618426352,0.2332059529743054,-0.023232248863712713,0.3258397696622943,0.6040272081678661,0.6562572745684344,0.9688884112279637,0.9160224369256149,0.8358633771192736,-0.42726662164083,1.2193045472546513,0.7226481787273433,0
1.566332984213511,1.5725014286006838,1.5648593658677452,-0.09612112973498686,-0.06533144422640864,-0.11416216449867223,1.5174874193042378,-0.03846663084007304,0.07530373820460223,0.22308991060763544,0.08094165086557478,0.181750361623583,1.5044287442860897,1.6099835551681454,1.6713374189773655,1.3171718264015522,1.3138139179748163,0.9366657164907926,1
1.5989801059377835,1.5993938450302316,1.583701177735948,0.20149354844548423,0.024632231607657273,0.5871632709497553,1.6075854223750452,0.4107314228198814,0.38027862272641744,0.9929887807558148,0.6806702988637129,-0.08750395208447956,1.4116582359538612,1.5759372028240968,1.698107468993798,1.0922129844875579,1.2084971619580767,-0.26342565393066275,0
-0.7987303011207787,-1.693343307876298,-1.894928833670907,-5.2907897085437225,-4.616559556632131,-3.123249948874004,-2.6160964392583526,-2.232442897320452,-4.651812845602352,-0.8987523436531281,-1.619654841287757,3.1159237622226805,-0.4155005294397811,-1.5322263166194325,-2.626184331512227,-1.5398166555629071,-0.9219949848305542,-1.2434292937198441,1
1.6383359175981642,1.648413455801318,1.6418259714299233,0.3920090716525652,0.24903079064279554,0.5195020897471967,1.678195076012045,-0.03690619141654215,-0.030694604145614014,0.2238233090481619,0.13563295497891908,0.576399978048913,1.4994077252545481,1.6203643266679277,1.6971145320797012,1.8320217426527587,0.8080105462084569,0.028183592717365744,0
1.2342529877907744,0.9474545607389387,0.8584588239556943,-0.8425875577608457,-1.3501429712294402,1.4070481274082112,0.8485085289378955,-0.06934572498029466,0.20965615692508102,0.8465083175683287,0.9256171204211655,1.4697346464297805,0.7820028442093288,0.8362304853845896,0.8674886636533429,-0.6423746704971351,1.0326319740439962,-0.0682446665044508,0
0.13488393455894135,0.17737778091057416,0.17980925377578613,-0.3655896463866798,0.014100961497997664,-1.2474326245870293,0.07272979403565771,-1.1599382674262002,-1.4838933768199751,-1.7140411396967024,-1.5271594962869126,0.2929613697202159,0.18020214095024295,0.22771894139635301,0.26960268978151464,-1.0204324496138786,1.3405450560421182,-1.5694703687730989,-1
1.7069913338973564,1.4885675132038707,1.4699680946450235,-0.5612324081160147,-0.49037353528998534,-0.3292567600698337,1.3806514495334223,-0.8100481887711548,-0.6697337728514288,-0.9096392853736436,-0.870624511967739,0.843935414426255,1.4131943843445876,1.4663714273103887,1.4784744626849105,0.13748562260375852,1.1847629871007606,0.2430610984542668,0
-0.45864467970325695,-0.6955973925130541,-0.7497496729315675,-0.5686410294383435,-1.0278541728273158,1.310930071994376,-0.7237496749437398,-0.5063698413061576,0.8293045139480293,0.4538935372601201,0.4487431662942495,-0.3924043437344152,-0.7700566258264573,-0.7495277121813844,-0.7070980561016167,-0.7305760773766573,-1.3492609094700774,0.48689327990594067,-1
-0.20189485732235427,-0.21151489715694835,-0.21509606424111105,-0.3187215518205327,-0.10338268260954632,-0.7292644146545625,-0.2824433926385006,-1.8829464034214842,-0.7154009004026681,-2.052599424399288,-1.713803105226369,-1.2958708798096765,-0.34199427550772615,-0.18793009535883018,-0.025546859243627738,-0.031256171427649776,-1.10174854762684,-1.5747262838875533,0
-0.7462898419426802,-0.6642204591472833,-0.6311423508213613,0.591780072360843,0.4790149635793266,0.46501735411672235,-0.5331001451472115,1.145899636438187,0.5190411890217107,0.8601318625911224,0.5477002734594381,-1.1792070288221026,-0.752730217875972,-0.68046712220826,-0.587302869118943,-0.21887165861750474,-0.7215169970346567,-0.18276926455825224,0
-1.857962635998622,-1.677309275154958,-1.6139740165581264,0.5130930827937715,0.5504541064764514,-0.01531950319270259,-1.4784404916887859,-0.4086904569146547,-1.903292031828086,-1.1408702639941923,-1.3506100999681356,1.1821180067971706,-1.5830067566631125,-1.669963762532018,-1.7106452698716768,-0.5255450934341058,-0.7178079018392466,-1.1727492678065652,0
-0.7028191379367167,-0.6929270062248633,-0.6778239638416118,0.09022725709113082,0.05246270917865412,0.13461020744031205,-0.6564054904320127,0.5543845421870109,0.16755217549742624,1.0724292587010276,0.7411996182383906,-0.8707768755655387,-0.8565557231819574,-0.6785144167652963,-0.4776193223592836,-0.8385598058694961,-1.4465391397901635,0.4533185750178457,0
1.6931122275305936,1.4706131824261939,1.4533380965951028,-0.6473004661295114,-0.5298995200734709,-0.49023726155773845,1.345159236397255,-1.0368507850886708,-0.8394559550274275,-1.014553710293037,-1.2722844622960632,0.8485542037714703,1.417238266453039,1.4604133061004405,1.4624953992647114,0.015356893230857595,1.123185748728246,-0.2578581879721085,0
-0.19723001477921248,-0.17313666517049278,-0.1692172425636999,-0.053525713929105205,0.07287660109289568,-0.4019411860800315,-0.19445724483891005,-1.0071504114758012,-0.35057479115534224,-2.271344944236224,-1.66479980077668,-1.3889667408955697,-0.34417336950658106,-0.1500785662036794,0.05200914143643958,0.036452583097920634,-1.0161726785271297,-1.067648555838536,0
1.7891252183779807,1.603169631918065,1.515924664459838,-1.2853210013542944,-1.079637103706535,-0.8884802729187563,1.3008823037767079,-1.357027587477233,-0.41177401478914594,-1.0430075476110225,-1.6127934978099936,1.1668404413644222,1.8321187585097674,1.6372206879753342,1.3916345441291638,0.1131714900140478,0.9148953377930742,-1.9942683955630272,1
-1.8145598792673931,-1.6942224380131783,-1.6369649855028963,0.6842107376841801,0.42970378672361254,0.9220769932405295,-1.4358042212905675,0.6190397388299657,1.548517442430812,0.7901495280475828,0.6728834554736803,1.1645599338457486,-1.611324653651392,-1.7040267823562412,-1.7495849250423732,-0.04050251055998297,-0.6149425925928552,-0.5456494329387169,0
0.8185181675469823,0.6050341197296581,0.5421290425400895,-1.2990475311734377,-1.1865868579081083,-0.6024529912066403,0.35608920218953466,-1.1078367449003164,-1.259026910033367,-0.7927598683487749,-1.3836855170799667,1.3608999199919782,0.7022608766628922,0.6258942452292967,0.5301147349592961,-0.87890205941838,0.9398458610075906,-0.0019053540422790183,-1
-0.6063580038331449,-0.8096445763817101,-0.8226226682523039,-0.7691731268087589,-0.8220262136912524,0.013195880694541156,-0.8830814263927783,-0.6828086388345754,-0.5973122949692029,-0.5419433034429048,-0.7465108474693457,-0.3696976507070604,-0.8516416603248937,-0.8016486416451859,-0.7276995394863875,-0.8595860915365768,-1.435758063200047,-0.5926145528295018,0
-0.8272829519813989,-0.8447694350311531,-0.8474097491830673,-0.4924817059376788,-0.29454731632063785,-0.7093591992430818,-0.9257939796350456,-0.9488272667209762,-0.6537857511862872,-0.6667488239568891,-1.0378019074679448,-0.8543069921961388,-0.7804822176946581,-0.7786673824621747,-0.7544708874673638,-0.6742552772971591,-0.7743699526943569,-0.22533273338321827,1
1.7634515716695816,1.5344758534608192,1.4631770092295098,-0.48148721782643666,-0.9419425965478848,1.3318291226709589,1.4423027621874598,-0.040037965181765486,0.7580731441797274,0.6481910467267928,0.8517090307231023,0.9376013309704725,1.404016268034081,1.4495985943986718,1.4544440618628887,0.5550163322543016,1.272511319719533,1.8643660628226462,0
0.09533119184475457,-0.05535852270377015,-0.07692488919628808,0.04173727510635149,-0.5130792913746695,1.726436364456002,0.02055477091639082,0.4717246608050713,0.8315479182802253,1.3266783004957658,0.8527569082787486,0.9200376585588496,-0.11845487406805891,-0.11564839069505801,-0.10946958759286632,-1.2256390686747525,1.4830849071216488,0.1169347507477895,1
-0.7500651844121453,-0.692429950822806,-0.6745649458269122,0.1251504306813486,0.14385300903041232,-0.033436037547757945,-0.6535480811603533,0.7349099149048208,0.14935394127711193,1.0078494309029145,1.236746675002438,-1.2558977167787515,-0.8466724824452104,-0.6778468517151274,-0.486361592402387,-0.09223201034881671,-0.745449405115277,0.015097710887158585,-1
-0.20662081925763537,-0.1614560091992304,-0.14403345801427658,0.10710325027044584,0.22637443372481872,-0.34842860741712695,-0.1524246979946818,-0.1462402436706512,-0.2780277494989759,-1.0193157306443419,-1.1081559609077432,-1.3901995443416073,-0.34920665108171234,-0.135174961271188,0.0868005009171098,0.22423060359283614,-0.9311045627745941,-0.3682556563820934,0
-0.25155135357286357,-0.2056321372333254,-0.19590833816746045,0.3752245589781156,0.24526531872641957,0.4758981113748734,-0.13267693549042367,1.0916916951729447,0.3930456096338387,0.81617473884559,0.9970640673106994,-1.3404550151612655,-0.3642519571527654,-0.22606529000165326,-0.07876661957593215,0.32661277576159486,-0.9349066720516408,0.16738249473301428,0
1.6765917459756259,1.4553287491937048,1.4382265610933302,-0.6999690605963154,-0.5727194907058983,-0.5310432405640925,1.319286747816397,-0.9854442162174889,-0.7721250524863995,-1.1686929608091372,-1.128143682890681,0.8013361642254239,1.4141606683968226,1.4622992142928284,1.4693849438262465,0.16415418644694976,1.220047097631594,0.3115759290060184,-1
-0.27082185550097937,-0.27464546259550215,-0.27559293997656714,0.040156193017250694,0.0293968414292372,0.041178428943929174,-0.2716869230670956,0.2617554722771035,0.2248195971132377,0.6089932925085015,0.6718030654870243,-1.2420530138126311,-0.45714786625345033,-0.2702588144632754,-0.07206460453717392,0.048116383828616216,-0.9977502564700979,-0.2983092493179313,-1
-1.0094088717299123,-0.7204226462962653,-0.6621713629926327,1.004835230344012,1.0755737065544761,-0.022479220338118965,-0.5362076068478104,1.3580847681360135,0.37943199008127454,0.3286839899828196,0.585625615086373,-1.3263929960480003,-0.7600204499283774,-0.717183709287007,-0.6529508622236991,-0.4081524925038733,-0.9321337949302003,0.6264853930444358,0
-0.9622715170638152,-0.7319812125855204,-0.6719850721857451,1.0044113425578574,1.1218969219518549,-0.16733822552783248,-0.563073678842445,0.7975208492977485,0.20823927962409375,-0.042381898612901134,0.34205403389797057,-0.6701860310022872,-0.7194707932843213,-0.7409160619158737,-0.741504803656017,0.8525266421579359,-0.17069580149018893,-0.15366022366149001,0
-0.639358248310921,-0.5008686758467155,-0.46342080181087497,0.5952763006773794,0.6012342524417017,0.09801533891429218,-0.3878515171050677,0.9959638931746013,0.17460341654965184,0.908217017782509,0.5428049729485874,-1.2598863826199502,-0.6000015304477885,-0.5042939958891582,-0.3922961492500935,-0.4244132591742115,-1.2952767368920273,0.44257660896203466,0
0.9794790448061537,1.3791603063009912,1.4354291945854951,2.106904629768575,1.9247848413701942,0.9762467719372289,1.6536842288908717,1.6858332594587764,1.6366487649004913,0.8115867786786632,0.9172994486495246,0.6962207353429165,1.4796522116564206,1.357456511167709,1.1939823484066927,1.6443156050792536,0.640289321592096,1.2658866298474922,0
-0.8110612498655128,-0.7849128564239529,-0.7935420685164221,0.17662574194591465,-0.031370431398858194,0.6787226735408601,-0.7231299569394413,0.581574228597661,0.8092129479540001,0.7180298406348945,1.069674166034615,-1.0573479586645937,-0.9119232521571818,-0.8270999730049378,-0.7169287672915607,-0.4026288388532427,-0.7578022962138725,-0.2642209454762713,0
1.590730034457363,1.5480094223610368,1.506818646592834,-0.103271366079409,-0.3088588645615566,0.6165004910700335,1.4972928922667326,0.38780484654334724,0.8516402637961397,1.4511134233498848,1.2335147270911975,0.5195518225107247,1.4375577010627953,1.5243169598809119,1.5689769241348195,1.9255063672044015,0.9443925075111175,0.39839549087917087,0
-0.35313227027542904,-0.2883520736905052,-0.2828044120138868,0.22240372067261238,0.2759601432090274,-0.1223507848789442,-0.2671070678749872,0.26318349441024447,0.2598747675328685,0.2544164424631871,0.38139181277841816,-1.3036711746416998,-0.4274799332318218,-0.28359358804932505,-0.12883598473333807,0.0573418308803425,-1.0160965847639132,-0.23769411650307595,0
-0.663110296771609,-0.6568966581791355,-0.6480833147890179,-0.24486729885084665,-0.04056224281946568,-0.680642874905151,-0.7051354854213433,-0.8915735169481779,-0.994811903833091,-0.883828457951457,-1.3118659473868333,-0.7600015701798613,-0.7300738098342926,-0.6233226727911356,-0.4966554736420342,-0.251294751307186,-0.7628286664072902,0.1769360982969593,0
-0.5027061147047893,-0.37876037839726945,-0.3488118301341127,0.5684421500865401,0.6167624726940464,-0.03843135039532709,-0.28799696852321266,1.0522210622799568,0.2026023374584564,0.188515741179903,0.335228574208327,-1.581745455144342,-0.5079116377972758,-0.38509841499165204,-0.24890098546796052,0.10441770823975212,-0.6060581038431675,0.1095355193870392,0
0.2053455382041605,-0.022285416628893828,-0.08102008282395563,-1.1340388263488883,-1.2834583466344502,0.24087592997258017,-0.1823631155993087,-0.800519546877412,0.10053370502780512,-0.2661640616403201,-0.8022849464590031,0.9738797212556064,0.32620754388687817,0.038127564027462466,-0.2565171348556225,-1.1110732724815533,0.8383588229605976,-0.04010699138674979,0
-0.6717133977567546,-0.6120734816802811,-0.5970985615923026,0.46484285832707817,0.32418705762224725,0.5265594486031464,-0.5069992293280806,1.317309889657386,0.7464480277527399,0.8836467452664781,1.253937633261681,-1.118661148244165,-0.7367264839484331,-0.6291472504318815,-0.5014690684861106,-0.5311884339193997,-1.3422089517658504,0.7621188043018651,0
-0.7783326494330207,-0.7320931356916192,-0.6941763124536947,0.27025961605867643,0.3790746734977446,-0.28412400834930535,-0.6564801015922913,-0.3588904010869791,-0.635918418819263,-0.958986197940616,-1.0096097554307009,-0.8123141362518184,-0.7616005381827289,-0.7326881838829892,-0.6821991725001626,-0.5862383581124878,-0.7527814823726259,-0.23288487393513863,0
0.13118332580290307,-0.058529367595935716,-0.1318397861647543,-0.9356937145033147,-1.1645024991759634,0.5255516468458709,-0.17511822569217947,-0.6215632224581498,0.34754039098909423,0.26620131225373406,-0.006271345124059625,0.9395208462126954,0.11059706714320106,-0.06668170227340632,-0.24541318382247118,-1.1373271816401564,0.9503062965803617,0.959643631817716,1
1.6986869294634905,1.7818958054780294,1.7981313348070747,0.46464108151001793,0.4816960536281059,0.03808872186682811,1.8142456591248812,0.27633020785883244,-0.1011538433356616,0.28586259158761845,0.5579297357908881,0.031419630422996135,1.6463921341086105,1.7994747748601365,1.903820734194923,1.81316610875043,1.0767846880810108,0.23369891593812073,0
-0.31723265196837763,-0.33531745291572473,-0.32812629574455704,-0.2122452360986402,0.07349588862632145,-0.9264683081182263,-0.3820409228311217,-1.9920195050958116,-1.179686189421071,-2.7526969700582744,-1.7742729104813588,-0.6718388998191982,-0.39563175636998243,-0.33271047478736865,-0.2590457989324092,-0.08021021142331458,-0.6163300381598247,-1.0783921531964096,-1
-0.666471407456406,-0.5468352773210153,-0.48927889583736034,0.7870529254511041,0.7972904526608257,0.12228299681851704,-0.3935912358323172,0.8829323209446627,-0.0069552853367668655,0.5233722836289895,0.9079124190581993,-0.39989634518902784,-0.5039162141910327,-0.5599029998521421,-0.6008841290403665,1.0714466104673497,-0.052759205076667544,-0.2666239303688328,-1
1.1354967422869808,1.499015504353502,1.56726474017832,1.6333030120212537,1.9368379055804181,-0.6204900381651726,1.6716767423221521,0.730375368608644,0.13301925358106598,0.13999481932087246,0.2869910713231523,0.6790578774917467,1.6307887565206591,1.4686077727750502,1.261199065831857,1.4774020451524805,0.6611401922264099,0.5172663237458461,0
0.1302869978466339,0.3389981090965578,0.4011906845899914,1.4485541011440781,1.1723254040901716,1.1388948820305993,0.6247139870938251,1.5958701139191749,1.2588803912592414,1.2124678125967825,1.3292947497935834,0.28596222179380565,0.4515315355265068,0.283795296919597,0.10472911452034178,-0.9996922792201941,1.420800332089645,1.1098391991719054,0
1.7158592614061683,1.7530070610343735,1.750559493145003,-0.09565897185413313,0.25706854548752966,-1.1111152185869844,1.6681562050608647,-1.1154207890470749,-0.6509659744590881,-1.562826732152433,-1.0564815100166622,0.21184176867321203,1.658455066980567,1.7756423409522877,1.844095273442068,1.479117320380614,1.0486138244848977,-0.42893557546103106,1
-0.7920555744610625,-0.7323694821592956,-0.7291673055968183,-0.03417634823773674,0.07643159177638502,-0.34924016091278176,-0.7626870496317263,-0.09280616449101736,-0.6443516341307908,-0.22627543909266176,-0.13214623738728168,-0.3459643867936087,-0.7978903941405582,-0.7028141767674296,-0.58576224847202,0.7399640069815723,-0.1841921495281191,-0.5091690199010938,0
0.16342301254217534,0.02576842896303982,-0.020754887483121424,-0.6771171388497708,-0.7159811272330074,-0.012117482780766523,-0.10645533198763607,-0.3952607891880645,0.3545807331859981,0.34783450547563854,-0.5110208673529185,0.13766353468123566,-0.0343950855391538,0.02631147928446715,0.08741570876453449,-1.1121886971241257,1.380204828814639,0.02029789967953993,-1
-0.7389089423027825,-0.6790895685340601,-0.6675661462862666,0.05280674834068729,0.15268259368198847,-0.2989843573582139,-0.6591674183370657,-0.7834502611931309,-0.21043250978305145,-1.6497001203168609,-1.3291582627750982,-0.9100711209890107,-0.8422193547010147,-0.6680668989468864,-0.47143433869361323,-0.5366228535986245,-0.8674925942583953,-1.1869974464619986,-1
1.682777590025047,1.5601557793382856,1.5348204446191034,-0.10669791428471458,-0.2824041989070207,0.5232877731834594,1.5289090850272655,-0.332807676167525,-0.04460222935676355,0.06116266293872578,0.04036756325062271,0.046510423263391505,1.3736251841659124,1.5071603292705902,1.5999768119779727,1.2376342591187977,1.1074785927876971,0.4770300468093685,0
-1.529169120157006,-1.191919111344675,-1.0918075920702461,1.162203553203699,1.5717958924137252,-1.0411222830488729,-0.9880369286773365,0.10851947643031185,0.05497126700726857,-0.7218975381060173,-0.6146323639404061,1.3690395668645003,-1.0073365414795856,-1.1599697466384484,-1.2822110728032396,0.5511502350328396,-0.37820563237901444,-1.30077207600098,1
-0.8684789349861466,-0.6726545276393111,-0.6282212526064265,0.6255918478241882,0.7758220044825345,-0.34286527563452823,-0.5869700745969618,0.973570608908539,0.2075792871702283,1.3353644605660338,1.0751083846287761,-0.8303958285905109,-0.8140474143398997,-0.6289970775814643,-0.42238096730696295,0.9968218690547693,-0.09071192608083634,0.350798918889556,-1
1.6071962245027849,1.5901774185589401,1.569222752195336,0.44144514362163684,0.03819943467642907,1.335224219084325,1.666219187829307,0.8617102039494897,1.5348284970991757,1.0636706231095368,1.2501262513138183,0.004283353338627436,1.5193303184892124,1.544794862858775,1.526408457550644,1.3307364523644156,1.2706257329348727,0.9021169741972886,0
-0.6638979588209848,-0.6465530331891598,-0.6355644095981727,-0.17978494188685035,0.014333876713827236,-0.6363625238110092,-0.6827765125386058,-0.44699907758973284,-0.36668044607095585,-0.5193246036856274,-0.6063853114747069,-0.7650918611508801,-0.7355613208512866,-0.6186496410420346,-0.48176306850692596,-0.17504219812257238,-0.7179214768698751,0.6657087924139734,-1
0.7127884470273183,0.332810143248486,0.24193259158959354,-2.2147026788130004,-1.9232240180266331,-1.3360228146573672,-0.0710888174751005,-1.1211253033012676,-0.7840691211798813,-0.6895574639923384,-0.669978496447209,1.7478045279476604,0.7131705719806652,0.3969159441830631,0.06326460589990104,-0.9510778240601568,0.7492682002602958,-1.923577721872098,0
-0.7037969756841301,-0.8034573825644965,-0.8301800423896728,-0.2659377412921222,-0.47849916590636693,0.6062727401504643,-0.8156871072602412,-0.21104298565250879,0.7405585481415663,0.7134975226843073,0.7729401107528706,-0.9810931139864028,-0.947180329135177,-0.8291527851928554,-0.6850878691650001,-0.3737499637024525,-0.7747985962723908,-0.13882772550334616,0
1.5719552533831107,1.5954173542424814,1.6073537890679763,0.01817072202852496,0.15344098486810878,-0.4153777062366832,1.5649347805057063,-0.21930973066904078,-0.613920100941392,-0.7600824312372692,-0.8316270643742908,-0.12812962155973492,1.5028113887398087,1.60365826554081,1.660396325399955,1.2603566984487107,1.2389232886026578,0.17151505480413287,-1
-0.6207056438550982,-0.4339568434051733,-0.42029167315786103,1.0463370284786873,0.6174138066434308,1.5330961004218349,-0.2380161403726298,1.4834009187147732,2.4292179674600205,1.118912205222894,0.7236781929275272,0.46478423187119255,-0.3753881777066402,-0.46125201731918103,-0.5355087624298608,1.3913992641795399,-0.05347659591011781,-0.3338203049105036,-1
-0.438579750009022,-0.35216529389191636,-0.3284864507417152,0.28642198994404017,0.40722608988317793,-0.31809194291135945,-0.31977541890514427,0.8428365027312298,-0.039856913568277495,-0.33605537629126336,0.33621789604494834,-1.4819480352862382,-0.543265520053901,-0.33110825754862583,-0.10541967156005784,0.2791434899012653,-0.5067979185582222,0.4225901255034235,0
1.583681867171965,1.5592283155084035,1.5344268714566958,-0.1675582053061769,-0.11616444859899093,-0.1919499269004346,1.490651407235367,-0.3060647903541595,0.265046462336443,-0.11205979424256257,-0.2187787461062344,0.2640960921490437,1.3832183514615348,1.546964436538837,1.6694231994468844,1.1525029257793082,1.1771122822510864,-0.993350459049975,0
1.6742015726288235,1.7371804452683064,1.7659613814906134,0.34274821306539754,0.5696280834803433,-0.6355889139517642,1.7514434847459908,-0.11304197256609848,-0.35670700028938185,-0.9237373971144253,-0.3668666822039159,0.263688376515989,1.661100828123032,1.7393595922116312,1.7691860721147366,1.5726539980822434,1.0365754724253786,-0.17326451394962306,0
1.7038542482162624,1.7850589751666295,1.798480393995255,0.4286923695059091,0.4765498104671586,-0.06434016326151192,1.8090757617472932,0.08567879287802885,-0.13889896559810064,0.14640187484665745,0.31212108316505466,-0.0021748184001000657,1.647531416793791,1.8016110135798429,1.9069115520891267,1.74643786560114,1.0487555978994065,-0.09413075933127721,0
1.5586193522191165,1.559346270325005,1.5612052397260103,-0.24435518014995028,-0.03416475619452532,-0.6987696989510783,1.4743444527697402,-0.34535184928229273,-0.3172459716464101,-0.568067604964521,-0.4707814891605165,0.1800116348177393,1.500777547154214,1.6014719607156394,1.6581174075245253,1.3094105955076154,1.2723144024239346,0.6698960566442588,1
0.27371574794165804,0.00040308298970412153,-0.02399488307339581,-1.5782236829945449,-1.2922487439957626,-1.1944492007853786,-0.2548015477307798,-0.9782362858048484,-1.9497269615382524,-0.612350030489641,-1.0469712550963204,1.1025555950019525,0.4132662351708735,0.10561939905206812,-0.21090068765514225,-1.1630633921233817,0.8070781443251299,-0.9498554309217709,1
-0.7538880423134391,-0.7014587185247838,-0.6826696849612744,0.06323421920139721,0.14650457481187135,-0.2455168937020326,-0.6743877483972399,-0.015195962570462533,-0.14040727718156754,-0.9193178743222926,-0.5956879535552257,-1.3394747903047035,-0.8474811988103241,-0.6880440644721914,-0.5058329313780664,-0.17659033670585061,-0.7965024537467386,-0.5131154441223105,1
-0.118606625522439,0.30812582394693594,0.4033866233876584,1.9989033371051077,2.084046141624929,0.1274021552428154,0.6051845803952366,1.9978077428091825,1.2391902195349382,1.0751315339301473,1.3401704596403847,0.10093077811504132,0.3763005587106798,0.31595574107125785,0.24539730371133195,2.0231782604539545,0.274853214222168,0.5638436112131181,0
1.8051432133623417,1.7708933022312412,1.7639463699905586,-1.0845905890985514,-0.2226776928859757,-2.8815522223765275,1.462907743086681,-1.3911959369747284,-1.4414884321411325,-1.1658671594438894,-1.1472887392059985,1.0435067840963235,2.150765217461169,1.911961242965732,1.6137505880082985,0.38617822219026476,1.0781362561588723,-2.1283725244510663,-1
0.6619844106181609,0.2532692679753916,0.1468730698433867,-1.872714863641757,-2.010489520498831,0.060288080083540675,-0.05928394033793572,-1.0428200268736012,-1.0208634935115526,-0.5283363714138483,-0.8699259419083955,1.5915405683977488,0.43665779793154424,0.2522524026445911,0.057105783676158574,-0.9470336129989445,0.7256424999376669,-1.0975718481543846,0
0.38378438581060775,0.17641640373468329,0.17911112087294542,-0.9684480684285912,-0.5865197534036307,-1.3723134294972,0.043339372905041584,-1.18958376968022,-1.3765897639615758,-1.3270513812584324,-1.283454827395012,1.1537301576725423,0.3263829337973581,0.18532792406130177,0.036275576023416155,-1.2656413832849476,0.8388816910053122,-1.228807906242899,-1
-0.31298879656567247,-0.30339561185306196,-0.29829196784910966,0.06300416792665178,0.1482358035550829,-0.25163600022120264,-0.2949880071087555,-1.1687550356991567,-0.38724724258777016,-1.8339152070100386,-1.468493882164504,-0.9049081033503631,-0.4322145406020238,-0.3206941256225171,-0.19785230536970122,0.0793025945257561,-0.518576086419348,-0.1128427478387444,-1
-0.4108147404758279,-0.31426434474785125,-0.297179665657532,0.42844957730902233,0.39968446067280616,0.17291287343460088,-0.2516389586683311,1.6859970196055405,0.41800547451236486,1.7094643980614832,0.6994446544900768,-1.3584303189635076,-0.4915106027229915,-0.30505613292330713,-0.10630609931362556,0.40460220446107115,-0.4837417148537285,0.537512260425579,0
0.05583281316693957,0.031627578748021044,0.029476256186940726,0.3367986462895007,-0.05778433570701002,1.2879213760457568,0.15177060375873885,0.28239163151766555,0.8507053488431873,0.5414732953009712,0.604295106044783,0.4234595004780985,-0.029741183042825067,-0.02490815841708695,-0.019268510897462218,-1.2563054560781475,1.201923128768938,1.5003936158282971,1
-0.29268619646352123,-0.2889040216486664,-0.28333283690316985,-0.046563355771023086,0.04579509093027449,-0.29514491212079724,-0.3105841555256986,-0.24534007120062465,-0.29594524637902997,-0.39945724685254647,-0.5355304561722279,-1.1458138373585969,-0.4488619268162721,-0.2674383559462095,-0.0748943586508829,0.035273774007405265,-0.9985860628089726,-0.15256891155130867,0
-0.8254563949583187,-0.8222981768028965,-0.8417437323132101,-0.08267327357608369,-0.25240201384183475,0.5094757561875607,-0.8132680945119564,0.26245348384012523,0.40632583122060406,1.0080066441783972,1.0483238796920422,-0.9278917141699959,-0.9237966787791929,-0.8314558769761433,-0.7134993835366003,-0.5072971003846831,-0.7237699521494735,0.20984451473827861,0
-1.1297306632157016,-1.03015511635046,-1.0032200477302664,0.6170692704937857,0.5602985817761748,0.29655017411772566,-0.9190980824941779,0.49717124252709477,1.088405263004933,0.36041600057070095,0.7372476272171762,-0.031890113052104915,-1.097841125138309,-1.0448129419342533,-0.9607923975770507,0.865123858557781,-0.3648976332413865,0.188267663085959,0
0.11879805446569774,-0.05201491275313689,-0.1245775561882608,-0.7776275746937893,-1.0969147865612487,0.8366898983534032,-0.13639055254998575,-0.11524067568844709,0.862120178868406,0.91224758570954,0.8521600660544135,0.9175416292256643,0.003412312377547459,-0.09219975448581105,-0.1869813764985489,-1.0494299492901487,0.996157076193963,1.2550604273468202,0
-0.7750597831731867,-0.7583148629491979,-0.751969510208488,0.5518125536498144,0.16730641563042145,1.2987812839148352,-0.6071691514474816,0.9904052039307616,1.4020477484547484,0.7467476613604769,1.0724275155078327,-0.7720161357596611,-0.7914544888822291,-0.8136650672079595,-0.8129458070401961,-0.21365147129026607,-0.6874828762447628,1.1722010692469547,0
-0.7049037246837935,-0.7012654264381986,-0.6853892597522686,0.03115390470195427,0.04154905813558048,-0.026098523301443157,-0.6761875094120069,0.230071158955478,-0.028946708521125245,-0.1431658440893724,0.09806159857147247,-0.8574702235976621,-0.8507600067089056,-0.6893792200385029,-0.5051492076808316,-0.8962909984414914,-1.4496763382326683,0.37902190576707045,0
1.6928474010069283,1.5504818550972237,1.5085339090381307,-0.2106927485622414,-0.44164856432816263,0.6740490920629582,1.4982279867645634,-0.065540499061006,0.3987904123521316,0.5750372294182583,0.5263467326705059,0.22403106670189898,1.3523575869834004,1.4795727591911356,1.5667409996181838,1.3027605400195172,1.0602006350559148,-0.22501453440309632,0
1.6390149344625964,1.6431517789776224,1.6419433695921213,0.19772086581564663,0.27100118471421786,-0.1882650714297009,1.6327905842142794,-0.4008474469952257,-0.0605759568016818,-0.5201975890501533,-0.3794508724628358,0.47296344874167806,1.4995741243873124,1.6232181965432675,1.7026250023095006,1.7139680313073888,0.7740871449959709,-0.5747641468493389,0
-1.0621548760638369,-1.1267601534648954,-1.1205581889374907,0.33969102879238,-0.11872529177012509,1.4861795255188617,-0.9654395508129853,0.42991969480251657,0.711271109539726,0.5862971771843333,0.8098824060177786,-0.4810183299731422,-1.0661627178040465,-1.2299149354276706,-1.3614790412782647,-1.1228677372418074,-1.4032642073591655,1.2566125078391674,0
-0.2538600067675449,-0.2155494689169721,-0.20784016296736071,0.3428984425594089,0.20680184402146484,0.4885808706365905,-0.14857968923083106,1.0507775268531352,0.57357617770049,1.124385848120747,0.9303149470005907,-1.3212792242984444,-0.3798167536023893,-0.23629588865101736,-0.08326811598841513,0.2799763403010527,-0.9446031397853476,0.236637972913543,0
0.9485158820046017,1.3428906899202837,1.3990117544552116,2.0651002750202867,1.8459316628139295,1.0828080942854015,1.6097285914179942,1.7349151709904047,1.5926988814412193,1.1350278505360734,0.9504616694562235,0.636741442392708,1.4295580308999598,1.329301533714986,1.188991215747412,1.7358427479089469,0.6311008802814189,1.4522232978239253,0
0.08462988979124451,-0.024987263516528895,-0.04104847809701472,0.27034218758638473,-0.3529412451063805,1.983205744288803,0.09457228072339663,0.8717381395331886,1.8779123570264413,1.2446849251150274,1.3503528592339484,0.9119368392794743,-0.06472857849235021,-0.08520695074025708,-0.10362881780727587,-1.1080003661170317,1.5548454989518297,0.36954759751545996,0
0.7128902539686915,1.090842775864472,1.1805482696099678,1.6179333176810613,2.0515273960140026,-1.0262912612971813,1.2638758949559097,0.39498655616767975,-0.14840251797644377,-0.6495218296006562,-0.8647896655715123,0.5913879942404601,1.227207786464778,1.0869884081507524,0.9129105486634128,1.4043806824007155,0.4372373907369071,-0.606375538017522,-1
-0.6566527983159278,-0.5595688351632085,-0.537477421914656,0.3014789655351238,0.2975903016719278,0.07102825681865917,-0.5122266488942541,0.8441430547887024,0.2858409340756182,1.0479996282373465,1.23576503220021,0.08282051101287936,-0.5533113446336934,-0.5083494777616071,-0.447944542549643,1.243944021565146,0.04130754266546056,1.0108687014495077,0
-0.7499836435380747,-0.7499501828683852,-0.766620856535626,-0.13809961288360462,-0.2627310931759732,0.3589649718548327,-0.7510750395227708,-0.014651793463051396,0.22316186548714376,0.95828951229778,0.8126956644617909,-0.6432201705315453,-0.8350466299589432,-0.7493941940781557,-0.6406081866756381,-0.8144620302501383,-1.502551200271623,-0.1985359446032851,0
-0.656272581612527,-0.6008373616133322,-0.582780341326816,0.24262690105861004,0.29459313838459944,-0.11346926042884563,-0.5538524326190802,-0.24395113298050883,-0.2136481602564822,-0.363726181358544,-0.755945698067974,-0.9829548816006027,-0.7639950714731972,-0.5921302157884022,-0.40000802441012007,-0.2531226313087601,-0.8086138841837848,0.48066944759947283,0
-0.6743072782350822,-0.7273203738523322,-0.7382637965145895,-0.5627994653859917,-0.3686785178807927,-0.7113067736594383,-0.8292022963256663,-1.1891203267908808,-0.31659391962153205,-1.1748589748996545,-1.5154321634270917,-0.8370230113507735,-0.729858852948556,-0.6850900878518977,-0.6198095922024014,-0.4116389912437995,-0.8106419532117332,-0.6178373607092082,0
0.09988740992490248,0.22149614924280148,0.2595050022365475,1.155915658283003,0.7880552348855253,1.3654235386236802,0.47259809439500816,1.2899339128071692,0.6961694640708699,0.9421636380603765,1.2454934034277025,0.1922875031856159,0.29673351257016745,0.15196586791253552,8.785114805680008e-05,-1.152941356120864,1.3736299197503303,1.6399393523597543,0
-0.7487953743862922,-0.7300675723633558,-0.7449928635485218,0.03604668235122028,-0.17157073122557617,0.6500450416449391,-0.6955597937068941,0.5505166301638,0.8405767122627905,1.3249429605054364,1.2536661496183261,-0.7117638589464617,-0.8456010287708334,-0.7521479572085423,-0.6353341531800266,-0.6817757181095246,-1.4612270518284909,0.08185660142374555,0
-0.7557960780447388,-0.8712145586876892,-0.8996226096630126,-0.6483378469783616,-0.5863950507118637,-0.31868599112053975,-0.9671518168564854,-1.1456890576418262,-0.761807204556801,-1.068978768542586,-1.791072317626974,-0.6249585388711598,-0.9249930223195318,-0.8628152379744065,-0.774694550376481,-0.8931355860637257,-0.9098634343684783,-1.1008264480934358,1
-1.0279460031181988,-1.2301295655476816,-1.29649076369854,-0.4434219078539471,-1.1257800809839662,2.0265110270456552,-1.2088550886609573,0.4570760111858649,1.695679326717609,1.1510092572731487,1.3746908295177365,-0.07454201766469597,-1.2073564637488983,-1.3036819685081718,-1.3644219030768399,-1.333872793928752,-1.4611953605556596,2.173386971487479,0
-1.549193315677618,-1.9117089331870682,-1.916163387865537,-0.44447568355215644,-1.0647593148948624,1.8340596097573696,-1.783011950757458,-0.14292956650564645,0.32677281567547567,0.4281796209103568,0.7269993257036605,1.5997395814668038,-1.8611503081518235,-1.9750289832520882,-2.034388234300405,-0.6292314271770214,-0.646148956372393,-0.4848966987306226,1
-0.31262213201770817,-0.2884847931665731,-0.2862094356703585,0.218734194722322,0.1685011506202614,0.19836789062927576,-0.24877125088933735,0.04405921962003119,-0.03167662441748488,0.19120224091150526,0.5226021586452576,-1.1110832169565885,-0.43658102269797694,-0.3151532644013919,-0.18237498441932215,0.17929952847471567,-0.4724992614884881,0.32655457037248087,-1
-0.2850336735002901,-0.28395123085894086,-0.28166519709863425,-0.002853332323798099,0.02403229126054862,-0.08382320510810772,-0.2944162274229625,0.16302522253341928,0.046183154966882564,0.40584300391632866,0.2240862517506941,-1.2067809119644417,-0.460951330428204,-0.2721280424425,-0.07190922070070244,0.1462301976984647,-0.9950641452984504,-0.02746824563857108,0
1.7974907111210612,1.6624996776584724,1.586144785739602,-1.0740271093147344,-0.948445761614489,-0.5990620481172552,1.3911280639426116,-0.8665886717985548,-0.31145330314714975,-0.45522582785821486,-0.8445738866228569,1.2246903350617746,1.9391547691982902,1.7170460254086586,1.4414415620349976,0.36112118137829474,0.9991550005644475,-1.3410109588585737,-1
0.5751584756737731,1.0014818446573492,1.078494664586675,2.1319359817269214,2.1744178244346117,0.28555155787079073,1.2860124758601728,1.3733376251035476,0.7183127982129192,0.608512090993275,0.9414546497043802,0.2833902900963615,1.141356410425663,0.9653395116875907,0.7582755922825525,1.7980986693961136,0.49673565942841413,0.7141728103401027,1
-0.21124493280764178,-0.1597745006517746,-0.13745669869297994,0.19612834806401494,0.3024951634245233,-0.2910457373575629,-0.13220035847140602,0.09887636737270981,-0.2617219617578757,-0.7695497189057472,-0.795985566769338,-1.3828540228439121,-0.3274235506696054,-0.14587283508289017,0.04331187782884106,0.19331846866501404,-0.9084861286001964,-0.03449351314311248,0
-0.7469688691680872,-0.6979752086167564,-0.6776875287285095,0.17561317328198864,0.2193561290546841,-0.10111309328769783,-0.6440821852330985,-0.22658647359071787,-0.18115407787173993,-1.057091000738835,-0.47737939287946507,-1.2422041579783305,-0.8428801172755698,-0.689763094135025,-0.5139427528580743,-0.17496677417055084,-0.791397534674624,-0.26376241934125405,0
-0.7717529743589112,-0.8302304604233466,-0.8431844346185614,-0.6470844679446985,-0.32810539031671887,-1.1144837337549207,-0.9665473070176042,-1.0089008534746806,-0.4133920333975674,-1.1181274125801992,-0.9094145653194912,0.02027128777957715,-0.7774593373309171,-0.7852596828299909,-0.7706717614156365,0.4838285151530888,-0.2098930476097685,-0.632271790405928,1
-1.01975709247382,-1.8698221543843538,-2.1103125742015183,-3.425219559568317,-4.36156398271194,2.2297125845900654,-2.3375397868589043,-0.9260025373116194,1.0546119449245153,0.553715355262059,0.652751656418745,2.7321950536449373,-1.1222585882395255,-1.9115759371537815,-2.6610211393085166,-1.0803303988169533,-0.5812326632428675,2.300674245834739,-1
-0.673594298094256,-0.5735130634080547,-0.5231672251078109,0.7705945338648464,0.779203457809496,0.12410666981669939,-0.4182977148519896,0.2792486501687742,-0.13291462046765898,-0.19702773057032277,0.35354043164206095,-0.34336944688717874,-0.4817612659286813,-0.6178485324226632,-0.7387882125176407,0.9242682764467625,-0.13867736002139605,-0.9923569788980898,1
0.08754289866375715,-0.0595406816874441,-0.11423084384385856,-0.6249005791223592,-0.8893370413469657,0.6966981656989193,-0.11430837534871992,-0.6098720648201472,-0.5300687965874297,-0.15311776725504866,-0.309422579875353,0.705626497564645,-0.20754216027957925,-0.14392015510590014,-0.07495959645309819,-1.2847055838902843,0.9452417650225017,0.4484395368839325,0
-0.6948135958297335,-0.8051570063749403,-0.8338437584287152,-0.7768814676812509,-0.6686184480325593,-0.4872898620214158,-0.9368308404001396,-0.6121800666431633,-0.2618531852143051,-0.5296314718763477,-0.41223370053618524,-0.7774106806329357,-0.8112993304172819,-0.7771821049773943,-0.720112441011517,-0.47537966686630134,-0.7729707254936866,-0.23103728692184977,0
-0.7338773730458252,-0.7054729719049072,-0.7101573352061659,0.17186667347806917,-0.005946453502576493,0.5843144679039153,-0.6448227017140193,0.14545034187767272,0.6278136172992862,0.5000427300422715,0.47952625806013266,-0.8666580761401895,-0.8341566122100023,-0.7476752153472713,-0.6380938388960351,-0.7550074180796034,-1.521318374381802,-0.48039884903318214,0
-0.5855801147200363,-0.41949463288442845,-0.3821780704812625,0.7442692303811418,0.7093148829044491,0.25387178846064723,-0.2865644855659277,1.5500873189869873,0.4938192464008905,0.9906707422526664,1.0651460309777039,-1.3665539785575656,-0.535499180064084,-0.4189778633401709,-0.2882195039010624,-0.19110537528479782,-1.1632432228702303,1.1347047070176373,0
0.9213213063167474,0.8584649994687391,0.8304968309033324,0.009551539371959537,-0.42931247774310255,1.3610333828253647,0.8985387020842787,0.2628991752304713,1.1393324957556883,1.0537187809316155,0.8429272012085194,1.1584470142187577,0.7949329071746606,0.8094607550696123,0.801033534268526,-0.6595993056998805,1.131371270066401,1.6446274488337334,1
-0.7385354602331985,-0.816429881907436,-0.828712349886092,-0.6606669085161889,-0.479242158970995,-0.6911345555611808,-0.929133420391418,-0.7427801670657534,-0.561386100556442,-0.6793633504812306,-0.9963607021383388,-0.5279474653960756,-0.7781247553168531,-0.7707065915676952,-0.7410288328410433,-0.7579128336962085,-0.7913203376400764,-0.29531862825155275,1
0.13444257774145055,0.19939540754125717,0.20576733355814414,-0.2105838236214773,0.11475011674418675,-1.0487624463887264,0.12453590581583791,-1.0079623938783149,-1.239521783208879,-1.5613792983854058,-1.7141012302282699,0.3464569828740399,0.16209588478156733,0.24135416254713304,0.3151908208846479,-0.884094272603789,1.3039003517878167,-1.8475855940270374,0
1.6375278858717333,1.5677672756677845,1.543489956314619,-0.09912273002740919,-0.010616165566620626,-0.29349896904578515,1.4901927086230744,-0.7860714953609055,-0.6766286272794172,-1.9161747471709878,-1.307115036906596,0.7855055142323765,1.4341951660130317,1.5124507835664796,1.5487861777166065,1.727075156115267,0.7548056516006788,-0.08681685687046484,1
-0.752591117615738,-0.804707548539769,-0.8264624355341254,-0.0864084216349547,-0.3464360724439138,0.788401256079939,-0.8083564927377012,0.7777753384737068,1.1660700015307914,1.2023192888138523,1.3379644408092857,0.035173032144192096,-0.8629170994073201,-0.8245631799755442,-0.7618165664903798,0.8445476378814016,-0.0385082426995158,1.317999384753142,0
-0.2782638745330173,-0.27827718170878973,-0.27781270946325104,0.034813084868149415,0.024940400268943837,0.037387024563037614,-0.27901919123282887,0.2493026073520148,-0.0984891581219391,0.6648486070301708,0.3840046413240867,-1.2651834919717777,-0.4597000659964986,-0.271226801612201,-0.07139051520065852,0.1308206947870928,-0.9849819251438094,-0.018085147482699935,0
-0.6573318462632857,-0.609896220537457,-0.591357936725616,0.3025559057110852,0.27914172259652414,0.13170961769323594,-0.549769150317894,0.8909171951910192,0.5668129316007472,1.588360126777625,1.3307957973724276,-1.117995486455024,-0.7802373167114778,-0.6009755927659923,-0.4010622145495751,-0.18128893022403877,-0.7957339997950034,0.6494484928549416,0
0.22897530643666647,-0.12273496067135249,-0.19975926662741678,-1.1438434885768947,-1.3443858241048858,0.39728530383064475,-0.28929346398752637,-0.965099416144832,0.1738880783775163,-0.09290267544408276,-0.8359514453762688,1.1396772078535493,-0.13864551527163882,-0.168053062044453,-0.19319603975261676,-1.8644200988800326,1.4569066448420416,0.21012354918253787,1
1.7259562492257476,1.9181999299548362,1.9492878506034026,1.5031552318214336,1.1078785478807465,1.5182700756494036,2.1585503602704392,1.571962776877067,1.0983535767641905,0.8060119935989183,0.8760010850181184,-0.01624526551092922,1.9474116887058088,1.8511617895879227,1.6999571367155573,1.4826884497521513,1.3444130823098777,0.5109464386558248,-1
0.9506005101955799,0.798672792332471,0.7653049414270654,-0.578181236010435,-0.7057284297226135,0.28189199097583467,0.7255273719866201,0.007038993213095129,-0.2734284741646088,0.16791300859432698,0.5755518925901555,1.3341502321688616,0.7451783276630827,0.7916698689035064,0.8163239006500899,-0.7875289514202799,1.0100982382664574,-0.10102434748237744,1
1.7767331606020813,1.5351136295724137,1.4399798320712789,-1.3644178165956546,-1.247066063097217,-0.6303905412343441,1.2344259462965437,-1.016952277321225,-0.012300726138582,-0.9934552933853028,-0.8920403445267417,1.4709364002795342,1.6349197840619694,1.5307257269719825,1.3806223466394383,0.32966337363326503,0.9785237645023724,-1.0834672474602471,-1
0.3030085350588497,0.38984222683809766,0.40190305586346275,-0.6012686158503869,0.07824354677910199,-2.2220929752981338,0.19862473189716884,-0.8629406452706722,-0.9548870150695307,-0.928425072222808,-1.1598129143464564,0.26554181047425346,0.711358555659325,0.5257412286004717,0.32151073020392884,-1.3736141345828914,1.3524620974279038,-0.8214545636292431,0
-0.7509885959573377,-0.742350873061737,-0.7586811333620616,-0.06558193894802554,-0.22409188909154357,0.47807505131891037,-0.7284776179529254,0.2536498183479092,0.9104947699738161,1.0587373925617365,1.2199436700976156,-0.6855539680412261,-0.8509217985861688,-0.7534497268825529,-0.632503244184423,-0.7477245804212587,-1.4809556660370302,-0.10405232571669153,1
0.11199427150008223,0.23195320789966162,0.2555890387295075,0.05976074330009816,0.41070576154942684,-1.0751865894543668,0.209440599886504,-0.6608057356579312,-0.7900714950568558,-1.290687662483407,-1.8423133686081914,0.17052831633696003,0.1822032721548194,0.2839788301963416,0.37953706247694535,-0.8672995185172606,1.397640397327001,-1.1757816525889133,1
-0.47586456852166287,-0.3060942719184685,-0.26660277078065475,0.6992883437235065,0.7838413927144222,-0.12504397702868705,-0.19723616391477605,0.9227661976085858,0.10196719263059492,0.4519705334717861,0.06933779230471623,-1.3780440118165496,-0.419069185858744,-0.3044219028334909,-0.17886083813498338,0.015200733780897464,-1.020779270075107,1.1627712419618328,-1
-0.7062821591726396,-0.617646877161522,-0.5796990208891978,0.5081567983098847,0.555792036270923,-0.04810460420404405,-0.5157791937643306,1.0158343376970833,0.05038030657252792,0.39866849213415134,0.5845957237709939,-1.3460480760576992,-0.7458179032598029,-0.6085692661750352,-0.4512488479397813,-0.21417483561462225,-0.690147464471989,-0.07825113799973374,0
-0.7638219898287772,-0.8990737987286198,-0.9176313787955813,-0.8126509173841261,-0.7064865238010377,-0.4877887776111834,-0.9911850602668256,-1.1221981947787507,-0.5486404693063692,-0.7760402869056039,-1.0200645549738079,-0.12480158524339358,-0.9378451006984577,-0.8884333969317643,-0.8125859881340048,-1.2104356537449605,-1.4329312550521165,-0.5886819740610134,-1
0.14387414229593345,0.5799004679427985,0.6659756129318466,1.591167688186269,1.9523812318653289,-0.8073650491802241,0.7669943396292468,1.038689114814338,0.1593721620526608,0.0206247635283552,0.09737057221566174,-0.18824685629367588,0.5822805023424533,0.6043315172124395,0.6094573867429827,1.6571004961014997,0.292139410329024,-0.4287729465045448,-1
-0.42609261992556613,-0.3294116533967133,-0.308757659320856,0.1443846345157045,0.3273498538959818,-0.5383952475409591,-0.33172405590260745,0.43069842700586325,-0.4142649576267092,-0.15876739517551194,0.013986880683305496,-1.2315099391494406,-0.4429443718888319,-0.2918548010425622,-0.12952009574359935,0.06847589343158149,-1.0254815487167135,0.12855261157083048,0
0.8930538102129463,0.9133350369783403,0.9002217880888709,0.32521430902616666,-0.016080754326635662,1.1206218573678903,1.0047480947997853,0.25404464426498263,0.8879426789549084,0.5490905966756077,0.8760845114004582,0.769922991989628,0.8661054032836437,0.8648361087184397,0.8387225330976945,-0.5033106081224356,1.1673698512997206,1.1520421126153368,0
0.5430749702732188,0.2558262034654591,0.18091045289514676,-0.43158019655973134,-1.1521153301565328,2.147062169662409,0.2568165615262825,0.30764672076132493,1.346828575479594,1.0690647181645765,1.3892071921994993,1.2931785852551396,0.18850634437211597,0.13834735244089053,0.08326539792413354,-0.9439426473783051,0.9690049392462458,1.3074684530386813,0
-0.7010808978654254,-0.6742688991659629,-0.6692337425113655,0.2976985000985266,0.191825716908458,0.3861340548638333,-0.6143414927245425,0.6605472559427978,0.538536153110773,0.8297201339382843,1.20949207390652,-1.2305735309287036,-0.7976731158615701,-0.694953492617903,-0.5703386102636911,-0.19422112811971665,-0.925964711350022,0.6312826727114725,0
-0.3517267003927855,-0.6797064638765304,-0.7526596632321249,-1.7004553310470611,-1.5570168018567714,-0.7769279472082765,-0.9616756040223554,-2.1651547468325956,-1.0094543983174036,-1.1554587820703304,-1.4675641842148814,-0.1348808971691016,-0.5238001961243306,-0.6514108275273119,-0.7627496918836806,-1.1062379951817674,-1.4601508127511282,-1.3282219402000992,1
-0.5864764219543559,-1.2020510437732872,-1.3180441486888141,-4.267178891776538,-2.9849184405852087,-4.806051815809939,-1.9894903316753814,-2.6074250324640493,-6.231707389014522,-1.53901048010292,-1.7358410993802371,2.6159095496028852,-0.03751030347226208,-0.9974818821096192,-1.9470557924721557,-1.2564081459658765,-0.9308403615452474,-1.9581037231572098,1
-0.8088137057019958,-0.7056192437638552,-0.6879898481526795,0.189232671923758,0.36327602739683756,-0.5019895594709497,-0.6947986313918026,-0.3415072500394011,-0.02085097552706156,-0.5620505872368478,-0.8064827497476269,-1.2567488526054942,-0.7919712435635361,-0.6640113661424892,-0.5145649475444934,-0.5837667187457719,-1.073024728329092,-1.0982251969953554,1
-0.6560417080042787,-0.5984564723962588,-0.5804272817097622,0.30498031180092566,0.30370523544198896,0.0636190062961925,-0.538556576286542,-0.045117296862286084,-0.05672603869678676,0.08081224128159092,-0.3762274054308819,-0.9396416377022463,-0.7607919600973827,-0.5947337551364233,-0.4084537599655581,-0.19606352634679727,-0.7755892037682058,0.8880420986867422,0
-0.20727268000632032,-0.160604809435392,-0.14109177093625058,0.13406565786009048,0.25445318181968246,-0.34661066499201265,-0.14608762979808995,-0.48029893536166385,-0.44542330611603237,-1.1915606896668391,-1.6764724290658921,-1.3619647357940725,-0.3429034295070654,-0.13759491641051513,0.07556117157136821,0.17813346709440112,-0.9369361860029459,-0.29517587950596036,0
-1.0862939276666186,-1.0790509501669199,-1.0415161562485398,0.4813523302216155,0.22231661103716066,0.8964129111150564,-0.9074945427700808,0.6019988809358781,0.3415216156976202,0.6746143579789311,0.8672635545106067,-0.6385187008674742,-1.0547048102182728,-1.1209332347674041,-1.1562493195862953,-1.137608339470697,-1.3304196449739938,1.158467254839806,0
1.157945058889327,0.8841872550720393,0.8408784261662936,-0.9817170749213617,-1.0205394258345215,-0.07184209976233011,0.7527182615443613,-1.348505438668931,-1.0013189987243873,-1.5528964719321365,-1.775880071125831,1.3268142787183823,0.8035239893478644,0.8266174111459039,0.826426036169133,-0.9845423338526335,0.8575866497478885,-1.7516074086113238,1
-0.5310211158794439,-0.4012251314454302,-0.37336408326644216,0.6273506249773942,0.5986398597465297,0.21165998601658711,-0.2962613623498411,1.9294115016973892,0.44102275051497886,1.048617015927157,1.3788056843414074,-1.5727749039363335,-0.5370967528895768,-0.4046082798886441,-0.25799195315764684,0.2006434445876337,-0.5944209821676785,0.36597339481105606,0
-0.29668558465864114,-0.5509901415630158,-0.6127351663666765,-1.3947164049628324,-1.2815963206200114,-0.6232130226722111,-0.7895698494078459,-2.2405883701694767,-1.2156794367058945,-1.2293067058602314,-1.3283277631017345,-0.5604914923228698,-0.40639021628712313,-0.514991818768913,-0.6108758108718229,-0.8296179953697382,-1.3941368641027352,-1.5746007037103888,-1
0.09611207781641218,0.2509051551589074,0.2827514193168804,0.275084678999837,0.5716104828647135,-0.8645213281900088,0.27309152802306297,-0.5619531914639165,-0.6027654023420482,-1.4377780730689211,-1.713437000549302,0.2999573345721397,0.2113150741546563,0.28489677670577757,0.35169942280582445,-0.8634925565070081,1.4556075785034381,-0.5910365182096241,0
-1.020388573184474,-0.7307004301624783,-0.6729480809091075,1.055639566275557,1.077340803889966,0.13932939700194497,-0.5330011484710081,1.6095940569276674,0.5054653605170718,0.4086147405576406,0.7515393594704517,-1.291008406702062,-0.7631677605520285,-0.7321707662172638,-0.6795723781137217,-0.343864019445797,-0.9206598048968587,0.845486413839024,0
1.595347371929653,1.5803969641138114,1.5612941175675112,0.08837782787307526,-0.0659259804885343,0.49517118006427907,1.5663394571375702,0.30463858079894407,0.20335081362118212,1.737007212741761,0.48261776046506444,0.06685867788840633,1.4013298020361393,1.548917116515828,1.6548542218701627,1.1049047464047257,1.1889808511476103,-0.29939317056577275,0
-0.25825322598735323,-0.4553301961882933,-0.5009948862102933,-1.231056864554029,-1.0756789847550927,-0.7220653204524107,-0.6781987356932933,-1.4037729222103796,-1.0018572336180327,-0.6013877585246283,-0.7288336369638722,-0.6911157710637686,-0.28807965649995243,-0.4008865296093318,-0.5043303883825934,-0.36679360906647346,-1.2957192927978534,-1.6159610484609312,-1
-0.5470323140641359,-0.261621558828165,-0.22258510824171604,1.6258416923857753,1.24363911008624,1.5017833843083128,0.03822191058859393,1.2509960083293519,1.8553711757631974,0.7238186531044841,0.9578925858654923,0.4677763575647465,-0.08589890328533543,-0.3446266153433685,-0.5983768912917021,1.4800758773671039,0.02615645830900408,0.8036187379487476,0
0.09232316246955984,0.1951785568866999,0.2272478004653313,1.0879249913514093,0.6777864943597142,1.4830564691024422,0.4383420147385746,1.3762706276169572,0.8442714731343183,1.0933123441083263,1.3268323752745235,0.3170400223727321,0.25335499270734346,0.129034649369014,-0.0013496731544969539,-1.1003963569822384,1.3686937994598487,1.7911100430035207,0
1.6069517780171514,1.5676321050574986,1.5445673368503603,0.3050707945522715,-0.06963152262171271,1.2201432070421103,1.6179249793617378,0.6790576339600808,1.1349472574112398,0.9586909672448423,1.2411531146037293,0.06975066971443912,1.4855790526139507,1.5331289764321716,1.53758214274926,1.24996519001667,1.2558454398669454,0.8315889113750693,0
1.6354161430089063,1.6466046889171713,1.6383876385567986,0.43930496232963195,0.2070474668565669,0.80525392249995,1.6860833082120357,0.42579524982912453,0.27304099163083684,0.8956695997677223,0.7769018249775335,0.6046335784730595,1.4969147616611618,1.6184450580492136,1.6958349342340968,1.9276508153426295,0.8465654429025118,0.43568012111997434,-1
0.11022883386914226,0.24994706012484677,0.29418346544435287,1.233744168741924,0.8928192870436501,1.297231321574394,0.5108122900262592,1.443787751200133,1.1864590404242679,0.8599713299593638,1.34550579393628,0.19350719385342713,0.3435322281016902,0.1773504274876862,0.0029230926580826972,-1.0872895862774214,1.4133542421106242,1.7257515775146939,1
-0.46955647532698536,-0.12044120108128858,-0.04776958219930215,1.9156850146157023,1.632423752900983,1.2520699970226343,0.221010367040591,1.9270566867326744,1.2615023573476962,1.2884657625004368,1.2207102909526568,0.33900436754961316,0.14024545959415236,-0.2162519004091629,-0.5733126802938827,1.8513451466988458,0.13375766233054776,1.2565500021267981,0
1.1377918433262277,0.8765619288783505,0.8417304501679977,-0.8270528806360626,-0.9934086826501659,0.3533901939383308,0.774254572353145,-0.2109585992177628,-0.14269203348684958,-0.21219763667160305,0.3818222320887271,1.5891310537145147,0.7871088454733772,0.8483970328658292,0.8865006621477665,-0.680448185733333,1.0513249026048346,0.05632157329964014,0
1.7664731946441123,1.5204140201505676,1.4354799210506317,-0.7417517270861324,-1.1516675624862966,1.1243865022034347,1.37023119012079,0.09148213160164206,0.32516441635669585,0.6387104706102057,0.9468868953977156,1.178030314772481,1.3881813639666047,1.4414875542558538,1.4544363387534724,0.5680328066785293,1.2892587625176997,2.4667688410375277,0
-0.7545127365854,-0.6751957667490006,-0.644671945482245,0.5813988196642805,0.4414298175239196,0.5472368662531594,-0.5440483576461175,1.0496826875835572,0.4366236861525133,0.7820894304278312,0.5848752820850862,-1.1823661890526775,-0.7528461555719005,-0.6987086033235427,-0.6234905705954115,-0.2664946252063665,-0.7045993488503176,0.081512615622856,0
0.8599788631046689,1.1990814589383265,1.2640027978102994,1.530280600658019,1.6207476519686643,0.01922583283128308,1.3576038803916035,1.5669091029525168,0.5571967886474581,1.8456595929801638,1.352885688674754,0.5744283271359573,1.1774362356177266,1.2357575231331122,1.2597209436433834,1.691980001726268,0.58840157706652,1.0348492095690287,1
-1.2642778559391648,-1.1565781423191748,-1.1431429442619299,0.13216656468089638,0.3235723218190918,-0.5669261386644853,-1.1559373897279526,-0.29950386878241864,0.35881032552248093,-0.06296161443928686,-0.745074434625604,0.5660184708070046,-1.2668199667083813,-1.1364710188577634,-0.9710309085055056,0.499254660908334,-0.5166206244821409,-0.8606547395458005,1
0.03011164066573617,0.19225751079691616,0.2355413717230299,0.7207194029204028,0.7293846231455284,0.1141741378647077,0.33449172476974404,0.16210081911843194,0.30693554228131004,0.004044904719192603,-0.04111628583361903,0.5827922848859353,0.15810666046920707,0.2070408249285791,0.2509622994683985,-0.9132659909861371,1.4594698960072812,-0.5187001066889769,1
-0.0009329904830595588,0.45752263092036904,0.547906092553205,1.9868211982760842,2.1146208843314147,-0.007070371099924255,0.7368182541541133,1.9714278043110096,0.6354621121351561,0.9876980162646531,1.3084548978246577,-0.07410676553806302,0.5094539479833605,0.4632561823840764,0.4028860247157589,1.8544584208123367,0.36174165324534774,0.9636710015372604,0
1.6300111745701689,1.5756491169158917,1.5740065953560507,-0.4183108799013015,0.004090896784565572,-1.3900244095953824,1.4418955823168191,-1.5339929506694663,-1.5133711887998633,-2.0019688914203724,-1.8086649780101638,0.7885791566983568,1.5574691435424444,1.601722291242959,1.6008474983415883,1.5159465174599867,0.7693185496124241,-0.4544287455680115,1
0.8892376973064463,1.2512550888532004,1.311503200669075,1.7739069690175042,1.6738306989917373,0.6570057385635748,1.4595715943831349,1.947713906395582,1.0958205509284886,2.094287022226425,1.3863166004594072,0.6435615642931974,1.279384422605417,1.2684520142317104,1.220908339583545,1.7657449809064147,0.6382811770522944,1.5667985421852157,0
1.726282205502527,1.509873141514686,1.4846972084782035,-0.49373233801055516,-0.44414237967662434,-0.2501802578465594,1.416299998920361,-0.9679945668604483,-0.8247314864813063,-1.593509724982036,-1.0065386220998818,0.8344662733015484,1.4167772992741618,1.4607303829463865,1.4635961948979122,0.13774978348736455,1.1440187161415205,-0.8049157324774543,1
-0.27503175798826734,-0.276689063627439,-0.27674487524538044,0.03913939626483185,0.028312719263941827,0.041187997586989954,-0.2756289150306517,0.06091908454048322,0.21869300595201416,0.4955600072457528,0.1155683342047601,-1.271197126846921,-0.45943735291959115,-0.2710432174035089,-0.07129283121069331,0.05815201868421728,-1.0015301104655803,-0.18516638685082196,0
0.2851775455678189,0.7160741631216284,0.785435097045307,1.8020105476720472,1.7845606143482193,0.406609986273674,0.944230023257229,1.8798610797200281,0.7964941466618223,1.4836989551530912,1.035407294408061,0.44514953067822427,0.7489360431603046,0.7206564970894934,0.6711576114328807,1.8049218812811063,0.4141334593183656,0.9822890691501088,0
0.8997557137103626,0.9005327830249563,0.8841265363677333,0.26656270461436765,-0.10658833990679059,1.207804711172967,0.9835781870153995,0.22650343022030683,0.5312420217118554,0.52069576272238,0.8222740908824512,0.9066121064690652,0.8517972918590669,0.8587945609766998,0.8412779147746523,-0.5721142493130326,1.1419277878531784,1.0510971629513715,0
0.21629806282102326,-0.12124111134921123,-0.19390281487935765,-1.0004206666774353,-1.2881950396336095,0.6955044677276305,-0.2564403774276574,-0.30677797917767285,0.2785427466044331,0.437904360310223,0.428777131282133,1.1751984819424437,-0.19235880086037074,-0.18205545161262002,-0.1663315859932997,-1.76456586846471,1.4984886803759827,0.3772230513370706,1
1.7680213626271166,1.5013299799221171,1.4075544112506155,-1.1438441994636506,-1.2993214165043,0.2577182112685135,1.2615739148690546,-0.3091123652780423,-0.51853478268995,0.18620307315059859,0.24502342223906057,1.4199779884514574,1.455639630903811,1.4552897048681364,1.4131673601512493,0.4040048325969379,1.2141338035063818,1.7235407445508404,0
1.4587291912389384,1.0874563047779613,1.0119510039103135,-2.2994525270802657,-1.7522937336864828,-2.1444472818010887,0.648918564735653,-2.3064890754009,-2.2821168031447887,-1.1831958449428637,-1.7601739167465884,1.9348673624713493,1.5631936868901184,1.1957030853375488,0.786918209783902,-1.034618172345971,0.6845282295319716,-3.51193510642843,1
0.662215222060559,1.0814993747848136,1.1668203158765156,2.0072479626791786,2.1865764768723315,-0.1626589311492163,1.3355343241772295,1.2345680330364104,0.49466150013091587,0.6212212275499418,0.5901952533247069,0.47769811722979033,1.2401444077576518,1.044580685136565,0.81532459307774,1.6806972158893527,0.5084851037068516,0.40131892651823114,-1
-0.3907769565363663,-0.7134784388972276,-0.7903702699035199,-1.390130079909609,-1.5804501144311534,0.31744024588620623,-0.9196774589726271,-0.6265692714472574,-0.24351646425524087,0.06688025304298485,0.15677202322977188,-0.17840269947430074,-0.6666458400812425,-0.7196537050658257,-0.7530146144691805,-0.7723223495629378,-1.4297952056022745,-0.7777439152236758,0
-0.365286668004387,-0.35314313057391905,-0.3457860565316213,-0.16463788723062378,0.023750265651249804,-0.6156510608252381,-0.40238614783083565,-0.1763119138414201,-0.3922312167934846,-0.35500851116007887,-0.397705349834644,-1.004683984342162,-0.4515429587359574,-0.32618492073817806,-0.18908512649162867,0.11012407906992787,-0.5380005148212363,-0.4866659254286947,1
-1.0671660341998377,-0.8166431252679386,-0.7650548028207507,1.0512328380996565,0.9257040119050503,0.5944396380387114,-0.601369589707356,2.1246583670780748,0.7650925358162076,1.2382022705033102,1.3277678516599285,-1.152089837848201,-0.8459763150885838,-0.8279511222637979,-0.7858220355431307,-0.4060781567717498,-0.9282871505885146,2.1678562006636932,0
-0.9456763484198083,-1.833127338207013,-2.0730303788211106,-4.049340213608723,-4.689824690175325,1.1913218661819374,-2.448038011880786,-1.0809542146337314,-1.1904023067588285,0.07707846540718807,-0.458787098854265,3.0793521813794635,-0.8430848440353936,-1.7956181256941117,-2.714706550384785,-1.0399771680731742,-0.6958679360907086,1.5745317101689251,1
-0.473576264282086,-0.707061825803686,-0.7555696172164839,-0.6076195950311232,-0.9514464909243101,0.9459518982889247,-0.7430704749303436,-0.9954346745477534,0.5335014204550877,-0.05197344995273459,-0.3021531968260227,-0.37647515771484036,-0.7746478931912729,-0.7547681767697266,-0.7128496482366433,-0.8080779061609519,-1.396164455389251,-0.009557991733129273,0
1.572491672147184,1.5988346851039612,1.6093181007347768,0.06911984061581797,0.22382803330654136,-0.4656087862859777,1.5812828118696896,-0.3000236190768945,-0.3907082129948961,-1.0060051943345665,-0.9674108354522803,-0.05081086218606086,1.5539332753401531,1.5732502114783122,1.5477828099811797,1.0396562999479149,1.1730476384014277,-0.6354985686482444,0
1.534351265032384,1.6188682544553283,1.6374515135041519,0.1321474717366146,0.778530496537499,-1.9759973144207457,1.5288456341898145,-1.1513671094575721,-1.3669697548554718,-1.3296406328181913,-1.2860315824164466,1.8498246385626125,1.733373661995378,1.6145230942799924,1.447079959486981,1.2091700386525956,0.5319664248608373,-1.6513499076932283,1
-1.058494996300933,-0.7981483420136392,-0.745140418681401,1.0661197035691254,0.9672954925337929,0.5146479269209343,-0.5837305872163193,1.8603402798831803,0.7126406693100702,0.9346078865115192,1.1098436557488236,-1.1859512009260318,-0.8274789095482216,-0.8076067883211089,-0.7641795688474101,-0.4680355693783804,-0.9234408203365112,2.002530201880447,0
1.6079227775209972,1.5323119126021547,1.5063442432583725,0.06624828521342388,-0.25786946146353024,1.0167563128444737,1.536695841741631,0.4455882257901777,0.5243154150442177,1.0165660984535891,1.0246533965141436,0.164374011842762,1.436251934211551,1.5091129583156346,1.5400471117610242,1.103751432734612,1.2099613072040138,0.7297624457335066,0
-0.20586711012367573,-0.1642100753190734,-0.1491727278031911,0.06786858810005578,0.1955687756732933,-0.38220963609989955,-0.1630019456716303,-0.42363109312440256,-0.2969700511009783,-1.1320067791979511,-1.424266436146731,-1.3721951154650043,-0.3467853000913667,-0.13702748357127476,0.08064611281695487,0.16193148153221112,-0.9489802082671605,-0.5257876317423993,0
-0.4451186857290223,-0.35614574471800536,-0.33058247399482116,0.29165629304795393,0.43285596783647395,-0.38023306240561433,-0.32305767450012307,0.32427354211365034,-0.26314839835818876,-0.9136565972964567,-0.6350903135753105,-1.5067133096749634,-0.5434878548549836,-0.33444613373141713,-0.11183645693473053,0.21798599610973657,-0.54518497670875,0.23118735547583064,0
-0.7810079671756673,-0.7167536208512485,-0.6973750286324313,0.45663773264688606,0.29118446658412345,0.6017520023537433,-0.6050743861531545,1.2368568108475504,0.6564959075504438,1.2115531213301027,1.35438960788376,-1.0985131254580518,-0.7927587956712989,-0.7552187971848762,-0.6952916947639343,-0.31577408591521355,-0.6595913351923858,0.6247337151818554,0
-0.763597975186048,-0.6858409777027139,-0.6586299478024963,0.57316177452976,0.3972076561075491,0.6570713996906663,-0.5543007752173231,1.4396382332307638,0.5789303007931406,1.3697650938019665,0.9167049856454186,-1.1487890377557344,-0.7549170334172514,-0.717233800858445,-0.6582508866558809,-0.20974783914432393,-0.6934290008444393,0.3342024939481233,0
0.11979618936334022,0.2821520476556841,0.33285878527932744,1.3334344418985655,0.9978281628503419,1.3002642030504563,0.5570412093248831,1.6455947282605858,1.2990021334003556,1.2149386646336,1.0344371230038552,0.19359900350516243,0.3900143658662172,0.21199759856327446,0.024516208306349332,-1.008718720351563,1.3961155509466892,1.4479196379237051,-1
-0.7207995430497252,-0.6993515824680734,-0.6991695911273172,0.19422923934473088,0.099140898626121,0.33249057459250514,-0.6622548550500468,0.10859399925184479,0.3812677768991663,0.47646801188627413,0.5669299667751377,-1.1326382375099495,-0.8312358615701039,-0.7083216775622284,-0.5627450931557622,-0.2680176224723042,-0.9632761989142998,0.6877130316617713,1
0.13377714411537941,0.21909765855840266,0.22892810735967115,-0.05447308483134996,0.19936199579881414,-0.7967866124933903,0.17471572659944176,-0.41297226976408097,-0.8061319150328797,-0.7042781066343584,-1.2273833058998276,0.2841648316217089,0.14858581887618058,0.25565697421405953,0.3574241813720637,-0.7653043809943214,1.3558738653297546,-1.4513219691438544,-1
1.7581144987006998,1.5447799425667676,1.4866614136174903,-0.31461059277741765,-0.734817892812905,1.2398303601586818,1.4891168043935965,-0.11360983790198607,0.8043517348308533,0.6099717216537399,0.761083223114867,0.6728767685953638,1.4220010916970351,1.4711445658044437,1.4790004513375443,0.38644521589835984,1.1710008228446476,0.4068048651517587,1
-1.1766710971889676,-1.0611958696026496,-1.0431567646964879,0.6064041051695973,0.4630503785928369,0.5626117195642137,-0.953343509615129,0.6777023563665505,0.8040496738046355,0.8629724273383985,1.102942404530675,0.09776412056275355,-1.1259765230956753,-1.0889730550376004,-1.0200141629573094,0.8117955834479268,-0.36445692195784085,0.49077710470556146,0
1.576837355213215,1.5749318563970423,1.5616685472514984,-0.02627867676973278,-0.017507806579321484,-0.03230492223532099,1.4838303224525888,0.053422622318656805,-0.13214305852912736,0.3375094577328596,0.264184358773856,1.3809462169300588,1.7314788670578578,1.6311623581565313,1.4821276990978434,1.773404584221806,0.7378921160338503,0.49331216379900567,-1
1.2953509430733188,0.9486800470501476,0.8310949901556971,-1.7045116367976811,-1.9474716843680058,0.41895723345600056,0.6643068726841018,-0.9615768253705816,-0.26370982478343263,-4.265917849637867e-05,-0.14671940490414084,1.6239916996845536,1.1478686144584953,0.9432761990140184,0.7077273303728341,-0.511184089686752,0.9991710812128418,0.5072656033591663,1
0.1624859970366712,-0.047985433255880054,-0.11722172968563059,-1.0836539910145948,-1.2462224834790558,0.2914562857865975,-0.1958225980922204,-0.6600113010821315,0.8503462203841137,-0.05293436134865624,-0.03587231701766355,0.9195491806275164,0.23686131625008564,-0.01569566395406018,-0.2725981122093978,-1.1353920084110587,0.896495969181637,0.29692831788756335,0
-0.6907598332372659,-0.5733196041428515,-0.5440193515811511,0.46400011728399204,0.4764412679415953,0.052252349653797124,-0.48909045931671113,1.468888963977737,0.30277082941002414,2.3678704909076442,0.8728921630325348,-1.3164154002916302,-0.729857823038748,-0.5579336651279635,-0.36673246195417175,-0.13813580657587252,-0.6328786722852522,0.40046568453805487,0
1.0097360346275244,1.4140235681159898,1.471200855243737,2.132005625188465,1.9932047325753952,0.8469989475267082,1.6925674140283153,1.7356923682298637,2.026540179749428,0.678947531001575,0.9989263868710875,0.6224250212224158,1.5288575426852757,1.379686753302788,1.1880872670427465,1.70607188714716,0.6694129698957014,1.287054368611981,0
0.18348119724161766,-0.039221756546667444,-0.10355567812192616,-1.1431262022536401,-1.2697972389758234,0.1686457686468532,-0.20006018547274168,-0.9223632154360243,-0.338109215591802,-0.4253713795146933,-0.7213298500733135,0.9556900665654365,0.2978440246913554,0.01326039665206252,-0.2771078866344113,-1.2224964040071875,0.8492330845866128,-0.05776303714845104,1
0.39858014836679523,0.8289974796716904,0.8969579690728169,2.032755991534975,1.939684446033555,0.6859564588579264,1.101476548313669,1.7844377332502899,1.49950230792184,0.9202469433036343,1.0797051907261934,0.3048688908617372,0.9019299668170427,0.8159194609362758,0.7048593563924475,1.7382262156134405,0.4709427119552556,1.3923804408128126,1
-0.26424896686556193,-0.2561425253531533,-0.25606723357615424,0.14755834183521896,0.06058658429069994,0.29822219928743793,-0.2283165156662401,0.8695451372901326,0.30510826302757105,2.1631329143875035,1.0854865413848511,-1.1898730386057834,-0.44455982760988966,-0.2695244521625305,-0.08343008924504798,0.1767266156325154,-0.9390757003881316,0.3876398008316474,0
0.05126303257037936,0.02076120423864398,0.013810973721678159,0.2997193904335505,-0.16179686003581908,1.4879594864787857,0.13702285296111602,0.45746194357579295,0.9071095795761938,0.7574707499398815,0.8265536013691486,0.5491847647703946,-0.0444438421987188,-0.030899640053361703,-0.016211443160000973,-1.1876406232875152,1.2044510053885062,1.7211176740361995,0
-0.7785973930688853,-0.9175901741486729,-0.9364573156431701,-0.8719621066586324,-0.7505608226974396,-0.5465818904411905,-1.0218511859393105,-1.4080311164353012,-1.2763480746854587,-1.0159123899858398,-1.5313503068823222,-0.13735134444692942,-0.9359731254150093,-0.9014177332455413,-0.8403361083139371,-1.2926066854933693,-1.4808685768093446,-1.2000607907316392,-1
0.7503991907338132,0.40540460181859944,0.3284240085700369,-2.1681782209751472,-1.6607847819638752,-1.9956096163736652,-0.0008877463319198148,-2.0540060367196773,-1.774448420245094,-1.6824184040843966,-1.82455414907514,1.7259025695652868,0.7767371820542639,0.4790276931865151,0.16191710765877151,-1.267944823697625,0.6685708812178266,-2.543000719088569,1
-0.5826331736540563,-0.3332340935823046,-0.30818329686239315,1.4296938099664045,0.9810648031819366,1.669129659677232,-0.06625253242781895,1.6495507478764138,2.70385108882058,0.971704710845894,1.3320226634488916,0.47091894110074883,-0.20920782581724892,-0.4018378365450942,-0.586593329926977,1.4737845282799347,0.028321095303471745,0.4898263175693912,0
1.5595699820459061,1.5622733169383745,1.568954598232691,-0.24838131989073656,0.022194617090974984,-0.886571733353617,1.4765791038078693,-0.9716735519521822,-0.8230684892348289,-1.32134346717101,-1.173996335577169,0.1116400527302278,1.500438242280294,1.6029406343851786,1.6613862424020018,1.195742450574391,1.2642961746879227,0.6509754767437078,1
0.35003723935951486,0.3651193595725942,0.32693091409660624,-0.4742003253736171,-0.30495888932879855,-0.616920149387448,0.22061949566441552,-0.623875501086094,-0.22874093409079796,-0.5438748213307725,-0.8720568537540961,0.35062420140705775,0.5117093837861932,0.4115858478694497,0.29774879990874126,-1.1514137555151316,1.4912822242079735,0.8718885450087214,0
-0.35878168519980297,-0.3451288904752236,-0.3401914324645456,-0.0794627107295981,0.0021416610583628896,-0.2682763080395875,-0.37549893087723146,0.4479608955955029,-0.08110042709755662,0.2561392354490591,0.386189489999395,-0.9746762530490928,-0.4457644176509096,-0.32199589529652767,-0.18663602278223046,0.17317921116607415,-0.505225246538493,-0.1933793038449949,0
0.16335510671134196,0.04336155659746431,-5.666421404317408e-05,-0.27030261354859064,-0.5690881404523019,0.8724553264642335,0.0038869281498862345,0.3772187317285951,0.6391642298026738,1.5906935534399103,1.3544331169486705,0.05974644504849717,-0.06532114647555563,0.010590085519440205,0.08763890345063245,-0.9632108113468552,1.4315082421548482,0.3400667771368158,1
-1.8188105314697667,-1.4707111348103763,-1.4215892417990486,1.296694278668751,0.950271454391964,1.3265748152748682,-1.17200342845081,0.8440654874728554,2.6722444497338693,1.103886885870309,0.7949074586372452,1.1293858037572302,-1.3695101406204848,-1.4954596252362602,-1.5808822016449646,0.33511301974411856,-0.35454910265452255,1.9423809522819093,0
-0.772642464071612,-0.7440588579305155,-0.7436410245581904,-0.14219827967807455,0.037137886513759114,-0.5832266415978924,-0.7892736419859995,-0.2893118004174175,-0.27238678722942394,-0.60405552892314,-0.17565087768566437,-0.9258876438686114,-0.833054643823456,-0.7197705938878386,-0.5836784389537394,-0.460037797639606,-1.0576955080760637,-0.5075668690911983,0
-0.5762503881898523,-0.7923679094427322,-0.8076031507326055,-0.8093188902876652,-0.8109777713443677,-0.1532075038561864,-0.8729333389356149,-1.0864815167211135,-1.2248707338002929,-1.1452579700500645,-1.2164215056148449,-0.3051560826534206,-0.8506157774306886,-0.8035011639452736,-0.7324319602953687,-0.8744994960592999,-1.4429228380215056,-0.6801761522153064,0
-0.7459028077176597,-0.6788854744043108,-0.6649147878412842,0.16962121081135145,0.15449273548683987,0.08003975559702654,-0.632969067319898,0.20924820678433442,0.05730009209309795,0.7600309089719597,0.34606724009236695,-1.2343851225607763,-0.8568939160050517,-0.6631936027759292,-0.44678184177276,-0.1518431360723729,-0.7632559594628185,0.06882505315899136,1
1.6246061854094798,1.6634579579257776,1.663200123878485,0.3995823787189351,0.3399631064387534,0.2628204536037959,1.7043979156759463,-0.3030177786253618,0.0438009992696864,-0.21342774146659196,-0.7206135908174747,-0.19190566203811232,1.5113997746260905,1.6201306763537695,1.6844297281589062,1.0323819607630376,1.1572569713167813,-0.7013563369979342,1
-0.7525843311770449,-0.7023840329571737,-0.6830663450004957,0.06883164461933447,0.16627596852087195,-0.2883186131181085,-0.6734057110693407,-0.38451499167367376,-0.24328358838282177,-1.5283583786503596,-1.5881355264325872,-1.3090189309483438,-0.8448443289179633,-0.6924166741225357,-0.5172226360800593,-0.23145223217347646,-0.832710670076094,-0.7447894820003279,0
-1.1463529983364327,-1.0405697732904045,-1.0163228616974442,0.6114555620088067,0.5363126317317599,0.35235078625357485,-0.9308412704469213,0.2762930621672149,0.6128205354357923,0.3261153867711069,0.3560996219252093,0.036397012793430855,-1.0973812508754703,-1.0630544485155116,-0.9975668960590195,0.8177778005627261,-0.39471093197377505,0.09832077460514986,1
-0.6911876275383454,-0.6613682367593624,-0.6513328518550027,0.317519071706875,0.24233529128348183,0.29496796118518115,-0.5970678261498898,0.5806478147952104,0.353848200301131,0.6497706336462464,1.1105222150916996,-1.2933531849247253,-0.7819009827887555,-0.688277765718296,-0.5731236140278396,-0.17361622509538543,-0.9214490603146699,0.4220743538323866,0
0.14553094510290565,-0.051370709440333145,-0.1236287325717725,-0.9877689114708074,-1.2069741620723085,0.48562081192832146,-0.17904278522473707,-0.48142255360758457,0.8600418271698759,0.09434123800718965,0.2643670339785929,0.9895236004688243,0.18126928412260584,-0.0394446458641426,-0.26321778256166056,-1.0463311934021642,0.955957568343785,0.8686647274777607,0
-0.7005920152551303,-0.8106347022446287,-0.8411836735945348,-0.3947899322800948,-0.5785080588497347,0.49173464372461995,-0.8511988335344061,-0.26064446164877875,0.36367329650288005,0.6532811195380626,0.6661227401395782,-0.9005343227795931,-0.9226326335969139,-0.8220765039835624,-0.6960178593364844,-0.3690920920362948,-0.7662290858093922,-0.11975575630307227,1
-0.6864412544821087,-0.6566267229465191,-0.6316849027116016,0.2857773558699852,0.2512238653441961,0.16292536115941744,-0.5697239058121111,0.34300228751386624,-0.0002314765954970476,0.18809563945475458,0.5289702712891226,-0.8645801302416684,-0.7477882220188792,-0.6660474217193215,-0.5636393225327598,-0.7935224998330355,-1.3885839777915168,0.2534576605797095,-1
-1.252945062814024,-1.1535781504341804,-1.141370619385518,0.14105399410136865,0.2888888597029728,-0.43024796975011553,-1.148831492523336,0.007471497493096653,0.04451829166373171,-0.13725383702011135,0.05269113015222664,0.5140088660182655,-1.2652700978059803,-1.1350691169728253,-0.9698200170343115,0.5988071955155703,-0.45471960992743415,-0.4799887822742957,1
-0.33700560938417473,-0.6499426638804713,-0.7205563791916471,-1.656058726848179,-1.4943482510927155,-0.8248299839769977,-0.9276241088469793,-2.0860642130488825,-0.8361340207964826,-1.4418525832814888,-1.3597731257923267,-0.2571702928097673,-0.48953978708940876,-0.6185994985386463,-0.7323566218754485,-0.9892731507493848,-1.4262342133624528,-1.3238144641065956,0
1.63844455242213,1.5873623409309836,1.554299997974227,0.08848542126357382,0.002659380711181052,0.28311615627075637,1.5437590813798978,0.13986762447847248,0.028343198969487376,0.673312534176972,0.8999399367095554,0.6695132880418332,1.4732070542192486,1.5345642132774635,1.553045616598208,1.942570593720453,0.8030275378513916,0.42866598644122705,-1
1.7191932677800925,1.5014091409952832,1.4800276184969543,-0.5105769403415631,-0.4638423984863547,-0.2446326996663674,1.4040371868549937,-0.6167447716015059,-0.506009519783955,-1.1220276237606597,-0.5419964574798494,0.8428829167647562,1.4164086953237427,1.4633506279735446,1.469186846392573,0.26242911720961426,1.2214979980574487,0.17053884117337373,0
-0.9084594357380017,-1.804140668424191,-2.039226176022942,-4.335288330779305,-4.786039400893128,0.54776992615892,-2.4894705747951704,-0.8658693928959355,0.7992612566817692,0.09283000248744959,-0.16503418442224818,3.183020656875493,-0.745877288663353,-1.7392580792172212,-2.7015871782433734,-0.8985785042164176,-0.6626685893860507,1.6455564025510883,-1
1.7932536421570502,1.634476046853099,1.5521247739358055,-1.1721737839836046,-1.0079637014169305,-0.7378980998887683,1.3491310679928366,-1.2054219675246785,-0.6413407196677717,-0.88701457501883,-1.3272175298235072,1.220322076404552,1.885836746017513,1.6778927265794983,1.4178456397954908,0.24257314215958167,0.9667602342775327,-1.6018842891526117,0
-1.30334846103785,-1.9619472745567266,-2.088127627530653,-1.5397078186387914,-2.785770755368145,3.5578173867872365,-2.0141944623519614,-0.1648538553277058,1.3142630122432613,1.1032523444256381,0.830898955743444,2.4506630556124778,-1.9673640222620177,-2.177487833578717,-2.3291094404439696,-0.5995728170856139,-0.5939904578154345,0.8407664491613422,1
0.8080205726249974,0.5706549294198784,0.505665577681751,-1.4254020307901452,-1.2523217485431852,-0.8149138421517697,0.300133914070087,-1.3353879178011774,-1.0836917538217636,-1.176463206422679,-1.5885267635500233,1.344720884760134,0.699798093575241,0.5977225620974338,0.4765544606390382,-1.0398698748456505,0.9215559805907805,-0.14780761276017448,-1
1.5476668172412749,1.234342219249174,1.1888879164383983,-1.8094940279352156,-1.260420914860757,-2.0545144548090186,0.8822686652711552,-1.6569434282192699,-1.3765280137085318,-1.4254391272976747,-0.9281824809373489,1.48401725136869,1.5822825628764485,1.3351094820745162,1.0449260289438353,-0.35336212585459653,0.8640583272500783,-3.5937638810859402,-1
1.5867917552934083,1.5537680263143476,1.532015110337461,-0.14106686721498907,-0.14352528774602266,-0.019986307448816687,1.4927208354888022,-0.20781769280514534,-0.03126440998206385,-0.3224375920951866,-0.4439971903079666,0.14412081424653733,1.3680476353128321,1.5374014284056148,1.6658488382085228,1.0684997647925918,1.171241601712022,-0.8108213460380569,0
1.5961010914245874,1.619018992219059,1.6098464965711015,0.46023049689587664,0.27676460120805857,0.6582401612669208,1.6915326612342676,-0.04128887241957062,0.13823683972383954,0.08698245231145613,0.3851012378974689,-0.1032775360458747,1.5571807041986805,1.5616845081945838,1.5214546084876748,1.1090396078495883,1.2091756082675431,-0.037212844859644545,0
0.05945876073637792,0.05451440691706879,0.057519227097231194,0.4691423517644574,0.05356657807445024,1.3788295279558596,0.1975066682994851,0.7542237059854237,1.3375804456800373,0.8783160958533606,1.230774142999774,0.463835274273043,0.013739821375620768,-0.006599905517203073,-0.027136460409478227,-1.1795688440089636,1.233623524510901,1.5066571550574461,1
-0.760053516685806,-0.8248830900081785,-0.8476208213459585,-0.2825156439794919,-0.41012577530156213,0.3399345500323709,-0.8706177518816232,0.1592165118623109,-0.10823487510655605,0.32562171246086613,0.5085094067651234,-0.012403058972242921,-0.8894234778099777,-0.8316895527562743,-0.7489903958741726,0.7788487723308283,-0.07577826013341371,0.9133837542347228,1
-0.7125427162135379,-0.7678056623262932,-0.7754999465877628,0.059594308284709435,-0.17991959737840682,0.753435823092253,-0.714064189952522,0.2269849775715759,0.3515132737566769,0.8138674752390773,0.6364515464575112,-1.0802772446921693,-0.9036945079562634,-0.8129807964786536,-0.6972125125399457,-0.20386406268052,-0.7650778338151807,-0.11334984798170447,-1
-1.711899317876038,-1.759077131159182,-1.716041898689328,0.598173743348875,0.015677815751974206,1.9210275705499964,-1.4716769545455044,0.0038915335970339873,0.4450457007097259,0.17340411524850066,-0.31805595930941294,1.5877437971445232,-1.6105574573458539,-1.8139931249126227,-1.9692316219282409,-0.35737765456785703,-0.636999971939772,-0.6032177247047962,0
-0.6683794535486817,-0.7011964464084539,-0.704857833510248,-0.4634224055670968,-0.25513776803616867,-0.735728463937778,-0.7872128382290752,-1.3477988130188956,-0.9088366958907407,-1.4706321008402763,-1.6504890459773882,-0.7763302737665603,-0.7164946605028119,-0.6568516329354326,-0.5772248439636123,-0.4189012909245984,-0.7979633226231406,-0.528392784854974,0
1.7233963527457639,1.7888437564367716,1.7917893693890934,0.24438703077943189,0.4107413018182387,-0.46738534206013427,1.7725892585359775,-0.5468795497895931,-0.1402360467992957,-0.8193770079509528,-0.6088244481433146,0.011482897915166553,1.6537992007973497,1.8069683160582488,1.9111873327338886,1.7298909836574052,1.0379300648479781,-0.38367295750883074,0
1.7337174173739214,1.9340124911678513,1.970141591937004,1.4364242667441378,1.1917748055368533,1.0387205618418351,2.1565052787566152,0.7943362002980275,1.154231400098506,0.42126050823102296,0.2868260424549036,0.07270696335781379,1.9623527498295994,1.8758286925414664,1.7338266475749253,1.3677055201529362,1.2969836835955333,-0.03571980401557258,0
0.18314169917037643,0.5584093161931535,0.6451235421433444,1.6792867515159071,1.7427286518769596,0.132076284115237,0.8444747709010955,0.568213483308231,0.3455206673845138,0.02426492652141953,-0.055576974900053484,0.2066016012909263,0.6750848507442648,0.5384585796397399,0.38378447234639945,-0.9552183511539977,1.460497126789657,0.6822904007341024,-1
-0.809492732927404,-0.7376439677690113,-0.7280043084141441,-0.09609557173625789,0.142539167606755,-0.7578545941445947,-0.7856663190556882,-0.12847822314374038,-0.3126502443658074,-0.18003655838806965,-0.22417740148522103,-0.36689065415272915,-0.7860285952632403,-0.6956711492395099,-0.5836325990268907,0.7322604948866003,-0.18793668974893743,-0.5909727194731383,0
1.5868664475629357,1.5587750492850212,1.5344347762824249,-0.1350848778630447,-0.1371057724395552,-0.020170938335264208,1.497671225710292,0.03446344011002092,-0.18746401641304716,0.5662799670840805,0.3220439371617334,0.3403567766106208,1.3720347000573916,1.5392873111320289,1.6655395151051415,1.1220358983993315,1.2446989978225744,-0.15934083228236498,0
0.29644244322310126,0.4387762265001933,0.4754154753216206,-0.3215723478149285,0.46516552522171567,-2.4994484636876715,0.29795402072057114,-1.3513925522235113,-1.5243357416040335,-1.302033684849056,-1.6930842688259244,0.2480111762621481,0.6843399998141192,0.5633090413360019,0.42381320286111823,-1.376957221583058,1.3314792114143192,-1.0271625242037197,0
-0.732173013363125,-0.8664068559173326,-0.8849854653903086,-0.7150957318839783,-0.6227298653922378,-0.42596776062436986,-0.9377905865647714,-1.4238026528097942,-0.6228089267422366,-1.622987008644757,-1.324341780767028,-0.14280372006630349,-0.9225623439592873,-0.8603284855845026,-0.7722220271561726,-1.2057101483941262,-1.3382414984546709,0.34908084952037194,0
-0.7608683348509301,-0.8803208395068542,-0.9089205707409669,-0.6480292193296168,-0.6068716907953922,-0.2542535034122826,-0.9742525571226471,-0.7937267033851898,0.011616504261621953,-0.8716046154268788,-0.9185478606758675,-0.6023035781928031,-0.9694481234852331,-0.8795380047806591,-0.7626784291336782,-0.8219059848012991,-0.887547955655198,-0.9574476560486298,1
1.6072709167723123,1.5483015354325682,1.5234454609227497,0.17910881960731284,-0.1681727818319852,1.1105763342137047,1.5745178198864276,0.49765731591065254,0.814357205907994,0.8652423815160731,1.1104307602048211,0.08590491152532899,1.4566701511484677,1.5175577809835377,1.5360488114161615,1.1775458024688328,1.2298609283995212,0.715078632543149,0
-1.22520043331886,-1.1194983214254,-1.1082709036142717,0.367667497862111,0.31129283899307836,0.24652764707634045,-1.064845090841272,0.471422585032965,0.5507382628604992,1.2142486320744161,0.9228984262400989,0.4850480146745927,-1.218751630025726,-1.123319804014432,-0.9938373034870437,0.6350648702542725,-0.37380116280074976,0.5498569233220917,0
-0.7807431613739526,-0.7396657893033586,-0.7011846583122101,0.16855599854660483,0.33913862778792353,-0.49531710655972894,-0.686629183625522,-0.6193606483718997,-0.8213869892707839,-1.3739778063689692,-1.6058352050528961,-0.7981278350344831,-0.7646584366175679,-0.7292668557024335,-0.6722737703177404,-0.6577030838075074,-0.7779099153297302,-0.5029443606089651,0
-0.6878807669191946,-0.6614976946782025,-0.6381283815868481,0.29091786498674277,0.23802452681285455,0.2207297361132712,-0.5709875826127762,0.11026821246516721,0.05851229681933234,0.022265946642475932,0.28232056258343696,-0.846543713321383,-0.7525678842455664,-0.6742418883939312,-0.5750782636376149,-0.872181183318055,-1.3844102269251235,0.3588799275034783,0
1.6199209628283069,1.6462941333209045,1.6282820560816949,0.5153860397985062,0.18925597533064512,1.110863289742727,1.7193505430595573,0.8721575885565683,0.8862190957454454,0.94218779067334,1.3251048235644587,0.1490264370287177,1.5508576433655135,1.5603827130545995,1.5253067907884008,2.067058357686629,1.0503419594545713,1.0687456436633753,1
-0.7392620236123848,-0.6663434597244426,-0.6540873023013167,0.2139044764031511,0.18101073835199724,0.1437230061737906,-0.6128007465064049,0.21702520684123594,0.25865584808086906,0.971617135162306,-0.0991111365483834,-1.0791311942371424,-0.8425284127333954,-0.6579364579744237,-0.4509568946079886,-0.2950590568388696,-0.807388033992279,-0.37044490860717066,-1
0.1635859699586154,0.01807880875630247,-0.028458233367144616,-0.6613403642899397,-0.7133709663659117,0.03174636365383584,-0.10780073813032114,-0.6699496045671756,0.03479848666791164,-0.29270040739001646,-0.5464983123363463,0.10740623355324895,-0.0508121433702245,0.015646940433115774,0.08291899079912088,-1.1725016551148495,1.3838555732506364,0.020527944812925785,1
-1.80322029970356,-1.7206401474505824,-1.6640146866127095,0.5510083597975679,0.35522336159251267,0.7141533926318209,-1.480328432446015,0.1960223551775764,1.1097991382311398,0.26392144310871696,-0.11204018847927041,1.1562347937432162,-1.6487231811001306,-1.718446406447257,-1.7401754557549096,-0.15425068278502355,-0.6756240445397947,-1.0435228507680883,1
0.3625243694429726,0.3142451931016091,0.26595330874502626,-0.6861185305200251,-0.4845853817443575,-0.7583900609257526,0.1403220210305511,-0.8178532524512895,-0.0047197990111101954,-0.938990615657309,-0.9546470340581134,0.36047505432178845,0.3569631069588271,0.3280722224470342,0.2892172772821685,-1.297029432726934,1.5585472858204603,1.1528321797023329,-1
-0.7069340199213235,-0.6828713694048779,-0.6797914834392212,0.265447505252405,0.16060827670851893,0.3766231496827177,-0.629896310300876,0.5312393430109711,0.527455698089454,0.780047432406525,1.1893852625975698,-1.1844566122407056,-0.8098442747653083,-0.6998267887888602,-0.5676356010651025,-0.24422154266103266,-0.9288919010790457,0.7371040856235284,0
-1.050822119202109,-0.9428856321173437,-0.9032022149667915,0.7710245683747468,0.6755522504894876,0.44653106317899915,-0.8020329229700761,1.1544430324795476,0.7032671538866125,2.3115443983831194,1.3539580067466608,-0.22081380413333532,-0.9753100504423793,-0.9594634489589395,-0.9157800141430021,0.908849566855801,-0.15253324885131522,1.941641810902246,0
-0.2505599740309877,0.15941562118669392,0.26081403169286976,2.020856291647452,2.0116473695036006,0.4239051872723982,0.48009669303490066,2.048974233881504,1.0348590474588442,1.3222115995840114,1.3524418571656118,-0.05043357137960023,0.2541426802854154,0.16721998651522346,0.07384758311574098,2.1809595024340798,0.2655567385615283,1.2548598450439736,0
1.0384381321930485,0.8332337267995402,0.8047212230675285,-0.6567696197988798,-0.7230817941920984,0.07687075882021753,0.7513230184051994,-0.2726081222387521,0.6929894440471844,-0.010114502845465115,0.45054840435209786,1.5259060227401398,0.804694524607969,0.8435571480531479,0.8589482651194053,-0.6873655890325874,0.9272312106221154,-1.3471224712373087,0
-0.5439088219823798,-0.7575850639575553,-0.7804725371340193,-0.6837850146430006,-0.7886319950001887,0.1909276705966933,-0.8115193111265977,-1.1632262430628137,-0.6939745851114718,-1.062375539147988,-1.6177523883076315,-0.32650020950965664,-0.8501749580952663,-0.7975096823089979,-0.7209563634790788,-0.8461546083246999,-1.4003462713230146,-0.17195046620187862,-1
-0.7363286657847667,-0.7448581422501962,-0.7424097892397851,-0.37205211143713607,-0.17613986426496744,-0.6795342892868911,-0.8079870712961832,-0.7761516948085541,-0.8757778649767571,-0.6474607254485251,-0.7598408398761528,-0.6627497914072643,-0.792707655126592,-0.7138625642493284,-0.6130329020675107,-0.6739719948482518,-0.7632663817249634,0.3882746631104893,-1
1.7982851492481562,1.7282907270000687,1.7071750180417764,-1.2923808094197085,-0.452909458663241,-2.8527052418383296,1.383286976195808,-1.7553546924782109,-1.740791818097964,-1.094928027081931,-1.6288565318158594,1.1826674372440167,2.158859988876807,1.8721737649787027,1.5263134743989633,0.1580466168485091,1.0035647910656815,-2.2864407715271313,1
-0.6658806453779116,-0.5326450560360806,-0.5084491659252518,0.4157226543771864,0.48407310290828026,-0.1303446897833924,-0.46305640650500113,0.6641452744614315,0.2500811546350812,0.34423709763772053,0.254640891616661,-1.3595216538192338,-0.6904770907143486,-0.5245882637263848,-0.34049398836449174,-0.16135469839749553,-0.6311749182335021,0.042132992420045944,1
-0.7659338052184282,-0.8380388642627764,-0.8597366966364812,-0.49342175602592875,-0.44413435809815266,-0.249182460311826,-0.9325581194464995,-0.3690037067143854,-0.691347977739842,-0.037908887359920894,-0.16522722115233884,-0.028609511145936163,-0.8452845042959513,-0.8196564979122859,-0.7700182740442914,0.5829447947890078,-0.18602421364743907,-0.049452513228284506,1
-0.6118648517400845,-0.47863328027249014,-0.453849936611598,0.4963484996394265,0.5029637069930384,0.07662436653219422,-0.39585484764519235,1.0730778679380897,0.13812080835240254,0.8744187569075025,0.5674758870134357,-1.336010481639343,-0.62006771936867,-0.4808620653590492,-0.32521257282409943,-0.16603204573201563,-0.6566849163675285,-0.2805078677134223,0
-0.30113995435351437,-0.28509094813507935,-0.273727088785333,-0.021404339611361633,0.13468949142919706,-0.4876113772352137,-0.3052392382812833,-0.41010523354881695,-0.24447240586569802,-1.3155045625179183,-0.8325254860507918,-1.153997767552731,-0.4434152560428729,-0.2658862302789057,-0.07735527832117282,0.11099977594011247,-1.0399816286133272,-0.8232906950238544,0
1.2881465426443208,1.5041672076198724,1.5551885899660676,0.516342493228065,1.1479663541519,-1.8551194679771859,1.459206653983891,-0.7212911047099239,-0.7121559872890111,-1.9499568681601123,-1.2556595985356682,1.672781329897496,1.5433591285731125,1.595029858664218,1.6019055721165971,0.7620217948657366,0.5248475546558793,-1.681654622377211,1
-0.6337970985334598,-0.49768545496111116,-0.47377071482284683,0.46647006020150517,0.4890296601163848,0.021398699004954516,-0.41994287867783914,1.023876044565086,0.054201482844438695,0.5509686015301137,0.9422287585235136,-1.4309359976339724,-0.643088622460962,-0.49928715614899855,-0.33842579235785236,-0.17161766741834467,-0.6512685763302998,-0.31132580031519486,0
-0.6619423454920054,-0.5676218054117096,-0.5456409690787103,0.6166347698216035,0.46359190101283265,0.5946207062311275,-0.4369823684576493,1.7340637969612007,0.6866148636275585,1.063201468216007,1.3012159602560243,-1.2484926244530739,-0.6582494796240443,-0.5970869639571248,-0.5176270358756896,-0.34745568679488,-1.316769285774404,0.7548458857401374,0
-0.7107840442993413,-1.5123853055316658,-1.682212320553193,-5.089358463355184,-4.070043372271414,-4.152569683140371,-2.425145010168867,-2.1053077813815904,-5.85814761827013,-1.0256297124779665,-1.406234131250725,3.1843768298995045,-0.20606734709329166,-1.3188191855558584,-2.4148524206068838,-1.0449987035831168,-0.8217183641620837,-0.5148920624069927,-1
0.6215829175453826,0.19877048753456197,0.09506010396534924,-1.680208598604971,-1.927392436237245,0.4367932819781547,-0.06178307251650934,-1.0477530626334128,0.018042155215567613,-0.7130657335664473,-0.9039920024372732,1.552168807568409,0.3113715242273757,0.1781348813598672,0.03725580198972943,-1.104472791422014,0.8058964013482914,-0.05756416753651473,1
1.6079974387075981,1.6399833114073472,1.6291658664408208,0.40565480443786617,0.19974611354275368,0.7170677807265549,1.6867383048011002,0.5977584738136992,0.46625926585039074,0.7376843505662662,0.9647489544171632,-0.20310218368982683,1.4723270006591458,1.5992522699981684,1.6826903860848246,1.1598293181141723,1.2497217190830938,0.18186353436407346,0
-0.23657225356220607,-0.16388889975768584,-0.14474906627151513,0.4241016946919855,0.3902026340819802,0.18796205693863366,-0.08571648639233866,0.679858858175523,0.06702196131924122,0.1485061035732613,0.6131377341590699,-1.3599211516440146,-0.3043927179154604,-0.17973557775227117,-0.047552982426199805,0.2490967828548549,-0.8847835126649823,0.37983600264198175,0
-0.7373947272351943,-0.7015685764016225,-0.681471783070322,0.25466722444666,0.21834189149595384,0.16232600073819534,-0.6271034500126026,0.4537542968624854,0.2660736929850939,0.45335301210333817,0.5309455441791965,-1.1998444110209776,-0.8425383760162767,-0.7009116138278523,-0.5364797728892254,-0.02800656763562229,-0.7502472666335716,0.25501124385171253,0
-1.4858681962695885,-1.921887495183853,-1.9439477039199944,-0.6161538343784324,-1.3724954878752538,2.2218429363486414,-1.8138675775465458,-0.3685963275686885,0.8414696856540665,0.11702285099684118,0.3477616395279541,1.862729278621995,-1.8819972225942108,-2.0092422013927043,-2.081239680226207,-0.8519799577834167,-0.5534401502693135,0.6067822506001638,1
1.7688633472689639,1.5003427626859691,1.4049871708041348,-1.3096782535992173,-1.3201727294385008,-0.22374005118676235,1.22197555242059,-0.5347671927877407,-0.5717965866810684,-0.3963164654876196,-0.1388096462782646,1.5484007282777041,1.5205820649300674,1.47373147587125,1.3836961796971214,0.2891267175038185,1.139067208012768,0.7932427144073623,0
0.906865041831802,0.9368217349517863,0.9625878803165596,-0.09502069110461177,0.23545285291758278,-1.0420696431264944,0.9063742910647858,-0.85843390344389,-0.8397055054234767,-1.6880638288644343,-1.6121920906811293,0.5962408990885182,0.9554427702845344,0.9542411599641255,0.9256306928435879,-0.7658620933156076,1.1568852942110868,-0.31497737460635145,0
0.022275790609010776,0.0513336686807303,0.08348046880988345,0.32636375045263144,0.3287761537781515,0.0563825767477523,0.14884597346633824,-0.4476818641249419,-0.5377182036399434,-0.6730780709010745,-0.6584694259038031,0.7507369159888719,0.05877249467113627,0.028431088722959755,-0.0033024362587946074,-1.0179385017543112,1.444028694154754,-0.7196678832417404,1
-0.727779845948192,-0.7630067046145084,-0.7522646011056078,0.05592490143739648,-0.05815686075536278,0.36425376345672206,-0.7145310827003947,0.5611613320150654,0.4374325048763119,1.089302427173909,0.9743412977543596,-1.0602340970187913,-0.8957355892204469,-0.7785171841457827,-0.6367299776389815,-0.2032387166745572,-0.7986695268667166,-0.5782191679404216,0
0.4082629458456067,0.20720983867074763,0.2094182711377118,-0.8067890395985273,-0.4757898302357967,-1.1829567169873716,0.10887553240020194,-1.4933566845266049,-1.7441042567865894,-1.7836279053022195,-1.6308442274820825,1.1395295559573952,0.32206909236299336,0.2033190746492658,0.07647894538299146,-1.3794872879548612,0.8244790951142809,-1.3273578381030915,1
1.6855411729146053,1.5898005052355848,1.5576955285765843,-1.0163273284735241,-0.5827421814926252,-1.5416626461333969,1.3350235543231583,-0.8456197793475074,-0.7106928516862318,-0.9475773177314466,-0.5552967230813248,0.6787120046124843,1.7262359430844687,1.6558126063628873,1.5365313303887673,1.071835769731536,1.043684775708635,-0.6101984779386556,1
-1.1018502272393582,-1.945848082067178,-2.1721771808954764,-3.2552792546856497,-4.056117043300713,1.84329689543559,-2.363429762625093,-1.2496256168137208,0.6685061697255029,-0.09926498845491603,-0.08364959604548969,2.732572779968894,-1.5173756731062213,-2.0536860309156713,-2.541241316056457,-1.117334168705465,-0.6443667794498268,1.1990519286668881,-1
-0.668549187042839,-0.5990215906974504,-0.5564477785967114,0.005712640610496028,0.3892196393953054,-1.186605879953208,-0.612167813049058,-0.40166611748783493,-0.6150552154042045,-0.9486451071766434,-0.7216031331058894,-0.16888116184681556,-0.5701205858240197,-0.5201155218651128,-0.4542339448916304,0.8636561013693802,-0.05356977504614124,-0.10049922346265092,1
1.7349668266397948,1.5273270250776063,1.4973620515205832,-0.38859984803402614,-0.4239945446745931,0.03358715862691757,1.4555013694240526,-0.886839096906193,-0.5810523991807887,-0.7526113209089935,-0.5673799142517297,0.8203589388846048,1.418329422044347,1.4683908026740569,1.4772610563173338,0.2998514369163865,1.0369007522236473,-1.5515263686783594,0
-0.7345496345544898,-0.7875563879150286,-0.7927931510425297,-0.5731496942286913,-0.3506272862994159,-0.8012913196663468,-0.8867731203448972,-1.3614342759177083,-1.370817993612766,-1.1395569847589722,-1.776377170355322,-0.5094193206277572,-0.7819446031554709,-0.7466571875588551,-0.6892711554490326,-0.7528881112587159,-0.8204643671344325,-0.28127911900003916,0
1.7563286913927074,1.5576622602363417,1.505468344988213,-0.18226656434234098,-0.6265725557500458,1.340357565964108,1.5292521279405695,0.25537157550614287,0.8798251747366671,0.7771578070439058,1.140898401227694,0.6600591132747194,1.4423871832118993,1.488851999972786,1.4934701711876335,0.4948673239808827,1.1938202245549165,0.19648387810729132,0
-0.42754573632296383,-0.7260717187004678,-0.7728882478518949,-2.1696670240376865,-1.4402876851207376,-2.6833926228016476,-1.1346208592550358,-2.6702928855924397,-3.9036189152212115,-1.6865393579641998,-1.8522107972003772,0.9381603576490336,-0.1472041786748899,-0.5936656103105964,-1.0315673280110398,-1.0148496607520385,-0.8692725483785118,-1.888168386856615,1
-0.38800657684713813,-0.29909207062966797,-0.2890638379774311,0.27531807404858816,0.3005017566324809,-0.024127419249517987,-0.27076568006518836,0.22199673175420323,0.0751413692666047,0.3559834099127269,0.1549575051242857,-1.2605615630004152,-0.4226924581979765,-0.28122369901546124,-0.1289976044888884,0.04531542861504561,-1.0096019214306804,0.42973660822567006,0
-0.5034801624328784,-0.7332645080426256,-0.7714665582866499,-0.6954799291193737,-0.8663631804037868,0.39315427775260364,-0.7876395966863845,-1.230563449478642,-0.1278355419861633,-0.5978909322676247,-0.6911421940595063,-0.3397355583784866,-0.8312398764258794,-0.7824725592732777,-0.710322773910206,-0.9604045445873675,-1.4629824330216739,-0.9424914154103072,1
-0.64908856122156,-0.5230837453589382,-0.48798420401594067,0.5688093353004323,0.5801537421310299,0.07615513236946497,-0.41182469682727213,0.9687420958209368,0.23140706169976635,0.1301107781324382,0.40062039996510534,-1.3305359852314653,-0.6108892704139964,-0.5345518516352662,-0.44142357012507255,-0.4123571122517794,-1.2975850493307186,0.4241654506013935,1
1.362824845576495,1.0083073974218202,0.8976942485098625,-1.8692148546197802,-2.0074975792464804,0.06254635381039587,0.6776626349923426,-0.8859188079620253,-0.351197598341718,-0.17022629610996673,-0.4300204097047556,1.9154843648205606,1.3060595611042274,1.0380051413798344,0.7350705059375781,-0.60999407017479,1.0561166847710948,1.38213615801467,-1
1.6969079085941885,1.5437801851753974,1.480297355845827,-0.5320222578819703,-0.6958689762999327,0.4033429540792689,1.4178985726567592,-0.47041418477388175,0.7125832648184145,0.5360811057260074,0.42475597054294295,0.5445641655085722,1.4351996311624093,1.508645657687322,1.54018933363141,1.1044256449630114,1.0013918161076163,-0.8204013931749379,0
-0.48586649439466045,-0.3684917371015522,-0.33734967061539944,0.5092676266033297,0.5944946404632758,-0.16430923293290106,-0.2908833686908881,1.1799019069350887,0.07736824119179883,0.12113151108957537,0.49501959134538925,-1.5109739263315627,-0.5127895966932111,-0.36577210883737826,-0.20546543934206396,0.23069050573710523,-0.5887002139391199,0.1508520386985083,0
0.12272274003031539,0.22715383165304331,0.2457294234412543,0.0129429254985495,0.3313547236064561,-0.9835910152403549,0.19526569916188552,-0.3351684304900027,-0.1729843855938478,-0.982516356558228,-1.074146918908435,0.13376128365610473,0.17111176401601355,0.2736648050151849,0.37031128938680236,-0.7866865402378419,1.4395228999105134,-0.9265139538626058,0
-0.6988197290196461,-0.7017498976146611,-0.6764181202440215,-0.16520771885350496,0.07965839583080986,-0.7906751501873369,-0.7132334150314412,-0.9841259568304699,-1.0580703589275882,-1.4938024027456562,-1.661104636869149,-0.599695651173094,-0.7363406469858661,-0.677129144161572,-0.5973601242869717,-1.041030270576987,-1.5301978141127042,-1.299219147456494,0
-0.4784516314783707,-0.3659913491957022,-0.33490934317495025,0.46376891618732385,0.5742471789222627,-0.25141443390092155,-0.29801543614008646,0.7118751985957466,-0.03860413622060985,-0.622133511219329,-0.025899083328038506,-1.4801805377178925,-0.5183145710581852,-0.35851221795341937,-0.18538625911185821,0.16236419547291697,-0.5573090020209832,0.38785696487247207,0
-0.7788690474751434,-0.7421121310529992,-0.7393776046178374,-0.14402778732687752,0.08417026397333868,-0.7349101523207612,-0.7899657418830357,-0.6340865308901593,-0.5230058233201992,-1.0001487930048905,-0.7159429720674308,-0.9095606975624498,-0.8211609410287297,-0.7128278053158006,-0.5819798328923267,-0.5289933490434295,-1.0901994845401632,-0.951391605048239,0
1.5506340865404116,1.5511845168324152,1.5599263502928102,-0.3591143192741948,0.1708663317733607,-1.7116149147441124,1.375849185467402,-0.4661851513954624,-1.1185004561592555,-0.8326604576330299,-0.6366920367670196,1.9358121180302847,1.7333755467752363,1.5894389313376256,1.3971532756902925,1.5343209253022343,0.713068520995187,0.02264116103121109,1
-0.31980613168672445,-0.29728831945165457,-0.29948202786241135,0.21496417558348624,0.12558722276174028,0.31885920770512227,-0.25868362395695765,0.5309069979681551,0.3819908492157313,0.6749733931003684,1.125227757023939,-1.1648585749733305,-0.44165585260868445,-0.31665532396323237,-0.1801933205932772,0.17344301794661904,-0.49509693131322086,0.1090081486258446,0
-0.7742381682083936,-0.7377452676692581,-0.7201518361164152,0.5582618168870552,0.32291681783497117,0.8380901176475937,-0.5906074190333469,0.5220427579138808,0.6241605434475114,0.4237884848255281,0.5943690646332747,-0.7865897944008776,-0.7547144283748388,-0.7923861065426695,-0.8080322352119518,-0.3597802438376518,-0.7198725101785355,0.7378329487044414,0
-1.0825186059191032,-0.9016013997499006,-0.8518445379977594,0.8289498699608245,0.7614842063200796,0.3711274961153564,-0.7154904353546686,1.5365887252170163,0.6968589824141433,1.2727013439059895,1.257513228910487,-1.087861872566624,-0.9728277060973688,-0.8969616970634072,-0.7939128737329942,-0.6881761309395232,-1.054461387746346,1.8366281724339193,0
-0.373081789067978,-0.328154043211244,-0.31515843276852956,0.0055407362966335225,0.21067162039744022,-0.6342075719347173,-0.34738997785035414,-0.7328650926622572,-0.45636051809250877,-1.1856146585423848,-1.1074353389900733,-1.1663769542262392,-0.47179159769424683,-0.31176529664716357,-0.13975274042148464,0.09975452502767737,-0.49207243431817876,-0.10046884639747061,-1
0.1309320617956499,0.2249234439107723,0.23894480230895693,-0.006998733887016879,0.26363359993938246,-0.8395193465838546,0.18942609784492553,-0.23477559018090263,-0.15859782413111084,-0.20331385070715735,-0.8833227499982695,0.27703238221280946,0.16690678294764696,0.2679403595853676,0.3632028132675107,-0.65055055607566,1.3820052574702766,-1.2165341517010115,0
1.1281090665693658,0.8826876129042711,0.8499288439344135,-0.6869793789354811,-0.9407647607392725,0.6515658457010921,0.8073552917796003,-0.1258020693465889,0.13792856688076566,0.19868782732815632,0.5079386688401509,1.5056636563395207,0.787669074184628,0.8618653754870599,0.9127357050777828,-0.556597453174137,1.0836152356718698,0.7031586792518877,-1
-1.0195873434381995,-0.866384949249497,-0.8214644914396217,1.067967531058338,0.8493170567143994,0.8861121445600632,-0.6685770755167344,1.600926928175588,1.307423465931864,1.55294207153922,1.150521107981595,-0.33728111096067,-0.8880608213134823,-0.8797049342421627,-0.8459434708434123,1.001759128036162,-0.09972457368983063,1.932862629991177,0
0.24070873774713855,0.555100789265724,0.6323301058655122,0.8415304835861991,1.336934331127588,-1.3696214707710723,0.650245043241642,-0.3584351211957316,-1.169907513339732,-0.9530555343391671,-1.7825575802936375,0.26489969354577897,0.6103515327221397,0.6085873399046667,0.5893236245851733,-0.9418017402706884,1.405925713870582,-0.3337481547919378,0
-0.6878061160935686,-0.6598693855970597,-0.6468869527048536,0.28472228897885926,0.25444813284800116,0.14946580958518804,-0.6021828209233232,0.0906504891603257,0.06754223868507679,0.11297407754201194,0.28449839046540143,-1.2349217139119644,-0.7776053516518904,-0.6835379621845938,-0.5680672324720569,-0.23419794730951013,-0.9372354187355124,0.2165973670037104,0
-1.2745038482597668,-1.152690001998857,-1.1391000895385814,0.21371889338515931,0.4094612905921163,-0.5644008427392373,-1.1399774942661975,-0.35719594184383546,0.04929848478249489,-0.7560276386880121,-0.9004824211956293,0.5839090097411779,-1.2454320338026081,-1.1490381206486922,-1.0178371661620336,0.5354698432797002,-0.48872202778960655,-0.9016951857876349,1
0.037913537807045365,0.22754675047087403,0.2650932830744009,0.6264597303986054,0.7335177530196945,-0.20899110364038911,0.3363385564907254,-0.08817919777583519,-0.584720174713901,-0.35881855626201486,-0.2526962269425498,0.2821747144262595,0.18641416834543206,0.23683138004637333,0.2814090964770425,-0.7979831360941415,1.4886083011885372,0.10025577327761201,0
1.593222045828464,1.5704736522763432,1.549963630897823,0.015423340078351081,-0.10594523738704213,0.37889685391785966,1.5416673569146906,0.43113292286656263,0.5890572065980734,1.4273433005614526,0.8505543182828268,0.08391127752477687,1.3891448370449397,1.5444443491885804,1.6583684679516646,1.202478907209406,1.2516589147233117,0.02898511040411713,0
0.8043334434975705,1.1305384655491442,1.2080263808002285,1.2853639790771276,1.655226960991535,-0.8939835998181627,1.2377202512776446,0.9131364707343842,-0.06458319533918751,0.34505291963595924,0.47916978006121413,0.6298652331276029,1.0917025244613998,1.1897449131956528,1.2555042464553217,1.5193915861417602,0.48436820661253593,-0.23821939166368952,1
-0.6650318950193201,-0.6387557087621478,-0.6174635425878977,0.2539169871207262,0.25129475880788515,0.05780048950525765,-0.5874341009489102,0.5485879220516389,0.09362967472045515,0.721797211876689,1.0618928085696153,-1.204453519484164,-0.8017390219395493,-0.6324684464015086,-0.4418321207960872,-0.23345397677806742,-0.8376512286488561,0.7608883293830783,0
-1.0920791542526593,-1.0391237691221102,-0.9913136394266895,0.5867255756454303,0.39481894851935256,0.7091302071254518,-0.860745521566442,1.0012701922082925,0.5667269993883631,1.2870352678017642,1.281029161675266,-0.7657469565811456,-1.049778431506729,-1.0514386536603453,-1.0229548651286526,-0.9935415090482951,-1.2550373090886944,1.4618689240460356,0
-0.4474137453243676,-0.33082990741411233,-0.2988964315934176,0.18874902685034897,0.4990935866825173,-0.9242098670909494,-0.32684241127061003,-0.558866743472484,-0.5256889431398793,-1.1816195407734174,-1.2425353448084075,-1.2239109461585156,-0.4429565153064047,-0.2907366155772447,-0.12728220817581537,-0.13154063706225022,-1.1094021909459442,-0.6026204846417089,0
-0.2669582375236257,-0.2669912578563237,-0.2678371995033887,0.07238831188389361,0.03646566316160031,0.12541560422032888,-0.25477218021568404,0.37145734717860773,0.12476417590291321,1.0717067411167065,1.1392341283267948,-1.2241081887843634,-0.467434775422038,-0.2759832344271189,-0.0729756093000382,0.10356467396548011,-0.9622807930472335,0.14798475841474112,1
-1.0939532474295188,-1.0237911251830594,-0.9743012899194915,0.6286312474543567,0.4495621153477237,0.6775713441944483,-0.8417705969069152,1.0209520861870223,0.40052116813078464,1.2256656095822092,1.1751242840055613,-0.8391709981093869,-1.079540199586374,-1.0231835439966905,-0.9363920695905571,-0.9331389629831042,-1.2512863438119646,1.466337761423533,1
-0.4257938508474603,-0.7124804378878593,-0.7825764991079702,-0.9539126512024062,-1.3650958172819743,1.0868016692341933,-0.8216605611210892,-0.3890974540384091,0.3351069714290801,0.6269661592441675,0.6377110549870474,-0.3558883996889396,-0.7896820092050681,-0.7574551681155122,-0.7028779348708839,-0.6827215273858138,-1.3834451122175062,0.05429164192912903,1
-0.7899302483598754,-0.7380340457412048,-0.7273458134306994,0.39619921442791034,0.19851388636176615,0.6897499671318743,-0.6355643902218094,0.9834905143516263,0.5692163703442881,0.7797866551103346,1.0490767287164573,-1.1418760435337996,-0.8266514626127532,-0.7830399921125182,-0.7161276752637793,-0.3195891922958721,-0.7130378254669986,0.18122522964962848,0
-0.7910913821178593,-0.7784419664222928,-0.7449405198020442,-0.18904387423199367,0.13753956134803005,-1.0484178011239227,-0.8014242246885231,-1.3501339553177283,-1.2177055842238091,-1.7493833131651104,-1.5146900878105087,-0.7037236635630708,-0.7742133603513891,-0.7232253079606945,-0.6505129705232509,-0.8067192127153805,-0.8263549730351527,-1.1477170580098297,0
-0.7738986597761776,-0.8889840821386877,-0.9139725581800068,-0.5226198947567756,-0.5874446105767732,0.09851078702842772,-0.9525540679918392,-0.7167874153140179,-0.5067599013858216,-0.46245005147761553,-0.7138681289038469,-0.6351529718113335,-1.0166309389930739,-0.8966613004306243,-0.7486799643331082,-0.8949531970765269,-0.8837205672788282,-0.5340998577234038,0
-0.40677459220464796,-0.30933039383646516,-0.29512016923620843,0.2654607952271927,0.2997257913710725,-0.05418090294098467,-0.28495531632607685,1.0447865677255193,0.12306409030745642,0.7752057977724869,1.0249378423336721,-1.270379806115242,-0.42697613717500743,-0.2834767501592595,-0.12911680630315606,0.19652912112031676,-0.949090295116411,0.9542557967769513,0
1.6670990516680277,1.7559518808427375,1.7793227764706885,0.7326454306267202,0.6704779956744027,0.33587666769584024,1.8559214255494636,0.41103479690622596,0.08105377795920822,0.022317247387623355,0.11299205639832535,-0.06346938538144947,1.6950620316620806,1.7076831289014462,1.6715346095055832,1.8402843834812614,1.067772257769542,0.3806333790538367,-1
1.4981528776472268,1.6824736318615452,1.6912256944878554,1.0817718466651312,1.0652745202368596,0.262743428149092,1.7786700782205638,-0.03173671823274499,1.0610306187550183,0.15742379259186207,0.2841407544639283,1.577635406380248,1.710464404928721,1.6419103744716228,1.5249328860042,1.4790096730500293,0.7108842764797305,0.630734798843906,0
-0.7993685889920765,-0.7620628682066112,-0.7615927143120831,0.297887169713982,0.0818680712124521,0.7272947951000498,-0.6771242818662049,1.0915816027775493,0.8256195709778196,0.9582198214478125,1.1880605752472202,-1.0873926718141136,-0.8692696405845952,-0.8123465663888374,-0.7310287878656165,-0.310831515387904,-0.7358515368542584,-0.06485106590807074,0
-0.6906375840920105,-0.6576835727275455,-0.6449099158423309,0.3020003522589252,0.15092082591314848,0.5269812879135751,-0.5805241098865135,1.1043275573071294,0.5354137161307435,1.5532477453876612,1.1433611657927918,-1.0055893270987761,-0.8021007580291837,-0.654832206639816,-0.48597388796411006,-0.6655153055422476,-1.3817014077268233,0.9479202854067538,0
1.6405562952849588,1.5847017351798443,1.5556851582866116,0.05108751440429463,0.013028490861075466,0.1278644212486957,1.5355358152047909,-0.2559750932700176,-0.3352589374641838,-0.19419999977522134,0.19961959064439058,0.6819085703580204,1.4500903525709645,1.5258690346162653,1.559295363364737,1.8530324477851496,0.7882537094681384,0.2833014382387481,-1
-0.828471252216107,-0.721687209292393,-0.6984444656051664,-0.0011361324698979246,0.3878414527725561,-1.2048882983092486,-0.7576890710998376,-0.8405990048783736,-0.7192782976546352,-1.246790577488777,-1.4860983142502187,-0.378804450064382,-0.7719122358272364,-0.66800015262826,-0.5429437077219428,0.6709447170267446,-0.20509133995207718,-0.8060196737309545,0
-0.5609113997089488,-0.7792730734689353,-0.797724481545887,-0.7891002719704698,-0.7986578793829252,-0.12478928064883572,-0.8551795643970739,-1.5476220680579627,-1.1529479348684442,-1.728793355182943,-1.7549693961239237,-0.3183999495779879,-0.8452118916276823,-0.8069725582312927,-0.7448475449732687,-0.937892088372707,-1.445362711387708,-0.569641527074981,1
-0.7800573477098515,-0.8595097592444746,-0.8755019551733014,-0.07909015546706995,-0.37535319062992806,0.902054303090294,-0.8292771111674625,0.5425225457645323,0.8614587274992913,1.271027179210133,1.355707393490652,-0.6716148150813831,-0.9924013549732067,-0.8906864990075118,-0.7614780666221086,-0.613495795346345,-0.8039364649949734,0.2569296020239807,1
-0.22859380540512086,-0.16300832324423795,-0.14110605772847828,0.3216410450866385,0.3812404723939545,-0.12165000174101712,-0.10752730934412176,0.09067993809965602,-0.06557149573094015,-0.7280635814489474,-0.27660005427522627,-1.3373967923520815,-0.3028820612260962,-0.1703895397200429,-0.03049099794516801,0.1290710715620293,-0.9175438624528497,-0.019918332890539323,0
0.15707423179826382,0.46108083946443956,0.5353380757574892,1.8383447223679192,1.4927026621834356,1.4301319167113615,0.806004857027427,2.0238182959196798,1.4091833326646035,1.2154496585497339,1.3753854541843809,0.2371499925445492,0.5722824188662279,0.42153278103114344,0.25582279860413154,-0.777071225715807,1.4637943679801586,1.039223034665481,0
0.21141596099092078,0.5536739166836774,0.6389227934711812,1.094280603586887,1.5289591648895609,-1.1321037480891694,0.7064459670933555,0.18960771513473607,-0.37477824883749694,-0.6883411171337986,-0.7115251976324664,0.1423640734364083,0.61584540405928,0.5898952383742355,0.5465227214054014,-0.9085790828689664,1.4245502041859277,-0.2576337014199223,1
-1.6083696468100117,-1.1942382278717925,-1.1103590716737848,1.995549334190393,1.6852715961715048,1.35136582741786,-0.8008797247112858,1.3501013688677708,1.5768006608255796,0.9872937319793795,0.9050653326138114,0.743215585410257,-0.9372930112417878,-1.2644118827208923,-1.5614548503541978,0.5603438128090639,-0.2449866975367023,0.8598531715700177,-1
-1.0870748136382762,-0.9701329469268158,-0.9201638162191373,0.7797179145256321,0.6195063837979095,0.648729682585365,-0.7720492919186712,1.264873667385249,0.8100892851164126,1.0487452988779866,1.121714025623228,-0.963630063879137,-1.0401861820737364,-0.9656051798435545,-0.8618957460458342,-0.8415077138534374,-1.1770403623999997,1.669645002447015,0
1.5808435609299527,1.570127295878642,1.5505697385553536,-0.0634572128438901,-0.027461468831511942,-0.12389459109095448,1.4752510146366273,-0.29430076551774687,0.27750904933555526,-0.012537501674908367,-0.20827265638208922,1.3274366163203586,1.7300331442363215,1.6267396824007245,1.4747984672902503,1.680510249473074,0.695919176344878,-0.05984274596965405,0
-0.6946845291628594,-0.6803009700999804,-0.6661285066469338,0.35201247659333135,0.08511348259282063,0.895459887846333,-0.5665134284869676,0.6106602341665988,0.9120013519938318,0.7034212966287361,0.6830904333119213,-0.7364030076088854,-0.779012031557093,-0.7040658294040274,-0.6074902530481352,-0.8181687810940899,-1.4180567286349142,0.5714217831651199,0
-0.7390922175914014,-0.7662910301103536,-0.7746351659163013,-0.39387834370429614,-0.3206792608405966,-0.30376120447953203,-0.8220574326209827,-0.6356985492642896,0.012560967810329511,-0.4358942278634026,-0.8750778343514304,-0.49896674145207276,-0.7580267511149685,-0.7218733957832975,-0.6643162573043129,-0.9309768096918195,-1.5206518144259469,-0.2830063815346137,1
-0.8580084961799099,-0.6775044401209335,-0.6367734508775408,0.5076072985473579,0.7286306414255261,-0.58519615915155,-0.6153910507717881,-0.26354854428823216,-0.30198573373114973,-1.1272755479462042,-1.4179126101352781,-0.6702832634332478,-0.8143624701603935,-0.6289136255836998,-0.42189383505262545,0.883092464291969,-0.14450048840918678,-0.030622243405335575,0
0.2567403159698615,-0.10283354047799435,-0.18678497084221285,-1.255149928973836,-1.4198611100499532,0.26453863819141066,-0.29786185563226536,-1.0777729454587508,-0.36219816279228517,-0.5136602769871945,-0.8571485990802039,0.7578005321474803,-0.047898382869534045,-0.13065212783847704,-0.21122769966470586,-1.9202547154565937,1.4348827366672492,-0.2492070016751245,1
-0.37171696890041855,-0.3442146165393017,-0.33245006110031067,-0.12891624374417754,0.14116319641089922,-0.8616604676022285,-0.38939898467569006,-1.6514619716255607,-1.0968717765860765,-1.5665754999190131,-1.7062593704713325,-1.0655090924807036,-0.45494555193111597,-0.32052722162698827,-0.17435745687281726,-0.008030905750926362,-0.5467771684190861,-0.43864960486596744,1
-1.2737704932613991,-1.9741419581868958,-2.120913180348217,-1.8357986561851676,-3.073016362691672,3.472492812400121,-2.085735630680879,0.08066247883163699,1.1128776563902372,1.4939074610826593,1.2884301944708885,2.5810494406333007,-1.973217696872717,-2.1789898804075705,-2.3261341167300476,-0.4572297603648127,-0.5521255515050777,1.020370069294607,-1
0.36659847062956974,0.29309690310860004,0.24346053992862282,-0.7751530974911464,-0.5524549323335162,-0.8413580630035148,0.1058099748959349,-1.0814251712271505,-0.07932957288637157,-1.1762019833078299,-1.5269445995387998,0.3475998279716927,0.3406084909201384,0.30707697820136576,0.2640958302694168,-1.3758085112527392,1.569889775258384,1.2920826951609963,-1
-1.061014158607295,-0.9660059291584427,-0.9279797689483238,0.667254058572035,0.6394593754745279,0.2166300708374718,-0.8456091683642266,0.7758413223736422,0.3153342088721396,1.4531136734248307,1.316528726911412,-0.21188261504019873,-1.0123260177179156,-0.9792403500623881,-0.9174229054821049,0.844437511829389,-0.1923652326428944,1.6519862028255523,1
-0.9078754290152738,-1.1791139635259313,-1.221210695679711,-1.9582538246692807,-1.4755218557946856,-1.8781607070183377,-1.4926326653601598,-2.918455194906013,-2.4810759808493232,-1.5297661323658103,-1.8559747344047113,0.044332123479300656,-0.8072787878322136,-1.083699166357996,-1.3342672294130666,-2.341984379206065,-1.945945426385416,-4.843820463581616,1
-0.19907014467967893,-0.19563258622781565,-0.19749979385217992,-0.21146863450253867,-0.0445616807970319,-0.5582861942616749,-0.24615981166967507,-1.4537647653999282,-0.4267511886546918,-1.760948998293995,-1.565136247245904,-1.3276146913303644,-0.35329655345607486,-0.1750458912559807,0.011613347863940079,0.06945180146806702,-1.0534433532945915,-1.1955984907371027,-1
1.7043499379871994,1.8481262333183786,1.8692288215313893,1.2853176991255573,0.8493823610605595,1.6015697761752101,2.052423681495792,1.8354868756142557,1.194889899291418,1.4393006753632702,1.129552163083102,0.06502676082610963,1.8417037583265754,1.7812666796371521,1.6685608532263014,1.4776297334207897,1.376887690350831,1.2796091003826149,0
-0.655593554387119,-0.5985482092500802,-0.5805827755634874,0.35352066425552914,0.29852221548931757,0.23949765584291305,-0.5284571248344127,0.9281144274028167,0.643274857097123,1.287082674704695,1.1919550406589898,-1.0622043275891027,-0.7613044403874656,-0.5954180258657292,-0.4092934452623515,-0.10599918326264876,-0.7575728708788259,0.9983124848483345,-1
0.45800772796497935,0.29442719100804304,0.28690690025403365,-0.14271774107923604,-0.3410227356102077,0.5862287584754753,0.3365331269782697,-0.816623978110638,-0.4967117761833758,-0.8159341187945269,-0.7674163543846481,1.003897295886518,0.27243789895565335,0.2295381032701143,0.17923608393159016,-1.1316324962109983,0.8943145667187047,-0.2422317379384631,-1
1.60624560503697,1.4950931023302703,1.4693778039021903,-0.2627199075849912,-0.40786204904947515,0.3981043755024832,1.4337418768939985,-0.1864605273518524,-0.3128572753601968,0.2258971833693891,0.4673362203578998,0.07952160699456393,1.3873764838963276,1.4909382235189785,1.5536776845908515,1.0567789534690535,1.1724963748408788,0.6469344635942639,1
-0.5109222229088168,-0.3837012316839415,-0.3546555760550894,0.6069093720370746,0.6198172757027846,0.07876733114613076,-0.2844358971170544,1.335175114904493,0.17640912657078875,0.6043103209616285,0.59872322870612,-1.5956986471452623,-0.5134227669103748,-0.3912234147311555,-0.2554757297975253,0.1572240354374946,-0.6082575794259435,0.19782801783674217,0
-0.8597671266502072,-0.7105589779827065,-0.675134570232097,0.2804963072732414,0.524579427463642,-0.701047211947869,-0.685112768793943,0.10434846161526933,-0.3568641769866924,-0.40095649450253634,-0.49339491721706846,-1.3381703276173629,-0.7818090377474634,-0.6551659891649001,-0.5073152612762949,-0.5782420027859579,-1.008496649409292,-0.5673580023509928,0
-0.5911140980207736,-0.4588851320856694,-0.43320406919439686,0.5270265949249566,0.5199238793807849,0.1251110980756707,-0.37093610803027266,1.4405892081917784,0.5671918934092877,0.9933711685520301,1.203501400206011,-1.3839683543610455,-0.5957797523571373,-0.4622700960395456,-0.3129583413788257,-0.04884057534050724,-0.6616710674255211,-0.44606234110004817,0
1.5380179623169086,1.5969839302885283,1.615145991003779,-0.058433341439646125,0.6104374241975384,-2.08292955482393,1.4712357671104535,-0.6825386000800931,-1.370865447994041,-1.4462534846142312,-0.802245590285326,2.026080495683855,1.7359509114874399,1.6112686700949646,1.4379765208980881,1.4189569808092388,0.6493074500746253,-1.0827592057363078,1
1.741743391323811,1.9544307483780465,1.994711298634015,1.4176429191399722,1.2548982411614313,0.7813863234468518,2.16873435421671,1.0103879438599128,0.9105731183272392,0.41488695739019155,0.5829631776593174,0.039805683280669524,1.9891749317972436,1.8981757725666115,1.7509723006428595,1.4313998082744295,1.3046620986924817,-0.2140967630393406,0
-0.918821244900758,-0.7079918317090648,-0.648134128413027,0.7514590720733672,0.9746130720667789,-0.5440846672817677,-0.5955232334915367,0.5047477459402422,-0.31418857454964594,-0.6035584717597299,-0.7545738679815328,-0.8061389757400578,-0.7411205935358469,-0.6850066867860817,-0.6081680048440573,0.8366592839885176,-0.14145333750911154,0.16060697635884708,0
-1.2912348285654405,-1.1484093263937587,-1.1330485302281992,0.3264312779608688,0.48681601689246745,-0.4328455215624769,-1.1168998911190826,-0.11036041984105616,-0.2604865809636334,-0.03482518624889014,-0.27194193093962715,0.5929347454255574,-1.1613544826080624,-1.1232864435881058,-1.0522579951990159,0.5612800613027024,-0.5093203902525528,-1.1403054489965385,0
1.6181080304874902,1.4838817509677324,1.460993817417284,-0.43076634242088313,-0.46949854324358264,0.03567346006217328,1.3881366206563623,0.07020987129644854,-0.12424983792416133,0.22151135771188704,0.6220530248148489,0.12562565091808153,1.3885444717399413,1.4919062361338797,1.554414143284312,1.0597261532468725,1.2070602046891983,0.8984303883499447,0
-1.3515858456112542,-1.1645124052462026,-1.126871578349936,0.3677040933016987,0.6480778594082667,-0.7963771687484361,-1.1315673176873076,0.21270389790996713,-0.21535582405656287,0.5128902215398916,0.5385922917355783,0.8793377887349438,-1.0417237530781052,-1.0830316649727638,-1.0940417578379835,0.5798276255418445,-0.35706768451972815,0.2194356752221986,0
1.1574629316347993,1.5048648742838138,1.5750156530182682,1.483176399499772,1.8648834280907631,-0.8919622395204533,1.6468710013873096,0.41324491741244773,-0.532406211037532,-0.6850147472019369,-0.09600990719212611,0.8702640446768658,1.6382938315236224,1.4802402733093534,1.2767035250611558,1.3405525433221135,0.7238860447870423,0.8253380112227148,1
-1.2146892447975381,-2.0074780184418466,-2.1923057967069286,-2.6705927842612835,-3.5803020776205012,2.2948678542845653,-2.2914515813230554,-0.7135432654810584,0.6488014129297196,0.7155559416402868,0.5792407104893623,2.6592554101590955,-1.979088440871686,-2.1855655005622228,-2.3332392826668626,-0.8904780425899144,-0.7065706532685153,0.15472452374206366,1
1.6056480772417323,1.5161953121439165,1.4897618775335268,-0.06462274879582794,-0.3399926964611516,0.8401788613840523,1.4947134302866076,0.5887573040133104,0.41834700493756527,0.8956831177322743,1.2659750755998953,0.24383593995881742,1.41534118312319,1.4998837327074972,1.542986109747608,1.177168682708725,1.2389539866395178,0.9436472213439911,0
1.181744570976966,1.5269243320785268,1.5982890627179112,1.4863941340684725,1.8080040488581923,-0.7052115456172284,1.6695548220581364,0.9630131570257286,-0.17068784804516904,0.1933501093465228,0.6812492209779754,0.9213868521799427,1.6615073089577503,1.5031047200682708,1.298556119968098,1.4382315186328893,0.7801527657133898,1.3045698769548193,-1
1.57509230798128,1.6019219599579717,1.6097655453450508,0.11408756616044863,0.26136593078023435,-0.4338005252673072,1.5951491775007278,-0.6469374026368683,-0.5267030758207378,-1.1938156403579352,-1.5678825750568826,-0.03888732752633399,1.5572480869434833,1.563854081874645,1.5257040273748514,0.9420230039320254,1.135225121588617,-0.9301426095517348,0
0.1726915989582684,-0.12479978629962157,-0.17673333971061064,-0.7489026340920895,-1.058992702069732,0.8138263857806699,-0.20531179887731224,-0.6303134822666816,-0.583227739761827,-0.18375013946088203,-0.4257456256049556,1.153250672704399,-0.24642087970834614,-0.19937901168444042,-0.14572180862263565,-1.8330299248196793,1.4133436477185397,-0.49359214574129334,1
0.6345996074273927,1.0610053582387329,1.1433358679090981,2.096505814844348,2.1996593175122183,0.09071905578548116,1.3347608908709907,1.5444501385269191,0.6183439408024654,0.7180466272912894,0.9810212265384535,0.4944176836498865,1.2174798647214267,1.0207315455495813,0.7909528153334902,1.7655750114370703,0.5507900341147312,0.8443255545075544,0
1.6868788266054418,1.5750062999295722,1.5292320838856128,-0.8987361622523972,-0.7177061457733149,-0.7364908519978262,1.3517745570324649,-0.7293521557710007,-0.3332242635330481,-0.42677514011930623,-0.5228418876448013,0.6502145797015911,1.7039289270911888,1.6291429573268903,1.5061816040892853,1.0555459666101847,1.059642103921534,0.09222744373747352,0
0.03637898414532857,-0.03562269682520976,-0.055019128138431544,-0.08844436894861411,-0.5431237549377497,1.39084055822519,0.010868315140552965,0.7068888323870107,1.0889850204933993,1.7914475775535048,1.3202481258046639,0.6519149778967432,-0.14101761912452532,-0.08035025838454093,-0.016224861861299816,-1.243804909813992,1.1522364665661586,1.6732452374058684,0
1.6406242011157903,1.642164626504835,1.6421956461130744,0.14093181397407206,0.22483335689118547,-0.23226997482486159,1.6201379104391755,0.056191311224064865,-0.08399213993845907,-0.09365579290836067,0.23906321424056462,0.4479471627402735,1.504041287585628,1.6279412943978346,1.7074733453522881,1.9045462988097528,0.879086566409846,0.3724423120147492,-1
1.5879528786904173,1.5569947804490705,1.5357961906435844,-0.10250542785755193,-0.1365784681627134,0.08546900019411637,1.504122637283939,-0.04334372203901321,0.1042925932088258,-0.13934412188984616,-0.13151767409797688,0.09779405052241763,1.369672730205773,1.5383026692359147,1.6659866144062119,1.1381737913074563,1.214527808647043,-0.43912122343603216,1
0.3591768109136111,0.3289194029822608,0.2828815717277598,-0.6460263817267149,-0.4234132669578435,-0.815830727827035,0.15853412170804304,-1.0490000645575333,-0.3239827188291471,-1.2246122178455672,-1.3385973029116203,0.37546150143398715,0.39959306148240353,0.35165430036158773,0.2927129807965754,-1.3870148108284495,1.5045347447806776,0.7301479469530412,0
0.35688173059631695,0.35054935733901044,0.3078273181268596,-0.5346028907641955,-0.3576043624524224,-0.65276181094333,0.1982137858860538,-0.7703549849620049,-0.25235218481625693,-0.44750501723999836,-1.112431939911809,0.33949336766210386,0.46402167275541434,0.3849162242994273,0.2932617851963244,-1.2412805090911672,1.4545750534241288,0.5376572465481865,-1
-0.9187193757935326,-0.7161654334459148,-0.6632645943381881,0.40470777970283167,0.7988405218565331,-1.1414495733920869,-0.6658243944253407,-0.6306493048891318,-0.862113100930996,-1.9776064513307585,-1.484049364311112,-1.2710907807241254,-0.7596476962782562,-0.6729067582935943,-0.5652067134193421,-0.7542769034644838,-1.0037958410802392,-0.9095710048525032,1
-0.3236561560647412,-0.36999081830392294,-0.3625619851698405,-0.47376806154396695,-0.04190493054179526,-1.4301766058644043,-0.4685280096008132,-2.185222451873781,-1.5209451659610316,-2.255640048613601,-1.7995822728828403,-0.5870446925199748,-0.360332171279779,-0.35001735464602585,-0.32946141738284856,-0.2199569844998807,-0.699277825594752,-2.05371635486508,-1
-0.8000340226181477,-0.7329765504992684,-0.7269174057713309,-0.04464684845472703,0.10457585099965308,-0.4708788891409621,-0.7679898340637731,0.14131485950122874,-0.35102128804551513,0.250729117739689,0.19283277693834133,-0.34497936496175546,-0.790945803922152,-0.6982913688006933,-0.5838370124646715,0.810794888197162,-0.2066518207035736,-0.6906760353469851,0
1.6051116170337614,1.6283747538274278,1.6152141855600688,0.36369302543581683,0.14181467121681077,0.7583160109639222,1.667794135020442,0.724528815357844,0.3618365062942748,1.0675122040705483,1.1080026482752683,-0.17039646222239904,1.454243665443984,1.5919756989010454,1.6866346261804068,1.219626702047885,1.2385255232373285,0.0717511934675264,0
-0.7950568173975632,-0.7178748150526795,-0.7066682322884688,0.03992632196371001,0.2734816953834091,-0.7155107754214091,-0.7344571231729696,-1.0980714484508902,-0.3139793582870636,-1.5292977306903663,-1.8385576713993372,-0.9836569209208338,-0.7932932411105695,-0.6807841735882324,-0.5466005999514694,-0.6149915266765754,-1.1289280290853032,-1.3831981913459717,0
-0.7346379307843282,-0.7097953002320817,-0.6905317398930716,0.2647728487058593,0.1917993934469118,0.27780265267773685,-0.6298954384300571,0.3816226677936556,0.5369958032089343,0.4172159746329671,0.33425930426380773,-1.1813432261721022,-0.8494217121158715,-0.71172632552962,-0.5509901404278555,-0.036565946829355364,-0.75852926722749,0.3033440276917682,0
-1.0324139715928966,-0.8955991967436793,-0.8523713891851363,0.9508529353483466,0.7777398262988175,0.722168904601553,-0.7201471740856712,1.427538225052026,1.3080901653126236,1.5726427481948309,1.3667557183064933,-0.31265606290100495,-0.9202018706199789,-0.9101964148364523,-0.8738789746083285,0.9167726228486761,-0.10238755896715565,2.0511754547377774,1
-0.8499688561038584,-1.041003979524698,-1.06731864775506,-1.3923626555142838,-1.072427589362141,-1.263259796905811,-1.2475358944619555,-2.343488043276893,-1.8560170835134924,-1.449252873390795,-1.7457636993220766,-0.0035489934954176126,-0.8898331184290372,-0.9904555651418936,-1.0645634120718293,-1.8253883807604059,-1.7222470482445302,-3.3551099308339394,-1
-0.7304076482590102,-0.7198581064880364,-0.7022620364268718,0.26347673589465176,0.1419250444656279,0.4279961661640467,-0.6367441593513203,0.25939992355366837,0.10684388528044328,0.4496209125590578,0.11969559747304687,-1.1119164646854731,-0.8586722121893398,-0.7251111906871086,-0.5682037439999514,-0.1417593432004576,-0.7848736063147032,0.08972306112349422,0
-0.7017938572842999,-0.6125683619757927,-0.5751515816499048,0.48208826354091205,0.5471804286785539,-0.10726918443001376,-0.5176602671471356,0.8010659137799971,-0.10498482622413102,0.054870180535092086,0.375610080493892,-1.384265011283627,-0.7459510262363519,-0.6010924051900831,-0.43623207401896597,-0.252274554477344,-0.678434953891238,0.0030487840620699704,0
-0.6600547105206853,-0.6245125970315356,-0.6038784180394469,0.293910549777153,0.272628122346217,0.12341607360875001,-0.5654836339112649,0.4657720864345646,0.08856273567660969,0.700579339571988,0.546430669626363,-1.2152374798043173,-0.79523732108694,-0.6166636006387182,-0.4170010561325158,-0.2703819686114965,-0.8275811747419607,0.7503570585674919,0
-1.1803377841125153,-1.9981172528524023,-2.1986620259168794,-2.931321077139518,-3.765598461097597,2.0102426802534925,-2.338731443537724,-0.7364313713698712,2.4569403898576474,0.43162653009640817,0.6520370199404835,2.7132394787490055,-1.8200449332087598,-2.1496666513840617,-2.423853814671226,-1.0942505442531953,-0.590972804046394,1.0474189856068372,0
0.158513723513399,0.03730260198510939,-0.005781377743919215,-0.7632069967320564,-0.6941435020286487,-0.3632132472607613,-0.11923282908832329,-0.6388345240176637,-0.1996481589595022,-0.42903929660028345,-1.0590903449816877,0.07323933900804307,0.0688961011468423,0.06296137097653505,0.05510699712499592,-1.1138519192022724,1.4005582324188988,0.10848770473256404,0
0.06301000567531205,0.03336532146209455,0.036119682363141156,0.5355061111051687,0.09528718638141064,1.4681337400597199,0.19509310533427238,0.0041457885096907775,0.6703950455828934,0.40385894996458843,-0.0060121900056603625,0.8587941061358465,0.039054789604938134,-0.044468140351491756,-0.12830092238395305,-1.0548618902479454,1.451931451311597,-0.5320815413923898,0
-1.8776812863634098,-1.684584815302274,-1.620855436094671,0.37836340234970395,0.5208545564255241,-0.3672683400504303,-1.5201400829678395,-0.3664496994405399,-1.1379808765271657,-1.5176944771014962,-0.8791931977180246,1.2291752633346127,-1.5960579650350961,-1.6595996585124115,-1.6767186515374553,-0.3275862558285243,-0.5892337405580231,-0.23587372604982548,1
1.7027881971268117,1.6783245599556764,1.6615976280696267,-0.590108803730667,-0.16815210072455458,-1.4222586654571792,1.5000823858207037,-1.3840998468936108,-1.0593814773393224,-1.6137395153763534,-1.3872667310702793,0.3141510467149137,1.6630269189701172,1.7080837596090555,1.7049754232692511,1.264455795484399,1.042818102407884,-0.5394633369720848,-1
-0.9367812285318359,-0.7202144048676302,-0.6587537594052311,0.86079503280095,1.055235753312685,-0.4337676336882849,-0.5834768716242167,0.7830925625624318,-0.24636405621884616,-0.3660204084344745,-0.06187796198552404,-0.7300411312740622,-0.7253886601450421,-0.7122771036216717,-0.6784747221458677,0.8278173305519996,-0.14126562520020386,0.028860654912696883,0
1.764836761514195,1.5273932937738839,1.448950826314734,-0.6029274610469608,-1.0494994910784186,1.2650722471723288,1.4083216111771422,-0.06725651499691244,0.5597342708121741,0.7552234646096181,0.6964831328545948,1.0843863049126325,1.3883882363823563,1.4415543005744784,1.454358382483496,0.4861631166351458,1.246566966559829,2.037877858890591,0
-0.378602199491329,-0.29427364715775656,-0.2858079794719423,0.2781353400513159,0.29958068971458557,-0.011998574384464486,-0.2644496190872285,0.44436521683873204,0.49533485652076026,0.41909746309448886,0.5564799015188858,-1.272108129340509,-0.4201353465461583,-0.2794713089263012,-0.12811550953808443,0.11478195073608562,-0.9815999661608528,0.37788715552477,0
0.08605583971191813,0.26237796168813093,0.2964460662547595,0.4244495517367393,0.641349844437398,-0.5886970479828769,0.3160493716615611,-0.49568007997396957,-0.3414946601050671,-1.510642028189744,-1.5439068038604091,0.38872878525101745,0.2112588039493148,0.2849301625980787,0.35182320916602167,-0.8026654408715175,1.4822094064617923,-0.24701722606567914,0
0.7892797030222589,0.5149751635244955,0.4475090145779102,-1.7113381982668345,-1.3657096775076114,-1.4052408717232625,0.19095563093636198,-1.816625608163228,-1.9762544948668297,-1.7428161904013741,-1.7758863278550308,1.5081493759061146,0.7343549518418017,0.559387052100809,0.36504259689575347,-1.2299601883297717,0.8159966344563915,-1.0521561644541568,0
0.041485193866937005,-0.009498938084768734,-0.024846853811341586,0.12301678600558803,-0.4083033421518324,1.669570268075664,0.07728910503443001,0.8015081664125666,0.7117182732926384,1.4585338803080312,1.3727209500717845,0.6098981198506582,-0.09159569894590629,-0.0559837775297548,-0.01808891033739593,-1.1669294893448436,1.202451783658543,2.046656905318192,-1
-0.45002116759715477,-0.08249568450312322,-0.0009641575763168479,1.9829445932081096,1.7276202799595544,1.1787085815691325,0.26770216311468625,1.7970550285501101,1.198169926506795,1.0595029260861608,1.1176576253144976,0.2553454044396616,0.1776564235041606,-0.16571645703899254,-0.5108538616810965,1.7766906606291304,0.1544105929843841,1.309282666332051,0
-0.2767292794273991,-0.5018039503716929,-0.5563604647727987,-1.3112520586794776,-1.1814366623751598,-0.658588520245035,-0.7322299924804518,-2.0364278870917567,-1.1200918188418225,-0.8765761518120171,-1.53865756893501,-0.5915974435967394,-0.3423334882438317,-0.456395401361387,-0.5595250677614971,-0.5978702895676813,-1.3962046458325947,-1.6871966525150208,0
1.5852096551169383,1.5532954394006733,1.5287306806685983,-0.2004912580788997,-0.1355250068240219,-0.24042745346071673,1.4785080772764443,-0.46798212313883064,-0.14352280765510722,-0.8739191567772445,-0.49643666960660837,0.28151781682865135,1.3746422649258612,1.5402052321754902,1.6647093632108463,1.0360267435712907,1.2414165227861775,-0.4345233430542566,1
-0.7767776950113233,-0.892238227725392,-0.9159273598451352,-0.4915986117276636,-0.5744487276632942,0.1604049478814169,-0.9481621934058881,-0.4818532374827748,-0.22464030018766676,-0.17410588266257673,-0.15241688375312643,-0.6866886982966102,-1.0195547236898088,-0.8991980934600179,-0.7507496127840111,-0.8485391383383769,-0.8799586660034929,-0.5144971434298792,1
1.1044181893056946,0.8856127637562248,0.8571038617723497,-0.4708276594200649,-0.7624875906617826,0.8111541340453204,0.8487282432002922,-0.26875012274765386,-0.49697128302206073,0.24705673496488606,0.47389613131582076,1.4884081338309887,0.7907925228483247,0.8612145161160288,0.9082575447735202,-0.7010821252086772,1.053325481077318,0.49866875856709214,-1
-0.829720620038079,-0.8422078928303514,-0.8587465790819759,-0.31739102524258794,-0.34436525027206794,0.02144107245983988,-0.8836383340695397,0.02527541650498774,0.34899345720671837,0.5810819581297949,0.47464359214657204,-0.8276356903676296,-0.8655455228951097,-0.8144160333239436,-0.7389424642869445,-0.5490979044423783,-0.7441310912623352,0.01382277332122872,0
-0.737754563900566,-0.7098270248672406,-0.7188539315220274,0.16541723253215337,-0.05316163452353186,0.7093043718903905,-0.6498293674011975,0.35022947196634335,0.3293868016046211,0.8167699083800465,0.8117904966621444,-0.821495415285175,-0.8421895328015623,-0.7513468740551457,-0.6372160437035183,-0.6789439559296354,-1.495833906428116,-0.20369803574510853,0
-1.030268270634168,-0.743969914513358,-0.6872028277240209,1.0862666432814059,1.066046205152142,0.2751533454553556,-0.5366423856375432,1.568050517132228,0.7300213466704898,0.576918542132982,0.6871869865647805,-1.2646683852553096,-0.7675591338286951,-0.750729375110441,-0.7120346320703443,-0.4082927173160824,-0.956672056249493,0.9234909498360945,0
0.8234817791682308,0.6321038949812761,0.5710780081642234,-1.2236242084059352,-1.138002469564825,-0.5045759001786924,0.39458064296792,-0.4140086957588652,-0.9089543812484504,-0.3632438414353328,-0.24582774727904871,1.0970578392607915,0.7125559559740205,0.649993715343601,0.5675890963397122,-0.7320601233058702,0.9839944731995679,-0.046713755441814,-1
1.580626291282017,1.5823574306881454,1.5668347685013662,-0.016880070601157673,-0.041086683680061305,0.0716654079839739,1.543236996566542,-0.3324697000274679,0.06011052867494172,0.15045518224649243,-0.15359266601260946,0.3137620058772633,1.4980186410848308,1.6030407665961084,1.6640510826902528,1.2810710193189323,1.2640532277746837,0.3658793433492602,0
-0.43570070441290143,-0.70192197757434,-0.7673967327337097,-0.7616890926402802,-1.2540003630581467,1.3756648885725171,-0.7705346055467022,0.14566357668578866,1.494100645148358,1.0891099793037855,1.3892071921994993,-0.371702434998583,-0.7848094449220707,-0.7560365605514361,-0.7050195858446157,-0.6043663102241861,-1.3299166766984922,0.5489708442840633,0
0.8983297948726126,0.9912394517442596,1.0090712190020343,0.5406272002660985,0.4043476651498287,0.5278335044075612,1.1021196805129712,0.26863832212525374,0.1849695690634649,0.4307945314257714,0.5131814258421044,0.5567003465114776,0.9714075966236466,0.9397046725170679,0.8804308747198254,-0.35526365929288656,1.2484324121094352,0.8871064670377482,-1
1.7867893987065773,1.585724260114747,1.4943807386285608,-1.2701336132452026,-1.1337464563572905,-0.6708963871046524,1.2924245680251631,-0.9002350376290745,0.34707297925792263,-0.8747355501715703,-0.5125447174089673,1.2664958679422351,1.7554825923350132,1.6014887173267265,1.398608999871928,0.29468826018199046,1.0185816884880998,-1.1683271150708008,-1
0.12486844616953244,0.3028743029400241,0.3598942117023109,1.3264153669057888,1.080342762988203,1.0216045539811403,0.5701448096204615,1.059239732741771,1.1404950750976326,0.6811464523254659,0.5189408396910811,0.18483977783354336,0.4089596622260399,0.24324012167147213,0.06739283787159153,-1.0733329682258828,1.3821839369693403,1.0728690952157776,1
1.6675811996445051,1.535267334276371,1.5162816817375058,-0.2953106504137298,-0.27302212981324203,-0.1268058832917626,1.4652189357152212,-1.015965019702338,-0.44928377326992536,-2.1567702578478336,-1.109096477958174,0.1275491047790762,1.337772863572526,1.5162393565623395,1.6545798479018574,1.027878123928473,1.1497227464738973,0.568673175164938,0
1.6367130677066102,1.6122990139497688,1.612178894692669,-0.1300412569645415,0.11625050548464032,-0.7882099925238464,1.5359673933576126,-0.8144627245309464,-0.8695421443058013,-1.7214533597215946,-0.9680098139893707,0.6331104074175455,1.5138396732411818,1.6208650131885407,1.6834050405626209,1.6650713560076278,0.8624568177359556,0.23343976862102825,-1
-0.768948631393291,-0.8812141579102817,-0.9080606031762584,-0.5155461619897076,-0.5954442038546053,0.14657696374498286,-0.9448621716928327,-0.35503381240194615,-0.02391253778188285,0.23421304276438717,0.11774290769391109,-0.6435259476310718,-1.0169737755602335,-0.8944249294999883,-0.7438795903759754,-0.8216963557891076,-0.8621493097082198,-0.4367327402575606,-1
0.335798254883482,0.3916302412865487,0.36765776257910393,-0.3569328863820522,-0.20325562760392174,-0.5457741558590008,0.26227809306431626,0.1850877410476304,0.020153865113008925,0.34067495026926486,0.34276094364214627,0.19976176356535785,0.633208975363704,0.4730862267237553,0.2963455960930779,-1.120017561702739,1.5019008664663893,1.0689438072364439,-1
0.9664759278015307,0.7885840558520048,0.7567463902424119,-0.7443339103932288,-0.7285311255230098,-0.19457193421970287,0.6830584575829136,-0.6162978805013973,-0.4178561403409748,-1.0065671961051739,-0.3908780797816709,1.2912455351280445,0.7686916234467432,0.7985458856909423,0.8060493686203614,-0.900380534694529,0.9330035798973321,-0.9438397997572964,1
-1.7676873614859354,-1.4216136907872616,-1.3655239735793554,1.3558168377273867,1.1208899168833035,0.9928387680496431,-1.1224051339748955,0.8541126833634052,2.3328145679893297,0.7417494568413141,0.8574030140548671,0.9344916914174513,-1.3007280197517672,-1.4559391834556874,-1.5723133110509384,0.2785666560146779,-0.2770401455421085,2.1414912518245948,0
-0.4765911267203617,-0.8709149950696967,-0.941672832499977,-2.7877175486178856,-1.9235536482480813,-3.221744232708703,-1.3897452655937348,-2.480611688869877,-3.698608059367309,-1.6244516650508776,-1.735578449743265,1.312806615791655,-0.1135532576752138,-0.7145968883511111,-1.3065455974276876,-1.0039507226333926,-0.8237463331132204,-1.2885572887079049,-1
-0.7771579427976496,-0.886382899125901,-0.9089142517225436,-0.389655985984928,-0.5423754584217746,0.3967360864162701,-0.9205467190733027,0.018172926300253807,-0.02423622344216856,0.8733973052710443,0.8291905652131649,-0.6112390120446296,-1.014354381016233,-0.8970785604194474,-0.7518302213910515,-0.757652567946275,-0.8824032652648078,-0.49815975846124555,0
1.6338408189101556,1.6739651350769293,1.6766964190070357,0.4296075477490323,0.3633580515757419,0.2892287905565774,1.7193774278558198,0.39964338822127365,0.14351364181929147,0.35047065304415936,0.6103347980304916,-0.12370344531250273,1.5200402652731133,1.6357519379078669,1.7067160027022295,1.1134382760749961,1.2078709284638052,-0.5310120043142231,0
1.644779781010608,1.6832796461988728,1.6885171888739614,0.44612326570312927,0.38558582618755005,0.27476985292554784,1.7303919554313132,0.3884255220563796,0.20096200566859337,0.5598617748976386,0.592430418268704,-0.20292680334231983,1.5337620512819108,1.6453817178256933,1.7118997037185548,1.0398638043417394,1.2162031649059752,-0.36584276194072834,1
-0.8406663996601491,-0.7012431042155016,-0.6689084389587272,0.20289288270847383,0.5746847421311876,-1.1117452604373794,-0.699152120119576,-1.014063303365136,-0.8544306195042272,-2.5316458984235255,-1.5805285656142243,-0.4188545809083116,-0.7800992093450876,-0.6477726056436862,-0.4943425797748526,0.681017886806826,-0.1721438982073079,-0.48176223625805714,1
-0.39835477686909515,-0.30420977204114774,-0.28837996039277997,0.3989600053444704,0.411549292107983,0.03906832640466902,-0.24715112284311944,0.7769620819268348,0.2779821268104626,0.5222939355155554,0.0004144569261284149,-1.3668808476691583,-0.48150930752581717,-0.29916478349796005,-0.10477181885402656,0.2882743914356688,-0.5239876988374568,-0.1198583857318991,0
-0.4028838491944707,-0.6435054991485265,-0.6811797959975766,-1.7016201998859966,-1.2237233618294685,-1.8129753283358607,-0.9634997328235372,-1.9140017054721257,-2.726149703464204,-1.0796072518183688,-1.4669035619511375,0.4176839783256809,-0.21368668874349647,-0.5360538602651582,-0.8491582500483901,-0.8154188167213227,-0.7376420070221803,-1.1227170753128406,-1
-0.6708782306365262,-0.6480134643982522,-0.6273549200227783,0.2462134596618552,0.24709754621268398,0.045434197921754946,-0.5981017371261291,0.6043968241850226,0.31106225983450525,1.0561752314057098,0.8982296709893033,-1.2535364006993446,-0.7891346846115651,-0.6510437355078499,-0.49164602330352614,-0.22507589835163502,-0.8832324447449593,0.4777858001422361,0
0.16713722525852634,0.11959804125664537,0.08976206460166514,0.35283380096717454,-0.20306292534857667,1.7906483641542879,0.20821116240457585,1.153492339164122,1.321917486503496,1.4310084720456704,1.3337711036604811,-0.01586639730453429,0.04319541345683939,0.03287039375998227,0.021405950651250515,-0.7153616852519703,1.5849911270424724,1.7804604581046364,0
-0.5290451432343841,-0.7437643129901667,-0.7716664692714063,-0.6367550784831927,-0.8040917672539931,0.3936602011584629,-0.7874408941075647,-0.6650748334318288,-0.3150730877765604,-0.4850734947027813,-0.31878657120414916,-0.35707483120786554,-0.8459703871156817,-0.7905502135237966,-0.7113894146249784,-0.7698776220288681,-1.3621903236315307,-0.08279852071224889,-1
1.6896763831323707,1.8074995244920464,1.8243670712905127,1.096576595576844,0.7200511599905601,1.3806493138578935,1.9769576341038686,1.5547306346584655,0.8637485558447351,1.55351003682282,0.9438537571326203,-0.0021041528202845093,1.765982336703335,1.7475040691786987,1.6785227921574126,1.3287587867679818,1.3762519207202253,1.4660795566178613,1
-0.7333273606824159,-0.7593282653728353,-0.7633014931055248,-0.37888501826899296,-0.29620620477342585,-0.33018651147990435,-0.8129437101227874,-0.6719437612146143,-0.435583513412618,-0.5585806278153403,-0.9278698882655361,-0.4629556242427567,-0.7377601519249616,-0.7078876864282937,-0.6571320883896307,-0.9982457682154614,-1.4797559913122,0.07460454521140249,0
-0.3637724425758249,0.02672905165507147,0.1292720032952615,1.8793903943466483,1.9228890743011726,0.2329912919825095,0.3362772780515897,1.3517350648583715,0.4369728468110585,0.4636328164202133,0.9045909200022006,0.05485588740849116,0.19368772620369948,0.01234252654054867,-0.1728005434494864,1.9017265761339421,0.16596481572597738,0.6954974808374689,0
1.6329037826827018,1.5531216493938873,1.544132622277968,-0.48536450473383563,-0.1918693686236516,-1.0039189316062325,1.40891866145145,-0.2825056197246851,-0.39050956053489233,-0.6345660716572291,-0.2733510512267841,0.893075836495579,1.557691793591523,1.58141134319257,1.5601959397966327,1.738359712467488,0.8582924238529829,0.02606845538822826,0
1.5457044278345802,1.5634733867926272,1.5761517471615853,-0.30181533564828356,0.30898572869341745,-1.950705564033726,1.3955433767374346,-0.7923145275865974,-1.733045387980553,-0.9946374565394646,-1.0793975792390391,1.9739276458340678,1.7338919198230114,1.5956307028617283,1.408950519066804,1.4061164956063947,0.64666984808695,-0.4084845832388738,1
1.6971591518794928,1.5360390966629176,1.4810319816853315,-0.42904951248771483,-0.6007895137832222,0.4479353506757238,1.4367673601306288,-0.12941992265952842,0.26358240810298783,0.41806885162340374,0.8608554586447967,0.48425377482480236,1.400698344678899,1.4914222298264292,1.5410661617774082,1.1969361319934742,1.0515037170491226,-0.5308289937977289,0
-0.40208937998445105,-0.7137363914797134,-0.7896054943565745,-1.2291797319897686,-1.525688639334551,0.6777981474787826,-0.883883864215722,-0.5285667539385351,0.03043030698946336,0.29118088336393344,0.27381778444364285,-0.22354327827516726,-0.7064748954936639,-0.7332722460034444,-0.7395340748529412,-0.6778773975094996,-1.4121509453625352,-0.43871947456195215,0
-0.1952065059803755,0.22225336695382614,0.32160448272945835,2.034332375829308,2.062776240933702,0.3099308962568442,0.5374741308970852,1.8796299420556,0.768611610453601,0.9794601338438815,1.0887286672126257,0.062056642872494225,0.31798492969541964,0.2261668921269713,0.1261144509259731,2.1517024452139983,0.2797641150479499,1.1420030377452475,0
0.07214956686843149,0.02918931508667585,0.02456070870316264,0.5922715683861034,-0.02327264183082986,2.0222235344133086,0.2066790589369084,0.9126083952471844,1.0119179775083826,1.0187365341884824,1.105027034346564,0.7003225036334589,0.030855057955328072,-0.04912449188742955,-0.1292129729482458,-0.9198083991436505,1.5427305113204772,0.338345251865186,-1
-0.22392896286197905,-0.16209470817740354,-0.1394067235675529,0.2845916149947346,0.3655444918831404,-0.19503057316703717,-0.11492415862030991,0.1778054234834553,-0.14810262316049433,-0.6781138259046747,-0.6200201274979876,-1.3601035262844476,-0.30355661115223537,-0.16501555702847187,-0.019107853686784942,0.16826001144079947,-0.9293732294930381,-0.18898007443534487,0
1.0881421127924606,1.4655733741407884,1.5298476773340164,1.7877658731138146,2.0226277325802275,-0.3775882149317688,1.6709347896128286,0.4766048049622866,0.5308432736937703,-0.05066809530575132,0.14822006233304535,0.6764332040092971,1.5931735171931438,1.4329091880187446,1.2284780557475343,1.4491938411994782,0.6577254114975473,0.7248460879724249,1
1.7703096565057177,1.5066786427363466,1.4112339514675922,-1.4322405952251371,-1.3021592303524614,-0.6830839070084843,1.1980062549386439,-1.2707295567540011,-0.6719480129369904,-1.4231689983157596,-1.246438549941226,1.5124520167163937,1.5822801660184442,1.4963455921028517,1.365835118077214,0.15263663028050256,1.052010841662835,-0.24501135510348038,1
-0.830046545231934,-0.8446188684093714,-0.8530297631145888,-0.43251362974586766,-0.32756736135385267,-0.40964151736186244,-0.9121100134696164,-0.2693999081710117,-0.17415297238494032,-0.01784730996342656,-0.2011733603277215,-0.7564793497271328,-0.8039461370002001,-0.7905001474183333,-0.7541120367632002,-0.5707286440348149,-0.7612852513804389,-0.15472536431644818,0
1.6633237195595365,1.747850379162229,1.7669419309375296,0.7694546354676343,0.6433174884575045,0.5411930696216458,1.8580645192252319,0.5081632884137687,0.14681801808381745,0.3066007856130259,0.6008003021343049,-0.039072323255722866,1.6888457253537343,1.6906098993569474,1.6438882790198923,1.9271352412856182,1.040057830768557,0.22554130141641776,0
-0.5632132871868877,-0.2914377249560015,-0.26001329352687613,1.5871011483077975,1.1223629776784907,1.7498169420124456,0.004185118241089336,1.710551498177241,2.186776436873033,0.829001058842682,1.3488966440786105,0.4870943129742407,-0.13414900408333913,-0.3722976119546186,-0.6042838596874931,1.5663984134042486,0.08207208009237392,1.1132681952097032,-1
-0.7414009122299832,-0.7227901997024487,-0.7248706151770897,0.0680733975949156,0.004958836971054387,0.20878490251990334,-0.7150419588074881,0.48059066066848544,0.03068689798348832,0.7107927654282513,1.1450733089006409,-1.0853077864945462,-0.8630033164409565,-0.724009710900928,-0.561598129984075,-0.2278000132009395,-0.9935096163793844,0.396707253701389,0
1.6903553999968028,1.6051285534511455,1.5800835590573568,-1.0194100992765842,-0.45834186156645934,-1.937081725574779,1.345997783888347,-1.9310505728986678,-1.551512677628481,-1.7275415109653265,-1.4823944079200875,0.48173505019351703,1.7278473718002587,1.6701320982429761,1.5633892455999543,0.927380842354131,0.9689013834036924,-1.2359287396259628,1
-0.6271019918357135,-0.4771706945906433,-0.4392191743053928,0.6314285723281963,0.6223519491776389,0.15165078494990444,-0.3602362961501752,1.4510690133163118,0.2936820762412114,1.1616856139321734,1.3892071921994993,-1.2937066127463797,-0.6015960571607345,-0.47256746647351094,-0.32752634332277714,-0.29713374667405423,-1.2584597055764015,0.44903587893198105,0
1.6397618364359132,1.693595422988481,1.689954666300945,0.7374301789007982,0.3915224448973018,1.215558293180056,1.8077976299578082,0.8395382217307438,1.0329185834994383,1.052662107645975,0.9574048801230646,0.07851695698306825,1.6432110505261994,1.603124193127897,1.5162675898224072,2.099174443022307,1.0618784913976709,1.181294973576256,0
0.10351335749433987,0.24468479653625808,0.273185321223841,0.1887004055371935,0.4974506798166432,-0.9192818676444704,0.24858928105902367,-0.3651666763590744,-0.5141644471137419,-1.0271580235061113,-1.2976182538297414,0.2555069093322118,0.17628265990533135,0.2952608679923967,0.40802463305351133,-0.7892321871443349,1.4481279182955087,-0.756518423768664,-1
0.24428035236312973,-0.10557098168316371,-0.18680085554714562,-1.131763902373517,-1.3765034278884256,0.536527675642675,-0.27246696459366027,-0.4889279355398502,0.572786443490259,-0.14150133282082886,0.255231175531151,1.0229833152873182,-0.09937586235245258,-0.14772538284895254,-0.1927534221167654,-1.7595751399210862,1.526544928511674,0.5164252021517389,-1
1.6269963276733563,1.5303562935793835,1.504675078173527,-0.45611328692016534,-0.36077429015809964,-0.3845050633371004,1.3997493777966483,-0.43415818314872645,-0.33386801551400425,-0.46603836561262924,-0.2510403386050736,0.7670266637427599,1.5541023264551639,1.5735840194693709,1.5482749234428912,1.7001661562935657,0.9628477026807296,1.0844064340775434,0
-0.7975556152073583,-0.7925438870965255,-0.7637013901285141,-0.28390165001581985,0.04970223842852733,-1.088719325583747,-0.835007461602578,-1.2060692180794095,-1.0654011183335286,-1.4951430923259963,-1.1997948134547676,-0.6822055795324872,-0.7662013372495271,-0.7279817662415862,-0.6681438698886951,-0.7169087615260651,-0.7731541007240319,-0.5891037338425381,0
0.2701441126037162,-0.08516616292581898,-0.17114029902976172,-1.2556196042772196,-1.4412629891098743,0.3292739109542214,-0.2838894804550709,-1.0322526212854684,0.30561107827545997,-0.4559245040182055,-0.7411734788771147,0.8487329496510171,0.007755850679776154,-0.10444977943079269,-0.21578850065327826,-1.8253667804736766,1.422266561771124,-0.3308278969191968,0
1.1188133343985005,0.8759745115777082,0.8446928205312322,-0.6709992578146196,-0.8952516913025482,0.5632286670663342,0.8023387856756716,-0.5181830499607234,-0.16846701237323372,-0.31707623656670003,-0.08111239133694954,1.5244075019352439,0.786055877989516,0.858944733827118,0.9085666105877391,-0.7005010420853561,1.0407800935100993,0.544337487608791,1
-0.30852765079308103,-0.265099793007549,-0.253185916124327,0.1897958542954029,0.2403358452863686,-0.11938868024555711,-0.24523682859188584,0.3286416780133487,0.004547667090048113,0.38163195655814325,0.16741939323946506,-1.2903609968885832,-0.4325695334901819,-0.27052585066973184,-0.0976411462735158,0.20060024401417534,-0.9635540310561039,0.1166030110090383,-1
1.7233284469149295,1.7983865585705376,1.8039242864726819,0.37281225875143453,0.44842260841290915,-0.16122416476021617,1.808605786086221,-0.005717243985949368,0.5739893232654983,0.22865206046838077,0.27242672158935066,-0.10122937321032444,1.652528342919829,1.8146287357859183,1.9277287816982047,1.828230007074135,1.0572789458972873,-0.13721438000117295,-1
0.06537299182344052,0.08328509474110865,0.09181843782997462,0.6334506454964949,0.17758499134871486,1.5357548282064426,0.25521459308049227,1.008659282660401,1.8489374532338525,0.9726208324209293,1.3535128847558613,0.47323288830482285,0.06811693607402065,0.018834694697437235,-0.031923932431965375,-1.098697016391856,1.2835733003719543,1.750271480565794,0
1.56571508674122,1.5774623595815986,1.5877630742523594,-0.1367453049647956,0.09371395611649903,-0.7404882990157504,1.5147859424975585,-1.0372558134355772,-0.9818443257223216,-1.7382921210099593,-1.2426539981016094,0.12541502589983033,1.4932324960595302,1.6064453890975252,1.6757043007951604,1.1011572737087438,1.2655995239300943,0.5693626345738623,0
0.2036343920827672,-0.11336188456886963,-0.18024151105325023,-0.8233508138657584,-1.2055911766081953,1.0227103448626362,-0.21097550515414334,-0.0821332157698246,-0.2564279645112869,0.9536114987767874,0.7036566237591437,1.1743645617834186,-0.21988018958693928,-0.18854761976950857,-0.15120887931220775,-1.642318514566329,1.468714294104427,0.15559410495278803,-1
-1.048615309212215,-0.7770631845316252,-0.7228444255513393,1.1009912220562712,1.0079835798683767,0.5034566682190306,-0.5594006935828946,2.061236385221341,1.0609199532230957,1.0027001973705754,1.3497328233461499,-1.2095893841001155,-0.8026025716327972,-0.7864446655458843,-0.7474095299668047,-0.39575676074581356,-0.8841930637159853,2.045800663740958,0
-0.7789369740279275,-0.8740658937542087,-0.8928729343973495,-0.21650447345967694,-0.4482173217860112,0.675256549528886,-0.8717888970385873,0.2371386432746075,0.825479783783132,0.9828057066777741,1.2549854630271107,-0.6951189893600569,-1.022587297561261,-0.8993316115632457,-0.7479251917217774,-0.7182260249134839,-0.8708071928324634,-0.416935372476494,1
-0.3157388272997953,-0.28979382759655065,-0.2900333569845255,0.24423553784731353,0.15244078060855176,0.3320741712292003,-0.24504094590278874,0.6351823089140586,0.12477473497549278,0.5462345308666512,1.2714868539406,-1.1358957490715191,-0.435295453738133,-0.31456915134898833,-0.18252241117487317,0.2456226777220684,-0.4575278132686416,0.3862724089175615,-1
1.4055214293275433,1.0308477088819163,0.9344925245014327,-2.191856943404722,-1.9859290261465916,-1.0666018077847665,0.6247895547832335,-0.9526816289094083,-1.2523685805533389,-0.5596797343755918,-0.49481122600980454,2.0441520228453025,1.4777952086644925,1.1141087285338473,0.7115419123271124,-0.6123014057211398,0.9703860421692659,-0.544885550243054,1
0.7318551900190325,1.0837283669115214,1.1731717937172499,1.3645240794108269,1.9314053928684574,-1.4886627509490817,1.2052001124753609,-0.11285051371874641,-0.822866278641444,-1.314684234010836,-1.6791995279693936,0.6837625324370806,1.2092841334059325,1.1022591815006288,0.9615678326049076,1.2606435219282293,0.3620350329898347,-1.3885654632644953,1
-0.6839221077172091,-0.6445682776375551,-0.6317753978344454,0.365105049915134,0.19840874315620308,0.5876931310383751,-0.5557045419639873,1.170028066518329,0.6037004675407891,1.1765183265437509,1.2624420105697194,-1.062473131662179,-0.7812003244378318,-0.6450021623001362,-0.48770656890741804,-0.6144763067226253,-1.365387681929553,0.9728549649939916,0
0.07694342427357205,0.003035461462115913,-0.007526705158861599,0.45032429419419584,-0.1865603257663609,2.0605426118974512,0.15571667097287525,0.8876794441503563,1.2292507705294335,1.1240594972200018,1.253176456038591,0.8014016130828903,-0.01080562382069045,-0.06177504567612268,-0.11193945004171921,-1.016998004023939,1.5749518581997501,0.5800938554838159,0
1.610401153848862,1.529478407862698,1.4943124617555532,-0.3611226398754664,-0.38015479905260335,-0.01171174427594979,1.4219748720261962,-0.1533119836446004,0.10421939383263853,0.3433797998893069,0.3661713082854601,0.5788295821663305,1.5174408805451443,1.5527222933269302,1.5441116619423754,1.8507941623357211,0.9346559612408795,0.731505113181141,0
-0.6667022707036795,-0.5663284791847422,-0.5082873264212245,0.3562447168001796,0.6779410277229383,-0.9265954010799126,-0.5066028359452489,-0.9436335901742273,-1.0025320370733433,-2.682531227624543,-1.7822257940190693,-0.21236567598018438,-0.5582987195459854,-0.5233699460501388,-0.4727575506097092,0.7903893451962493,-0.14616724295074165,-0.823767406798215,1
-0.5206389525810948,-0.3906475669752888,-0.36231288994781735,0.63235872259835,0.6134114357392737,0.1824022781181206,-0.2854563547488043,1.9294115016973892,0.44723000317124684,0.9823770189593347,1.1957658608919857,-1.6135267809786267,-0.5221530644459901,-0.39628029511080576,-0.25664430793776954,0.2006434445876337,-0.5936901046288144,0.365929591808807,0
-0.6652424093114891,-0.6427598116332519,-0.6297254332045124,-0.16752531458879344,0.06565554825096825,-0.7549392950676359,-0.6774634744510086,-0.6926971138841395,-0.39702583821540194,-1.1320148917133495,-0.9199339219976833,-0.7442400297612969,-0.7358698073303384,-0.6168137989551101,-0.477794865552972,-0.22380962580501954,-0.7060504595453267,0.7934810239101477,0
1.6474143593991444,1.7049761704231818,1.708780610411772,0.7290210566175686,0.4682712923188422,0.9501782652575272,1.8151213094308642,0.46136095803466887,0.4709679520314139,0.6254845740267264,0.40865130280689965,0.06809184587894856,1.635773925255535,1.6322137718372505,1.5817426450376315,1.9962402241812403,1.0146607782628787,0.5732228263961066,1
1.8085179280074475,1.9015351484699785,1.9320803935338815,-0.2530896574680188,0.4864972730712287,-2.340022907178222,1.7523760540372584,-1.6912488545516209,-1.431874418106279,-1.5655336251860767,-1.4247096118049642,0.46528406219396945,2.036747823670778,2.0061060468131724,1.917308590085011,0.6330333809925462,1.1603086591609817,-1.1443539396366014,-1
-0.4683071075050133,-0.3096965014287248,-0.27015375649946,0.5800506075356244,0.7504501298201712,-0.41424017350031556,-0.22591905922834282,-0.18869947008597013,-0.25123046444789704,-1.4530736088581409,-1.356477455433653,-1.273487900763531,-0.42778072918045884,-0.29884765572006455,-0.15888949794944282,-0.11583545809483134,-1.0581934965233524,0.4803693088977264,0
-0.32034933688949085,-0.2691696065482615,-0.2596785913422389,0.2125287579879261,0.2623999932222099,-0.11286979553633601,-0.24610896646516456,-0.16863129793170184,-0.24446193369400368,-0.3329913270694021,-0.5322877307628845,-1.2709771959575722,-0.43111674733887756,-0.2813405623715005,-0.12064593457947899,0.06127697819872557,-1.0058884051799626,-0.11965158538543688,0
0.35724160870558913,0.12308494185947243,0.12525446096180318,-1.2946403591005826,-0.7444635662616419,-1.9572002747532513,-0.07720020872923565,-1.7089224827442835,-2.6445424501074237,-1.5158847553844903,-1.731317873040487,1.3583758302053202,0.3675672327061605,0.16473320865934482,-0.04668025062469877,-1.4207760589861564,0.774992624377223,-1.60364961697375,0
-0.9035365582903759,-0.7152395501372937,-0.6660238530490956,0.3635614366707804,0.716416273819447,-1.0216620186792023,-0.6736674847268205,0.1300167136711536,-0.5370906480186048,-0.9234971333421803,-0.5153328571191019,-1.226736222876581,-0.7711656077560837,-0.6654966945592181,-0.5387219058463769,-0.6804304805802763,-0.9541850852664966,-0.3946304747957392,0
1.6327476013439808,1.6336418471503602,1.6239932680666138,0.38819849682918667,0.14199736422280207,0.8384383584005504,1.6626802941325545,0.5593944404249168,0.43489381129857535,1.1589859311780202,1.240969663178243,0.5616411834432428,1.4786950883249015,1.6066790394116814,1.6909827980770822,2.0179481582410044,0.855650827711695,0.5393231741896032,0
-0.7103223281657702,-0.7836115271616418,-0.8005948339270474,-0.05315892516395865,-0.3091054893323843,0.7822674443432792,-0.7517311332201583,0.4884883896372178,0.5210954988422541,0.9768228674771198,1.1941553981692494,-1.0393978998852709,-0.9331003826745151,-0.8251974100653605,-0.6915628420189665,-0.19586593683868445,-0.7360709433171064,0.03659464837505923,0
-1.104118135899443,-1.010863026142927,-0.9803861197092484,0.6201317228445661,0.5883530548377034,0.2197489055716842,-0.8990881370857914,0.6747157943303075,0.2589172678119118,0.7248363185144872,1.1539190340415852,-0.1165727230860549,-1.0702582020456572,-1.026187561256474,-0.9518291933735495,0.8884819128824297,-0.350561481175921,0.19151756450874127,0
-0.22835611427525385,-0.3651108407121168,-0.3887326188159638,-1.104438667216904,-0.6782558973760626,-1.5359766203259397,-0.5788843463663818,-3.053473875093202,-1.7469854146334838,-1.7699928267286984,-1.8491042858786442,-0.9226276838070419,-0.25578137584231564,-0.30660823312463725,-0.3496008283057426,-0.7126432360516439,-1.4189178764849277,-3.611837090727004,0
1.6001072556974265,1.5244269529247483,1.4861331146243608,-0.36283308846237466,-0.38123683064297437,-0.013992608769255994,1.4183592001793066,-0.44630962328758045,-0.024754936674268833,0.25088054030170703,-0.11711715906912057,0.5872970511065664,1.4859423591589198,1.5373847481924525,1.5456821579577105,1.778150273447125,0.8865661602791328,0.20799864615492414,1
-0.3350432614213775,-0.3148919286593708,-0.31921233003709937,0.15092396701921376,0.04612009605417683,0.35410685811639026,-0.2908905622515167,0.6387639597383098,0.503109040718338,1.0145378463853376,1.2434794766021426,-1.09246789446733,-0.4278639205910427,-0.3125997656928604,-0.1861754162378679,0.23836321086575854,-0.5004009368639744,0.02732656739025894,0
-0.6224507221699589,-0.48662470850101863,-0.46234977903083524,0.49601036977165736,0.4967308538144294,0.09481420557765215,-0.4034070821607558,1.4028338116330228,0.08489646084571949,1.0123771003279745,0.9111757377656129,-1.365798669753247,-0.6279830343272147,-0.48959060444657376,-0.33451927590361763,-0.08359826951224548,-0.6392423417370809,-0.18980488543250618,0
0.162390904007165,0.029557100650190394,-0.01582189127682425,-0.4297285777280639,-0.6395629499324066,0.5657809947065591,-0.04414939169771934,-0.0005485187547507983,0.43364420378602053,1.906096184574292,0.6448851467909785,0.07793360542088916,-0.0766719110707144,0.007435793545341957,0.09292725666587195,-1.0296090304431682,1.3891540474923962,0.11918782644422043,1
-0.8496226337597743,-0.6850282841218995,-0.6484434601018572,0.3829957829510087,0.6643807903015834,-0.7965171355798729,-0.6475153782463019,-0.46880981793411874,-0.28220069586010554,-2.5162479768235073,-0.6834030105160295,-0.464377404110038,-0.8030129013774299,-0.6345379388025895,-0.444652941474387,0.7746703562094461,-0.13978688198902692,-0.16542918464267717,-1
-0.7860327085500302,-0.761122648513712,-0.7245310732538209,-0.04939337427572218,0.22212361956235868,-0.8505537513131187,-0.7550882647645438,-1.1591790739523615,-1.1917741872065537,-1.4101724607735857,-1.764902507939825,-0.6988816460526227,-0.7770313042835215,-0.7222406405986057,-0.6456817415552516,-0.7185666720582948,-0.8607183758125019,-1.270946689168207,0
-0.6860406888236035,-0.6127554800028452,-0.5935618554024858,0.9330875312847716,0.600599792341541,1.212277287559299,-0.4135941138847939,1.101614156569715,1.3156806524777012,0.4542597844092266,1.1177844118316733,-0.16838021009846643,-0.52734023568526,-0.6988921875322347,-0.8536441135011543,1.0466990557308107,0.003747733614938706,0.7333333107012417,0
0.6781110611484413,0.2756362661272522,0.170387660255006,-1.9181041487946193,-2.0154036577025636,-0.0739442221203649,-0.0511938621004901,-1.0744382752012602,-1.8096437090826634,-0.49602189719612655,-0.9075773023208743,1.6939403233692276,0.5066411990927794,0.2877507229790413,0.05644539348076834,-1.0661103280879307,0.7389236955396938,-1.0426340849575886,0
-1.0100606910346968,-1.2868015624993487,-1.3667345825079302,-1.3500128195909185,-1.6554446657909523,0.681791278346137,-1.4532267816221403,-0.4615377824791612,0.4169420829059848,0.4385035854260693,0.26241998243271947,0.16604431550691062,-1.1488717037758287,-1.2863082913989385,-1.3894385984813247,-1.7108516210182196,-1.6454917052666589,0.4297305388849382,1
0.7700159875328392,0.46475823416067513,0.39315573066138765,-1.915069668800039,-1.4997404472988731,-1.6609648997065476,0.10433564905274227,-1.8102729872937877,-1.3929298999979995,-1.8684666993350336,-1.4978715285979156,1.6162027930041454,0.7536166417711556,0.5233546848194175,0.2737002709141745,-1.0399810632068467,0.8124615406860977,-1.3735889303601565,-1
1.8083617466687296,1.9340806707670049,1.973262625347496,0.011547316038221515,0.675343722370487,-2.0535223586599893,1.8374325336339832,-1.6768768023398433,-1.4019909115969336,-2.0337698670022,-1.4402715250800413,0.3919628478767758,2.0107935514118114,2.015018170109389,1.9614934316309702,0.7958584669754651,1.2121908807934318,-0.9044684967473802,0
1.7967030490716844,1.6797862399810655,1.61095409218344,-1.0641510159284309,-0.9001351007695528,-0.7161618636583974,1.4045295369193747,-0.8110317695861431,-0.991957848955883,-0.2888242812900751,-0.7584963336310249,1.264693136832992,1.988386793474509,1.7493399621975716,1.4555489531965229,0.47770819784444724,1.022890832999684,-1.0812653348317252,0
-0.7178661645001574,-0.702909412228886,-0.695529751777811,0.1090256578178821,0.06690411343920914,0.15178180227529842,-0.6574368554571247,-0.19362649475943283,0.01103019348526776,-0.3396256991709064,-0.08252383557412565,-0.8721111917389988,-0.8242436148511575,-0.7306353716950715,-0.6142808452663471,-0.9678562894058732,-1.5237113441914047,-0.6130776783407796,0
-0.5306137119773693,-0.35912530902545314,-0.32134166250685825,0.7512457936861462,0.7723575384284743,0.08159973098363177,-0.23295441387151963,1.6280219643062748,0.4253086143701309,0.6395805448380175,1.335249749486366,-1.4795842205216103,-0.47443951383417526,-0.35917980846956205,-0.23142317912665536,0.008632476099921347,-1.0774819382685847,1.2048412581580776,0
0.1785650803302478,0.15835384803154673,0.14515306450265425,0.5392533082694423,0.07077357513246267,1.5563907878485512,0.28253089746874943,0.5073526865354644,1.1290418973052556,0.7981102766347793,0.488624390635302,-0.020181550513482253,0.12547937201680243,0.0672004879896244,0.005886313084557055,-0.8780026376430994,1.5153706688552149,1.0138094791179946,0
1.2415523880005028,1.5311679037187043,1.5999884259317951,1.07171140825817,1.5010764951822895,-1.1200635987876413,1.592440817589909,0.5856285095485234,-0.15481330480925834,0.16359014823177007,0.4987143835627922,1.4456877146609624,1.5890751873116187,1.5687273780456021,1.5029718208646943,1.1849253102628672,0.7096945996195975,0.21050639349331807,-1
-1.2110293546736595,-1.104798527918493,-1.0926437144194567,0.4405555322602272,0.3427497615202555,0.3891007679178095,-1.0337655654242777,0.5199176761921763,0.5275475494247189,1.1889337163386342,1.02710558260905,0.37326840750211016,-1.195390481471469,-1.115192083658449,-1.0014655457694608,0.7081662602978539,-0.37188037903311133,0.6838215782216844,0
0.2565569992373412,0.5403884128307187,0.6122998875815528,0.6185742519744041,1.2011159529219912,-1.6831098374118507,0.5883947429517553,-0.5689807739035274,-1.405841592717535,-1.5046815622589234,-1.7093194172981805,0.18913542513759585,0.6101691604441403,0.608687497581569,0.5897088028564653,-1.0117487802456873,1.3859994666314788,-0.6176312713555935,-1
-0.6686645772225753,-0.7980854962491428,-0.8164837951180097,-0.33615577924973655,-0.6276124383412506,0.8368734564580849,-0.7880814015623645,0.1874735252821586,0.22555482905901136,1.3200688176573854,1.242987727009591,-0.48822054825174377,-0.8540530899640354,-0.7926029747797658,-0.7072388161330956,-0.7171867324290553,-1.3157769015218812,0.820241167604034,-1
0.1785922882508704,0.5488119944641913,0.6325697612971823,1.835140042004759,1.7320195470248692,0.6784141112976114,0.8727308226925751,1.3858202421266592,0.9432808201800603,0.5190313224147989,0.8277644951255031,0.15036105998798158,0.6798168421727961,0.5131908579546547,0.3286725245345989,-0.8581360395012329,1.5015124953397796,1.092803610898031,-1
-0.045890711996961576,0.40188972812793233,0.4944191049041332,2.0230902103990607,2.1168470592803525,0.10545662243331266,0.6941698147382132,1.785536279914876,0.6951666334089717,1.0663521796953754,0.9151615533157882,-0.06194282361669468,0.46704056639866004,0.4058780826527956,0.3319057452480735,1.8861623301848545,0.26462418411080396,0.40456850414585366,0
-0.6801875564067295,-0.5958874252917363,-0.5682733446228292,0.9458045766112378,0.6816289184945357,1.0032024651377964,-0.39681501938659314,1.0040787220936471,1.171870018181421,0.5383809567227156,1.011000638744609,-0.26938505966943965,-0.4983602477056181,-0.6837715870327755,-0.8530800332805807,0.9842427119110422,-0.03646318614375016,0.3726997229629589,-1
1.806290743160014,1.8020653734137315,1.8095205278210995,-0.9558337723494404,0.00988269109850692,-3.177840956548396,1.5159614847279337,-2.470627527968626,-2.1712623830567495,-1.5196109262670654,-1.8476223960014762,0.9491095961671083,2.1506491398452185,1.9443886978578746,1.6784089149727524,0.15843435970045092,0.9596689546464774,-2.7644745507620305,1
-1.0786753576188037,-1.1067882155599078,-1.0814798416232725,0.38591506670297593,0.06658327569354874,1.064477706057805,-0.9450315639510146,0.49249148306862295,0.3023373051577832,0.5454745737404184,0.828901177610903,-0.5664126034732063,-1.0754648412808352,-1.1701335480372377,-1.2330179670521533,-1.1357747938201448,-1.3869229534823921,0.8956213065868475,1
1.0051051864437002,0.8218313767437488,0.7913978559887457,-0.6182374659144451,-0.694773077631759,0.11607171101648475,0.7444392611474332,-0.6189258672358561,-0.6126867775131621,-0.2483603104974114,-0.2132441704267357,1.4147437128043878,0.7664307216296276,0.8211933623488685,0.853428254194917,-0.866722330527612,0.9311640195436965,-0.8775180026520554,-1
0.9049705789778885,0.8982184407249498,0.917188216974448,-0.37467606759338495,0.026456526321872672,-1.3156163681032045,0.808348424297147,-0.9003913350606603,-1.4047406343768853,-1.0132263363114016,-1.6064639947416366,0.5931141793333484,0.9284795946900058,0.9629363131593489,0.9704117627996862,-0.765870945892136,1.0487068059509927,-1.4915226724189175,1
-0.7958172611653406,-0.9412547478728754,-0.9609032809487597,-0.966020164148093,-0.8058202901204561,-0.6851440376423316,-1.0644079629446908,-1.6786940315019272,-1.5065688131418842,-1.229121906551753,-1.7453145982036105,-0.15004624638487085,-0.9253401847669358,-0.9161711398616418,-0.8805345231729544,-1.3777231465042912,-1.5200671151442442,-1.6716798976467422,-1
-0.1441444398472216,0.27207677586808177,0.36928098767368805,1.9424077454940318,2.0737143470282664,-0.02662090259686165,0.5611819341497852,1.5618505624127552,0.9172886790624262,0.8226637767011734,0.5793004436323558,0.029837654475567913,0.32883483881845244,0.287500366985749,0.2371299206486861,1.928253852855741,0.2168480050325072,0.45555610780096395,1
-0.7062957527719765,-0.8007776099210273,-0.8245901539547954,-0.21987247557784748,-0.4295139044622686,0.6062422684163346,-0.803005523180852,-0.07605994227259967,0.7378000522165286,0.651751891197361,0.9824749306002026,-1.032371536148965,-0.9501271987775658,-0.8301541327681075,-0.6840780122871898,-0.3294541494760066,-0.7770123378157573,-0.2620593790854767,1
-1.740024200338016,-1.7503736779953267,-1.701106490694352,0.5724527485302882,0.1343036980457364,1.4689520196721613,-1.477851575006422,0.047909977877015036,0.7741420394448081,0.055446381872115945,-0.23932640027601376,1.4788824203716178,-1.647606767944814,-1.7788452927823948,-1.861524379472443,-0.2564646559997436,-0.576371641984572,-0.22465280806850477,0
-0.699274658714524,-0.8237477092268365,-0.8422165595246894,-0.478709757746202,-0.5737673343052119,0.2007332630844718,-0.8452683677675171,-0.9636712768792798,0.11144240456970522,-1.523580547537014,-0.7518213961981601,-0.22794254062016978,-0.8704109460989178,-0.815634325534215,-0.7364094043157228,-0.9957210133895753,-1.3134313330117249,0.6111245291399047,-1
-0.8310786019620691,-1.0044619771721364,-1.0280039110459014,-1.2399144667034012,-0.970500815420939,-1.0769678269811434,-1.1815553246054002,-2.077131919712145,-2.2532302504519386,-1.3757819239483058,-1.7381704946931475,-0.1084518707194438,-0.9097465545990632,-0.9656551440851211,-0.9949117958307091,-1.6565640807157533,-1.6387744202413357,-2.7032073503647918,-1
0.28335777498343273,-0.06726595036545015,-0.15464994886590852,-1.2541240450820492,-1.4678905012167294,0.4166638479949241,-0.269625636076935,-1.03920898605835,0.36798782110936196,-0.4478912900516157,-1.059979826152512,0.8161134261488898,0.05058301377056801,-0.08020011100009836,-0.21116505174179923,-1.9245478609697833,1.4155037700086472,-0.2581891031174115,0
-1.0740852177061642,-0.8392067474851732,-0.7888391160547635,0.9960574429420408,0.8776714955828891,0.5615229069795744,-0.6311813151674782,2.024737314538831,0.6903168590463848,1.3757001349758686,1.2611478584990017,-1.0999357119618332,-0.877516393282111,-0.8486292641975465,-0.7948385309540652,-0.47094063089192445,-0.9565615375034597,2.1379076325517747,0
-1.4538593365141768,-1.9205639177161002,-1.955079835148732,-0.656445344282453,-1.5518970723018581,2.644784581243819,-1.8142794713684256,-0.1398864503799225,2.959098502273254,0.528492101647195,0.7678412660368755,1.9736632623264077,-1.852959884071202,-2.039016050831361,-2.170087022539755,-0.7400518752926054,-0.5467909615474609,0.7691308865533242,-1
1.6948165457693933,1.5464634342857002,1.4991121920422787,-0.26753456161089284,-0.49610740398291703,0.6555477794670563,1.482100159452091,-0.1291560074245768,0.1244091543551691,0.583268253955877,0.38088289358943683,0.3271324977990474,1.3508716475086702,1.47907207267052,1.5672586448249881,1.222444300105329,1.0388477770462665,-0.4296918184337127,0
-0.7285267790044334,-0.7322484022819885,-0.7452229242407202,0.45799712012740484,-0.02869699103988152,1.5969028736538342,-0.6221645396792168,1.3201112319041424,2.3792593799973116,1.3408927976318756,1.3216044078824996,0.027266027319082006,-0.7323695509713496,-0.7805366104413993,-0.807217494171208,0.9436267366959017,-0.0372436748725218,0.9231052548111035,0
0.31225673107593793,0.04844889295653118,0.04077489839328646,-1.5701282935235519,-1.0657892187688462,-1.8691404121000303,-0.20748727737742262,-1.2020230723149719,-2.119248370719604,-0.8365975275865423,-1.2420042917894756,1.2532726147905717,0.40324145038895004,0.13253937861538478,-0.14710696653342606,-1.1552246126590566,0.7373866636131914,-1.8663961302022172,0
-1.19845395944329,-1.0935145797267116,-1.079788419551316,0.4754879213988028,0.3753431456001866,0.40317928203106923,-1.0140381248369756,0.41709374855220116,0.29553954179421205,0.8058257038268232,0.8280523456518598,0.24970337636191633,-1.1783869894565837,-1.106897459306936,-1.0022832156213228,0.6385379130778756,-0.37411841862078726,0.6396472402747652,1
1.6282592890946663,1.6737311840089122,1.662627306068971,0.6673810309429136,0.2933512942286691,1.2889470372380496,1.7758539056671407,1.1400181667467404,0.9699717807098617,1.1591816550797664,1.2905269431532143,0.13512647180763593,1.6068031872052944,1.5824627568732863,1.512244565331916,2.1653938400727477,1.094871498139197,1.4412186874668114,0
-0.3478291502219653,-0.33821207544162296,-0.33869361446432167,-0.01520856953874198,-0.010538433559966184,-0.017439031281515565,-0.3511436111856607,0.0053958231990997715,0.2251991688185148,0.06608669139569297,0.3261257872656829,-1.03867705361193,-0.4416971228264678,-0.31880821743012927,-0.18443614940594882,0.09750844931090387,-0.5299117036449921,-0.362226067742466,0
-0.7155778498996056,-0.8454381999514603,-0.8639968916984665,-0.6086302238896258,-0.5883919151014453,-0.18175804673082244,-0.8943929805925075,-1.3731688368025798,-0.5850307893728748,-1.4319832688170329,-1.643144755714912,-0.13739657704141883,-0.8946265236574679,-0.8379814055593583,-0.7562111598205468,-1.0967292656811338,-1.3616925205953343,0.3274967267557156,0
1.772713350925032,2.005471290395209,2.058156274888033,1.1410852390720165,1.3072102647030888,-0.2912343378216885,2.1474436921423448,0.25918425221002833,-0.2810683305863795,-0.37838125308964765,-0.2078271991863422,-0.11311344441685271,2.0337761226183186,1.980738167451186,1.8698472809255586,1.3907987053878565,1.2848151421596816,-0.42851284495530734,0
1.5133696480658008,1.6874259873959523,1.6989385455313915,0.987497950727831,1.062234168424701,-0.038252328610999475,1.7656484608852234,0.12147156242649058,0.7829209338459784,-0.01805378494654813,0.48635936904134824,1.5735502515726392,1.714793937558121,1.6448310161315627,1.526334062279516,1.623680603294726,0.7516415399252236,0.6399722343658044,0
1.7939598151372305,1.6973956423571979,1.6482886300997848,-1.2059275608065514,-0.7719919654632669,-1.579843700597202,1.3815519670631575,-0.4864012835186666,-0.6999467759896782,-0.23566743124974662,-0.4044344413217383,1.3647261514323736,2.0717924729337724,1.803330094174624,1.4780154739536355,0.47163143521232526,1.0637103455074233,-1.315838476222383,0
-1.238448053794481,-1.1342247222249098,-1.1232301241401665,0.28309450234760314,0.29134486329004555,0.02983665941684874,-1.0985844579391093,0.6001414560264249,0.47764285042187676,1.7859405175981433,1.177080858992302,0.6015044699962261,-1.2415890883956202,-1.1306464412170176,-0.9851483080512317,0.7431753676429973,-0.4055718223034699,0.09101945846996527,0
1.5937720271089506,1.6002904249646774,1.5663698800107326,0.2933665707361601,-0.06592743650678963,1.170133617105167,1.6309958493267283,0.7012804869380591,0.727185488276018,1.203914332390232,1.2772120366466357,0.2508240452292832,1.4838771444388759,1.5372011639837584,1.547421204155923,2.001074085068782,0.969816534890201,0.47855467607017477,0
-0.6935233954048754,-0.6873567559337633,-0.6612082138466385,-0.0472110243059203,0.14343666367991595,-0.5996740242002095,-0.6737610310133038,-0.47909329927236444,-0.7776244075578039,-1.5576810700074541,-0.8099134675320462,-0.6708151378515524,-0.7417575919366225,-0.6731237029286137,-0.5838683240798921,-0.9248115212944139,-1.4766707195553617,-1.0540982921204611,-1
1.5952522892611216,1.5329439650356247,1.4923909959389565,-0.252643034613968,-0.3586722017210131,0.27894281253699404,1.4507586068961944,0.11164189138706178,1.0169577414853521,0.6789947843115146,0.8065538688681759,0.5904774704945843,1.4539625563118237,1.5282222943689143,1.5600332983208398,1.8503455137572642,0.926492190859556,0.27327146685066195,1
-0.3611310881095704,-0.2910971286618326,-0.28481154047793383,0.23126121424990762,0.2857891846105557,-0.12362668593545642,-0.26895897296688076,0.033082735058672604,0.3089071887899114,0.12777462110500135,0.06538615771486306,-1.283346625012865,-0.42344352632725635,-0.28177442617556375,-0.12932838083599787,0.003749394886882333,-1.0272616418330425,-0.23104266731268364,0
1.714188885721809,1.7494500454402249,1.7437812176630039,-0.11317918878000824,0.18162698403619154,-0.9351603227725526,1.6617494267590665,-0.31144855934563903,-0.519515788891888,-0.7289041824970729,-0.0790403512249878,0.2584886172488449,1.655636045251092,1.7708024306736316,1.837335000982001,1.5640184867303664,1.104003481143113,0.09132965311459007,0
1.6977295235589815,1.6453059853814038,1.6249707209523974,-0.7879156912367349,-0.3020220807230903,-1.6589730317364677,1.4297189314872731,-1.6488798022722486,-1.4504694780181928,-1.4553940103995289,-1.7744837218773182,0.38782803329387544,1.6886024044536379,1.6874890696730704,1.6379248637748733,1.134782546290975,0.9699511395827599,-1.084259617584761,-1
-0.3055807200880768,-0.2720303111315662,-0.2593882578670359,0.1056823186996216,0.21477842481555284,-0.3171943378078343,-0.26842456047458163,-0.6870218968119131,-0.3057236914408702,-1.661193437545858,-1.5599007711714634,-1.1790728148158809,-0.4381294536951756,-0.2682227334204693,-0.08739177449955643,0.09869965200855893,-1.0165169482384824,-0.3185887497533972,0
-1.4192159139116909,-1.1539915500220752,-1.0810831743208111,0.7520296872040728,1.0932027880471265,-0.9094789177352044,-1.0462344819135734,0.2434242921013077,-1.0029305008867098,-0.17057305098684641,-0.28981716370359784,0.9459424622722941,-1.0485399909131343,-1.077173701439717,-1.0754370359752572,0.5023020718524539,-0.44375892826656893,-0.8549656529153908,-1
-1.0858254147333788,-0.9498227929355095,-0.8997924145197653,0.737033278938291,0.6823087476162844,0.31368444108997295,-0.7696109116851066,0.8808457079769261,0.2836511233515685,0.3792015397298733,0.6905450130079855,-0.9927984226126727,-1.0222596410766838,-0.9439089591894424,-0.8369809275447191,-0.8747502010265829,-1.1398584937331708,1.5413689373380455,0
-0.7266730347826794,-0.7018234248441269,-0.7027967319129802,0.20472056961494997,0.07225372740157475,0.450304679687595,-0.6636494497608147,0.7119396778888085,0.8443285027539226,1.0004694322610808,1.2533511286834258,-1.1439807874745456,-0.833527146408216,-0.7097068992340034,-0.5631672911334837,-0.20238745291559088,-0.9329682507303185,0.9567117341481575,-1
-0.3867435843429036,0.0027565293668469293,0.10282683129891194,1.9247145732986957,1.90403379538452,0.44062325191208696,0.32621603139836014,1.3330718025836794,0.5101885977588866,0.6047088226617743,0.8684818358192588,0.10628371868677268,0.19300477831001392,-0.025458911043164112,-0.24734045682478586,1.830400304735826,0.1383768177672744,0.6589347171896021,0
-0.7766215240335772,-0.7750923560141524,-0.7739148873960222,0.4864407639212972,0.0624172456797542,1.4083767190142538,-0.6349087495409577,1.1016441532744063,1.146636831188614,1.024442784513314,1.1632503540095656,-0.7130368163900274,-0.8213185304547848,-0.8259484525792676,-0.8069621645479818,-0.13225486293655767,-0.735145194809656,1.003691761395651,0
-1.3591908116987563,-1.942091067768592,-2.026299512562818,-1.0995527286883422,-2.225235924981596,3.2711179161530515,-1.9104614370978261,-0.3605733907936933,0.5227509783320118,0.3724132337738064,0.35651404029961475,2.293458289268426,-1.8885087166636392,-2.129722833552097,-2.3143959556548723,-0.5985820367205608,-0.6131114415428678,0.3370573080583051,0
1.5831182819311684,1.561718509511565,1.5373257175266783,-0.162494151389926,-0.10071714745955535,-0.2231161148277907,1.4937922409340936,-0.4183064125717674,0.22655000098165087,-0.42176152517485527,-0.40227531428204,0.30584647742237503,1.4062349379951293,1.555926625940519,1.6638068977829399,1.0802389894753088,1.1910840607097049,-0.9356620619648947,0
0.8877439037207895,0.9251420407737186,0.9159648211126156,0.3687782972894659,0.06558853965627261,1.0111328802111912,1.0216977688802686,0.2613939278606814,1.3253739102588404,0.3875695508633804,0.889538582753954,0.695025078114679,0.8778548226046257,0.8696259528916316,0.8362831783998381,-0.4360342134345099,1.2127515451420094,1.43031646195541,1
-0.6705251182439973,-0.5378693107906626,-0.5131219444686692,0.42943041843661844,0.4945474372368315,-0.1176487827084808,-0.4649092363365819,0.617296087786255,0.15490531500241878,0.3162035589716396,0.16341694495435247,-1.3317278246880526,-0.6951970510244253,-0.5291110971590939,-0.34468614950055304,-0.20197279823100286,-0.6260880432929338,0.10359545135810427,0
-0.8282335714472149,-0.8380454916974494,-0.8567473554436569,-0.24877226812828812,-0.328351877270321,0.19778569049550257,-0.8643793299245245,0.06344348364178368,0.5231747111926902,0.8580087214549156,0.6944804522903282,-0.8950775706098074,-0.8912931119028051,-0.8227106576754565,-0.729214651703038,-0.5026427697491367,-0.7528372846318682,-0.023707312325595302,1
-0.6951802707386727,-0.8009415016083117,-0.8262181969982929,-0.8447610844651092,-0.6293303865289517,-0.8324696314904375,-0.9492918423179341,-1.6051774692469454,-0.8851162239390199,-1.2594953052938613,-1.5463680587774034,-0.8572379448179626,-0.7642513617512995,-0.7595748030199795,-0.7330101852989025,-0.5505118379654866,-0.8208493058397235,-0.674502822725835,1
0.4380446052121196,0.8736353792661339,0.9419450876707737,2.148674249888449,2.008668748123242,0.8539908836671456,1.1682733836221657,2.0896627960068868,1.705381503816108,1.0234461386363034,1.2460336255903315,0.3708843942752896,0.9750382068242236,0.8480632248747725,0.6943382476681403,1.8583156654572701,0.5080405942254062,1.4408332711407277,-1
-0.6510848724607493,-0.5131752974807642,-0.48967716347360646,0.4618204191766154,0.48450798737434475,0.020092667665131098,-0.4353551952665286,1.0227518286286579,0.4820690453035518,0.7871804478256959,0.9159344935043735,-1.370311697492691,-0.6628002267167525,-0.5119043240453907,-0.34345170063598396,-0.15069796677266528,-0.6654473011764802,-0.3463403613121529,0
0.13835371115063272,-0.11573782760866007,-0.15395338724389418,-0.5286722322062638,-0.8989976321914439,1.0434641608481003,-0.15136332414228348,-0.11566198310063751,0.6257599772655256,0.5097686566432729,0.5432560567144871,1.032440510698598,-0.2291955704244389,-0.174912373152752,-0.11457850689050822,-1.5756423245670257,1.5421970755381782,0.5510464630330443,1
-0.21171342501893106,-0.2757428666030002,-0.28863858740619464,-0.6455745881949273,-0.3756902040888005,-0.9621417498415614,-0.40532612816436964,-2.0761200015547208,-0.9736327493576543,-1.4839451761457123,-1.4943560255492176,-1.1438989730923392,-0.31094744385697487,-0.23819847705656935,-0.15723192022616955,-0.22957725646477148,-1.115869839542875,-1.3764588021396935,0
-0.7699128444584438,-0.790715350609724,-0.796810603796034,-0.45416302528152636,-0.13817475887273467,-1.0674756567268044,-0.8949770084277698,-1.5131426746849033,-1.094765970758987,-1.6839731703621694,-1.8401283001997293,-0.02187656487846294,-0.7787964796085808,-0.7506459231126765,-0.7004178013944331,0.41056707052587477,-0.23906191137926158,-0.6683838533119673,0
-0.6961104894445088,-0.5985269558288059,-0.5656235889327104,0.36000845403009585,0.4786272342487396,-0.2969266361809715,-0.5334997850239027,0.4579258672868243,-0.15815718369183823,-0.9611285038982602,-0.8369422793674248,-1.3898501031181565,-0.7672231728644503,-0.5747565641451438,-0.3621400148051138,-0.2806612263731578,-0.6690792117386472,0.005088741720260055,1
-0.24728712849310328,-0.1859415543746306,-0.17233029125282584,0.4264707681419131,0.31728465538763323,0.42159004231644315,-0.10418709409597987,1.148757095249427,0.5037794726209055,0.7247715502457256,1.039295130015967,-1.3766159277593426,-0.33454492665143293,-0.2058210628039163,-0.06874588411344675,0.3229240841737611,-0.9242372212839435,0.1827912791254277,0
-0.8017791009330083,-0.8008230134977379,-0.7775673768877739,-0.31857222458226786,-0.027939795042504333,-0.962419825137606,-0.8501998480315559,-0.8068321089826324,-0.8484289852101312,-0.9768019606983013,-0.7991603719492758,-0.7080084262744037,-0.7645130691013854,-0.7292501500232966,-0.6723886491363706,-0.6509025345184274,-0.7327193154271728,-0.004637674940363365,0
-0.450577976760233,-0.35676093454290664,-0.3296526776449175,0.3294570291296627,0.4635020706968997,-0.3506793192315883,-0.3162797133332552,0.7719292238400107,-0.18991904965530657,0.04601349122934485,-0.0722844956914141,-1.5064907949999322,-0.5351893887331652,-0.3383347625402846,-0.12803200624259017,0.27235143908565246,-0.5424431071603641,0.41132007351341476,0
1.276026087469805,1.5285535770397483,1.5868206108126532,0.8106213819203424,1.2976698860227407,-1.3497923554987012,1.5405606419131816,-0.15653609259600967,-0.4682066810942346,-0.7849918790741401,-0.8716009153958003,1.3701771016945956,1.5367520750252066,1.5967989289665374,1.612159053342105,0.9713905413071806,0.5723548368167103,-1.0534424399836746,-1
-0.4103597900590002,-0.023067441624845003,0.0727196138086221,1.960292553495271,1.868417817314206,0.6680722975944512,0.31249911189176866,1.1697638393756973,0.8015672626749621,0.6183082270772992,0.5492070069932059,0.13477387188167572,0.20035717056275987,-0.07031994962300582,-0.3441189517220375,1.7232310132835955,0.13471643981122408,0.9126788062491422,0
-0.7467039908395474,-0.7599247274228361,-0.7746478305850258,-0.2622109209463236,-0.3165001369780071,0.11683188226749737,-0.7873439823559193,-0.03488162892963228,0.3868979661843733,0.8693595816523231,0.3874263791963522,-0.5357850820985199,-0.8056565136627194,-0.7395140581670387,-0.650892068108559,-0.7953390485366533,-1.4820363513236536,-0.08171221164236414,0
-0.7203921495086254,-0.7731198519732486,-0.7715665779376443,-0.015175740282804754,-0.11287528509180683,0.2996069327361583,-0.7361852883911381,-0.5332910743780485,-0.07124638357648458,-0.5767446146808123,-0.693774534023986,-1.0944537403185943,-0.899727126527166,-0.8082243127317873,-0.691788449524986,-0.35069218877364555,-0.8530805926413582,-1.0869477098386038,0
-1.7100456202786718,-1.3595907330523644,-1.295698983426885,1.5070094241155672,1.275925896435282,1.0105169264295888,-1.0411841544390945,1.2338239863546576,2.179450997864199,0.9969556887069346,1.2463470452848584,0.8024193985498658,-1.2078599977511513,-1.3994289386624057,-1.5544730618789147,0.4937830604076901,-0.22894817860309546,2.0763754030574897,0
-1.0611839076429155,-1.9114324714934605,-2.14645710899994,-3.3660886625223783,-4.20496121108633,1.939410673676354,-2.3587405813305096,-1.335841743720005,1.2657312207930813,-0.1827156025258179,-0.39167558137470615,2.816289119437524,-1.3230733075877588,-1.9875126203122653,-2.6075290904591846,-1.2723399508924211,-0.6512806624587723,1.5963670528415166,0
1.2202380386794185,1.5128442088070326,1.5848245079462686,1.0422013710373463,1.5914440255589621,-1.4970988799431604,1.5668752414933134,-0.1804396060660393,-0.773637289345891,-1.5663805166383065,-1.1272227673171373,1.2858576285863847,1.6270435957387281,1.5344974414928623,1.3961549059589884,1.0922884084395794,0.6678962517057846,0.08427425902601794,1
-0.7102475737303926,-0.7050703538995067,-0.6890734871798467,0.022310484667656796,0.062447233048172616,-0.11993866375056286,-0.6802040742140885,-0.2314338638200938,-0.42651434457537213,-1.262258452842908,-0.7107230458723292,-0.9334001065290469,-0.8430407960813082,-0.703147933826539,-0.5404187378720836,-0.9449050994984676,-1.492727074988583,-0.1786732633618363,0
-1.0892476551712909,-1.0694512222732022,-1.0273534685740566,0.4872848464069832,0.28150506351643206,0.732639653915983,-0.9015239694164695,0.5147567817846883,0.49494221007918393,0.6113172117985336,0.5384268085728263,-0.7293541754474894,-1.0568967144955104,-1.0986696067400255,-1.109704711938829,-1.1804009862026288,-1.339750137296923,1.0271449537283115,1
0.7289150975575968,0.3581033731363428,0.2742532208108666,-2.2895286357469695,-1.815423586434364,-1.9162577482635297,-0.06693150672699495,-1.7874907542302854,-1.8969016341169307,-1.4017540887432787,-1.3836078152334057,1.7003009051023363,0.7529943073454929,0.43178005989367174,0.09207434623604026,-1.0803856388944901,0.7147363036283558,-2.442275034998845,1
1.2101954148962122,0.9486559342875295,0.880177290275921,-0.6785465372889167,-1.1233610659877278,1.2448342115024116,0.8818401835421547,-0.6011014880788202,0.3140469680005456,0.014928867554375006,-0.2891332181521643,1.3609968751880255,0.7952649300331629,0.8403861503999136,0.8622457171708704,-0.6318769311467541,1.0171661974914128,-0.003933395710132574,0
0.36927378837221636,0.22743330087197233,0.17514606512967615,-1.1071652563028695,-0.7434472155574072,-1.3430564274156267,-0.017169682600179117,-1.69387208342127,-1.3719844596050041,-1.8274866660055742,-1.7500919755075053,0.47281958415408987,0.3087769924213015,0.24594376776444618,0.17485896342924476,-1.5982762381316553,1.4399027101364938,-0.1614613386282511,-1
-0.9729456630015769,-0.7508490186245929,-0.6944540030498926,1.1294912798014916,1.1331554259725305,0.2096396364355666,-0.5526278668570543,0.9933589729935519,0.6794056347890047,0.3565219688786146,0.6534478466287331,-0.58400341651303,-0.7381652217390837,-0.7672685831739763,-0.7749045423022545,0.8563357287865553,-0.15325547355252417,0.21757633214587038,0
0.04549135813977517,0.2452602284355874,0.28082993171056714,0.6178646173147877,0.6947111163713672,-0.1171074797189502,0.3468157821889651,0.6015299487889959,-0.07062266020838198,0.21812361676522274,0.602796461064319,0.3162921468420188,0.20104162170268397,0.241554452434963,0.2759041601839189,-0.6490803201658314,1.5381260102139196,0.2585202429865171,0
-0.7333138188879543,-0.7113458485568489,-0.7129657442592214,0.14979273936540347,0.03585623429678282,0.3821693557409244,-0.6855379450964239,0.799216573149406,0.9693367894327325,1.1426554603105672,1.356925944315575,-1.1124933148841414,-0.84618805654679,-0.7144299970885687,-0.5596662923508066,-0.15209631976108376,-0.949064992050057,0.7662623160304272,0
0.16148102389545838,0.027618538267841983,-0.01785760785180683,-0.7513989243465349,-0.7150504616586337,-0.25958431270655125,-0.12299093400919973,-0.7709114885510516,-0.16124414895335298,-0.2941672382102966,-1.2504895556396727,0.1646450817697051,-0.002104177560787168,0.03851141265800981,0.0787930212757398,-1.1935385638737643,1.3762518914646644,0.03966109280376144,1
-0.81389268678103,-0.9741529607551378,-0.9953389655318836,-1.1239633878890052,-0.883612110107077,-0.9642753842355682,-1.1287358108683643,-2.0604289912417473,-2.0640298862421,-1.5088693372475812,-1.7080145790227417,-0.07911099608125442,-0.9110845848431766,-0.9404708743977994,-0.9434243524082516,-1.5068592213539744,-1.5761387678746372,-2.1773720162697776,0
1.8014289799240408,1.977892426388254,2.0274460995651054,0.46808717465770094,0.9599115315485998,-1.4316007927346202,1.9742730841627496,-0.5380651304432739,-0.8534132308531238,-1.5559426712757747,-1.3045779312475123,-0.044594562970435896,2.0131966191792556,2.0105620829953064,1.9501758244550833,0.9321743354927031,1.1703000028454131,-1.660570430220257,0
-0.35454463695774163,-0.5044313125061212,-0.5076225196825956,-1.273636886863964,-0.5989975903945406,-2.33855204922725,-0.7568371368098337,-1.7602590582367847,-2.0298109523164625,-1.2247037878965301,-0.9434710887556045,-0.15359573058876821,-0.22723443501580928,-0.4200626629131883,-0.6044970980197636,-0.5350995022296257,-0.7490768885002353,-2.6946873217793144,-1
0.2416389875359003,0.0010314088923319257,-0.04289221272376709,-1.216460222777531,-1.3226963756964298,0.09101083910078701,-0.1780983011605643,-0.3219568623558104,-0.3658987563740589,0.031476136468679264,-0.3649332101514017,0.994007250001077,0.3951168797445016,0.08789528467056154,-0.22768281648382727,-0.9439306078742266,0.9030941866228477,0.543282264659,-1
1.8079135930515708,1.9695569067880143,2.0148351812343495,0.34376164433943024,0.841062954151298,-1.4728875209596524,1.940039054610682,-0.4855221897419631,-0.5303213240980708,-1.2844449651955514,-1.2400081372829341,-0.04726516659702418,1.980362302324715,2.023796775302378,2.009974525637772,1.0175106945045893,1.214741293592686,-1.171687601275881,-1
-0.9362108516718579,-0.7078166415242568,-0.6524053587569945,0.5399146778137432,0.8909343947797698,-0.9814747300600102,-0.6292123480695724,-0.6203225046305998,-0.6933548337141644,-2.478943932698194,-1.7366556011727083,-1.233692957356662,-0.7523368288318204,-0.6761611824786201,-0.579133658843434,-0.6818033381482932,-1.0429739855452063,-1.0487241252187047,0
-0.718090220586787,-0.7499352819612604,-0.7385619912360838,-0.43846329263313305,-0.19669740776302994,-0.8345367892840004,-0.8175926767405798,-0.765464440784309,-0.8113434783325374,-0.9616942420012579,-1.0434662939894703,-0.5393695586592546,-0.7231659046944139,-0.6868757619694611,-0.6301836456392697,-1.0731690185085776,-1.5401329049768882,-1.167542019204552,1
-0.7718276562674619,-0.7008604611020045,-0.677520926960406,0.5226504414263886,0.3441193087135808,0.6551697726381365,-0.5775961738189721,1.4009770797769279,0.5757943201359507,1.5213064473092164,1.1044719785371424,-1.1221547055143979,-0.7670119203111406,-0.7384126038468328,-0.6880782879618939,-0.2584731285624961,-0.668184349664854,0.6140761446845642,0
0.8865895978453971,0.8175013437135429,0.7896303224293694,-0.6617964881170979,-0.42243885837547485,-0.8707740522344598,0.6723755173530681,-1.0100922387688136,-0.45169535761436885,-1.9444064421819511,-1.11519329678102,0.6570867087742742,0.8968291321622146,0.8671225966864885,0.8119661515445705,-0.8204913430720684,0.9707658056679604,-1.674206956575926,-1
1.4290289898586952,1.0476740909430984,0.9615215859054764,-2.3424190545555974,-1.8998770982210973,-1.8288547820375654,0.6057369904722977,-1.7340709379180033,-1.7774818558839005,-1.1055111903946615,-1.116932563055493,1.9869474572994978,1.529938995608136,1.1495068911913953,0.7288605582696158,-0.8013704859769502,0.8412233337023097,-2.2677137377650007,1
-0.3452624776642623,-0.47163735149995595,-0.4689726042385449,-1.1497766958404882,-0.4102698733348775,-2.5152136564561203,-0.7024277270041344,-2.826189524363246,-2.6470758470532787,-1.8622846543274048,-1.5488592959461174,-0.29301274473880173,-0.24479904271974878,-0.4042077510449326,-0.5550430723550005,-0.6539694211309096,-0.8247209985941089,-3.473268995929899,1
-0.2489099783846583,-0.1950593941365482,-0.18336246941026454,0.4089396165442172,0.28320509733699956,0.4694105510717133,-0.11599913553784079,1.2217103714220316,0.708065496135357,0.7773292907121209,1.2056502941199356,-1.3619025803843199,-0.3487519314969755,-0.2148166380978983,-0.07217290100989388,0.37320530244255645,-0.9161978287832439,0.2535253439344118,0
1.628883993727601,1.5800818408527544,1.565468628192327,0.024100063968242016,-0.024519752747302094,0.1552911080433145,1.5328282799548558,0.24480062318638768,0.22864411198046986,0.9312434200059642,1.1252491851229829,0.9146358755384395,1.4209791604583994,1.55263881586319,1.6422389942803068,1.8234039364539387,0.81920653822859,0.2467670807147201,1
-0.6846079421032609,-0.6599852293049138,-0.6443514380888008,0.24311445988179997,0.2552911283447974,0.009854674888881034,-0.6107153721894607,-0.05671099380328615,-0.08708099520473779,-0.5655586723867577,-0.37196178545949565,-1.2477790631108157,-0.7767105194799222,-0.6829204632398892,-0.5677500549428234,-0.31662003812826284,-0.9254180498438827,0.18775984066705526,0
-1.9007407036383779,-1.6608583609792742,-1.600511060909728,0.4700814063141849,0.4877518284402232,0.037247081183228434,-1.4904917436051144,0.5444009116127716,1.0447805993935062,0.7491600014186055,0.7002590660027865,1.331358510241556,-1.5708641777331207,-1.6344320817712419,-1.6523000745354224,-0.0187457102777826,-0.46281344279192077,1.4715897593788776,-1
1.6871708092448563,1.5879636458863466,1.5486006767298761,-0.9036429533226119,-0.6583018034081017,-0.9366228587523754,1.359842798067765,-0.35131590159443465,-0.20129785419171659,-0.24148561927165946,-0.02472163689471506,0.6488285581236296,1.7160326188374257,1.646049308341836,1.52749661412804,1.1719715120804601,1.1044384007432657,0.16515368020093243,-1
1.618678371084054,1.5274931372146132,1.4967654877598449,-0.42643723167194714,-0.37925688595533696,-0.2295512329668042,1.4048864631562845,-0.3547124532974038,-0.5251454255725005,0.0973204580371916,0.01584351933480669,0.6840103422916245,1.5423357690508424,1.5639208791252208,1.5410324681445042,1.7859076092073893,0.9283236467349075,0.8677208944578623,0
1.7463878745508725,1.5534079799646654,1.5124306879083935,-0.21120247477042636,-0.46047675719923914,0.7306817686688368,1.5186104654336179,-0.7802328156907452,-0.12571766338092022,-0.11675437974767212,-0.3391715247213902,0.8397490750504942,1.4466896505033338,1.4875502048328018,1.4864950522505795,0.27321580465788076,1.0887534851467624,-0.8573526205136582,0
1.6952782722639412,1.5325163095757672,1.474540885011485,-0.5142496106368685,-0.6369957472631591,0.2795314540922183,1.4143441884623844,-0.6970700904507786,-0.4019197806972887,-0.1009111847481361,0.03897676156191162,0.4785055406653944,1.3995547226980474,1.490871477200352,1.541135342985509,1.1122516767171358,1.006268253167901,-0.8307183547674128,1
1.7488594851619947,1.9736723884531127,2.017918065689556,1.3925765376520383,1.3000670014318425,0.5589633565104958,2.1785396902300604,1.037486858288471,0.9367248702036243,0.3869530519737341,0.6201752042116052,-0.07190734009706776,2.010935840645667,1.922108338685384,1.7764309151134212,1.5040854813242395,1.3063506400998606,-0.2732064613019881,0
-0.7344206300534669,-0.7591826961076089,-0.7591095870219464,-0.446464313398367,-0.23580780232684684,-0.7397562820748204,-0.8360314297167105,-1.1016797974187116,-0.9947882407715307,-0.8943111070867062,-1.2465582390753018,-0.6816186368706759,-0.7898461164764257,-0.7249109262652533,-0.6379382262573601,-0.7304974664970856,-0.7872123631971994,0.15157505571786054,1
1.677121388661981,1.551574741694478,1.5303698292053936,-0.17376306182597268,-0.2628334589778706,0.2418544408831661,1.5064084035011804,-0.6481836548198233,-0.13049243481290065,-1.378731300433149,-1.0711660707030293,0.038893064067497686,1.3296894055308839,1.5194103542155737,1.6691280119974505,1.1523860717691339,1.1126112063402136,0.37009331276784535,-1
-0.2705774090153439,-0.2780109976115192,-0.27918677638773665,0.00265737703113279,0.02412052064989174,-0.06595156804858945,-0.2818637138076198,-0.45650598192579167,-0.012533543375407272,-0.38680803607150555,-0.4488445367908495,-1.1800015152127563,-0.4595244176622072,-0.27341310643737265,-0.07592088003137917,-0.04919078326796885,-1.0174191443277267,-0.40225436490598265,0
-1.328960977993134,-1.9431064003087253,-2.047741899515492,-1.2263255682084637,-2.489338257173284,3.67162482046207,-1.93393442145837,0.008538842154776446,1.2779685904141411,1.1957074960292613,1.0872755170607626,2.3249073565314924,-1.9117420705356412,-2.1454609202632726,-2.3220447722451345,-0.4753191152428474,-0.6072685504855129,0.5662907080681832,-1
1.6951220909252185,1.560940929429503,1.504172096412447,-0.8004154269090408,-0.775457318639224,-0.23389850335600398,1.3652492264064053,-0.5086528191473314,-0.6060963490601489,-0.03927429991211238,0.16871950681461095,0.5009273749163308,1.6294684971114255,1.5883708119777724,1.5009075973453003,1.217918154777913,1.0866350815542867,0.3105957018906574,-1
-1.6339685805269346,-1.2313322751261637,-1.1539911421400615,1.9400725247768384,1.576137637922901,1.5066881894899795,-0.8429546866500728,1.8040460519159616,2.6045409785731657,1.5185469048459241,1.3474179536854796,0.7741963518174635,-0.9959484879345578,-1.2953873696226335,-1.5633357448969034,0.7007315124262826,-0.23401547630081976,1.0740399959042195,-1
-1.6859065738563774,-1.328424672351087,-1.2601684925857588,1.5680922423495416,1.354209894926564,0.9691957550696297,-1.0033872542395335,1.2004997040105707,1.5041358107475435,0.8902639175528049,1.1937702145161124,0.6856601556645112,-1.1652850495505434,-1.3679360850268893,-1.5351765682519962,0.3914306328960666,-0.21739103877122776,1.918282851506142,1
-0.28092561939827676,-0.2816947062664709,-0.2803847194370471,0.012279630387424663,0.02187490766698888,-0.027314096255505526,-0.2880049470232334,0.1080888366342552,-0.04349903025222986,0.1355998424483644,0.13841879837159593,-1.2278915837185083,-0.45999800337700864,-0.2713603197154297,-0.07135265991812798,0.09386012547203941,-0.9793223271561834,0.026314859551179744,0
-0.7284113370198219,-0.7348015461002774,-0.7195758636398487,0.21832822175750127,0.0629611906395085,0.5238890756584776,-0.6575012280242571,0.6401682729042885,0.16480934062255104,0.8250073465778283,0.597994571033416,-1.0883324597841484,-0.8738990515171733,-0.743819972430704,-0.589923659732723,-0.15741423953319544,-0.8022692594159597,-0.2392394752795596,0
-1.7923764099106652,-1.4471692669266194,-1.3949854152292223,1.3188906598231616,1.040697380670861,1.1196102599034137,-1.1497119141854781,0.7404770238984791,2.4715124176971526,0.642041833445678,0.7005739676776523,1.0345341714848422,-1.3365663989913532,-1.4811234531430082,-1.5859183847973648,0.18803135585922104,-0.2806781927550393,2.2198803794525745,0
-0.8046038032147079,-0.7751676927616986,-0.7793888932646909,0.22653578875075642,0.02311107240082918,0.6743298560567147,-0.7038500872436315,0.7850785752688346,0.574714015298163,0.7406788178718078,1.206364499383062,-1.0823683704627454,-0.8942300646329974,-0.8206912568458137,-0.722202734161987,-0.3653364749699067,-0.7488933143308132,-0.19541007430505783,0
1.574134891715794,1.586327408110264,1.5740208579374813,0.024962619400351313,-0.0469192342637788,0.2275025427087267,1.5557535823676478,0.4252882123877545,0.26272802462375544,1.2339655386813433,1.089824259412803,0.22430282875997684,1.5045669099880052,1.6100336212736077,1.671296275660596,1.422493408080785,1.342767780597625,1.0573456276881237,-1
1.5964609591728838,1.588959204019158,1.5717868210272063,0.1405689772004174,-0.022812913677063396,0.5334973745737607,1.5852467588147006,0.2804593062374079,0.37461999213136443,0.9169454357083536,0.4463528211322457,-0.02181401322115607,1.4055314037690714,1.5620015850405318,1.676614723201118,1.037332675660753,1.2043683984798808,-0.30322144545086216,0
-0.6311760826613347,-0.47013646994599667,-0.45744059898707756,0.8630409846384535,0.49361001416523437,1.3129859413288747,-0.31001360159703795,1.4964886523339314,1.755428374446694,1.4198842520431216,0.732194050124431,0.5533482514651954,-0.4365875383559141,-0.4805115771548273,-0.5114793714044827,1.4762869746129692,-0.07384022302489235,-0.5122508049860137,0
1.6022190089212256,1.6136344682844932,1.5990506957032067,0.2859819975252453,0.0805535431437221,0.692166230272675,1.6382559664620624,0.6379270807728994,0.6198185433479524,1.0465025465200772,1.099096190433452,-0.11780607283540957,1.43523207148542,1.5867352343127041,1.695577194951723,1.156413639986473,1.2336469109382167,-0.0423087330853234,0
1.6296444996612287,1.5680033924378929,1.5515693370585737,-0.08198593291341108,-0.037102830565286724,-0.15504398130724978,1.4976595789858478,-0.22555949809498896,-0.13841500371542534,-0.016984445949517517,-0.0611305168990936,0.9005330678932948,1.4104251236529628,1.5374514945110809,1.6227662700401286,1.7242568498517008,0.7775138367546621,0.05244292614350009,1
0.8574122527128171,0.7201467137349583,0.6764683914450176,-1.1397340686763298,-0.7661518027926216,-1.379978155992617,0.48511853670852567,-1.0861660317465263,-1.0766964192811468,-1.2066287867049459,-0.932063488525464,0.8126956983959629,0.8463345861122012,0.7666358229985504,0.6634217230147269,-0.9653775679779346,0.892209537120304,-1.885067219801633,-1
-0.6575830273827389,-0.8069893363543632,-0.8244505109108843,-0.45390925113848957,-0.6952149683384664,0.6585169433900467,-0.8195514336458865,-0.08221656123509336,0.08334583225093471,0.8631810832714024,0.8021252389286713,-0.4639997477639245,-0.854401186953296,-0.7927364928829945,-0.7071498487375911,-0.7999753199160818,-1.3539416629788825,0.4248898695165672,0
0.16308349374898434,0.0630509388208854,0.02254873565832447,-0.08347359842502436,-0.47298191864182654,1.189977902887046,0.06276416958613444,0.6687243856250489,1.0325251267586084,1.7595885611342756,1.3813767210159238,-0.011249257640777898,-0.049112425805687795,0.013994708020858023,0.07789857455601745,-0.8986836728255745,1.4743365548685015,0.7209245248310556,1
-0.4524248930993935,-0.3248192264329208,-0.28987617321706055,0.2717743261651944,0.5736511932102633,-0.8817412822959924,-0.30441261462269836,-0.5267281990442749,-0.5070533999964254,-1.80196541348331,-1.197513009643171,-1.199130058934684,-0.4432095527174663,-0.29061980315315383,-0.12679187509845186,-0.0460371414055087,-1.0639710751670604,-0.28530119763285433,0
