date,open,high,low,close,adj_close,volume,sma_50,ema_20,wma_20,macd,macd_signal,macd_hist,tema_20,rsi_14,roc,cci_14,willr_14,atr_14,upper_bb,middle_bb,lower_bb,obv,ad,chaikin_ad,return,label
2018-03-14,172.61000061035156,172.74000549316406,170.92999267578125,171.67999267578125,163.7555694580078,40536400,165.42419952392578,168.3567067425532,169.3218566894531,2.1237770043223065,1.546900502731605,0.5768765015907016,172.62631277955083,60.00260777106655,2.6732765877841174,79.75176363738458,-26.64161538178066,2.883405330257006,174.07555608560477,167.9289993286133,161.7824425716218,240193000.0,224516645.89612865,22610050.138499856,-0.0008736830317067623,0
2018-03-15,171.8000030517578,172.52999877929688,170.89999389648438,171.52999877929688,163.61245727539062,28810400,165.68499938964842,168.65892503176687,169.66480901808967,2.102389524614921,1.6579983071082682,0.4443912175066526,172.81138947702237,59.57416141435972,4.286237375295252,65.0070079517244,-27.773644789209907,2.7916196797705704,174.20930394080938,168.37149963378906,162.53369532676874,211382600.0,217976967.74140683,13556045.7970244,-0.0029732088291573033,0
2018-03-16,171.82000732421875,172.1999969482422,170.94000244140625,171.02000427246094,163.1260223388672,31176700,165.9047994995117,168.88378972135678,169.91704755510602,2.0209907747306204,1.7305968006327386,0.2903939740978818,172.79543236814538,58.05623134675755,3.030302194612569,51.36325949476673,-31.622659935141503,2.679661432071442,174.4489081247322,168.6375,162.82609187526776,180205900.0,190759321.6463417,-40392.99082937837,-0.022921284475587722,-1
2018-03-19,169.10000610351562,169.22000122070312,165.63999938964844,167.10000610351562,159.6455841064453,71395100,166.04059967041016,168.71390556727667,169.77061956496465,1.621479184851438,1.7087732774764786,-0.0872940926250405,171.7320164616423,47.94426644849781,-0.4349614011646793,-57.54741345034299,-61.2075517762382,2.8767213606247077,174.35650981808053,168.74449996948243,163.13249012088434,108810800.0,177597334.5084714,-9786805.403289288,0.00329136907767702,0
2018-03-20,167.1699981689453,168.0399932861328,166.61000061035156,167.64999389648438,160.17100524902344,34075700,166.15519958496094,168.61258064624883,169.6663808913458,1.333866803788652,1.6337919827389134,-0.2999251789502613,170.97538998293314,49.27909526579629,-0.5280642133036475,-52.41442165867624,-57.05670050854953,2.7713081739513994,174.27469215620232,168.8625,163.4503078437977,142886500.0,193086222.9437439,-7955981.8514098525,-0.0043542842476319565,0
2018-03-21,167.2100067138672,168.75999450683594,166.19000244140625,166.9199981689453,159.47354125976562,43863500,166.2425994873047,168.45138231507707,169.48138071695965,1.0350954294908945,1.5140526720893095,-0.4789572425984152,170.14442013616468,47.536733663218406,-1.1898387462157876,-64.03494349126927,-62.56610222582547,2.7566606640457,174.13799638356207,168.96749954223634,163.7970027009106,99023000.0,174141218.23844132,-12511693.545381874,-0.02468245364475452,-1
2018-03-22,164.61000061035156,165.77000427246094,162.58999633789062,162.8000030517578,155.537353515625,66607300,166.24739959716797,167.9131557185705,168.89400009881882,0.4605587544735385,1.3033538885661555,-0.8427951340926172,168.37892214135024,39.128100639081794,-4.1563626122838375,-157.7609835579149,-98.33592281138723,2.870982942469207,174.41979949617814,168.86749954223632,163.3151995882945,32415700.0,116331368.10672665,-31632010.321608543,-0.02635140334461783,-1
2018-03-23,162.61000061035156,163.3000030517578,158.42999267578125,158.50999450683594,151.43873596191406,80110400,166.17399963378907,167.01761655554813,167.9075710478283,-0.3370482538041983,0.9752734600920848,-1.3123217138962833,165.81236664794366,32.65152214898259,-8.460388568632915,-203.3982242771037,-99.52323144144512,3.016057526243185,175.54363049003936,168.38449935913087,161.22536822822238,-47694700.0,38852986.60021424,-61230533.08926351,0.03715853633061883,1
2018-03-26,161.72000122070312,164.60000610351562,159.16000366210938,164.39999389648438,157.06597900390625,57481500,166.1961996459961,166.7683191594468,167.52809433710007,-0.4882555226104728,0.6825676635515734,-1.1708231861620462,165.24265509997576,45.8933830733617,-5.560666264218447,-117.72782266009614,-64.42195335979521,3.238887392409061,175.38216827871707,168.08449935913086,160.78683043954464,9786800.0,92107649.64479008,-50827942.06282428,-0.03236005026119071,-1
2018-03-27,165.6199951171875,165.6199951171875,157.67999267578125,159.0800018310547,151.98330688476562,78889100,166.08799957275392,166.0360984615047,166.67052314394996,-1.0255454219361866,0.3409450464540214,-1.3664904683902082,163.40825330671214,38.52539725254706,-7.35542740025559,-125.3100400325416,-92.01364498492836,3.579308379796556,175.90744603957904,167.62399978637694,159.34055353317484,-69102300.0,41038556.771065176,-58200871.46066394,-0.0115036573421603,-1
2018-03-28,158.1699981689453,159.77999877929688,156.0399932861328,157.25,150.23495483398438,89369700,165.9525994873047,165.19932717945665,165.68252316429502,-1.5807949714984773,-0.0434029571364782,-1.537392014361999,161.44980668399683,36.36277367219434,-8.405168506170886,-143.1040587975278,-93.68802364991252,3.5909334686327554,176.5659761854546,167.1259994506836,157.6860227159126,-158472000.0,9496545.641549256,-65962175.98638397,0.018314816424880753,1
2018-03-29,158.10000610351562,161.7100067138672,156.6300048828125,160.1300048828125,152.98648071289062,68692600,165.8393997192383,164.7165345797763,165.0162379673549,-1.7680608106007014,-0.3883345278293229,-1.3797262827713783,160.6207550681772,41.89120664905069,-6.646064232270208,-95.4534016586288,-78.66453452368255,3.6985568151231303,176.77320757809886,166.90849990844723,157.04379223879565,-89779400.0,35459069.00400844,-54879890.76917933,-0.0288516220264754,-1
2018-04-02,158.99000549316406,159.74000549316406,153.8800048828125,155.50999450683594,148.57260131835938,85549400,165.63319946289062,163.83972123949624,163.9306660243443,-2.26317805572333,-0.7633032334081243,-1.4998748223152054,158.77700687886446,36.42457611097724,-9.069120207081266,-117.56068757160804,-92.35823026676768,3.8828078953130825,177.43124592926992,166.38449935913087,155.33775278899182,-175328800.0,-2498310.580463007,-57434495.705456585,0.011253296005505842,1
2018-04-03,156.8699951171875,157.9199981689453,154.44000244140625,157.25999450683594,150.24453735351562,64090000,165.45159942626952,163.2130805982905,163.06166556222098,-2.485698084742808,-1.107782203675061,-1.3779158810677463,157.760342929966,39.63780496647847,-5.888696132413045,-101.8855968705613,-82.07852855440373,3.853741876490977,177.56696742073072,165.85599899291992,154.14503056510912,-111238800.0,37281524.6857988,-40601023.257808834,0.015770132728958774,1
2018-04-04,154.22000122070312,160.22999572753906,154.0399932861328,159.74000549316406,152.61390686035156,65768700,165.28399963378905,162.88231154065943,162.47918999081566,-2.433874460880133,-1.3730006551160756,-1.060873805764058,157.61565685588857,43.96042873625086,-4.71815609382267,-72.55453141754049,-68.57907491617891,4.022198342703399,177.34967857876887,165.41599960327147,153.48232062777407,-45470100.0,92637944.2278874,-12410194.3787603,0.005696684437382471,0
2018-04-05,161.3300018310547,161.5800018310547,159.47999572753906,160.64999389648438,153.48324584960938,43054900,165.10679962158204,162.6697098602618,162.02528468540737,-2.292943777977797,-1.55698927968842,-0.7359544982893771,157.7782945367367,45.50257419144353,-3.7562930393246567,-26.20444210724795,-63.04589549224192,3.883692056904326,176.9936818944641,165.00199966430665,153.0103174341492,-2415200.0,97558289.70911916,1816181.3956751376,-0.025023275234371756,-1
2018-04-06,158.8800048828125,160.4600067138672,155.8800048828125,156.6300048828125,149.6426239013672,59870900,164.8711996459961,162.0944998624095,161.2279518490746,-2.477080471632348,-1.7410075180772056,-0.7360729535551427,156.9113972046058,40.23502605565091,-3.789925094156006,-70.63720445758719,-82.07300745432806,3.9475153689335793,176.64286304625978,164.3404998779297,152.0381367095996,-62286100.0,57295755.23226553,-5339851.429752439,0.00702286158740506,0
2018-04-09,157.97999572753906,160.8800048828125,157.4600067138672,157.72999572753906,150.6935577392578,41810400,164.65879943847656,161.67883280194565,160.59838002522787,-2.50536971726234,-1.8938799579142325,-0.6114897593481077,156.52935358054452,42.206541215139694,-0.4920817653950752,-43.398881553183166,-74.12638757146152,3.969284968069824,175.49168003976308,163.56899948120116,151.64631892263924,-20475700.0,22086732.25037532,-18984749.31350584,0.022063089333619557,1
2018-04-10,160.2100067138672,161.72999572753906,159.07000732421875,161.2100067138672,154.01834106445312,48296800,164.4643997192383,161.63418269831914,160.37371404738653,-2.2213747202880256,-1.9593789103889916,-0.2619958098990342,157.16251190396034,48.045709992558216,-1.9403815699809488,19.301510343792625,-50.73920065629246,3.971494312005911,173.85759372667053,162.9254997253418,151.9934057240131,27821100.0,51500889.48083566,-13481816.664121583,-0.005768921877293831,0
2018-04-11,160.1999969482422,162.0,160.10000610351562,160.27999877929688,153.12977600097656,41622100,164.2679995727539,161.5052128012694,160.12176157633465,-2.047745373048372,-1.9770522029208677,-0.0706931701275042,157.4797909375234,46.68811750134817,0.7543355132196956,46.35436997684451,-46.173303406085296,3.822565232731831,172.56039197659908,162.35399932861327,152.14760668062746,-13801000.0,17764786.55113875,-20739211.815720536,0.012041477098012177,1
2018-04-12,161.25,162.77000427246094,161.16000366210938,162.2100067138672,154.97369384765625,30467900,164.1381997680664,161.57233603104063,160.10804799397786,-1.7344141076607116,-1.9285245838688363,0.1941104762081247,158.2755478899754,49.85477792725836,3.1542173061158585,104.38536983351014,-29.045921974754098,3.726806376532918,171.147806054169,161.88050003051757,152.61319400686614,16666900.0,27037726.11972272,-18872282.53175971,-0.005178543628084786,0
2018-04-13,163.02000427246094,163.25999450683594,160.6699981689453,161.3699951171875,154.1711883544922,44604900,163.97759979248048,161.5530654678165,160.05942847842263,-1.5361707181871225,-1.8500538107324933,0.313883092545371,158.7395320353836,48.50435718367421,0.7743647015326445,82.75785521322098,-36.20105225944642,3.6451495546933073,169.5137689146174,161.37249984741212,153.23123078020683,-27938000.0,6543511.853029344,-22913763.043018192,0.007622302928341096,0
2018-04-16,162.5,163.19000244140625,161.47999572753906,162.60000610351562,155.3463134765625,28180800,163.87039978027343,161.65277409978785,160.17633383614677,-1.2652250697678369,-1.7330880625395624,0.4678629927717255,159.4637327092871,50.613839877303846,4.5591999531374325,109.45616845102556,-25.723948260444608,3.5141025567623485,167.82592968465798,160.95149993896484,154.0770701932717,242800.0,15278108.906577667,-19704836.64031145,0.021525214444160667,1
2018-04-17,164.24000549316406,166.4600067138672,163.91000366210938,166.10000610351562,158.69015502929688,35536100,163.90019989013672,162.0763200049048,160.66666775658018,-0.759324917077322,-1.5383354334471144,0.7790105163697925,160.98501795296428,56.12188153844397,5.621271719105536,178.87966644665113,-2.861689649860577,3.538929129859022,167.60883785073358,160.90149993896483,154.19416202719609,35778900.0,40780481.55029435,-8486353.93981143,0.002046937540018723,0
2018-04-18,166.10000610351562,167.0,165.30999755859375,166.44000244140625,159.0150146484375,29573900,164.06660003662108,162.49190880838114,161.19414418538412,-0.3271889081908909,-1.2961061283958697,0.9689172202049788,162.3318912384714,56.62793100864514,4.194313708427228,166.70106169849066,-4.268275663152799,3.4062696623957422,167.32176489861075,160.84100036621095,154.36023583381117,65352800.0,50755224.30373434,48293.85374325514,-0.009192494333419066,0
2018-04-19,165.60000610351562,165.99000549316406,164.33999633789062,164.91000366210938,157.5532684326172,34705700,164.1186001586914,162.72220355635525,161.58166830880302,-0.1069433462073448,-1.0582735719581646,0.9513302257508198,163.0424641284935,53.630440146213445,2.6517335371764523,110.28563008806856,-15.9298560649057,3.3125760383897345,166.8952080142958,160.74050064086913,154.58579326744243,30647100.0,40028183.002583,122200.82312717287,-0.01582681797581731,-1
2018-04-20,164.49000549316406,164.61000061035156,161.72999572753906,162.3000030517578,155.05970764160156,49197100,164.16040008544925,162.68199398448886,161.73019234793526,-0.1413727312773005,-0.8748934038219919,0.7335206725446913,162.9461713011509,48.87742000006202,3.61999488743392,43.33598431146785,-36.26538976413645,3.303070232740996,166.84053307917793,160.71550064086915,154.59046820256037,-18550000.0,10305152.298560616,-9316001.624598086,-0.0025262085914972143,0
2018-04-23,163.08999633789062,163.72999572753906,161.02000427246094,161.88999938964844,154.66796875,33040600,164.32920013427736,162.60656592783738,161.84204937162855,-0.1994430803034674,-0.739803339118287,0.5403602588148195,162.75827889832908,48.155423142227896,2.6374207663679368,15.222643526509088,-39.42899662917512,3.2605552307978938,166.9429508551739,160.88450088500977,154.82605091484564,-51590600.0,-1521240.0956691783,-16093118.240049891,-0.021187180732058053,-1
2018-04-24,162.66000366210938,162.91000366210938,157.38999938964844,158.4600067138672,151.39096069335938,70256800,164.37640014648437,162.2116555265069,161.61114516485304,-0.5162845862375036,-0.6950995885421304,0.1788150023046267,161.71284847668502,42.49952878450307,-1.7058494420144743,-79.80814326171787,-76.79853449695374,3.4224828421569424,166.50830195640523,160.5875015258789,154.66670109535258,-121847400.0,-44540637.055523664,-31090554.22995661,0.0011989598294050996,0
2018-04-25,158.74000549316406,159.30999755859375,156.47000122070312,158.64999389648438,151.572509765625,52089300,164.37200012207032,161.87244965698093,161.42662062872023,-0.7434829756210775,-0.7047762659579199,-0.0387067096631575,160.90762525973727,42.89957596347485,-1.0169733561434524,-113.33262426959509,-75.09001591744881,3.3807478100093014,166.51161335723052,160.56600112915038,154.62038890107024,-69758100.0,-16662022.328624103,-25528986.60999981,0.0210527054848737,1
2018-04-26,160.6999969482422,162.52999877929688,160.17999267578125,161.99000549316406,154.76348876953125,43005500,164.41800018310548,161.88364545090312,161.56224009195964,-0.6465749997548755,-0.693136012717311,0.0465610129624354,161.12073143086656,49.54540126270541,-0.1356274037342218,-15.011112301275004,-47.57830092712008,3.4165115599925437,166.57638977061578,160.8030014038086,155.0296130370014,-26752600.0,6579544.94622818,-13537938.758928131,0.0006172655184630838,0
2018-04-27,164.3699951171875,164.41000366210938,161.1699981689453,162.08999633789062,154.85902404785156,51043400,164.40620025634766,161.9032979163305,161.6848110380627,-0.5553050937304533,-0.6655698289199394,0.1102647351894861,161.32812496832315,49.73401820618444,0.4461803572468707,12.8834899390538,-46.6287201453715,3.4038703315013783,166.69188034826078,160.9010009765625,155.11012160486422,24290800.0,-15476352.016618611,-14419573.784492962,-0.007094786368475936,0
2018-04-30,162.47000122070312,163.47999572753906,160.5399932861328,160.94000244140625,153.76034545898438,35615300,164.31100036621095,161.81155549014724,161.6885254632859,-0.5692064742715672,-0.6462971579902651,0.0770906837186978,161.2050036189125,47.53313795536635,-1.020912422999893,-28.78647075783369,-57.5498410361487,3.370654803473373,166.40959485225346,161.17250137329103,155.9354078943286,-11324500.0,-41400200.154425085,-21717869.44929945,0.01143280918341305,1
2018-05-01,160.52000427246094,162.8000030517578,160.13999938964844,162.77999877929688,155.5182647705078,36513500,164.26740020751953,161.90378818435198,161.84162045433408,-0.4268308511683756,-0.6024038966258872,0.1755730454575116,161.58620070200567,51.25037495060451,-1.9988002421563305,-22.24225344505217,-40.07598964778711,3.3197772239146124,166.40609285907058,161.44850158691406,156.49091031475754,25189000.0,-5435891.881419338,-11285995.093554877,-0.005897477959682984,0
2018-05-02,163.05999755859375,163.57000732421875,161.6300048828125,161.82000732421875,154.60110473632812,38646800,164.19800048828125,161.8958090548155,161.877001953125,-0.3869993440006851,-0.5593229861008469,0.1723236421001617,161.65289356941827,49.28830652497231,-2.775772079680141,-3.594174175076108,-49.1927186731083,3.2210113697023903,166.4492616958343,161.5525016784668,156.65574166109928,-13457800.0,-36512612.38480144,-15880458.008775951,-0.0001236205138765989,0
2018-05-03,161.0,162.39999389648438,159.22000122070312,161.8000030517578,154.58197021484375,60337100,164.13760040283202,161.8866846735719,161.90057351248606,-0.3529778561995158,-0.5180539601205807,0.1650761039210648,161.70443733924134,49.24599797687531,-1.8858774733422272,-55.148076892690725,-49.38269279257609,3.218075652663855,166.49000016735354,161.61000213623046,156.73000410510738,-73794900.0,1056065.6165804935,-4362662.745583422,0.018973992629948366,1
2018-05-04,161.10000610351562,165.25,160.97999572753906,164.8699951171875,157.5150146484375,41543200,164.13900024414062,162.17080947772575,162.21104903448196,-0.0774006527745712,-0.4299232986513788,0.3525226458768076,162.54446428917117,55.55176499686993,1.5834824504655811,51.615137271297726,-20.22796894336134,3.2933517548091804,166.52764729663343,162.02200164794922,157.51635599926502,-32251700.0,35205072.14962271,11611361.281289084,0.008309640423066478,0
2018-05-07,165.63999938964844,166.77999877929688,165.50999450683594,166.24000549316406,158.82391357421875,32500200,164.100400390625,162.55835195538654,162.6127636864072,0.2486780483089035,-0.2942030292593224,0.5428810775682259,163.5863837051595,58.05618325931388,2.6870134782357487,147.8601308978192,-7.2174225540288734,3.194372264004224,166.85779559277947,162.44750213623047,158.03720867968147,248500.0,40067743.39711463,18637824.5727308,-0.001022606853512742,0
2018-05-08,165.88999938964844,166.42999267578125,164.86000061035156,166.07000732421875,158.6614990234375,26040200,164.01380065917968,162.89279532384674,162.9577641805013,0.4877577687483665,-0.1378108696577846,0.6255686384061512,164.3890566402769,57.62232468215381,4.802473992124092,136.58084472296636,-6.886436694510389,3.078160953052022,167.33083858740542,162.69050216674805,158.05016574609067,-25791700.0,54166366.41953641,24303864.64702473,0.010899003304432275,1
2018-05-09,166.3699951171875,168.0,165.77999877929688,167.8800048828125,160.39077758789062,29122700,164.0056008911133,163.36776766279587,163.4520025344122,0.8138997165731041,0.0525312475883931,0.761368468984711,165.50474710591672,60.96697234807922,5.817845156899598,169.92881066869288,-1.0407209877850263,3.016773500255792,168.08839082669715,163.07050247192382,158.05261411715048,3331000.0,80140796.25938796,32676939.204004586,0.010364487632637198,1
2018-05-10,168.4199981689453,169.74000549316406,168.2899932861328,169.6199951171875,162.0531005859375,27067600,164.0538006591797,163.96321789654746,164.07576373872303,1.1989514640033576,0.281815290871386,0.9171361731319716,166.85385601289468,63.91538851805594,4.710160729234262,171.62879713842958,-0.9043733032220502,2.934033813574465,169.19088923461598,163.44100189208984,157.6911145495637,30398600.0,102727892.11324155,40318460.27590388,-0.0009432166485430216,0
2018-05-11,169.4199981689453,169.86000061035156,168.72000122070312,169.4600067138672,161.9002685546875,24688800,164.15340087890624,164.48672159343505,164.649002293178,1.4742043112806584,0.5202930949532406,0.9539112163274178,167.89540045680093,63.44087120763813,4.546863188653011,135.0507175376867,-2.9872585117039163,2.8057257057528444,170.07403292235722,163.84550247192382,157.61697202149043,5709800.0,110091473.5189248,42122180.22749791,0.001711278618219625,0
2018-05-14,169.85000610351562,170.82000732421875,169.47000122070312,169.75,162.1773681640625,21821700,164.22860076904297,164.9879862035841,165.21133539109002,1.696191569878522,0.7554727899382969,0.940718779940225,168.79659574445725,63.96312057924004,5.474088122871269,121.90066293602692,-7.456493861397084,2.7023378229757964,170.9071600867143,164.20300216674804,157.49884424678177,27531500.0,97321657.57525772,34967653.29584704,-0.011075139221281338,-1
2018-05-15,168.41000366210938,168.5,166.97999572753906,167.8699951171875,160.3812255859375,49361600,164.22940063476562,165.2624632429749,165.5605728149414,1.700811493286352,0.944540530607908,0.7562709626784441,169.01626561338554,58.16242212499264,3.12691754273314,63.19232082697899,-25.43112633481449,2.707176434136924,171.1386942886841,164.29150161743163,157.44430894617918,-21830100.0,105764887.03266875,31548405.8969982,0.006612263314695888,0
2018-05-16,168.08999633789062,169.3699951171875,168.00999450683594,168.97999572753906,161.44166564941406,22941200,164.23820068359376,165.6165139557905,166.00709606352308,1.773595681473978,1.110351560781122,0.6632441206928559,169.45218825654382,60.44338735036015,4.424662019063396,75.75075289212745,-15.862160590777908,2.62086186436602,171.5102370399498,164.4185012817383,157.32676552352677,1111100.0,115548660.5878528,30394604.82893695,-0.0038465730436662016,0
2018-05-17,168.38999938964844,169.61000061035156,167.50999450683594,168.3300018310547,160.8206787109375,27480200,164.22620086669923,165.87494137248234,166.37961992536273,1.7585570487792097,1.2399926583807397,0.51856439039847,169.60855964530728,58.4343362188138,4.035845893777895,60.87456526778321,-21.46555330181605,2.5836227546105084,171.88247072124892,164.58950119018556,157.2965316591222,-26369100.0,109529317.51895596,25244203.88563226,-0.0051683901130155085,0
2018-05-18,167.67999267578125,168.25999450683594,167.2100067138672,167.4600067138672,159.989501953125,26217900,164.17820098876953,166.02589997642377,166.6530014038086,1.6573327881882278,1.3234606843422374,0.3338721038459904,169.47917186596194,55.76269479662752,1.570941756162933,33.59817440261963,-28.96550726239052,2.478986272154243,172.16328897615463,164.847501373291,157.5317137704274,-52587000.0,95796276.95045044,16472690.23833476,0.0056132040184573295,0
2018-05-21,168.75999450683594,169.5,167.67999267578125,168.39999389648438,160.88748168945312,22954600,164.08300079345702,166.25200415928668,166.9913340250651,1.6341237804902846,1.3855933035718468,0.2485304769184377,169.58697431414328,57.997184002209806,1.2993192564644935,50.89661351818095,-20.862173744899493,2.447604106026543,172.5127303166791,165.17300109863282,157.83327188058655,-29632400.0,91003515.97255044,9861857.049805343,-0.0013064205978436938,0
2018-05-22,169.1699981689453,169.4499969482422,167.8800048828125,168.17999267578125,160.67739868164062,19477700,163.96500061035155,166.43562211323857,167.27771417526972,1.579767636847606,1.4244281702269987,0.1553394666206073,169.58976600536712,57.26807903729283,1.2705396871833528,44.50863847119125,-22.7587349944358,2.384870152427506,172.42083333390414,165.65900039672852,158.8971674595529,-49110100.0,78969257.71186681,2431810.657934397,0.008443414731690968,0
2018-05-23,166.89999389648438,169.6199951171875,166.8800048828125,169.60000610351562,162.0340118408203,26557800,163.92280059814453,166.73699201707447,167.65304805210658,1.6324552890624773,1.4660335939940945,0.1664216950683827,169.93325406736332,60.70211158712701,1.0245420363811404,45.207138625187326,-12.39837177747626,2.410253673915081,172.35503154445442,166.20650100708008,160.05797046970574,-22552300.0,105139564.1940908,7498088.227609873,-0.0002948293039994887,0
2018-05-24,169.5500030517578,169.85000610351562,167.83999633789062,169.5500030517578,161.98623657226562,27696500,163.88020080566406,167.00489782990144,167.97147681826638,1.6511424621497497,1.5030553676252256,0.148087094524524,170.17494435654788,60.517685207101785,-0.0412640416487049,60.26114269293907,-21.308772513729057,2.3816461940482103,172.57724036198883,166.58450088500976,160.5917614080307,-50248800.0,124568408.31986514,15070916.889077157,0.0010026432667973317,0
2018-05-25,169.52999877929688,170.3300018310547,169.2100067138672,169.72000122070312,162.148681640625,27460500,163.84400085449218,167.2634791052159,168.2700958978562,1.660528078904349,1.5345499098810502,0.1259781690232988,170.39032785915578,60.95204533249067,0.1534252900596998,106.76171307358216,-18.456457455932615,2.2914737337427917,172.73288199665907,166.96600112915038,161.1991202616417,-22788300.0,122116417.62504224,16018630.039590374,-0.004419043098077169,0
2018-05-29,168.9499969482422,169.9199981689453,167.9600067138672,168.97000122070312,161.43215942382812,41220500,163.80300079345704,167.4260050209766,168.46095304943267,1.5891290256049049,1.5454657330258212,0.0436632925790834,170.3458746915565,57.92436295979019,-0.4594985445047864,26.495223399399155,-36.70640807503436,2.267783125932785,172.48147969268268,167.36750106811525,162.2535224435478,-64008800.0,123378223.82200605,15351575.569326058,0.007160983880787564,0
2018-05-30,169.5800018310547,170.47999572753906,169.22000122070312,170.17999267578125,162.58815002441406,22665800,163.86460052490236,167.6882895595294,168.7288093930199,1.611603398774179,1.5586932661754929,0.0529101325986858,170.59816741683426,61.267139345713375,1.3760633977389325,124.09843614950049,-16.24401654454479,2.213627131057787,172.53105525146967,167.73750076293945,162.94394627440923,-41343000.0,135250628.8768047,17460675.29716967,-0.0006462883787522467,0
2018-05-31,170.17999267578125,171.1999969482422,169.6300048828125,170.07000732421875,162.48304748535156,35670900,163.91300079345703,167.91511982283316,168.9509528750465,1.6020719149642275,1.56736899593324,0.0347029190309875,170.75192513422908,60.79433985526346,0.6450536301570315,135.28670569783287,-26.15721526588135,2.167630928856479,172.19750756178857,168.15000076293944,164.1024939640903,-77013900.0,119573821.11810862,11748079.508323357,0.015699406444166675,1
2018-06-01,170.9199981689453,172.83999633789062,170.8699951171875,172.74000549316406,165.03396606445312,45543300,164.0294009399414,168.37463274381705,169.38809618268695,1.7893383053427954,1.6117628578151513,0.1775754475276441,171.546431160709,67.3761507228694,2.6198560055476614,221.64502870652245,-1.677701142362653,2.210675857856254,172.06369202778555,168.69700088500977,165.330309742234,-31470600.0,160493862.0147362,21363114.288329244,0.009030899091035938,0
2018-06-04,173.17999267578125,174.33999633789062,173.07000732421875,174.3000030517578,166.5243377685547,20459600,164.2594009399414,168.9389537255257,169.92171543666294,2.040109917232684,1.697432269698658,0.3426776475340258,172.57642319585233,70.49302285738686,4.084555155654495,237.0150274556156,-0.5361036453411572,2.1670372826937783,172.88264866453184,169.1685012817383,165.45435389894473,-11011000.0,179664873.48656127,29454303.59497336,0.0030980681392900333,0
2018-06-05,174.7100067138672,175.1300048828125,174.07000732421875,174.83999633789062,167.04022216796875,24779300,164.5860009765625,169.50095778384616,170.46185782296317,2.256410673963501,1.8092279505516269,0.4471827234118741,173.53126332659582,71.50777341488579,3.824229616875714,196.71789170952545,-3.515255089962121,2.087932352806217,173.8143336092581,169.5985008239746,165.3826680386911,13768300.0,190885257.847706,33656793.91760349,0.005833929843430674,0
2018-06-06,175.02000427246094,175.88999938964844,174.13999938964844,175.86000061035156,168.01470947265625,25036600,164.81520111083984,170.10658091018,171.05819113595146,2.4815308592456238,1.943688532290426,0.5378423269551973,174.54550152295252,73.3706875814231,4.566540771217593,158.6325210434501,-0.3329500287055031,2.0637856360610964,174.79608173518446,170.08800048828124,165.37991924137802,38804900.0,215063495.06171265,40009361.44335401,-0.00813151330380546,0
2018-06-07,175.88999938964844,175.92999267578125,173.5500030517578,174.42999267578125,166.64857482910156,39600300,165.12220092773438,170.51833441166588,171.47171420142763,2.5155528118029906,2.058061388192939,0.4574914236100516,174.96956142294928,66.77857324282786,2.8478693387060585,107.6984715413164,-16.57460799190693,2.086379186796165,175.36853288196568,170.41549987792968,165.46246687389367,-795400.0,204747232.9049568,35688477.34097925,5.738557613543804e-05,0
2018-06-08,173.61000061035156,174.8800048828125,173.17999267578125,174.44000244140625,166.65809631347656,31780300,165.4660009765625,170.89182660497448,171.85500015985397,2.5143394190496053,2.1493169943642725,0.3650224246853328,175.2822956585687,66.80105843094624,2.884104571885904,78.54668027217596,-16.464002697690105,2.058772977446889,175.8922399096347,170.65650024414063,165.42076057864656,30984900.0,220076580.92850897,35553955.73013988,0.002694343121561138,0
2018-06-11,174.30999755859375,175.33999633789062,174.27999877929688,174.91000366210938,167.10714721679688,22319700,165.76160095214843,171.2745101342254,172.26009572347004,2.5222282894094405,2.223899253373306,0.2983290360361343,175.62344317811832,67.89967815665744,3.0579792623600057,83.03481508138093,-11.270612038442083,1.987411310100884,176.44697835258336,170.92900009155272,165.4110218305221,53304600.0,224288111.8146724,33606778.92310852,0.005259837343109197,0
2018-06-12,175.14999389648438,176.0,174.9600067138672,175.8300018310547,167.98609924316406,22511800,166.1680010986328,171.7083664863044,172.7268577938988,2.573055853289162,2.293730573356477,0.2793252799326846,176.1050162825399,69.99292064663689,4.05989262046063,90.24579050884086,-1.8640160083521875,1.923293082064904,177.11554854529464,171.23300018310547,165.3504518209163,75816400.0,239440316.650566,34576200.95682469,-5.684187415033737e-05,0
2018-06-13,176.10000610351562,177.13999938964844,175.42999267578125,175.82000732421875,167.97654724121094,37858600,166.53920135498046,172.09995132801052,173.163715616862,2.5827581622987736,2.351536091144937,0.2312220711538368,176.46031845283193,69.93956355335744,3.3141467218080005,92.49295841762084,-14.193458411609804,1.908054554800635,177.62370649495116,171.63050079345703,165.6372950919629,37957800.0,218851132.5535526,25278387.67094755,0.010123983080119414,1
2018-06-14,176.6300048828125,177.88999938964844,176.5,177.60000610351562,169.67710876464844,35916000,166.8964013671875,172.62376606853482,173.73223993210564,2.702920749617164,2.421813022839382,0.2811077267777815,177.1765037924648,73.7740891844474,4.427587731528585,114.99004509005168,-2.920377643783078,1.919624189471575,178.45661132695264,172.06150131225587,165.6663912975591,73873800.0,239780940.5561872,25836185.90293178,-0.0034910492943067695,0
2018-06-15,176.92999267578125,177.3300018310547,176.11000061035156,176.97999572753906,169.08480834960938,49615700,167.22300140380858,173.03864508367806,174.20066797165643,2.7168031940238397,2.4808110570762736,0.2359921369475657,177.56496249974592,70.40521250639327,2.454550248664193,94.57113860818184,-9.16419268192239,1.8889305632433289,178.990362137973,172.49400100708007,165.99763987618715,24258100.0,260928148.007972,30444288.832226694,-0.0027121467913131525,0
2018-06-18,175.49000549316406,176.64999389648438,174.94000244140625,176.5,168.98712158203125,31633200,167.62040130615233,173.3682979328516,174.58219168526784,2.6584287754045874,2.5163346007419367,0.1420941746626507,177.72080699435247,67.82306088336198,1.2621898506730982,64.90175038782668,-16.032291617167992,1.8997229049581856,179.23304123386748,172.9460006713867,166.65896010890594,-7375100.0,287011861.8837238,37861122.73356593,-0.0028328611898017497,0
2018-06-19,174.27000427246094,176.0399932861328,173.7100067138672,176.0,168.50843811035156,38236000,167.98580139160157,173.61893622496095,174.8730487641834,2.542512307535901,2.52157014210073,0.0209421654351711,177.68192350109928,65.14289723450977,0.663465846720556,23.81737929421278,-22.88136375979768,1.9633253968222053,179.3825201886914,173.3260009765625,167.26948176443364,-45611100.0,323935250.6379969,49201712.77560386,0.007102272727272707,0
2018-06-20,176.80999755859375,177.97999572753906,176.64999389648438,177.25,169.70521545410156,33038000,168.30660125732422,173.9647518225837,175.24676295689173,2.5224351625386703,2.521743146188318,0.000692016350352,177.939507111579,68.49479614890672,0.7904011058934448,125.64312238124732,-10.267168282324056,1.964516339037312,179.57967789345864,173.77950134277344,167.97932479208825,-12573100.0,320706234.6334996,48340747.90267897,-0.008688255492991903,0
2018-06-21,177.6999969482422,177.8800048828125,175.3699951171875,175.7100067138672,168.23072814941406,43469400,168.61520141601562,174.1309665741345,175.43062061128165,2.355111038504134,2.488416724651481,-0.1333056861473474,177.71772544857282,60.744788231198825,0.7338268026331581,53.39981833824767,-46.23206466509832,2.0034863630267026,179.60953402783315,174.08500137329102,168.5604687187489,-56042500.0,289013761.0049615,33509952.672613084,-0.002219562772446615,0
2018-06-22,176.3000030517578,176.3699951171875,174.69000244140625,175.32000732421875,167.85739135742188,30073200,168.87740142822267,174.244208550333,175.5482402256557,2.166066704676041,2.4239467206563936,-0.2578800159803527,177.40385429583336,58.92640954674077,0.5044742435772955,-19.90787032156147,-55.41638983638138,1.9803762526662856,179.5095835121333,174.37350158691407,169.23741966169484,-86115700.0,281495734.1493757,22004350.3814804,-0.022530299121688357,-1
2018-06-25,173.72999572753906,173.99000549316406,169.80999755859375,171.3699951171875,164.07550048828125,77799700,169.07740142822266,173.97047393765249,175.26219199044365,1.6781698373874008,2.274791344002595,-0.5966215066151941,176.0946878577988,44.42218739109151,-2.023902847638408,-248.9108513626228,-80.9057783571678,2.232527565890374,179.3371189647134,174.45600128173828,169.57488359876317,-163915400.0,261766422.51183328,9019609.343028069,0.004084800297464941,0
2018-06-26,172.0,173.05999755859375,171.3699951171875,172.07000732421875,164.74569702148438,39008100,169.2668014526367,173.78947711732548,175.03495447067988,1.3326314440624856,2.086359364014573,-0.7537279199520874,175.18305852562008,46.91586917645133,-2.138426018131256,-164.06123609641654,-72.33769556747953,2.193770828171508,178.95249482723614,174.61100158691406,170.26950834659198,-124907300.0,255073241.7144047,758056.9060222507,-0.013599183454851449,-1
2018-06-27,172.8000030517578,173.5800018310547,169.61000061035156,169.72999572753906,162.50531005859375,52843500,169.3394012451172,173.40285984210772,174.57009676978703,0.8600562057501406,1.8410987323616863,-0.981042526611546,173.81575624518453,40.39165369096165,-3.4637762160079286,-168.6659386996844,-98.56636574445432,2.320659455296897,179.0252363753542,174.58850173950196,170.15176710364972,-177750800.0,205424180.01433784,-18488012.07786703,0.008601936903426699,0
2018-06-28,169.52000427246094,171.77000427246094,169.1699981689453,171.19000244140625,163.90313720703125,46407700,169.4344012451172,173.19211151823137,174.2464301699684,0.5964715123865574,1.5921732883666608,-0.9957017759801036,173.0682507196421,45.48545980190016,-3.6092361721954287,-140.34983076969655,-77.07145479863935,2.3406149818708952,178.8751836481575,174.64450149536134,170.41381934256518,-131343100.0,231126889.40786108,-16502540.75716734,0.0026870228898767667,0
2018-06-29,172.00999450683594,172.9199981689453,171.39999389648438,171.64999389648438,164.34361267089844,36408500,169.5692010498047,173.0452431733031,173.96123897007533,0.4198563671377258,1.3577099041208738,-0.937853536983148,172.57504777400217,47.02154127347558,-3.011640840618073,-78.69316056343878,-71.85021095584823,2.296994866479414,178.94371018150372,174.59000091552736,170.236291649551,-94934600.0,206694836.0072688,-21963906.68459976,0.006699733155638654,0
2018-07-02,170.0399932861328,172.85000610351562,169.6699981689453,172.8000030517578,165.4446258544922,31770000,169.7792010498047,173.02188697125118,173.79076298304966,0.3684366119686899,1.159855245690437,-0.791418633721747,172.47264899194806,50.75730921171203,-2.096315551412004,-71.58110622052709,-58.79675495174688,2.3600732097758725,178.9372495619639,174.51500091552734,170.09275226909077,-63164600.0,237465720.91885924,-12410646.938988805,-0.011574073869668577,-1
2018-07-03,173.4499969482422,173.4499969482422,170.6300048828125,170.8000030517578,163.52972412109375,25512700,169.95740112304688,172.81027897891846,173.43695366269066,0.1644076116286612,0.960765718878082,-0.7963581072494207,171.87488155345898,44.8359629994067,-2.954543720592152,-64.98305194284036,-81.49823683864129,2.392927449427652,179.0174868824073,174.3130012512207,169.6085156200341,-88677300.0,215028995.73312896,-14513212.607699543,0.012412149176280085,1
2018-07-05,171.91000366210938,173.05999755859375,171.02999877929688,172.9199981689453,165.55950927734375,31626200,170.24660095214844,172.82072842558767,173.30428670247397,0.1717986593244234,0.8029723069673503,-0.6311736476429269,171.94215771117638,51.31889991592694,-2.4428783249955925,-38.08068831909897,-57.43472146207298,2.3834314628429274,178.8516386550909,174.1660011291504,169.4803636032099,-57051100.0,242292977.6450639,-5379066.808583736,0.015556340908459143,1
2018-07-06,173.32000732421875,175.74000549316406,173.0,175.61000061035156,168.135009765625,37005600,170.5858010864258,173.08637339556518,173.44181046258836,0.3902186360720918,0.7204215727882988,-0.3302029367162069,172.70298273157056,58.054865275271325,-0.0569154286576738,42.95892923073996,-26.90120061243011,2.414617820633085,178.95198401265085,174.2250015258789,169.49801903910696,-20045500.0,275786972.5016372,9503815.45528999,0.008997220121651495,0
2018-07-09,176.52000427246094,177.22999572753906,175.82000732421875,177.19000244140625,169.64773559570312,27362100,170.88980102539062,173.4771952094548,173.7241915021624,0.6829384945645245,0.712924957143544,-0.0299864625790194,173.7412477905594,61.43062596297468,1.0666182061750225,102.11247914205173,-8.967009137956117,2.3578550544485326,179.2632912007506,174.3625015258789,169.46171185100724,7316600.0,301596860.73604006,22940521.232794706,0.0007337032621548278,0
2018-07-10,177.52000427246094,177.72000122070312,176.7100067138672,177.32000732421875,169.77223205566406,23902500,171.19440124511718,173.84317731562282,174.0058587210519,0.9148654000514398,0.7533130457251233,0.1615523543263165,174.6256966817972,61.703733228986266,3.472026828828739,105.34673768518726,-7.491357391768217,2.2615729982042097,179.54749325823417,174.48300170898438,169.41851015973458,31219100.0,306566873.3888176,27933221.146494538,-0.005075621013413523,0
2018-07-11,175.92999267578125,177.07000732421875,175.8000030517578,176.4199981689453,168.91053771972656,30280600,171.50400115966798,174.08858882546306,174.19033457438152,1.014353095382063,0.8055210556565112,0.2088320397255517,175.11217417524466,58.60965171341888,2.528035485306976,85.78876140866556,-16.76240629691723,2.2086005835054667,179.61476601206974,174.51250152587892,169.4102370396881,938500.0,305851251.3225202,27208607.6222322,0.017231655007788005,1
2018-07-12,177.1999969482422,179.4600067138672,177.0800018310547,179.4600067138672,171.82113647460938,27930100,171.83760131835936,174.6001524338825,174.66152554466612,1.3232475201461682,0.9090663485544426,0.4141811715917256,176.29161014415658,64.99473094856579,5.732640800832478,136.48087686802887,0.0,2.267990218683316,180.21303881660629,174.69450149536132,169.17596417411636,28868600.0,333781351.3225202,33325515.033012807,0.0008358068141807173,0
2018-07-13,179.4499969482422,179.89999389648438,178.9499969482422,179.61000061035156,171.96478271484375,28049800,172.19340118408203,175.07728083164145,175.12966831752232,1.5621444028558642,1.0396819594147269,0.5224624434411373,177.2848490823116,65.2793334613318,4.918510455554934,133.04282642638535,-2.702641207848111,2.1738429077018906,180.5879183003005,174.7950012207031,169.0020841411057,56918400.0,344706351.727281,36274430.46320945,-0.002394120222198426,0
2018-07-16,179.64999389648438,179.9499969482422,178.8800048828125,179.17999267578125,171.55300903320312,21405300,172.5410009765625,175.4680152929881,175.54728655133928,1.6972094825304396,1.1711874640378694,0.5260220184925701,177.97027088951265,63.68087305065064,4.386833118000536,107.70302055155472,-7.14289758492126,2.094992581401584,180.93826537847076,174.90500106811524,168.87173675775975,35513100.0,335303624.29263043,31191352.54970026,0.006083333191401419,0
2018-07-17,177.27999877929688,180.6499938964844,177.27999877929688,180.2700042724609,172.59671020507812,31034100,172.84900115966798,175.9253475767474,176.05823923746746,1.870640775087168,1.3110781262477291,0.5595626488394385,178.79457678785735,65.95649332369531,4.322917296746603,92.89628829862552,-3.310015378419928,2.186068307053373,181.5360160449694,175.09350128173827,168.65098651850715,66547200.0,359339117.12506354,33923990.89088428,-0.0018861240839921356,0
2018-07-18,180.2899932861328,180.44000244140625,179.3800048828125,179.92999267578125,172.27113342285156,23220800,173.12280090332033,176.306742348084,176.51885746547154,1.9580787170977487,1.440478244417733,0.5176004726800156,179.35888919040133,64.59685602635032,5.345427084832523,91.53336589060656,-6.2717899709314295,2.105631306657058,182.06241037345455,175.29000091552734,168.5175914576001,43326400.0,360214894.40381056,32236545.62907141,-0.005001911482907073,0
2018-07-19,179.27999877929688,179.8800048828125,178.82000732421875,179.02999877929688,171.40939331054688,31094100,173.3820007324219,176.5661001034376,176.8750477382115,1.932475554940936,1.5388777065223738,0.3935978484185622,179.562849092377,61.01169146250768,3.533426252053278,69.91529342532691,-14.75405963159343,2.03451096708077,182.29731303531003,175.37900085449218,168.4606886736743,12232300.0,341440625.23815155,22642000.95752269,-0.00022338874158245314,0
2018-07-20,179.57000732421875,180.1699981689453,178.7899932861328,178.99000549316406,171.37115478515625,35897300,173.6042007446289,176.7969482357925,177.21895294189454,1.8872032363523203,1.6085428124883632,0.2786604238639572,179.69438352903848,60.85007297914578,1.9247223227976356,64.69292663283467,-15.118297351946133,1.987758840822461,182.63816939156976,175.54300079345705,168.4478321953443,-23665000.0,315948937.98472387,8547604.833296418,0.0031844910214915423,0
2018-07-23,178.4600067138672,179.63999938964844,177.74000549316406,179.55999755859375,171.9168701171875,22184700,173.80300079345704,177.060095790345,177.60152406238373,1.8756963340011907,1.6619735167909289,0.2137228172102618,179.92550796472793,62.379635941384805,1.337544491524694,48.70863651403175,-10.878218892290135,1.981489705588919,183.0610902066572,175.75500030517577,168.44891040369438,-1480300.0,336265403.96072733,8468990.60817808,0.004121215767574293,0
2018-07-24,181.41000366210932,182.0500030517578,179.55999755859375,180.3000030517578,172.62535095214844,36900300,174.01980072021485,177.36865838667003,178.03438146682012,1.904337275101,1.7104462684529431,0.1938910066480565,180.28280762276043,64.32818960023033,1.68057500814915,95.9277781211787,-15.88021162907588,2.0178133951166104,183.47248791994863,176.2015007019043,168.93051348385995,35420000.0,321297926.819446,2904542.9158420563,0.013976728950678474,1
2018-07-25,180.3800048828125,182.92999267578125,180.2899932861328,182.82000732421875,175.03814697265625,35026600,174.2812008666992,177.8878344759604,178.66471543085007,2.1061008914284685,1.7895771930480482,0.3165236983804202,181.2049975797289,70.02244124125187,3.627711836355756,156.89776798343092,-1.1076075799204663,2.0622565394198284,184.2927222086132,176.7390007019043,169.1852791951954,70446600.0,353406031.51210266,10580343.724291565,-0.015151537914275037,-1
2018-07-26,180.33999633789065,180.9199981689453,179.80999755859375,180.0500030517578,172.38601684570312,40873500,174.52480102539062,178.093755292703,178.980048987979,2.0192076472559397,1.8355032838896264,0.1837043633663126,181.21562143065168,58.89373997977788,0.3287620170611723,70.65611639882073,-40.392620128362346,2.1299550196187105,184.20920844604183,177.25500106811523,170.3007936901886,29573100.0,330207953.369275,5377387.94373107,-0.013496294881326754,-1
2018-07-27,181.19000244140625,181.3099975585937,176.60000610351562,177.6199951171875,170.05941772460938,59456100,174.6976010131836,178.04863527598727,179.01481032598588,1.7342711945367455,1.8152568660190505,-0.0809856714823049,180.56742723796117,51.2053637349171,-1.1079591817836514,-53.70471838385519,-74.474127433545,2.314247940051535,183.9496753158529,177.5765007019043,171.20332608795573,-29883000.0,296503309.342891,-7964152.333414078,-0.014131260983201388,-1
2018-07-30,177.6300048828125,177.72999572753906,174.27000427246094,175.11000061035156,167.65628051757812,60193000,174.83320098876953,177.7687653078315,178.77990555536178,1.291039127678232,1.7104133183508867,-0.4193741906726547,179.36259248725574,44.71239659324601,-2.2714545327581126,-216.79148281558733,-90.30026024551528,2.3960886608979868,183.63929442554144,177.74950103759767,171.85970764965387,-90076000.0,265536913.06322223,-22550985.596375883,0.0076523118795044365,0
2018-07-31,175.8000030517578,177.1300048828125,174.82000732421875,176.4499969482422,168.93922424316406,47285100,175.01300079345702,177.64316832120394,178.65614326113746,1.0359591349834716,1.5755224816774038,-0.5395633466939322,178.70711979077188,48.46913299397799,-2.119047669430986,-183.55585455667537,-74.82684070401962,2.389939163995081,183.4087404296785,177.93200073242187,172.45526103516525,-42790900.0,284982812.0499319,-20280905.381236613,0.00379709935127881,0
2018-08-01,176.86000061035156,177.64999389648438,176.10000610351562,177.1199951171875,169.5807342529297,37101900,175.1874008178711,177.5933423017738,178.5788093930199,0.8777514831301119,1.4359682819679451,-0.5582167988378335,178.33364822132313,50.28799166463209,-1.5617171527690383,-109.46513537864692,-67.09013093327178,2.3299414375214518,182.66999616957543,178.24800033569335,173.82600450181124,-5689000.0,296711658.4055137,-13776611.872700274,0.013606615450248105,1
2018-08-02,175.8699951171875,179.74000549316406,175.7899932861328,179.52999877929688,171.8881378173828,47178200,175.4144009399414,177.7777857758236,178.7009044828869,0.9360477576226174,1.3359841770988798,-0.3999364194762624,178.64587890415189,56.26748915311732,0.2792828036693369,-29.26189804239546,-39.2609520721851,2.4456629273449453,182.28906752748,178.57850036621093,174.8679332049419,41489200.0,338873297.3272808,3551721.6625086665,0.0030635718570575232,0
2018-08-03,179.8699951171875,180.08999633789062,179.0800018310547,180.0800018310547,172.4147491455078,28934400,175.62400085449218,177.99704444775037,178.84390462239585,1.0149291533609812,1.2717731723513002,-0.2568440189903189,179.03776164015187,57.52319327423442,0.608970503625273,41.7276226546994,-32.90986906672821,2.343113414541612,182.30300067272387,178.8020004272461,175.30100018176833,70423600.0,367235050.5323993,19341895.795585573,0.005886259150464701,0
2018-08-06,179.9600067138672,181.19000244140625,179.74000549316406,181.13999938964844,173.4296417236328,24808800,175.85580078125,178.2963734898359,179.06657119024368,1.149722882293247,1.2473631143396895,-0.0976402320464424,179.62584290267887,59.91221145650282,0.8799297463451478,80.86496859460793,-20.669696110060777,2.2793183596620112,182.55962924539688,178.9995002746582,175.43937130391953,95232400.0,390332790.7788556,31392439.31066358,0.003643610822199772,0
2018-08-07,181.6499938964844,182.13999938964844,181.259994506836,181.8000030517578,174.0615692138672,29895700,176.0974008178711,178.63005249573325,179.33328574044364,1.2948781143908832,1.2568661143499282,0.0380120000409549,180.26882383606875,61.3691072942306,0.8319467413261233,116.00576988088808,-13.048396503512528,2.187937118032105,182.8947721182244,179.22350006103517,175.55222800384593,125128100.0,397127645.051293,35630348.07981986,0.001210127706326114,0
2018-08-08,181.5500030517578,182.3500061035156,181.0599975585937,182.0200042724609,174.27215576171875,22680700,176.35840087890625,178.95290504589778,179.59961947486514,1.411397232764017,1.287772338032746,0.123624894731271,180.84009952984013,61.86659846642689,-0.4375905369805014,100.24226632385545,-10.507963301330104,2.1237984772202325,183.1307307729288,179.50350036621094,175.8762699594931,147808800.0,408204278.45953983,37649298.83529681,-0.0006043325336204664,0
2018-08-09,181.91000366210932,182.6300048828125,181.63999938964844,181.91000366210932,174.16685485839844,18852900,176.5930010986328,179.234533485537,179.8288102649507,1.4778278639085158,1.3257834432079,0.1520444207006157,181.2647439554506,61.44054862570849,1.0330466974870596,93.13436360191209,-11.77817990242147,2.042812225733744,183.4015331370697,179.62600021362306,175.8504672901764,128955900.0,399634884.1237548,32325944.23430616,-0.007641137714615609,0
2018-08-10,180.67999267578125,181.22000122070312,179.83999633789062,180.5200042724609,172.8359832763672,33818500,176.80200103759765,179.35695927476783,179.91395350864954,1.4021501693186167,1.3410567884300435,0.0610933808885731,181.23573163913028,56.17602174955309,1.6327042196798192,32.35562724693804,-27.829002662363045,2.044754755894955,183.46704584413945,179.6715003967285,175.8759549493176,95137400.0,399145031.9012855,27053623.987269163,-0.0011078935492395692,0
2018-08-13,180.8500061035156,182.009994506836,180.2400054931641,180.32000732421875,172.64454650878906,26089200,176.95360107421874,179.44867813662032,179.97571607317244,1.3109254364403,1.335030518032095,-0.0241050815917949,181.14407333459215,55.43994935624556,2.9752765094555085,43.717488704172,-30.13843933742232,2.025128414481238,183.5270489027641,179.7285011291504,175.9299533555367,69048200.0,375414246.2808429,14886640.826316,0.006266579293065844,0
2018-08-14,181.009994506836,181.66000366210932,180.0399932861328,181.4499969482422,173.72640991210938,20913000,177.09660095214844,179.63927992820334,180.13966805594308,1.314655368592355,1.3309554881441472,-0.0163001195517922,181.34749962841263,58.73026105297706,2.833663976467306,54.848891052191625,-14.114926416502849,1.996191114679175,183.65390811362872,179.78750076293946,175.9210934122502,89961200.0,390905218.777523,13484853.434295597,-0.012234782353489737,-1
2018-08-15,180.00999450683594,180.5800018310547,178.1199951171875,179.22999572753906,171.60092163085938,58528000,177.1844009399414,179.600300480521,180.0865723382859,1.1255017380730976,1.2898647381299375,-0.1643630000568399,180.9242977153004,50.79477002523269,1.1912831235996408,-8.46297265680411,-40.66996300291487,2.0914642168604165,183.62578213795916,179.75250091552735,175.87921969309556,31433200.0,385195054.8886513,9868628.860710263,0.0032919244029698813,0
2018-08-16,180.6100006103516,180.9900054931641,179.47000122070312,179.82000732421875,172.1658172607422,27711800,177.26360107421874,179.62122494182557,180.09300152006605,1.0115446707282274,1.2342007246495954,-0.222656053921368,180.71856787469727,52.62681640078111,0.1615376521438033,17.78979508313871,-33.612408533969976,2.067788689356969,183.65109137135576,179.79200134277343,175.9329113141911,59145000.0,370245454.7260255,2735425.223343551,0.00022240732123157692,0
2018-08-17,179.35000610351562,180.3099975585937,178.27000427246094,179.86000061035156,172.20407104492188,36092600,177.37220123291016,179.64396548168517,180.09947764078777,0.9139248411241568,1.1701455479445078,-0.256220706820351,180.55075008011545,52.75522384989657,-0.122168601991421,-21.33646001461402,-35.46741534397737,2.065803287094324,183.6770232247157,179.83550109863282,175.99397897254994,95237600.0,390414904.4249629,5986173.619233251,-0.0008896011429245787,0
2018-08-20,180.259994506836,180.3300018310547,179.0,179.6999969482422,172.0509490966797,24939000,177.4774011230469,179.64930181183345,180.0865724836077,0.8142631458401866,1.0989690675236434,-0.2847059216834569,180.36383753046096,52.14623669193492,-0.7949665707509886,-30.332495761354817,-42.83630068686743,2.013245639117168,183.68249951625725,179.84250106811524,176.00250261997323,70298600.0,391727332.783326,7189418.47528255,0.0036728084213573098,0
2018-08-21,180.2400054931641,181.44000244140625,180.1300048828125,180.3600006103516,172.6827850341797,26258700,177.58640106201173,179.71698741169234,180.13585815429687,0.7795511337393748,1.0350854807667895,-0.2555343470274149,180.37557808959963,54.48045608149686,-0.7920805375323663,16.735141215182065,-33.18714069962726,1.993728347519507,183.68701778538045,179.84550094604492,176.0039841067094,96557300.0,374689090.8996203,1606812.7283706665,0.0038811097021138607,0
2018-08-22,179.97999572753906,181.2700042724609,179.75,181.0599975585937,173.35305786132812,18042400,177.6910009765625,179.84489313996866,180.25152449834917,0.7993115516541991,0.9879306949442715,-0.1886191432900725,180.56132696522343,56.88267126061295,-0.5274182459803588,9.3529338098615,-34.81161695447472,1.9598906909144185,183.39779413393413,179.75750045776368,176.11720678159324,114599700.0,387745945.5259312,3331399.3286082745,-0.0014359577506993793,0
2018-08-23,180.7400054931641,182.0500030517578,180.5,180.8000030517578,173.10414123535156,25776200,177.7906008911133,179.9358559887105,180.35081045968192,0.7849440944705464,0.9473333748495268,-0.1623892803789803,180.6404972292027,55.706759828846906,-0.6101921763540373,44.121308080228005,-40.57644941265631,1.930612823498951,183.4619288490695,179.79500045776368,176.12807206645786,88823500.0,371947711.2518051,-1292653.3611171842,0.009291994731329023,0
2018-08-24,181.3999938964844,182.6300048828125,181.3600006103516,182.47999572753903,174.7126007080078,23136100,177.88820068359374,180.17815501145608,180.60652429489863,0.898758817600168,0.937618463399655,-0.038859645799487,181.13539578127657,61.27719739639959,1.085747512015282,122.1792639222145,-3.326138147567348,1.9234262832615336,183.740145547713,180.03800048828126,176.3358554288495,111959600.0,389618275.59561867,2555654.953491926,0.010192901435227997,1
2018-08-27,183.3999938964844,184.33999633789065,183.1100006103516,184.33999633789065,176.49337768554688,29343600,178.03540069580075,180.57452085206887,181.0162381853376,1.1260637483126743,0.975307520382259,0.1507562279304153,182.01624600159843,66.32649092017529,2.229363825636879,217.46524740295277,0.0,1.9188958541837464,183.91978490147036,180.4995002746582,177.07921564784607,141303200.0,418961875.59561867,13234230.631878138,0.0014647080276926072,0
2018-08-28,184.8300018310547,185.0200042724609,184.22000122070312,184.6100006103516,176.7519073486328,20277000,178.19760070800783,180.9588522576196,181.4077144077846,1.312857824043732,1.0428175811145537,0.2700402429291784,182.79751094858443,66.99920492891626,1.7415286388848938,198.49122909224292,-5.942074175306978,1.8389745487129947,184.24397127204745,180.9075004577637,177.5710296434799,161580200.0,418454844.2389282,16238298.829373002,0.011537862931424891,1
2018-08-29,184.92999267578125,186.83999633789065,184.8600006103516,186.7400054931641,178.79124450683594,29175600,178.4124008178711,181.5094382800524,181.96319107782276,1.6141600355782373,1.1570860720072904,0.4570739635709469,183.97598013640396,71.78747557211909,4.190152287366874,198.34392765253665,-1.146683838634821,1.8669047598017543,185.14897636603712,181.3885009765625,177.6280255870879,190755800.0,444683677.3860217,24336564.654298604,-0.0017671726536757637,0
2018-08-30,186.3800048828125,187.5200042724609,185.7899932861328,186.41000366210932,178.4752960205078,29315500,178.5956008911133,181.9761587926293,182.4414294288272,1.8055031032709223,1.286769478260017,0.5187336250109054,184.83722250077463,70.09065912744057,3.6647737011870505,156.22152202531095,-11.808505630325383,1.85712659187588,185.9775126745995,181.7325012207031,177.48748976680673,161440300.0,436380661.4922847,22795207.920642853,0.0012874321638343122,0
2018-08-31,186.17999267578125,187.17999267578125,185.97999572753903,186.6499938964844,178.705078125,28653200,178.81440063476563,182.42128594537735,182.90976206461588,1.9539847493248037,1.4202125324729742,0.5337722168518291,185.58235545777015,70.63427092625336,3.7751547109369095,122.60660117142328,-9.255420517206936,1.8101885763232468,186.7384649107452,182.0610008239746,177.38353673720405,190093500.0,439723528.7531992,21156000.847107112,-0.004286031712449345,0
2018-09-04,186.0800018310547,186.3999938964844,184.8500061035156,185.8500061035156,177.93914794921875,29063500,179.02500061035155,182.7478307223429,183.27061971028647,1.9842322007902735,1.533016466136434,0.4512157346538397,185.9598073628388,66.30791844159882,3.422375770570968,80.52690254264172,-17.765920664113853,1.8094599462904837,187.2319334734429,182.296501159668,177.36106884589307,161030000.0,448161614.41966754,21246988.77025461,-0.012913688869811701,-1
2018-09-05,185.5200042724609,185.5500030517578,182.82000732421875,183.4499969482422,175.6413116455078,42623300,179.26660064697265,182.81470369623813,183.38047645205543,1.79386429196461,1.5851860313020694,0.2086782606625405,185.6198497196692,55.353996601384,1.7132381500520184,27.320511915538415,-44.00007918074307,1.896641585966954,187.3336023276572,182.37900085449215,177.4243993813271,118406700.0,425210313.5153174,12049980.017407596,-0.008939762425350106,0
2018-09-06,183.52999877929688,183.75,180.5800018310547,181.8099975585937,174.07110595703125,46091400,179.46140045166015,182.7190173974149,183.32628566196988,1.4934465853974643,1.5668381421211484,-0.073391556723684,184.89130557251917,49.3541100370146,0.414227333543009,-30.855003176975217,-61.72980231207789,1.987595912869336,187.32698939855413,182.36850051879884,177.41001163904355,72315300.0,414886899.52343214,3907391.983151496,-0.0038501565240740554,0
2018-09-07,180.5,182.6699981689453,180.44000244140625,181.1100006103516,173.40090942382812,46629500,179.6890005493164,182.56577770340883,183.20642852783203,1.1852170406728533,1.4905139218314896,-0.3052968811586363,184.0928788135685,47.01183236084425,0.1714588237617645,-57.231376377444384,-75.23474703913334,2.004910235770056,187.3139725055597,182.32850036621093,177.3430282268622,25685800.0,396276896.8103744,-5700248.71075815,0.003368122181523825,0
2018-09-10,182.1499938964844,182.25,180.72999572753903,181.72000122070312,173.98495483398438,26132000,179.89960052490235,182.4852275621988,183.14847622825985,0.978880927077114,1.3881873228806143,-0.4093063958035006,183.5823967378166,49.27120769765363,-0.4164809977147617,-60.274247170294245,-74.64607287687903,1.9702740018680232,187.31399055908707,182.38850021362305,177.46300986815902,51817800.0,404185358.42760056,-6596114.051807523,0.00770412660730746,0
2018-09-11,180.9900054931641,183.4199981689453,180.5200042724609,183.1199951171875,175.32534790039062,30116500,180.1290005493164,182.54568161505483,183.2181424095517,0.9177466654087992,1.2940991913862516,-0.3763525259774523,183.51701899260507,54.10769356464946,-0.6618212243353425,-40.51292028158301,-56.62814331863735,2.0366827325285737,187.3692991466255,182.52849960327148,177.68770005991746,81934300.0,428070781.9282896,1236949.7908740044,-0.002948849391281594,0
2018-09-12,182.8500061035156,182.97999572753903,181.009994506836,182.5800018310547,174.80831909179688,36204000,180.32460052490237,182.5489502070548,183.2230473836263,0.8163144128955651,1.1985422356881146,-0.3822278227925495,183.3151303853881,52.0465225852957,-1.0996147405803518,-53.1929216978723,-69.77402773736773,2.041919736012981,187.4004404304841,182.5849998474121,177.7695592643401,45730300.0,449572883.3953018,11170512.757759094,0.010680232931789435,1
2018-09-13,183.72000122070312,184.8800048828125,183.63999938964844,184.52999877929688,176.67530822753906,31133200,180.5992004394531,182.7376214996493,183.40828537713912,0.8830972831464692,1.1354532451797856,-0.2523559620333164,183.64870822972213,58.23393187162051,-1.1834671997737072,21.70271546711801,-42.23170508302868,2.0603542984804872,187.47741410787324,182.85,178.22258589212674,76863500.0,463130661.2184729,18532580.30087936,-0.002926317074215312,0
2018-09-14,184.66000366210932,184.9499969482422,183.259994506836,183.9900054931641,176.15835571289062,31224100,180.8206005859375,182.85689616569832,183.51685732886904,0.8822798705387527,1.0848185702515791,-0.2025386997128264,183.7750010164101,56.076157180396486,-1.2982126073726143,4.665665198334287,-49.8587269259361,2.033900541217622,187.49277818797432,183.0584999084473,178.6242216289202,45639400.0,458881594.48439175,18507579.39850461,-0.014403006012040698,-1
2018-09-17,183.67999267578125,183.8099975585937,181.1699981689453,181.33999633789065,173.62107849121094,33071200,180.9352005004883,182.71242951543093,183.35319032214937,0.6601882343651653,0.9998925030742964,-0.3397042687091312,183.1837093299912,46.89318250795304,-2.8448956508076075,-71.11902079227312,-87.28822508863196,2.09005113054652,187.3969447160632,183.13249969482425,178.86805467358528,12568200.0,430069519.2909118,7647366.067925453,0.00827175488194598,0
2018-09-18,181.4900054931641,183.72999572753903,181.3999938964844,182.83999633789065,175.05726623535156,31877300,181.048200378418,182.7245787366176,183.32533285958425,0.5983194227264335,0.919577887004724,-0.3212584642782905,183.08327209377637,51.71333644698371,-1.6195908887667263,-41.97044497277941,-66.10178988997673,2.111476043338264,187.2578232397229,183.28949966430665,179.32117608889035,44445500.0,437594239.67873454,4903565.640820742,-0.0007656934612366717,0
2018-09-19,182.8699951171875,183.3000030517578,181.509994506836,182.6999969482422,174.92323303222656,31843400,181.15580017089843,182.72223761391515,183.2691897437686,0.5318602096161271,0.8420343515270047,-0.3101741419108775,182.96158975678563,51.24582879903939,-0.4088307508730032,-40.799131630272136,-68.07918188773573,2.088514042202704,187.15429162053016,183.4064994812012,179.65870734187217,12602100.0,448089993.7014097,6674881.233236313,0.011056400143417688,1
2018-09-20,183.9600067138672,184.97000122070312,183.5200042724609,184.72000122070312,176.8572235107422,33295800,181.3218002319336,182.9125008145616,183.3942851475307,0.634869882508184,0.8006014577232405,-0.1657315752150565,183.38371403714387,57.25097038354159,1.6005740614850223,55.89414970056586,-36.49844242402289,2.1014776494558114,187.2165966799549,183.58949966430663,179.96240264865835,45897900.0,469904459.19226974,13733669.246931195,-0.0054677051762748174,0
2018-09-21,185.22000122070312,185.47999572753903,183.47999572753903,183.7100067138672,175.8902130126953,38605400,181.4068002319336,182.9884537573526,183.4057620093936,0.6277711198981422,0.766035390158221,-0.1382642702600788,183.46459034170363,53.690092866699736,1.4355949946184197,64.77401710861078,-45.13407784041768,2.094229235862498,187.12878794735357,183.7349998474121,180.34121174747065,7292500.0,440178725.3238626,5914651.81741035,0.0009797652234675436,0
2018-09-24,182.0500030517578,183.9600067138672,181.3000030517578,183.88999938964844,176.37942504882812,34945600,181.49240020751952,183.07431524614267,183.42052387055892,0.6294137145548859,0.7387110550375541,-0.1092973404826681,183.5737840165401,54.23637265033855,1.1941438225667849,9.389462146604671,-32.485390681688564,2.134641746965865,187.15030413053177,183.8055000305176,180.4606959305034,42238100.0,473284893.3079843,12712047.97142601,0.0013595084062743013,0
2018-09-25,183.8099975585937,184.27999877929688,183.17999267578125,184.13999938964844,176.61915588378906,25277500,181.5916003417969,183.1758089740956,183.45238095238096,0.6434708617696572,0.7196630163839747,-0.0761921546143175,183.72418541437733,55.02985157914164,0.5570141435446121,68.65345129413804,-26.58726434373454,2.060739112559137,187.13504434113236,183.79550018310547,180.45595602507865,67515600.0,492128184.3330918,20332752.817746043,0.0007060110961409904,0
2018-09-26,184.3000030517578,185.9900054931641,183.91000366210932,184.2700042724609,176.74383544921875,36210600,181.67160034179688,183.2800180501304,183.49757181803383,0.6575220548059235,0.7072348240683645,-0.0497127692624409,183.8768810873998,55.462312590384215,0.9256229731939746,107.8316453247805,-30.99099594473933,2.062115022552166,187.10472162242343,183.77850036621092,180.45227910999847,103726200.0,468452033.0115201,14068560.941854596,0.00846582472688917,0
2018-09-27,185.0200042724609,186.4900054931641,184.9199981689453,185.8300018310547,178.24014282226562,33113300,181.78960052490237,183.5228736483137,183.69295290992372,0.7854819451374624,0.722884248282184,0.0625976968552783,184.40193058827157,60.385292163776334,0.7044941529060829,145.54910495015517,-11.055335463259151,2.073392619772036,186.9178229265696,183.73300018310547,180.5481774396413,136839500.0,473724826.8847074,11904684.048471749,-0.000215296478112581,0
2018-09-28,185.3099975585937,186.27999877929688,184.97000122070312,185.7899932861328,178.20179748535156,28076800,181.92480041503907,183.7387898042965,183.88885701497395,0.8735924944332396,0.7530258975123951,0.1205665969208444,184.815375786815,60.20150244111846,0.9783073749816252,124.46827512627986,-11.725495207668091,2.0188643488664875,186.7926672909666,183.70199966430664,180.6113320376467,108762700.0,480797333.9526848,12187560.836583316,0.002045346340194154,0
2018-10-01,186.8699951171875,187.52999877929688,185.6999969482422,186.1699981689453,178.5662841796875,27371300,182.06840026855468,183.97033345807253,184.12390449160625,0.9629832858786926,0.7950173751856546,0.167965910693038,185.24438736051084,61.4031121861016,2.6635060817222698,150.5045462190442,-20.85889139821444,2.0053741570195704,186.68299434459487,183.6779998779297,180.6730054112645,136134000.0,467485631.2644724,6959781.318508267,-0.0022559927650864786,0
2018-10-02,186.009994506836,187.17999267578125,185.32000732421875,185.75,178.16343688964844,25618600,182.1922003173828,184.13982550968467,184.3212378365653,0.988540510304631,0.83372200220945,0.1548185080951809,185.47698404858596,59.27302793497018,1.5915574931054048,112.32745176798346,-27.987399504329325,1.994989233763851,186.66381993259765,183.6729995727539,180.6821792129101,110515400.0,453712081.93061405,-194056.11952346563,0.0010766995867681484,0
2018-10-03,186.52999877929688,186.97000122070312,185.66000366210932,185.9499969482422,178.35523986816406,29128700,182.3052001953125,184.3122227895473,184.53809472946887,1.0132527303237566,0.8696281478323113,0.1436245824914452,185.70852148953517,59.98488229853529,1.7788724982413138,98.71439265719349,-24.842793701671507,1.946061219428281,186.9459360079991,183.7979995727539,180.65006313750868,139644100.0,437479783.7267287,-8267806.670906961,-0.019198666975097423,-1
2018-10-04,185.1999969482422,185.32000732421875,181.0599975585937,182.3800048828125,174.93109130859375,80557300,182.2964001464844,184.12820203652493,184.4030476161412,0.7362814247736935,0.8429588032205879,-0.1066773784468944,184.9608676185865,44.89890775855471,-1.2667801658872888,-73.24531113078486,-79.59803593243649,2.1563426671061943,186.91162005061807,183.82649993896484,180.7413798273116,59086800.0,406845480.0904173,-20566364.265216827,-0.012227277808008474,-1
2018-10-05,182.3600006103516,182.97000122070312,178.42999267578125,180.1499938964844,172.79212951660156,83325600,182.2983999633789,183.7493250708068,184.052904183524,0.3329978283561559,0.7409666082477016,-0.4079687798915457,183.7613880946749,38.40195986144589,-1.9378437141573843,-176.4305928831323,-81.09890036185072,2.326604628152725,187.0551160883103,183.77849960327148,180.50188311823263,-24238800.0,386656384.0408912,-30151726.181809425,-0.00610597214540376,0
2018-10-08,179.52000427246094,180.63999938964844,176.92999267578125,179.0500030517578,171.73707580566406,66864500,182.3270001220703,183.3017705928021,183.60257117861792,-0.0745085077708722,0.5778715850439868,-0.6523800928148591,182.49098098710476,35.66081713313076,-2.6320062830796216,-198.136184866662,-79.9999136295456,2.425419123544949,187.42510280150452,183.6449996948242,179.86489658814386,-91103300.0,396208691.1882432,-28292574.129729867,0.003239328797369767,0
2018-10-09,179.17999267578125,181.0200042724609,178.75,179.6300048828125,172.29339599609375,49097900,182.41740020751956,182.95207862042213,183.2201907203311,-0.3466628016008144,0.3929647077150266,-0.7396275093158411,181.60514795635797,38.167059890124726,-2.4492204419380865,-135.5870569023936,-74.52820139286753,2.414318056421301,187.63418723733545,183.47050018310543,179.3068131288755,-42005400.0,385178025.0344589,-28469717.14556229,-0.04397934053627217,-1
2018-10-10,178.50999450683594,178.6199951171875,171.5,171.72999572753906,164.71604919433594,114471100,182.32300018310548,181.88330882109992,182.1020474388486,-1.186138687482554,0.0771440286755105,-1.2632827161580646,178.8403540236101,24.28876847687512,-6.805235933234277,-222.7571333572845,-98.56521681189328,2.822581617399212,189.5286328076064,182.9279998779297,176.327366948253,-156476500.0,278102397.5013268,-60023546.49025744,-0.012403130944012908,-1
2018-10-11,171.02000427246094,173.39999389648438,167.80999755859375,169.60000610351562,162.67303466796875,143084500,182.172600402832,180.71347046704423,180.8327146984282,-2.000244167084304,-0.3383336104764524,-1.6619105566078516,176.04349016627015,21.96925353968474,-8.733786561706212,-205.65562057137757,-90.9228781231381,3.0202541946527166,190.91952701072304,182.18150024414064,173.44347347755823,-299561000.0,226653906.60201305,-83845219.55466366,0.02783019487524241,1
2018-10-12,174.1699981689453,174.86000061035156,170.92999267578125,174.32000732421875,167.20030212402344,102078400,182.0684005737305,180.1045692153466,180.08400108700707,-2.238756976322037,-0.7184182836455694,-1.5203386926764677,175.0109654561949,36.45178121362415,-6.173629569085178,-119.15073346941742,-66.9877821366946,3.180235718584215,191.032050853367,181.69800033569337,172.36394981801973,-197482600.0,300680632.6222726,-62414198.47868693,-0.012104179220387201,-1
2018-10-15,173.7100067138672,174.0399932861328,171.55999755859375,172.2100067138672,165.1764373779297,64885300,181.91100067138672,179.3527061199676,179.18038264683315,-2.568432223401601,-1.0884210715967757,-1.4800111518048251,173.65968534902444,33.461897336164924,-7.498518339356554,-107.88789038209,-77.68758172969041,3.150219566358321,191.45275460622167,181.2415008544922,171.0302471027627,-262367900.0,269808325.9305438,-57795951.215093136,0.02909235416940792,1
2018-10-16,174.02000427246094,177.64999389648438,173.6999969482422,177.22000122070312,169.9818572998047,71979700,181.83260070800785,179.14959136765668,178.7973826817104,-2.397797231555103,-1.3502963035884412,-1.0475009279666616,173.8984311067688,44.9978745773834,-4.592193151707605,-50.574626505941474,-52.28193164496236,3.313774460494906,191.2889721389108,180.9605010986328,170.6320300583548,-190388200.0,326116751.1369239,-32736173.749311745,0.00039494450371058143,0
2018-10-17,178.0800018310547,178.25999450683594,175.47000122070312,177.2899932861328,170.0489501953125,66987600,181.74240051269533,178.97248678846393,178.44781050909134,-2.231200110426812,-1.5264770649561157,-0.7047230454706965,174.15798334425517,45.14097085563953,-4.657167950650639,-32.44816972078293,-51.927002329054375,3.2763615057890667,191.1050856003383,180.69000091552732,170.2749162307164,-123400600.0,346524989.03240913,-13014900.569354773,-0.023182360911471855,-1
2018-10-18,176.6199951171875,176.67999267578125,172.44000244140625,173.17999267578125,166.10682678222656,82486200,181.5656002807617,178.42082068249414,177.7325716291155,-2.403111815093041,-1.7018040149835003,-0.7013078001095405,173.34666732952832,38.763485786824674,-5.044419322689831,-64.12053357025177,-72.76878912385772,3.3887636395913985,190.84492181113308,180.11300048828124,169.3810791654294,-205886800.0,292830828.21016,-20848439.932873964,-0.0009238272900256028,0
2018-10-19,174.5800018310547,176.07000732421875,172.38999938964844,173.02000427246094,165.95339965820312,82923700,181.3878002929688,177.90645721487192,177.05704817998978,-2.5231771906366878,-1.866078650114138,-0.6570985405225493,172.68252991512122,38.53525820449821,-3.957807308125924,-59.743856712022605,-73.10269474851745,3.40956681007725,190.6014673925635,179.57850036621093,168.55553333985836,-288810500.0,238299640.85129315,-39508589.29278266,0.005143910343724967,0
2018-10-22,174.05999755859375,175.25,172.58999633789062,173.91000366210938,166.80702209472656,52909300,181.2556002807617,177.5258425907993,176.51719135102772,-2.517494246482244,-1.996361769387759,-0.5211324770944845,172.41286908637213,40.62938391775365,-2.870706116750315,-51.14847528358947,-68.1628134780635,3.35602656954805,190.1798773810016,179.079500579834,167.9791237786664,-235901200.0,237902045.63887504,-43677104.390079975,-0.003680060814051256,0
2018-10-23,170.63999938964844,174.1300048828125,168.82000732421875,173.27000427246094,166.1931610107422,77567000,181.11460021972653,177.12052465571944,175.96390598842075,-2.535406486601204,-2.104170712830448,-0.4312357737707559,172.06938412646062,39.58494916595865,-3.5406115000112126,-78.96516250282261,-68.81779743729173,3.4955959638499827,189.656482693825,178.5360008239746,167.4155189541242,-313468200.0,290343735.6525534,-24725767.89006937,-0.045766767120872576,-1
2018-10-24,173.07000732421875,173.36000061035156,165.0399932861328,165.33999633789062,158.58702087402344,102997400,180.79240020751956,175.99856957783098,174.70714365641277,-3.1531399972971883,-2.313964569723796,-0.8391754275733923,169.77391420976323,29.474572476496206,-3.720957053878108,-161.0052288576201,-98.32681026772228,3.840196862292287,189.76869632777831,177.5895004272461,165.41030452671387,-416465600.0,194774101.7876082,-45133671.19799581,0.034595387367819086,1
2018-10-25,167.91000366210938,172.0800018310547,167.16000366210938,171.05999755859375,164.0734100341797,83481100,180.62900024414063,175.52822938552265,174.08528624035063,-3.1448896305522,-2.480149581889477,-0.6647400486627228,169.42568917560317,41.15040611324117,0.8608439873445624,-104.10399822564648,-62.3279090508046,4.047326098762526,188.72942567268825,176.85100021362305,164.97257475455783,-332984500.0,243640929.28352213,-33830761.87544799,-0.025721933586355994,-1
2018-10-26,165.1999969482422,169.9600067138672,164.22999572753906,166.66000366210938,159.8531494140625,130970900,180.36580017089844,174.6836364594833,173.11471514020647,-3.453583134040741,-2.6748362923197297,-0.7787468417210115,168.05091195928694,36.18744645317046,-4.394219447147275,-155.94185340630034,-85.52705957195435,4.246088694330971,187.8204216221868,175.89450073242188,163.96857984265694,-463955400.0,223755444.98593104,-32458520.167689443,-0.0205808703900211,-1
2018-10-29,169.2100067138672,169.86000061035156,160.08999633789062,163.22999572753906,156.563232421875,111871900,180.0332000732422,173.59281353263145,171.9085718064081,-3.9296988123631422,-2.9258087963284125,-1.0038900160347295,166.08912539843024,32.86034202017362,-5.214569790505101,-176.17769342691702,-83.05450838368816,4.640654172514097,186.909980613992,174.74750061035155,162.5850206067111,-575827300.0,183792970.59569663,-41661706.75980008,0.01647982914792423,1
2018-10-30,162.75,166.0399932861328,162.00999450683594,165.9199981689453,159.14337158203125,92584000,179.75760009765625,172.8620692122804,171.06785728817894,-4.043353934670364,-3.1493178239968027,-0.8940361106735613,165.2400258635243,37.698181461929046,-6.376257179732898,-132.6610772997768,-67.91413088296919,4.597035921955482,185.39075841999812,173.75600051879883,162.1212426175995,-483243300.0,270863505.9332454,-13934957.598279834,0.023505359199090137,1
2018-10-31,168.6199951171875,171.25,168.5399932861328,169.82000732421875,162.8840789794922,73828600,179.5468002319336,172.572349032465,170.69300079345703,-3.775210021702151,-3.2744962635378725,-0.5007137581642782,165.61962995485288,43.99859277105288,-4.213427855377073,-26.778349877872017,-46.45012676469131,4.64939063887201,183.25122538200276,172.94950103759766,162.64777669319258,-409414700.0,266777644.1550097,-2625429.1799801886,0.01319037885859009,1
2018-11-01,170.07000732421875,172.24000549316406,168.77999877929688,172.05999755859375,165.03257751464844,52706800,179.36680023193358,172.52355365400106,170.60828617640905,-3.343414743310177,-3.2882799594923338,-0.0551347838178433,166.57203734370756,47.29531661612632,-0.6467231577289057,-0.3769025713216504,-34.12216605964616,4.564434630481239,181.78400128308115,172.43350067138672,163.0830000596923,-356707900.0,314000268.5505026,17265251.951524705,-0.015575919526958026,-1
2018-11-02,171.52999877929688,172.5500030517578,168.22000122070312,169.3800048828125,162.46202087402344,75966800,179.13840026855468,172.224168056745,170.3174770536877,-3.180800596275532,-3.2667840868489737,0.085983490573442,166.71015168654122,43.9608821004211,-2.1038026238378755,-17.151689095965427,-48.8717144683063,4.547689428006044,180.6258573541716,171.89500122070314,163.1641450872347,-432674700.0,278736345.6563379,12612441.316131176,-0.0024796207157739003,0
2018-11-05,169.60000610351562,169.66000366210938,167.0800018310547,168.9600067138672,162.05921936035156,39573500,178.86800048828124,171.9132955478995,170.03795376732236,-3.0506520376169703,-3.223557677002573,0.1729056393856027,166.76183436669683,43.44395196170144,-2.846297995519316,-40.77364509163114,-51.18320710050227,4.407140294327502,179.5571284231409,171.3905014038086,163.2238743844763,-472248200.0,296835962.2677063,15321402.1310755,0.00757575004991895,0
2018-11-06,168.97000122070312,171.19000244140625,168.72000122070312,170.24000549316406,163.286865234375,34410400,178.58600067138673,171.75393459030568,169.92838272821336,-2.811810363537518,-3.141208214309562,0.3293978507720441,167.18030536277502,45.545531450818594,-1.748715129326314,6.4295641936852,-38.81849671002408,4.268773199712925,178.16661532408668,170.92100143432617,163.67538754456567,-437837800.0,304776921.9178045,17563427.613940716,0.03136745867941748,1
2018-11-07,172.27999877929688,175.5800018310547,171.8699951171875,175.5800018310547,168.40879821777344,51169600,178.40540069580078,172.11832194656748,170.3720970517113,-2.166657659016323,-2.946298103250914,0.779640444234591,168.94805973565232,53.336019036482185,6.193302116831717,125.80023744094422,-3.066365183248576,4.345289147359639,178.63421033348249,171.11350173950194,163.5927931455214,-386668200.0,355946521.9178045,33165180.982936382,-0.006378830763797194,0
2018-11-08,174.75999450683594,175.3000030517578,173.6300048828125,174.4600067138672,167.33457946777344,40296500,178.15980072021483,172.34133954345316,170.69081181117463,-1.7258492228393152,-2.7022083271685946,0.9763591043292794,170.13638854399818,51.66646783833201,1.9876120681627047,126.0620359141303,-7.230437185330684,4.1741968283092366,178.9792668193246,171.35650177001952,163.73373672071443,-426964700.0,355705357.7942721,36455965.95977104,-0.016852013804104504,-1
2018-11-09,172.8300018310547,173.25,170.16000366210938,171.52000427246094,164.5146484375,50602700,177.86200073242188,172.263117136692,170.70638347807386,-1.5953487998174865,-2.480836421698373,0.8854876218808867,170.36843692464063,47.46617450388722,2.916116946813975,55.6136339637732,-26.21043330414233,4.183182988059167,178.718302761538,171.21650161743165,163.71470047332528,-477567400.0,349646207.5982286,32560106.02793765,-0.030258875420512976,-1
2018-11-12,170.32000732421875,170.63999938964844,166.17999267578125,166.3300018310547,159.53662109375,62578400,177.45560089111328,171.6980585361551,170.24100254603795,-1.8889415543163464,-2.362457448221968,0.4735158939056214,169.22881713674423,41.112191724983695,1.899164482421544,-48.59180173414784,-59.71592459461776,4.265813610920028,178.7012828581137,170.92250137329103,163.14371988846835,-540145800.0,291277367.5942599,9434431.870203257,0.0008416965556858891,0
2018-11-13,167.11000061035156,169.47999572753906,166.0,166.47000122070312,159.67091369628906,64128100,177.06800079345703,171.20014831563586,169.81695491245816,-2.08626992571169,-2.307219943719913,0.2209500180082226,168.35000197054217,41.34030202096599,0.331486895990549,-57.63747524874832,-58.81211994645143,4.209683757086587,177.8272501627865,170.385001373291,162.9427525837955,-476017700.0,244471291.89610368,-15776589.086483598,-0.007629027831730362,0
2018-11-14,168.1199951171875,168.6999969482422,164.25,165.1999969482422,158.45278930664062,75270700,176.70300079345702,170.62870532826503,169.3231449672154,-2.318407652377686,-2.309457485451468,-0.008950166926219,167.32297714371995,39.83291319973428,-2.720533610127623,-78.95833732954628,-67.01098258095085,4.226848986451944,176.83503615795007,169.78050155639647,162.72596695484287,-551288400.0,201338562.3818136,-38380003.49726743,0.017493943359780273,1
2018-11-15,164.89999389648438,168.5399932861328,163.4600067138672,168.08999633789062,161.2247314453125,73254300,176.42860076904296,170.38692351965796,169.16214447021486,-2.243320077772239,-2.296230003915622,0.0529099261433829,167.2571262444929,44.76825945157782,-2.307335392906286,-61.19278833743002,-48.353794945195446,4.287787390138399,176.43741486721493,169.52600173950196,162.614588611789,-478034100.0,261614792.07525527,-24958963.263105035,-0.0035100026815672036,0
2018-11-16,166.4499969482422,168.30999755859375,165.77999877929688,167.5,160.6588134765625,65390700,176.15640075683595,170.11197842254768,168.96919192359562,-2.205991115189221,-2.278182226170342,0.0721911109811213,167.07659937730855,43.975205436309125,-1.1099331849194378,-57.93731111065159,-59.5430911568787,4.162231051800935,176.0206922454341,169.2500015258789,162.4793108063237,-543424800.0,285134873.1736474,-9715878.884813398,-0.03247762651585817,-1
2018-11-19,166.6999969482422,166.89999389648438,161.5399932861328,162.05999755859375,155.44097900390625,67280500,175.76320068359374,169.34512310217113,168.28442964099702,-2.585565585811139,-2.3396588980985014,-0.2459066877126376,165.54313819255935,37.39704698217695,-4.083812074509777,-154.0355091988562,-96.29626811980098,4.290643607630698,175.75920058080823,168.65750122070312,161.555801860598,-610705300.0,230908904.31893897,-19850527.28520918,-0.017894569543208005,-1
2018-11-20,158.3699951171875,161.3800048828125,157.1300048828125,159.16000366210938,152.65943908691406,102652800,175.28400085449218,168.37511172692714,167.3799060639881,-3.0848264011368656,-2.488692398706174,-0.5961340024306914,163.56388445615065,34.4394729609661,-6.50845951217947,-202.1778603531056,-88.99729476925316,4.336311401032828,175.84051611529526,167.95200119018554,160.06348626507582,-713358100.0,226319661.35018897,-23652140.09495434,0.007602358803954878,0
2018-11-21,161.35000610351562,161.97000122070312,159.22999572753906,160.3699951171875,153.81997680664062,42965800,174.83980072021484,167.61271966885673,166.6578102475121,-3.3443069078828955,-2.659815300541519,-0.6844916073413767,162.29319005226458,36.689280985788464,-8.662721582895557,-143.92477341108878,-82.43907441576197,4.227288977464569,176.19552726846803,167.7035011291504,159.21147498983277,-670392300.0,219106334.03534064,-25352300.38139689,-0.007233200964261832,0
2018-11-23,159.08999633789062,160.83999633789062,159.08999633789062,159.2100067138672,152.70742797851562,23503700,174.33340087890625,166.81246129219107,165.84890601748512,-3.602026529012761,-2.848257546235767,-0.753768982776994,160.9941372794263,35.433893127955194,-8.74125840486273,-130.17848040516816,-88.72627547370485,4.050339755367242,176.21511938827013,167.11100158691406,158.006883785558,-693896000.0,198826277.3197296,-30195811.23705444,0.023114079018883293,1
2018-11-26,161.44000244140625,162.97000122070312,160.75999450683594,162.88999938964844,156.2371063232422,42012600,173.91140075683597,166.43889349194893,165.44690580822171,-3.4693342064281296,-2.97247287827424,-0.4968613281538898,160.93141650594444,42.19171581386036,-5.031485930412914,-72.08225052818442,-68.78051241420549,4.029600808018247,176.210424914269,166.92250137329103,157.63457783231306,-651883400.0,237797180.74362576,-17032340.83976063,0.0033765305041357774,0
2018-11-27,162.0,163.85000610351562,161.17999267578125,163.44000244140625,156.76466369628906,36608100,173.55340087890625,166.15328482046866,165.1152392432803,-3.281961525557165,-3.034370607730825,-0.24759091782634,161.0696151951316,43.149438507857184,-1.7375093836551978,-52.7017114135794,-65.79946557012883,3.932487419253936,176.20466406522814,166.93300170898436,157.66133935274058,-615275300.0,263162299.7855844,-2028170.4511753616,0.03218303003098444,1
2018-11-28,164.6199951171875,168.6999969482422,163.47000122070312,168.6999969482422,161.80978393554688,70141000,173.27060089111328,166.39582883263756,165.28352450416202,-2.6781575952632863,-2.963128005237317,0.2849704099740311,162.59078062625605,51.4359130756079,1.3395781289041813,28.954307225782348,-36.323647598357056,4.027309358123408,176.3620855074601,167.0720016479492,157.7819177884383,-545134300.0,333303299.78558433,26611869.294261813,-0.003260243400754481,0
2018-11-29,167.99000549316406,169.25999450683594,166.82000732421875,168.14999389648438,161.28225708007812,44885700,172.9796008300781,166.56289217205153,165.3861904325939,-2.218446410754325,-2.814191686340719,0.5957452755863941,163.72984824285177,50.60530606717433,1.7857124713909245,66.23310650040115,-31.637764567793724,3.913929198242034,176.20803865946587,166.9885009765625,157.76896329365914,-590020000.0,337350134.11366254,37196617.44957811,0.0072554342253152715,0
2018-11-30,168.3800048828125,169.47000122070312,167.5399932861328,169.3699951171875,162.45240783691406,36722800,172.67260070800782,166.83023530968353,165.61299939836775,-1.7356703550202042,-2.598487420076616,0.862817065056412,165.00577816806387,52.43994796785507,0.7614961075517255,90.96416043729928,-9.400479562136956,3.772220531342434,175.84943310131516,166.8540008544922,157.85856860766924,-553297200.0,370267245.9893791,48618857.52361024,0.017476570816567394,1
2018-12-03,173.11000061035156,173.30999755859375,169.50999450683594,172.3300018310547,165.29151916503906,50771700,172.44500061035157,167.35402259743316,166.1345233008975,-1.1015213956605407,-2.299094215193401,1.1975728195328603,166.83671795513845,56.6472595791126,2.8835831827192164,139.0604089161023,-6.056836657324038,3.784204953898894,176.25093066034395,167.0015007019043,157.75207074346463,-502525500.0,394851572.7677293,56693981.753952086,-0.03835664446189546,-1
2018-12-04,171.42999267578125,171.91000366210938,165.52000427246094,165.72000122070312,158.95150756835938,70594700,172.08160064697265,167.19840151393507,166.01247573125931,-1.1194215884904395,-2.063159689852809,0.9437381013623694,166.63008740590732,46.71001740685465,2.2584251001152085,54.525937184759925,-46.90976374329009,4.000333003941215,176.05949376913134,166.8395004272461,157.61950708536085,-573120200.0,328675879.3125326,33787540.86207914,0.007060090274722652,0
2018-12-06,162.3800048828125,166.91000366210938,161.77000427246094,166.88999938964844,160.07376098632812,71715500,171.73660064697265,167.16902988305063,166.01728515625,-1.0273558276465735,-1.8559989174115616,0.8286430897649883,166.76827772993428,48.4343299990344,4.856745130484885,3.5009945824705357,-39.67862221937207,4.081737748173152,175.75956717292863,166.6720001220703,157.58443307121198,-501404700.0,399833162.7475417,43986083.329990506,-0.03301572608896364,-1
2018-12-07,166.16000366210938,167.1199951171875,160.86000061035156,161.3800048828125,154.78875732421875,80432200,171.2788006591797,166.61769416874225,165.51328560965402,-1.3830604961615336,-1.7614112331615563,0.3783507370000227,165.45568135567055,41.60650576711115,0.6297997109041211,-34.54330508879463,-73.73299181796578,4.23732752090094,174.34639170180162,165.9620002746582,157.5776088475148,-581836900.0,332763622.2827089,22819171.16169012,0.010472192280781334,1
2018-12-10,161.0800018310547,163.77999877929688,159.41000366210938,163.07000732421875,156.4097442626953,73960800,170.82360076904297,166.2798192311686,165.23785770961217,-1.511170107265741,-1.7113630079823934,0.2001929007166523,164.82554425524668,44.20456217159404,2.424471105819856,-49.07442167516248,-63.28797818124205,4.246803778019016,172.89118023563717,165.3925003051758,157.8938203747144,-507876100.0,382691655.8367188,27971702.2089622,0.00331142001520357,0
2018-12-11,165.72999572753906,165.77000427246094,162.22999572753906,163.61000061035156,156.9276580810547,59058300,170.38000091552735,166.0255507910908,165.0680958339146,-1.5512431859349365,-1.679339043572902,0.1280958576379658,164.46019225413443,45.045899058493966,0.4420168355337845,-11.943536380794008,-59.95056451886696,4.196318403036778,171.9777392791187,164.99700012207032,158.01626096502193,-448817800.0,369678861.8497016,23396239.3497988,0.008801432895509276,0
2018-12-12,166.0,167.60000610351562,164.9600067138672,165.0500030517578,158.3088836669922,53780000,169.9576010131836,165.9326414825829,165.0731437319801,-1.450089497988813,-1.6334891344560845,0.1833996364672714,164.546718337655,47.326870833589865,0.9850713327838776,22.541045605492474,-58.08715750889023,4.181581766294863,171.88710101361394,164.93300018310546,157.97889935259698,-395037800.0,319565531.6760173,3452377.7294416428,0.0003029569877810445,0
2018-12-13,166.1300048828125,166.82000732421875,164.02999877929688,165.10000610351562,158.35684204101562,46378500,169.5446011352539,165.8533428750527,165.08904905773343,-1.350323949195797,-1.576856097404027,0.2265321482082301,164.6423255081786,47.40850149500213,-2.1339602310906107,1.8374849220600733,-57.73551863782591,4.082183677034458,171.78359381093753,164.8645004272461,157.94540704355467,-348659300.0,308760639.34585965,-8458247.559340239,-0.024348904444863817,-1
2018-12-14,163.2100067138672,163.80999755859375,160.6999969482422,161.0800018310547,154.5010223388672,56547400,169.04720123291017,165.3987389661005,164.72862062000092,-1.577455852084796,-1.576976048340181,-0.0004798037446152,163.68826508942612,41.79990520746914,-4.204574678594446,-98.68199487426456,-87.98561940831,4.10488549733696,171.7680775924405,164.65850067138672,157.54892375033293,-405206700.0,266032071.43150508,-26157297.91756016,-0.022659604629888586,-1
2018-12-17,160.38999938964844,161.6699981689453,156.1699981689453,157.42999267578125,151.0001220703125,74834100,168.54820098876954,164.63981074797488,164.04019128708612,-2.028600314289349,-1.6673009015300146,-0.3612994127593345,161.97236787347012,37.46592848614544,-7.049656247049505,-168.3210714805379,-92.64880658282344,4.204536534987177,171.708702996607,164.12550048828126,156.54229797995552,-480040800.0,225485445.94932732,-43921081.36138302,0.006288544363988624,0
2018-12-18,158.64999389648438,159.9499969482422,157.0399932861328,158.4199981689453,151.94967651367188,63642100,168.11360107421876,164.04744764521016,163.49681011381605,-2.279968325800752,-1.789834386384162,-0.4901339394165898,160.84248590146908,39.30415314066044,-8.071724896600522,-140.54394818784408,-86.87281166789965,4.112069899706039,171.47621678504328,163.6715003967285,155.86678400841373,-416398700.0,222205062.94371676,-48239016.3300609,-0.02455497686283259,-1
2018-12-19,158.17999267578125,160.72000122070312,153.33999633789062,154.52999877929688,148.21852111816406,81856500,167.62320098876953,163.1410239436946,162.6261909121559,-2.761239872161383,-1.9841154835396064,-0.7771243886217765,158.93284152472663,34.956041029933445,-6.752354790598627,-150.67715408838876,-94.04104973127112,4.345493830596665,172.04374957810677,163.29500045776368,154.5462513374206,-498255200.0,166746766.3031292,-63265900.80924693,-0.01449560286584406,-1
2018-12-20,154.14999389648438,155.8699951171875,150.38999938964844,152.2899932861328,146.07003784179688,99002100,167.07640075683594,162.10759245249824,161.57809499104818,-3.2855272498512136,-2.244397836801928,-1.0411294130492856,156.81936478433295,32.71188961594717,-8.74828099760974,-169.2250379528561,-91.7103226515144,4.426529681514882,172.79380849003957,162.95149993896484,153.10919138789012,-597257300.0,136395590.5342722,-73319009.4036187,-0.0309934084312804,-1
2018-12-21,153.0500030517578,154.08999633789062,146.72000122070312,147.57000732421875,141.54281616210938,141129400,166.59320098876952,160.72306053551924,160.11319093250094,-4.035374904548888,-2.60259325035132,-1.4327816541975684,153.9045604307375,28.55232645951634,-8.557440290463493,-174.00408758898695,-96.80328612041072,4.63677721537267,174.19501309073624,162.3115005493164,150.42798800789657,-738386700.0,27820038.80093886,-105313046.70704788,-0.02758017972633653,-1
2018-12-24,146.0800018310547,147.97999572753906,143.4600067138672,143.5,138.03280639648438,56163300,166.07120086669923,159.08276905594596,158.32161945161366,-4.9015481538417305,-3.062384231049402,-1.8391639227923284,150.5133759134856,25.536895700265816,-12.00098512616689,-182.089282428654,-99.85942604420812,4.628435200864582,175.93434796739774,161.52600021362304,147.11765245984833,-794550000.0,-27349384.92180962,-126381510.72413908,0.06243907117677483,1
2018-12-26,145.0800018310547,152.5399932861328,144.08999633789062,152.4600067138672,146.65142822265625,98982100,165.6340008544922,158.45202978527178,157.45819149925595,-4.809557450000966,-3.4118188748397147,-1.3977385751612514,150.12557040359917,40.4477866780927,-6.814983103043224,-104.65585397680852,-62.71748041609594,4.943546496208184,175.9235818651752,161.00450057983397,146.08541929449274,-695567900.0,69758811.70446187,-92613137.01148644,0.0038698433156829637,0
2018-12-27,150.3699951171875,153.17999267578125,147.0800018310547,153.0500030517578,147.218994140625,85824300,165.25080078125,157.93755104874666,156.70062030610583,-4.635609954795399,-3.656577090830852,-0.9790328639645473,150.0314881270258,41.28158770478022,-7.270523949179775,-73.23933650943978,-60.273419302558274,5.026149664820878,175.7482878659443,160.48500061035156,145.22171335475883,-609743600.0,151925313.26736444,-44235539.35797896,-0.0005227169517116881,0
2018-12-28,154.14999389648438,155.58999633789062,151.72000122070312,152.97000122070312,147.1420440673828,77856600,164.76580078125,157.46445106512346,155.98490607852028,-4.452880753282045,-3.8158378233210906,-0.6370429299609546,150.0012113496316,41.1973572451791,-7.347065072309652,-38.91541525659237,-60.60482706178545,4.943567196333127,174.80781650635498,159.6985008239746,144.5891851415942,-687600200.0,124363737.96534257,-29192883.4269166,0.008432982126159727,0
2018-12-31,154.47000122070312,154.97999572753906,152.7100067138672,154.25999450683594,148.38290405273438,53015300,164.30520080566407,157.15926472623894,155.46695309593565,-4.15606632182616,-3.8838835230221047,-0.2721827988040548,150.37482026456644,43.20950844692854,-4.233925531843344,-26.612392263920373,-55.26102706696864,4.752597324425944,173.76855376749148,159.00400085449218,144.23944794149287,-634584900.0,143747967.07817748,-14217461.880405724,0.004019255789284193,0
2019-01-02,150.99000549316406,155.75,150.8800048828125,154.8800048828125,148.979248046875,58576700,163.9392010498047,156.94219236019833,155.0741915748233,-3.826697306256335,-3.872446279668951,0.0457489734126155,150.90049711158534,44.19785857714171,-1.61975983713619,-21.467342389583248,-52.69263273534976,4.760982881121782,172.3437512586016,158.27950134277344,144.2152514269453,-576008200.0,181395922.07755083,5180238.241186202,-0.03267043775226064,-1
2019-01-03,152.60000610351562,153.25999450683594,149.49000549316406,149.82000732421875,144.11209106445312,74820200,163.47520111083983,156.2638890234384,154.2685254778181,-3.928682101509565,-3.883693444037074,-0.0449886574724915,150.0714340452397,38.33432929498303,-5.428601782683519,-56.34217673185168,-72.7739707012968,4.805912632079161,170.0987079556862,157.15400161743165,144.2092952791771,-650828400.0,119674329.4795017,-6993958.284922391,0.04278459544758095,1
2019-01-04,152.33999633789062,157.0,151.74000549316406,156.22999572753906,150.27786254882812,74709300,163.12160095214844,156.2606610904956,154.18052491687592,-3.4524753066253027,-3.79744981655472,0.344974509929417,151.10590982575843,47.78467094592672,1.1001080448270504,28.96871624752155,-37.24818300357589,4.975489779278676,169.01482897025485,156.67950134277345,144.34417371529204,-576119100.0,172510420.25169587,5472986.407815218,0.011905528139393606,1
2019-01-07,156.6199951171875,158.86000061035156,156.11000061035156,158.08999633789062,152.06698608398438,52059300,162.81800079345703,156.43488349500942,154.31485777355377,-2.89165824990306,-3.616291503224388,0.7246332533213282,152.48187744712877,50.17098122270848,3.808525384107393,99.03923356254234,-19.65954701234278,4.81652622255327,167.68209496491156,156.23950119018554,144.79690741545951,-524059800.0,195416350.49073172,17363806.457463354,0.009045530822291425,0
2019-01-08,159.5399932861328,160.11000061035156,157.1999969482422,159.52000427246094,153.44244384765625,49388700,162.70160095214842,156.72870452143337,154.62728663853235,-2.3052435896005363,-3.3540819204996177,1.0488383308990814,154.0164183182239,51.98771508378393,8.097849396989892,125.12187186125163,-6.952475840979677,4.680346038819103,167.44985202224294,156.14650115966796,144.843150297093,-474671100.0,224778167.01110297,29992101.147213608,0.008149467257644982,0
2019-01-09,160.13999938964844,161.52000427246094,159.47000122070312,160.82000732421875,154.69296264648438,46491700,162.49680114746093,157.11835240741294,155.07238246372768,-1.7158273748118518,-3.0264310113620647,1.310603636550213,155.63677509537237,53.64241920109364,12.069691515135018,151.72245148407384,-3.8759526183274495,4.492464395803211,167.10181305608089,156.03400115966798,144.96618926325507,-428179400.0,239519623.42908892,37122130.45808756,0.0028602874899188446,0
2019-01-10,159.60000610351562,161.3699951171875,158.6999969482422,161.27999877929688,155.1354217529297,38943400,162.38920104980468,157.51469968092567,155.57200128464473,-1.197785980771073,-2.660702005243867,1.462916024472794,157.09913228533074,54.24333334667927,5.785118507821405,129.44483001292264,-1.3289342503252866,4.362288236045197,166.7094942000038,155.91750106811523,145.12550793622663,-389236000.0,275837730.703593,48219982.90368843,-0.0036582114481412686,0
2019-01-11,160.3300018310547,160.86000061035156,159.7899932861328,160.69000244140625,154.56790161132812,30176600,162.33840118408204,157.8171094676381,156.02652522495814,-0.8253283459466729,-2.293627273384428,1.468298927437755,158.15020546398085,53.28918699684183,4.991832236073053,105.10718261843375,-4.595802565099105,4.157125181962609,165.9049826568488,155.69950103759766,145.4940194183465,-419412600.0,296425673.4507267,54927087.696096,-0.008836879378747331,0
2019-01-14,159.3300018310547,159.9600067138672,158.58999633789062,159.27000427246094,153.20205688476562,30710200,162.20540130615234,157.95548040143075,156.366573152088,-0.6373875646645502,-1.9623793316404523,1.3249917669759022,158.64176720090325,50.96554893681982,4.118456561079744,72.75126574920223,-12.458473444972029,4.010188104252575,164.82541913993094,155.40800094604492,145.9905827521589,-450122800.0,296201636.23961127,52606247.11708093,0.019526593375556844,1
2019-01-15,160.0,162.60000610351562,159.91000366210938,162.3800048828125,156.19354248046875,40874200,162.05660125732422,158.37686368537186,157.03057352701822,-0.2347856210716941,-1.6168605895267008,1.3820749684550069,159.8456997236854,55.53825479162789,5.2638471834100375,98.93545207233532,-1.1885526992627016,3.961603370244525,165.06249088329497,155.4730010986328,145.88351131397064,-409248600.0,330390062.45974606,57752561.84870121,-0.00018474429360026967,0
2019-01-16,162.64999389648438,163.77999877929688,162.2899932861328,162.35000610351562,156.1646728515625,33812200,161.86240142822265,158.75525820138557,157.68552638462612,0.0809258067117753,-1.2773033102790057,1.3582291169907807,160.81358637628256,55.48450565891154,4.823089479081037,107.0622387401111,-8.562831958671513,3.785060664036276,165.73942717863767,155.71900177001953,145.6985763614014,-443060800.0,299301564.34302187,44715844.6700699,0.007884192985374794,0
2019-01-17,161.8300018310547,164.36000061035156,161.57000732421875,163.6300048828125,157.3959197998047,39329000,161.74740142822264,159.2195197900929,158.43895525251116,0.4294639982614399,-0.9359498485709165,1.3654138468323562,161.92231806807993,57.37983637566177,9.217725860010242,103.83744292824798,-4.909186060829951,3.713984422494832,166.52441563835114,155.9795021057129,145.43458857307465,-403731800.0,318049868.24523413,41282934.82314551,0.009900354878970452,0
2019-01-18,164.77999877929688,166.02000427246094,163.82000732421875,165.25,158.95423889160156,57183200,161.6732012939453,159.7938512386555,159.32185981387184,0.8268714340573524,-0.5833855920452626,1.410257026102615,163.22938772064344,59.71748489425064,5.773541905609204,126.56319195352602,-4.658223407888784,3.619414062681327,167.7766846717977,156.51550216674804,145.25431966169836,-346548600.0,335204550.61645323,41583876.56541473,-0.02003024241206508,-1
2019-01-22,164.05999755859375,164.13999938964844,160.75999450683594,161.94000244140625,155.7703094482422,56711700,161.50720123291015,159.99824659129845,159.83847888764882,0.8647621106015322,-0.2937560515159036,1.158518162117436,163.41439420222704,53.28646753158358,2.4353255694224245,63.35338730337662,-24.68240854418403,3.6815991650567854,168.32041668826113,156.9980026245117,145.6755885607623,-403260300.0,318090578.018129,32481281.76365673,0.0012967237983962931,0
2019-01-23,162.77000427246094,163.50999450683594,160.32000732421875,162.14999389648438,155.9722900390625,38106100,161.23860107421876,160.20317490607806,160.3291447230748,0.901345154332148,-0.0547358103462933,0.9560809646784414,163.5909962170706,53.62765717847868,1.6486895396087142,50.47383583415938,-23.412042720920144,3.6464840233500726,168.38544855116848,157.727001953125,147.06855535508154,-365154200.0,323704811.2542011,27590996.123173594,0.006475504725754977,0
2019-01-24,162.67999267578125,163.44000244140625,162.05999755859375,163.1999969482422,156.98226928710938,32417800,161.01340087890625,160.48858652914132,160.85038234165737,1.00349627073615,0.1569106058701953,0.8465856648659548,163.97885117513673,55.38247576091115,1.4799089140851085,68.96711555554518,-19.74795213783347,3.484592655724086,167.3855710205416,158.7120018005371,150.03843258053263,-332736400.0,344846636.54831874,29809096.76172483,0.011948510935699375,1
2019-01-25,164.50999450683594,165.64999389648438,163.9499969482422,165.14999389648438,158.85801696777344,36515900,160.8860006713867,160.9325300879359,161.4635244460333,1.2276486538670497,0.3710582154695662,0.8565904383974834,164.77279677063035,58.52169899130298,2.3995505620528825,128.73985387227822,-8.77911255777859,3.4106929621440125,167.95420150296565,159.34650115966798,150.73880081637031,-296220500.0,359882556.812027,32790740.12851882,-0.01235236670618034,-1
2019-01-28,163.02000427246094,163.1199951171875,161.75,163.11000061035156,156.8957061767578,33491200,160.82160064697266,161.1399082329279,161.821952965146,1.2265418126528118,0.5421549349062154,0.6843868777465965,164.86241938106852,54.22352521778003,1.5060041895436131,32.82662765279283,-32.9932114015238,3.409928743166514,168.09474679680304,159.84950103759766,151.6042552783923,-329711700.0,392885101.01589406,41530336.46811789,-0.009441440012079028,0
2019-01-29,163.1999969482422,163.24000549316406,160.99000549316406,161.57000732421875,155.4143829345703,30784200,160.72360076904295,161.18087005114603,161.98581070672898,1.0888484776207292,0.6514936434491182,0.437354834171611,164.50429768136183,51.1683028220506,1.4440905318387698,-11.626593976286491,-59.89222336543221,3.3270766899009603,167.91959305755145,160.27950134277344,152.63940962799543,-360495900.0,377971916.4537196,36585036.56743312,0.025437798881292828,1
2019-01-30,163.39999389648438,166.27999877929688,162.88999938964844,165.67999267578125,159.36778259277344,41346500,160.73320068359374,161.6093579201589,162.50014321463448,1.2964226337445268,0.7804794415081999,0.5159431922363269,165.24732860526026,57.97408962043214,2.0322624053068035,125.94724458705244,-7.802417594628275,3.4258563161867883,168.31059552987642,160.8505012512207,153.39040697256496,-319149400.0,404682335.7306599,39734816.69004917,0.014968681168288311,1
2019-01-31,166.6999969482422,168.99000549316406,166.47000122070312,168.16000366210938,161.75332641601562,37258400,160.73460083007814,162.2332289432018,163.19628630138578,1.6421135454717444,0.9528062623009088,0.6893072831708354,166.46932184181463,61.46419817540307,3.578686381378545,207.1201957904118,-7.980779811466087,3.4175817805422404,169.0938034465,161.51450119018554,153.93519893387108,-281891000.0,417397491.4511823,41456838.40673572,-0.004222209196033555,0
2019-02-01,167.3300018310547,168.60000610351562,166.99000549316406,167.4499969482422,161.0703582763672,32143700,160.73360076904297,162.73006399130088,163.76157161167689,1.837601746482619,1.129765359137251,0.7078363873453681,167.2521829792596,59.92973077598975,2.3345303131693145,150.81038062807602,-14.807761434911782,3.2884688395869635,168.22964807020145,162.39600067138673,156.562353272572,-314034700.0,403621271.8602314,34009155.747647166,0.012421629554867142,1
2019-02-04,167.47999572753906,169.52999877929688,167.3300018310547,169.52999877929688,163.0711212158203,26718800,160.88300079345703,163.3776768282529,164.44100000290643,2.135746759478621,1.3309616392055252,0.8047851202730962,168.39557312609378,62.85534912729023,2.590014389892209,152.34159710134523,0.0,3.2107208472209146,168.96332270346855,163.0610008239746,157.15867894448067,-287315900.0,430340071.8602314,36372071.41005206,0.008847991569638225,0
2019-02-05,169.75999450683594,171.22999572753906,169.69000244140625,171.02999877929688,164.51397705078125,28156400,161.12040069580078,164.106469395019,165.1999521891276,2.464655282373144,1.557700367839049,0.9069549145340948,169.6803972260548,64.8485491835909,5.6131877243731685,168.95202446851076,-1.833154544704385,3.10281199713001,170.10501395991088,163.70800094604493,157.310987932179,-259159500.0,451183200.9204246,40664071.48109263,-0.0029819008973627215,0
2019-02-06,171.07000732421875,171.3699951171875,169.75,170.52000427246094,164.02340698242188,27970000,161.32340087890626,164.71728224048965,165.84871441069103,2.653576582872006,1.7768756108456405,0.8767009720263654,170.55529442869508,63.5989704709547,5.161893734834137,129.35807215434207,-7.692233336831578,2.9968965055562067,171.00222737579958,164.25800094604492,157.51377451629023,-287129500.0,449802194.0256917,38283744.63627672,-0.01342955950941005,-1
2019-02-07,169.02999877929688,169.4499969482422,166.9499969482422,168.22999572753906,161.8206329345703,42036200,161.5038006591797,165.0518263821134,166.2269996279762,2.588672913492786,1.93923507137507,0.6494378421177163,170.6295870451253,58.17798415810439,3.0821071527912505,59.64790950608675,-28.416315460967837,3.037832992657128,171.39066712949978,164.62850036621094,157.8663336029221,-329165700.0,450811021.7747151,34150624.7893343,0.001961611124267959,0
2019-02-08,166.75999450683594,168.58999633789062,166.57000732421875,168.55999755859375,162.13807678222656,29020700,161.61720062255858,165.3859379227306,166.60142793201263,2.5346468466445344,2.058317426428963,0.4763294202155714,170.72814769542458,58.72398078713796,2.0647918789792734,45.62689903628316,-25.42987025181863,2.96512985121265,171.7782026985535,164.99250030517578,158.20679791179805,-300145000.0,478969751.1714609,38314796.49733758,-0.000949238635659988,0
2019-02-11,169.1699981689453,169.5800018310547,167.97999572753906,168.39999389648438,161.98414611816406,21434100,161.71640045166015,165.6729908726119,166.9259511311849,2.4506700423456778,2.136787949612306,0.3138820927333716,170.7216156092257,58.32637905142917,3.243205975315955,55.00022516876899,-26.87786879360152,2.867621011981356,172.01661586550816,165.37799987792968,158.7393838903512,-321579100.0,468788461.6866338,33295656.769317742,0.014786256433564127,1
2019-02-12,169.6300048828125,171.13999938964844,169.3300018310547,170.88999938964844,164.37933349609375,29722100,161.76020050048828,166.16984882661538,167.4509034656343,2.5555813029069725,2.2205466202712394,0.3350346826357331,171.31865750485488,62.573257918484046,5.768392426155851,90.87319420845137,-4.6242409185858975,2.858505617770565,172.38829858666494,165.95899963378906,159.52970068091318,-291857000.0,490300025.7500296,35060083.01263398,0.0007021775271582875,0
2019-02-13,171.64999389648438,172.16000366210938,170.82000732421875,171.00999450683594,164.4947052001953,26094100,161.81740051269531,166.63081508187446,167.93195059640067,2.618225561379859,2.300082408492964,0.3181431528868952,171.79589151390152,62.77015885068564,3.217046153234057,108.55529746474552,-10.295517849507608,2.750040669102133,172.95797861418544,166.39049911499023,159.82301961579503,-265762900.0,471605266.18365365,26646280.88535881,0.0012280376622011424,0
2019-02-14,170.39999389648438,171.8300018310547,169.8300018310547,171.22000122070312,164.69674682617188,30326800,161.85440063476562,167.0678804284296,168.39190317789715,2.654221164863628,2.3709101597670967,0.2833110050965315,172.19795545563588,63.13569146168144,1.81969403660476,89.22990331460183,-8.415421624863228,2.696466335546414,173.44797802119643,166.8339988708496,160.22001972050276,-235436100.0,483432699.6736439,24545156.045074224,0.004205123324202198,0
2019-02-15,172.52000427246094,172.55999755859375,171.13999938964844,171.94000244140625,165.38931274414062,32521700,161.84660064697266,167.53189204871308,168.87818923223583,2.7096113086763864,2.438650389548955,0.2709609191274316,172.67088282184574,64.42530867918603,2.681400761417689,108.224882979759,-5.358647730105204,2.6052900378555246,174.04768222706352,167.2494987487793,160.4513152704951,-202914400.0,487555355.7261256,22765981.350286186,0.00197741266175977,0
2019-02-19,171.41000366210938,172.8000030517578,171.3800048828125,172.27999877929688,165.7163543701172,19487700,161.97780059814454,167.98409268972105,169.35728447323754,2.749251598632896,2.500770631365743,0.2484809672671524,173.10339801729427,65.04712669849378,1.6221317877670107,106.27067734448204,-5.247266198792233,2.520626332867384,174.67084146097335,167.60099868774415,160.53115591451495,-183426700.0,492770238.3633205,21627783.327863395,-0.00017412804451721886,0
2019-02-20,172.39999389648438,173.0800018310547,171.32000732421875,172.25,165.68751525878906,32593000,162.08500061035156,168.3903695764143,169.8000465029762,2.746585238300128,2.54993355275262,0.1966516855475077,173.40694906254043,64.93927087532731,0.7133258664624429,99.90710084168532,-12.556758765723364,2.466295488111533,174.9599613793129,168.11649856567382,161.27303575203476,-216019700.0,494621949.598506,19785175.59098917,-0.0036575029481131782,0
2019-02-21,171.7899932861328,172.25999450683594,170.7100067138672,171.6199951171875,165.08152770996094,25207400,162.28980041503905,168.69795296124985,170.13371284121558,2.662939293105069,2.57253470082311,0.0904045922819589,173.44986377067667,62.59202023887216,0.64508023526024,62.68410498588239,-22.427157385986757,2.400844938414495,175.01426792945944,168.589998626709,162.16572932395854,-241227100.0,499012771.9611759,18629809.03302747,0.0074000950273522825,0
2019-02-22,171.99000549316406,173.00999450683594,171.89999389648438,172.88999938964844,166.3030548095703,27735400,162.48620025634764,169.09719547824017,170.5432367234003,2.668368716261341,2.5917015039107563,0.0766672123505847,173.77381393740677,65.31381017399991,2.7700194855004314,107.841398812864,-2.918626754703624,2.328641684886151,175.25671940923766,169.0744987487793,162.89227808832092,-213491700.0,520751576.0274347,23380432.277395725,0.00364396370545772,0
2019-02-25,174.2100067138672,174.66000366210938,173.39999389648438,173.52000427246094,166.90908813476562,32608800,162.68440032958983,169.51841536340407,170.96661820184616,2.6924705772917434,2.611855318586954,0.0806152587047894,174.1632583195705,66.61161440739853,2.942576403480916,150.01820500627818,-14.091469786075074,2.288739012546944,175.68908172044613,169.4929992675781,163.2969168147101,-180882900.0,494354464.94431126,14799294.4166075,0.0010373021631477908,0
2019-02-26,173.10000610351562,174.25,172.80999755859375,173.6999969482422,167.08224487304688,21939700,162.85740020751953,169.91666122862674,171.3672846476237,2.695028766454328,2.628490008160429,0.0665387582938992,174.49006602622887,66.9916047871337,3.1472703348289484,113.53009776436558,-11.866590215509277,2.2281149717185618,175.73749594044423,170.02249908447266,164.30750222850108,-158943200.0,499534607.3106911,11591665.643168868,-0.0006332792877615789,0
2019-02-27,172.89999389648438,173.8000030517578,171.75999450683594,173.58999633789062,166.97645568847656,25162000,163.02720001220703,170.26650266760424,171.70704629080635,2.6575454897137263,2.6343011044710885,0.0232443852426378,174.6908443915103,66.49354484637652,1.5799619391921762,78.0326984549465,-13.226301712983746,2.2146787983692287,175.0363062178085,170.62349853515624,166.210690852504,-184105200.0,519516051.6238241,15583398.367925463,-0.002304245088557977,0
2019-02-28,173.0500030517578,173.80999755859375,172.6999969482422,173.19000244140625,166.5916748046875,25085500,163.26940002441407,170.54493121749016,171.95147523425874,2.565984486397241,2.620637780856319,-0.054653294459078,174.7141959401981,64.61240917555898,1.274783933452012,79.17052045519209,-18.17060427849849,2.1357732134742182,174.9154524702566,170.9989990234375,167.0825455766184,-209190700.0,516578346.2901242,14864982.933882773,0.006928788794538843,0
2019-03-01,174.44000244140625,174.64999389648438,173.17999267578125,174.38999938964844,167.74595642089844,31431200,163.60860015869142,170.91112818626715,172.27442765008834,2.560732921420509,2.6086568089691573,-0.0479238875486478,175.00901972740937,67.57600276470896,1.851418144109913,116.24294460765567,-4.041975325562319,2.08821807111294,175.26502493791753,171.31049880981445,167.35597268171136,-177759500.0,536891270.7020905,19682926.84795612,0.00017202121338311116,0
2019-03-04,175.5399932861328,175.7899932861328,172.47000122070312,174.4199981689453,167.7748260498047,38063500,163.9286001586914,171.24530627985553,172.57057044619606,2.529829370896408,2.592891321354608,-0.0630619504581995,175.22397753746125,67.64894251223284,1.4423611098785438,113.5161290206277,-21.20738280714849,2.176201927885045,175.41473715458702,171.65899887084962,167.9032605871122,-139696000.0,543540955.1776143,21980355.614293218,0.0007453553731067153,0
2019-03-05,174.5500030517578,175.08999633789062,173.69000244140625,174.5500030517578,167.89988708496094,22319900,164.32900024414062,171.560039305751,172.84590417771113,2.4871579829790846,2.5717446536795032,-0.0845866707004185,175.40031443801124,67.98506003831626,1.3176249643285505,111.39035431796736,-20.805235103457807,2.120758497050117,175.7334292700279,171.90999908447264,168.0865688989174,-117376100.0,548642785.6168513,22545308.3753435,-0.005671758670038551,0
2019-03-06,174.72000122070312,174.75,173.27999877929688,173.55999755859375,166.9475555419922,27194600,164.75440032958986,171.75051152030744,173.0030468895322,2.346407506005363,2.5266772241446755,-0.1802697181393124,175.25563820945567,62.64720245261787,0.760521079009434,63.43193413248046,-37.41608934085009,2.074275834437872,175.90227557299144,172.0364990234375,168.17072247388356,-144570700.0,531807979.4676682,15370322.696001887,-0.012272441304301163,-1
2019-03-07,173.1199951171875,173.17999267578125,170.7899932861328,171.42999267578125,164.8987579345703,39407400,165.2316000366211,171.71998591606686,172.94528438023158,2.0394783096790263,2.4292374412515456,-0.3897591315725193,174.55452418604816,53.004591081640406,-0.1107111332082898,-95.54445373338054,-85.82701053099525,2.1239707228840063,175.89638781362606,172.0819984436035,168.26760907358096,-183978100.0,513505783.13999367,5214373.114192784,-0.0015166220494896576,0
2019-03-08,169.50999450683594,171.25999450683594,169.33999633789062,171.1699981689453,164.6486358642578,39303200,165.785,171.66760613062672,172.8584272112165,1.755024496517052,2.294394852304647,-0.5393703557875948,173.887201717905,51.95341531410005,-0.994852927743204,-162.11228058816718,-71.62786516428638,2.121543981098043,175.6439501082097,172.22899856567383,168.81404702313796,-223281300.0,549124454.5559629,11918846.1799708,0.020798022998633314,1
2019-03-11,171.8800048828125,174.85000610351562,171.85000610351562,174.72999572753906,168.07298278808594,30518400,166.23039978027344,171.9592622827136,173.09661741710843,1.7961499524572275,2.1947458723351634,-0.3985959198779358,174.2437199785382,62.82480994706797,0.697321015033055,52.87655988278924,-16.43407845150423,2.232862834948232,175.67435820107113,172.5374984741211,169.40063874717106,-192762900.0,577201171.4504942,22511554.5205971,0.0054942295961830645,0
2019-03-12,175.19000244140625,176.13999938964844,174.77000427246094,175.69000244140625,168.9964141845703,33953500,166.6831997680664,172.3145708692558,173.39685589018322,1.8844835381039504,2.132693405488921,-0.2482098673849706,174.76623077452996,65.11697621288012,1.14565660801769,148.95987562297714,-6.617599210133629,2.1740871797303845,175.70776334755075,172.9019989013672,170.09623445518363,-158809400.0,588849524.2416373,28504724.31889021,0.00751318826960512,0
2019-03-13,176.60000610351562,177.92999267578125,176.35000610351562,177.00999450683594,170.26614379882812,42426100,167.16399963378908,172.76175407283486,173.78809356689453,2.0375136797918856,2.113657460349514,-0.0761437805576283,175.51699627567564,68.03537272476626,1.9701585581512036,216.5276889374551,-10.710111305719472,2.1787945407775493,176.38026407755365,173.20799865722657,170.0357332368995,-116383300.0,581867692.5533056,26143645.124732614,-0.0016947505919343575,0
2019-03-14,177.1300048828125,177.33999633789062,176.66000366210938,176.7100067138672,169.9775848388672,23751500,167.6129998779297,173.13777813388558,174.12161814371746,2.110258910680443,2.1129777504157,-0.0027188397352566,176.03244041387964,66.67022687819313,2.0324523487733237,164.01253009412943,-14.202403748796522,2.0717372646827146,176.84336255267547,173.4929992675781,170.14263598248075,-140134800.0,561609311.0121514,16355205.40723443,0.009280738652814202,0
2019-03-15,177.39999389648438,178.8800048828125,177.27999877929688,178.35000610351562,171.55506896972656,38192000,168.08239990234375,173.63418079765987,174.58419022333055,2.274030664987549,2.14518833333007,0.1288423316574793,176.85657244527803,70.19156875334495,2.270776264537477,170.0940553681355,-5.555537783862807,2.0787559007029124,177.64441235689566,173.84949951171876,170.0545866665419,-101942800.0,574499265.8081613,14965356.102694271,0.0005606439097542992,0
2019-03-18,177.9499969482422,178.99000549316406,177.58999633789062,178.4499969482422,171.96365356445312,32935100,168.65499969482423,174.0928299548582,175.02233283633277,2.3844034667734206,2.19303136001874,0.1913721067546805,177.5319820817224,70.39692780612184,2.310514173606039,134.7301329413852,-5.595938161641811,2.03027399030585,178.35605684705396,174.17499923706055,169.99394162706713,-69007700.0,582027052.7761507,15431499.41313398,0.0033623206151673912,0
2019-03-19,179.17999267578125,180.0,178.2899932861328,179.0500030517578,172.5418701171875,36893300,169.11139984130858,174.56494167837243,175.486618913923,2.491568929800394,2.252738873975071,0.2388300558253231,178.2130601156085,71.65868236772063,2.578057818002818,128.33476010229765,-8.91178819777445,2.0073977562704672,179.10238169489847,174.51349945068358,169.9246172064687,-32114400.0,577928089.8495086,12915115.344097376,0.003965325009644971,0
2019-03-20,179.05999755859375,180.8600006103516,178.24000549316406,179.75999450683594,173.2259979248047,50105000,169.5447998046875,175.05970861441656,175.98628510974703,2.6037740219810246,2.3229459035762616,0.2808281184047629,178.92551995712105,73.11873954996209,3.5722499628113167,118.97983417972092,-9.548660551674114,2.0511547106288788,179.8864281348542,174.88899917602538,169.89157021719654,17990600.0,585959877.2277875,13267152.814025998,0.015632025496506996,1
2019-03-21,179.22000122070312,182.8300018310547,179.1999969482422,182.57000732421875,175.93392944335938,42428500,170.00579986572265,175.77497515820727,176.71780969528925,2.886171922688902,2.43559110739879,0.4505808152901123,180.20655688404185,77.95856369017112,6.498288003491996,139.52895110651485,-1.9273120901817875,2.163929722944923,181.2190224410998,175.43649978637694,169.65397713165407,60419100.0,622310601.9688509,23771203.03169644,-0.021964230732070766,-1
2019-03-22,181.77999877929688,182.2700042724609,178.3699951171875,178.55999755859375,172.06964111328125,70794500,170.36059967041015,176.0402153868155,177.0152856735956,2.7546461721658773,2.499402120352208,0.2552440518136696,180.1808150503642,61.06278008664061,4.317345018812517,81.18769332704501,-31.65309513494804,2.30936418611456,181.5312297085585,175.71999969482422,169.90876968108995,-10375400.0,558414100.0517249,5576590.871503711,-0.0019041013807085116,0
2019-03-25,177.91000366210938,178.83999633789062,176.92999267578125,178.22000122070312,171.74200439453125,46336500,170.69939971923827,176.24781403766195,177.25338105701266,2.5930847375692,2.518138643795606,0.0749460937735935,180.03617924871355,59.8778460589318,1.997370559435094,33.02571447038723,-34.17345243252598,2.2808384343961494,181.77148474496715,175.95499954223632,170.1385143395055,-56711900.0,574668559.5640837,2798251.117038608,0.004657175543539838,0
2019-03-26,179.60000610351562,180.69000244140625,178.13999938964844,179.0500030517578,172.5418701171875,33248100,171.0665997314453,176.51468918186154,177.5481432960147,2.503165415076808,2.515143998051846,-0.0119785829750389,180.10039857768618,61.82536626226489,1.9124597664412604,60.20598795101367,-28.02073565657446,2.300064478495761,182.0914074515167,176.2224998474121,170.35359224330753,-23463800.0,565150543.1318835,-1621188.6579459906,-0.0064228379540490765,0
2019-03-27,179.32000732421875,179.72000122070312,176.60000610351562,177.89999389648438,171.43362426757812,37096700,171.4391995239258,176.6466229642066,177.7079046340216,2.3124510797680102,2.4746054143950795,-0.1621543346270693,179.8243601005979,57.64991576174846,0.5027961229692409,17.36117820908357,-36.5456332621106,2.3586309526946745,182.22030877859828,176.4379997253418,170.6556906720853,-60560500.0,558967517.8961544,-5249086.717449427,0.0023046862067233054,0
2019-03-28,178.36000061035156,178.97999572753906,177.24000549316406,178.30999755859375,171.82876586914062,30368200,171.75779937744142,176.80503959224345,177.88619014195032,2.169385142474823,2.4135613600110286,-0.2441762175362054,179.67699784485677,58.72031102712727,0.9054330733614332,3.907193176196511,-41.16581084930898,2.314442329952898,182.3299494804135,176.69399948120116,171.05804948198883,-30192300.0,565948645.954945,-4034769.1124084,0.007571118400537369,0
2019-03-29,179.69000244140625,179.8300018310547,178.58999633789062,179.66000366210938,173.12969970703125,35205500,172.10399932861327,177.07694093223068,178.1686667306083,2.140266901941743,2.3589024683971718,-0.2186355664554282,179.88176585807167,62.11564485013941,0.7345093993624077,52.51449111563783,-39.3300140093143,2.2576967544122053,182.63059019464544,176.9574996948242,171.28440919500295,5013200.0,591501171.7224956,4959143.480457068,0.013247186772296526,1
2019-04-01,181.509994506836,182.259994506836,180.7700042724609,182.0399932861328,175.42320251464844,30969500,172.47219909667967,177.5496125849833,178.65271373930432,2.282919681766004,2.3437059110709377,-0.0607862293049343,180.64346984178331,67.2326045935584,2.0117659844689557,164.94815166833789,-12.191497928994776,2.2821463322940256,183.295166134801,177.3384994506836,171.3818327665662,35982700.0,613325205.3330141,15131650.828116417,0.0037903892927619864,0
2019-04-02,182.2400054931641,182.91000366210932,181.77999877929688,182.72999572753903,176.08810424804688,22645200,172.82179901123047,178.04298240808382,179.16618957519532,2.423711431292986,2.3597070151153474,0.0640044161776387,181.42177702252133,68.55851857017069,2.055287692297581,173.3280978676064,-2.8527417467088534,2.1998505144669718,183.9981997788925,177.74749908447265,171.49679839005276,58627900.0,628755718.4906238,22827235.217933297,0.005746199728059231,0
2019-04-03,183.759994506836,184.9199981689453,183.2100067138672,183.77999877929688,177.09994506835938,31633500,173.25859893798827,178.58936491962794,179.74071335565475,2.590158641674691,2.4057973404272164,0.1843613012474745,182.30463323960805,70.51383198524994,2.23631753187891,186.58527104020848,-13.70192880814438,2.199147080676867,184.72363268082427,178.2584991455078,171.79336561019136,90261400.0,618211030.306875,20545097.5718534,-0.00038084702304164164,0
2019-04-04,183.8300018310547,184.5,182.6499938964844,183.7100067138672,177.03245544433594,28530800,173.68979919433593,179.07704509050785,180.25990455264136,2.685465110210941,2.4617308943839618,0.2237342158269797,182.9799657709298,70.20043406620985,0.6244176720790499,130.10713080930472,-14.543180396838927,2.174208439449248,184.94769951605468,178.87249984741212,172.79730017876955,61730600.0,622375272.3748053,19068745.777175546,0.005171176928439047,0
2019-04-05,184.2400054931641,184.7700042724609,184.0200042724609,184.66000366210932,177.9479522705078,25674700,174.11899932861328,179.60875543066038,180.81109539213637,2.8053150616565574,2.530447727838481,0.2748673338180762,183.74778857035315,72.01826903170316,3.4162221028894804,129.0335768966298,-3.124936956565938,2.094621947954191,185.01706247925512,179.5470001220703,174.07693776488549,87405300.0,640518685.2532233,22504165.43365169,0.0025452247989943277,0
2019-04-08,184.3600006103516,185.27999877929688,183.6300048828125,185.1300048828125,178.40087890625,22697500,174.51859954833984,180.13458871181774,181.34281013125465,2.90473816872381,2.605305816015547,0.2994323527082629,184.46504791347752,72.8990943274001,3.877232417674716,112.1904982638546,-1.7280417402065873,2.0628628014186408,185.5836356458412,180.06700057983397,174.55036551382673,110102800.0,659089519.7271168,27772633.0408442,-0.003511095652403373,0
2019-04-09,184.5,185.1100006103516,184.08999633789065,184.47999572753903,177.77450561523438,25631900,174.9459994506836,180.5484369990293,181.76309538341704,2.897678753968677,2.6637804036061734,0.2338983503625034,184.84863778991493,69.63438789393543,3.032668295577509,93.3290134859673,-9.216632797283276,1.9898017830931856,185.95846368181816,180.50650024414065,175.0545368064631,84470900.0,653058371.6561459,25484128.762946367,0.005366465286709143,0
2019-04-10,184.72000122070312,185.52999877929688,184.5200042724609,185.47000122070312,178.72853088378906,24563000,175.4239993286133,181.01715740109347,182.23580976213728,2.9381006905357765,2.718644460992094,0.2194562295436823,185.3838093319997,71.71227896449096,4.255203813342203,94.44156513831122,-0.6718657088764179,1.922673302279888,186.5411265567192,180.929500579834,175.3178746029488,109033900.0,674703098.2957187,29118141.96522081,-0.002372364471398547,0
2019-04-11,185.77999877929688,185.77999877929688,184.69000244140625,185.02999877929688,178.30453491210938,20654100,175.8109994506836,181.39933277044616,182.62633340018132,2.9011877601495257,2.7551531208235804,0.1460346393259453,185.6720150964578,69.43801840089448,3.7687181384739192,82.06110833120604,-8.169941158871053,1.863196376249096,186.87723723619635,181.34550018310543,175.81376313001456,88379800.0,666934029.4069542,25485703.450160623,0.004323639718076588,0
2019-04-12,185.8500061035156,185.9499969482422,185.0599975585937,185.8300018310547,179.07540893554688,24989100,176.1643994140625,181.8213012524089,183.0534287952241,2.9030233115809096,2.784727158975046,0.118296152605863,186.07981503635264,71.22485739607292,3.434263633072928,85.33558015216786,-1.2833714939429863,1.795825075724255,187.40000747441715,181.71949996948243,176.0389924645477,113368900.0,685184765.2737049,27489876.06522405,0.0001614313028106551,0
2019-04-15,185.83999633789065,186.07000732421875,184.6199951171875,185.8600006103516,179.10433959960938,21073000,176.53259948730468,182.20593928649868,183.44776218959265,2.8737715999501745,2.802536047170072,0.0712355527801023,186.3862552543627,71.29263619170494,2.098444004123007,74.933757775967,-2.2175996493859595,1.7711241565308282,187.8354246870434,182.0900001525879,176.34457561813238,134441900.0,700153718.0665667,30573533.835912824,0.003443448765450885,0
2019-04-16,186.5399932861328,186.91000366210932,185.92999267578125,186.5,179.72108459472656,27195700,176.87199951171874,182.61489744968927,183.86776217506045,2.869158140724835,2.8158604658810247,0.0532976748438103,186.76834010221492,72.76644568329517,2.063155672636396,101.85310580201308,-4.2399559435911005,1.719615506187823,188.33584502579745,182.4625,176.58915497420256,161637600.0,704593884.2017769,30468398.163678527,0.003485221965063845,0
2019-04-17,187.75,187.92999267578125,186.6000061035156,187.1499938964844,180.3474578857422,29651600,177.1943994140625,183.0468113970031,184.31419016520184,2.884698013236772,2.8296279753521745,0.0550700378845974,187.2153827767117,74.21435207939888,1.8337115788288727,133.20693218520628,-8.35116793496521,1.6989281611580098,188.9052094587121,182.8319999694824,176.7587904802527,191289200.0,699465867.1943667,26023891.962345004,0.0012824231952515142,0
2019-04-18,187.4600067138672,187.7899932861328,186.2899932861328,187.38999938964844,180.5787353515625,28580900,177.53179931640625,183.4604483486836,184.7482853480748,2.8831448129417367,2.840331342870087,0.0428134700716498,187.60931314859803,74.7482090679947,2.00315308981123,128.45898335147427,-7.541817887336222,1.684719006789088,189.45993107219667,183.0729995727539,176.68606807331113,219870100.0,712803853.1196597,26083781.13236141,0.002828319446198435,0
2019-04-22,186.57000732421875,187.9900054931641,186.42999267578125,187.9199981689453,181.08946228027344,17936000,177.92559936523438,183.88516737918476,185.20990426199776,2.89135067188019,2.850535208672108,0.0408154632080819,188.03500961574812,75.93317029403183,1.7654036836266396,129.7454640867057,-1.1273308942234994,1.675811421831212,189.908262712854,183.54099960327147,177.17373649368895,237806100.0,729130056.9010693,28931729.62032914,0.012718174824053019,1
2019-04-23,188.3999938964844,190.5399932861328,188.1300048828125,190.3099975585937,183.39260864257807,33665600,178.36059936523438,184.49705596769988,185.85457073393323,3.055485120400732,2.891525191017833,0.1639599293828992,188.9692149229339,80.39980093621759,2.798029784021322,199.52961258188884,-2.9150284579342656,1.7432531143586774,190.67095889046556,184.145499420166,177.62003994986648,271471700.0,756369946.1761775,36133879.71472967,-0.0031527027083365633,0
2019-04-24,190.47000122070312,190.7100067138672,189.6499938964844,189.7100067138672,182.8143920898437,24977100,178.78679962158202,184.99352746733487,186.3845238095238,3.1013976252702378,2.933499677868314,0.1678979474019239,189.5427895482692,76.55843467137144,2.8350016844386894,165.72672371425108,-12.40692816075094,1.6944502360019016,191.19349738945675,184.6784996032715,178.16350181708623,246494600.0,734221012.2444952,28747927.619200945,0.0040587685753086244,0
2019-04-25,191.1300048828125,191.22000122070312,189.4499969482422,190.47999572753903,183.55642700195312,29517500,179.17859954833983,185.516048254021,186.93704724993023,3.163449023335346,2.9794895469617204,0.1839594763736256,190.1748354034339,78.01045148613079,2.701242504912793,146.29437823616232,-9.749747697108235,1.699846952891972,191.5046341314728,185.30749969482423,179.11036525817565,276012100.0,739057089.1718816,24651705.54618025,0.0008924725575305548,0
2019-04-26,190.17999267578125,190.69000244140625,188.58999633789065,190.6499938964844,183.72024536132807,26359500,179.57139953613282,186.00499545806517,187.4458562215169,3.1895751974237783,3.0215066770541323,0.1680685203696459,190.69834784151263,78.32960256123812,3.037342676465689,109.6246274301928,-7.509981544696442,1.728429749365772,191.65138014251156,185.92449951171875,180.197618880926,302371600.0,764412206.148326,28802451.413705945,0.001940783571057425,0
2019-04-29,190.6499938964844,191.32000732421875,190.33999633789065,191.0200042724609,184.0767517089844,21716200,179.96739959716797,186.4826153451505,187.93114238920663,3.203212484067535,3.057847838456813,0.145364645610722,191.18430304110964,79.04257423906681,2.792876494789392,118.0130165447433,-4.149413497782295,1.674971266290464,191.86378595464004,186.49249954223632,181.1212131298326,324087800.0,772832787.2961468,30561354.959845304,-0.007747937143887218,0
2019-04-30,189.47999572753903,189.8500061035156,188.2100067138672,189.5399932861328,182.6505584716797,31495300,180.3193994140625,186.77379419667255,188.22137988862536,3.0593295674680405,3.0581441842590587,0.0011853832089818,191.15951061307192,69.23094000348023,1.9799809876769483,48.34144002657898,-26.176665282904445,1.7560445728852272,191.98420736619528,186.86749954223632,181.75079171827736,292592500.0,792420830.8069725,34735160.713088155,-0.0032183213673047106,0
2019-05-01,190.77999877929688,191.32000732421875,188.8000030517578,188.92999267578125,182.062728881836,34797100,180.6523992919922,186.97914643277815,188.41780780610583,2.863075614691468,3.019130470345541,-0.156054855654073,190.94361130961877,65.61569273979161,1.302945134467158,55.910602153756685,-35.67179543239231,1.8106131228559663,191.99655400191816,187.17749938964843,182.35844477737868,257795400.0,761213615.1540246,23355316.203196168,-0.00434019000274255,0
2019-05-02,188.8699951171875,189.8500061035156,186.8699951171875,188.1100006103516,181.2725830078125,44110100,180.9695993041992,187.08684683064232,188.5066174461728,2.611275280491043,2.9375594323746417,-0.3262841518835988,190.5199246839464,61.00400207569693,0.5129611248601922,-4.908850169688771,-47.91046067794407,1.894141541676891,191.9657724221207,187.3939994812012,182.8222265402817,213685300.0,753812618.9492512,14221852.274612663,0.015948115412609765,1
2019-05-03,189.6699981689453,191.25,189.3300018310547,191.1100006103516,184.1635284423828,30386200,181.3593994140625,187.47000433347176,188.8605223156157,2.6235539328355344,2.87475833246682,-0.2512043996312858,190.92094383753005,69.46080673158912,1.985165287805988,81.43879390511427,-3.134422854435548,1.9831313879620411,192.2807326265469,187.76399917602535,183.2472657255039,244071500.0,779767513.2089219,17450914.99784994,-0.006122119016318872,0
2019-05-06,187.0500030517578,190.1999969482422,186.759994506836,189.94000244140625,183.0360107421875,38371800,181.70039947509767,187.70524224851312,189.0677607218425,2.50994272181822,2.8017952103371,-0.29185248851888,190.91759988475872,63.662287393678575,1.074927784239811,-1.4616226573700033,-25.60298946891632,2.1521938676470342,192.4031719806121,188.02799911499025,183.65282624936836,205699700.0,812339051.5013584,27549119.65969038,-0.019479819420259115,-1
2019-05-07,187.8699951171875,188.6699981689453,184.509994506836,186.2400054931641,179.47055053710938,58818100,181.9547994995117,187.56569589086084,188.89747561500187,2.097171301681982,2.6608704286060765,-0.5636991269240945,189.92799799127656,49.569606316904,-2.1386118005579493,-139.70440927069404,-74.59606857255518,2.3863234438591734,192.3366775705113,188.0834991455078,183.8303207205043,146881600.0,802442042.6637404,26026689.694865704,-0.002523631909581492,0
2019-05-08,185.6300048828125,187.1699981689453,184.9600067138672,185.7700042724609,179.01759338378906,37165300,182.1961996459961,187.3946776414894,188.67714276994977,1.7123825269700887,2.471172848278879,-0.7587903213087901,188.973440839108,48.11262904415022,-2.076855359216155,-148.9647376590183,-81.4976887795464,2.3737283018032174,192.21571266776397,188.14799957275392,184.0802864777439,109716300.0,792520107.9674665,19880835.51545334,-0.0053830003606683,0
2019-05-09,183.6999969482422,185.41000366210932,182.08999633789065,184.7700042724609,178.05393981933594,55351700,182.4197998046875,187.144708749201,188.35542893182665,1.3116234296662412,2.2392629645563518,-0.92763953489011,187.9169554416193,45.07680804659416,-2.9976856274428147,-191.90187399690384,-70.96419561645156,2.467033989859152,192.2830387276874,188.1129997253418,183.94296072299625,54364600.0,826531460.9401658,26381067.886511564,0.00124476766910675,0
2019-05-10,184.1100006103516,185.88999938964844,181.02999877929688,185.0,178.2755889892578,58526400,182.65599975585937,186.9404507730866,188.0589527675084,1.0010383438937822,1.9916180404238373,-0.9905796965300552,187.1027202166124,45.921974689888565,-2.963542657941092,-155.37331861541878,-61.41887343074829,2.6379601770391314,192.28599266254156,188.11149978637692,183.9370069102124,112891000.0,863622283.2707415,38443600.2447176,-0.03470269280510985,-1
2019-05-13,180.2899932861328,181.259994506836,178.05999755859375,178.5800018310547,172.0889892578125,67185800,182.7397998046875,186.14421754051216,187.1511910574777,0.2341580000377519,1.6401260323466205,-1.4059680323088686,184.76790679667656,31.397933692960187,-6.512408210222033,-209.7297985111816,-96.07840204002724,2.9452489102114665,193.5824901518085,187.7489997863769,181.91550942094537,45705200.0,818272068.50022,25453786.032934308,0.010975425215486112,1
2019-05-14,179.52000427246094,181.6300048828125,178.86000061035156,180.5399932861328,173.97769165039062,43360600,182.86219970703124,185.61048189723792,186.4646190098354,-0.2129900507268587,1.2695028157319246,-1.4824928664587833,183.37094915877245,37.85960520803152,-4.748338249866584,-142.03627982667075,-81.29718023309337,2.9527313488934217,194.0729065842308,187.482999420166,180.8930922561012,89065800.0,827507409.3380749,20764308.118982792,0.014124311214060992,1
2019-05-15,179.35000610351562,183.5500030517578,179.30999755859375,183.08999633789065,176.4350128173828,40944500,183.0329995727539,185.37043565349052,186.0462377639044,-0.3574734362201468,0.9441075653415104,-1.3015810015616571,182.9047282666996,45.10425753552894,-3.09109012030318,-90.60311816980624,-62.06640215049782,3.04467950205645,194.16647857941368,187.3124992370605,180.4585198947074,130010300.0,859567607.2180423,27159193.01426661,0.010049682531507065,1
2019-05-16,183.1699981689453,186.07000732421875,182.9499969482422,184.92999267578125,178.20811462402344,39281200,183.26039947509764,185.3284887032325,185.8193323771159,-0.3198185638692621,0.691322339499356,-1.011140903368618,183.02071212662565,49.664412719822536,-1.6905044517847645,-29.353674972832938,-48.19012022904276,3.050060278765075,194.13386779554995,187.20149917602535,180.2691305565008,169291500.0,870143041.5237942,30671175.65832496,-0.010220080379076069,-1
2019-05-17,183.1000061035156,185.5800018310547,182.8800048828125,183.0399932861328,176.38682556152344,44702300,183.4925994873047,185.1105367587468,185.4229984828404,-0.4374414093341556,0.4655695897326537,-0.9030109990668094,182.64603988522404,45.484794757759325,-4.222702788156268,-38.47426215671263,-62.44349879402722,3.0250557551561,194.1481477340557,186.9839988708496,179.8198500076435,124589200.0,830738413.8833143,16781771.067257524,-0.016881536556113574,-1
2019-05-20,180.4900054931641,181.17999267578125,179.33999633789062,179.9499969482422,173.4091796875,38608300,183.6681994628906,184.619056776794,184.75309353783015,-0.771106407415175,0.2182343903030879,-0.989340797718263,181.55845667864972,39.61489392646431,-5.259558473600544,-106.51257984381895,-85.74662143501556,3.0732658403768878,194.35788823725812,186.58549880981445,178.81310938237075,85980900.0,817729171.9680007,5434822.119015813,0.010447373796584447,1
2019-05-21,181.5,182.3300018310547,180.9199981689453,181.8300018310547,175.2208251953125,31613800,183.8101995849609,184.35343249624736,184.30018906366257,-0.8737654163150808,-0.0001655710205457,-0.8735998452945349,181.1795063891661,44.32279817535159,-2.367914267631007,-63.92187496288366,-71.41771361143888,3.0237472005505235,193.99983470478685,186.1614990234375,178.32316334208815,117594700.0,826921895.4491599,3223771.191557169,-0.004454696972100214,0
2019-05-22,180.82000732421875,182.07000732421875,180.75,181.0200042724609,174.4402618408203,24332600,183.91679962158204,184.03596314160103,183.8105228969029,-1.0088540129613648,-0.2019032594087096,-0.8069507535526552,180.68582169716265,42.775402740958114,-2.5569251713174204,-65.1982246683944,-77.55870988639803,2.9020514950974863,193.69273534680983,185.7269989013672,177.7612624559245,93262100.0,812543643.1857843,-2548718.1981641054,-0.0153021997960604,-1
2019-05-23,178.94000244140625,179.02000427246094,177.13999938964844,178.25,171.77098083496094,45351300,183.9415997314453,183.48491903287712,183.09842776343936,-1.3241647470205749,-0.4263555569310827,-0.8978091900894921,179.59102743065253,37.902145391626966,-3.528713601611733,-127.2738333451566,-91.50075943451338,2.9719053085061087,193.399226290096,185.11549911499023,176.83177193988445,47910800.0,820745364.3938228,-2068850.9097503424,-0.0005048882911115049,0
2019-05-24,179.2100067138672,179.85000610351562,177.94000244140625,178.16000366210938,171.68421936035156,25903300,183.97059967041017,182.97778423566115,182.4359996250697,-1.563292069924131,-0.6537428595296925,-0.9095492103944386,178.70228982178713,37.75166136967226,-3.697295317778716,-103.61120396707511,-91.15347458412188,2.8960551909059298,192.89396302415875,184.4909996032715,176.08803618238423,22007500.0,800809338.4187801,-8027745.201117158,-0.003760654216285242,0
2019-05-28,178.66000366210938,179.66000366210938,177.47000122070312,177.49000549316406,171.03855895996094,24763800,183.95339965820312,182.4551386411376,181.76923828125,-1.786274389722564,-0.8802491655682668,-0.9060252241542972,177.83561709438854,36.587033297833486,-0.6103686452651144,-104.85880312872504,-96.51040731691732,2.845622851655698,192.1844691322906,183.81449966430665,175.44453019632272,-2756300.0,776497941.3869247,-17471124.175801396,-0.008225853111055392,0
2019-05-29,176.38999938964844,177.0,175.08999633789062,176.02999877929688,169.63160705566406,42178800,183.90499969482423,181.8432205590576,181.0278572445824,-2.057087006172594,-1.1156167336891325,-0.9414702724834618,176.78509735263563,34.11707884433659,-2.498058421708354,-147.3246071399821,-91.43896629450823,2.813793301913959,191.72937971766288,183.13899993896484,174.5486201602668,-44935100.0,775835475.3732158,-19956825.29018855,0.004203860127794945,0
2019-05-30,176.5,177.27000427246094,175.77000427246094,176.77000427246094,170.34475708007812,30354800,183.85939971923827,181.3600571031912,180.42128622872488,-2.186787768823507,-1.3298509407160073,-0.8569368281074996,176.15793825615057,36.45852312860646,-3.451850014659587,-113.90956622938428,-84.699396597488,2.7199509232054107,191.11713313756212,182.53100051879883,173.94486790003552,-14580300.0,785953742.0398824,-15939997.68939054,-0.015952974238051087,-1
2019-05-31,174.69000244140625,175.2899932861328,173.8699951171875,173.9499969482422,167.6272430419922,45446200,183.7431997680664,180.65433708843412,179.60404779343378,-2.4884423663500854,-1.5615692258428229,-0.9268731405072624,174.95635169501014,31.817842466747383,-5.937379636838661,-151.31103783219345,-99.34424794256698,2.732812225496036,190.77946684660895,181.82300033569337,172.86653382477775,-60026500.0,745628364.4380944,-25678461.29968834,-0.022017832125598047,-1
2019-06-03,173.47999572753906,173.9499969482422,169.27000427246094,170.1199951171875,163.93646240234375,75842300,183.49419952392577,179.6510664245059,178.48947586786178,-3.0019503325151504,-1.8496454471772883,-1.152304885337862,173.0252539662258,26.82395401936565,-7.058565692115406,-182.05679362431857,-94.94053160521524,2.871896543374073,190.04468555501032,180.77350006103515,171.50231456705998,-135868800.0,697335364.237904,-42693927.267626286,0.028156646381410244,1
2019-06-04,172.02999877929688,174.97000122070312,171.3699951171875,174.91000366210938,168.55233764648438,47797800,183.4211996459961,179.199536637611,177.93104763939266,-2.987952184673361,-2.077306794676503,-0.910645389996858,172.73870481592078,39.59345913618109,-2.800774310422707,-102.91742697787352,-66.42858115994024,3.0131900833846763,188.61077399596007,180.02200012207032,171.43322624818057,-88071000.0,743539971.7689513,-31072067.56121087,0.007432411094502989,0
2019-06-05,176.5800018310547,176.61000061035156,174.3800048828125,176.2100067138672,169.8050994873047,34412700,183.38099975585936,178.91481950201637,177.56800064813524,-2.8392302905297413,-2.2296914938471506,-0.6095387966825907,172.89621176237125,42.524877474047926,-3.0907963815615287,-52.97643382243499,-58.69046916226539,2.957247629395523,187.7627431115522,179.52050018310547,171.27825725465874,-53658300.0,765607473.2633575,-16471459.245710611,0.007945030606336223,0
2019-06-06,176.50999450683594,178.0399932861328,175.72999572753906,177.61000061035156,171.15415954589844,29913200,183.35219970703125,178.79055103614354,177.38604830787295,-2.578673962457998,-2.29948798756932,-0.2791859748886778,173.44051259902187,45.58726964637275,-1.8837717277792156,-12.394862976134826,-48.86574134711458,2.911015481480972,186.87055731770516,179.1125,171.3544426822949,-23745100.0,784384335.1652255,-3026621.6709833145,0.019311934373031914,1
2019-06-07,178.55999755859375,181.7700042724609,178.3300018310547,181.0399932861328,174.45950317382812,45888300,183.41499969482425,179.00478363138063,177.56961909702846,-2.0715301419695606,-2.2538964184493686,0.1823662764798079,174.82320840673017,52.29392948842084,1.565213624758941,83.07991651301157,-9.87755578922771,3.000228922954676,186.30095020850237,178.9259994506836,171.55104869286487,22143200.0,810796507.6249053,11152559.635029078,0.011654886702391565,1
2019-06-10,182.25,184.8500061035156,182.2100067138672,183.1499938964844,176.49285888671875,41385300,183.51179962158204,179.39956556139052,177.97190428234282,-1.48226892176433,-2.099570919112361,0.6173019973480307,176.5420262860531,55.89527624000021,2.8008476267427733,146.18151876270892,-10.911501971987349,3.0580706296996905,185.94302815490303,178.8334991455078,171.72397013611257,63528500.0,798882162.5814128,12148336.779556632,0.0013650014104904518,0
2019-06-11,185.0599975585937,185.3999938964844,182.77999877929688,183.3999938964844,176.7337646484375,41260300,183.58659942626957,179.78055873616137,178.40680854434058,-0.983762052124746,-1.876409145714838,0.8926470935900921,178.04304076277876,56.31605638810501,3.329758420424389,145.28937945015468,-12.399264020736055,3.026779521663032,186.45493248838952,179.0744987487793,171.6940650091691,104788800.0,777149520.7559469,4536374.4142555,-0.005779703347166043,0
2019-06-12,182.8999938964844,183.27999877929688,182.0,182.33999633789065,175.71231079101562,27758100,183.59259948730468,180.02431469823082,178.71780831473214,-0.6665412381111935,-1.634435564194109,0.9678943260829156,179.01572012822112,53.965161785350425,3.5846148965240494,108.2206228641904,-18.97085881590582,2.910580548435728,186.65726622245825,179.16449890136718,171.67173158027614,77030700.0,764137766.6110371,-3130111.455316782,0.005923011148104562,0
2019-06-13,183.1000061035156,183.8699951171875,182.7400054931641,183.4199981689453,176.75302124023438,23715800,183.6063995361328,180.34771312401315,179.1230939592634,-0.3242565085507749,-1.3723997530654424,1.0481432445146674,180.1032154380807,55.9813983039412,3.7619470134958752,104.62369664573558,-12.275244892843274,2.8119675649256037,186.70963910215383,179.1809989929199,171.652358883686,100746500.0,768964831.0010177,-4445961.418300986,-0.004252528552412427,0
2019-06-14,182.47999572753903,183.1100006103516,181.94000244140625,182.63999938964844,176.00140380859375,22844100,183.58359954833983,180.5660261016927,179.45252256847564,-0.1146116058641553,-1.120842123625185,1.0062305177610298,180.795998178838,54.13721173744533,4.995689907365684,75.57558476455283,-17.110950293020167,2.71682671939781,186.30602502286,179.06649932861328,171.8269736343666,77902400.0,773455475.122462,-3151244.0537620783,0.006022810486156827,0
2019-06-17,183.0399932861328,184.25,182.83999633789065,183.7400054931641,177.06141662597656,20379500,183.58419952392575,180.8683098532614,179.89761839367094,0.1386959883259066,-0.8689345012349668,1.0076304895608734,181.64811725346797,56.32248086372811,8.006119660769105,80.17872281279215,-10.291317242064324,2.637767711608651,186.4238242444493,179.10149993896485,171.7791756334804,98281900.0,779092555.1821994,-541493.8352831602,0.014531392669652199,1
2019-06-18,185.91000366210932,187.72000122070312,185.42999267578125,186.41000366210932,179.6343536376953,48177300,183.61919952392577,181.3960902160088,180.59366636730377,0.5485670800051707,-0.5854341849869394,1.13400126499211,183.03357455290416,61.16001538068739,6.574809764577925,110.28797478799468,-7.100258944588001,2.733641141318123,187.40810674457828,179.4245002746582,171.44089380473815,146459200.0,772150283.2316124,-1633546.745157361,0.0037551469046215313,0
2019-06-19,186.66000366210932,187.52999877929688,185.57000732421875,187.1100006103516,180.30889892578125,31672900,183.65879943847656,181.9402721583272,181.32561878022693,0.9192798903828532,-0.2844913699129809,1.203771260295834,184.3387367470488,62.33773632944605,6.1857973333966205,100.14882483278818,-3.306236917343508,2.678380449443752,188.2975236152569,179.68850021362306,171.0794768119892,178132100.0,790249083.2316134,3826917.6776360273,0.009299371960280745,0
2019-06-20,189.72000122070312,189.759994506836,187.16000366210932,188.8500061035156,181.98562622070312,40922000,183.7461996459961,182.59834205786896,182.19814315069289,1.338052132835628,0.0400173306367408,1.2980348021988872,185.84114626983836,65.16531317959884,6.328475566994024,116.97266216258171,-4.441136344680762,2.6763528385180795,189.56336743217787,180.0800003051758,170.5966331781737,219054100.0,802525947.410305,9619117.391304731,-0.0014826516825388047,0
2019-06-21,188.6300048828125,189.7700042724609,188.1699981689453,188.57000732421875,181.71585083007807,39980400,183.8081997680664,183.1670720832356,183.0067152477446,1.6285655012768243,0.3577269647647576,1.270838536512067,186.97437456947728,64.3283609211387,4.159309720137244,121.65622728036544,-6.521719299787643,2.599470928874943,190.7259310841327,180.59600067138672,170.46607025864074,179073700.0,782536128.6916566,4753791.555389643,-0.002174278231874327,0
2019-06-24,188.52999877929688,188.72000122070312,188.0599975585937,188.16000366210932,181.7216186523437,19375200,183.87079986572263,183.64258937646167,183.7270964849563,1.804909694374146,0.6471635106866354,1.1577461836875107,187.765820959312,63.051349255352434,2.735468158659388,104.08964562264129,-10.461342912297178,2.460937552677233,191.6729332196243,181.09600067138672,170.51906812314914,159698500.0,769032527.1935282,-1965332.359197259,-0.017166299550718578,-1
2019-06-25,188.02999877929688,188.13999938964844,184.6499938964844,184.92999267578125,178.60214233398438,33921100,183.8527996826172,183.7651992144921,184.0922385806129,1.6648376337105333,0.850698335291415,0.8141392984191183,187.542438662962,53.96292113186494,0.8342414559514199,37.878903535327325,-34.472996089665855,2.5358712821735843,192.03479835025811,181.4680000305176,170.901201710777,125777400.0,740554322.1179118,-13596645.361115577,0.004650411747213479,0
2019-06-26,186.16000366210932,187.3300018310547,185.4900054931641,185.7899932861328,179.4327392578125,22595700,183.8513995361328,183.95803674512453,184.5038569859096,1.604726094885791,1.0015038872102902,0.6032222076755009,187.54938073308972,55.79014971329631,1.8920681241262272,34.04797421607389,-34.79029839996143,2.526166844537849,192.37359090837631,181.95599975585935,171.53840860334245,148373100.0,725326500.0141848,-21964067.22571194,0.003821555194168713,0
2019-06-27,186.4600067138672,186.94000244140625,185.9900054931641,186.5,180.11839294433594,19709200,183.8513995361328,184.2001284836841,184.93661891392296,1.5959813952616455,1.1203993888205614,0.4755820064410843,187.7082239160815,57.297072999910505,1.6792072084842928,33.65462680121553,-41.76249690634436,2.427869866733151,192.75415096503977,182.44249954223636,172.1308481194329,168082300.0,726778596.9062005,-22928339.229613543,0.0012868927247404738,0
2019-06-28,186.9499969482422,187.1499938964844,186.07000732421875,186.7400054931641,180.3501892089844,21179200,183.8431997680664,184.442021532206,185.34590519496373,1.590088050050582,1.2143371210665657,0.3757509289840164,187.87066882706844,57.820453354610684,2.24485661258058,34.07774255096007,-38.69729336817657,2.3315924885568124,192.77547732786448,183.0819999694824,173.38852261110034,189261500.0,731877548.1057268,-19616026.101395607,0.013494639282122911,1
2019-07-01,190.32000732421875,190.57000732421875,188.3800048828125,189.259994506836,182.7839813232422,31025600,183.88059967041016,184.9008761012184,185.93428562709263,1.7683748598784348,1.3251446688289397,0.4432301910494951,188.62813410943016,62.9544747990332,3.004239059891201,121.15103513750265,-15.179745958102565,2.4386217273067503,192.0596555776044,184.03899993896485,176.01834430032534,220287100.0,725785441.8433604,-18416111.25956881,0.003962802608941773,0
2019-07-02,189.1999969482422,190.02999877929688,188.66000366210932,190.009994506836,183.50830078125,18035800,183.922399597168,185.3874588065153,186.50295177641368,1.9477348976651283,1.4496627145961776,0.4980721830689509,189.41267439451155,64.34544581534799,1.931221916207908,117.02386397045004,-6.489136738475132,2.362291255155317,192.0406304404728,184.7939994812012,177.5473685219296,238322900.0,743294534.7730588,-10679970.050320268,0.007525961664710312,0
2019-07-03,190.4900054931641,191.44000244140625,190.2899932861328,191.44000244140625,184.88937377929688,15792100,183.94499969482425,185.96389153364777,187.1359044392904,2.1801374417353827,1.5957576600240186,0.5843797817113641,190.39327488433457,66.89758235454798,2.314147729640437,142.41736675352416,0.0,2.2956995893991943,192.21064894769407,185.5554992675781,178.9003495874621,254115000.0,759086634.7730588,-1519519.5510530472,-0.002037188595250927,0
2019-07-05,190.1300048828125,191.3999938964844,189.38999938964844,191.0500030517578,184.5127410888672,21415600,183.971799621582,186.4482831068011,187.65919051397412,2.306263273479601,1.737858782715135,0.5684044907644661,191.05939025688804,65.52013862603819,1.164944070500224,110.13450028204362,-4.534873405368978,2.2781498367105124,192.21886026952996,186.22749938964844,180.23613850976696,232699400.0,773044240.3269693,6807131.924987078,-0.007013851434106488,0
2019-07-08,189.8099975585937,189.8699951171875,188.92999267578125,189.7100067138672,183.2185821533203,17598800,183.95639984130855,186.7589234503312,187.9908578781855,2.2719033110146256,1.8446676883750333,0.4272356226395923,191.2192682608473,60.881672540983615,0.6045496873150003,59.127765869783424,-25.478550079777182,2.2668541609437947,192.33446825980465,186.6610000610352,180.98753186226568,215100600.0,784652409.2640513,13288167.47016716,0.005007626981295532,0
2019-07-09,188.8099975585937,190.8999938964844,188.6499938964844,190.66000366210932,184.1360626220703,19193500,183.9566000366211,187.130454899072,188.37171536400209,2.294875708817642,1.9347092924635552,0.3601664163540869,191.5586341521892,62.88762925828952,1.328656436725738,74.94878119261627,-11.487449156161276,2.265650292304952,192.72484055659703,187.0365005493164,181.34816054203577,234294100.0,799751462.5409601,19535729.193105698,0.009965351201039363,0
2019-07-10,191.82000732421875,193.08999633789065,191.47000122070312,192.5599975585937,185.9710998535156,28374500,183.98739990234372,187.64755419997883,188.8977626982189,2.438288061131402,2.035425046197125,0.4028630149342773,192.29211730675792,66.57890611340315,4.125888273942332,153.07584950964258,-6.279604573297082,2.277389033981841,193.40847765853616,187.49450073242187,181.5805238063076,262668600.0,809559918.4787179,23436446.86058485,-0.0007270429550445545,0
2019-07-11,192.8500061035156,193.33999633789065,191.8099975585937,192.4199981689453,185.8358612060547,23736100,184.045,188.1020726732137,189.36685769217357,2.511693365210021,2.130678709999704,0.3810146552103175,192.81834703429809,66.0575446006678,3.568547888691569,130.1102269364837,-10.586857427815213,2.2240040157900345,193.7861929894464,187.9985008239746,182.2108086585028,238932500.0,804750677.3537555,21371395.833830595,0.005768634346295931,0
2019-07-12,192.6300048828125,193.5399932861328,192.4499969482422,193.52999877929688,186.9078521728516,20211900,184.1370001220703,188.61901801665024,189.89366702125187,2.6291284143570977,2.230368650871182,0.398759763485915,193.49796536797487,68.18479584199245,3.769436342786528,129.422710926267,-0.1124241566042738,2.145146237318388,194.36934109120276,188.50400085449215,182.6386606177816,259144400.0,824591919.2777692,24896870.495632768,0.0032036124688585854,0
2019-07-15,193.97999572753903,194.19000244140625,193.44000244140625,194.1499938964844,187.5066680908203,15606100,184.25779998779296,189.14577762425347,190.43138064429877,2.740632654070112,2.3324214515109687,0.4082112025591429,194.1750921499291,69.3406119609364,3.9680776402202502,127.73035509833632,-0.4193764055184568,2.045492934652745,194.787001014088,189.079500579834,183.37200014558,274750500.0,838533013.0033563,28511560.815817475,-0.005150656870652193,0
2019-07-16,193.91000366210932,194.08999633789065,192.5599975585937,193.1499938964844,186.54087829589844,20190900,184.2985998535156,189.5271315549421,190.8190466744559,2.716989164909989,2.4093349941907727,0.3076541707192168,194.4287223674019,65.22473155672405,2.055373297344111,93.89310848035836,-11.954125399227657,2.012957463455441,194.9631159235295,189.55,184.1368840764705,254559600.0,833914095.4387816,25928682.10209036,-0.004918441513134919,0
2019-07-17,193.1499938964844,193.4900054931641,192.17999267578125,192.1999969482422,185.6234130859375,16765100,184.34379974365237,189.78169016382785,191.07142733619327,2.5917189918915824,2.4458117937309347,0.1459071981606476,194.34861517373696,61.49059119250159,1.15257223552387,63.76559342450109,-24.26836870458423,1.9627471315930936,195.16858637253156,189.83949966430663,184.51041295608167,237794500.0,817661011.2355509,17343461.099802136,0.0011446473683471847,0
2019-07-18,191.2899932861328,192.7899932861328,190.69000244140625,192.4199981689453,185.8358612060547,28877000,184.467399597168,190.03295759288665,191.3171890985398,2.4815875407009003,2.452966943124928,0.0286205975759723,194.30076667469797,62.032686650850806,0.5119074984545136,31.361166182821385,-21.798095281047523,1.9725502539597732,195.3926233840425,190.10499954223636,184.81737570043012,266671500.0,836362396.3981303,18205087.686977625,-0.007327739712747139,0
2019-07-19,193.7400054931641,193.8300018310547,190.8099975585937,191.009994506836,184.4740600585937,29387900,184.57219940185547,190.12600872754848,191.40337909516836,2.2545430911872018,2.4132821727373828,-0.158739081550181,193.85924114766357,56.539311410530566,-0.0209413997816099,16.013180190555122,-54.733378155497405,2.0473683981384543,195.4818804247581,190.21299896240237,184.9441175000466,237283600.0,810866868.5837221,8790349.92378521,0.007957721146400365,0
2019-07-22,191.44000244140625,192.94000244140625,191.44000244140625,192.52999877929688,185.9420928955078,18954900,184.72739929199216,190.35496016104835,191.6240457443964,2.172220366537317,2.36506981149737,-0.1928494449600526,193.8589523672885,60.59089241749506,1.486475128158622,30.571230681831,-29.96391880353666,2.0389855078835826,195.71553526014767,190.41099853515624,185.1064618101648,256238500.0,819459664.0304995,6873814.851564288,0.006544406143586423,0
2019-07-23,193.5800018310547,193.8099975585937,192.2899932861328,193.7899932861328,187.1589813232422,23786700,184.90319915771485,190.6821061729611,191.9458547682989,2.1834802396043926,2.3287518971187744,-0.1452716575143817,194.15561390762107,63.6186124135358,1.6416603188419543,81.86679437502372,-7.220370727407976,2.001915419639096,196.08613014664272,190.69249801635743,185.29886588607212,280025200.0,842620266.2801611,12834168.05131507,0.007017909373388198,0
2019-07-24,193.0500030517578,195.16000366210932,193.02999877929688,195.1499938964844,188.47244262695312,20422900,185.23459899902343,191.1076192894872,192.37037818545383,2.2759091889629985,2.3181833554876192,-0.0422741665246206,194.72237786945243,66.60127503069539,1.3450334289200314,136.75909355997763,-0.1537596099747462,2.0110646670086245,196.24128962246172,191.20349807739257,186.16570653232336,300448100.0,862851215.131099,20542871.89911914,-0.009479840648664806,0
2019-07-25,194.4900054931641,194.5200042724609,192.92999267578125,193.3000030517578,186.685791015625,23434700,185.48979919433597,191.31641774303677,192.5700453258696,2.174811128180721,2.28950891002624,-0.1146977818455186,194.6772055189231,59.46015888506635,0.4573354595086594,73.83410073010675,-28.57139508719276,2.025988706558237,196.03244677815843,191.57899856567383,187.12555035318923,277013400.0,850323457.1634779,17842793.947239757,0.010294827744219859,1
2019-07-26,194.52999877929688,195.5500030517578,194.42999267578125,195.2899932861328,188.6076202392578,20431200,185.7337991333008,191.6948535090459,192.92347339448477,2.229564733122743,2.2775200746455404,-0.0479553415227975,195.1275961314814,63.93919918098944,0.9094168955393056,157.12335273317268,-3.7682524729157008,2.0419895132326524,196.0996270246416,192.01849822998048,187.9373694353194,297444600.0,861268474.4684192,18598649.932384968,-0.0034307859694769904,0
2019-07-29,195.1100006103516,195.17999267578125,193.38999938964844,194.6199951171875,187.9605712890625,20451700,185.9275991821289,191.97343842410703,193.17123500279016,2.1936075641657737,2.260737572549587,-0.0671300083838133,195.2944772857768,61.47645611215091,0.2420815016629301,99.76093942178116,-19.13596332867617,2.031846969179202,195.84989934179885,192.41249771118163,188.9750960805644,276992900.0,868923587.8467618,19652795.280109286,-0.004316084466988279,0
2019-07-30,193.1300048828125,194.5399932861328,192.9900054931641,193.77999877929688,187.1492919921875,18705000,186.14239929199215,192.145491791268,193.30147319975356,2.073429361371524,2.2232759303139744,-0.1498465689424506,195.1853810776204,58.43744962600967,0.3261739076989629,40.369258108065466,-36.41983642329005,2.00314287309664,195.8004248890967,192.63849792480468,189.47657096051267,258287900.0,869285608.224789,18412607.10808611,-0.01383007891765764,-1
2019-07-31,194.3000030517578,194.42999267578125,189.32000732421875,191.1000061035156,184.56105041503903,41627500,186.3653994750977,192.04592172576776,193.15495016915455,1.7418552356285772,2.126991791376895,-0.3851365557483177,194.37481252072496,49.95297326800401,-0.5723157451572743,-129.04436596698844,-71.42857142857189,2.2250601929870983,195.70588520146083,192.69299850463867,189.6801118078165,216660400.0,856658934.6802006,12213806.081881762,-0.004971282975870683,0
2019-08-01,191.42999267578125,194.97999572753903,189.22999572753903,190.1499938964844,183.6435546875,63251600,186.53179931640625,191.86535717059792,192.91275925409224,1.3864402860026814,1.9788814903020524,-0.592441204299371,193.4429429922865,47.32967556238008,-1.179713280356566,-113.28447292678108,-85.4430838170098,2.476841607773776,195.7971286472053,192.62849807739255,189.45986750757984,153408800.0,813647806.3959796,-5117772.072170377,-0.014725153209802833,-1
2019-08-02,188.72000122070312,188.9900054931641,186.2100067138672,187.3500061035156,180.93934631347656,55214000,186.6583993530273,191.4353237356377,192.41004573277064,0.8688205410047374,1.7568693004425897,-0.8880487594378521,191.93810402359875,40.56763779723472,-1.916124029410086,-259.5743400805728,-87.7944342973279,2.5813520059768957,196.3135739538194,192.4434982299805,188.57342250614155,98194800.0,803717226.4958743,-14902441.096846104,-0.03533498884605768,-1
2019-08-05,183.42999267578125,183.509994506836,179.1999969482422,180.72999572753903,174.5458526611328,75040000,186.7079992675781,190.41576868724732,191.29447406587147,-0.0747150788408248,1.3905524245859069,-1.4652675034267315,188.9811484864036,29.746605488823107,-6.128916598230778,-321.8412529043912,-90.64221279423336,2.9791132309267034,198.32836799322249,191.99449768066407,185.66062736810568,23154800.0,781953873.1007024,-24475196.22387302,0.013998776291186843,1
2019-08-06,182.3999938964844,183.8000030517578,181.07000732421875,183.259994506836,176.98927307128906,41897200,186.80999908447265,189.73426638435103,190.46261662074497,-0.6112776695013622,0.9901864057684528,-1.601464075269815,187.22144640818183,36.6962809447125,-5.433716468398449,-178.61448808002766,-75.16821992059816,2.9856056661618524,199.00504232898425,191.6244972229004,184.2439521168166,65052000.0,807276068.4000946,-18109243.3420434,0.0054021910009773855,0
2019-08-07,181.2700042724609,184.509994506836,179.88999938964844,184.25,177.94541931152344,49990600,186.94519897460935,189.2119553001271,189.7602835518973,-0.9457205411397068,0.6030050163868209,-1.5487255575265275,186.05493895138008,39.22960779309423,-5.585444139068848,-128.22645053899018,-69.11314271208775,3.102347769806558,199.2391589343284,191.2089973449707,183.17883575561305,115042600.0,851640133.7117438,257143.92168831825,0.021763877920412344,1
2019-08-08,185.0800018310547,188.32000732421875,184.57000732421875,188.259994506836,181.81817626953125,38418100,187.18979888916016,189.12129236743272,189.4794261387416,-0.8770853882752476,0.3069869354544072,-1.1840723237296549,186.164452773462,48.26128655844111,-2.607350473539485,-48.6807189876487,-44.58719158125775,3.171466309407437,199.1100327269148,191.00099716186523,182.89196159681563,153460700.0,888828591.888014,19579980.501874685,-0.009401832918929709,0
2019-08-09,187.3600006103516,188.0,185.02999877929688,186.4900054931641,180.1088104248047,33608900,187.3841989135742,188.8706936175024,189.0498078845796,-0.954511837825038,0.0546871807985181,-1.009199018623556,185.82109836436692,45.07678919709592,-4.50611300911627,-48.90622601122995,-55.412808418741896,3.1756469821311275,198.89832971728248,190.64899749755855,182.39966527783469,119851800.0,888262923.8595315,25524793.775445104,-0.01147514250959114,-1
2019-08-12,185.33999633789065,185.8999938964844,183.5,184.3500061035156,178.04200744628906,24642900,187.59219909667968,188.44015194950364,188.4499039422898,-1.1750081602895648,-0.1912518874190984,-0.9837562728704664,185.01058893633373,41.510415555512864,-5.27694444113411,-67.3409497053042,-68.50148481494426,3.162386875776338,198.6781029800982,190.15899810791012,181.6398932357221,95208900.0,881075581.0915797,23349445.254335165,0.021914798765259258,1
2019-08-13,184.19000244140625,189.67999267578125,184.0200042724609,188.38999938964844,181.9437561035156,40241900,187.9575991821289,188.4353755152317,188.28142787388396,-1.0120926162008743,-0.3554200331754536,-0.6566725830254208,185.4225265268433,49.61493659767102,-2.7815045018073845,-19.312477465494304,-43.79205498014959,3.3407869848866403,198.3581325214733,189.9209983825684,181.48386424366345,135450800.0,902974058.0588486,27304550.325799823,-0.02988483943443232,-1
2019-08-14,185.3600006103516,185.9499969482422,182.4199981689453,182.759994506836,176.50640869140625,51000500,188.11459899902343,187.8948630382416,187.59942750476657,-1.3220356122964745,-0.5487431489996578,-0.7732924632968167,184.32678561885905,41.073623407451954,-4.36421315034495,-71.12885847912206,-78.22632275453219,3.5285880017306908,198.3659105302313,189.4489982604981,180.5320859907648,84450300.0,861797914.5613436,13338815.803483844,-0.0011490012113691828,0
2019-08-15,183.0,183.58999633789065,181.16000366210932,182.5500030517578,176.3036346435547,36685000,188.24139892578123,187.3858287538146,186.9423803420294,-1.566553966197603,-0.7523053124392468,-0.8142486537583559,183.403281489332,40.79155141656416,-3.9968399098997303,-85.47676662320062,-79.03625156956453,3.450116907020014,198.24479424095964,188.95549850463868,179.66620276831773,47765300.0,867081870.367236,8094199.818639994,0.016050356761432072,1
2019-08-16,184.2100067138672,185.9499969482422,184.1000061035156,185.47999572753903,179.13333129882812,32781400,188.398798828125,187.20432084655027,186.6113800775437,-1.5065440987791874,-0.903153069707235,-0.6033910290719524,183.4391960737055,46.3298845091588,-0.9981373445717076,-24.15428575587097,-60.2027929968149,3.4465366919817537,198.0361797415385,188.67899856567385,179.32181738980913,80546700.0,883206649.5409466,10343450.30569005,0.015904663662897667,1
2019-08-19,188.16000366210932,188.8300018310547,187.5,188.42999267578125,181.98239135742188,22494100,188.546598815918,187.32105149695323,186.58766523088727,-1.2070318352864433,-0.9639288228230768,-0.2431030124633666,184.2663893588561,51.272008288056,4.26049749918127,59.52994997146992,-41.50826082668209,3.4396416499484603,197.66285560594872,188.47399826049804,179.28514091504735,103040800.0,892170172.7709869,13175314.686706066,-0.007748190372167785,0
2019-08-20,187.9600067138672,188.63999938964844,186.9199981689453,186.97000122070312,180.5723419189453,19902900,188.62299896240236,187.2876181373104,186.44442741757348,-1.0750824362566505,-0.9861595455097916,-0.0889228907468588,184.59351558374107,48.87335924044077,2.024449866350273,54.21251133019637,-50.76042538954386,3.3168101907166427,197.0082686358776,188.13299865722652,179.2577286785755,83137900.0,873424487.9250828,7171512.692815423,0.008878449223252094,0
2019-08-21,188.6100006103516,189.22999572753903,187.9600067138672,188.6300048828125,182.175521850586,20418500,188.7275991821289,187.4154644940249,186.49176134381972,-0.82702968122166,-0.9543335726521652,0.1273038914305052,185.31601168420605,51.64339634852946,2.3772075347693358,99.55429319926093,-10.018971574669822,3.2413233561537287,196.0863151943925,187.80699920654297,179.52768321869345,103556400.0,874550044.5512993,4421587.831582189,-0.003233847185290406,0
2019-08-22,188.97999572753903,189.4600067138672,186.5399932861328,188.0200042724609,181.5864105224609,24243700,188.8411993408203,187.4730397110188,186.51204754057383,-0.6719225323052171,-0.8978513645827757,0.2259288322775585,185.76932037988644,50.5593552143874,-0.1274780842333141,78.62840643561364,-15.839590458594044,3.218372646980917,195.43240642771883,187.54299926757807,179.65359210743742,79312700.0,874882219.448616,3000348.052807212,-0.031645552670129584,-1
2019-08-23,186.7400054931641,188.4499969482422,181.5599975585937,182.07000732421875,175.84002685546875,55372400,188.8141995239258,186.9584651979902,185.99081021263487,-1.0173862316486575,-0.921758337995952,-0.0956278936527056,184.6130876504384,41.42522844588075,-2.37009922180916,-53.880591156437696,-77.73228366092735,3.480631700028612,194.26323360268069,186.8819999694824,179.50076633628416,23940300.0,827707342.5974636,-12864015.223222494,0.01510408024042631,1
2019-08-26,184.13999938964844,184.8699951171875,183.0800018310547,184.82000732421875,178.49591064453125,27598900,188.8577996826172,186.75480254334528,185.79442996070495,-1.0570813096909148,-0.9488229323349446,-0.1082583773559702,184.39691269406853,46.257833586991325,0.2549504774300034,-52.80454831243771,-49.64237675674917,3.4320142780957625,192.90331851809168,186.392000579834,179.8806826415763,51539200.0,853764775.2522471,-9893524.789328814,-0.0021102404121936535,0
2019-08-27,186.1100006103516,186.4199981689453,183.7100067138672,184.42999267578125,178.11924743652344,28012800,188.87159942626957,186.5333920797677,185.6075720650809,-1.1072472110559204,-0.98050778807914,-0.1267394229767805,184.13851153391295,45.68219410815166,-2.102025970962862,-39.54929445156456,-61.619797767055815,3.380441219308786,191.5259667501249,185.9245002746582,180.3230337991915,23526400.0,840636762.2253667,-11956007.86680436,0.003578613502792205,0
2019-08-28,183.8300018310547,185.3999938964844,182.91000366210932,185.08999633789065,178.7567138671875,21792400,188.8451992797852,186.39592581863656,185.5280954996745,-1.0812829133126058,-1.000662813125833,-0.0806201001867727,184.11807447224228,46.88672643813617,1.2748970787299605,-47.569124085882926,-53.873265922351486,3.3168375775278025,190.70310716357787,185.6239997863769,180.544892409176,45318800.0,857002963.5980505,-6505413.428390026,0.015289869182818272,1
2019-08-29,187.38999938964844,188.4600067138672,186.67999267578125,187.9199981689453,181.48985290527344,25358900,188.86139923095703,186.54107556628503,185.7467620123,-0.8228630705713158,-0.9651028646149296,0.1422397940436138,184.85488724741975,51.82033895466051,2.941657095269926,69.80113960718316,-20.657239158544684,3.3206356345598547,190.2774764025957,185.5125,180.74752359740427,70677700.0,866975442.5959502,-511162.0743985176,-0.0023946197989935802,0
2019-08-30,188.92999267578125,188.97000122070312,186.41000366210932,187.47000122070312,181.0552520751953,26319800,188.8337991333008,186.6295446762296,185.93319069998608,-0.6469172173366644,-0.9014657351592766,0.2545485178226122,185.35780876545763,51.00897428297226,1.0728949423135157,57.85271208239012,-25.93890029120676,3.2663043434194186,190.2930083796585,185.51849975585935,180.74399113206027,44357900.0,862451697.5562536,548127.5190942287,-0.009708258987399687,0
2019-09-03,186.22000122070312,187.17999267578125,185.02999877929688,185.6499938964844,179.29751586914062,27964200,188.77539886474608,186.5362541257777,185.94571395147412,-0.6468813955966368,-0.8505488672467487,0.2036674716501119,185.3097081180473,47.7524118645873,-1.4753483454622869,2.1312215977548723,-45.903752006161845,3.2072827789899048,190.00376525575803,185.76449966430664,181.52523407285528,16393700.0,850615606.0912645,-2834385.6150728464,0.014435809440772829,1
2019-09-04,187.44000244140625,188.4900054931641,186.8999938964844,188.3300018310547,181.8858337402344,21592100,188.778798828125,186.707087240566,186.1900474911644,-0.4256916556283556,-0.7655774249230701,0.3398857692947145,185.9757990189905,52.55575872770501,0.7273897424572355,65.35626358219663,-13.614511654585217,3.181049123110603,190.2341800633134,186.0180000305176,181.80181999772176,37985800.0,867862058.4496411,1527037.9999853373,0.018318891916844438,1
2019-09-05,190.41000366210932,192.3300018310547,190.33999633789065,191.77999877929688,185.2177581787109,33932600,188.91579895019527,187.19022167282608,186.73880927676245,0.0276697679174162,-0.6069279863549728,0.6345977542723891,187.4239082207036,57.91904089554667,1.6699325743225883,175.69180413160493,-5.1068043971363775,3.2395456143169903,191.2136416303375,186.3944999694824,181.57535830862733,71918400.0,883037892.5832282,8001109.612288237,-0.0009907312682011504,0
2019-09-06,192.1000061035156,192.1699981689453,191.1699981689453,191.58999633789065,185.0342712402344,19487800,189.03179901123048,187.60924783140368,187.2336184547061,0.3673952495243782,-0.4120633391791026,0.7794585887034808,188.56188668315465,57.53330362183309,1.8987299140023672,156.115207752268,-6.870986068744999,3.079578070437201,191.8350743641229,186.56100006103517,181.2869257579474,52430600.0,879919773.2167742,8930090.963241577,-0.002087759821128521,0
2019-09-09,192.19000244140625,192.2700042724609,190.22000122070312,191.19000244140625,184.64794921875,24407600,189.1255990600586,187.95027207997535,187.67447582426524,0.5974667519239745,-0.2101573209584872,0.8076240728824617,189.38448183583697,56.6775278040062,5.009059565174394,123.31155294182832,-10.58494835107382,3.0060369976743835,192.4421919529246,186.79599990844727,181.14980786396995,28023000.0,878610091.8019516,8081585.523620605,-0.002876735418874121,0
2019-09-10,190.16000366210932,190.7400054931641,188.91000366210932,190.63999938964844,184.11680603027344,23744700,189.2035989379883,188.2064365856585,188.0405710129511,0.7270385772885675,-0.0227181413090762,0.7497567185976437,189.90499050072856,55.45604870953839,3.149005429493368,74.2241987674614,-15.691752748210208,2.9541771249331337,192.8761334244016,187.1104995727539,181.34486572110623,4278300.0,899759586.8290915,13729164.850263717,0.00938938990696414,0
2019-09-11,191.0,192.52999877929688,190.5599975585937,192.42999267578125,185.8454742431641,25063600,189.2669989013672,188.60868002281308,188.5471894037156,0.9630611119832224,0.1744377093493834,0.788623402633839,190.782037259761,58.58436362199669,4.337689268395517,109.18733256353316,-0.9116325650619594,2.8838788460595626,193.51018393959987,187.3124992370605,181.1148145345212,29341900.0,922278505.1814528,21956542.700526956,0.0041573719389247366,0
2019-09-12,193.6100006103516,194.7100067138672,192.97000122070312,193.22999572753903,186.6181182861328,28689900,189.3313989257813,189.04880532802508,189.1107604980469,1.2008219041265988,0.3797145483048265,0.8211073558217723,191.6910651513351,59.93853454127074,4.397860257551911,124.22651033736436,-11.254828562112706,2.840745645490017,194.17424665014005,187.8359992980957,181.49775194605135,58031800.0,902162390.0700368,16925656.767408967,-0.003570886801545825,0
2019-09-13,192.9499969482422,193.3999938964844,192.2899932861328,192.5399932861328,185.95172119140625,27669800,189.35339874267575,189.38129941927343,189.55875992547897,1.3183742171281665,0.5674464820694946,0.7509277350586719,192.23587178990584,58.17182363522213,2.4584904013430204,88.48249451174831,-18.389939546762317,2.717121000122985,194.500929944091,188.33549880981445,182.1700676755379,30362000.0,886956457.0904509,8490619.595137,-0.0044666076677042366,0
2019-09-16,191.3000030517578,192.0800018310547,191.1100006103516,191.67999267578125,185.1211700439453,20319000,189.36599853515625,189.6002225865599,189.87728315080915,1.3268453627608494,0.7193262582077655,0.6075191045530839,192.43562809405685,55.95794434872398,2.245688071512744,54.195518823946166,-25.6780784275692,2.62518326267,194.82890303695515,188.64549865722657,182.462094277498,10043000.0,890517156.4769541,5400997.866264343,0.004799736346455807,0
2019-09-17,191.6999969482422,192.6000061035156,191.2899932861328,192.6000061035156,186.0097198486328,20953400,189.42379852294923,189.88591625484145,190.2539029075986,1.391752939896179,0.8538115945454483,0.5379413453507307,192.8138473893025,57.807863977876906,3.7436102534462856,61.37862218914304,-17.88135648013468,2.5312425165780548,195.27108097577303,188.85399932861327,182.43691768145348,30996400.0,911470556.4769536,10313052.807519674,-0.00041537813353798025,0
2019-09-18,192.1999969482422,192.6000061035156,190.1100006103516,192.5200042724609,185.9324493408203,29781300,189.46099853515625,190.136781780329,190.6030462355841,1.4203641099335016,0.967122097623059,0.4532420123104426,193.0784929548525,57.58136945036467,2.2248194130879635,42.49238788229645,-22.62397361871058,2.5282970149056223,195.67740967025136,189.1314994812012,182.58558929215096,1215100.0,939338159.0672652,20251944.03426671,0.0016621237187222082,0
2019-09-19,192.8600006103516,194.0399932861328,192.47000122070312,192.83999633789065,186.2415313720703,26039400,189.4665985107422,190.39423078581103,190.95623641241164,1.4521202157812638,1.0641217212547,0.3879984945265637,193.3535022427128,58.2853861874864,0.5527153849936346,85.08584724728843,-19.318273173084357,2.459846661371626,196.07787244523595,189.34199905395508,182.6061256626742,27254500.0,925572006.8965224,18096628.933220983,-0.010578683493430496,-1
2019-09-20,193.1100006103516,193.3099975585937,190.16000366210932,190.8000030517578,184.2713165283203,29086100,189.43419860839845,190.43287576352023,191.0950939360119,1.297717470007143,1.1108408710051887,0.1868765990019543,193.0247870780453,52.32333168014853,-0.4123353521754853,11.5504544077019,-40.39256670591704,2.509142892451109,196.21674895133577,189.48099899291992,182.74524903450407,-1831600.0,908305032.1767522,10075723.623482583,-0.0015723430134140237,0
2019-09-23,190.3600006103516,191.07000732421875,189.72000122070312,190.5,184.3525848388672,22485900,189.3735986328125,190.4392685479469,191.1921416509719,1.1380259873372722,1.1162778942716054,0.0217480930656668,192.6546995577149,51.489201115349545,-0.360898808826426,-77.61730373340069,-53.905247178301096,2.426347407527145,195.7233914143264,189.902498626709,184.0816058390916,-24317500.0,911802680.7040032,6991357.471489191,-0.013280833487122723,-1
2019-09-24,191.3699951171875,191.7899932861328,187.1499938964844,187.97000122070312,181.9042205810547,40820700,189.24999877929687,190.20410023106652,191.00809427897136,0.7981193562720819,1.0526461866717007,-0.2545268303996189,191.6755071473164,44.97725347881762,-1.4005445748497474,-208.014841008917,-89.15336066185928,2.5844654062500942,195.478866644931,190.0599983215332,184.64112999813543,-65138200.0,885410117.5069573,-3303640.3780670166,0.011225198684092774,1
2019-09-25,187.77999877929688,190.5800018310547,186.2100067138672,190.0800018310547,183.94613647460932,34704900,189.18859893798827,190.1922813358273,191.00999937511625,0.6910345019183239,0.9803238497210254,-0.2892893478027014,191.405935052487,50.58978093041819,-1.2212185907453534,-155.72742572235154,-54.47064568014706,2.712003242745624,195.10753762337956,190.34249877929688,185.57745993521425,-30433300.0,912173383.9194268,1300685.30363369,-0.003682643842061628,0
2019-09-26,189.8300018310547,190.0,187.97999572753903,189.3800048828125,183.2687530517578,26826000,189.1321990966797,190.11492167363545,190.9183332897368,0.5434208623008487,0.89294325223699,-0.3495223899361412,190.992603460994,48.81096165656931,-1.9924395434729265,-114.92455987302613,-62.70590389476103,2.6682891613720545,194.70297025965223,190.55699920654297,186.4110281534337,-57259300.0,922532102.8939174,6361985.001336932,-0.012408945205011457,-1
2019-09-27,189.72999572753903,189.8300018310547,185.75,187.02999877929688,180.9945678710937,40773500,189.0243991088867,189.82111949322223,190.58242848714195,0.2341114456556852,0.7611768909207292,-0.527065445265044,190.0361423811735,43.30577138729005,-2.8617402612285123,-150.12173986331695,-85.71431004269392,2.7691257806351004,194.7878175284144,190.51249923706052,186.2371809457067,-98032800.0,907341939.5632396,3020920.635969281,0.00951718329099327,0
2019-09-30,187.7899932861328,189.1100006103516,187.3999938964844,188.8099975585937,182.71710205078125,26307700,188.98039916992187,189.7248221661148,190.4202854701451,0.1311012760268397,0.6351617679419513,-0.5040604919151116,189.71050095297488,48.08223380964021,-1.4972846550771766,-96.67459297283182,-65.84826712397617,2.7199026413793583,194.70123826788625,190.5794990539551,186.45775984002395,-71725100.0,924418809.9755805,6813042.105339289,-0.008156312197688975,0
2019-10-01,189.5,190.58999633789065,186.9600067138672,187.2700042724609,181.22683715820312,32367600,188.8751992797852,189.4910299857668,190.1050954909552,-0.0739471962345703,0.493339975106647,-0.5672871713412173,189.0438486308259,44.58264400840077,-2.767394424790414,-87.23196135179853,-83.03567931362781,2.7849088544253666,194.4411128475701,190.6604995727539,186.87988629793767,-104092700.0,897579532.6523912,-794772.9968730211,-0.017194431287662515,-1
2019-10-02,186.0,186.02999877929688,183.0200042724609,184.0500030517578,178.1107177734375,48544300,188.6803994750977,188.97283694443257,189.47552439371745,-0.4906211998432184,0.2965477401166739,-0.7871689399598923,187.66510560542565,38.30483629748616,-4.399543441062915,-187.9944753120124,-90.65335929083922,2.8895582219664124,195.11161932616736,190.44649963378907,185.7813799414108,-152637000.0,882258263.211594,-8709758.27013421,0.01097530148854653,1
2019-10-03,184.02999877929688,186.2100067138672,181.82000732421875,186.07000732421875,180.06556701660156,39392500,188.49879974365237,188.69637698060268,189.0587156023298,-0.6503441245272938,0.1071693671878804,-0.7575134917151742,187.06800660404647,43.66413642918271,-3.510676800579095,-150.44520303520528,-65.22090930999477,2.9967325910865577,195.15223184417013,190.1610000610352,185.1697682779002,-113244500.0,919138268.1211708,578636.432045579,0.014725587824590214,1
2019-10-04,187.0800018310547,189.0800018310547,186.8800048828125,188.8099975585937,182.71710205078125,31887600,188.40899963378905,188.7071979880304,188.93004869733537,-0.5494971194774507,-0.0241639301451858,-0.5253331893322649,187.3023896261708,50.0078061569456,-1.0429798015381937,-29.70951862434471,-42.79870487445222,2.997679870782942,195.00113119699844,190.02200012207032,185.0428690471422,-81356900.0,943198777.0468804,11981447.429113626,-0.0030188659117624805,0
2019-10-07,188.2700042724609,189.7400054931641,187.91000366210932,188.2400054931641,182.16549682617188,21216000,188.2679998779297,188.66270346470975,188.76033492315383,-0.5096933102621222,-0.121269806168573,-0.3884235040935491,187.35924774608463,48.77731643669548,-1.1863488224860417,-8.895674414530323,-47.46312975354881,2.9142742965166417,194.881193447728,189.8745002746582,184.86780710158845,-102572900.0,929634483.9783672,11241099.82164967,-0.01498091394988399,-1
2019-10-08,187.0599975585937,187.8600006103516,185.2700042724609,185.4199981689453,179.43650817871094,32379300,188.08399993896484,188.3538743889227,188.3360966273717,-0.6976573681050127,-0.236547318555861,-0.4611100495491516,186.6858315395072,43.12374635688975,-1.3566010720847692,-92.72368674833729,-70.54013927719208,2.9182547911013943,194.965678501458,189.61350021362304,184.26132192578808,-134952200.0,901005534.7424868,807101.0597569942,0.009761609192469933,0
2019-10-09,186.9900054931641,188.0800018310547,186.42999267578125,187.22999572753903,181.18809509277344,20147400,187.9529998779297,188.24683832593377,188.10909620012555,-0.6925848746399481,-0.3277548297726784,-0.3648300448672696,186.61662632012147,47.34244049994974,-1.499371883449776,-36.36214124539359,-52.91563967447902,2.8998082818876783,194.6379213857089,189.3535003662109,184.06907934671293,-114804800.0,900394973.5939218,-3728995.259174943,0.007744469269509002,0
2019-10-10,187.27999877929688,189.42999267578125,187.1199951171875,188.67999267578125,182.59133911132807,25177700,187.904599609375,188.2880911211573,188.0449526105608,-0.565048721499636,-0.37521360811807,-0.189835113381566,186.94996515709545,50.50940719406948,-0.369633640818847,30.17269030353081,-31.193630785759872,2.8576789445095403,194.10629734312604,189.12600021362303,184.14570308412007,-89627100.0,909223500.4705566,-2436594.72352016,0.012878991037200027,1
2019-10-11,190.8300018310547,192.6300048828125,190.72000122070312,191.1100006103516,184.9429168701172,40976700,187.92379974365235,188.5568444058425,188.2339050292969,-0.264841145523718,-0.3531391155991996,0.0882979700754815,187.8655745486684,55.3553418898498,2.18146920691011,177.0456756855219,-14.061097277977952,2.935702748975377,193.87519477078015,189.054500579834,184.23380638888776,-48650400.0,884980682.5115567,-9400000.698295832,-0.00010467412692716227,0
2019-10-14,190.83999633789065,191.6999969482422,190.6499938964844,191.08999633789065,184.92352294921875,14975000,187.99859954833985,188.79809697079943,188.4277617681594,-0.0282134294366471,-0.2881539783666891,0.259940548930042,188.61837407924835,55.30733126512255,1.2075625278207929,141.00937220356664,-14.24615071904034,2.801009913459834,193.78794296003488,189.02500076293944,184.262058565844,-63625400.0,882556191.8629882,-12165550.103585243,0.01271656277743305,1
2019-10-15,191.67999267578125,193.97000122070312,191.5599975585937,193.5200042724609,187.2751007080078,23234200,188.25439971923828,189.24780242810056,188.8558573404948,0.351346963183488,-0.1602537900566537,0.5116007532401418,189.86848575379656,59.86149486591667,3.337427167944534,184.1262390437876,-3.703680446888313,2.8066524112707367,193.98648977010885,189.0710006713867,184.15551157266455,-40391200.0,897113791.6907724,-7558988.542037249,-0.0024804205029484994,0
2019-10-16,192.8600006103516,193.52999877929688,192.42999267578125,193.0399932861328,186.81057739257807,20457100,188.4499996948242,189.6089634621989,189.23385663713728,0.6064279104786863,-0.0069174499495857,0.613345360428272,190.7653813839647,58.59140508552609,4.884536857001231,144.1636010130731,-7.654390137919432,2.6847491035739424,194.0900737747466,189.0970001220703,184.10392646939405,-60848300.0,899345372.1374363,-4277256.984553099,0.0026419901749015207,0
2019-10-17,194.1999969482422,194.5,192.8099975585937,193.5500030517578,187.3041534423828,19045200,188.6359997558594,189.9843005659664,189.6579521542504,0.8400513358398314,0.1624763072082977,0.6775750286315336,191.6243294848717,59.57286336688322,4.019990021554361,125.35512899271276,-7.492093824759682,2.613695770561966,194.2402970756553,189.13250045776368,184.0247038398721,-41803100.0,896978908.5381731,-3298854.584933758,-0.009609922919268432,0
2019-10-18,193.1999969482422,193.6699981689453,190.7100067138672,191.69000244140625,185.50418090820312,27700800,188.7045999145508,190.14674836362732,189.90152377174013,0.8651402804013912,0.3030091018469164,0.5621311785544748,191.83324075553455,54.499530169313566,1.5253455431663632,68.68782982356507,-22.16087682732528,2.6384311765988344,194.35712741407573,189.1770004272461,183.9968734404165,-69503900.0,887620503.1439694,-5576377.630069494,0.008868469542441693,0
2019-10-21,192.7100067138672,193.5200042724609,192.13999938964844,193.38999938964844,187.1493377685547,15801200,188.84259979248048,190.4556294137246,190.3027617681594,1.0105500045712006,0.4445172823917733,0.5660327221794272,192.43121394247711,58.01855276586572,2.7358657810235605,79.5107901952272,-8.75395308762016,2.580686223345679,194.79415981537483,189.3215003967285,183.8488409780822,-53702700.0,900444564.17891,-1920765.125592232,-0.007963148513331353,0
2019-10-22,194.1499938964844,194.4199981689453,191.7899932861328,191.8500061035156,185.65902709960932,22392300,188.9925997924805,190.5884271937047,190.54357183547248,0.990110295501978,0.5536358850138143,0.4364744104881637,192.5059031462685,53.94814376770421,3.467807139503683,63.17275023332339,-20.89901756446504,2.5842089847361662,195.05741501686623,189.51550064086916,183.973586264872,-76095000.0,879074182.4418476,-7050339.187772036,0.0019285645317514977,0
2019-10-23,191.4600067138672,192.259994506836,191.1499938964844,192.22000122070312,186.0170745849609,14828400,189.0691998291016,190.743815196276,190.80114331926617,0.9923282502176392,0.6413743580545793,0.3509538921630598,192.6467056272847,54.76918955372681,2.6651741745620985,34.69297511590264,-24.70205671378756,2.478908386565837,195.28519884842916,189.62250061035155,183.959802372274,-61266600.0,892834048.8958986,-4129722.0516682863,0.009728410702902979,0
2019-10-24,193.58999633789065,194.2100067138672,192.7400054931641,194.08999633789065,187.8267364501953,18998500,189.29579986572264,191.062499114525,191.2266191028413,1.1319307796398448,0.7394856423716324,0.3924451372682124,193.2309965863668,58.77012393605215,2.867290583059168,83.86842094736555,-4.442078568747743,2.443986751322853,195.8433367584368,189.85800018310547,183.87266360777411,-42268100.0,908730487.3521682,2498462.8357025385,0.007986001756934424,0
2019-10-25,193.08999633789065,195.7400054931641,193.0500030517578,195.63999938964844,189.32672119140625,21507100,189.5575997924805,191.4984515216796,191.77728569394063,1.3520534517816143,0.8619992042536289,0.4900542475279856,194.09426008720635,61.78737014883897,2.370361972073311,111.80948247857272,-0.9551680215461932,2.461559300614526,196.62645866976652,190.28850021362305,183.9505417574796,-20761000.0,928638450.3136184,11317211.883206367,0.009865098858063304,0
2019-10-28,196.5500030517578,197.8300018310547,196.5500030517578,197.57000732421875,191.19439697265625,18818700,189.79940002441407,192.07669493144525,192.47076256161645,1.6630669651714527,1.0222127564371937,0.640854208734259,195.28153620448765,65.20214747680525,3.3910780838940204,190.39392218091976,-2.2806517371582014,2.442162382099649,197.767041506488,190.72650070190429,183.6859598973206,-1942300.0,939812207.6700306,17451330.935752273,-0.007744161468674404,0
2019-10-29,197.2400054931641,197.5399932861328,196.009994506836,196.0399932861328,189.7137908935547,18569700,189.9516000366211,192.454151917606,192.9768094744001,1.7657337892600538,1.1709169630017655,0.594816826258288,195.8322743923544,60.58037636842133,1.3021852821602655,151.52556261192092,-16.713421314705556,2.379151698905587,198.3800715259832,191.16500015258788,183.9499287791926,-20512000.0,921970702.1489372,12697415.979104755,0.004846012240189657,0
2019-10-30,196.4199981689453,197.32000732421875,195.2899932861328,196.9900054931641,190.63314819335932,21764300,190.15200012207032,192.88613797242104,193.53157188778832,1.901832886878907,1.317100147777194,0.584732739101713,196.50196448700683,62.36425578916946,2.046214434527247,126.30469832687078,-11.699100412496543,2.354213294561326,198.670886407693,191.8120002746582,184.95311414162344,1252300.0,936658933.9869704,14271850.356295347,0.0004568573804812903,0
2019-10-31,197.5599975585937,197.6499938964844,195.94000244140625,197.0800018310547,190.72021484375,26801800,190.3210000610352,193.2855535780052,194.03328632173083,1.9939691198093783,1.452473942183631,0.5414951776257473,197.0442594145648,62.53721092563424,1.8238174754008691,111.72429514030726,-10.445670907811976,2.308197448883957,199.0549129181179,192.3625,185.6700870818821,28054100.0,945593026.7608712,16461162.088087795,0.009082571897209846,0
2019-11-01,197.92999267578125,198.8800048828125,197.6300048828125,198.8699951171875,192.45249938964844,22131900,190.53799987792968,193.81740515316545,194.65304776146297,2.186223819491289,1.5992239176451628,0.5869999018461263,197.92162967856012,65.89435845858861,3.745627098093419,137.35191594242443,-0.122518578560371,2.2718978490892323,199.9168684669773,192.8654998779297,185.81413128888207,50186000.0,967370470.5499338,22789506.994151115,0.006185000334531621,0
2019-11-04,200.19000244140625,200.52999877929688,198.8699951171875,200.1000061035156,193.6427764892578,19015900,190.89859985351563,194.4157481008178,195.34204835437592,2.410057023912259,1.761390538898582,0.648666485013677,198.9260024482489,68.01541988367023,3.4696761647677654,145.44304706819193,-4.378747690591577,2.228191121447814,200.8411673964722,193.4584999084473,186.07583242042236,69201900.0,976534949.2428277,26222572.494902253,0.0005497281708961577,0
2019-11-05,200.3500061035156,200.5500030517578,199.5500030517578,200.2100067138672,193.74923706054688,15048900,191.20639984130855,194.9675822544416,195.98504900251115,2.5667348592682515,1.922459402972516,0.6442754562957356,199.74070756993268,68.20585409564158,4.357571198533518,125.79366999441024,-3.455248622211471,2.1404631842015416,201.16286950149131,194.19800033569337,187.2331311698954,84250800.0,981350707.4642632,26775424.861584425,-0.002247700873784675,0
2019-11-06,199.97999572753903,200.0,198.7899932861328,199.759994506836,193.31378173828125,19725500,191.5129998779297,195.4240024689553,196.51476273309615,2.624339199692628,2.0628353623165383,0.5615038373760894,200.2521369053576,66.46246374149048,3.922585182733181,94.6327152063292,-8.028545111137698,2.0890024873110296,201.41357699227996,194.8245002746582,188.23542355703648,64525300.0,993251080.0477772,28353944.391655564,0.003354015755753892,0
2019-11-07,200.759994506836,201.72000122070312,199.8500061035156,200.42999267578125,193.96212768554688,17832400,191.8197998046875,195.900763441034,197.04861915225075,2.6930109533917914,2.1888704805315893,0.5041404728602021,200.8045185096452,67.78282989156402,3.266524013351681,113.7347812655474,-12.204424323965412,2.07978850349361,201.7970313063748,195.4120002746582,189.0269692429416,82357700.0,986480262.4617728,24267720.02280569,0.003991433822241763,0
2019-11-08,200.07000732421875,201.25,199.5399932861328,201.22999572753903,194.7363128662109,15258800,192.08599975585935,196.4083093730821,197.60271395728705,2.779941933172182,2.307084771059708,0.4728571621124739,201.4236234314184,69.33523675410288,2.8572870350286714,99.0166677754516,-4.635810346520353,2.053375518520294,202.4611531129293,195.9180000305176,189.37484694810584,97616500.0,1001382056.6206238,25131406.37492824,-0.0013416936808834379,0
2019-11-11,200.2100067138672,201.0399932861328,199.94000244140625,200.9600067138672,194.4750518798828,10147600,192.35579986572264,196.8418043579188,198.082905069987,2.7948324155770194,2.4046342999631705,0.390198115613849,201.81906754231971,68.1418769980954,1.715847175166289,85.78712829065445,-7.190103880955567,1.9988482162069008,202.91235615142296,196.4115005493164,189.91064494720985,87468900.0,1010053877.5364362,25959275.04901612,0.002886079582448575,0
2019-11-12,201.1300048828125,202.2100067138672,200.82000732421875,201.5399932861328,195.03628540039065,14778300,192.6735998535156,197.2892509225106,198.57133294968375,2.8209155409971918,2.487890548169975,0.3330249928272164,202.2516174896994,69.36181280975958,2.8055499838608955,101.74967037430136,-7.075114481185151,1.9553590143098676,203.53604510122065,196.8125,190.08895489877932,102247200.0,1010585179.2818668,24107065.05750585,0.0002481048596982838,0
2019-11-13,200.83999633789065,201.77999877929688,200.7100067138672,201.58999633789065,195.084701538086,15774600,192.93879974365237,197.69884572397532,199.02633260091145,2.813192699902487,2.5529509785164777,0.2602417213860093,202.57733130339903,69.4703558029922,2.3351392032354608,87.81585458771073,-6.768669520747306,1.8921185179612832,204.0365850359521,197.2400001525879,190.4434152692237,118021800.0,1020757471.3600732,24394429.80790758,-0.000793708343747479,0
2019-11-14,200.8300018310547,201.5599975585937,200.22000122070312,201.42999267578125,194.9298248291016,16945400,193.131799621582,198.0541930527188,199.42537950788224,2.762319039960289,2.5948245908052403,0.1674944491550487,202.7615710228149,68.63246691054746,2.207220826218359,71.64307253049711,-11.271857290908692,1.8548239893345864,204.44286264166965,197.63399963378907,190.8251366259085,101076400.0,1034414825.4469348,26639834.43271828,0.007347520429642707,0
2019-11-15,202.6499938964844,202.91000366210932,202.0,202.91000366210932,196.3621063232422,18427900,193.3581997680664,198.5166512059941,199.927856082008,2.809044894584929,2.637668651561178,0.1713762430237508,203.25647377084945,71.99690570914129,2.031482196467699,123.82932507211662,0.0,1.82805163197698,204.79823786733613,198.19499969482425,191.5917615223123,119504300.0,1052842725.4469342,31000028.648984432,0.0007885449668409983,0
2019-11-18,202.58999633789065,203.38999938964844,201.7700042724609,203.07000732421875,196.5169982910156,18365900,193.59579986572265,198.9503041696345,200.3921425229027,2.826405387412564,2.675415998731455,0.1509893886811086,203.6639015058066,72.34228652248126,1.4842584358376854,121.83700031954577,-3.9505163494975903,1.813190452349162,205.22126752093595,198.67900009155272,192.1367326621695,137870200.0,1063953119.2887696,33500685.35540605,0.0014772629248482883,0
2019-11-19,203.83999633789065,203.83999633789065,202.58999633789065,203.3699951171875,196.8072662353516,16923300,193.85039978027345,199.3712271170205,200.83890395391555,2.8317278152788674,2.706678362040938,0.1250494532379296,204.0360314903028,73.01430941127822,1.5783368949367511,141.58537603062902,-5.949387137024365,1.7729625628956505,205.30051165761537,199.25499954223636,193.2094874268573,154793500.0,1068150064.6354486,32813556.131484985,-0.005998924374267189,0
2019-11-20,202.83999633789065,203.4499969482422,200.6199951171875,202.1499938964844,195.62664794921875,36629000,194.0447998046875,199.63587157220755,201.1146177019392,2.7063053714680905,2.7066037639263687,-0.0002983924582782,203.98536968887555,65.99170058738001,1.1964354502255703,65.49071978275849,-27.21424745317916,1.8484653677641527,204.98027794139836,199.7514991760254,194.52272041065245,118164500.0,1071126922.6047916,30496589.33635497,-0.0022260547208952097,0
2019-11-21,201.92999267578125,202.07000732421875,201.07000732421875,201.6999969482422,195.1911773681641,17883600,194.2141998291016,199.8324549413537,201.3001889183408,2.541301644731305,2.6735433400873565,-0.132241695356051,203.78990433421592,63.56324296519711,0.6336398337923989,25.716810788487592,-42.37619992929628,1.793574025228546,204.72654076373288,200.13199920654296,195.53745764935303,100280900.0,1075776287.4851627,28255665.44243324,0.0006445457847272795,0
2019-11-22,202.1999969482422,202.32000732421875,200.7400054931641,201.8300018310547,195.3169860839844,17189600,194.4,200.0226975022776,201.46190345400856,2.3934352780281927,2.617521727675524,-0.2240864496473311,203.62933457521527,63.97569326151101,0.2981693168289127,19.42047549525932,-39.80184736990036,1.77831886850184,204.5969392487749,200.44149932861328,196.28605940845165,117470500.0,1082303876.5181625,26847187.137925863,0.011841645780933163,1
2019-11-25,202.6999969482422,204.259994506836,202.6699981689453,204.22000122070312,197.6298370361328,17752800,194.65080017089844,200.42244071355623,201.82176077706472,2.440965166788004,2.5822104154980203,-0.1412452487100162,204.0866286159728,70.57094068388771,1.6222105881383724,156.67487517760364,-0.731138522994701,1.8248669975932288,205.0203832247652,200.7739990234375,196.52761482210985,135223300.0,1099163601.7441652,29194796.118180275,0.0019097022197496205,0
2019-11-26,204.3500061035156,204.8699951171875,204.0500030517578,204.6100006103516,198.0072479248047,14780600,194.8910000610352,200.82125594182247,202.18709426153276,2.4814974791867144,2.562067828235759,-0.0805703490490445,204.5321650976888,71.48823844192476,1.5232744995977996,169.92043647676726,-4.877944043491301,1.7530902167244042,205.17215278770584,201.20249938964844,197.23284599159103,150003900.0,1104571245.6638522,29221723.21016848,0.006988869906239037,0
2019-11-27,205.13999938964844,206.0500030517578,204.88999938964844,206.0399932861328,199.3910980224609,16963100,195.1613998413086,201.3182785460425,202.64780796595983,2.5990478806533304,2.5694638387192734,0.0295840419340569,205.2373857070583,74.61289122397626,2.207449292664004,184.8718561580196,-0.1537596099756233,1.730726804201677,205.66378585075643,201.65499877929688,197.64621170783727,166967000.0,1121241593.7341475,31880420.205606222,-0.004562158868408828,0
2019-11-29,205.5200042724609,205.8300018310547,205.0,205.1000061035156,198.4814300537109,9854600,195.4066000366211,201.67844307532565,202.9759039015997,2.586542261757046,2.572879523326828,0.0136627384302179,205.53940459739184,69.24115337927908,1.8219796262622847,135.04259670182546,-15.54823000561949,1.6813886957681867,205.7458045130656,202.0559989929199,198.3661934727742,157112400.0,1113761735.8391197,27689894.172994137,-0.010238937303861939,-1
2019-12-02,205.1100006103516,205.17999267578125,201.77999877929688,203.0,196.44921875,28007000,195.65059997558595,201.80430563958035,203.06580875941685,2.379746292691721,2.5342528771998065,-0.1545065845080859,205.209898311175,59.018323816047264,0.044352834392787,23.92105363044284,-52.31564483412943,1.8041462101050572,205.66723106412337,202.26249923706052,198.8577674099977,129105400.0,1105853933.2074227,20942205.942931414,-0.00783249427532351,0
2019-12-03,200.2100067138672,201.4900054931641,199.22999572753903,201.41000366210932,194.91050720214844,31104100,195.8688000488281,201.7667530702974,202.9846187046596,2.063769728234007,2.440156247406647,-0.3763865191726401,204.49791660412896,52.6768933932358,-0.8174538839992578,-112.10438393505342,-68.03510860129423,1.9445646431304795,205.6120685887858,202.32799911499023,199.0439296411947,98001300.0,1134755932.144712,25474041.69768596,0.005064242069043878,0
2019-12-04,202.44000244140625,202.91000366210932,202.13999938964844,202.42999267578125,195.8975982666016,15300100,196.15799987792968,201.8299187470101,202.99433237711588,1.874057643459082,2.3269365266171342,-0.4528788831580521,204.15456367870155,55.94698592704807,-0.4622129438831889,-23.27474588940265,-53.07927402249864,1.9128100257640168,205.57599237340057,202.43899841308595,199.30200445277129,113301400.0,1130980252.0365138,23810799.77223301,0.001976036999191688,0
2019-12-05,203.1499938964844,203.1499938964844,201.83999633789065,202.8300018310547,196.28466796875,14962300,196.41299987792968,201.9251647550144,203.0315707978748,1.735975599187583,2.208744341131224,-0.472768741943641,203.9566794200329,57.19617589187528,0.3363878086083435,-25.05553033099613,-47.21404344051744,1.869751992394712,205.48068956350332,202.59249877929688,199.7043079950904,128263700.0,1138632893.7105567,23400695.90154004,0.010698605479246615,1
2019-12-06,204.3099975585937,205.1499938964844,204.1499938964844,205.0,198.3846435546875,16555300,196.72539978027345,202.21800620691775,203.260856628418,1.7811137306948694,2.123218219043953,-0.3421044883490838,204.3398741615929,63.27943521650666,1.636094745506922,89.18188125657342,-15.395922641154767,1.901911997611498,205.7117987291058,202.8209991455078,199.93019956190983,144819000.0,1150221805.8016202,24792971.26509118,-0.0045365496379573544,0
2019-12-09,204.6300048828125,205.58999633789065,203.97999572753903,204.07000732421875,197.4846649169922,13984100,197.06619995117188,202.3943872657084,203.3798097882952,1.7219933213497145,2.042973239505105,-0.3209799181553912,204.39550270826072,59.38423513077619,1.109847630601073,66.6412304813017,-29.03216423988031,1.8810611842357925,205.80585242724837,202.9629997253418,200.1201470234353,130834900.0,1137801346.4127302,19156667.62961626,-0.000833113253454365,0
2019-12-10,204.1699981689453,204.8800048828125,203.44000244140625,203.8999938964844,197.3201446533203,21799800,197.3679998779297,202.5377783734013,203.46904732840403,1.642487732085101,1.9628761380211048,-0.3203884059360038,204.38024075190225,58.67319309024405,-0.1566973471285438,36.745748211325335,-31.525027072015487,1.8495569883193963,205.82451039462515,203.10999908447263,200.39548777432017,109035100.0,1129928914.0811074,12604526.979622364,0.0052967232142386855,0
2019-12-11,204.3600006103516,205.19000244140625,204.0399932861328,204.97999572753903,198.3653259277344,18780800,197.72219970703125,202.7703705023668,203.6471422467913,1.6476332115535683,1.8998275527275976,-0.2521943411740293,204.63232955348207,61.8020794159437,0.1808294394622686,62.08101509928953,-15.689240104171676,1.8095892423624285,206.01268214907375,203.28199920654296,200.55131626401212,127815900.0,1141850474.615558,12571463.521984575,0.007464137043551533,0
2019-12-12,204.7700042724609,207.32000732421875,204.4900054931641,206.509994506836,199.845932006836,32612000,198.1713995361328,203.12652516945911,203.95457037062872,1.754939307929419,1.870849903767962,-0.1159105958385429,205.22053975909225,65.75735308247735,0.2281116462911407,119.31559286201728,-10.012505021812668,1.882475855840445,206.48197634967605,203.52799911499025,200.5740218803044,160427900.0,1155793837.9308655,15851601.933095455,0.003292857259495685,0
2019-12-13,206.3999938964844,207.91000366210932,205.9600067138672,207.19000244140625,200.50396728515625,32519400,198.59379943847657,203.51352300488267,204.30333259219216,1.8732573747089416,1.871331397956158,0.0019259767527837,205.8623463843745,67.37433005108836,1.0190132987298963,149.7891677919319,-8.294937356399302,1.8872987910119965,207.00910653019787,203.81599960327148,200.6228926763451,192947300.0,1164298833.4799874,18458556.96389842,0.010039103270163219,1
2019-12-16,208.5500030517578,209.52999877929688,208.47999572753903,209.2700042724609,202.51687622070312,21296600,199.0029995727539,204.0617593160806,204.82276160830543,2.110535124381471,1.9191721432412208,0.1913629811402502,206.90908119660563,71.76611939456565,3.0886720553994627,203.4365869310128,-2.524217765077208,1.919634330074756,208.08070755639704,204.13399963378907,200.1872917111811,214243900.0,1175048799.343994,21267431.618329287,0.0005733985508562522,0
2019-12-17,209.5399932861328,209.7100067138672,209.0399932861328,209.38999938964844,202.63299560546875,15996100,199.4259994506836,204.5692107516585,205.32333301362536,2.2819570729389795,1.9917291291807728,0.2902279437582069,207.7757279739185,72.00028345340944,3.9620652313410103,162.1013563377205,-3.053501801059366,1.8303756941933,208.97501539051896,204.44999923706052,199.92498308360211,230240000.0,1175764999.12992,20710995.579906464,0.000764141852885869,0
2019-12-18,209.57000732421875,210.1300048828125,209.3300018310547,209.5500030517578,202.787826538086,15443300,199.90859954833985,205.0435719230965,205.80904766264416,2.4030206344791623,2.07398743024045,0.3290332042387116,208.50173994645175,72.32982681887997,3.5172704804570203,137.345906484991,-5.321113246717601,1.7567776483050506,209.765252944454,204.75899963378907,199.75274632312417,245683300.0,1168815528.8577423,16389349.788503883,0.006251479549108874,0
2019-12-19,209.63999938964844,210.92999267578125,209.6199951171875,210.8600006103516,204.0555419921875,17865900,200.3811996459961,205.5975175123589,206.3900953746977,2.57498738241722,2.1741874206758043,0.4007999617414155,209.4083457378981,74.9312817914135,3.9589797893831378,125.96009433090656,-0.5982229374869585,1.729864217999221,210.7069395779256,205.1944999694824,199.6820603610392,263549200.0,1184772308.9001417,18208620.179284096,0.004031139623708491,0
2019-12-20,211.8600006103516,212.5200042724609,211.2700042724609,211.7100067138672,204.878173828125,27672600,200.8417999267578,206.179659341074,207.0106198265439,2.7481813341316013,2.288986203366964,0.4591951307646376,210.34093222525777,76.4766762915055,3.273174006764482,130.50288192547643,-6.094785837464512,1.7248741782927994,211.64756652928176,205.69500045776368,199.7424343862456,291221800.0,1176581327.396237,14691316.662516594,0.00047230098509998264,0
2019-12-23,212.0,212.1499938964844,211.6300048828125,211.8099975585937,205.41928100585932,23774700,201.25579986572265,206.71588202845683,207.59300050281345,2.8605327729842145,2.403295517290414,0.4572372556938004,211.0973097251409,76.65896102350204,3.792811268967108,112.22542746516336,-6.647997999785726,1.6388109522484495,212.43323374837104,206.19400024414065,199.9547667399102,314996500.0,1169265713.093752,9589150.06736517,0.0005193362523938649,0
2019-12-24,212.0,212.08999633789065,211.44000244140625,211.9199981689453,205.5259552001953,7089000,201.67239990234376,207.2115121370748,208.13833363850912,2.9247337179482145,2.5075831574219745,0.41715056052624,211.70966608950727,76.8712964406902,3.933302850677127,95.10798887598489,-5.618030503267968,1.5681811625510178,213.22077780601663,206.57900009155276,199.9372223770888,322085500.0,1172646625.90656,7705904.167299986,0.008824061595624988,0
2019-12-26,212.259994506836,213.8099975585937,212.22999572753903,213.7899932861328,207.3395233154297,17067500,202.0777996826172,207.8380341512708,208.82509489513575,3.0908767044854244,2.624241866834665,0.4666348376507594,212.65922065445687,80.17333399101368,4.297979189298108,114.31130155777312,-0.192905321891168,1.59116817877226,214.31087957668944,207.0379997253418,199.76511987399417,339153000.0,1189281945.4957323,11528004.880437136,-0.0008419134731919575,0
2019-12-27,214.5399932861328,214.5599975585937,213.0399932861328,213.6100006103516,207.1649780273437,18134100,202.48919982910155,208.38774524261183,209.4509997413272,3.171463654792888,2.7336862244263096,0.437777430366578,213.3512481629837,79.00415847142325,3.4380932121329355,112.7845169405785,-8.543141775069497,1.5860850426071635,215.2114193970507,207.41650009155276,199.6215807860548,321018900.0,1184748557.027129,10601149.306670666,-0.006553971688985416,0
2019-12-30,213.5,213.6300048828125,211.16000366210932,212.2100067138672,205.8072662353516,21815500,202.86239990234372,208.7517701446361,209.9075241815476,3.086779118080159,2.80430480315708,0.2824743149230793,213.51411599587607,70.40405925416466,2.42289889150448,70.46192900969584,-21.133020473132248,1.649221912471163,215.75808540590904,207.77200012207032,199.7859148382316,299203400.0,1181480692.861173,8218465.309446573,0.001884896488522969,0
2019-12-31,211.52999877929688,212.759994506836,211.1999969482422,212.6100006103516,206.19517517089844,18170900,203.28079986572263,209.11922066518045,210.3682861328125,3.017162209342928,2.846876284394249,0.1702859249486783,213.7109754302311,71.36321615787391,1.596022492331077,58.33327592539701,-18.53608513588535,1.642848744337064,216.18855016221804,208.25250015258788,200.3164501429577,317374300.0,1196157325.7341335,11166435.469302176,0.016697253382091715,1
2020-01-02,214.3999938964844,216.16000366210932,213.97999572753903,216.16000366210932,209.6380615234375,30969400,203.73619995117187,209.78977142679275,211.12138170514788,3.2114265589415254,2.919786339303705,0.2916402196378205,214.7542447900697,78.13576135697102,3.2332032533525075,143.5975418768158,0.0,1.7790740520099706,216.98668918377624,208.9900001525879,200.99331112139956,348343700.0,1227126725.7341335,21211192.76476097,-0.009159932239005353,0
2020-01-03,213.3000030517578,215.47000122070312,213.27999877929688,214.17999267578125,207.71780395507807,27518900,204.1827996826172,210.2078877362202,211.6156667073568,3.169080924430574,2.9696452563290787,0.1994356681014952,215.05518256386785,68.41691502585878,2.209491556475832,102.1135688655336,-19.411878222858945,1.857711968495864,217.281192469947,209.5775001525879,201.8738078352288,320824800.0,1222225921.1021557,21832774.478659157,0.006443201652833519,0
2020-01-06,212.5,215.58999633789065,212.2400054931641,215.5599975585937,209.05615234375,21655300,204.649599609375,210.71761248120816,212.1854283650716,3.209875122523215,3.017691229567906,0.1921838929553088,215.61892136806532,71.11374640687607,2.228965633423885,100.59115182842,-7.81257140132362,1.9643033167980568,217.682510883662,210.21399993896483,202.74548899426765,342480100.0,1243493379.7047193,26869178.873464108,-0.000139166726835116,0
2020-01-07,215.63999938964844,216.13999938964844,214.8500061035156,215.52999877929688,209.02706909179688,22139300,205.07839965820312,211.17593498578805,212.69171396891275,3.2028635503439205,3.054725693723109,0.1481378566208109,216.03234064685523,70.97187555715865,1.8043512088649305,121.71203608871544,-8.848370290837737,1.916138314607684,218.1489178365441,210.7404998779297,203.33208191931533,320340800.0,1244694607.1458426,26869082.232290503,0.0075163324194438275,0
2020-01-08,215.5,218.13999938964844,215.16000366210932,217.1499938964844,210.59817504882807,26397300,205.50859954833984,211.7448929772829,213.30214197067988,3.290100663536464,3.1018006876857807,0.1882999758506831,216.750649064824,73.98961162871687,2.521125725622777,147.54166112510438,-11.237295885494646,1.9921281298170703,218.63956819828965,211.39449920654295,204.1494302147963,346738100.0,1253552639.0434144,27244863.55264783,0.008473459122254612,0
2020-01-09,218.94000244140625,219.41000366210932,217.7100067138672,218.9900054931641,212.38267517089844,23547000,205.93699951171877,212.43490369308117,214.02552352178665,3.4677363563593246,3.1749878214204896,0.292748534938835,217.77515627439604,76.92398053757228,3.336168075361382,182.42821310950507,-4.290069482759662,2.0112625323747757,219.2566549114384,212.14899978637692,205.04134466131552,370285100.0,1265464680.6461296,28711981.552508354,-0.0025572528578264864,0
2020-01-10,219.8500061035156,219.8699951171875,218.0399932861328,218.42999267578125,211.8395538330078,21898500,206.38479949951173,213.0058645485764,214.62371332077757,3.5227178697898864,3.244533831094369,0.2781840386955174,218.42578773600732,74.18100046711606,2.170353868451805,152.3560919766586,-16.532765259679916,1.9983153394233404,219.62745200608484,212.82149963378907,206.0155472614933,348386600.0,1252899943.5848193,22704115.16453361,0.011536896749346104,1
2020-01-13,219.3300018310547,220.97999572753903,218.97999572753903,220.9499969482422,214.28355407714844,22756900,206.8639993286133,213.7624485866398,215.397855922154,3.7266756029612793,3.340962185467752,0.3857134174935277,219.56752262966893,77.98520263393836,3.4361669944842923,158.19030691726064,-0.3054867977180353,2.0377216045900863,220.57793827741776,213.5434997558594,206.50906123430104,371143500.0,1274974164.364239,25205956.875219826,-0.003937520385625115,0
2020-01-14,220.83999633789065,221.2100067138672,219.7400054931641,220.0800018310547,213.4397735595703,24418100,207.32399932861327,214.36412032420316,216.02037992931548,3.7746009902234894,3.4276899464189,0.3469110438045906,220.2300469925501,73.93502010721176,3.708588128833617,130.31768911347572,-11.243826265454238,1.9971701485981583,221.1373587405164,214.1879997253418,207.23864071016723,346725400.0,1261851380.9412904,19762555.860906124,0.0004089255595323138,0
2020-01-15,220.1999969482422,221.1999969482422,219.4499969482422,220.1699981689453,213.52706909179688,25742100,207.74999938964845,214.91706107132143,216.59009406680156,3.776313169702519,3.497414591075624,0.2788985786268951,220.74745954092805,74.08495649329308,3.55580524758516,105.27189249219671,-10.348340588214722,1.9795151379840044,221.76329225000592,214.732999420166,207.7027065903261,372467500.0,1257291387.710961,14288207.067136288,0.00958350650815043,0
2020-01-16,221.2700042724609,222.32000732421875,220.8000030517578,222.27999877929688,215.57339477539065,18805000,208.19359924316407,215.61829323398572,217.30885591052828,3.902938849952591,3.578519442851017,0.3244194071015736,221.66992968677107,77.37155584902358,2.8312338145376805,119.86804026163227,-0.3584993888282706,1.9916932820761064,222.68813591670752,215.37749938964845,208.06686286258935,391272500.0,1275106442.220824,16418199.262174368,0.0049487408203912064,0
2020-01-17,223.27999877929688,223.5599975585937,222.1199951171875,223.3800048828125,216.64019775390625,24325200,208.65699920654296,216.35750386720736,218.0709992908296,4.045418843022077,3.6718993228852295,0.3735195201368473,222.66122836063013,78.87565114112577,4.295458269511631,123.31566629787125,-1.4515545514280692,1.952286793456829,223.6550915610734,216.0689994812012,208.48290740132893,415597700.0,1293350599.9794817,21601955.423156023,-0.0004476949652144624,0
2020-01-21,222.759994506836,223.83999633789065,222.66000366210932,223.27999877929688,216.543212890625,21146300,209.1273992919922,217.01678909693015,218.75776112874348,4.102969133117796,3.758113284931743,0.3448558481860528,223.39565096472887,78.36566009833355,3.581370063155941,113.68347943188968,-4.430360645842979,1.8971229279085773,224.49891722935325,216.68999938964845,208.88108154994364,394451400.0,1294425798.4949732,22100877.432745457,0.0026424056839673415,0
2020-01-22,224.41000366210932,225.1499938964844,223.58999633789065,223.8699951171875,217.11541748046875,20736400,209.5961993408203,217.66947538457373,219.441570245652,4.148366143672746,3.836163856679944,0.312202286992802,224.09742293814963,79.21932369405097,3.869529246567109,121.85071633164723,-9.914794183453346,1.8951852271427885,225.35100737599024,217.2979988098145,209.24499024363865,415187800.0,1281133213.5894597,16066352.381937029,0.003216157754085236,0
2020-01-23,223.7400054931641,224.69000244140625,222.6999969482422,224.58999633789065,217.813720703125,26496100,210.0633993530273,218.32857261822292,220.1360462007069,4.194094769050537,3.9077500391540623,0.2863447298964745,224.8056869297264,80.24382962218827,3.4262043060212592,102.20974368264189,-4.3377076810520165,1.9019581032871649,226.1728154855776,217.9369987487793,209.701182011981,441683900.0,1304966233.7854471,19720339.252426382,-0.008415332029325984,0
2020-01-24,225.63999938964844,225.8800048828125,221.6699981689453,222.6999969482422,215.9807281494141,37436500,210.49819915771485,218.74489874489143,220.58966507684616,4.031356905781422,3.932471412479535,0.0988854933018874,224.84192325126824,70.42827262178038,1.694137340525299,81.34251621240392,-23.31384220576773,2.0668187183285958,226.4736836502433,218.47599868774412,210.47831372524504,404247400.0,1285847780.250379,13339249.642611504,-0.020655549653176175,-1
2020-01-27,217.6699981689453,219.27999877929688,217.17999267578125,218.1000061035156,211.5195159912109,42264400,210.8293994140625,218.68348039809376,220.5538562593006,3.490963504999428,3.844169830983513,-0.3532063259840852,223.62661391876276,53.32992143436648,-0.1510720062859944,-70.7983862698186,-70.5349015441399,2.3134748293380483,226.3995306865164,218.69149932861328,210.98346797071017,361983000.0,1280615477.8714669,7851321.350523233,0.015359884231899601,1
2020-01-28,219.63999938964844,221.9600067138672,219.0599975585937,221.4499969482422,214.7684783935547,26731900,211.22659942626956,218.94695816477457,220.81657031831287,3.2950310389518336,3.7343420725771774,-0.4393110336253438,223.45530703497224,60.79479218651147,0.2262955451034134,-5.820144471757362,-41.324696176478014,2.423940956553301,226.51024998065756,219.0834991455078,211.65674831035807,388714900.0,1297944973.034972,10406433.56937313,0.0016256519092914257,0
2020-01-29,222.67999267578125,222.92999267578125,220.8300018310547,221.8099975585937,215.1175537109375,28924500,211.6341995239258,219.21962858323357,221.0762368338449,3.1326904827436977,3.6140117546104817,-0.4813212718667841,223.3697187599716,61.50732706941448,0.7860758420326952,19.417137063536533,-46.7816277421938,2.4008016628513915,226.3659106719566,219.56349868774413,212.76108670353165,417639400.0,1296016673.0349712,9892117.334414003,0.0035616453433899853,0
2020-01-30,220.3800048828125,222.6999969482422,219.69000244140625,222.6000061035156,215.8837432861328,39568100,212.0279995727539,219.54156929945088,221.3654280162993,3.0328210365032646,3.4977736109890385,-0.4649525744857739,223.46915415453807,63.09254754856001,1.1036962141888382,4.252944421981685,-37.70108249556301,2.444315437421716,226.1825295865736,220.06299896240236,213.94346833823104,457207500.0,1332955899.3049755,20535822.02107644,-0.015858035411082994,-1
2020-01-31,223.52999877929688,223.5599975585937,218.2899932861328,219.07000732421875,212.4602813720703,52015800,212.3479995727539,219.49665863514304,221.27085738409133,2.6384183365532863,3.325902556101888,-0.687484219548602,222.60200298565164,52.65740256621179,-1.4441206913382,-64.99295343121389,-78.27572417760504,2.64615035421023,226.0834038990263,220.2084991455078,214.3335943919893,405191700.0,1296337830.352098,11371968.178697586,0.01510931413671357,1
2020-02-03,220.13999938964844,222.88999938964844,219.9900054931641,222.3800048828125,215.6703491210937,25408600,212.7281997680664,219.77126303968305,221.4776674543108,2.563391316063729,3.1734003080942568,-0.6100089920305276,222.7221281328803,59.43277972293361,-0.4476676417500351,-1.2940915745989752,-40.22982861071552,2.7299961907259056,225.8641277681457,220.61849975585935,215.37287174357309,430600300.0,1312809689.8699193,11830349.800786018,0.0228887320178488,1
2020-02-04,225.4199981689453,227.8600006103516,224.6499938964844,227.47000122070312,220.60682678222656,30691200,213.2345999145508,220.50447619978016,222.1301914033436,2.881436619659297,3.115007570407265,-0.2335709507479677,224.1161284796754,67.20526632470708,1.87656864220422,185.01021555453957,-3.651676965389405,2.9264247290697045,226.72481266846052,221.21399993896483,215.70318720946912,461291500.0,1336043242.3728778,18334877.18796468,0.0032971380664490457,0
2020-02-05,230.2100067138672,230.25,226.8500061035156,228.22000122070312,221.33419799804688,38534800,213.765,221.2392881065348,222.797429620652,3.1576095883491746,3.123527973995647,0.0340816143535276,225.4250327057536,68.1728984934044,1.9430947417667837,197.41068891902893,-15.53173406058681,2.960251098170754,227.5154156484836,221.8485000610352,216.18158447358672,499826300.0,1328562902.7331655,16948905.1257236,0.008632027036044043,0
2020-02-06,228.7899932861328,230.25,227.97999572753903,230.19000244140625,223.2447509765625,22467100,214.33220001220704,222.09173709080824,223.59185841878252,3.4951513610443783,3.1978526514053938,0.2972987096389845,226.97551203073,70.62466408818104,2.493435235241071,178.05359810512445,-0.4590476279425992,2.9109477534771977,228.8182892156315,222.5005004882813,216.18271176093103,522293400.0,1349842365.1898928,21611845.052335978,-0.004300818813432472,0
2020-02-07,229.16000366210932,230.44000244140625,228.5399932861328,229.1999969482422,222.28463745117188,25884900,214.8317999267578,222.76871422008767,224.2299057006836,3.64080158394583,3.286442437913481,0.3543591460323489,227.95064858141757,67.79812289304486,2.9187247818017115,135.09408401043845,-9.351467420322946,2.838737853605501,229.74776120342133,223.0110000610352,216.274238918649,496408500.0,1341940672.003311,19040523.094552755,0.012085533635877166,1
2020-02-10,228.44000244140625,231.97999572753903,228.3800048828125,231.97000122070312,224.97105407714844,21478900,215.37899993896485,223.64502726776533,225.08314390636625,3.934393391897487,3.4160326287102825,0.5183607631872045,229.4258918843747,71.26356986619597,6.3594657171190025,130.46087084955542,-0.0675304376692165,2.893113067257003,231.13153775215224,223.6880004882813,216.24446322441028,517887400.0,1363300310.0261908,23053910.474143744,0.0001724071471413957,0
2020-02-11,233.25,234.0200042724609,231.3999938964844,232.009994506836,225.0098114013672,30198000,215.8983999633789,224.44169081434347,225.87571476527623,4.122769419335697,3.557379986835365,0.5653894325003312,230.59864758212203,71.31157372279687,4.768569746723403,127.5703685037578,-11.935916754482855,2.8736057321655397,232.3978867667068,224.24100036621093,216.08411396571503,548085400.0,1347163932.529904,17465638.792053938,0.009741001763431845,0
2020-02-12,233.3800048828125,234.3800048828125,232.8000030517578,234.2700042724609,227.20166015625,24471300,216.48179992675784,225.37772066749756,226.8308579944429,4.403660027044168,3.7266359948771264,0.6770240321670418,232.09552334744973,73.95891702963912,5.61742340336834,120.9900656342862,-0.6395379783894817,2.837634635294896,233.9601972737522,224.95050048828125,215.94080370281029,572556700.0,1368227821.3697536,20293888.75369191,-0.0012805867003309324,0
2020-02-13,232.63999938964844,234.92999267578125,232.3600006103516,233.97000122070312,226.9107208251953,22773200,217.10119995117188,226.19603310113615,227.68985806419732,4.54961498876051,3.891231793653804,0.6583831951067065,233.18979509891844,72.99596985748926,5.107814378001473,101.99659915814732,-5.408402563820425,2.8185173088759505,235.17831346830695,225.64050064086916,216.1026878134313,549783500.0,1373987679.0339048,21438683.108074665,0.002863607152411518,0
2020-02-14,234.33999633789065,234.8600006103516,233.5500030517578,234.63999938964844,227.5604858398437,23438500,217.76579986572267,227.0002203667088,228.54695318312872,4.665566849864291,4.046098804895902,0.6194680449683894,234.2026150413473,73.81590978310295,7.107313436287262,98.8064357535167,-1.7427481777025466,2.710765898141509,236.42618371000916,226.2585006713867,216.0908176327643,573222000.0,1389553647.398066,24910844.99545741,0.00038355070799811486,0
2020-02-18,233.5,235.1699981689453,233.25,234.72999572753903,227.64776611328125,24394500,218.41179992675785,227.73638944869265,229.3537622360956,4.710422667143547,4.178963577345431,0.5314590897981164,234.9963172621312,73.93041452728997,5.553552735658318,90.3070964133023,-2.606648780382148,2.6542824889132097,237.5399935657048,226.82600021362305,216.1120068615413,597616500.0,1402767262.1967206,28270984.56755352,0.009585481365626869,0
2020-02-19,236.1300048828125,237.47000122070312,235.8500061035156,236.97999572753903,229.82986450195312,22230500,219.0947998046875,228.6167329038209,230.32080942789716,4.871373262822232,4.317445514440792,0.5539277483814402,236.1698051629697,76.67654541524168,4.180768653361382,114.5196303446176,-2.5547721087273323,2.660405560645416,238.95733808371784,227.5110000610352,216.06466203835248,619847000.0,1411549490.6553888,29869843.03230071,-0.009283471127966236,0
2020-02-20,236.4600067138672,236.9499969482422,231.8800048828125,234.77999877929688,227.6962280273437,42604000,219.69039978027345,229.20371060624717,231.01309502011253,4.766461599601655,4.407248731472965,0.3592128681286901,236.49852421484317,69.02073879866623,2.8744183347233525,70.10482107876523,-14.025032995725471,2.8346616523654955,239.79296723397337,228.05650024414064,216.3200332543079,577243000.0,1417683768.1009371,29760296.770344496,-0.019209449400651724,-1
2020-02-21,233.6100006103516,234.009994506836,229.32000732421875,230.2700042724609,223.3223419189453,66017200,220.2143997192383,229.30526238398176,231.2239049275716,4.270175559785486,4.379834097135469,-0.1096585373499836,235.53651776727756,56.55452916450536,0.0347546940380363,-1.5413266307932592,-41.18992395918559,3.022185209702112,240.00234537711628,228.34050064086915,216.678655904622,511225800.0,1378411263.167031,14514203.841451645,-0.03856344603314221,-1
2020-02-24,221.67999267578125,224.25,220.259994506836,221.38999938964844,214.71026611328125,84522600,220.5641998291016,228.5514278130929,230.56195242745537,3.12430803868196,4.128728885444767,-1.004420846762807,232.39015666970704,40.89322148019794,-3.407503343186082,-206.2283001160405,-93.43402416047894,3.5213155351251717,240.076708218373,228.27500076293944,216.47329330750588,426703200.0,1341763760.517971,-4702876.276109934,-0.02719185278945535,-1
2020-02-25,223.25,223.9900054931641,214.7400054931641,215.3699951171875,208.87188720703125,97743000,220.7719998168945,227.2960532706257,229.33290427071708,1.710715673761456,3.645126243108105,-1.934410569346649,228.21216742508165,34.016011316209905,-7.156100364771688,-226.4588707739524,-97.22837772793712,3.9305072826162304,240.459518846159,228.13850021362305,215.8174815810871,328960200.0,1257334722.8576295,-39000659.554665565,0.005153924109751573,0
2020-02-26,216.7100067138672,220.27999877929688,214.8999938964844,216.47999572753903,209.94842529296875,79537700,220.9713998413086,226.26595255223648,228.22257051013764,0.6722520100624365,3.050551396498972,-2.3782993864365354,225.06137625224477,36.148293042286,-6.6936766290209775,-177.5028376317831,-92.34496013447632,4.034042825487391,240.92063410516928,227.8900001525879,214.85936620000652,408497900.0,1224514345.3787866,-59928903.77055502,-0.050073893901650735,-1
2020-02-27,210.8999938964844,216.4199981689453,205.5,205.63999938964844,199.4354705810547,121822600,220.94039978027345,224.30157606056144,226.10352281842916,-1.0137491666282017,2.237691283873537,-3.251440450501739,219.67308963845704,26.97921088258892,-12.220943509914816,-189.8739275348846,-99.5620913847267,4.53018231849108,243.168822994676,227.0815002441406,210.99417749360524,286675300.0,1105815388.6947513,-100810225.91556144,0.0007780765540958967,0
2020-02-28,198.63999938964844,207.1699981689453,198.1699981689453,205.8000030517578,199.59063720703125,148173700,220.87099975585937,222.53952148829444,224.0767135620117,-2.310373737523776,1.3280782795940749,-3.6384520171178494,215.32963085683005,27.27245039977577,-12.040004283443434,-169.95012184027496,-80.58523081343317,4.84945501002743,244.74942322889825,226.24150009155272,207.7335769542072,434849000.0,1208878589.6957278,-75577000.48224783,0.05160347405105048,1
2020-03-02,208.8800048828125,216.57000732421875,205.94000244140625,216.4199981689453,209.89019775390625,112933900,221.0115997314453,221.95670974359453,223.1413324265253,-2.4527395459709,0.5719147144810799,-3.02465426045198,214.57951552517267,43.492760218630046,-7.765087482141774,-83.69944185731342,-53.56234457293836,5.272351385915537,244.856781147169,226.10899963378907,207.36121812040915,547782900.0,1318625074.6140797,-23464344.8325758,-0.03206728814399429,-1
2020-03-03,217.1100006103516,219.6100006103516,207.6199951171875,209.47999572753903,203.1595764160156,131953500,221.01019958496093,220.76845126587492,221.5576177687872,-3.089946689841128,-0.1604575663833616,-2.929489123457766,212.2275967721435,37.59237996066757,-10.757040199203486,-75.65944662449914,-71.2213824927735,5.752183822147577,245.52238602850235,225.4639991760254,205.40561232354844,415829400.0,1227611270.709791,-28971346.50611305,0.04172238720365362,1
2020-03-04,213.32000732421875,218.3300018310547,211.3699951171875,218.22000122070312,211.6359405517578,73086200,221.157399597168,220.52574173776333,220.86771320161364,-2.8567615730216005,-0.6997183677110095,-2.157043205310591,212.6369177159976,47.2905214562813,-7.916277679574557,-44.48810782413933,-48.982184491558165,5.973456842245297,245.27891396584295,225.0014991760254,204.7240843862078,488915600.0,1298387264.142818,-6070817.7796776295,-0.030382205323640443,-1
2020-03-05,212.69000244140625,216.3600006103516,210.1000061035156,211.58999633789065,205.2059326171875,78705500,221.1549993896484,219.6747183663469,219.5904272170294,-3.17040027188574,-1.1938547485459556,-1.976545523339784,211.3219415406963,41.9632281155035,-9.877333061580687,-58.82032721638137,-65.85242461362839,6.126781004741171,245.2011641522768,224.1699989318848,203.13883371149277,410210100.0,1257148386.9213347,-9271988.07300067,-0.016872215734286322,-1
2020-03-06,204.6699981689453,209.1499938964844,202.91000366210932,208.0200042724609,201.7436065673828,89828400,221.07919952392575,218.56474559550065,218.05233248756045,-3.6647843714074497,-1.6880406731182545,-1.9767436982891955,209.38834907238896,39.390120757643366,-9.662569847210008,-91.56587503008416,-74.93637318413637,6.309153266958324,245.02308365178956,223.0614990234375,201.09991439508548,320381700.0,1314443030.8960586,8491464.260143042,-0.06946445847254101,-1
2020-03-09,193.47999572753903,201.16000366210932,192.1100006103516,193.57000732421875,187.7296142578125,116424000,220.7121997070313,216.18429433156905,215.2436189923968,-5.163064725919156,-2.383045483678435,-2.780019242240721,204.13178954376795,31.082296459973893,-12.566056344968972,-156.87326072512855,-96.78129035665408,6.994928295183396,246.499627274553,221.27999954223637,196.06037180991967,203957700.0,1235583619.6996517,-10105251.007895231,0.05445054960647355,1
2020-03-10,201.1100006103516,204.3000030517578,193.67999267578125,204.1100006103516,197.9516448974609,100599200,220.51859985351564,215.03436159621495,213.60838099888392,-5.437295570863114,-2.993895501115371,-2.4434000697477427,202.65231456190116,40.87743379201163,-5.22820948234182,-108.2738935220096,-73.23817801059947,7.261718826065944,245.66246016916588,219.8869995117188,194.11153885427163,304556900.0,1332583182.2366316,14069158.190391302,-0.04355494274197558,-1
2020-03-11,199.3500061035156,200.75,192.72999572753903,195.22000122070312,189.32980346679688,89168800,220.15079986572263,213.14727965569003,211.25914306640624,-6.299359055154554,-3.654988211923208,-2.644370843231346,199.23832241111052,36.20355895973432,-9.8207663185626,-127.76726559065564,-92.57756309455576,7.555882115833558,245.3080591859717,218.0474998474121,190.7869405088525,215388100.0,1298783630.0015628,11925271.861223698,-0.09169139322075814,-1
2020-03-12,182.08999633789065,190.77999877929688,176.94000244140625,177.32000732421875,171.9699249267578,137820700,219.4529998779297,209.7351584812642,207.3803342546736,-8.33089709236566,-4.590169988011699,-3.7407271043539616,191.9116486552057,29.010886431982037,-13.771635941200682,-199.67216719239505,-99.19677678625568,8.321890448938081,246.6613552379468,215.2,183.7386447620532,77567400.0,1168531217.9799712,-31479837.449507717,0.08470555150727455,1
2020-03-13,187.07000732421875,194.47999572753903,178.1300048828125,192.33999633789065,186.5367431640625,134882000,219.04759979248047,208.07847637237143,205.2031910487584,-8.629443187752486,-5.398024627959856,-3.2314185597926297,189.94343285598933,39.815834437708105,-6.540333583222555,-121.76116198058791,-67.26887800720547,8.95318315996538,244.84450903317224,213.11849975585935,181.3924904785465,212449400.0,1268104648.0344834,-14692214.654779673,-0.11978784301138101,-1
2020-03-16,174.14999389648438,184.67999267578125,169.16000366210938,169.3000030517578,164.19189453125,92054400,218.11039978027344,204.3852884370749,201.03000088646297,-10.6029537732,-6.439010457007885,-4.163943316192114,182.50733826231152,31.8161041585641,-21.77247736616462,-171.88775595258437,-99.72613575308938,9.969383839666518,245.2806356161701,209.85149993896485,174.42236426175964,120395000.0,1177711017.2274384,-35250504.708743334,0.07584167812427767,1
2020-03-17,175.47000122070312,184.38999938964844,169.77999877929688,182.13999938964844,176.6444854736328,121257100,217.4695999145508,202.26668948017715,198.39081035795667,-11.00404693116107,-7.352017751838522,-3.652029179322549,179.91860093594718,39.15320465359481,-13.051363803468124,-118.79050299731672,-74.27156290840703,10.335141875253957,242.68133062455087,207.2220001220703,171.76266961958976,241652100.0,1261619936.036167,-13757830.590883732,-0.030416126631697238,-1
2020-03-18,171.61000061035156,179.22000122070312,166.8000030517578,176.60000610351562,171.2716827392578,114156300,216.69040008544923,199.8222434443046,195.4744299752372,-11.634828249469791,-8.208579851364776,-3.426248398105015,176.54790061984002,37.28875949589957,-19.072493302341204,-119.57823407278204,-81.44290190340473,10.692631479728004,239.29345990343265,204.20300064086916,169.11254137830562,127495800.0,1327613757.3420832,17283372.926567078,0.006002250973719869,0
2020-03-19,175.69000244140625,183.4900054931641,171.6300048828125,177.66000366210938,172.29965209960938,120896500,215.93300018310543,197.7115539412384,192.9465255010696,-11.91188129190968,-8.949240139473758,-2.9626411524359213,174.2546387623584,37.898110349557,-16.035726292843286,-85.52645107265148,-79.43571082671956,10.77601498905826,235.29739068435015,201.34700088500975,167.39661108566938,248392300.0,1329652452.9414794,29059507.24473524,-0.03917599105257474,-1
2020-03-20,181.7400054931641,182.8699951171875,170.10000610351562,170.6999969482422,165.54966735839844,118983900,215.00400024414063,195.13902470381015,190.02776322137743,-12.548411917241909,-9.669074495027388,-2.879337422214519,170.7676302540458,35.46159173007253,-17.94058578872907,-85.9760885860066,-92.61504624733745,10.918441705102088,232.09805513890944,198.36850051879884,164.63894589868826,129408400.0,1221849337.9199834,-3065747.790557146,-0.0014059182112801105,0
2020-03-23,170.9199981689453,174.2100067138672,164.92999267578125,170.4600067138672,165.66921997070312,124639800,214.0334002685547,192.78864203810133,187.36981143043155,-12.923260922540749,-10.31991178053006,-2.603349142010688,168.05088442392474,35.37713322107685,-11.93883336050281,-96.09873295644611,-89.64417024348052,10.801411157458077,229.90312669639317,195.82200088500977,161.7408750736264,4768600.0,1245756693.3176897,-8322307.424764633,0.0774375010462105,1
2020-03-24,179.91000366210938,183.8300018310547,177.9499969482422,183.66000366210932,178.4982147216797,94881800,213.33800048828124,191.91924790705448,186.2115259806315,-12.016681202359052,-10.65926566489586,-1.3574155374631918,169.45570950637014,43.36668011467105,-10.019105818965496,-28.09753837206726,-63.58155143558102,10.984881440295892,227.47241442714173,194.23650131225585,161.00058819736998,99650400.0,1335152194.381651,18727878.283843994,-0.007404990652475352,0
2020-03-25,184.4199981689453,189.509994506836,179.97999572753906,182.3000030517578,177.17640686035156,88754900,212.5650006103516,191.0031293494072,185.07471662248884,-11.277945787061183,-10.783001689328923,-0.4949440977322599,170.44956770263954,42.77983300390584,-6.618173388052998,-4.81641159853308,-60.71910923456922,10.880961250224535,224.5038146455852,192.5275016784668,160.5511887113484,10895500.0,1289610734.97676,13600864.600914478,0.05266039870553918,1
2020-03-26,183.8699951171875,192.72000122070312,183.6100006103516,191.8999938964844,186.50665283203125,79887600,212.00140045166012,191.08854502055735,185.01495397658576,-9.80482964458966,-10.587367280381072,0.7825376357914138,173.93196605734198,48.1169942224774,8.222414826324162,52.23983837498359,-31.496077945765155,10.848035315847447,223.24572306231184,191.8405014038086,160.43527974530534,90783100.0,1355116685.6407945,31109810.16000748,-0.03439286636083372,-1
2020-03-27,186.92999267578125,190.509994506836,184.66000366210932,185.3000030517578,180.09214782714844,58845000,211.3040005493164,190.53725530924316,184.39204937162853,-9.06543786651082,-10.282981397607024,1.2175435310962044,175.22713160554235,45.008748560929696,-3.660181667969583,38.94104411580771,-48.26008380123194,10.590317810027994,221.66461053043548,190.81550140380855,159.96639227718168,31938100.0,1309147180.6914618,20817735.390302654,0.036373395161209965,1
2020-03-30,187.0599975585937,192.4900054931641,186.33999633789065,192.0399932861328,186.6426696777344,49356900,210.69920043945316,190.68037321180407,184.5086676461356,-7.845169442008739,-9.795419006487368,1.9502495644786288,178.16982234487148,48.65632509927079,13.431771898682724,89.94625065769216,-24.316038338658156,10.347438140840728,218.14305108571804,189.596501159668,161.04995123361792,81295000.0,1351280934.533321,28121014.17144203,-0.008539884643741225,0
2020-03-31,191.72000122070312,195.25,189.1999969482422,190.3999938964844,185.0487823486328,62659300,210.03960021972657,190.6536704198689,184.58519076392764,-6.930541203843632,-9.22244344595862,2.2919022421149897,180.267978396522,47.82506773307239,4.534970096911841,114.45495870575908,-15.99605848261636,10.04047849162052,215.7039773185205,188.6425010681152,161.58102481770996,18635700.0,1313478140.599759,16524101.587461948,-0.04248947792660662,-1
2020-04-01,184.7700042724609,187.66000366210932,180.8600006103516,182.3099975585937,177.18612670898438,53715400,209.2202001953125,189.85903490927123,183.98209519159224,-6.780327435040704,-8.734020243775038,1.9536928087343348,179.98121870984923,43.845712952313626,3.2332906329182887,20.40638232602405,-42.67809800649414,10.004729548371396,210.35194994484547,186.84700088500975,163.34205182517408,-35079700.0,1282670720.3405836,475358.03087234497,0.020295085282161507,1
2020-04-02,181.2400054931641,190.1000061035156,180.97000122070312,186.009994506836,180.7821350097656,56465300,208.46300018310544,189.49245963284883,183.9023802984329,-6.290213444408892,-8.24525888390181,1.9550454394929184,180.78921047606852,46.05643643281116,4.6999834924057495,47.27331381979943,-30.47494479258711,9.942249215117188,206.15042573581655,185.56800079345703,164.98557585109748,21385600.0,1288545963.7580829,-4263855.794061899,-0.01419278247197342,-1
2020-04-03,185.5500030517578,187.07000732421875,181.2899932861328,183.3699951171875,178.2163543701172,47487600,207.63860015869145,188.9093677742144,183.69304642450243,-6.045135899419648,-7.805234287005378,1.76009838758573,180.8418311708029,44.70409619824517,7.422377501733039,20.43511011889642,-39.18206468678223,9.6449467024721,202.1598584094264,184.33550033569333,166.5111422619603,-26102000.0,1275236237.4800303,-10049914.738728046,0.07149479718300289,1
2020-04-06,190.47999572753903,197.6499938964844,189.19000244140625,196.47999572753903,190.9578857421875,64763500,207.11420013427733,189.6303799602453,184.84966503324964,-4.738421125745703,-7.191871654753443,2.453450529007741,184.35360063914064,52.20870420244987,15.26457115383598,131.89656652480403,-3.575788891490228,9.976021850816728,202.6487071020235,184.4809997558594,166.31329240969526,38661500.0,1322086438.910678,3403572.0335445404,-0.00040717545192525684,0
2020-04-07,202.3699951171875,202.66000366210932,196.0,196.3999938964844,190.88015747070312,69904500,206.68019989013672,190.27510509703,185.9848073323568,-3.6670245559628256,-6.48690223499532,2.819877679032494,187.26134346717063,52.162180669318325,6.936725460276917,151.64728857266974,-16.591592745343565,9.7391634087662,200.8533064824372,184.095499420166,167.33769235789484,-31243000.0,1260578743.1034062,-10972774.955888988,0.02123224825522252,1
2020-04-08,198.1499938964844,201.1699981689453,196.1699981689453,200.57000732421875,194.93295288085932,45940400,206.26260009765625,191.2555719758099,187.5538080851237,-2.4531711916018537,-5.680156026316626,3.2269848347147727,190.7557960878399,54.44108131803954,10.02194402995912,135.5720466283309,-5.539347281525919,9.400651736711472,201.97177157227475,184.3629997253418,166.75422787840887,14697400.0,1295493615.3421755,-4747205.288695335,0.0014458457174211237,0
2020-04-09,202.3500061035156,203.22000122070312,199.02999877929688,200.8600006103516,195.2147979736328,68252600,205.8436001586914,192.17027946481383,189.1249510265532,-1.4510567415237858,-4.834336169358058,3.383279427834272,193.7041284329388,54.60304435838399,4.669102135928382,130.9385491695309,-6.163489380219856,9.028462501332529,204.22253113365403,185.53999938964844,166.85746764564286,82950000.0,1286860256.4862573,-4515795.034572363,0.010803535608639558,1
2020-04-13,200.0,203.4199981689453,198.75,203.02999877929688,197.32383728027344,42853900,205.45220001220704,193.2045384471456,190.7906652541388,-0.4762828114154445,-3.962725497769535,3.4864426863540907,196.6740363873545,55.86736853860953,9.56826521076027,122.7573863510683,-1.53121072224931,8.717143620447725,206.0701554118028,186.0744995117188,166.07884361163474,125803900.0,1322556554.174893,7347312.518914223,0.04349111896835178,1
2020-04-14,207.22999572753903,212.5,206.4199981689453,211.8600006103516,205.90565490722656,63959600,205.3079998779297,194.9812491293557,193.24642726353235,0.9972442919890624,-2.970731539817816,3.967975831806878,201.37241695708764,60.667660010819446,10.32077068170257,169.58773543793373,-1.9680175447897572,8.77091916332311,209.61311330044435,188.20249938964844,166.79188547885255,189763500.0,1373050992.1240928,27598876.54563904,-0.011469875991549583,-1
2020-04-15,208.47999572753903,211.8300018310547,207.1199951171875,209.42999267578125,203.5439453125,47036000,205.04899963378907,196.35731994330095,195.2680932907831,1.946505699682291,-1.9872840919177943,3.9337897916000855,204.5448298665604,58.77305943572338,9.99474757842848,132.6609016690039,-9.702931047537122,8.482996758311751,212.6697578436356,189.56699905395507,166.46424026427457,142727500.0,1372152100.5261338,33088607.543981552,0.01824002033048111,1
2020-04-16,211.69000244140625,214.3699951171875,209.69000244140625,213.25,207.25656127929688,64657400,204.764599609375,197.96614661536756,197.52361719040644,2.9727765526595533,-0.9952719630023252,3.968048515661879,208.0695626608365,60.84324058905723,16.97109475933281,129.17192400370286,-3.342271861486057,8.229925735675645,215.8709835565053,191.3994987487793,166.92801394105328,207384900.0,1405862455.388739,43052373.35922504,0.009566205327703692,0
2020-04-17,216.1699981689453,216.509994506836,212.0800018310547,215.2899932861328,209.2392578125,62863200,204.5059994506836,199.61603677448804,199.7989023844401,3.905691624938328,-0.0150792454141945,3.9207708703525226,211.40555737695323,61.94229468279999,15.74108899735535,125.65428958488845,-3.4221638978273794,7.95850194568319,218.9926650041176,193.28099822998047,167.56933145584333,270248100.0,1434101137.3137608,52199642.408947706,-0.011844432497982615,-1
2020-04-20,213.3600006103516,215.8800048828125,212.57000732421875,212.7400054931641,206.7609405517578,38249100,204.15699951171877,200.8659385572191,201.65214117141,4.388680856202626,0.8656727749091696,3.5230080812934563,213.381605016048,59.6870859303814,16.01680272566234,101.3058735515347,-10.575006056434844,7.626465918033944,220.22583372241695,195.38299865722652,170.54016359203612,231999000.0,1399780908.4677138,40276212.16836929,-0.036899529476452364,-1
2020-04-21,210.6000061035156,211.16000366210932,203.6300048828125,204.88999938964844,199.13153076171875,72932800,203.67079956054687,201.2491824460219,202.55756981259304,4.0908664524260985,1.5107115104125557,2.580154942013543,212.8598880356224,53.25863852683417,4.280335833156088,41.74789347473067,-32.59466229062507,7.732432681770918,219.44633611209065,197.10449829101563,174.7626604699406,159066200.0,1351255795.656408,16297162.796501877,0.02967446849122224,1
2020-04-22,209.1000061035156,212.3500061035156,208.3300018310547,210.97000122070312,205.0406646728516,40089100,203.25079956054688,202.17497471027727,203.87809390113463,4.295930909466762,2.0677553902233967,2.228175519243365,213.9075994313258,57.11151286669862,7.418537564669205,62.22041063008199,-15.588053834254556,7.712973684063507,220.69608429966152,198.46999816894527,176.24391203822913,199155300.0,1363820967.820535,9004000.760550737,-0.002132990214904762,0
2020-04-23,211.7899932861328,214.44000244140625,210.1000061035156,210.5200042724609,204.6033172607422,43278500,202.82099975585936,202.96973943048525,205.0257135300409,4.371740275556618,2.5285523672900414,1.843187908266577,214.5497144466228,56.73873196534145,4.960859841899553,63.17486416170952,-17.007353852259378,7.472046730765445,221.3933667886035,199.8809982299805,178.36862967135744,155876800.0,1328918922.2410166,-5903307.37132597,0.015770435103796165,1
2020-04-24,210.97000122070312,214.3000030517578,209.5,213.83999633789065,207.8300018310547,34231900,202.412399597168,204.0050019930953,206.35514192127047,4.64615734793415,2.9520733634188634,1.6940839845152862,215.83793160346428,58.87169328462594,6.4622103395882,65.73195129793453,-9.77305616542944,7.281186467979185,222.98253887285733,200.9779983520508,178.97345783124422,190108700.0,1356589616.4840066,-2660775.496021748,0.00804340277852078,0
2020-04-27,216.19000244140625,216.6300048828125,214.5,215.5599975585937,209.5016632080078,36451700,202.04419952392576,205.105477761238,207.74390375046505,4.94541689121553,3.350742068978197,1.5946748222373328,217.2397382189087,59.97276527624369,6.171501184373026,95.0008834702027,-5.186655700262266,6.960388044903661,224.13378356588757,202.4909980773926,180.84821258889764,226560400.0,1356418315.0111418,-1146901.5160341265,-0.01883465209026136,-1
2020-04-28,217.32000732421875,217.32000732421875,211.2100067138672,211.5,205.55577087402344,46862800,201.5813995361328,205.71447987921533,208.6019039335705,4.7996470199816486,3.640523059178888,1.159123960802761,217.2331881806705,56.15141134956297,-0.1699238220119221,61.298248073339,-27.517753214625053,6.899646085292797,224.8885396680789,203.46399841308596,182.039457158093,179697600.0,1314003926.1443129,-13918813.02584505,0.03546099290780136,1
2020-04-29,216.19000244140625,219.97000122070312,215.13999938964844,219.0,212.844970703125,48716400,201.26679962158204,206.97976750976625,210.0815231323242,5.229033622063554,3.958225171755821,1.270808450307733,219.07360032015447,61.08436953428267,4.569549567350693,132.68795120244636,-4.57116477334012,7.011814309250678,226.4571893623999,204.8939987182617,183.33080807412352,228414000.0,1343153059.2482903,-8603615.10806179,-0.00041094218214920986,0
2020-04-30,219.9499969482422,220.0399932861328,217.3500061035156,218.91000366210932,212.75750732421875,43359500,200.90539978027343,208.1159804766561,211.416380746024,5.498678304751138,4.266315798354884,1.232362506396254,220.45749764546096,60.995694930636986,2.654163499230643,139.6164635310228,-5.307609113993861,6.703112371634002,226.44347780785,206.7239990234375,187.004520239025,185054500.0,1350084292.6606588,-3441676.682482004,-0.02818509006316905,-1
2020-05-01,214.5,216.6699981689453,211.67999267578125,212.7400054931641,206.7609405517578,48795000,200.4645999145508,208.5563638115616,211.9893337431408,5.155081797029226,4.444068998089753,0.711012798939473,219.88743553172012,55.091033986940346,-1.184443249798257,20.41048548943108,-44.48502712830486,6.740747986969294,225.47134041406903,208.0604995727539,190.6496587314388,136259500.0,1322020061.5926983,-9946622.967961311,0.011657401821486335,1
2020-05-04,211.4600067138672,215.4499969482422,211.1199951171875,215.22000122070312,209.17120361328125,32841000,200.1635998535156,209.19099594576556,212.6711910429455,5.024969300047587,4.56024905848132,0.4647202415662672,219.96485351706067,56.89717676655327,1.1657401821486382,20.991310528437324,-29.372306347604948,6.568551832975393,223.11853516728968,209.6529998779297,196.1874645885697,169100500.0,1351372245.660133,-2364167.611658812,0.01133724759579402,1
2020-05-05,217.44000244140625,220.13999938964844,216.8500061035156,217.66000366210932,211.54263305664065,37783100,200.08899993896483,209.99756810922685,213.433762831915,5.060408771526852,4.660281001090427,0.4001277704364252,220.5685701370084,58.658850904638086,6.232614725219275,126.76873223437008,-15.02117839295617,6.450797999830387,223.15995301873016,210.7120002746582,198.26404753058625,206883600.0,1332193571.927565,-5149635.00701952,0.006156373772605805,0
2020-05-06,219.3999938964844,221.0399932861328,218.1100006103516,219.0,212.844970703125,36455200,200.16160003662108,210.8549425750148,214.2230961390904,5.13740055794176,4.755704912460693,0.3816956454810665,221.32105714851104,59.63457586626072,3.80622777306448,126.71406956880206,-11.717373032504486,6.231454544415607,222.9151847350595,211.842000579834,200.76881642460845,243338800.0,1317885257.152021,-10373641.36942935,0.01287674577268838,1
2020-05-07,221.82000732421875,222.72999572753903,220.4199981689453,221.82000732421875,215.5857391357422,38624800,200.2684002685547,211.89923445589133,215.1733824956985,5.364133732045644,4.877390676377684,0.4867430556679606,222.5805613556378,61.68410974025123,5.367662370523734,140.74948317553964,-4.764339473866974,6.052778914638709,223.51583130047456,212.904500579834,202.2931698591934,281963600.0,1326078752.192579,-8960655.425744057,0.013704774978613665,1
2020-05-08,223.5500030517578,225.0,222.47999572753903,224.8600006103516,218.5402984619141,31852300,200.65280029296875,213.1335931372685,216.312001546224,5.723150541054508,5.046542649313049,0.6766078917414591,224.31174589196087,63.81694765509698,5.153387795166308,149.1039732240962,-0.6551212991892985,5.847579897577462,224.42017505878997,214.104500579834,203.78882610087803,313815900.0,1354391929.177884,1440727.4488830566,0.008938870859112491,0
2020-05-11,223.4900054931641,227.92999267578125,223.25,226.8699951171875,220.49375915527344,35714100,201.07420013427733,214.4418218972608,217.5277629307338,6.099551870127499,5.25714449347594,0.8424073766515594,226.15895064346452,65.19641016790972,5.246797961908254,153.96261747271078,-5.408153335331511,5.764180810306304,225.72685695019783,215.2965003967285,204.8661438432592,349530000.0,1373927859.0695071,11780841.095030308,-0.02093710099277979,-1
2020-05-12,227.4900054931641,228.1000061035156,222.08999633789065,222.1199951171875,215.87730407714844,41054100,201.1882000732422,215.1730764896348,218.17761957077752,5.94602525478436,5.394920645737623,0.5511046090467362,226.3435252889917,59.430141311075865,5.021274287086288,107.32405942324188,-32.15058615060246,5.781740021400493,226.51883123299277,215.80950012207032,205.1001690111479,308475900.0,1333283599.629892,2007637.6653921604,-0.012515752027772886,-1
2020-05-13,222.66000366210932,224.6100006103516,216.7100067138672,219.33999633789065,213.1754302978516,65521200,201.3854000854492,215.5699259989925,218.5138573056176,5.536213613591173,5.423179239308333,0.1130343742828392,225.67825814394752,56.29212958440411,0.1552494693564627,32.00257424982293,-47.09681124227808,5.933043869620772,226.70023713615157,216.30500030517575,205.9097634742,242954700.0,1311387769.0697978,-9139858.703616142,0.011352263767380633,1
2020-05-14,217.97000122070312,221.8699951171875,215.9900054931641,221.8300018310547,215.5954742431641,51549300,201.45760009765624,216.16612369728412,219.04004792712985,5.350678280332176,5.408679047513102,-0.0580007671809266,225.69107140715175,58.41036066827613,1.3338806450583225,17.65647321419146,-36.92579632315531,5.929254280649531,227.29635370729025,216.7340003967285,206.1716470861668,294504000.0,1362235834.5314162,3309628.0380876064,0.00649146837452097,0
2020-05-15,218.77999877929688,223.3300018310547,218.3300018310547,223.2700042724609,216.99497985839844,55747200,201.69120025634768,216.84268375206287,219.6625244867234,5.259211438713464,5.378785525753175,-0.1195740870397106,225.9935483135387,59.62887910385732,4.949703162264502,47.28119702644226,-28.44522206106751,5.862878974888851,228.0441576092656,217.1330009460449,206.22184428282424,350251200.0,1416645156.1720405,25413781.49642992,0.018632097118804314,1
2020-05-18,226.27999877929688,228.67999267578125,225.47000122070312,227.42999267578125,221.03805541992188,42398100,202.07940002441407,217.8509988876551,220.6431903657459,5.459466276585175,5.394921675919575,0.0645446006656005,227.2426699540845,63.00133713609143,5.673260563992406,143.6014608497775,-7.11845201475132,5.830529648348243,229.45375545607493,217.86750030517575,206.28124515427663,392649300.0,1426022841.1699014,35129854.819941044,-0.002506230856904712,0
2020-05-19,227.6999969482422,229.8500061035156,226.7100067138672,226.8600006103516,220.48406982421875,36237300,202.74519989013672,218.70899905172143,221.49961896623884,5.508675500164486,5.417672440768557,0.0910030593959287,228.04044576625816,62.23421182312278,4.22677423203765,127.55568542852576,-15.963714572012533,5.638348915583969,229.54448821800608,218.96600036621092,208.38751251441585,356412000.0,1393247563.3874805,25482491.446976423,0.019968256929865147,1
2020-05-20,229.5,231.759994506836,229.47999572753903,231.38999938964844,224.88674926757807,37417000,203.29079986572265,219.91671336961923,222.682856968471,5.845820230375239,5.503301998689894,0.3425182316853448,229.79083578768208,65.79852117048993,5.657533967875999,148.17402957302684,-1.7926120548874214,5.58560927136257,231.20388896351776,219.9870002746582,208.77011158579865,393829000.0,1418520603.1138923,27260674.393987417,-0.010890722499278693,-1
2020-05-21,231.44000244140625,232.13999938964844,228.33999633789065,228.8699951171875,222.4375762939453,43642900,203.96379974365237,220.76940686938764,223.52885647728328,5.842319946208704,5.571105588193657,0.2712143580150474,230.49043804391863,62.27729091766191,3.178247029207008,111.7770690619629,-15.556629913463372,5.458065969962227,231.87300413752132,220.9044998168945,209.9359954962677,350186100.0,1387051737.402773,15497048.837500572,0.003451778572011177,0
2020-05-22,228.4499969482422,229.8699951171875,227.5,229.66000366210932,223.2053985595703,28762400,205.01059967041016,221.6161303734564,224.36271398635137,5.836019038308933,5.624088278216712,0.2119307600922209,231.18685563562087,62.94674357310506,2.1346629185843664,88.26982466421336,-15.356016500284596,5.237489480478318,232.79305344271955,221.69550018310548,210.59794692349143,378948500.0,1410717200.1274695,16805753.900659323,-0.0026996880871286155,0
2020-05-26,233.3600006103516,233.57000732421875,228.7899932861328,229.0399932861328,222.602767944336,33055300,205.744599609375,222.3231649365684,225.06218951997303,5.715115572915721,5.642293737156514,0.0728218357592069,231.51626789173645,62.0165434278175,0.956494122470634,98.88084259731087,-25.76799525745085,5.204812663164576,233.53184841409,222.36949996948243,211.2071515248749,345893200.0,1381119557.336907,6395905.63853097,0.00545756215788229,0
2020-05-27,228.69000244140625,230.41000366210932,223.94000244140625,230.2899932861328,223.8176727294922,55665600,206.9643994140625,223.0819104936698,225.81652221679687,5.654976213158477,5.644830232356907,0.0101459808015702,232.0325499662613,63.19734790292924,3.678191224808434,49.08330809351881,-18.657643324540896,5.295183274417328,233.7963740087416,223.30899963378903,212.8216252588365,401558800.0,1434720103.758993,18610604.69845772,-0.0013026523154047176,0
2020-05-28,229.1100006103516,233.47000122070312,229.0500030517578,229.9900054931641,223.526107788086,42784300,207.9213995361328,223.73982430314544,226.4528084891183,5.519483657634225,5.61976091741237,-0.1002772597781449,232.30241009744628,62.69363254329714,4.855479772538715,90.53592908524064,-20.36405835140853,5.232670052597898,234.5351516009404,223.85849990844727,213.1818482159541,358774500.0,1410133705.6207736,14092709.024588823,0.01465278941126713,1
2020-05-29,230.3800048828125,233.6000061035156,228.759994506836,233.3600006103516,226.8013610839844,50691800,209.05659942626957,224.6560315704984,227.3577133178711,5.619259942197061,5.619660722369309,-0.0004007801722476,233.3251163029097,65.97458642159384,5.197673301232774,99.11813192649286,-1.3628931564200308,5.204623020032308,235.7640694302569,224.58099975585935,213.39793008146185,409466300.0,1455798116.6505828,25492908.93798304,0.002999644096723042,0
2020-06-01,232.4600067138672,234.4499969482422,232.0,234.0599975585937,227.48171997070312,25776000,210.1845993041992,225.5516473788884,228.2604750133696,5.689235306974183,5.633575639290284,0.0556596676838987,234.2727415105645,66.63105092738212,4.832710655106884,113.2259707198823,-2.112673727924086,5.007864014904443,236.15623708452011,225.6469993591309,215.1377616337416,435242300.0,1473367882.5368698,33429469.962919,0.006707713153016659,0
2020-06-02,234.5,235.69000244140625,232.009994506836,235.6300048828125,229.0075836181641,33383400,211.48319946289064,226.5114909506907,229.21123744419643,5.804467469834407,5.667754005399109,0.1367134644352976,235.3839173216412,68.11684735605124,3.605510474038924,116.81993045366868,-0.3045561821729325,4.913017152023431,236.88836138922807,226.66749954223636,216.4466376952446,468625700.0,1505662740.048283,43912838.6846683,0.0044985678250990535,0
2020-06-03,236.259994506836,237.47000122070312,235.3500061035156,236.69000244140625,230.037841796875,37228700,212.8077993774414,227.4808729974255,230.16576152983168,5.913159511281265,5.716835106575541,0.1963244047057237,236.4958493220528,69.11668294417434,4.33306964850908,144.4058489784283,-3.631279955502298,4.7135155781065805,237.8516787406408,227.6189994812012,217.38632022176157,505854400.0,1515496716.0516226,47338405.64602208,-0.007013408445590397,0
2020-06-04,236.3300018310547,237.7899932861328,233.67999267578125,235.02999877929688,228.42449951171875,38716100,213.83519927978517,228.1998373576037,230.8715709867932,5.7985087158786826,5.73316982843617,0.0653388874425129,236.90170643500147,65.64486490045448,1.5731014301611508,117.12279092309193,-14.182917362564984,4.670407366124079,238.33338335602505,228.420499420166,218.507615484307,467138300.0,1502214661.5710711,40210174.28221655,0.0198272717794008,1
2020-06-05,236.22000122070312,240.3000030517578,235.6300048828125,239.69000244140625,232.95347595214844,47365600,214.98299926757807,229.29413879415637,231.94485698881604,6.014340906590519,5.78940404406704,0.2249368625234789,238.3695625907646,70.17414216562854,4.727577906697039,159.4027383256484,-3.728609948618178,4.713235716576712,239.88560932577772,229.3139991760254,218.74238902627303,514503900.0,1537206361.6831431,44772332.00702667,0.007760025830890749,0
2020-06-08,239.5399932861328,241.67999267578125,237.91000366210932,241.5500030517578,234.76119995117188,32937300,215.9759994506836,230.46136396154697,233.11019069126675,6.263276820861819,5.884178599425996,0.3790982214358225,239.98022777737165,71.77370963617895,5.1772181485905575,158.04886581644294,-0.7327491295432309,4.645860952083512,241.7652852937225,230.1484992980957,218.5317133024689,547441200.0,1567872298.4362898,52325800.76981163,0.007244876745561513,0
2020-06-09,240.66000366210932,244.17999267578125,240.47000122070312,243.3000030517578,236.4620361328125,35046300,217.1359994506836,231.684091493948,234.36271485828215,6.526536846905003,6.012650248921798,0.5138865979832055,241.6758413538601,73.22847316930633,6.225991173432491,162.93148922731552,-4.347776920014956,4.579013130868841,243.8032750960834,230.96999969482425,218.13672429356504,582487500.0,1586293018.1707616,56520103.29102731,0.012001636384378234,1
2020-06-10,245.0500030517578,247.82000732421875,244.509994506836,246.22000122070312,239.2999725341797,58084400,218.219599609375,233.06846384887703,235.81509595598493,6.891352540650672,6.188390707267573,0.7029618333830996,243.74061863810556,75.49768449623191,6.917368708581901,172.54652648904383,-6.700191693290735,4.5747982124111335,245.9493547103193,232.175,218.40064528968068,640571900.0,1588223318.68753,53711949.642220974,-0.04954917101680367,-1
2020-06-11,242.16000366210932,243.58999633789065,233.9600067138672,234.0200042724609,227.4428253173828,72919400,219.0919998168945,233.15908674636125,235.99081064860027,6.125423740270833,6.175797313868225,-0.0503735735973922,242.18111482845924,54.65361468243141,1.7522495252153905,28.8370655558751,-57.78894568690107,5.123740804870049,245.3713904447055,232.9090003967285,220.44661034875156,567652500.0,1516212535.6528497,24767733.12556386,0.007948041092188163,0
2020-06-12,239.08999633789065,240.3999938964844,231.7400054931641,235.8800048828125,229.2505798339844,72034800,220.1633999633789,233.41822180697565,236.27376345679875,5.603907791622135,6.061419409419007,-0.4575116177968725,241.3058486656742,56.62003404510837,1.0798784135541026,2.244074714876706,-50.0,5.376329919045068,245.03750910602596,233.6115005493164,222.1854919926069,639687300.0,1513051737.3591576,9669596.627523422,0.012167182710604685,1
2020-06-15,232.44000244140625,239.4499969482422,231.47000122070312,238.75,232.03990173339844,45307400,221.2182000732422,233.9260102063113,236.76314435686385,5.3603959575376905,5.921214719042744,-0.5608187615050539,241.26432713450995,59.53582830835008,2.0037607836991453,4.734534030291531,-37.98159744408945,5.562306048223211,244.9708154057726,234.38550033569337,223.8001852656141,684994700.0,1550410501.0902586,14500911.372082472,0.017172800433573165,1
2020-06-16,243.77999877929688,244.38999938964844,239.1000061035156,242.8500061035156,236.02468872070312,48890100,222.40780029296877,234.77591457747363,237.5692877633231,5.435589213079197,5.824089617850035,-0.3885004047708378,242.2313515626785,63.328018225637074,3.064126414755145,96.13423919784807,-26.07553976128756,5.567855572610727,245.84878239175256,235.15650100708007,224.4642196224076,733884800.0,1570835375.6406424,21657917.36342573,0.0031706361717926956,0
2020-06-17,244.3999938964844,245.5,242.72999572753903,243.6199951171875,236.7730255126953,34749300,223.3506002807617,235.6182079622083,238.37533482142857,5.493980896282636,5.758067873536556,-0.2640869772539194,243.1620136754348,64.0101744939826,2.927877225189012,109.34911386813096,-22.03572603687248,5.368009051171458,246.58108043476705,235.99450073242187,225.40792103007672,768634100.0,1558415900.9757018,18665230.842546463,0.0027091522672098023,0
2020-06-18,243.2899932861328,244.52999877929688,242.4900054931641,244.27999877929688,237.4144897460937,30578600,224.308200378418,236.44314042097864,239.1644298735119,5.52976976190908,5.712408251211061,-0.182638489301981,244.03351922456787,64.61772412095185,3.935667807532153,89.0725295607588,-21.65142032675261,5.13029363938298,247.5890581449176,236.6390007019043,225.68894325889104,799212700.0,1581499721.407587,23088962.78119135,-0.00016371903689471612,0
2020-06-19,246.72999572753903,247.0,242.4499969482422,244.2400054931641,237.3756103515625,49422100,225.18160034179687,237.185698999282,239.88833509172716,5.491601804609672,5.668246961890783,-0.1766451572811105,244.67447838038825,64.54661898937483,1.8982865390349848,89.41338001593263,-21.896027490074623,5.0888443116954685,248.22530834728823,237.40750122070312,226.589694094118,749790600.0,1570963740.9559278,19447317.26863718,0.010235833376076364,1
2020-06-22,243.67999267578125,246.8699951171875,243.3800048828125,246.7400054931641,240.22238159179688,24068700,226.0992004394531,238.09563295108032,240.77714502243768,5.598545977043386,5.654306764921303,-0.0557607878779169,245.7857502024606,66.99178802747215,2.148624456980113,96.40489045035496,-6.605513320404411,4.974640449029721,249.19411627472147,238.26150131225583,227.32888634979025,773859300.0,1593239495.3866732,23277355.30795336,0.008510945926783364,0
2020-06-23,248.38999938964844,251.1499938964844,247.82000732421875,248.83999633789065,242.26687622070312,32767400,227.015400390625,239.1189056545861,241.7846207391648,5.78605368975974,5.680656149888991,0.1053975398707489,247.1778152951487,68.93022386366813,2.2770214618346323,141.0166733410992,-11.737796840933246,4.9343081600504775,250.2503804102336,239.25150146484376,228.25262251945395,806626700.0,1580545682.6407225,18689125.422329903,-0.020615615252853603,-1
2020-06-24,248.0599975585937,249.3300018310547,242.16000366210932,243.7100067138672,237.27243041992188,46032400,227.65240051269527,239.5561533745176,242.20924028669089,5.457793566583945,5.636083633227981,-0.1782900666440365,246.9221010857138,59.70597532050503,-1.0194112965607798,56.8549842725136,-37.8048269894585,5.094000303542968,250.2708497577123,239.9225021362305,229.5741545147486,760594300.0,1554415759.2658265,6799044.3568964,0.009519478074421217,0
2020-06-25,243.8000030517578,246.33999633789065,241.13999938964844,246.02999877929688,239.5311279296875,36940800,228.38440063476563,240.17271007973468,242.79090663364957,5.32348322382714,5.573563551347814,-0.2500803275206742,247.25128181548493,62.17142416041963,5.132037555581432,39.35417874745099,-26.01624503391371,5.101571492450057,250.32892212583252,240.7245018005371,231.12008147524165,797535100.0,1586952111.3684592,11669301.012156963,-0.023614996494007445,-1
2020-06-26,245.77999877929688,245.9600067138672,239.67999267578125,240.22000122070312,233.8746337890625,52824600,228.92380065917968,240.1772139979221,242.74285895937965,4.694112258601876,5.397673292798627,-0.7035610341967509,245.95467920890312,53.36523679642444,1.8399170120616104,-19.724526892193545,-55.53860133917641,5.190745393240454,250.06628076556416,241.0675018310547,232.06872289654524,744710500.0,1543212120.163625,-1316436.7406070232,0.010906648505011107,1
2020-06-29,239.97000122070312,242.8500061035156,237.3500061035156,242.83999633789065,236.4253692626953,34377800,229.47480072021483,240.4308123160144,242.91166796003068,4.356523651222688,5.18944336448344,-0.8329197132607522,245.52046250779608,56.36664411571481,1.713087471367813,-36.83823971915178,-42.225613065498,5.212835008008994,249.93350970025008,241.50650177001955,233.07949383978897,779088300.0,1577464787.901552,4389468.162657976,0.019601424136911128,1
2020-06-30,242.7700042724609,248.16000366210932,242.5800018310547,247.6000061035156,241.05967712402344,38909200,230.17200073242188,241.1135926767288,243.49200170607796,4.422100038126729,5.035974699212098,-0.6138746610853696,246.35552238275608,61.24661119369541,1.9559398314263567,74.76443068007745,-18.03856257191354,5.239061209655112,250.4776459321336,242.1050018310547,233.73235772997583,817997500.0,1608564292.6123595,16219956.37991786,0.011672048943489388,1
2020-07-01,247.63999938964844,251.5200042724609,247.0800018310547,250.4900054931641,243.87332153320312,34689200,231.0840008544922,242.00658437353212,244.2905734834217,4.65362450865743,4.959504661101166,-0.305880152443736,247.74672599555333,63.88738840408983,2.819969835674588,140.43305613367895,-5.137150237024624,5.18198558335162,251.5353670793229,242.79500198364255,234.05463688796223,852686700.0,1627158981.797871,25501652.08419466,0.006786685739797127,0
2020-07-02,253.0200042724609,254.2700042724609,251.7100067138672,252.19000244140625,245.5284423828125,31956500,231.90840087890624,242.9764337133297,245.18533543178012,4.917597858834341,4.951123300647801,-0.0335254418134596,249.2817441070965,65.38177165126099,3.238088955967262,186.79211157104183,-9.122813827405608,5.081843668776278,252.5436419927971,243.65300216674805,234.762362340699,884643200.0,1607186074.0599885,20625361.31169105,0.024584686732265437,1
2020-07-06,255.4499969482422,258.92999267578125,255.42999267578125,258.3900146484375,251.564682006836,34589000,232.8658010864258,244.4443938023876,246.58886043003628,5.562961453307821,5.073490931179805,0.4894705221280162,252.0971489339668,70.22163431602048,5.79348543933334,218.46396451710152,-2.502216697566084,5.200282709176187,255.3509673298417,244.5880027770996,233.82503822435748,919232200.0,1631102331.209821,24365200.424096342,-0.006888924478358427,0
2020-07-07,258.1300048828125,260.8800048828125,256.29998779296875,256.6099853515625,249.8316192626953,36578200,233.7212008666992,245.6030215689757,247.7338111514137,5.863195989930233,5.23143194292989,0.6317640470003427,253.8827754491515,67.31198989370385,4.000153861823536,162.85885011491902,-18.14713027102669,5.155978022081012,257.1998846317405,245.34100189208985,233.4821191524392,882654000.0,1599475707.797995,13617099.845945358,0.013171758995199623,1
2020-07-08,257.9800109863281,260.0199890136719,256.5,259.989990234375,253.12237548828125,30426300,234.60980072021485,246.9732090609185,249.128952898298,6.301235449560437,5.445392644256,0.8558428053044373,256.1555497418258,69.8653387777628,4.4807884827904365,137.4337744713509,-3.7824678903961018,5.039121664337502,259.58941118637614,246.1755012512207,232.76159131606528,913080300.0,1629383397.1688282,17498314.423244476,0.008423410606816173,0
2020-07-09,261.9700012207031,262.8699951171875,257.6300048828125,262.17999267578125,255.25454711914065,40312900,235.6234005737305,248.42147416709588,250.6531901768276,6.747320856852269,5.705778286775254,1.0415425700770156,258.512002112975,71.42292264891081,7.578673609245407,132.35714796153508,-2.7037724860954797,5.053469419340181,262.0934915507678,246.9735008239746,231.8535100971814,953393200.0,1659079483.7107842,26944082.975194216,0.006827403291354228,0
2020-07-10,262.0299987792969,264.2300109863281,259.260009765625,263.9700012207031,256.9972839355469,32885300,236.52280059814453,249.90228626743945,252.27190450032552,7.162718129888361,5.997166255397875,1.165551874490486,260.8256107676775,72.66650755519599,7.2917947121966495,120.47620271935908,-0.967298059500188,5.04750740515182,264.0870721034564,248.47100067138672,232.85492923931704,986278500.0,1688523939.829342,37727489.51369715,-0.02057049153566992,-1
2020-07-13,266.9100036621094,269.7900085449219,257.69000244140625,258.5400085449219,251.710693359375,64108100,237.3154006958008,250.7249264843425,253.2308576311384,6.973383607505127,6.192409725819326,0.7809738816858012,261.22422941206577,63.62183869747693,7.626345529566111,97.01385398596253,-34.67940552815912,5.551257312177807,264.68038232465017,249.6040008544922,234.52761938433423,922170400.0,1633422823.1016824,21176937.81940269,0.007078156230306165,0
2020-07-14,255.92999267578125,260.7900085449219,252.759994506836,260.3699951171875,253.49234008789065,72230500,238.26800048828125,251.64350444937537,254.25619041806172,6.891557670006648,6.332239314656791,0.5593183553498573,261.93669403794263,65.19416882191466,7.2187444587609795,50.252938658745805,-29.038263621431515,5.728311364028386,265.59280044560785,250.68500061035155,235.77720077509525,994400900.0,1698097226.749154,33059300.75780487,0.002035560123040847,0
2020-07-15,261.8299865722656,262.69000244140625,257.489990234375,260.8999938964844,254.0083465576172,54523900,239.18160034179687,252.5250748729096,255.22904692150297,6.791191864673863,6.424029824660206,0.3671620400136568,262.57155370715174,65.6571369967529,5.371561981064077,64.2815230375826,-27.404482057283463,5.690575709957162,266.673131081182,251.5875,236.501868918818,1048924800.0,1715083427.598949,40319576.70683074,-0.0068225328514308625,0
2020-07-16,258.0199890136719,259.7799987792969,255.6199951171875,259.1199951171875,252.2753295898437,47594100,240.01080017089845,253.1531625152217,255.94642740885416,6.493170982208028,6.437858056169771,0.0553129260382565,262.5456827660564,62.64340914479629,3.445243097437244,36.44793303325466,-32.89153090233808,5.66124878633857,267.32328991377426,252.3625,237.40171008622573,1001330700.0,1747575483.0594633,49962654.813702345,0.001157835428374332,0
2020-07-17,259.5899963378906,260.3099975585937,257.1700134277344,259.4200134277344,252.56748962402344,35137900,240.8192004394531,253.75000545927057,256.61857154482885,6.209615671918442,6.3922095793195055,-0.1825939074010634,262.52228133394715,62.95208213965681,2.866890406572697,39.20521381327953,-31.96669031057557,5.481158453804338,267.8988568878347,253.11950073242187,238.34014457700903,1036468600.0,1762794700.614935,54207969.18746352,0.028370923485487864,1
2020-07-20,260.0799865722656,267.42999267578125,258.7900085449219,266.7799987792969,259.7330322265625,40610100,241.7184002685547,254.99095720403497,257.91957135881694,6.503813440654767,6.414530351586558,0.0892830890682088,264.33739497695615,69.59037410203358,3.247023358187696,124.63802481591809,-11.06214267889538,5.706788859308269,269.5730006375561,254.2465003967285,238.9200001559009,1077078700.0,1797294530.7959569,61993910.19910336,-0.010420566729204883,-1
2020-07-21,268.3999938964844,268.4100036621094,263.1300048828125,264.0,257.0264892578125,43243800,242.5012002563477,255.84896127984115,258.8484760829381,6.438426451536714,6.419309571576589,0.0191168799601246,265.0276045676544,64.86277736953578,2.87986246455413,137.0192140735462,-25.49540657505125,5.676303853593169,270.5910760522877,255.1095001220703,239.62792419185288,1033834900.0,1768301451.836329,50318187.28951955,0.0035226995294743713,0
2020-07-22,264.510009765625,265.8900146484375,262.54998779296875,264.92999267578125,257.93182373046875,29865500,243.26240020751956,256.7138214127878,259.7837610880534,6.38801239771405,6.413050136804081,-0.0250377390900311,265.75760387527725,65.70219330076185,1.9000740901420672,107.45173168014178,-26.880616022908438,5.509426925155712,271.67843436336096,255.91399993896485,240.1495655145687,1063700400.0,1780998505.3147566,45007346.088778734,-0.026120043413222938,-1
2020-07-23,264.510009765625,265.239990234375,256.54998779296875,258.010009765625,251.19468688964844,51363500,243.98020050048828,256.8372679225818,259.98338107154484,5.72369491658452,6.275179092760169,-0.5514841761756486,264.4854278083459,55.14545657402555,-1.590503862479301,-21.67440797733184,-69.17198513725295,5.736610890602178,271.3790391816477,256.6290000915527,241.8789610014577,1012336900.0,1746894341.9140668,27891827.59836721,-0.009495802931277275,0
2020-07-24,254.0399932861328,256.92999267578125,251.32000732421875,255.5599975585937,248.8094024658203,54054500,244.70460052490236,256.7156231260115,259.88157130650114,4.942548395861337,6.008652953380403,-1.0661045575190655,262.7402210725338,51.96210594146755,-3.185969475022985,-162.77325317637133,-77.04390928993365,5.804710287088184,271.0488221565983,257.1055000305176,243.16217790443685,958282400.0,1774547916.9842403,27153268.683857203,0.017843158562201422,1
2020-07-27,257.260009765625,260.5199890136719,256.45001220703125,260.1199951171875,253.24887084960932,36445700,245.470400390625,257.039849029933,260.16866607666014,4.6379741646884725,5.734517195642018,-1.096543030953545,262.4386759520828,56.94394836594536,0.6111187901469799,-42.67650748042535,-52.35523978685613,5.744373227658896,269.73018400545527,258.1004997253418,246.4708154452284,994728100.0,1803829911.5157893,33699650.23488188,-0.012724887054924805,-1
2020-07-28,259.3099975585937,259.8500061035156,256.510009765625,256.8099975585937,250.02638244628903,31302400,246.14120025634764,257.01795841361496,260.04576110839844,4.082447834569052,5.404103323427425,-1.3216554888583731,261.2870197608892,52.673750350375,-1.3672841054482952,-75.68163613021423,-70.27617828080497,5.591916950794867,268.1292963280122,258.7989997863769,249.46870324474173,963425700.0,1778150474.5017629,25143380.889030457,0.011525997754050943,1
2020-07-29,258.3999938964844,260.6600036621094,257.9100036621094,259.7699890136719,252.9081878662109,27556900,246.78800018310548,257.2800565660013,260.1382362729027,3.836807460270109,5.0906441507959626,-1.253836690525854,261.07310431435525,55.861371770449,-0.4331180181095921,-24.612907117795547,-54.250237514973776,5.467494747417782,267.19713440658245,259.4074989318848,251.61786345718716,990982600.0,1787870251.108652,22449983.17800784,0.005235461857254986,0
2020-07-30,257.739990234375,261.7099914550781,256.54998779296875,261.1300048828125,254.23220825195312,41774500,247.47340026855468,257.6467183104596,260.30228445870534,3.709121168425781,4.814339554321927,-1.105218385896146,261.21848478797807,57.2849577064265,0.775706160659647,-10.301955679650437,-46.88686025858152,5.445531098467181,266.59046818883377,259.9394989013672,253.2885296139006,1032757100.0,1820253808.524241,29611090.275912523,0.01784553124869981,1
2020-07-31,265.9100036621094,265.95001220703125,260.8500061035156,265.7900085449219,258.7691955566406,53686300,248.1614004516601,258.4222697613607,260.8594758533296,3.9385510476514014,4.639181852987822,-0.700630805336421,262.5167566890026,61.827906124654085,2.455475594585136,106.79247287611057,-15.330577405558875,5.420850741684927,266.7203634358096,260.61949920654297,254.51863497727635,1086443400.0,1870571483.2988,45858886.0373323,0.013506889734283822,1
2020-08-03,268.0,270.1499938964844,267.8699951171875,269.3800048828125,262.2643127441406,32081600,248.97160064697263,259.46586358245133,261.69380972726003,4.359801503655262,4.583305783121311,-0.2235042794660486,264.4798681773544,64.92298698665272,0.97458809334,171.88148378988615,-4.089163902038995,5.345074642390469,268.2660345186684,261.1689987182617,254.07196291785505,1118525000.0,1880984229.994735,51649868.61231661,0.003712228012004992,0
2020-08-04,268.8599853515625,270.4800109863281,268.0899963378906,270.3800048828125,263.2379455566406,24911300,249.78600067138672,260.5053056110572,262.57104840959823,4.719928766864484,4.610630379869946,0.1092983869945385,266.30931261506385,65.75590524919767,2.416668516216856,139.50585476084086,-0.5219524238056161,5.133998928536686,269.6858704774633,261.85749969482424,254.0291289121852,1143436300.0,1903810787.9215956,56586460.04132795,0.002477930682953433,0
2020-08-05,270.8800048828125,271.5199890136719,269.9599914550781,271.04998779296875,263.8902587890625,21612100,250.62620056152343,261.5095610569535,263.4465234665644,5.001737324697672,4.688851768835491,0.3128855558621808,267.9365427455366,66.33271981955151,2.3100423834145083,130.9620086875976,-2.3267408254559085,4.878713116397905,271.14336867863483,262.4104995727539,253.67763046687296,1165048400.0,1912400158.0769224,56194732.48977041,0.013244888460245408,1
2020-08-06,270.8500061035156,274.9800109863281,270.19000244140625,274.6400146484375,267.38543701171875,28048200,251.51320098876957,262.76008044661864,264.61123918805805,5.451911558482493,4.841463726764892,0.6104478317176012,270.1496658508165,69.31529337729161,6.445488257575399,141.63547087313995,-1.4370088134648795,4.872377075578188,273.2615045067509,263.0335006713867,252.8054968360225,1193096600.0,1936466617.6708288,58583378.13585186,-0.01154243103209951,-1
2020-08-07,274.0799865722656,274.8800048828125,269.25,271.4700012207031,264.2991638183594,44969400,252.34280090332032,263.58959671081715,265.4147154308501,5.489603558711337,4.971091693154181,0.5185118655571568,271.08235436257223,63.929696293273,6.225545396032344,102.3906530156932,-14.835203813793784,4.926493347523496,274.2763000854436,263.4085006713867,252.54070125732983,1148127200.0,1926961528.9715376,51210443.3016696,-0.0042730454816123364,0
2020-08-10,271.7699890136719,271.9800109863281,266.6700134277344,270.3099975585937,263.1698303222656,35088400,253.0818008422852,264.22963488679585,266.0720008486793,5.364038838737031,5.049681122270751,0.3143577164662794,271.48382660148434,62.03040171309407,3.917423740076369,64.17929856356311,-19.73800805117071,4.953886505457086,275.0201315478537,263.9970001220703,252.9738686962869,1113038800.0,1939979071.6835225,47680693.25043845,-0.018941197748624128,-1
2020-08-11,269.1099853515625,270.44000244140625,264.6300048828125,265.19000244140625,258.1849975585937,43104300,253.7044009399414,264.3210984634254,266.1856201171875,4.796100614722434,4.998965020761088,-0.2028644060386542,270.42396520088505,54.35464468886231,3.2631147394877327,24.98403390096245,-41.37788262729736,5.015037294966847,275.1435366772881,264.2380004882813,253.3324642992744,1069934500.0,1905184001.600216,30830937.45293379,0.025151713295187283,1
2020-08-12,267.4200134277344,272.8399963378906,267.3699951171875,271.8599853515625,264.6788024902344,38773400,254.4290005493164,265.03908769086706,266.9115234375,4.828556761222387,4.964883368853348,-0.136326607630961,271.23173974986787,61.10663753897041,4.654115890675239,63.94335522797773,-13.186919492164872,5.203248480789528,276.06074965881464,264.7860000610352,253.5112504632557,1108707900.0,1930064037.981401,29051418.252246857,0.002280680012410885,0
2020-08-13,272.6600036621094,274.8299865722656,271.510009765625,272.4800109863281,265.282470703125,31895700,255.14480072021485,265.74774705233955,267.644286382766,4.848419812550105,4.9415906575927,-0.0931708450425947,272.00351653843006,61.67417753527825,4.3464963394800895,85.06570150323167,-13.491636074974757,5.068729075493177,276.8887687433196,265.45400085449216,254.0192329656648,1140603600.0,1916806340.4356933,21464036.791763783,-0.001174424953450326,0
2020-08-14,273.1199951171875,273.3999938964844,270.7200012207031,272.1600036621094,264.970947265625,30799500,255.88740081787108,266.3584381580319,268.2829533168248,4.783201735019588,4.909912873078078,-0.1267111380584893,272.50136296062595,61.17798400220779,2.3966270034228505,66.55798915590428,-15.268040811268534,4.898105046942326,277.52966886553986,266.0910003662109,254.652331866882,1109804100.0,1919104957.1543612,17140209.987345695,0.011610830465862865,1
2020-08-17,273.92999267578125,275.8399963378906,272.20001220703125,275.32000732421875,268.0474548339844,24803000,256.60000091552735,267.211920935764,269.16190636044456,4.929675593361765,4.913865417134815,0.0158101762269495,273.6777920032422,64.23772861355923,2.2050643454365924,101.54498885771,-2.6956391048813866,4.811097020430821,278.6445744934604,266.518000793457,254.39142709345367,1134607100.0,1936821504.5532296,19450254.104510546,0.0096251410213124,0
2020-08-18,276.4200134277344,278.4599914550781,274.9100036621094,277.9700012207031,270.62744140625,23529500,257.3284008789062,268.2365000105201,270.25257306780134,5.199651199550431,4.9710225736179385,0.2286286259324921,275.276488195108,66.6140889625073,2.807158887795813,148.05944853157544,-2.2363767799015832,4.721017789897816,280.2573511917405,267.2165008544922,254.17565051724387,1158136600.0,1953855644.066322,24047020.7152884,-0.00672732708197088,0
2020-08-19,277.92999267578125,279.0199890136719,275.57000732421875,276.1000061035156,268.8068542480469,31999400,257.9844009399414,268.98540535271013,271.098621186756,5.202741865141377,5.0173664319226265,0.1853754332187502,276.0447093981341,63.41196110001809,1.8631317240287573,136.11447602745451,-16.070366849514773,4.6302294970089095,281.32320416277423,267.7750015258789,254.2267988889836,1126137200.0,1931687973.312932,16688073.569501638,0.013871736644691213,1
2020-08-20,275.2799987792969,280.42999267578125,274.8599853515625,279.92999267578125,272.5356750488281,27723400,258.65860076904295,270.02774700252644,272.25623939150853,5.451398815569803,5.104172908652062,0.3472259069177408,277.6090596791961,66.91938030425436,1.9261497761407311,150.33106706358382,-3.1645594069541483,4.697356484666756,282.6269698243705,268.8710006713867,255.11503151840287,1153860600.0,1954434108.7625864,19397904.328433275,0.006930312907388991,0
2020-08-21,280.1300048828125,282.3399963378906,279.4599914550781,281.8699951171875,274.4244384765625,34748900,259.6156005859375,271.1555801563037,273.4942388625372,5.738849341110836,5.231108195143817,0.5077411459670182,279.33258986443894,68.56328058895885,3.8309919511251103,170.79181462573416,-2.653876044465042,4.56754565596288,283.6275845148733,270.1865005493164,256.7454165837595,1188609500.0,1977841343.6733649,26190782.171568397,0.0062440479515859515,0
2020-08-24,285.25,286.0,281.2699890136719,283.6300048828125,276.1379699707031,36418500,260.5706005859375,272.3436206064474,274.77457260858444,6.039059513751397,5.3926984588653335,0.6463610548860634,281.1350380121079,70.01889694153807,4.927678385750974,167.4566279678548,-11.090293208730571,4.579150322417541,285.1827892932395,271.3620010375977,257.54121278195583,1225028000.0,1977764508.9163115,26564259.123645782,0.007862286889115833,0
2020-08-25,282.8299865722656,286.0599975585937,282.3699951171875,285.8599853515625,278.3089599609375,34866600,261.51280029296873,273.6308934393155,276.1553330194382,6.383335902771819,5.590825947646631,0.7925099551251877,283.1189041718694,71.80054179054027,7.794405037845755,145.6288392674835,-0.9333283965945238,4.515639759488159,286.3149196386107,272.8145004272461,259.3140812158815,1259894600.0,2008851303.4942763,34193365.32215333,0.021339139495209825,1
2020-08-26,287.1499938964844,292.2200012207031,285.8299865722656,291.9599914550781,284.24786376953125,42216700,262.495,275.3765218217691,277.978713117327,7.066933721199064,5.886047502357118,1.1808862188419456,286.24953194981555,76.0016906503286,7.393514009618886,171.72324501242073,-0.9424059446790034,4.649523680127397,288.95594694497856,274.4240005493164,259.89205415365427,1302111300.0,2047632407.528892,46545317.74872446,-0.003116877958428743,0
2020-08-27,292.9700012207031,293.8500061035156,288.7099914550781,291.04998779296875,283.3619384765625,49482700,263.44359985351565,276.86923286664523,279.5621404738653,7.449388315625356,6.1987156650107655,1.2506726506145904,288.49192427186864,74.22514682687806,6.815170308978146,147.8486311231643,-9.582540019070873,4.684558749292404,290.825167875089,275.91999969482424,261.0148315145595,1252628600.0,2043203795.779064,45957892.9347651,0.005085074895728514,0
2020-08-28,292.3299865722656,293.17999267578125,290.92999267578125,292.5299987792969,284.80279541015625,28021000,264.4085998535156,278.3607343821359,281.144045148577,7.782202468964158,6.515413025801444,1.2667894431627138,290.61822840144606,75.23889296298834,7.484566006428023,128.57379664980306,-4.517478675817066,4.510661695771518,293.0579117587488,277.25699920654296,261.4560866543371,1280649600.0,2055035036.691607,45304078.26170349,0.008033384997511384,0
2020-08-31,293.07000732421875,296.75,292.6199951171875,294.8800048828125,287.0907592773437,36321000,265.4213998413086,279.9339982393432,282.82242664155507,8.141733104835225,6.840677041608201,1.3010560632270245,292.86938387974493,76.7992492820586,7.104459188670499,129.70453356582766,-6.3648563866694925,4.489900233266633,295.6454732951204,278.531999206543,261.4185251179656,1316970600.0,2058464989.5482852,42009404.68969393,0.017091727012568336,1
2020-09-01,297.6199951171875,300.0400085449219,295.7900085449219,299.9200134277344,291.99761962890625,36216200,266.485,281.8374282572852,284.85938037690664,8.732685331909352,7.219078699668431,1.5136066322409203,295.91496274436423,79.74699586040327,7.896539954181365,138.4586423321026,-0.4092601883096458,4.537764763898258,299.0443168758638,280.0089996337891,260.9736823917144,1353186800.0,2092636122.6480095,47715180.15199375,0.009469179150243479,0
2020-09-02,303.2799987792969,303.5,296.8900146484375,302.760009765625,294.7626037597656,50836800,267.5634002685547,283.83005506760327,287.0261432466053,9.322716723871451,7.639806304509036,1.6829104193624156,299.03259068527154,81.19674336629822,9.65592288039066,132.15212890061474,-2.257444362207728,4.685780520159989,302.56488368892406,281.59450073242186,260.6241177759197,1404023600.0,2132090526.607455,58265291.35984993,-0.05070024312457411,-1
2020-09-03,298.1000061035156,298.6199951171875,284.4100036621094,287.4100036621094,279.8180847167969,110083300,268.43740020751954,284.17100255279433,287.5800006684803,8.454248333545593,7.802694710316347,0.6515536232292458,297.48183476313284,57.31575130571851,2.672100590161332,31.285467060145837,-51.40575914698948,5.661796633256821,303.0948619091078,282.23300018310545,261.3711384571031,1293940300.0,2068488591.6447268,37047421.969481945,-0.01332597001163005,-1
2020-09-04,285.5599975585937,288.92999267578125,271.79998779296875,283.5799865722656,276.0892944335937,123959000,269.1883999633789,284.11471531655354,287.70828508649555,7.371951241837905,7.716546016620659,-0.3445947747827533,295.10107894925403,53.11786020989161,0.6066596248980655,-57.37578005904288,-62.839134879941774,6.480954365367941,303.1102828541308,282.8384994506836,262.56671604723635,1169981300.0,2115018377.6868136,39804368.96231532,-0.04806395024551924,-1
2020-09-08,272.2200012207031,278.2200012207031,269.6600036621094,269.95001220703125,262.8193054199219,99568600,269.78300018310546,282.7656959727895,286.4808101109096,5.352695437240982,7.2437759007447236,-1.8910804635037417,289.5169259824676,41.475776572888414,-4.823182470216231,-134.96317744748913,-99.1430006610339,7.012313547138534,303.1373369254648,282.8205001831055,262.5036634407461,1070412700.0,2022196448.958213,7779381.86734581,0.029375781875125684,1
2020-09-09,275.6400146484375,280.04998779296875,273.0,277.8800048828125,270.5398254394531,64837900,270.4838003540039,282.3003920594584,286.0102867489769,4.342250043818581,6.663470729359496,-2.321220685540915,286.930245275749,48.54225910352643,-2.7915696066855555,-93.91750697976605,-75.70921362216816,7.232860835624175,302.26665366777223,283.45500030517576,264.6433469425793,1135250600.0,2047120199.0157857,1901318.358872652,-0.019936693707984565,-1
2020-09-10,280.94000244140625,282.20001220703125,270.5599975585937,272.3399963378906,265.1461486816406,69667500,270.9786001586914,281.3517829431186,284.9517149425688,3.059168212980296,5.942610226083657,-2.8834420131033607,283.3300943492705,44.499779641147335,-6.720097167904697,-106.35546342970706,-92.0803990372172,7.547657536539416,302.2325548220117,283.4790008544922,264.7254468869727,1065583100.0,1998759899.8573775,-16063559.02307558,-0.006939796417249289,0
2020-09-11,274.1499938964844,275.2200012207031,266.8999938964844,270.45001220703125,263.3060607910156,71809000,271.37780029296874,280.31351906349124,283.7108588809059,1.868274389628425,5.1277430587926105,-3.259468669164185,279.86710347280825,43.1786976166962,-7.077813588705864,-125.0394143188156,-90.30049803678618,7.602825378516512,302.3882855093668,283.3775009155273,264.3667163216878,993774100.0,1988230476.8885188,-25302774.44004798,0.017415386365272623,1
2020-09-14,274.3599853515625,277.2200012207031,272.9599914550781,275.1600036621094,267.89166259765625,38525200,271.83720031738284,279.8227080728834,282.92824009486606,1.2896728561865416,4.360129018271397,-3.070456162084856,278.2494656902148,47.37181446488471,-5.937850883557594,-78.76819869682657,-77.43167107059148,7.543337066741895,302.226670259893,283.52750091552736,264.8283315711617,1032299300.0,1989496692.843588,-26379314.357646704,0.014173549369745686,1
2020-09-15,279.0299987792969,280.45001220703125,275.1300048828125,279.0599975585937,271.6886291503906,41849900,272.25059997558594,279.7500689762844,282.502763584682,1.1327660641076136,3.7146564274386407,-2.581890363331027,277.94704954016333,50.62115480018759,-5.364896589209497,-48.65359863625017,-66.77595181892255,7.384527799418813,302.1546247743946,283.7145004272461,265.2743760800976,1074149200.0,2009477459.7802455,-18064080.811578035,-0.015946435339937337,-1
2020-09-16,279.8800048828125,280.3599853515625,274.25,274.6099853515625,267.35614013671875,42321000,272.610599975586,279.2605372025014,281.6356669108073,0.6419376485093267,3.100112671652778,-2.458175023143452,276.56106389136335,47.05145403824479,-8.438926027945886,-54.170356490051326,-78.93445308923722,7.293489053143363,302.2522173050725,283.54649963378904,264.8407819625056,1031828200.0,1972143358.827256,-24899237.31763053,-0.01562207587554254,-1
2020-09-17,267.54998779296875,274.3999938964844,266.67999267578125,270.32000732421875,263.1795349121094,81570800,272.8172003173828,278.4090581664745,280.3760009765625,-0.0921505271294336,2.461660031896336,-2.5538105590257696,274.3342921516049,43.84174170127125,-10.714758024522116,-86.26915042631933,-90.11403062366249,7.338953597617498,302.5828135686691,283.2574996948242,263.9321858209793,950257400.0,1967494543.266456,-26911039.265121937,-0.012762696483998526,-1
2020-09-18,271.7900085449219,272.0899963378906,262.6300048828125,266.8699951171875,259.82061767578125,86251100,272.91100036621094,277.3100997808281,278.81528625488284,-0.941455336214915,1.781036958274086,-2.722492294489001,271.6466214959644,41.39604732700866,-7.146587899935983,-99.81855269292384,-89.62566493532094,7.490456301721829,303.1777280911438,282.60449981689453,262.03127154264524,864006300.0,1958559331.6455712,-28130612.91709328,0.002398226327978481,0
2020-09-21,262.4700012207031,267.6499938964844,260.1099853515625,267.510009765625,260.4437255859375,57168600,272.9818005371094,276.3767578746183,277.37771577380954,-1.5450809515921264,1.1158133763008435,-2.66089432789297,269.6548598378016,42.04197211412055,-5.666823318840048,-109.57709982639082,-82.94532861069457,7.49399574766469,303.48873322055186,281.8865005493164,260.2842678780809,921174900.0,2013605202.808921,-8557605.593916178,0.01857874860479991,1
2020-09-22,269.989990234375,273.0799865722656,266.5400085449219,272.4800109863281,265.282470703125,41128900,273.2606005859375,276.0056391233526,276.4818596249535,-1.6039319095484643,0.571864319130982,-2.175796228679446,269.3667811477917,46.93331661928202,0.937210099978272,-60.07765674693693,-71.49107753248688,7.425851624784623,303.2949217423314,281.32900085449216,259.36307996665295,962303800.0,2047187797.370801,10912868.907428505,-0.03053437679373927,-1
2020-09-23,272.1499938964844,272.3399963378906,263.25,264.1600036621094,257.1822509765625,48837300,273.3364007568359,274.87748336513897,274.84671703520274,-2.2954660715938644,-0.0016017590139872,-2.293864312579877,267.03019513149883,40.73548912260742,-4.937383395573612,-99.93158905081032,-89.4832062230168,7.554720150609159,303.32303375174376,280.2440017700195,257.16496978829525,913466500.0,2008128745.9411075,5458104.029673576,0.004656310453044377,0
2020-09-24,261.3900146484375,268.70001220703125,261.2200012207031,265.3900146484375,258.3797912597656,70631700,273.426201171875,273.9739149159293,273.4320515950521,-2.712986648969661,-0.5438787370051221,-2.169107911964539,265.49842320337507,41.95584555135779,-2.5519504233341928,-111.87411696401112,-81.6792923142738,7.549383781731942,302.2019235296838,278.9155029296875,255.62908232969116,984098200.0,2016249640.813509,5314339.127295017,0.02324873796902116,1
2020-09-25,265.9100036621094,272.3999938964844,264.29998779296875,271.5599975585937,264.38677978515625,55242400,273.6750012207031,273.7440180247545,272.73152727399554,-2.516994314776184,-0.9385018525593344,-1.5784924622168497,265.91427527818377,47.76620768427351,0.4104216311562752,-35.92166842232502,-48.16659897270992,7.588713947573633,300.7407914529477,277.9410034179688,255.14121538298988,1039340600.0,2060034416.4356327,18703923.98997116,0.020768944981377935,1
2020-09-28,276.5799865722656,277.20001220703125,271.6700134277344,277.20001220703125,269.87774658203125,58438300,274.03060119628907,274.0731603278285,272.66095668247766,-1.884839672842986,-1.127769416616065,-0.7570702562269211,267.78665579774474,52.45175332973636,0.7413899250513756,63.72414145796858,-22.63464880651409,7.449521140492485,298.96951053627515,277.1745040893555,255.37949764243575,1097778900.0,2118472716.4356327,41075129.25288677,-0.004509379310800421,0
2020-09-29,276.6199951171875,277.7099914550781,275.3699951171875,275.95001220703125,268.66082763671875,27050000,274.21400146484376,274.2519081258478,272.5443384079706,-1.4677972648002535,-1.1957749862529028,-0.2720222785473509,269.05488794485126,51.35228468152147,-1.114450433157997,82.35266872960496,-28.29331100814262,7.084555083163781,296.4527858931684,276.2280044555664,256.00322301796444,1070728900.0,2104832534.2427983,42152825.32155132,0.006849009049658683,0
2020-09-30,276.1499938964844,281.0899963378906,275.8699951171875,277.8399963378906,270.5009155273437,49380800,274.4908013916016,274.593630812709,272.69786144438245,-0.9735596382047902,-1.1513319166432805,0.17777227843849,270.6318606602589,52.957903094362834,1.1762176026457978,104.38841902026807,-15.490935644018023,6.951372664416591,292.22441173626686,275.1240036010742,258.0235954658816,1120109700.0,2092723846.7064784,34908861.740671635,0.015872457962266218,1
2020-10-01,281.7900085449219,282.8800048828125,279.8399963378906,282.25,274.7944030761719,50020200,274.83720153808594,275.32280883054625,273.37652776808966,-0.2234465658240765,-0.9657548464794397,0.742308280655363,273.1053104571382,56.56061117025853,4.41328512597758,127.02895659404383,-2.7668174897604647,6.8148466558812535,286.16596146053047,274.09850311279297,262.03104476505547,1170129900.0,2122011887.7183745,38090811.34858108,-0.028131098109499764,-1
2020-10-02,276.0199890136719,282.239990234375,273.44000244140625,274.3099975585937,267.0640563964844,75497400,275.1632012939453,275.22635061416986,273.3966700962612,-0.2665952472809749,-0.8259229266397468,0.5593276793587718,273.09678269972625,49.24763512894737,2.7878752117259014,54.44786786512352,-37.637241867347406,6.957357434646433,283.8587409700638,273.4435028076172,263.0282646451705,1094632500.0,2061442319.6439655,16657581.67827034,0.021326259179693663,1
2020-10-05,276.3399963378906,280.489990234375,276.2300109863281,280.1600036621094,272.7596130371094,28184600,275.65520141601564,275.69622233302124,274.03633684430804,0.1693040817415863,-0.6268775249634801,0.7961816067050664,274.6256260872731,53.96982109760558,4.728792730996303,84.16315636484921,-11.945537494907043,6.901831380441781,283.1128715044672,273.2725036621094,263.4321358197516,1122817100.0,2085260447.8828924,13953612.009322643,-0.017846944369797724,-1
2020-10-06,279.45001220703125,281.19000244140625,274.25,275.1600036621094,267.89166259765625,49704200,275.95600158691406,275.6451538881725,274.21609874906994,0.1100308599587833,-0.4794958479790274,0.5895267079378108,274.59385868162235,49.7123702578508,0.983555698665808,55.07525405960057,-33.90423627045226,6.904557884796386,283.2831899263824,273.53300323486326,263.7828165433441,1073112900.0,2048591114.7735305,-88582.6636185646,0.017299061281704997,1
2020-10-07,277.8900146484375,280.739990234375,277.2799987792969,279.9200134277344,272.52593994140625,27539700,276.4182019042969,276.0522833681308,274.8243854341053,0.4420536918887023,-0.2951859400054815,0.7372396318941838,275.8115611273988,53.475128923302805,5.966084777082242,76.15220950732338,-12.999512148049664,6.809945648187045,283.60516009749983,273.6350036621094,263.66484722671896,1100652600.0,2063077652.3278844,-1215711.02038002,0.005322914271578716,0
2020-10-08,282.3999938964844,282.4700012207031,280.3099975585937,281.4100036621094,273.9765625,25443300,276.85100219726564,276.56254244374776,275.56486162458145,0.8160075111925948,-0.0729472497658662,0.888954760958461,277.2003443358101,54.61977726471069,6.03639478858825,92.78703509215876,-6.455862801020739,6.505662944242881,284.59260252479254,274.0885040283203,263.58440553184806,1126095900.0,2063548924.404348,-1416339.5946912766,0.015280152578128536,1
2020-10-09,283.1099853515625,285.7900085449219,282.7099914550781,285.7099914550781,278.1630249023437,30201100,277.34260192871096,277.43372806387447,276.67166995093936,1.4427110110983676,0.2301844024069805,1.212526608691387,279.45087241188094,57.84323972733456,5.210632649763274,130.57637143685548,-0.3256697842530798,6.353830225569282,286.35678373533847,274.8515029907227,263.3462222461069,1156297000.0,2092180809.6489823,7740488.529537201,0.030870489615360652,1
2020-10-12,290.54998779296875,297.4599914550781,289.4700012207031,294.5299987792969,286.7500305175781,79370700,277.91740173339844,279.06194432248617,278.54581240699406,2.620867203428304,0.7083209626112453,1.9125462408170584,283.56961562744783,63.56080549346272,6.251798632433843,212.5820167217785,-8.084970930820068,6.739270923742905,290.17441400832905,275.820002746582,261.465591484835,1235667700.0,2113339781.5116649,17515183.033980608,-3.398555551725746e-05,0
2020-10-13,296.3900146484375,297.04998779296875,293.1099853515625,294.5199890136719,286.740234375,64240000,278.42020141601563,280.53413905498,280.3267634800502,3.5132581169311834,1.269308393475233,2.2439497234559505,286.91107431508584,63.55027130713308,6.729471275655722,184.00908953200636,-8.112591704336458,6.539323175004572,293.0701802729468,276.59300231933594,260.1158243657251,1171427700.0,2095078755.687923,14111305.929700611,-0.00835254497773319,0
2020-10-14,295.3500061035156,296.3500061035156,290.260009765625,292.0599975585937,284.3452453613281,36949100,278.85380126953123,281.631839864848,281.7998106456938,3.976149022923721,1.8106765193649303,2.1654725035587905,288.96257232542035,60.87985137855054,5.118054062817379,131.11486034313342,-16.284660133059003,6.507228400925005,295.2281457832174,277.4655029296875,259.70286007615755,1134478600.0,2079971353.2099333,6629063.968616724,-0.006710920603513526,0
2020-10-15,287.20001220703125,290.7099914550781,286.5400085449219,290.1000061035156,282.43701171875,42514200,279.2348016357422,282.4383318875782,283.0030966622489,4.137148003875552,2.275970816267055,1.8611771876084973,290.0760752598886,58.76120673130497,2.7812244830879096,70.89632464747922,-28.53816061323936,6.436711301835492,296.71137856591537,278.4545028686524,260.19762717138934,1091964400.0,2110047593.7304175,12535217.51663494,-0.005480855927053163,0
2020-10-16,291.79998779296875,293.2699890136719,288.1499938964844,288.510009765625,280.8890075683594,40570700,279.51220153808595,283.0165869235827,283.9607639857701,4.089302506112858,2.638637154236216,1.4506653518766424,290.51253109544024,57.02742304137393,5.1766294824883765,67.43333078442153,-37.26055696511313,6.342660145789207,297.4812267170138,279.53650360107423,261.5917804851347,1051393700.0,2075182405.3521423,2718336.9825880527,-0.016325332963256667,-1
2020-10-19,290.489990234375,291.4800109863281,282.7900085449219,283.79998779296875,276.30340576171875,36756800,279.75880126953126,283.09119653019087,284.36681009928384,3.629486730775113,2.8368070695439958,0.792679661231118,289.5849408765975,52.12137740333265,1.2992518858078776,16.805716458244543,-56.86931686077905,6.510327452618996,297.4994019193699,280.3510025024414,263.2026030855129,1014636900.0,2046969585.7422333,-10521587.382910252,0.002149456995698129,0
2020-10-20,284.5599975585937,287.6199951171875,282.95001220703125,284.4100036621094,276.8973388671875,32195400,280.0408013916016,283.2167972094212,284.75338163829986,3.276532768367531,2.9247522093087026,0.3517805590588283,288.9255512290036,52.68906867549367,3.3616804320728253,-1.2905081912852896,-54.32969925815062,6.378874271014514,297.7864139746946,280.94750213623047,264.10859029776634,1046832300.0,2034904884.2039328,-18820180.80526328,-0.0007735354518840776,0
2020-10-21,284.6700134277344,287.32000732421875,283.69000244140625,284.19000244140625,276.68310546875,29306100,280.4208013916016,283.3094834219912,285.0621911911737,2.9451125264437223,2.9288242727357066,0.0162882537080157,288.2779682966463,52.44754241726218,1.525431840826286,-3.634419764170125,-55.245608172921166,6.182526457571512,296.95818872986365,281.9490020751953,266.939815420527,1017526200.0,2013672079.1294465,-27260026.92853832,-3.52220892325672e-05,0
2020-10-22,285.04998779296875,285.9800109863281,280.82000732421875,284.17999267578125,276.6734313964844,32196200,280.6672015380859,283.39238906520933,285.27466648646765,2.6510917570069523,2.873277769589956,-0.2221860125830037,287.7009595238844,52.43576486771308,0.9843249982675872,-32.043425408708146,-57.21673273770782,6.109489115038503,295.846143593338,282.8885009765625,269.93085835978707,985330000.0,2023405601.455168,-25137477.15455413,0.001970573485208904,0
2020-10-23,284.7699890136719,284.9100036621094,281.7799987792969,284.739990234375,277.2186279296875,24658500,280.9124011230469,283.52073203370134,285.4509987967355,2.435193902355877,2.7856609961431404,-0.3504670937872634,287.3354689224149,53.07068762878722,-0.3395055299827123,-37.18609053781845,-54.8039892445549,5.896668812736646,295.42950316341114,283.5475006103516,271.665498057292,1009988500.0,2045385334.958152,-14990384.572924614,-0.014996098757175447,-1
2020-10-26,282.3800048828125,285.29998779296875,276.760009765625,280.4700012207031,273.0614013671875,38421100,281.07860107421874,283.2301862419872,285.157903616769,1.8976657598451536,2.6080619488835435,-0.7103961890383896,285.8952376629797,47.828066095938695,-4.773706453287113,-92.53728666560868,-82.07732011198634,6.085476613780011,295.32612533293906,283.7110000610352,272.0958747891313,971567400.0,2040346511.1743915,-11079801.123188255,0.007808330416353204,0
2020-10-27,281.5,283.510009765625,280.20001220703125,282.6600036621094,275.1934814453125,30559100,281.22540100097655,283.1758831391417,285.0578087216332,1.6296007060831244,2.41236970032346,-0.7827689942403357,285.25773057810204,50.527426183079925,-4.026886389368957,-77.52112855715993,-71.49758881433944,5.887228109838135,295.1205787115662,284.04649963378904,272.97242055601185,1002126500.0,2055210480.855939,-3743317.4384229183,-0.03898672918311119,-1
2020-10-28,278.010009765625,278.6400146484375,271.3800048828125,271.6400146484375,264.4646911621094,53413500,281.09880126953124,282.07722899716987,283.8762387230283,0.521919837160965,2.034279727690961,-1.512359890529996,281.8583183070744,39.46287395825534,-6.99170823832507,-190.223413605354,-99.00302952647412,6.272426014799474,295.7918258040458,283.7365005493164,271.68117529458704,948713000.0,2005622879.7361217,-16179600.156558752,0.017486378088101384,1
2020-10-29,273.0,279.489990234375,272.5199890136719,276.3900146484375,269.0892639160156,43246300,281.1046014404297,281.53558953538584,283.17657339913507,0.0270482750463543,1.6328334371620397,-1.6057851621156851,280.3005433752655,45.04863418652844,-4.725953521761053,-130.2554953806759,-80.78982996504753,6.385108127023619,295.90703637238767,283.4435012817383,270.9799661910889,991959300.0,2010400757.7266903,-18276063.711837053,-0.025362746098268385,-1
2020-10-30,274.3399963378906,275.239990234375,267.07000732421875,269.3800048828125,262.2643127441406,65838300,280.8936016845703,280.3779148065693,281.8371927897135,-0.9201829104785588,1.12223016763392,-2.042413078112479,277.2139484139525,39.287308065863655,-6.630620857263502,-172.452404236734,-92.29486636590173,6.594743783966128,296.537498895743,283.1970016479492,269.8565044001554,926121000.0,1981792967.003008,-26574726.4227283,0.002227359464844536,0
2020-11-02,271.8500061035156,273.5199890136719,266.9700012207031,269.9800109863281,262.8485107421875,39987400,280.65580200195313,279.3876382522606,280.5784317743211,-1.6039654560027543,0.5769910429065853,-2.18095649890934,274.86209960243315,39.994687229719176,-4.869618534558309,-143.28954301523942,-89.75490379381837,6.591546927466315,297.1802634452232,282.68800201416013,268.19574058309706,966108400.0,1978557533.054352,-28583205.931508064,0.0172975135940443,1
2020-11-03,271.9599914550781,276.82000732421875,270.8399963378906,274.6499938964844,267.3951721191406,43604100,280.4762017822265,278.936434027901,279.81290719168527,-1.7488794637257,0.1118169415801282,-1.8606964053058284,274.18105191195974,45.33342898490504,-3.431668942707194,-79.71817252502576,-70.79849338243997,6.609293313925195,297.20935009692465,282.6625015258789,268.11565295483314,1009712500.0,1990515710.4229047,-23001508.75587797,0.044638667533507315,1
2020-11-04,283.5899963378906,288.7699890136719,281.8699951171875,286.9100036621094,279.3313293457031,75728200,280.4972021484375,279.6958216121113,280.2174312046596,-0.8644793521343104,-0.0834423171627594,-0.7810370349715509,276.8428250997622,56.32060400011222,0.9571065826863244,66.01357766452377,-24.182465032408984,7.145772014158217,297.61426834099734,283.01200103759766,268.409733734198,1085440700.0,2025416818.4534576,-7522142.92377305,0.026070931270619768,1
2020-11-05,293.5299987792969,295.3900146484375,292.0,294.3900146484375,286.6137390136719,52054200,280.54580261230467,281.0952685679519,281.3010515485491,0.4349743678467916,0.0202410198391507,0.4147333480076409,280.99391613629507,61.415892414523405,3.592801124569239,156.5796207991408,-3.5186471763736904,7.241074797884639,299.05320621053323,283.66100158691404,268.26879696329485,1137494900.0,2046760708.6770723,6285393.889944792,0.000747208438396596,0
2020-11-06,293.7099914550781,295.3599853515625,289.8299865722656,294.6099853515625,286.8278503417969,40959800,280.61700256347655,282.38238445210527,282.34381190708706,1.4656554368237948,0.3093239032360795,1.1563315335877151,284.4614317771289,61.5579114024966,3.4663185557684804,132.21318895723573,-2.7446478829379783,7.118855082271227,300.20768571106214,284.10600128173826,268.0043168524144,1178454700.0,2076610253.0600157,20860114.53649831,-0.02043375755403587,-1
2020-11-09,297.6499938964844,299.1400146484375,288.1199951171875,288.5899963378906,280.9669189453125,86537100,280.53820251464845,282.97358558408484,282.770859055292,1.776239424967855,0.6027070075824347,1.1735324173854202,285.73023679756056,55.53357612795576,2.8951385466703936,104.75207994518084,-32.79457229399695,7.397509685769712,299.339638710599,283.809001159668,268.2783636087369,1091917600.0,1997454726.662634,-259723.10148715973,-0.01791462966756152,-1
2020-11-10,285.1700134277344,286.6600036621094,280.6199951171875,283.4200134277344,275.9335021972656,69024900,280.3090026855469,283.01610252157525,282.7338126046317,1.586912124555738,0.7995480309770955,0.7873640935786426,285.4077969415832,50.92434193144637,0.2688777173205985,19.5322223812592,-48.86538594712123,7.438401938264955,297.9867488414929,283.2540023803711,268.5212559192493,1022892700.0,1992426750.655783,-10475856.03725338,0.022369614132797144,1
2020-11-11,286.0299987792969,290.25,283.3800048828125,289.760009765625,282.1060485839844,36102900,280.1058026123047,283.65837940196093,283.3534323556083,1.9262489944970296,1.0248882236810823,0.9013607708159476,286.7668924616585,55.77223176623538,6.670591275235645,58.43835582588705,-29.15760325647182,7.397801451045137,297.6289110322817,283.13900299072264,268.6490949491636,1058995600.0,2023379699.85353,-3854166.944669485,-0.0046935940892626205,0
2020-11-12,290.760009765625,292.07000732421875,287.25,288.3999938964844,280.7820129394531,34414600,279.8186022949219,284.1099617347727,283.854479108538,2.0616683646392744,1.2322442518727208,0.8294241127665536,287.5037721685919,54.527875218185805,4.34530142607479,65.41678010026732,-33.38519200832521,7.213673299128966,297.398793310623,283.0540023803711,268.70921145011926,1024581000.0,2005386892.306456,-6519899.540438652,0.008772534094452666,0
2020-11-13,290.1700134277344,291.57000732421875,287.8699951171875,290.92999267578125,283.2450866699219,24806900,279.8890020751953,284.75948849105924,284.6045734223865,2.346094630026414,1.4550143275034595,0.8910803025229546,288.7360993802308,56.473424915354165,7.999846834342278,64.31883308302633,-25.52072908237656,6.962697506836272,297.74095858227827,283.1750015258789,268.6090444694795,1049387900.0,2021611777.710853,-1855244.8336322308,0.007802631520978265,0
2020-11-16,290.6199951171875,293.510009765625,289.989990234375,293.20001220703125,285.4551086425781,30168400,280.08140258789064,285.5633478925804,285.55933634440106,2.723283779132828,1.708668217829333,1.0146155613034946,290.30290514896893,58.20145848340277,8.600637186387473,72.83677683161127,-18.464407715432472,6.716791937151538,298.85373532506003,283.645002746582,268.436270168104,1079556300.0,2046466496.7703624,8130001.322962522,-0.00317197528867319,0
2020-11-17,293.3999938964844,293.739990234375,291.6099853515625,292.2699890136719,284.5497131347656,21843500,280.5278021240234,286.2020756183987,286.38076360793343,2.9135778858953927,1.9496501514425453,0.9639277344528474,291.3078732223233,57.19952481960393,6.415436194704042,68.05296338823055,-21.355370740513425,6.389164290413035,299.70480721776624,284.03800201416016,268.37119681055407,1057712800.0,2038159857.7509344,8832762.215118647,-0.007390439467968579,0
2020-11-18,291.70001220703125,293.3699951171875,290.0199890136719,290.1099853515625,282.4467468261719,28069600,280.77240173339845,286.5742574977476,286.95904773530503,2.8571575590494263,2.1311516329639217,0.7260059260855045,291.5292305785638,54.83831492963144,1.1153259379626606,49.91391070911765,-28.069709442800672,6.172081562777506,300.2232270317845,284.334001159668,268.44477528755147,1029643200.0,2011598410.947076,-134092.51341962814,0.007824685966941525,0
2020-11-19,289.5400085449219,292.70001220703125,288.8500061035156,292.3800048828125,284.6567687988281,22718400,281.1732019042969,287.12718582013474,287.725333804176,2.9614775782977745,2.297216822030693,0.6642607562670819,292.25731233169654,56.85408789729247,-0.6827710403239617,46.0943923502785,-21.0133880758566,6.006219029973086,301.0147727496976,284.7440017700195,268.4732307903414,1052361600.0,2030540165.3007777,2236760.802303314,-0.006840413046718452,0
2020-11-20,292.29998779296875,293.07000732421875,290.2900085449219,290.3800048828125,282.70965576171875,25907300,281.5718017578125,287.4369781118183,288.2620960053944,2.84991659533506,2.407756776691566,0.4421598186434936,292.29258710721007,54.54412735268137,-1.4357899185603982,38.31402680133519,-30.95407808397181,5.775774726353356,301.4811777862173,285.02600250244143,268.5708272186656,1026454300.0,2006310248.8607972,-4706205.417831183,3.447126336753037e-05,0
2020-11-23,291.4100036621094,292.75,288.07000732421875,290.3900146484375,282.7193603515625,26875600,281.87640197753905,287.7182196867344,288.772954305013,2.7308320846268543,2.472371838278624,0.2584602463482301,292.2825595279806,54.55407949015127,0.6237285884432926,2.270597162281636,-47.24617047641646,5.69750457988392,301.99597727482654,285.5220031738281,269.0480290728297,1053329900.0,2006080668.6998625,-7191721.157471418,0.014050023645630905,1
2020-11-24,291.489990234375,294.9800109863281,289.6300048828125,294.4700012207031,286.6916198730469,24516800,282.1846020507812,288.36124649949335,289.6251445951916,2.931880675054685,2.5642736056338364,0.3676070694208491,293.29347395206787,58.53871526890775,3.8988029318494974,77.90397564471604,-25.216028632444832,5.672683260143328,302.9758416246914,286.1125030517578,269.24916447882424,1077846700.0,2025923153.500985,-1241212.3271968365,0.006146628013347755,0
2020-11-25,295.57000732421875,296.94000244140625,294.5899963378906,296.2799987792969,288.45379638671875,23326800,282.6180023193359,289.1154133832842,290.59347752162387,3.200372901003675,2.691493464707804,0.5088794362958708,294.55099682395,60.20565178453091,2.250134177916969,167.39597979146473,-15.44283397927707,5.44392025732617,303.37840101695474,287.3445022583008,271.31060349964685,1101173500.0,2036147201.638119,4559030.449476004,0.009214293902983783,0
2020-11-27,298.3099975585937,300.1700134277344,297.8999938964844,299.010009765625,291.1116638183594,17163100,283.1918023681641,290.05775589588814,291.70447823660714,3.592037226214813,2.8716022170092064,0.7204350092056071,296.24535973886753,62.64511776365587,3.678923749543797,218.04926200505585,-5.933517010997247,5.332926999548407,304.4500417863575,288.47550201416016,272.50096224196284,1118336600.0,2035769255.3351507,6397144.084490776,0.0020400164932292686,0
2020-11-30,299.3399963378906,299.9700012207031,294.7799987792969,299.6199951171875,291.70556640625,27836200,283.84680236816405,290.96844534553566,292.7658585321336,3.9066216432289593,3.078606102253157,0.8280155409758021,297.7421753506361,63.188119314646,2.986973725699907,147.713593609185,-2.813390257799142,5.3227181025382535,304.0571032972793,289.9875015258789,275.9178997544784,1146172800.0,2059850990.8590064,14229911.50327015,0.012816221882617329,1
2020-12-01,301.9700012207031,305.1400146484375,300.8299865722656,303.4599914550781,295.4441223144531,27521300,284.5658020019531,292.1581164035873,294.0489528111049,4.414895505242953,3.3458639828511165,1.0690315223918363,299.90946283947915,66.49043492388253,3.4993106483236462,198.56212480053512,-7.720691357470633,5.33681106173195,303.6191869695384,291.66150054931643,279.7038141290945,1173694100.0,2065917014.237018,18070695.47638631,0.001285225925722111,0
2020-12-02,302.25,304.20001220703125,300.3500061035156,303.8500061035156,295.82379150390625,23620000,285.19320190429687,293.2716297083424,295.20976286388577,4.793915847662163,3.635474355813326,1.158441491848837,301.7242046101587,66.81604178785248,3.96209584464112,144.16447399081574,-7.210774112108087,5.230610707573641,303.4313759990897,293.121501159668,282.8116263202462,1197314100.0,2085242400.6999176,24148121.387548685,0.001415147826703489,0
2020-12-03,304.1700134277344,305.8800048828125,303.5299987792969,304.2799987792969,296.24249267578125,22828700,285.99560180664065,294.32004581033806,296.2724769228981,5.070538997794586,3.922487284209578,1.1480517135850077,303.2537381907826,67.19451577511781,4.884359085593969,137.1230127394379,-8.883982431644732,5.024853235855211,304.96552939910634,293.99000091552733,283.0144724319483,1220142800.0,2076985173.4925933,21811757.75000763,0.004075161822497675,0
2020-12-04,304.3299865722656,305.6700134277344,303.6300048828125,305.5199890136719,297.44970703125,19332100,286.79820129394534,295.38670706779845,297.37057102748327,5.328399216762534,4.20366967072017,1.1247295460423643,304.7549907640979,68.3167398995175,4.494145944120205,116.9639207937495,-2.0214257074218867,4.811650043645687,306.6204213293906,294.54649963378904,282.4725779381875,1239474900.0,2093473866.7996976,24119487.97327328,0.005662513251303958,0
2020-12-07,305.7099914550781,307.6300048828125,305.5199890136719,307.25,299.134033203125,20851000,287.51200134277343,296.51654448991286,298.58042820521763,5.607710530056977,4.484477842587531,1.1232326874694456,306.3563958577748,69.86559587545098,5.809626983096049,117.64417371032428,-1.9427654920413984,4.618676174038183,308.46220706396616,295.1785003662109,281.8947936684557,1260325900.0,2106814513.984436,27115630.080364704,0.0033848935554821047,0
2020-12-08,306.760009765625,308.6000061035156,304.95001220703125,308.2900085449219,300.1465148925781,18341500,288.13380126953126,297.63782678086613,299.8291432698568,5.845602291576995,4.756702732385424,1.0888995591915709,307.8570623807472,70.79004866305726,6.164121696179917,105.2955881001536,-1.5099735851244245,4.54948458278434,310.24457377306004,296.1635009765625,282.08242818006494,1278667400.0,2122040490.8453844,30720896.299898382,-0.02264105482779899,-1
2020-12-09,308.07000732421875,308.3599853515625,300.2099914550781,301.3099975585937,293.350830078125,48839300,288.6410009765625,297.9875573311259,300.3192858014788,5.408558182273623,4.887073822363064,0.5214843599105592,307.1916232473076,57.94242812715402,2.3228160116602306,49.00849105489651,-35.50905493610364,4.8066638194772,310.0153952226414,297.0580001831055,284.1006051435696,1229828100.0,2086384888.5938213,18058004.827856064,0.004015769356749965,0
2020-12-10,299.2099914550781,303.67999267578125,298.0899963378906,302.5199890136719,294.5289306640625,27519500,289.1346008300781,298.4192174913684,300.8394752139137,5.101032250520518,4.929865507994554,0.1711667425259637,306.88011729647644,59.320699841273175,2.1061125489686723,18.133743401517005,-29.61528227646579,4.862616142221016,310.4074289264887,297.6959991455078,284.9845693645269,1257347600.0,2102483014.106315,16358225.0861907,-0.0022146731934661323,0
2020-12-11,300.8099975585937,301.9800109863281,298.4700012207031,301.8500061035156,293.8765869140625,26760400,289.52660095214844,298.74595926395386,301.2350949242001,4.748515778387912,4.8935955620732265,-0.1450797836853148,306.37814828936087,58.1837059477901,0.949799754234555,-0.9640287684109106,-32.87871603191191,4.804571260131569,310.4490390996379,298.3684997558594,286.28796041208085,1230587200.0,2127261093.316164,22059683.568989515,0.007255267176158986,0
2020-12-14,303.0799865722656,306.04998779296875,303.010009765625,304.0400085449219,296.0087890625,28804800,290.121201171875,299.25015443356983,301.7752386183966,4.592914568727906,4.833459363404163,-0.2405447946762571,306.46870949418707,60.826764972188606,1.4752064280641943,52.52163359171349,-24.03794024861288,4.761386290797394,310.8387214748611,299.0240005493164,287.2092796237717,1259392000.0,2117975453.369972,19432150.82280159,0.010689382675503456,1
2020-12-15,306.3699951171875,307.2900085449219,304.1099853515625,307.2900085449219,299.1729431152344,25709000,290.66380126953123,300.0158548251271,302.5624774751209,4.677923141572876,4.802352119037906,-0.1244289774650297,307.3244491229081,64.42078977329157,1.2621159947573242,87.24375846490906,-9.350440010455696,4.653430127169009,311.74864845909894,299.72850036621094,287.70835227332293,1285101000.0,2143684453.369972,24770828.260924578,0.005499698637807082,0
2020-12-16,307.70001220703125,309.7900085449219,306.6199951171875,308.9800109863281,300.8183288574219,25461900,291.34020141601565,300.8695839833367,303.4435737246559,4.8260306439245255,4.80708782401523,0.0189428199092951,308.40327638760283,66.1594613448586,1.6883346321424162,131.6500589165948,-5.396382622273544,4.547471791495107,312.7165289082744,300.5640014648437,288.411474021413,1310562900.0,2156134372.6277337,28664277.134815216,0.006537604187480062,0
2020-12-17,310.6300048828125,311.239990234375,309.3900146484375,311.0,302.784912109375,23730500,291.96180114746096,301.8343855087332,304.4374783470517,5.048210509889941,4.8553123611901725,0.1928981486997685,309.74899028011515,68.1621409025085,2.2084925882944204,162.1230123795943,-1.4580216218821884,4.38407946696309,313.576990767216,301.60850219726564,289.6400136273153,1334293400.0,2173707939.2064204,33242797.66418791,-0.0030225158887662307,0
2020-12-18,311.6600036621094,311.9800109863281,307.6099853515625,310.0599975585937,301.8697814941406,41173400,292.5348010253906,302.61777713252945,305.2423826671782,5.089767640207697,4.902203416993678,0.1875642232140189,310.5429077048007,66.19882960258225,1.4859939474266788,123.2643651079144,-13.82297626266662,4.383075621806128,314.2130572560684,302.4925018310547,290.771946406041,1293120000.0,2178701468.6644387,33682606.55701065,-0.0036766565820665065,0
2020-12-21,306.4599914550781,309.4700012207031,303.6000061035156,308.9200134277344,301.3050537109375,37095500,292.99900146484373,303.2179901130252,305.85452662876673,4.973384690385728,4.916439671672088,0.0569450187136402,310.83167489080165,63.79881937177404,0.543535696577502,46.416571216036864,-22.03019677116015,4.5314267527541245,314.0427863504835,303.4195022583008,292.7962181661181,1256024500.0,2208845660.608207,40391807.03554535,0.0027191386164016063,0
2020-12-22,309.8500061035156,310.7099914550781,306.8500061035156,309.760009765625,302.1243591308594,26176300,293.3036016845703,303.841039603749,306.45838448660714,4.89253297385676,4.911658332109022,-0.0191253582522623,311.2217927944698,64.81116982455603,0.4768241525702662,82.99896225604101,-15.982713315229336,4.483466652669009,313.5088076479735,304.3880020141602,295.26719638034683,1282200800.0,2222137452.8016863,43693704.10782194,-0.005036148984415734,0
2020-12-23,309.8099975585937,310.17999267578125,308.0400085449219,308.20001220703125,300.60284423828125,21201300,293.5772021484375,304.2561798516806,306.8214330764044,4.6489880006900535,4.859124265825229,-0.2101362651351754,311.0746961726406,61.3783233794376,2.2866863709352034,65.9218588566477,-27.21378540606572,4.31607504396832,313.1079887175237,305.0745025634766,297.04101640942946,1260999500.0,2204106536.724222,35335215.60294008,0.004412671309853344,0
2020-12-24,308.4700012207031,310.0199890136719,308.3900146484375,309.5599975585937,301.92926025390625,16785000,293.9272021484375,304.76130534757704,307.2486230759393,4.513685351744641,4.790036483009112,-0.2763511312644704,311.2485802685532,63.207913995172994,2.3271217772666444,70.89872230905986,-17.42268448944121,4.137782312730628,312.9028998825247,305.7385025024414,298.5741051223581,1277784500.0,2211417821.384684,31029859.460822582,0.010078805859264905,1
2020-12-28,312.25,313.1700134277344,310.3599853515625,312.67999267578125,304.97235107421875,22497700,294.3788018798828,305.5154660455012,307.9097173781622,4.605129492526089,4.753055084912507,-0.147925592386418,312.1454490782849,67.06281831684028,3.587870251210669,121.47319071002131,-3.249470799891529,4.10008470961706,313.49605563103034,306.42200164794923,299.3479476648681,1300282200.0,2226069094.536,31109449.818027496,0.0008954803180745152,0
2020-12-29,314.04998779296875,314.69000244140625,312.0299987792969,312.9599914550781,305.2454833984375,25871900,294.86780151367185,306.224468465461,308.53238307407923,4.646629739150342,4.731770015760074,-0.0851402766097324,312.89829619552233,67.39300298425324,2.9338187934034097,124.46226855879678,-10.421749097801449,3.9972217776522254,313.98525322267,307.08900146484376,300.1927497070175,1326154100.0,2218287904.598756,25838044.546122078,3.198417017613586e-05,0
2020-12-30,314.1600036621094,314.489990234375,312.3299865722656,312.9700012207031,305.2551574707031,18138100,295.4512017822266,306.8669001564364,309.092478288923,4.6269896317501775,4.710813938958095,-0.0838243072079176,313.46245342556216,67.4055825643389,1.8484143700854847,113.14777750769848,-10.361449327050886,3.865991912256307,314.7015303505317,307.564501953125,300.4274735557183,1344292200.0,2210898536.0925603,18981484.72417879,0.0024602645961868674,0
2020-12-31,312.8699951171875,314.239990234375,311.760009765625,313.739990234375,306.0062255859375,21611400,296.03780151367187,307.5214801638591,309.68062002999443,4.620296481666912,4.692710447499859,-0.072413965832947,314.0694276082295,68.41502415169933,1.540546015534156,107.12174990398624,-5.857041526104567,3.766991094862999,315.46351948993936,308.059001159668,300.65448282939656,1365903600.0,2223795593.26917,18554548.01465225,-0.014119949045934277,-1
2021-01-04,315.1099853515625,315.2900085449219,305.17999267578125,309.3099975585937,301.6854553222656,45305900,296.54020141601563,307.69181515383383,309.79976254417784,4.20900988018127,4.595970334036141,-0.3869604538548712,313.3632780959533,57.40069004807377,-0.5434091451467224,7.445467283816506,-48.69716270990203,4.220064293025687,315.5237326508558,308.3105010986328,301.09726954640985,1320597700.0,2215505181.798985,14055256.800727844,0.008244116947709657,0
2021-01-05,308.2900085449219,312.1400146484375,308.2900085449219,311.8599853515625,304.1725769042969,29323400,297.09380126953124,308.0887837440937,310.1378086635045,4.042228692927324,4.485222005814378,-0.4429933128870535,313.39656756774315,61.26627970130659,0.5805288676842789,23.27597005368533,-29.34150964083768,4.19363156520354,315.8794751324864,308.6275009155273,301.37552669856825,1349921100.0,2240562920.465884,18909803.89806938,-0.013852295932646475,-1
2021-01-06,307.0,311.8800048828125,305.9800109863281,307.5400085449219,299.95904541015625,52809600,297.5498016357422,308.0365194394107,310.03423796154203,3.5208808528917643,4.292353775229855,-0.7714729223380905,312.2584722181872,52.5640592804346,-0.4467191579788418,-76.91266557851482,-66.29596562400472,4.315514588866456,315.8840532046871,308.6420013427734,301.39994948085973,1297111500.0,2215679738.1929946,11259305.723965168,0.02419198229397046,1
2021-01-07,310.2799987792969,315.8399963378906,310.25,314.9800109863281,307.2156677246094,30394800,298.2400018310547,308.69780434864094,310.6378579275949,3.665797915393341,4.167042603262552,-0.5012446878692112,313.2178037049272,62.45498965577829,1.6851759607874357,115.49397835155706,-7.026029719756655,4.600119817730906,316.723052136362,308.9765014648437,301.2299507933255,1327506300.0,2236722445.2098584,13801390.001382828,0.012857920032089076,1
2021-01-08,317.3399963378906,319.3900146484375,315.0799865722656,319.0299987792969,311.16583251953125,33955800,298.96740173339845,309.68182286584624,311.5953338623047,4.060637398953077,4.145761562400657,-0.0851241634475803,315.01797003543794,66.54442583011787,3.5139474832306807,192.329078168608,-2.280023269882314,4.586540092329368,317.94511051649715,309.8625015258789,301.7798925352606,1361462100.0,2265005601.489995,22585847.840243816,-0.014450005859015347,-1
2021-01-11,315.9800109863281,317.19000244140625,313.75,314.4200134277344,306.6695251464844,32746400,299.82300170898435,310.1330791098356,312.0293826148624,3.955961383395731,4.107801526599673,-0.1518401432039411,315.25557128608176,58.70607391938831,1.569975419133661,95.0408351438963,-31.47560817692841,4.636072855684191,318.0261318981128,310.457502746582,302.8888735950512,1328715700.0,2245015313.198446,17765684.514262676,-0.0015902295612455486,0
2021-01-12,314.4599914550781,315.5799865722656,311.20001220703125,313.9200134277344,306.1818542480469,29266800,300.5736016845703,310.4937395210641,312.35914553687684,3.7889820392023807,4.044037629120214,-0.2550555899178333,315.2776273505314,57.90933361865972,0.396578220864584,45.45869401277336,-38.49396736492609,4.617780106366348,317.6494242299255,311.06100311279295,304.4725819956604,1299448900.0,2252098375.13277,16432438.813259602,0.0067532971027841615,0
2021-01-13,314.19000244140625,316.8599853515625,313.57000732421875,316.0400085449219,308.24957275390625,22898400,301.5068017578125,311.02195561857434,312.83333653041296,3.784094903792891,3.9920490840547496,-0.2079541802618587,315.80510806639967,60.36549408314869,0.9841568168261698,90.14748721823956,-23.57495371901537,4.522937100721876,317.7492310069261,311.66100311279297,305.5727752186598,1322347300.0,2263582621.753552,18047240.5137105,-0.005347431957071436,0
2021-01-14,316.5,317.5299987792969,313.8599853515625,314.3500061035156,306.6011962890625,23500100,302.3942016601562,311.3389128076164,313.0894320533389,3.6023273533309634,3.914104737909992,-0.3117773845790288,315.759519583572,57.48565908932764,0.4409383894398668,75.76075205243689,-35.46798558524507,4.462013981222769,317.8614906521018,312.01400299072264,306.1665153293435,1298847200.0,2246357995.617462,11586620.119347572,-0.007921172907924712,0
2021-01-15,314.1300048828125,315.1199951171875,310.5799865722656,311.8599853515625,304.1725769042969,35118700,303.13840148925783,311.38853876418267,313.0747637067522,3.220230581692647,3.7753299066665233,-0.5550993249738765,315.03887620193694,53.44037817271065,-0.5992238609455138,-25.16294643847245,-52.99097574489835,4.467585021486991,317.83901325769887,312.1580017089844,306.4769901602699,1263728500.0,2231041854.438975,3016992.299467087,0.014589939473695468,1
2021-01-19,314.25,316.92999267578125,313.1199951171875,316.4100036621094,308.61041259765625,24537000,303.7284014892578,311.8667735163661,313.4797162737165,3.247133653396361,3.669690656012491,-0.4225570026161303,315.5963850815056,59.10366343944495,2.2954337588686258,77.182551298981,-20.971191966222403,4.51061518596783,318.37231559632573,312.42850189208986,306.484688187854,1288265500.0,2248881227.875048,4913127.711951733,0.02326091231749472,1
2021-01-20,320.1400146484375,324.739990234375,316.510009765625,323.7699890136719,315.7890014648437,30728100,304.3160009765625,313.00041308753816,314.5598579043434,3.818328525045047,3.6994182298190026,0.1189102952260441,317.9317935795252,66.2540448452746,3.819022709400542,213.5283882881761,-4.959107064289747,4.783427427846244,320.73326561329856,313.11400146484374,305.4947373163889,1318993600.0,2272365982.7363653,12714593.499118803,0.00799949478264117,0
2021-01-21,325.1499938964844,327.1300048828125,323.7300109863281,326.3599853515625,318.3150634765625,25130600,304.9510009765625,314.2727533031596,315.821380179269,4.428941553717777,3.8453228945987576,0.5836186591190198,320.4798794960766,68.35110204811373,6.119521455333387,227.5614031872853,-3.5080596948521947,4.684610747034682,323.291104609145,313.9860000610352,304.6808955129253,1344124200.0,2286113590.048032,19124468.784024715,-0.0028801690342508124,0
2021-01-22,325.2900085449219,326.4599914550781,324.7099914550781,325.4200134277344,317.3983764648437,21609400,305.6876013183594,315.33439712454765,316.9103338332403,4.781886291048124,4.032635573888631,0.7492507171594935,322.2760706232252,66.73036533544368,3.3144968179772536,164.5833040648873,-7.7903895403318435,4.474995693675062,325.09896379891075,314.7690002441406,304.4390366893705,1322514800.0,2282039217.2662234,18711711.08054495,0.008266153932863451,0
2021-01-25,328.9100036621094,330.32000732421875,321.4100036621094,328.1099853515625,320.02197265625,39080600,306.58140075683593,316.5511198128348,318.18090384347096,5.218500169876734,4.269808493086252,0.9486916767904816,324.3898619905165,68.99606001508864,2.8461231254140174,138.37727064115944,-9.079795830601087,4.791781977134656,327.1535345364717,315.7644989013672,304.37546326626267,1361595400.0,2301732847.7474837,23107946.16583633,0.0014629575683708929,0
2021-01-26,328.8500061035156,329.760009765625,327.2200012207031,328.5899963378906,320.4902038574219,25498100,307.3580004882813,317.6976794818878,319.40237978980656,5.539397957955202,4.5237263860600425,1.01567157189516,326.1835835460699,69.39656838277104,4.506705141214889,130.17170201686548,-7.10768794831319,4.630941017690887,329.01592703844136,316.715998840332,304.4160706422227,1387093500.0,2303740381.5906425,23444444.363021374,-0.027876696686438662,-1
2021-01-27,326.260009765625,326.2699890136719,317.3599853515625,319.42999267578125,311.5559387207031,55264000,307.9786004638672,317.86266169083,319.66085539318266,4.996974018783419,4.618375912604718,0.3785981061787007,325.2085481189799,54.838349761332616,1.755217575293362,25.546986767644867,-54.26014287147953,5.1023031583078335,329.2620160326188,317.05349884033205,304.84498164804535,1331829500.0,2274154684.1152773,12037158.57761526,0.00591683527462572,0
2021-01-28,320.6700134277344,326.4200134277344,320.0299987792969,321.32000732421875,313.3993835449219,42836300,308.5864007568359,318.1919327035337,320.0671895345052,4.6658228245067335,4.627865294985122,0.0379575295216119,324.8353223119065,56.84979100674455,1.6706741667317655,39.44878874810811,-45.59265723724996,5.237140129282497,329.6632284598018,317.47149963378905,305.2797708077763,1374665800.0,2248613866.5431147,-1850369.2509765625,-0.021038247266078502,-1
2021-01-29,319.5799865722656,320.7200012207031,312.760009765625,314.5599975585937,306.8059997558594,55259000,309.0136004638672,317.8460341183013,319.78990362258185,3.813942074758529,4.465080650939804,-0.6511385761812747,322.7189214447654,48.52505580080248,0.0668017976780054,-49.76713589271271,-79.83785814442837,5.474487088519014,329.6446193453907,317.55099945068355,305.4573795559764,1319406800.0,2218346231.424092,-16994026.423182487,0.024987334467653,1
2021-02-01,318.1099853515625,323.5400085449219,316.0199890136719,322.4200134277344,314.4723815917969,35646000,309.6166009521484,318.28165119539017,320.2536192394438,3.730060222496832,4.318076565251209,-0.5880163427543774,322.97804166029056,56.50099231611599,3.386143965942749,8.933382275168755,-40.02019043319764,5.724881652648241,330.123324848222,317.9850006103515,305.84667637248106,1355052800.0,2243374347.845103,-13680755.821200848,0.01631405939143349,1
2021-02-02,325.4800109863281,328.8699951171875,325.3099975585937,327.67999267578125,319.60260009765625,33930800,310.3680010986328,319.1767313363798,321.17695181710377,4.041432497947994,4.262747751790567,-0.2213152538425724,324.5153994625272,60.87052612330695,3.5618308154716143,94.95007218214116,-13.37392032972554,5.776674512420019,331.0571741621367,318.9035003662109,306.7498265702852,1388983600.0,2254621011.592595,-7503137.944260597,-0.003967247992021972,0
2021-02-03,329.82000732421875,330.20001220703125,326.32000732421875,326.3800048828125,318.3346862792969,24824500,311.0480010986328,319.862757388421,321.88899986630395,4.135626194683539,4.2373234403691615,-0.1016972456856226,325.3956193943015,59.28547247440829,0.806132735492792,87.36753776165718,-19.95946453610702,5.641198110305196,331.7481184367713,319.62950134277344,307.5108842487756,1364159100.0,2230564247.4271083,-11948252.143234253,0.011826660009238044,1
2021-02-04,327.82000732421875,330.3299865722656,326.4599914550781,330.239990234375,322.0995178222656,22350900,311.84520080566404,320.85106527851184,322.89952261788505,4.470214091171442,4.283901570529618,0.1863125206418239,327.0727611380328,62.4150249805887,1.1888727346990378,94.78783361115087,-0.4556776602057,5.520396937387191,332.3831628401846,320.7645004272461,309.1458380143076,1386510000.0,2251875611.671817,-5899614.588294983,0.0033914581828584645,0
2021-02-05,331.2200012207031,332.3999938964844,329.5299987792969,331.3599853515625,323.1918640136719,22732000,312.66460021972654,321.8519148092786,323.9086164202009,4.770757334620839,4.381272723347863,0.3894846112729766,328.68782741361423,63.29659012919413,1.825324712288234,115.7229798975362,-5.295363468689162,5.331082521658642,333.75194511044697,321.5834991455078,309.41505318056863,1409242000.0,2258132688.699591,-897955.2080464363,0.006699665979124747,0
2021-02-08,333.1000061035156,333.739990234375,331.4100036621094,333.5799865722656,325.3572082519531,20462800,313.4467999267578,322.96887402480115,325.05113903227306,5.128952197269825,4.530808618132255,0.5981435791375702,330.531916418353,65.04664160859726,1.6671242768921346,137.63832039556078,-0.7626492424418707,5.12029126174106,335.48039962426884,322.3109985351563,309.1415974460437,1429704800.0,2275785066.548679,6846476.145678043,-0.00020977519472820116,0
2021-02-09,332.6199951171875,334.8099975585937,332.6099853515625,333.510009765625,325.28887939453125,17597500,314.1914001464844,323.97279171440346,326.1177115304129,5.345557404829549,4.693758375471714,0.6517990293578348,331.96389436832555,64.94152955679431,1.4973107771288028,130.3268982278195,-5.895639513157613,4.911699900690355,336.77175196876635,323.2654983520508,309.7592447353352,1412107300.0,2272585831.772704,8374307.348421097,-0.002278821454741675,0
2021-02-10,334.989990234375,335.4599914550781,329.5,332.75,324.5476379394531,28068700,314.8661999511719,324.8087163130317,327.0209974016462,5.393716746772839,4.83375004973194,0.559966697040899,332.8747383919936,63.73685972763025,4.169930072201594,95.16255298520208,-11.938297978175203,4.986577868860909,337.60090448278123,324.2069976806641,310.8130908785469,1384038600.0,2275129012.90964,9047222.53416586,0.005499583988777257,0
2021-02-11,334.3299865722656,335.0,332.1199951171875,334.5799865722656,326.3325500488281,22046100,315.5653997802734,325.7393134805778,328.00890110560823,5.515963402245063,4.970192720234564,0.5457706820104988,334.0286872857277,65.40111900656842,4.126720697683563,100.71517673921804,-3.8766766196175806,4.836108369857451,338.70378909966604,325.1339965820313,311.5642040643965,1406084700.0,2290744805.7359014,13468692.59722042,0.005589173620107468,0
2021-02-12,333.7099914550781,336.6199951171875,332.6300048828125,336.45001220703125,328.1564636230469,20346800,316.2252001953125,326.7593800259543,329.08661687941776,5.698056548738919,5.115765485935436,0.582291062803483,335.39077627430413,67.06454536926374,6.958931465645138,102.7116004146562,-0.7124183340922241,4.775671360180133,339.71515056957566,326.238996887207,312.7628432048384,1426431500.0,2309357963.259,19975417.5078907,-0.0027047217390184786,0
2021-02-16,337.2699890136719,338.19000244140625,334.3399963378906,335.5400085449219,327.2688903808594,27080800,316.85900024414065,327.59563036109404,329.97242751348585,5.7031941172625125,5.233251212200852,0.4699429050616608,336.19983097666875,65.41635218659842,4.069224790888532,96.8452645570082,-10.420741878577688,4.709552413275525,339.7497921195201,327.422998046875,315.0962039742299,1399350700.0,2299158845.8862023,17576138.761103153,-0.004798282851939173,0
2021-02-17,332.4700012207031,335.6600036621094,330.1700134277344,333.92999267578125,325.6985168457031,31360300,317.4520001220704,328.1989029624928,330.5921412876674,5.513791298285298,5.289359229417742,0.2244320688675563,336.3733530320315,62.49018819836466,1.907348675445065,53.773336997684254,-16.75191109937717,4.765297971925487,339.8355194481017,328.2989974975586,316.7624755470155,1367990400.0,2310754570.279185,18686333.511447903,-0.004372148315816782,0
2021-02-18,330.2300109863281,333.8699951171875,328.3599853515625,332.4700012207031,324.2745056152344,32236200,317.9910003662109,328.60567422517954,330.9893797374907,5.186096993003105,5.268706782134815,-0.0826097891317099,336.0675292698538,59.874655194922354,1.865922007102504,23.732682146591085,-22.493129642741422,4.822777211375006,340.2105615061412,328.73399810791017,317.2574347096792,1335754200.0,2326609498.67876,22486496.444503784,-0.004361332456183642,0
2021-02-19,333.8599853515625,333.989990234375,329.9700012207031,331.0199890136719,322.8602905273437,39157700,318.4664001464844,328.8356089669407,331.20709315708706,4.754585130548662,5.165882451817584,-0.4112973212689219,335.3767550046398,57.30911908098956,0.2361914978083972,11.217162810379222,-32.34104233227387,4.765435197253353,340.4305193322618,328.9669982910156,317.50347724976945,1296596500.0,2307907131.696288,16046128.4731946,-0.025919844290464455,-1
2021-02-22,326.5,327.79998779296875,322.2300109863281,322.44000244140625,314.49176025390625,47256900,318.74940002441406,328.22650358355645,330.58547450474333,3.677879356415872,4.8682818327372415,-1.1904024763213696,332.528480662996,45.017343919462014,-2.69193122419185,-189.0635466008727,-98.68426336148626,5.05290254225981,340.5366847265282,328.81799774169923,317.09931075687024,1249339600.0,2264213458.452152,-1949838.863038063,-0.00297727157861738,0
2021-02-23,317.0,323.20001220703125,311.0,321.4800109863281,313.5554504394531,97241900,319.1528002929688,327.5839804790585,329.8866186232794,2.7158127864604467,4.4377880234818825,-1.7219752370214358,329.90389094882795,43.88323452423256,-3.62730861352685,-239.57270452731763,-61.45638085574918,5.56341037545777,340.63380377235376,328.4864990234375,316.3391942745212,1152097700.0,2334036338.8864017,13081803.62513113,0.008243106276978107,0
2021-02-24,318.739990234375,324.45001220703125,315.9599914550781,324.1300048828125,316.1400451660156,58206300,319.5850006103516,327.25503042227314,329.4717144194103,2.142503017850686,3.9787310223556434,-1.8362280045049573,328.4164237725884,47.7931281519521,-2.812510751747548,-146.3816422023121,-51.71017394681255,5.772453973778867,340.5578787894663,328.2634994506836,315.96912011190085,1210304000.0,2387854795.120204,35165911.29694414,-0.03486261111381017,-1
2021-02-25,321.3900146484375,324.0299987792969,311.239990234375,312.8299865722656,305.1186218261719,110182600,319.8046002197266,325.8812167222724,328.0018560500372,0.7674867468124944,3.3364821672470137,-2.56899542043452,324.2547036677675,36.20810179919662,-5.986480368966003,-166.86877458561875,-93.26963439518184,6.280851164825913,341.4519553475092,327.9334991455078,314.4150429435065,1100121400.0,2305067005.668446,14661848.58285904,0.004187667846442977,0
2021-02-26,315.8500061035156,319.1099853515625,310.8800048828125,314.1400146484375,306.3964233398437,104739800,320.00660034179685,324.7630070009548,326.68819085984,-0.2140478269479899,2.6263761684080134,-2.8404239953560038,321.1912013008195,38.08195240072699,-6.109143626082761,-136.4634285246716,-88.06294376764176,6.420074686534777,342.1188291022264,327.5744995117187,313.0301699212111,1204861200.0,2283304989.6731925,-1983350.215288639,0.03008206929648516,1
2021-03-01,319.2699890136719,323.94000244140625,317.94000244140625,323.5899963378906,315.6134338378906,49164500,320.33260009765627,324.6512916997106,326.30871436709447,-0.2267724114826137,2.055746452429888,-2.2825188639125016,321.1576727741189,49.58610721711577,-3.822266429649389,-54.88509420568931,-53.46029809117056,6.661497051280061,341.4432240276462,328.0259994506836,314.60877487372096,1254025700.0,2326733531.314428,5205727.181797028,-0.016038822275540543,-1
2021-03-02,324.25,324.3299865722656,318.1400146484375,318.3999938964844,310.55133056640625,48370000,320.5209997558593,324.05593000416525,325.3919519333612,-0.6481748031079064,1.5149622013223292,-2.163137004430236,319.81488128310065,44.676590279283886,-5.108188058635877,-59.88012156617394,-72.4643365582963,6.627816685033493,341.6852614769045,327.8249984741211,313.96473547133775,1205655700.0,2282426617.991645,-6424188.774989128,-0.02902007038787513,-1
2021-03-03,317.2699890136719,318.239990234375,309.1000061035156,309.1600036621094,301.53912353515625,86301100,320.4841998291016,322.63727035254084,323.6143333798363,-1.708040002672078,0.8703617605234478,-2.578401763195526,316.3527110819699,37.54868233422416,-7.417719149810395,-117.4232401176139,-99.79375192111796,6.818686049886012,342.9722436089537,326.8989990234375,310.8257544379213,1119354600.0,2197258529.872152,-37696801.63396883,-0.016366921654341726,-1
2021-03-04,308.7799987792969,312.0400085449219,300.1099853515625,304.1000061035156,296.6038513183594,139131600,320.365,320.87181661453843,321.44300072079614,-2.922600405834657,0.1117693272518267,-3.0343697330864843,312.2515620067828,34.31954128925113,-8.533099230915177,-153.00181014343104,-89.52200903024989,7.1837815601341095,344.6871194073012,325.78499908447264,306.88287876164406,980223000.0,2151192628.447063,-61720493.56299114,0.015060790793626655,1
2021-03-05,306.79998779296875,309.6099853515625,297.45001220703125,308.67999267578125,301.0709228515625,121523700,320.3601995849609,319.710690525133,319.81395249139695,-3.4755180275524253,-0.6056881437090237,-2.8698298838434018,310.1459841545586,39.399574677755126,-6.748836045960938,-135.7007340691715,-72.43499469650209,7.539223816162477,344.8859158615704,324.70699920654295,304.52808255151547,1101746700.0,2254128104.675423,-33185216.59193182,-0.02831408073653463,-1
2021-03-08,308.1199951171875,310.0599975585937,299.510009765625,299.94000244140625,292.5464172363281,88409800,320.1637994384766,317.8277678504924,317.45519089471725,-4.566315749560033,-1.3978136648792256,-3.1685020846808074,306.2327293777153,33.99590897902817,-6.978042373662585,-131.61374911869527,-93.48340541425564,7.75427838593435,345.7445140531904,323.13600006103513,300.5274860688799,1013336900.0,2172925055.472352,-44332190.160027504,0.039441176488543395,1
2021-03-09,307.4700012207031,313.7300109863281,306.9200134277344,311.7699890136719,304.0848083496094,80391100,320.2351989746094,317.2508365327,316.37271365211126,-4.42518893055842,-2.0032887180150647,-2.4219002125433557,306.1873913355787,44.99289591110651,-3.0204123556127405,-56.08481984298688,-60.81011106267048,8.185401968719173,344.6377558379712,322.04550018310545,299.45324452823974,1093728000.0,2207040566.957004,-34007181.13276577,-0.002854617706068985,0
2021-03-10,316.1600036621094,316.4700012207031,310.1700134277344,310.8800048828125,303.2167358398437,76798100,320.2615991210937,316.6440906612821,315.3093331473214,-4.335185867072312,-2.469668147826514,-1.8655177192457977,306.0150593019586,44.393648198244485,-4.087865918118401,-31.82239046347005,-63.24575601624265,8.050729527594143,343.36250780544617,320.9139999389648,298.46549207248347,1016929900.0,2147552340.105358,-45619824.06233978,0.023031406168461555,1
2021-03-11,315.7699890136719,319.8599853515625,314.8500061035156,318.0400085449219,310.2001953125,53484800,320.3687994384766,316.7770352216288,315.0356196812221,-3.644098435545175,-2.7045542053702465,-0.9395442301749282,307.822488909719,50.14638801580205,1.665448389313121,36.897955874567344,-32.15811235304291,8.117104594819562,341.9822948241264,320.1785003662109,298.3747059082954,1070414700.0,2162178258.386133,-41569492.71125221,-0.008112240663203596,0
2021-03-12,313.8599853515625,318.2300109863281,311.3900146484375,315.4599914550781,307.683837890625,69315600,320.4187994384766,316.6516024819573,314.58623788016183,-3.2669333104838074,-2.817030026392959,-0.4499032840908485,308.7151796000779,48.21090384159299,0.4201874148754486,15.128872003901606,-33.29637315538194,8.025882576467495,340.0724889775055,319.2225006103516,298.37251224319766,1001099100.0,2175351850.017888,-31941896.84740734,0.010682797211916562,1
2021-03-15,315.7900085449219,319.0,314.1000061035156,318.8299865722656,310.97076416015625,42955700,320.5359991455078,316.8590676334153,314.5488555908203,-2.665372040070565,-2.78669842912848,0.121326389057915,310.3909536016929,50.877875972258,-1.4710002841542196,48.26433226250201,-20.81490975839121,7.802604813611558,337.63633656990714,318.3414993286133,299.0466620873194,1044054800.0,2215326711.285428,-12380252.0591259,0.00548881872377871,0
2021-03-16,321.0899963378906,324.20001220703125,319.1000061035156,320.5799865722656,312.67755126953125,54925900,320.6727990722656,317.2134408656868,314.76204485212054,-2.0240876026804813,-2.6341762638388806,0.6100886611583993,312.2769952425977,52.25293175408633,0.6846710796388996,103.99982970500426,-13.950906161763754,7.628849157979706,335.254108150623,317.59349822998047,299.93288830933795,1098980700.0,2192278914.0086694,-10585673.59205866,0.00411755998349328,0
2021-03-17,317.45001220703125,323.8500061035156,315.67999267578125,321.8999938964844,313.9650573730469,78258700,320.92459899902343,317.6597792495723,315.17218729654945,-1.3932905207115027,-2.385999115213405,0.9927085945019024,314.21094763115883,53.3145005976016,4.120840368568159,83.49574674970754,-9.040159944959314,7.667503748676468,333.1407723897632,316.99199829101565,300.8432241922681,1177239400.0,2233180167.376243,4124841.2697930336,-0.03063058570524002,-1
2021-03-18,316.8699951171875,317.8800048828125,311.57000732421875,312.0400085449219,304.34814453125,82718100,320.92819946289063,317.1245629919865,314.7005692254929,-1.669749866066013,-2.2427492653839267,0.5729993993179137,313.27165725391546,45.225901697579815,2.6109839796265817,-3.1385882951044346,-45.72168805056295,7.857681093218551,330.58555200765414,315.9704986572266,301.355445306799,1094521300.0,2162784610.3291464,-12630792.73532486,0.0035252085418311374,0
2021-03-19,311.8699951171875,314.7300109863281,309.6600036621094,313.1400146484375,305.4210205078125,78446200,321.04019958496093,316.7450821973628,314.430999319894,-1.7795708051252177,-2.150113573332185,0.3705427682069673,312.8186199962959,46.2064337613205,1.4448691455493154,-13.016490560470364,-41.629399536559255,7.658561538289994,327.988035306607,315.07649993896484,302.1649645713227,1172967500.0,2192028052.721432,-9032384.72757101,0.01746813069950881,1
2021-03-22,315.2099914550781,320.739990234375,315.2099914550781,318.6099853515625,311.1487121582031,56194800,321.1127990722656,316.92269202157235,314.7675217401414,-1.408981902940866,-2.001887239253921,0.5929053363130556,313.8989975433633,50.91224321460104,6.224572500563162,74.42303838805381,-20.89729665595794,7.654376827407674,327.46331078566305,314.88499908447267,302.3066873832823,1229162300.0,2204933440.493428,-2632923.0944395065,-0.004362650873373064,0
2021-03-23,319.7300109863281,321.0899963378906,316.3800048828125,317.2200012207031,309.7911682128906,53455400,321.0765991210937,316.9510071833943,314.9899028959728,-1.213459623600727,-1.8442017161232829,0.6307420925225558,314.4517552352758,49.721929333599455,1.7480875001064498,65.34909755309077,-26.09349901431075,7.444063586526991,326.9367472286904,314.67199859619143,302.40724996369244,1175706900.0,2170544886.227114,-10717417.593400002,-0.01686528618286398,-1
2021-03-24,318.6300048828125,318.6700134277344,311.7200012207031,311.8699951171875,304.56646728515625,64803700,321.0255987548828,316.467101272327,314.723045421782,-1.4732251665793117,-1.7700064062144885,0.296781239635177,313.53952443057705,45.32908939623511,0.3184477029161721,-3.6341730445751135,-46.09352183119159,7.408774202277295,325.5742249289313,314.05899810791016,302.543771286889,1110903200.0,2108538349.506848,-32779752.700022936,-0.0017315181113173317,0
2021-03-25,309.9700012207031,312.8900146484375,307.3900146484375,311.3299865722656,304.03912353515625,78729000,320.97379821777344,315.9778522532735,314.4631395612444,-1.703033892820372,-1.756611903535665,0.0535780107152934,312.6752999785893,44.8979133730029,-2.109804361833453,-76.37848632564331,-52.12646562230391,7.272433187828917,325.5496954781923,313.98399810791017,302.41830073762804,1032174200.0,2142605731.1763256,-27985654.466987133,0.01500020437848315,1
2021-03-26,311.1099853515625,316.3299865722656,309.6700134277344,316.0,308.5997619628906,63519600,320.972998046875,315.9799615624855,314.65513974144346,-1.491138987317299,-1.7035173202919922,0.2123783329746928,313.20503954759107,49.38210220933773,0.1711813096903519,-33.39740011307595,-47.45377769850114,7.228686041879084,325.6760811625583,314.0769973754883,302.4779135884183,1095693800.0,2199830826.7929573,-5272297.087545395,-0.0002847985376285278,0
2021-03-29,315.45001220703125,316.989990234375,312.4700012207031,315.9100036621094,308.51190185546875,54608000,321.0041979980469,315.9732989053069,314.8297117687407,-1.3153106183667091,-1.6258759799069358,0.3105653615402266,313.64052580455484,49.29884076375903,-0.9158432497359876,-16.17326527544055,-49.31594139752736,7.035207682721426,324.48750904986366,313.69299774169923,302.8984864335348,1041085800.0,2228343229.409913,13570958.771944046,-0.00503306739089926,0
2021-03-30,313.8900146484375,314.9100036621094,311.5400085449219,314.32000732421875,306.9591369628906,44635700,321.0533984375,315.8158425642509,314.8894269670759,-1.289401369153211,-1.558581057756191,0.26917968860298,313.6057235897775,47.76650544255809,-1.952704320372707,-58.279358130867706,-58.7745765481183,6.84483535661186,324.07212068965777,313.48899841308594,302.9058761365141,996450100.0,2257349886.26687,29275230.73513508,0.015302867926037855,1
2021-03-31,316.1600036621094,320.739990234375,315.8099975585937,319.1300048828125,311.6565246582031,55032500,321.10779846191406,316.13147707078053,315.4266656784784,-0.870704558181842,-1.421005757841321,0.5503011996594791,314.84354476000203,52.56946112496966,-0.8605122914549168,66.49416218459851,-30.160666630357824,6.814488753293602,324.64698343189326,313.9874984741211,303.3280135163489,1051482600.0,2276438511.828629,39111974.604715824,0.017046352139166165,1
2021-04-01,323.07000732421875,324.7099914550781,322.8099975585937,324.57000732421875,316.9691162109375,55685600,321.123798828125,316.93514661872706,316.434523664202,-0.0987828783834743,-1.156561181949752,1.0577783035662776,317.2820484520797,57.34644378861496,4.015510330782802,157.10687951495473,-0.8082235468450771,6.726310026077318,325.6072152044184,315.01099853515626,304.41478186589416,1107168200.0,2323918716.7146688,54687800.96012783,0.0199648159796757,1
2021-04-05,327.1300048828125,331.8399963378906,326.8800048828125,331.04998779296875,323.2973022460937,42172500,321.2175988769531,318.27941720675005,317.96204645066035,1.0240463141608984,-0.7204396827276218,1.7444859968885202,320.9623366182843,62.226672105638,5.719477647926532,204.0686095155389,-3.2311212129155,6.765144239476929,328.4058637601065,316.12949829101564,303.8531328219248,1149340700.0,2352657066.409185,65232132.01194954,-0.0006947001275644515,0
2021-04-06,330.7300109863281,332.8299865722656,330.0199890136719,330.82000732421875,323.0727844238281,33537200,321.32559875488283,319.47375912269945,319.3611425490606,1.8737397317337925,-0.201603799835339,2.075343531569131,323.9020462431824,61.95573508550133,3.832278501624296,182.03730756520827,-7.900870543666938,6.482633762270988,329.1589527304895,317.6734985351562,306.18804433982297,1115803500.0,2338216234.662188,59020718.06710911,0.002418196527590011,0
2021-04-07,330.3299865722656,332.4800109863281,329.3699951171875,331.6199951171875,323.85400390625,32046400,321.3957989501953,320.6305435031269,320.6893803187779,2.581917478482296,0.355100455828188,2.2268170226541084,326.485601281791,62.56629968782739,4.539434411787201,140.4847162185987,-4.7562609687662345,6.241732484190249,331.3113971772166,318.665998840332,306.02060050344744,1147849900.0,2352538987.1256604,55671404.685587406,0.010433603238717337,1
2021-04-08,334.5599975585937,335.2699890136719,333.739990234375,335.0799865722656,327.2328796386719,29940800,321.5255987548828,322.0066809382829,322.2526172456287,3.383344746813009,0.9607493140251522,2.4225954327878565,329.4542786365361,65.16989543204798,7.4422008588408115,136.15438537332184,-0.6815014924948404,6.056608299354115,333.86918077333144,319.87599792480466,305.8828150762779,1177790700.0,2375043408.515907,56400691.95498991,0.006058251344889243,0
2021-04-09,333.67999267578125,337.32000732421875,332.9200134277344,337.1099853515625,329.2154235839844,36664900,321.87919860839844,323.4450908824048,323.8939493815104,4.134624193035279,1.5955242898271775,2.5390999032081014,332.35467690158447,66.63609505320147,8.280602541096004,117.69949470457746,-0.701710738560235,5.938278699149134,336.6693332290266,320.8294967651367,304.9896603012468,1214455600.0,2408208106.103628,62124104.89265776,-0.0013051287204360884,0
2021-04-12,336.0400085449219,337.1000061035156,334.7300109863281,336.6700134277344,328.7857971191406,25833000,322.18619873046873,324.7046073152934,325.4025700160435,4.641017745946385,2.204622981051019,2.436394764895366,334.5458031964165,65.98773623122244,6.541143489789359,100.53109633580183,-2.171714184916385,5.684114103869509,338.9434387205186,321.8899978637695,304.8365570070204,1188622600.0,2424667246.459023,64054854.39908791,0.01167312953051236,1
2021-04-13,338.239990234375,341.0799865722656,338.0199890136719,340.6000061035156,332.623779296875,30374000,322.7069989013672,326.21845481893365,327.18447556268603,5.298379429674696,2.823374270775755,2.475005158898941,337.27983123261487,68.89869441488075,7.815517759866241,108.5002929036828,-1.4246983340776231,5.593104035345347,341.7992495000742,322.978498840332,304.1577481805898,1218996600.0,2445512528.5573573,65654127.646725655,-0.012008209819724946,-1
2021-04-14,340.8500061035156,340.9800109863281,335.6700134277344,336.510009765625,328.62945556640625,42564300,322.988798828125,327.19860290909475,328.4731908889044,5.426758483366029,3.34405111329381,2.082707370072219,338.3691727864787,62.868270999075946,7.059685010288711,81.37793027439193,-13.56479850138548,5.572882144148805,343.45119842274,323.775,304.09880157726,1176432300.0,2416414847.225388,51081465.58361244,0.015155494451679408,1
2021-04-15,339.4700012207031,342.010009765625,336.2200012207031,341.6099853515625,333.6099853515625,36342800,323.2673986816406,328.57111552266315,330.1717609223865,5.872332620795987,3.8497074147942456,2.0226252060017416,340.4903911281714,66.77353834710622,7.044145058376713,90.16209673856407,-1.2369340116276328,5.588391172775452,345.883523922025,324.760499572754,303.63747522348285,1212775100.0,2447735890.465412,50441938.89929056,0.0011709974275220247,0
2021-04-16,342.1499938964844,342.2300109863281,340.0799865722656,342.010009765625,334.0007019042969,40860100,323.5799987792969,329.851010212469,331.8145714169457,6.186418777217,4.3170496872787965,1.8693690899382036,342.2337133070634,67.06612299949379,5.373263717489805,96.58131605269816,-0.7168497986376976,5.342793547153098,347.8077139784823,326.2589996337891,304.71028528909585,1253635200.0,2480233972.044359,55934982.22179794,-0.009151793203238223,0
2021-04-19,340.3900146484375,341.5799865722656,336.8999938964844,338.8800048828125,330.9439392089844,34533100,323.75279907226565,330.7109144667875,333.0165719168527,6.112310176613562,4.67610178514575,1.4362083914678117,342.7471544739075,62.43348639441494,2.365206880702399,68.76719952722662,-10.915626709093615,5.326166570152208,348.88043188290544,327.54599914550784,306.21156640811023,1219102100.0,2474921395.29253,51406772.59435129,-0.0072887192667424605,0
2021-04-20,338.20001220703125,339.5199890136719,334.3800048828125,336.4100036621094,328.5318298339844,38081800,323.8537994384766,331.2536848663419,333.86076282319567,5.787554791849743,4.898392386486549,0.8891624053631944,342.4247015116405,58.97166046917221,1.6897395000696471,36.2454864977467,-22.028782612612872,5.312867824488435,349.6900175734243,328.43600006103514,307.181982548646,1181020300.0,2466919846.7272763,42335032.96741962,0.008560996556170153,0
2021-04-21,335.0899963378906,339.4800109863281,333.9700012207031,339.2900085449219,331.3443603515625,36598100,323.9679998779297,332.0190490262067,334.8944779168992,5.696905751226609,5.058095059434561,0.638810691792048,342.8108521404852,61.64233255839597,2.3128923287704515,39.435204961108745,-15.1390340297475,5.326949391712475,350.64079380515153,329.5395004272461,308.43820704934063,1217618400.0,2500993911.871944,45616975.39630318,-0.012054573476628305,-1
2021-04-22,338.8900146484375,339.8999938964844,334.010009765625,335.20001220703125,327.3502197265625,45936100,324.0017999267578,332.321997900571,335.43357427687874,5.23469490610637,5.093415028768923,0.141279877337447,341.9745378038272,56.061304516725,0.0358199950983164,2.4689746165783726,-45.79801943978894,5.367166158794396,350.29650103002706,330.7060012817383,311.1155015334495,1171682300.0,2473619515.92214,34102555.36988163,0.012589501989924479,1
2021-04-23,335.8500061035156,340.7699890136719,335.8500061035156,339.4200134277344,331.4713439941406,36381900,324.1352001953125,332.99799937934847,336.263480195545,5.149547533306418,5.104641529676422,0.0449060036299959,342.2994006381326,60.07760391698241,0.6852446312923101,51.65877575281559,-21.85065389644445,5.381652633640556,349.8868351099284,332.1105026245117,314.33417013909497,1208064200.0,2490036030.8112965,31515315.062906265,0.006511081750188774,0
2021-04-26,339.6700134277344,341.9200134277344,338.8999938964844,341.6300048828125,333.6295471191406,30812000,324.2762005615234,333.8200951415831,337.1700994582403,5.200447940967251,5.123802811934588,0.0766451290326628,343.0597119466971,62.03476990198777,1.4732501432423468,103.749619258493,-4.6656715638697,5.212964554898373,349.994519268748,333.3920028686524,316.7894864685568,1238876200.0,2514930358.297149,35512792.31346893,-0.004332204329756673,0
2021-04-27,341.92999267578125,342.1499938964844,339.1700134277344,340.1499938964844,332.1842956542969,33187200,324.3502001953125,334.42294264204986,337.8137176513672,5.062999259274022,5.111642101402476,-0.0486428421284532,343.2211723837305,59.916334031483686,-0.1321233702193421,82.66600850677015,-22.34175762939653,5.05346569160206,349.3612991804212,334.60400238037107,319.846705580321,1205689000.0,2503570689.150828,30305248.06819057,-0.003380843501747499,0
2021-04-28,339.8099975585937,340.8500061035156,338.3299865722656,339.0,331.0611572265625,33615700,324.4194000244141,334.85885286661653,338.2323840913318,4.805876143592286,5.050488909840438,-0.2446127662481521,342.98021690867705,58.25175492536974,0.7399453692653145,33.980166062675465,-34.69400465466942,4.8725052515769125,347.3819899033936,335.83800201416017,324.2940141249267,1172073300.0,2487830223.928488,20411536.66363287,0.0035988236598911705,0
2021-04-29,342.3699951171875,342.79998779296875,336.8999938964844,340.2200012207031,332.252685546875,37708900,324.5452001953125,335.3694384241486,338.64971734909784,4.646980624483547,4.96978725276906,-0.3228066282855133,343.02931463821847,59.5360846168178,-0.4068921256587083,50.79872776332578,-29.21846540932671,4.945897297641731,345.65747340616326,336.8925018310547,328.1275302559461,1209782200.0,2492559952.3015885,16013428.601970673,-0.006554614597398367,0
2021-04-30,337.70001220703125,340.260009765625,337.04998779296875,337.989990234375,330.0748291015625,38263400,324.6555999755859,335.6190147870273,338.754240054176,4.291640174711347,4.834157837157518,-0.542517662446171,342.42582672102634,56.13657974405025,-1.175409905109171,-32.75466831178956,-54.473441371945206,4.821906202999911,344.26394046097425,337.5635009765625,330.8630614921508,1171518800.0,2476706174.243672,7714052.412683487,-0.005325565386479547,0
2021-05-03,339.2300109863281,340.0,335.7300109863281,336.19000244140625,328.3169250488281,29729700,324.7590002441406,335.6733945636348,338.62343066987535,3.820743187277401,4.631474907181494,-0.8107317199040933,341.4052655529212,53.48203201559186,-0.7937920215553806,-79.13632579387965,-74.85838508887437,4.782483546619338,343.8639957831976,337.82050170898435,331.7770076347711,1141789100.0,2453381834.031835,-3803805.4060354233,-0.01799573975738078,-1
2021-05-04,333.5599975585937,333.8900146484375,326.2099914550781,330.1400146484375,322.40869140625,65147000,324.9130004882812,335.1464060002827,337.89195571172803,2.92564545936699,4.290309017618593,-1.3646635582516031,338.9491280737944,45.66567952915676,-1.8637938662399167,-285.38707122261394,-76.3108857089774,5.1537355065985375,343.9926110571483,337.7865020751953,331.5803930932423,1076642100.0,2454908908.9745154,-7683968.358654976,-0.003362257890255016,0
2021-05-05,332.25,333.1400146484375,328.2300109863281,329.0299987792969,321.3246459960937,46219300,325.06400024414063,334.56389102685546,337.0580030168806,2.1024691022479374,3.8527410345444624,-1.750271932296525,336.6118301435573,44.38399254048871,-3.0239646046831874,-200.1529713760701,-83.00176041764391,5.136326089135026,344.4525019652508,337.6570022583008,330.8615025513508,1030422800.0,2423750646.9468074,-18486757.633665085,0.007537340046588348,0
2021-05-06,328.760009765625,331.6700134277344,326.45001220703125,331.510009765625,323.74664306640625,46814300,325.2116003417969,334.27304519245257,336.47257516043527,1.6314062333034371,3.408474074296257,-1.77706784099282,335.318409644286,47.90219309821766,-1.100836010449539,-155.74508481158213,-68.05292657936319,5.142302884247033,344.70901310228174,337.47850341796874,330.24799373365573,1077237100.0,2467695039.786871,-7243159.375815392,0.00811439281519144,0
2021-05-07,334.3699951171875,336.6499938964844,331.69000244140625,334.20001220703125,326.3736572265625,53324500,325.63900085449217,334.2660896700315,336.1603379022507,1.4583354483074231,3.0184463490984905,-1.5601109007910674,334.9454531775884,51.48697618792843,-1.5379179229849718,-48.86131759808916,-51.83832118332441,5.142137259005057,344.70308825205416,337.3330047607422,329.96292126943024,1130561600.0,2468340397.178475,-1779695.520655632,-0.025254345102111553,-1
2021-05-10,332.7799987792969,332.9599914550781,325.54998779296875,325.760009765625,318.1312561035156,60700500,325.87140075683595,333.4559868219928,335.05814790271575,0.6328429240153923,2.5413256640818718,-1.908482740066479,332.4448739752744,41.774512421259736,-4.645375081334351,-134.94679919526982,-98.78248131793478,5.392700627223446,345.72208794787304,336.7875045776367,327.8529212074004,1069861100.0,2411080769.63483,-17601824.023736,-0.00138142249981843,0
2021-05-11,319.70001220703125,326.1300048828125,319.0199890136719,325.3099975585937,317.6917419433594,71963600,325.90580078125,332.68017832071666,333.96505199614023,-0.057020773059321,2.021656376653633,-2.078677149712954,330.28371917650963,41.3268702970424,-4.36278012764182,-160.09545570160756,-73.54916371821699,5.515366001646101,346.0693236896114,336.02300415039065,325.9766846111699,997897500.0,2466445059.545165,-4858436.710458756,-0.02588295156419107,-1
2021-05-12,320.2300109863281,322.6199951171875,316.0,316.8900146484375,309.46893310546875,91164900,325.87560119628904,331.176353209071,332.1428625197637,-1.268542012625403,1.3636166987978258,-2.6321587114232288,326.3461128318802,33.98817296202791,-6.522119572732301,-170.97083612823388,-96.67904830661526,5.786411112856644,348.0898362742977,335.04200439453126,321.99417251476484,906732600.0,2399793197.693088,-20410967.334282875,0.007731331301717326,0
2021-05-13,319.9200134277344,322.3999938964844,316.8999938964844,319.3399963378906,311.8616027832031,69877800,326.0792010498047,330.04908112610144,330.6474331810361,-2.007843110988574,0.6893247368405457,-2.69716784782912,323.78972710708047,37.46775281372499,-6.137206750895135,-129.59453839378435,-87.53732142084442,5.766665979655946,348.28013653359113,333.92850494384766,319.5768733541042,976610400.0,2391916125.9113054,-27424164.762388702,0.022076840957583332,1
2021-05-14,322.6000061035156,327.3299865722656,322.0799865722656,326.3900146484375,318.7464294433594,44370000,326.52500122070313,329.7005986044192,329.92948172433034,-2.0017915922154543,0.1511014710293456,-2.1528930632448,323.5731518842663,46.248087407711225,-3.432047078640891,-62.15955010551716,-61.231270966610566,5.925474854993023,347.35430320735287,333.14750518798826,318.94070716862365,1020980400.0,2420397914.764542,-18737706.82400322,-0.006066395715141115,0
2021-05-17,324.6300048828125,326.3699951171875,321.45001220703125,324.4100036621094,316.8128356933594,39395000,326.8396014404297,329.19673241943724,329.0973387218657,-2.132187528357008,-0.305556328847925,-1.826631199509083,322.93503264223307,44.364005334769416,-3.503970580252452,-67.1791103522215,-68.61937502704451,5.855083968308254,346.86131016087336,332.42400512695315,317.98670009303294,981585400.0,2428405056.398851,-10933001.072474005,-0.006750724135151098,0
2021-05-18,325.3900146484375,326.6499938964844,321.94000244140625,322.2200012207031,314.6741027832031,36528500,327.28520141601564,328.5322818290816,328.1255288260324,-2.384752202672928,-0.7213955036129257,-1.6633566990600022,321.89731761287504,42.31086052915519,-2.398986210795535,-62.10222124802952,-76.79102964989035,5.773291645934673,346.6834367379384,331.7145050048828,316.74557327182725,945056900.0,2396219636.638845,-16987073.09117031,0.0011482686232568984,0
2021-05-19,316.6600036621094,322.8999938964844,316.29998779296875,322.5899963378906,315.0354309082031,66319100,327.5016015625,327.9663498775396,327.25652800060453,-2.5259385654790094,-1.0823041159861426,-1.4436344494928668,321.1985431158677,42.7925613786977,-1.9572690834570388,-86.57603436645805,-72.83596997051393,5.832342678619027,345.9278828472913,330.87950439453124,315.8311259417712,1011376000.0,2456308815.403717,1199824.6073827744,0.019343408987298583,1
2021-05-20,324.1199951171875,329.7099914550781,323.8900146484375,328.8299865722656,321.1293029785156,46466100,327.86060119628905,328.04860099132304,327.0613358270554,-2.109992038263158,-1.287841700441546,-0.8221503378216122,322.3017211766409,50.32587695675516,-0.8084290411786149,13.373374344665852,-46.5417226155599,5.924317852802489,345.49936543604633,330.56100311279295,315.6226407895396,1057842100.0,2488723177.3147964,18844504.764190678,-0.00553470450068172,0
2021-05-21,330.42999267578125,330.8599853515625,326.6400146484375,327.010009765625,319.3519897460937,50330400,328.0400012207031,327.94968754125654,326.72314598446803,-1.9052458486578985,-1.4113225300848165,-0.493923318573082,322.78553475813874,48.32698205928192,-2.151406995446836,39.41723348120539,-46.68274566657652,5.802578770682669,344.3779571716975,329.9405029296875,315.5030486876775,1007511700.0,2447218432.067472,11143590.907446384,0.01681905701890285,1
2021-05-24,329.3699951171875,333.6700134277344,326.8999938964844,332.510009765625,324.72314453125,32475800,328.38100158691407,328.38400394357734,326.967860921224,-1.2843735251933026,-1.3859327291065138,0.1015592039132111,324.65413017687445,54.24189260055012,2.0720775410267307,87.04370318451025,-20.04835522767007,5.871681682151764,342.96040476794474,329.4845031738281,316.00860157971147,1039987500.0,2468565151.3444285,13772301.289860249,0.0013833913012193388,0
2021-05-25,334.07000732421875,334.8099975585937,331.760009765625,332.9700012207031,325.17236328125,31280300,328.66380187988284,328.82076558901787,327.29981311616444,-0.7466038847496179,-1.2580669602351346,0.5114630754855167,326.3404533371717,54.708841696971085,2.354678220650055,114.1250587305766,-17.820793043467976,5.670132118638688,341.8047622597754,329.12550354003906,316.44624482030275,1071267800.0,2462103898.6858864,11539802.301324368,0.003483808324643789,0
2021-05-26,333.6600036621094,334.6099853515625,332.95001220703125,334.1300048828125,326.3052062988281,25444900,328.93480224609374,329.3264074265221,327.77643229166665,-0.2242301833248348,-1.0512996048530747,0.8270694215282399,328.0478159101993,55.930182913538914,5.440370298035835,113.17504661710548,-12.20334023488936,5.383692191916728,340.96646917690606,328.8820037841797,316.7975383914533,1096712700.0,2472834036.4988804,12991569.082755089,-0.003741058814632381,0
2021-05-27,333.6700134277344,334.5400085449219,332.6700134277344,332.8800048828125,325.08447265625,27931700,329.15440246582034,329.6648452795022,328.15719430106026,0.0878771916754317,-0.8234642455473735,0.9113414372228053,329.13699052775087,54.2330231150831,4.239997714096333,107.33870389661745,-10.260462128021064,5.132713829436069,339.6047430872287,328.5150039672852,317.4252648473416,1068781000.0,2451175527.559002,5513078.186765194,0.0031542531169403976,0
2021-05-28,334.1199951171875,335.57000732421875,333.6000061035156,333.92999267578125,326.1098937988281,29927400,329.5922021484375,330.0710497934336,328.67290751139325,0.4151640223350341,-0.5757385919708919,0.990902614305926,330.3084800569963,55.45574344051988,2.310112959633658,104.9932727057234,-8.380245450434298,4.958234444576796,338.83468556970854,328.31200408935547,317.7893226090024,1098708400.0,2431274151.948264,-4379749.254716873,-0.003324006156704251,0
2021-06-01,335.29998779296875,335.7900085449219,331.42999267578125,332.82000732421875,325.02593994140625,31145400,329.9858020019531,330.33285527255595,329.1022411528088,0.5783082744669059,-0.3449292186833324,0.9232374931502384,330.98074058044693,53.81882589002017,2.592399607648613,78.53281906585687,-15.007579273962612,4.915504546331356,338.2561253533994,328.1435043334961,318.0308833135928,1067563000.0,2419987653.1682625,-11619814.705803871,0.0019529892499856594,0
2021-06-02,333.25,334.3399963378906,331.70001220703125,333.4700012207031,325.66064453125,22047900,330.28300231933594,330.6316310771414,329.609526570638,0.7513888025009692,-0.1256656144464721,0.8770544169474412,331.6959081885004,54.66276672529635,3.491403375762004,66.33129973555351,-11.90356518212664,4.752967373797643,338.6555978411224,328.3100036621093,317.9644094830963,1089610900.0,2427503976.9212537,-11133755.313859465,-0.010405737271721005,-1
2021-06-03,330.54998779296875,331.8599853515625,328.2799987792969,330.0,322.2719116210937,37057800,330.5386022949219,330.57147573646125,329.77047860281806,0.6016211552635582,0.0197917394955339,0.5818294157680243,331.3741341239632,49.46572241638282,2.297034547329208,11.109247985937138,-29.707554540913705,4.784184164341115,338.72621556442414,328.3585037231445,317.9907918818649,1052553100.0,2426054948.043674,-10383807.904215813,0.016969715465198876,1
2021-06-04,331.8500061035156,336.0599975585937,331.7799987792969,335.6000061035156,327.7408142089844,38736500,331.0132025146484,331.05038339046644,330.4601454961868,0.9241498825771828,0.2006633681118637,0.7234865144653191,332.5554158826226,56.63177532599881,2.058820608734897,78.26222405481718,-2.3278908286689326,4.875313692502013,339.3251427976959,328.56300354003906,317.80086428238224,1091289600.0,2456465062.9587884,542916.9549212456,0.0029797377288829363,0
2021-06-07,335.04998779296875,336.6600036621094,334.3399963378906,336.6000061035156,328.7174072265625,32611900,331.51860290527344,331.5789188869473,331.225574311756,1.246083787081318,0.4097474519057545,0.8363363351755634,333.7720524515417,57.7830449289819,2.9326308221463857,94.22024879979828,-0.2946832604619254,4.692791809053208,339.74327223669525,328.6830032348633,317.62273423303134,1123901500.0,2487390214.5070243,14803405.621287346,0.0004753525228997635,0
2021-06-08,338.3999938964844,339.2900085449219,335.0299987792969,336.760009765625,328.8735656738281,27282800,331.9338031005859,332.072356113488,331.9948130289713,1.496874644999764,0.6271728905245564,0.8697017544752075,334.793928718,57.97527656587626,1.2781570103696067,109.76705261286943,-11.004769445812435,4.6618788059511935,340.7420596309473,329.2330032348633,317.7239468387793,1151184300.0,2482266773.91444,17661292.103406906,0.0002375180245459685,0
2021-06-09,338.1700134277344,338.9700012207031,336.6499938964844,336.8399963378906,328.95172119140625,21485300,332.35240295410154,332.52641708724065,332.719288562593,1.6826855036065922,0.8382754131409637,0.8444100904656285,335.6305404071308,58.07804301541068,1.16226540018611,132.813159894804,-15.909176480846254,4.4946022715417335,341.6257735040311,329.80950317382815,317.9932328436252,1172669600.0,2464300651.989208,11508362.133208277,0.010420406732530862,1
2021-06-10,337.19000244140625,340.4599914550781,336.7300109863281,340.3500061035156,332.3795166015625,33702100,332.8730029296875,333.2715208030764,333.72314598446803,2.089088687481194,1.0884380680090098,1.0006506194721845,337.20133826346023,62.420839561695296,1.8615512314988385,164.2102018630873,-0.7958432427299766,4.439986428485181,342.0711607436678,330.98250274658204,319.8938447494963,1206371700.0,2496015214.870476,18036036.95914793,0.0026149085203444056,0
2021-06-11,340.3599853515625,341.25,339.69000244140625,341.239990234375,333.2487487792969,21222800,333.3152026367188,334.0304226536762,334.700049554734,2.4546843469673263,1.3616873238006733,1.092997023166653,338.68848691337803,63.454598539658825,2.511411087759855,169.75700154285502,-0.0697544346169087,4.23427293777865,342.66503556611696,332.07750244140624,321.4899693166955,1227594500.0,2516965661.554618,25732860.882064342,0.009582755904441465,0
2021-06-14,341.67999267578125,344.5199890136719,340.4599914550781,344.510009765625,336.442138671875,27827700,333.71400268554686,335.02847856909995,335.8840978713263,2.9740023408300544,1.6841503272065497,1.2898520136235048,340.7179718471779,67.04204363174564,3.168333878926558,179.79362420967894,-0.061448608668202,4.2218246964083,344.5271783721548,332.98350219726564,321.43982602237645,1255422200.0,2544656563.678823,35352952.17349863,-0.006531014879743835,0
2021-06-15,344.1499938964844,344.4700012207031,341.5199890136719,342.260009765625,334.2448425292969,35963800,333.938203125,335.71719582591186,336.76757478259856,3.1674964688896807,1.980819555543176,1.1866769133465047,341.75230508304344,62.49611706951501,2.83636867786323,134.3001645346737,-13.916136742885488,4.133838700375788,345.3903403278857,333.8760025024414,322.36166467699707,1219458400.0,2526736050.588388,30372557.884538174,-0.0036521941340911246,0
2021-06-16,342.739990234375,343.8399963378906,337.45001220703125,341.010009765625,333.02410888671875,55399500,334.14200317382813,336.22127334397976,337.44700404575894,3.183282506897797,2.2213121458141005,0.9619703610836964,342.2257068317762,60.05959823869984,2.26107551423542,78.9114767470017,-21.613185706339543,4.294991945410329,345.4011380120782,334.8155029296875,324.2298678472968,1164058900.0,2533065055.9206195,27587756.65526104,0.012697535111188207,1
2021-06-17,339.9700012207031,346.3800048828125,339.9200134277344,345.3399963378906,337.252685546875,59722700,334.41640319824216,337.0897231529237,338.4493367513021,3.504785795923681,2.4780068758360168,1.026778920087664,343.68596208305826,65.1308922681845,4.648483738754734,117.75653224160548,-5.745901625524152,4.449634767529457,345.9099319297457,335.9530029296875,325.9960739296293,1223781600.0,2573557972.4889464,36824651.72818279,-0.007847314194173394,0
2021-06-18,343.6300048828125,344.8099975585937,341.8599853515625,342.6300048828125,334.6061706542969,55414900,334.5674035644531,337.6173690319607,339.0852416992187,3.5005536037761544,2.682516221424045,0.8180373823521099,344.1257324858464,59.99639885418919,2.094755259667211,87.46395916058593,-20.71822505778949,4.380375926015077,346.4412194311917,336.6430038452148,326.844788259238,1168366700.0,2547072142.8301206,28828376.48218918,0.005049121338166707,0
2021-06-21,342.42999267578125,344.69000244140625,340.1499938964844,344.3599853515625,336.6856994628906,32992600,334.7124035644531,338.25952296716093,339.8201923188709,3.5953495749138824,2.865082892122012,0.7302666827918705,344.87972353067465,62.05298162317929,2.305400804318591,76.49738567883205,-11.16032513855144,4.391778255936991,346.80277133927365,337.51050262451173,328.2182339097498,1201359300.0,2575268222.4136305,31907891.34156418,0.009321704347789117,0
2021-06-22,344.1499938964844,348.0299987792969,343.8399963378906,347.57000732421875,339.82421875,28941600,334.93040344238284,339.1462357630712,340.77824038550966,3.8847174068158665,3.0690097950607838,0.8157076117550832,346.27473332885023,65.58812423978706,3.210000369734277,123.28067838598332,-2.329070658623422,4.377365697756224,348.22924200320267,338.2635025024414,328.2977630016801,1230300900.0,2597855225.306608,37453749.12802315,0.0004890609275087776,0
2021-06-23,347.510009765625,348.9200134277344,346.8800048828125,347.739990234375,339.99041748046875,27188500,335.073203125,339.96468856986206,341.6807630266462,4.080719702058445,3.271351776460316,0.8093679255981292,347.40338731946986,65.769976380844,3.2359559479244213,140.0765705254245,-6.884610180114093,4.210411615410913,349.4657952817963,339.002001953125,328.53820862445366,1257489400.0,2593589876.0837555,34960466.276301384,0.006182850619548708,0
2021-06-24,349.7300109863281,351.4599914550781,349.1700134277344,349.8900146484375,342.092529296875,32581600,335.34080322265623,340.9099577202026,342.71771661667594,4.359290744728583,3.4889395701139696,0.8703511746146129,348.8241881254104,68.06851597869928,2.802999375302004,164.66470439343644,-9.17042788794056,4.175382301503213,351.01362417180417,339.7900024414063,328.5663807110084,1290071000.0,2581496500.4180927,26914370.46367693,-0.0012290239085315235,0
2021-06-25,350.4700012207031,350.7200012207031,348.8399963378906,349.4599914550781,341.67205810546875,28682800,335.4978033447265,341.72424664733364,343.6386679513114,4.493562039148287,3.689864063920833,0.803697975227454,349.8116862682429,67.09803337638057,2.408862224810566,137.3515969111699,-12.17285996084535,4.011426771596733,352.1243418107422,340.6190017700195,329.11366172929684,1261388200.0,2571731944.84378,18069120.815442085,0.012161621083729424,1
2021-06-28,350.7799987792969,353.8500061035156,350.7200012207031,353.7099914550781,345.8273010253906,39130300,335.73180297851565,342.8657461528331,344.8854288736979,4.886583001566578,3.9292078514499824,0.9573751501165956,351.6556841573606,71.43301804558357,2.6704541025417523,155.97999480771327,-0.8140380759745214,4.038468762799645,354.0090742267095,341.6080017089844,329.20692919125923,1300518500.0,2607361409.923145,24144610.228649616,0.003618780385680642,0
2021-06-29,353.5299987792969,355.0199890136719,352.6700134277344,354.989990234375,347.0788269042969,29426000,336.0540026855469,344.0204360653609,346.15990397135414,5.240926017176491,4.191551484595284,1.049374532581207,353.42680004498743,72.60376206162884,3.7193887996051065,145.4348804914639,-0.1640175797479215,3.917862107309492,355.7257772557732,342.7165008544922,329.7072244532112,1329944500.0,2636036130.5610337,33558847.898049355,-0.0015775023916140274,0
2021-06-30,354.8299865722656,355.2300109863281,353.8299865722656,354.42999267578125,346.53131103515625,32724000,336.4144024658204,345.0118224092105,347.27547462100074,5.414147366416898,4.436070660959607,0.9780767054572914,354.65553746723333,71.2284155461872,3.935363340032088,125.0818268407526,-4.499540863177232,3.738016557791849,357.0004245393328,343.7645004272461,330.5285763151594,1297220500.0,2631361069.6141334,32871803.19805813,0.0003950417609426271,0
2021-07-01,354.07000732421875,355.0899963378906,352.67999267578125,354.57000732421875,346.6681823730469,29290000,336.7200024414062,345.92212573444937,348.3045705159505,5.499331673344841,4.648722863436654,0.850608809908187,355.6183543207967,71.37442442244807,2.672731535358336,101.07071973965589,-3.712056847146061,3.6431584938145294,357.42732168201314,344.99300079345704,332.55867990490094,1326510500.0,2648011687.815752,34900317.68511677,0.011478712920286904,1
2021-07-02,356.5199890136719,358.9700012207031,356.2799987792969,358.6400146484375,350.64752197265625,32727200,337.1888024902344,347.1333532500673,349.6042861211868,5.828074017475728,4.884593094244469,0.9434809232312596,357.38165979656645,75.29856114758728,4.672681766764939,132.47526996918012,-1.5333956353601352,3.697218165433804,359.1414023996698,346.14500122070314,333.1486000417365,1359237700.0,2672709499.900248,40415803.12169743,0.004321848454328592,0
2021-07-06,359.260009765625,360.4800109863281,356.489990234375,360.19000244140625,352.1629943847656,38842400,337.6042022705078,348.37684364924246,350.9419052850632,6.142864635051808,5.136247402405937,1.0066172326458709,359.1440920427389,76.61340639866243,4.596938600076498,126.6640536964868,-1.2592642652790031,3.7181326358994697,360.9102505507061,347.32450103759766,333.7387515244892,1398080100.0,2705905499.2394195,49560337.57897186,0.0021100245994436495,0
2021-07-07,362.4500122070313,362.760009765625,358.94000244140625,360.9500122070313,352.9060363769531,35265200,337.9906024169922,349.5742882737938,352.2395730154855,6.3801188650538165,5.385021694935513,0.9950971701183038,360.6964728569651,77.25278228501234,3.8495855801307615,129.57714932589576,-7.92468410159498,3.725409399350847,362.4455159373743,348.534001159668,334.62248638196166,1433345300.0,2707751953.940876,49383306.57295942,-0.006039681727754154,0
2021-07-08,355.739990234375,359.6499938964844,354.4200134277344,358.7699890136719,350.7745666503906,50890000,338.3630023193359,350.45006929663936,353.2144290015811,6.319388917407935,5.571895139429998,0.7474937779779367,361.31076132782965,71.23662419757746,3.1719097857749152,75.57823006344572,-17.647138219831692,3.925737212204138,363.1333204004083,349.63050079345703,336.1276811865057,1382455300.0,2741516288.27007,55564690.57770157,0.006243612399441156,0
2021-07-09,358.1700134277344,361.5,357.57000732421875,361.010009765625,352.9647216796875,35184500,338.80320251464843,351.4557779127332,354.2981917608352,6.378483760092934,5.733212863562585,0.6452708965303486,362.3032796272501,73.51865141195071,3.178140173094293,99.781068247931,-7.739932648116776,3.9260411738882177,364.3284528014399,350.6635009765625,336.9985491516851,1417639800.0,2767927203.775824,61445576.18804503,0.0039057190215439075,0
2021-07-12,362.4500122070313,362.8900146484375,360.8299865722656,362.4200134277344,354.34326171875,25717700,339.24720275878906,352.4999908189238,355.4178596133278,6.464572789258341,5.879484848701737,0.5850879405566038,363.3913212788101,74.87017405643226,3.708585328664788,117.57003599740987,-2.4671956375123982,3.792754524051336,365.58351150109297,351.72250213623045,337.8614927713679,1443357500.0,2781909772.072048,62714430.56034327,0.0,0
2021-07-13,362.0299987792969,365.4700012207031,361.5400085449219,362.4200134277344,354.34326171875,39723000,339.7358032226563,353.44475487690573,356.4366702125186,6.458351113655681,5.995258101692526,0.4630930119631546,364.1917674706593,74.87017405643226,2.4624755260164712,116.04768782075163,-16.40660782031562,3.802557249174901,366.8096632026931,352.6180023193359,338.4263414359787,1443357500.0,2759976339.0477734,50553375.8812561,0.0017934823475580508,0
2021-07-14,364.8299865722656,365.489990234375,362.2200012207031,363.0700073242188,354.97882080078125,35336400,340.2734033203125,354.36144558617366,357.4320992606027,6.431728503559327,6.082552182065887,0.3491763214934407,364.9258697199085,75.53765626988502,2.276125330888665,110.49345492615402,-14.534437220827868,3.764516660924685,367.7106891594509,353.65850219726565,339.60631523508044,1478693900.0,2743010738.18544,35584491.794409275,-0.007023489297120045,0
2021-07-15,362.9800109863281,363.1900024414063,358.4599914550781,360.5199890136719,352.485595703125,53391600,340.8810028076172,354.9479735316497,358.0855741954985,6.134154017844139,6.092872549221537,0.0412814686226017,364.777110626538,67.91613156749294,1.7182508432522854,54.39569253911617,-29.849868123690623,3.8334805413106494,367.7136301156176,354.63400115966795,341.55437220371834,1425302300.0,2736124977.58722,24034979.769046783,-0.008099364804001197,0
2021-07-16,361.3999938964844,362.4100036621094,357.239990234375,357.6000061035156,349.6307067871094,47262000,341.4524029541016,355.2005480623036,358.3680508568173,5.598173615771714,5.993932762531573,-0.3957591467598593,363.81364955007183,60.40088318324538,0.8545558611014283,12.31493151108356,-53.41902504840046,3.928947176055201,367.6589856622288,355.2470016479492,342.8350176336696,1378040300.0,2695445192.6027737,4181613.2846159935,-0.00819349168280803,0
2021-07-19,354.04998779296875,355.17999267578125,352.0400085449219,354.6700134277344,346.7659912109375,64404600,341.91560302734376,355.1500209542494,358.3130995977493,4.8807174905441,5.771289708134079,-0.8905722175899786,362.1889712552269,53.94981985535187,-1.1069599204078722,-112.15365553424716,-80.44603373047836,4.0454507748079545,366.841571871202,355.8490020751953,344.8564322791886,1313635700.0,2738929298.67036,9515486.80934286,0.011616417969394943,1
2021-07-20,355.6300048828125,360.2799987792969,353.79998779296875,358.7900085449219,350.7942199707031,42183700,342.40740295410154,355.49668643907535,358.59319545200896,4.591647857727821,5.535361338052828,-0.9437134803250062,361.8633509369859,60.36084212781022,-0.3886820530817255,-33.50564926291211,-49.814058071967125,4.219347932773681,366.270231982735,356.5705032348633,346.87077448699154,1355819400.0,2761713864.569379,18082116.327388287,0.007720362740605946,0
2021-07-21,358.3500061035156,361.55999755859375,358.1199951171875,361.55999755859375,353.5024108886719,30259900,343.12340270996094,356.0741446409342,359.0683853876023,4.533810113931224,5.335051093228508,-0.8012409792972832,362.2603418383224,63.99060159503341,0.1689944122269683,32.98304237759834,-29.219316178422574,4.163680397676008,366.26471035208647,357.270002746582,348.27529514107755,1386079300.0,2791973764.569379,29570967.827735424,0.00661028505524941,0
2021-07-22,361.7699890136719,363.9599914550781,361.7699890136719,363.9500122070313,355.83917236328125,30252200,343.89620300292967,356.8242272662768,359.704576764788,4.627484729761648,5.193537820535136,-0.5660530907734884,363.1538360038921,66.81425986096528,1.443828456109252,105.87839018677,-11.449666348254404,4.0377027904480345,366.3893782796231,358.0805038452149,349.77162941080667,1416331500.0,2821950262.4038887,41120659.31360912,0.011677427826496167,1
2021-07-23,365.30999755859375,368.489990234375,363.9200134277344,368.2000122070313,359.9944152832031,31960800,344.9224029541016,357.90763535587246,360.6683394659133,4.987172993107379,5.152264855049585,-0.1650918619422059,364.936299929467,71.14697964225316,1.991635203155226,179.18411456915905,-1.7627863229149443,4.075722363033219,367.5253003823823,358.9960037231445,350.4667070639068,1448292300.0,2849855055.0636067,50986089.01195812,0.0007875557244159115,0
2021-07-26,367.489990234375,368.8900146484375,366.6000061035156,368.489990234375,360.2779846191406,28438100,345.90540283203126,358.9154786776346,361.5725286574591,5.2352783071052045,5.168867545460709,0.0664107616444953,366.41576407287374,71.42114636609934,1.6748459195813596,161.88206636112974,-2.374031270997812,3.948171376025266,368.2521736101348,359.9475036621094,351.642833714084,1476730400.0,2868357878.3461666,56274109.56828261,-0.011017931738149467,-1
2021-07-27,368.2200012207031,368.2200012207031,360.1600036621094,364.4299926757813,356.30841064453125,57933100,346.6662023925781,359.440670486982,361.9994323730469,5.046127072006527,5.144319450769872,-0.0981923787633451,366.51405536481616,62.47069093539987,0.5545994077525513,62.65881197408692,-26.468963543732148,4.26115817575672,368.4869772521123,360.48350372314457,352.48003019417683,1418797300.0,2871807849.1795325,54419280.55482483,0.003841599002883944,0
2021-07-28,365.6000061035156,367.4500122070313,363.239990234375,365.8299865722656,357.6772155761719,42066200,347.4946020507812,360.04917678081847,362.5086212158203,4.952106363064672,5.105876833228833,-0.1537704701641606,366.8977808665268,64.13954795829197,0.7601782555346626,79.53007817828359,-18.16039743471324,4.257505589820976,368.9351034669488,361.0255035400391,353.11590361312943,1460863500.0,2881499718.214138,51797056.05534601,0.0017768483665132617,0
2021-07-29,365.25,367.6799926757813,365.25,366.4800109863281,358.312744140625,25672500,348.37980224609373,360.6616371813432,363.0280981154669,4.873862953328171,5.059474057248701,-0.1856111039205297,367.3233661603588,64.91956087134243,1.6531737918227414,87.85650001594557,-14.302687175920648,4.126968953103857,369.26737086745857,361.6280044555664,353.9886380436743,1486536000.0,2881816973.1308737,46116449.319489,-0.005211753997083846,0
2021-07-30,362.4400024414063,365.1700134277344,362.4100036621094,364.5700073242188,356.4453125,36484600,349.21940246582034,361.03386290923606,363.30828886486233,4.604653574325596,4.96850996066408,-0.363856386338484,367.12095768096736,60.73892494544887,1.949105453506495,30.81956627297675,-25.638016376251382,4.122900265326349,369.1371364025168,362.1280044555664,355.11887250861605,1450051400.0,2902438598.3276906,46161586.46112633,8.228537371191003e-05,0
2021-08-02,366.2799987792969,366.8800048828125,363.8699951171875,364.6000061035156,356.4746398925781,27334100,349.9348028564453,361.3734955944056,363.54371759323845,4.34365292559994,4.8435385536512525,-0.4998856280513122,366.91089090417216,60.78164287920895,2.7997835452205577,49.39473344794133,-25.45998214224265,4.043408086776252,369.3225002052847,362.42600402832034,355.529507851356,1477385500.0,2888363055.5119715,37504961.99032879,0.006061413653544179,0
2021-08-03,365.2799987792969,366.9299926757813,362.0,366.80999755859375,358.6354064941406,35558500,350.7308026123047,361.89125768623296,363.9612407865978,4.265960534261524,4.728022949773306,-0.4620624155117827,367.2646922342947,63.89802501764085,2.235287723366952,48.353489820817614,-12.344310601820908,4.10673555741947,369.82576289739967,362.7570037841797,355.6882446709598,1512944000.0,2922190580.780316,41317377.11126423,0.0014448864066531897,0
2021-08-04,366.7699890136719,368.3200073242188,365.6300048828125,367.3399963378906,359.15362548828125,29602200,351.42740234375,362.410185176867,364.39771626790366,4.198754597125401,4.622169279243725,-0.4234146821183246,367.6472865943501,64.62402840067328,1.59862784000605,77.83470785862536,-9.198918392222277,4.005540334847102,370.3639412831753,363.0765029907227,355.7890646982701,1542546200.0,2930223669.337936,41676859.00986576,0.006342944174531295,0
2021-08-05,368.1799926757813,369.9100036621094,367.4500122070313,369.6700134277344,361.4317321777344,21443900,352.1614025878906,363.1015973912353,365.0256696428572,4.284121626796889,4.554559748754358,-0.2704381219574694,368.52156268371465,67.69933272015956,1.5716447393465869,109.8205619272186,-1.3429787350315303,3.9030022626593626,371.1649990907061,363.6215042114258,356.07800933214554,1563990100.0,2947483549.4493384,43526894.45747948,-0.004382356090352091,0
2021-08-06,368.3699951171875,369.3699951171875,366.9100036621094,368.0499877929688,359.8477783203125,33332100,352.83980224609377,363.5728726675909,365.44742998395645,4.172949914201524,4.478237781843792,-0.3052878676422672,368.7735717218844,63.56196161526936,-0.0407453582533137,89.88183337559538,-11.545710967942014,3.8213599414426223,371.6525014072183,363.973503112793,356.2945048183678,1530658000.0,2945044292.5685945,39550609.54604101,0.0018476381358878413,0
2021-08-09,368.5199890136719,369.2699890136719,367.3900146484375,368.7300109863281,360.5126647949219,25960200,353.5568023681641,364.0640286979468,365.90043073381696,4.092541449225791,4.401098515320192,-0.3085570660944006,369.11293619972207,64.54155599508996,0.0651363017487834,93.29941372379136,-10.008412388212308,3.682689543142033,372.2017181697101,364.2890029907227,356.37628781173527,1556618200.0,2956091589.664515,37843486.65405989,-0.005125741306984621,0
2021-08-10,369.260009765625,369.55999755859375,365.6199951171875,366.8399963378906,358.66473388671875,35130800,354.2150024414062,364.3284065684176,366.1433824811663,3.832134315831297,4.287305675422413,-0.455171359591116,368.8587656510879,59.73487415005317,0.6613077163090145,43.87912324727196,-31.4872546073718,3.701069035875191,372.4484269188097,364.5100021362305,356.5715773536514,1521487400.0,2942716927.901313,29449227.032316685,-0.0017173832981729475,0
2021-08-11,368.1400146484375,368.6499938964844,364.8399963378906,366.2099914550781,358.0487976074219,34249800,354.88280212402344,364.507605129052,366.30528622581846,3.534183786869505,4.136681297711832,-0.6024975108423263,368.4483784248167,58.179484365708056,0.1038747223465877,-0.6674260044162811,-37.94884314903846,3.7088496446408015,372.6094989820783,364.6670013427735,356.72450370346866,1487237600.0,2933098145.6607924,20277487.65304565,0.003604509311649018,0
2021-08-12,365.6900024414063,367.8999938964844,364.2999877929688,367.5299987792969,359.33941650390625,25969200,355.56400207519533,364.79545214336105,366.5779526483445,3.365770893610716,3.982499216891609,-0.6167283232808929,368.42053112583983,60.50020689776581,0.2865061562683485,0.9841638222447616,-24.410306490384613,3.701075105989,372.8144034588802,365.0175018310547,357.2206002032292,1513206800.0,2953729311.823637,21246466.44488096,0.0035099408189984693,0
2021-08-13,367.8900146484375,369.1600036621094,367.3800048828125,368.8200073242188,360.6006774902344,19336200,356.3404022216797,365.1787431129666,366.9400960286458,3.298373771209583,3.845674127755204,-0.5473003565456205,368.701803114817,62.67981566097267,1.1657568956901043,97.35408319589862,-11.179449619390446,3.563855368368133,372.7493283264392,365.5785018920898,358.4076754577404,1532543000.0,2965678723.3997526,23513455.411679745,0.0004338258742255796,0
2021-08-16,367.6700134277344,369.0199890136719,363.7000122070313,368.9800109863281,360.7571411132813,34856900,357.008002319336,365.54076862471527,367.26404927571616,3.220745277744925,3.720688357753148,-0.4999430800082232,368.9447406829366,62.952877009531655,1.2013178303592646,24.84213951432943,-11.757171241729203,3.689292613959022,371.5749126913041,366.2940017700195,361.0130908487349,1567399900.0,3000011745.1378856,33227416.41371393,-0.00880806521554478,0
2021-08-17,366.1499938964844,367.1499938964844,363.2300109863281,365.7300109863281,357.5794982910156,44793900,357.59060241699217,365.5587917067736,367.2103358677455,2.863962323859539,3.549343150974426,-0.6853808271148871,368.272760334153,54.26740152249435,-0.294426700322722,-81.43575286589441,-52.84438357221397,3.8364859986762343,370.6669201818759,366.6410018920898,362.6150836023037,1522606000.0,3012353170.758749,38107452.57448387,-0.009624639557899384,0
2021-08-18,365.1799926757813,366.6199951171875,361.8699951171875,362.2099914550781,354.1379699707031,38541900,358.09960205078124,365.2398583494693,366.7883348737444,2.2709944934068176,3.2936734194609047,-1.0226789260540872,366.7852348456903,46.74495426925576,-1.3965277219891308,-146.65756011471407,-95.77119432161088,3.9017369987707897,370.542253691477,366.6735015869141,362.8047494823512,1484064100.0,2979328788.59258,26131759.17151928,0.004831451481970062,0
2021-08-19,360.2200012207031,365.6799926757813,359.9599914550781,363.9599914550781,355.848876953125,48499400,358.642001953125,365.1179662642892,366.5299053373791,1.920139418340966,3.0189666192369176,-1.0988272008959514,366.004813585689,50.42426876832848,-1.5446267658311117,-153.251258521592,-59.79904429490679,4.031613014623104,370.5413498246412,366.6740005493164,362.8066512739917,1532563500.0,2998660702.788052,25008061.0078187,0.010358335036161126,1
2021-08-20,365.05999755859375,368.1400146484375,364.739990234375,367.7300109863281,359.5349426269531,39486000,359.1896020507813,365.3667324282929,366.6304777599517,1.9241133316130568,2.799995961712146,-0.8758826300990887,366.3347406312047,57.2728459058359,-0.0869384097957561,10.939774741685332,-21.90944724912741,4.042213741675695,370.486053994439,366.6505004882813,362.8149469821235,1572049500.0,3028623591.9920874,31808552.77778673,0.014956625338377716,1
2021-08-23,368.7999877929688,373.9400024414063,368.7900085449219,373.2300109863281,364.9124145507813,34034700,359.8294024658203,366.1156161004867,367.2570978073847,2.3440460177195632,2.7088059729136296,-0.3647599551940663,368.0245981489104,64.8924948670154,1.22040513815591,212.2403627988284,-5.078618720489714,4.197055006918729,371.6275479291219,366.8875015258789,362.147455122636,1606084200.0,3053274068.763146,39542219.04013014,0.0030543742392170614,0
2021-08-24,373.8399963378906,374.989990234375,373.3599853515625,374.3699951171875,366.0269165039063,21732900,360.4266021728516,366.9017474354106,367.96971624465215,2.7372792378690747,2.714500625904719,0.0227786119643558,369.6924107383793,66.23649502775795,2.0526657001602167,213.65001066324348,-4.12505101491768,4.022978166999311,372.9942855598912,367.3845016479492,361.7747177360072,1627817100.0,3058474144.813472,40765814.068908215,0.0011485767593280016,0
2021-08-25,374.6300048828125,375.3900146484375,373.8599853515625,374.7999877929688,366.44732666015625,20441900,361.07740173339846,367.6539608027971,368.6759530203683,3.0484752877594588,2.7812955582756667,0.2671797294837921,371.1503375186402,66.75349707005414,2.345647726256641,175.42312498911005,-3.8238883252140754,3.8449103905618607,374.2501389094019,367.8330017089844,361.41586450856687,1648259000.0,3063149980.7237973,39048158.54588413,-0.006349985172755868,0
2021-08-26,373.9200134277344,374.6199951171875,371.9700012207031,372.4200134277344,364.1204223632813,29133300,361.70560180664063,368.1078705766007,369.11281127929686,3.067693892723128,2.838575225165159,0.2291186675579686,371.7009602448744,61.17032012086959,1.3305076224196797,105.12364130997976,-19.248196736226078,3.772415832112134,374.8134763826197,368.1300018310547,361.44652727948966,1619125700.0,3043911300.2159376,28674250.347974777,0.00972019490539533,0
2021-08-27,373.0700073242188,376.55999755859375,372.5700073242188,376.0400085449219,367.6597290039063,27104700,362.31960205078127,368.86331228786935,369.8661452520461,3.336566269006198,2.938173433933367,0.3983928350728312,373.06173950950455,65.84907440349262,1.957594782637748,117.25540983564142,-3.132462786033252,3.79867071059408,376.00638843552855,368.7035018920898,361.4006153486511,1646230400.0,3063951247.977977,28199975.796026707,0.011222213394346925,1
2021-08-30,376.8500061035156,380.760009765625,376.8299865722656,380.260009765625,371.7856750488281,27295700,363.0722021484375,369.9487120476556,370.9667650495257,3.845835991460661,3.1197059454388256,0.7261300460218347,375.23831398534185,70.33632798907554,3.057075842440374,149.10450758344453,-2.4038440377067816,3.8644800327447264,378.1017579639208,369.4865020751953,360.8712461864698,1673526100.0,3084301518.2293377,31917406.214205746,-0.0008152252422881645,0
2021-08-31,380.510009765625,380.5799865722656,378.3599853515625,379.9500122070313,371.4826354980469,29628200,363.78400268554685,370.901216824739,371.9632898239863,4.1762801455019485,3.33102078545145,0.8452593600504978,376.9005708457845,69.612730281626,3.8881143995685834,125.76721153107523,-3.894215603564999,3.7470172604560408,379.7850954016311,370.1435028076172,360.50191021360337,1643897900.0,3097114406.3151183,34613418.84764528,0.0016580453875365553,0
2021-09-01,381.0400085449219,382.7099914550781,380.3699951171875,380.5799865722656,372.0985107421875,28138300,364.4442022705078,371.8230044197416,372.9572406587147,4.437836567171189,3.5523839417953984,0.8854526253757906,378.37808000349946,70.28182697706005,5.071642293298189,125.13012195996583,-9.362658825549453,3.6765145452839536,381.361043200962,370.8055023193359,360.2499614377098,1672036200.0,3074026372.817459,25223466.1895566,-0.00047294309246892485,0
2021-09-02,381.9700012207031,382.30999755859375,379.1499938964844,380.3999938964844,371.9225769042969,25453400,365.09740234375,372.6398605603837,373.87100176130025,4.577827663377775,3.757472686111874,0.8203549772659011,379.4889842282696,69.80886695516632,4.516980664737531,101.0380967115792,-10.153835422390111,3.639620910771484,382.6743049574535,371.3420013427734,360.00969772809333,1646582800.0,3068710133.024901,17397548.696383,0.003075745127516516,0
2021-09-03,379.2200012207031,381.9800109863281,379.2000122070313,381.5700073242188,373.0665588378906,24605400,365.7310021972656,373.49035072836807,374.8450975690569,4.728672725428623,3.951712693975224,0.7769600314533993,380.6464069536757,71.16714814577821,3.763629816551808,92.2617405789798,-5.010919256524471,3.5782193299518648,384.07404423046586,372.018002319336,359.96196040820604,1671188200.0,3086057757.0986714,18134140.227522373,0.0014151479858972582,0
2021-09-07,381.6799926757813,382.7799987792969,380.489990234375,382.1099853515625,373.5944519042969,23970200,366.3840020751953,374.31126831152943,375.8062388102214,4.83604334060783,4.128578823301746,0.7074645173060841,381.6759909546283,71.79776237724118,2.379223027046359,93.03139216350957,-2.936078933784103,3.486204273878294,385.405702084723,372.68700103759767,359.9682999904724,1695158400.0,3096001497.764192,19950832.40860653,-0.0034806380970179296,0
2021-09-08,381.9299926757813,381.9299926757813,378.4500122070313,380.7799987792969,372.2941589355469,32949200,366.9254022216797,374.9273378798882,376.577000499907,4.758958217497877,4.254654702140972,0.5043035153569049,382.1137840222173,67.86088799981219,1.712210846412218,64.31453835437573,-8.764239080140046,3.498616336067787,386.2713573409504,373.384001159668,360.4966449783855,1662209200.0,3107173921.0067897,22435174.568184853,-0.0034403003382355024,0
2021-09-09,381.010009765625,382.1499938964844,379.2200012207031,379.4700012207031,371.0132751464844,29399000,367.4150024414063,375.3599724837754,377.1566195533389,4.539829518449835,4.311689665402745,0.2281398530470904,382.0722609600091,64.13083132414532,1.246001488749762,54.25065878652135,-18.34809307518587,3.4580003603330347,386.7529162963984,374.0470016479492,361.3410869995001,1632810200.0,3082791827.7456717,13653996.271458626,-0.0075895456124276395,0
2021-09-10,381.2300109863281,381.9700012207031,376.25,376.5899963378906,368.1974487304688,40249400,367.8582025146485,375.4771176127388,377.3988095238095,4.086667561097272,4.26668524454165,-0.1800176834443778,381.2339594736444,56.74603028619512,1.1196989312620298,7.065617336530018,-44.24593825803187,3.61957185035947,386.8862249461419,374.5000015258789,362.113778105616,1592560800.0,3047327268.893174,-2463754.1458568573,-0.0006904319502732958,0
2021-09-13,378.989990234375,379.4299926757813,374.2200012207031,376.3299865722656,367.9432678222656,48741800,368.29340209960935,375.5583432279318,377.5730938139416,3.6643129116561113,4.146210777964543,-0.4818978663084312,380.4290378980394,56.117750192406,0.0771136104548591,-42.65619832491234,-59.66710142227191,3.7331732506965207,387.0028182033176,374.87550048828126,362.7481827732449,1543819000.0,3038065182.0157547,-11780429.3097682,-0.002843187746972564,0
2021-09-14,377.8599853515625,378.6099853515625,374.2799987792969,375.260009765625,366.8971252441406,41826600,368.6258020019531,375.5299305172359,377.6097137451172,3.206295444907141,3.958227711353063,-0.7519322664459214,379.4491048497998,53.49302200563156,-1.3148897784654696,-65.83830214102396,-69.56513147122426,3.775802773665743,387.0113302897548,375.1895004272461,363.3676705647374,1501992400.0,3015171909.792475,-21805071.283341885,0.007434786427379603,0
2021-09-15,375.7300109863281,378.4100036621094,373.3699951171875,378.0499877929688,369.6249084472656,34097900,368.9830017089844,375.7699359720676,377.8821411132813,3.033473221630913,3.773276813408633,-0.7398035917777195,379.3347850974002,58.892109629393616,-0.5000722076637792,-57.89243885009401,-43.75589319692118,3.8661031858983232,386.8498612912656,375.8054992675781,364.7611372438907,1536090300.0,3044398474.756055,-14624420.394724367,0.0006877655707460129,0
2021-09-16,376.6799926757813,378.8999938964844,374.7000122070313,378.30999755859375,369.879150390625,35193100,369.3302014160156,376.0118465993559,378.12066476004463,2.884243219209281,3.5954700945687628,-0.7112268753594813,379.2782769991527,59.36555529521783,-0.5964551720432737,-55.02144628241107,-43.78065584452487,3.889951650437948,385.7577814830776,376.6104995727539,367.4632176624302,1571283400.0,3069704007.783485,-2305628.1229510307,-0.011842169160846017,-1
2021-09-17,377.8200073242188,377.8699951171875,372.760009765625,373.8299865722656,365.4990234375,60912300,369.6314013671875,375.80405040629967,377.8558539980934,2.3770764637677075,3.351791368408552,-0.9747149046408444,378.04240946563743,48.91258584360863,-1.7271312906504936,-140.6020208743189,-89.32157704783225,4.008525660618719,384.3315699919072,377.10399932861327,369.8764286653194,1510371100.0,3034300488.633202,-8321275.730228901,-0.02174778551014578,-1
2021-09-20,367.4599914550781,369.25,360.9299926757813,365.7000122070313,357.9465637207031,76203200,369.7252014160157,374.8417610539884,376.76975998651415,1.304089438616586,2.942250982450159,-1.638161543833573,374.9000787380131,36.39025816727786,-4.1591306477353225,-287.9675832607857,-78.16925309470497,4.64363053460912,384.7891817196301,377.0024993896485,369.2158170596669,1434167900.0,3045474796.411511,-6470281.300996304,0.0012304667061326935,0
2021-09-21,367.5799865722656,368.80999755859375,364.989990234375,366.1499938964844,358.3870544433594,41927500,369.79980102539065,374.0139737056546,375.7361880347842,0.4844646455500765,2.4506937150701424,-1.966229069520066,372.4360698940127,37.34635337893997,-4.17680564939805,-188.4281227733721,-76.1098409035996,4.584800305295523,385.6396161872234,376.64849853515625,367.6573808830891,1476095400.0,3029011149.967361,-10363281.875721456,0.009340471076728418,0
2021-09-22,367.0899963378906,371.0700073242188,365.9599914550781,369.5700073242188,361.7345581054688,46972900,369.9428009033203,373.59073881218455,375.0620460146949,0.1096090880032534,1.9824767896567643,-1.8728677016535111,371.3136050725848,44.20995227578497,-2.943954905986401,-117.3347923313455,-60.45760990864273,4.622315702713034,385.87383008556,376.4084991455078,366.9431682054556,1523068300.0,3048407090.5980167,-4842320.830562115,0.009226949142325136,0
2021-09-23,370.760009765625,374.0400085449219,370.1000061035156,372.9800109863281,365.072265625,44652000,370.1410009765625,373.5325742573411,374.7355233328683,0.0866928141049356,1.603319994546399,-1.5166271804414633,371.2963862374013,50.08181684466329,-1.7102775485539274,-49.07746785763779,-44.85119018521453,4.611436096855179,385.8774590449518,376.31750030517577,366.7575415653997,1567720300.0,3069033211.5838733,4419321.804371834,0.0009383226329260363,0
2021-09-24,370.6499938964844,373.760009765625,370.2699890136719,373.3299865722656,365.4147644042969,36056800,370.3972009277344,373.5132801920958,374.4509982154483,0.0956687965203286,1.301789754941185,-1.2061209584208563,371.3928687614701,50.65583115909264,-0.8656655241314476,-38.99512551786432,-43.24947170385818,4.531335000790747,385.85675993811066,376.3629989624024,366.869237986694,1603777100.0,3096204528.441893,16451838.082180977,-0.007982162097694645,0
2021-09-27,370.2000122070313,371.25,367.7300109863281,370.3500061035156,362.4979553222656,43338100,370.6522009277344,373.2120159931834,373.8783322288877,-0.1361082209921278,1.0142101597545223,-1.1503183807466502,370.71801390133,45.82394413783747,-1.5890257704993382,-68.91680898111646,-55.607856334410656,4.607666471158374,385.9282748909992,376.078498840332,366.2287227896649,1560439000.0,3117381181.156839,26616635.32493305,-0.028297585563962113,-1
2021-09-28,365.6700134277344,370.2999877929688,359.3500061035156,359.8699951171875,352.2402038574219,97701600,370.7562005615234,371.9413473383266,372.3346652076358,-1.1521610829555016,0.5809359112125175,-1.7330969941680192,367.467559200187,33.66287960761953,-4.101160328288003,-145.644788550046,-97.71934521021,5.06426172321849,386.97145684402426,375.05899810791016,363.14653937179605,1462737400.0,3028958821.9919357,220880.3422317505,-0.0016394707697108268,0
2021-09-29,361.1700134277344,363.3699951171875,358.6400146484375,359.2799987792969,351.66265869140625,58076600,370.76600036621096,370.73550461841904,370.8319033668155,-1.9821490891350777,0.0683189111429984,-2.050468000278076,364.6838813136582,33.129826416070465,-4.964948980226108,-150.43624351839262,-97.25681740588664,5.040384490756455,387.540124281816,374.0254974365234,360.5108705912309,1404660800.0,2986598186.410744,-24075847.13945532,-0.003674035094365591,0
2021-09-30,360.9700012207031,362.6799926757813,357.1000061035156,357.9599914550781,350.37066650390625,61384600,370.6940002441406,369.5187890790533,369.3018551781064,-2.7151357285110294,-0.4883720167878071,-2.226763711723222,362.1078066630092,31.912271089492556,-5.379188029616837,-137.53170534717893,-96.1487421912263,5.078927496578543,387.7456366234636,372.8944976806641,358.0433587378646,1343276200.0,2944134727.574025,-45337804.63551426,0.006201813816340218,0
2021-10-01,358.6000061035156,361.25,354.3800048828125,360.17999267578125,352.54364013671875,56375500,370.6185998535156,368.6293798977893,368.0909499395461,-3.0813771778975365,-1.006973049009753,-2.0744041288877835,360.6320776000046,36.1615334522907,-3.651390842571072,-121.4995572716168,-76.34587931611719,5.206860898050612,387.295605723953,371.8834976196289,356.4713895153048,1399651700.0,2982949167.667133,-37564210.43286657,-0.020989498895900516,-1
2021-10-04,358.5199890136719,358.8599853515625,350.32000732421875,352.6199951171875,345.14385986328125,76766000,370.30699951171874,367.1046765853509,366.2563306535993,-3.936279803283014,-1.5928343998644054,-2.3434454034186087,357.528477787118,29.426541941883325,-3.5767067687268503,-144.8956679079683,-91.9524532065362,5.539226930444318,387.306173529764,370.4359970092773,353.56582048879073,1322885700.0,2947532422.278729,-42238139.93419647,0.013498978593210698,1
2021-10-05,353.7099914550781,359.69000244140625,353.4800109863281,357.3800048828125,349.8030090332031,47232900,370.0847998046875,366.1785173755854,365.0129028320313,-4.181501539267003,-2.110567827744925,-2.0709337115220783,356.29682640204555,37.33976010229086,-2.395190266246808,-97.48425528099534,-75.29740771311327,5.648568387142491,386.0909905726606,369.1994979858399,352.3080053990191,1370118600.0,2959625858.8915195,-36462459.45028877,0.0064077690795061315,0
2021-10-06,354.0799865722656,359.95001220703125,353.1499938964844,359.6700134277344,352.04443359375,56806500,369.9896002197266,365.5586598567424,364.10533287411647,-4.14329564747419,-2.517113391690778,-1.6261822557834118,355.96458639734874,40.78004011479612,-2.6787871581254428,-77.77125952293218,-66.06166879717487,5.730814810242805,384.642690256028,368.14399871826174,351.6453071804955,1426925100.0,3011754209.530816,-14198618.644342422,0.009175042871990113,0
2021-10-07,362.7999877929688,365.6900024414063,362.25,362.9700012207031,355.2744140625,39411200,369.9324005126953,365.31212093902434,363.6125712076823,-3.802898322585236,-2.77427037786967,-1.028627944715566,356.6304596510214,45.42966850956027,-2.6837925547682837,1.9614502091699848,-46.66950571046642,5.751470110487743,383.10452075404623,367.3189987182617,351.5334766824772,1466336300.0,2988840737.4206696,-11090550.472925186,-0.0049866312711974725,0
2021-10-08,364.0799865722656,364.3200073242188,360.6099853515625,361.1600036621094,353.5028686523437,41822300,369.82600036621096,364.9166811983658,363.0260002499535,-3.637254658784116,-2.946867234052559,-0.6903874247315569,356.7828075174286,43.41616702411191,-3.2598460739505857,-16.753693252419765,-54.30018642482474,5.605652386356926,381.9487400685685,366.54749908447263,351.1462581003768,1424514000.0,2959418919.659709,-18172323.6473856,-0.007669700369876464,0
2021-10-11,359.5799865722656,363.2000122070313,358.29998779296875,358.3900146484375,350.79156494140625,34847200,369.7024005126953,364.2950939078965,362.2490969703311,-3.686994448534449,-3.0948926769489367,-0.5921017715855124,356.25960565297567,40.46067208624565,-3.2293752552916706,-39.13026301950124,-65.97804844472292,5.5552503883359,380.7551122376436,365.6505004882813,350.54588873891885,1389666800.0,2925852196.478922,-30097704.26287985,-0.003487820388149432,0
2021-10-12,359.8800048828125,360.3299865722656,356.4800109863281,357.1400146484375,349.56805419921875,43905100,369.5532006835937,363.613657787948,361.4385745093936,-3.783662438241493,-3.2326466292074483,-0.5510158090340442,355.574889860396,39.16500456657035,-0.758601857835081,-59.69457939578047,-71.24786267605181,5.433445045307442,379.6066369854733,364.7445007324219,349.8823644793705,1345761700.0,2897000452.604671,-41420214.4507637,0.008008022720102703,0
2021-10-13,359.510009765625,360.6900024414063,357.42999267578125,360.0,352.367431640625,40120800,369.41700073242185,363.26949990338153,360.986717296782,-3.5881338273376286,-3.3037440688334847,-0.2843897585041439,355.823493872026,43.61407867125508,0.2004011420478256,-30.89381993589913,-58.70310722032284,5.298912384426111,377.5065515976229,363.8420013427734,350.17745108792394,1385882500.0,2920137591.8542776,-34924859.36177206,0.018416680230034732,1
2021-10-14,363.6900024414063,366.8500061035156,363.010009765625,366.6300048828125,358.8569030761719,43433900,369.4028009033203,363.5895479966607,361.2522414434524,-2.865162203330101,-3.216027695732808,0.3508654924027072,357.8113188637212,52.31953200946697,2.422062139540086,108.1522822067203,-22.073562990461248,5.409704792932504,375.3014946087163,363.2580017089844,351.2145088092524,1429316400.0,2958594658.4518027,-16856342.05690193,0.006300623320047549,0
2021-10-15,367.8800048828125,369.05999755859375,366.8200073242188,368.9400024414063,361.1178894042969,40419900,369.38820068359377,364.09911508663646,361.7933843703497,-2.0818067131419866,-2.989183499214644,0.9073767860726574,360.0927150736379,54.930410551547375,2.4321200354708337,179.7462572233889,-6.806740145164813,5.196868213135986,374.367367723266,363.0135025024414,351.6596372816168,1469736300.0,2994684012.217473,3550695.0438861847,0.010055812409952125,1
2021-10-18,367.6099853515625,372.8699951171875,366.989990234375,372.6499938964844,364.7492065429688,34513500,369.4802008056641,364.9134844970982,362.7111454554967,-1.14838862939132,-2.6210245252499798,1.4726358958586592,362.963023770583,58.82962445061891,5.6803355046954245,181.9406699050498,-0.97561569754695,5.245663689541451,375.4256673260359,363.3610015869141,351.2963358477923,1504249800.0,3026614857.174811,21736052.249372005,0.007567442292786053,0
2021-10-19,373.75,375.5199890136719,372.7000122070313,375.4700012207031,367.5093994140625,29091000,369.6150006103516,365.9188670422034,363.8643835158575,-0.1790332657812428,-2.132626273356232,1.9535930075749888,366.06843340243,61.552475302291015,5.061837845075431,179.04929843958644,-0.1983644019458608,5.075973077230454,376.9593061240296,363.827001953125,350.6946977822203,1533340800.0,3054674504.8021045,36127581.51035786,-0.0013050050144671754,0
2021-10-20,375.9400024414063,376.5700073242188,373.4599914550781,374.9800109863281,367.0298461914063,31390300,369.7778009033203,366.7818331321201,364.926574852353,0.543385912262579,-1.5974238362324698,2.140809748495049,368.49031002215054,60.80004753416829,4.256678896493512,142.1888651997398,-6.057128906250209,4.935547562366899,377.897727909796,364.0975021362305,350.29727636266495,1501950500.0,3053968208.42102,38505969.04038334,0.006106933597127773,0
2021-10-21,374.1600036621094,377.4700012207031,373.8500061035156,377.2699890136719,369.2713012695313,25469300,369.9990008544922,367.7807051208393,366.18109741210935,1.2858677216033243,-1.0207655246653111,2.3066332462686354,371.05837472788977,63.072021746163465,3.9397161597036976,125.261674797463,-0.7366933775154516,4.841579530568371,378.7752400143792,364.31200103759767,349.8487620608161,1527419800.0,3076623045.561468,43186760.38913822,-0.008402425325279128,0
2021-10-22,375.9800109863281,376.9700012207031,372.3900146484375,374.1000061035156,366.1685180664063,36275800,370.1304010009766,368.3825433096656,367.1132883707682,1.6000543460988863,-0.4966015505124716,2.096655896611358,372.3168554112032,58.0558315377956,3.582900185567761,91.11247695414512,-13.856883644239437,4.844322018758801,378.9133159047549,364.35050201416016,349.7876881235654,1491144000.0,3067435232.413551,38252165.35846138,0.010237868243193615,1
2021-10-25,375.55999755859375,378.8699951171875,373.55999755859375,377.9299926757813,369.9172973632813,32597800,370.31260070800784,369.2918242016767,368.4065731956845,2.133503714689539,0.0294195025279304,2.104084212161609,374.3096669102426,61.98923805444456,5.452154699820959,98.28530294027912,-3.6547527091466248,4.877584557318441,380.2595589701591,364.7295013427735,349.1994437153878,1523741800.0,3088491779.8060503,39455808.34730101,0.003148737767491916,0
2021-10-26,380.2300109863281,382.7099914550781,377.9100036621094,379.1199951171875,371.08203125,47191300,370.515400390625,370.2278404793444,369.7770964122954,2.622063913729505,0.5479483847682455,2.07411552896126,376.2115669640972,63.14567250027953,6.154443514369768,112.96152367482932,-13.686614605633018,4.872041931293462,382.2501222196397,365.69200134277344,349.1338804659072,1570933100.0,3065092652.7101865,28916139.28066063,0.0023211777119285237,0
2021-10-27,379.5799865722656,383.1499938964844,379.30999755859375,380.0,371.9433898925781,45760500,370.8008001708984,371.1585223384544,371.13976295107886,3.0451577479170737,1.0473902573980112,1.9977674905190623,377.9501027862731,64.01749436921725,5.555555555555555,104.82523024727358,-11.811008305089011,4.811895991865135,384.1233798764748,366.7280014038086,349.33262293114245,1616693600.0,3035777406.268587,12648138.132830145,0.011105266370271316,1
2021-10-28,381.9500122070313,384.4800109863281,381.1600036621094,384.2200012207031,376.073974609375,38007000,371.2410003662109,372.4024727081924,372.805667695545,3.678577142759252,1.5736276344702596,2.1049495082889926,380.41382398956864,67.9347834600771,4.797751439769091,113.39644729259088,-0.9286063058035698,4.788189920041063,386.52130824520646,368.04100189208987,349.5606955389733,1654700600.0,3067831292.1956024,15042179.718873978,0.004919015472528043,0
2021-10-29,381.05999755859375,386.2799987792969,380.7000122070313,386.1099853515625,377.9238586425781,37310100,371.68400024414063,373.7079501027991,374.52652326311386,4.283692757216841,2.115640659019576,2.168052098197265,382.8583547146495,69.53446416523926,4.653868595580948,113.95741163010544,-0.5705150918702384,4.844746823771384,389.028530375976,369.3375015258789,349.64647267578187,1692010700.0,3102867831.8893323,25802079.386726856,0.0034187339729556676,0
2021-11-01,386.55999755859375,387.55999755859375,384.4200134277344,387.4299926757813,379.21588134765625,30765300,372.0779998779297,375.0148113002259,376.2496176583426,4.814268905436506,2.655366308302962,2.1589025971335443,385.1295162862079,70.636289929536,3.9661878495569103,129.24276252068498,-0.4314797933756886,4.722978059991955,390.7043077545208,371.07800140380857,351.4516950530964,1722776000.0,3131085578.1091194,36836586.74016905,0.0041813879870244985,0
2021-11-02,386.7999877929688,389.5400085449219,386.75,389.0499877929688,380.801513671875,25135300,372.3943994140625,376.3514947757252,377.9612354096912,5.304329385265362,3.1851589236954423,2.11917046156992,387.3278307638725,71.9758394190816,3.6167966889805663,133.3445118513459,-1.847044004900078,4.584908808915521,392.7172593236264,372.6615005493164,352.6057417750065,1747911300.0,3147391644.5005097,43190216.62382221,0.010615614991383193,1
2021-11-03,389.5499877929688,393.6099853515625,388.4800109863281,393.1799926757813,384.8439025878906,33748900,372.7705993652344,377.9542088614448,379.9153775169736,5.957290784497843,3.739585295855923,2.2177054886419203,390.1099568306931,75.09511611159793,4.853587166308115,146.48753256343034,-1.6050504981464098,4.623842062938296,395.3477165205216,374.3369995117188,353.326282502916,1781660200.0,3175482902.265875,50801172.99031258,0.012818578358024135,1
2021-11-04,394.4800109863281,399.2000122070313,393.9200134277344,398.2200012207031,389.777099609375,40265300,373.238999633789,379.8842843242314,382.1899491083054,6.803032838369006,4.352274804358539,2.450758034010467,393.5974983141795,78.27330909307307,5.553055588069064,170.79773817640807,-3.042565407624165,4.723569024960561,398.8429035735713,376.0994995117188,353.3560954498664,1821925500.0,3200801063.822387,57352236.27273893,0.0009542586551343213,0
2021-11-05,400.0400085449219,400.989990234375,397.1600036621094,398.6000061035156,390.1490478515625,43383800,373.7625994873047,381.6667340174965,384.3328544980004,7.418437596716103,4.965507362830053,2.4529302338860504,396.4423962166568,78.49612950181302,6.549050949018351,155.5403958714572,-8.356595003649304,4.659741706910923,401.63289736557954,377.9714996337891,354.3101019019987,1865309300.0,3190040238.7277665,51394478.15155792,-0.0013547630121752974,0
2021-11-08,398.5700073242188,399.6199951171875,397.3999938964844,398.05999755859375,389.6204833984375,29256300,374.20299926757815,383.2279972118868,386.2460447765532,7.7729741178009135,5.527000713824225,2.2459734039766888,398.5117603269835,77.28318059849485,5.326384587867727,122.82257272804208,-10.244738380902383,4.485474529324652,403.3675446918999,379.95499877929694,356.542452866694,1836053000.0,3178179663.522598,40511168.79565239,-0.0068833599235793574,0
2021-11-09,399.1600036621094,399.5700073242188,393.9200134277344,395.3200073242188,386.9385986328125,50490700,374.50419921875,384.37961722258507,387.70937892368863,7.743589275249974,5.970318426109375,1.7732708491405988,399.36925008818906,71.26578706055437,4.273056661657694,88.09706798521687,-19.82513199397311,4.568654484121779,403.6970509949253,381.863998413086,360.0309458312467,1785562300.0,3152710821.288926,24272349.821554184,-0.014696947918016123,-1
2021-11-10,392.4700012207031,395.3599853515625,387.5299987792969,389.510009765625,381.2518005371094,54937400,374.6953991699218,384.868226036208,388.4375704810733,7.168845342363511,6.2100238093602025,0.9588215330033084,398.437753457594,60.507476283560194,2.502634148848684,30.29200695611788,-40.13982611367914,4.801606776132053,402.9369270713299,383.3394989013672,363.74207073140457,1730624900.0,3125558055.2870474,6783102.893229485,0.0027726798931699825,0
2021-11-11,392.5700073242188,392.75,390.239990234375,390.5899963378906,382.3088073730469,32243000,374.8955993652344,385.4131565411301,389.12809404645645,6.723003921025168,6.312619831693196,0.4103840893319717,397.8362790764774,61.66592050679273,1.6579030495417797,25.4654200508401,-37.91467981567066,4.690062737435121,402.7855362731768,384.5374984741212,366.2894606750655,1762867900.0,3102307248.8236685,-8386218.624272346,0.0105225835471352,1
2021-11-12,391.7699890136719,395.25,390.1300048828125,394.7000122070313,386.3317565917969,34730600,375.1815997314453,386.2976189855017,390.0959524972098,6.624947048614274,6.375085275077412,0.2498617735368622,398.3017097275773,65.77980883178306,2.2247616434077404,41.237740724686944,-27.2529535823133,4.72077219313172,403.0984275809294,385.8254989624024,368.55257034387535,1797598500.0,3129576354.9724903,-5152932.868236542,-0.00022808931513684794,0
2021-11-15,395.9100036621094,396.239990234375,392.1000061035156,394.6099853515625,386.2436218261719,33716900,375.44239929199216,387.0892729251265,390.9325702485584,6.465442262116937,6.3931566724853175,0.0722855896316199,398.5577361591279,65.6137066651212,1.8532361488568931,46.19123257445263,-29.4280767444152,4.679287331540838,403.4838821143349,386.9234985351563,370.36311495597766,1763881600.0,3136743050.96391,-1081464.255475998,0.007121026280336951,0
2021-11-16,393.8599853515625,397.9299926757813,393.6600036621094,397.4200134277344,388.9940490722656,27872900,375.7485998535156,388.073152972994,391.93223833356586,6.4909556547026455,6.412716468928783,0.078239185773862,399.3986214419598,68.30406152276966,2.1514010788813183,65.94316077872529,-17.59477906693424,4.6500517374073445,404.3067941449003,388.0209991455079,371.7352041461154,1791754500.0,3157958041.2890263,7432675.66732502,0.0005283867142646947,0
2021-11-17,397.75,399.7200012207031,396.6400146484375,397.6300048828125,389.1996154785156,28703300,376.0855999755859,388.9833293453576,392.84738173711867,6.453725230441762,6.42091822123138,0.0328070092103818,400.046778912696,68.50238653954429,1.1318002670346203,83.16273700263439,-16.559827452915087,4.537904225611507,404.7915940039214,389.1534988403321,373.5154036767428,1820457800.0,3147706761.145355,6978264.1657271385,0.010361378836091006,1
2021-11-18,399.7300109863281,402.2699890136719,397.4500122070313,401.75,393.2322692871094,45721500,376.5311999511719,390.1992027410378,394.0470485142299,6.679669947500884,6.472668566485281,0.2070013810156021,401.5530691294954,72.18033427555963,0.8864443695635631,115.36191105898088,-2.913107702407902,4.558052267113584,405.9353950731789,390.3774993896485,374.8196037061181,1866179300.0,3183563202.1866307,17566848.504050255,0.0055755824128811415,0
2021-11-19,403.4299926757813,405.2999877929688,402.5799865722656,403.989990234375,395.4247131347656,45191700,377.0791998291016,391.5126110737366,395.3434762137277,6.959259246542899,6.569986702496806,0.3892725440460935,403.2740846006073,73.96063128677088,1.352228812926713,160.43248076609598,-7.061986095162542,4.486047661817528,406.6091160365096,391.8719985961915,377.13488115587336,1911371000.0,3185224762.40721,20830234.12136173,-0.011609204571344178,-1
2021-11-22,405.5700073242188,408.7099914550781,399.1900024414063,399.2999877929688,390.834228515625,61715400,377.5385998535156,392.25426599937776,396.0509037562779,6.724871645092776,6.600963691016,0.1239079540767758,403.37056313200446,64.63421753691105,0.3115083761192387,118.4856436824552,-44.428738980960105,4.845614901235692,406.5336937976107,392.9404983520509,379.347302906491,1849655600.0,3124935370.348201,1088609.4804534912,-0.004557918513096282,0
2021-11-23,398.1099853515625,400.2300109863281,392.9200134277344,397.4800109863281,389.05279541015625,70098700,377.9829998779297,392.7519559981349,396.4832382928757,6.3194145865027735,6.544653870113356,-0.2252392836105823,402.8827557971787,61.39865078046637,0.5463937119524049,-3.5149380722571064,-53.02164472224384,5.0216422339041245,405.9962186039738,393.85849914550784,381.7207796870418,1779556900.0,3142292212.788105,-1563842.5036258698,0.0032202846531090845,0
2021-11-24,394.9299926757813,399.0499877929688,392.5400085449219,398.760009765625,390.3056640625,46954400,378.3972003173829,393.3241515950388,396.950048828125,6.031840843944565,6.442091264879598,-0.410250420935033,402.727624269195,62.8087730162973,2.3747785084049284,-5.125435468174867,-46.97821119093521,5.127952020628611,405.2940334178255,394.7964996337891,384.29896584975273,1826511300.0,3185063575.09526,11102300.828220367,-0.01895876560700549,-1
2021-11-26,396.1099853515625,397.5400085449219,389.7699890136719,391.2000122070313,382.9059448242188,51533300,378.6550006103516,393.1218526057047,396.6075262160528,5.134718125369261,6.180616636977531,-1.0458985116082695,400.5592222512,50.9664822847298,0.1561780575181374,-83.45438439228025,-82.67226299879229,5.403814072866076,404.6284053623773,395.1455001831055,385.6625950038338,1774978000.0,3152499034.1656747,4913160.001996517,0.021702428347271985,1
2021-11-29,395.8900146484375,400.7300109863281,395.1400146484375,399.6900024414063,391.2159423828125,54447100,379.1722009277344,393.7473906852953,397.0403359549386,5.050593072528272,5.95461192408768,-0.9040188515594076,400.91708717627705,60.07129220854865,1.2642488168350017,43.17734895078448,-42.587309409157314,5.698541551896843,404.5356270554207,395.8245010375977,387.1133750197748,1829425100.0,3186686568.390152,12812439.644330025,-0.014686369639801078,-1
2021-11-30,398.7799987792969,401.1900024414063,391.75,393.8200073242188,385.4703979492188,81332700,379.7346008300781,393.75430655566896,396.8494317917597,4.458864795882619,5.655462498446668,-1.1965977025640493,399.62765105861496,52.77471825294342,-0.2001921027517569,-20.723065978583065,-70.30212124617783,5.965788758290377,404.0297762093753,396.1440017700196,388.2582273306639,1748092400.0,3141023199.1437173,349942.0428433418,-0.01701287918954153,-1
2021-12-01,398.2799987792969,400.4800109863281,386.6400146484375,387.1199951171875,378.9124450683594,77766500,380.1540008544922,393.1224673710517,395.99000258672805,3.409972838452404,5.206364566447816,-1.7963917279954114,396.7811463764658,45.918807537419184,-2.5917210916756708,-114.78470092176347,-97.82518815966505,6.528232156833252,404.316100696075,396.0475021362305,387.778903576386,1670325900.0,3068650689.172581,-27807782.15247536,0.007207089739906802,0
2021-12-02,385.7999877929688,391.739990234375,384.3399963378906,389.9100036621094,381.6432800292969,84416600,380.56080078125,392.81651844639055,395.405478922526,2.771896085206663,4.719470870199585,-1.9475747849929217,395.1362807804225,48.89601189435409,-1.941503690844036,-162.13595775822944,-77.14399491081402,6.590500852522618,404.4951611015314,395.8840026855469,387.2728442695624,1754742500.0,3111315567.039483,-23223682.53359365,-0.01738862485090875,-1
2021-12-03,391.30999755859375,392.3399963378906,378.8999938964844,383.1300048828125,375.0070495605469,105349100,380.7638006591797,391.89399334509744,394.1908124651228,1.6995352381874227,4.115483743797152,-2.4159485056097294,392.00774225263854,42.73868379792816,-4.634721871110766,-189.3536873209352,-85.8100928119376,7.0797509660143065,405.2939744992675,395.1295028686524,384.9650312380372,1649393400.0,3072280123.207711,-31657493.67837906,0.008012965012118567,0
2021-12-06,383.6300048828125,387.6000061035156,379.2999877929688,386.2000122070313,378.0119934082031,67588800,381.021201171875,391.3517094271864,393.3403847830636,1.084899429626489,3.50936688096302,-2.4244674513365307,390.23439598308994,46.05146672070481,-4.403569013435909,-150.06447100136296,-75.51150986779449,7.1669129191952,405.2480862832426,394.50950317382814,383.7709200644136,1716982200.0,3117068031.9493246,-17979036.939970493,0.03011386327714516,1
2021-12-07,393.0299987792969,398.4599914550781,392.989990234375,397.8299865722656,389.3954162597656,56005300,381.57080078125,391.9686882029082,393.6566212972005,1.5187308745090604,3.111239679672228,-1.5925088051631675,391.8048636547656,56.35315756212644,-0.3681445694071386,18.87109051594533,-36.49783889256296,7.53070337125603,405.22183393947904,394.4980026245117,383.7741713095445,1772987500.0,3160172562.446811,2966231.151303292,0.004474270013262505,0
2021-12-08,398.1700134277344,399.8200073242188,396.2200012207031,399.6099853515625,391.1376647949219,39204000,382.3656005859375,392.6964307884944,394.14347679501486,1.9833140359477848,2.88565455092734,-0.9023405149795548,393.5586617473953,57.68498809862031,0.5358695547856465,47.768379120944175,-30.52669187788054,7.249939280703148,405.6627460022452,394.7125015258789,383.76225704951264,1812191500.0,3194802291.6376724,22283642.735616684,-0.0147142828777449,-1
2021-12-09,398.3500061035156,400.2000122070313,393.5299987792969,393.7300109863281,385.38232421875,49973700,383.0546008300781,392.7948669978119,394.0499062674386,1.855644038868832,2.6796524485156383,-0.8240084096468068,393.4673893093096,52.036354408644506,-1.261410035137,15.162552788741122,-50.25153202144932,7.208516005491098,405.6244194642797,394.9235015869141,384.2225837095485,1762217800.0,3147825692.0599766,13213334.633058548,0.010870390013133946,1
2021-12-10,396.6199951171875,398.2799987792969,393.3599853515625,398.010009765625,389.5716247558594,52545800,383.85560119628906,393.29154726141314,394.3438594273159,2.0758951513136026,2.5589009890752314,-0.4830058377616288,394.4974735326641,55.455573079839006,1.7407968676109598,36.6505531120858,-35.89393681908736,7.045051535651332,405.8826338415517,395.2945022583008,384.70637067504987,1814763600.0,3194604520.51692,23185714.49712515,-0.0144468728396705,-1
2021-12-13,398.0,398.3299865722656,391.8800048828125,392.260009765625,383.9435119628906,50166400,384.497201538086,393.1933055951476,394.0548601422991,1.76611018070696,2.4003428274015777,-0.6342326466946178,393.8424706593782,50.27069592138568,-1.8589388351965412,8.697411269578126,-40.0627602173608,7.002546546637174,405.8411449533138,395.1725021362305,384.5038593191472,1764597200.0,3150349292.942199,11076323.440730097,-0.010350271395290989,-1
2021-12-14,387.2999877929688,390.0899963378906,383.6300048828125,388.2000122070313,379.9695739746094,75199200,385.2088018798828,392.7177538438984,393.3908134823754,1.1794000972873846,2.1561542813787398,-0.9767541840913548,392.2465644775239,46.93395105514036,-1.4270466234999448,-92.87443351401296,-58.27718822178001,7.118793570649697,405.9456458086139,394.8520034790039,383.75836114939386,1689398000.0,3181546795.5276947,15042021.24570465,0.022797463440618726,1
2021-12-15,387.9400024414063,397.4200134277344,383.8800048828125,397.0499877929688,388.6319580078125,73858000,386.002201538086,393.1303475533337,393.6001453218006,1.412267456480322,2.007376916399056,-0.5951094599187341,393.2359300499744,54.08776330229509,2.56509423461202,1.480157582986079,-18.57340987597186,7.57745178309771,405.9111744679704,394.8335021972656,383.7558299265608,1763256000.0,3251367965.972995,37512722.64890766,-0.02571462478019748,-1
2021-12-16,398.0400085449219,398.4800109863281,385.2099914550781,386.8399963378906,378.6383666992188,82591400,386.54560119628906,392.5312664851963,392.8388590494792,0.7641469243149004,1.758730917982225,-0.9945839936673246,391.4001098493317,46.32824713106709,-0.7873630569579271,-38.39997788150014,-64.37864783495057,7.984063765108588,405.81640264066544,394.2940017700195,382.7716008993736,1680664600.0,3189066571.569639,23471863.85379553,-0.004989123911829041,0
2021-12-17,383.3299865722656,389.1900024414063,381.7699890136719,384.9100036621094,376.7492980957031,80492500,386.9844012451172,391.8054319306166,391.9451449439639,0.0936924258401745,1.4257232195538152,-1.3320307937136406,389.40208497598496,45.01364371945223,0.4645939385095461,-101.17516131308146,-73.03720295345428,7.943774455296149,405.1320434442333,393.452001953125,381.77196046201664,1600172100.0,3176699993.8610034,11659250.179975033,-0.010963604948047934,-1
2021-12-20,379.5700073242188,381.5,377.4700012207031,380.6900024414063,373.0947265625,65336800,387.3750012207031,390.7468195983108,390.7297164190383,-0.7692984316059892,0.9867188893218544,-1.7560173209278436,386.6878260645359,42.19432284450311,-1.4267243892968169,-151.0443112127427,-86.00608494519811,7.907790740018298,404.1764248297917,392.28700256347656,380.3975802971615,1534835300.0,3215772444.224869,18199028.77646208,0.02238038550797805,1
2021-12-21,384.0499877929688,389.5299987792969,380.2000122070313,389.2099914550781,381.4446716308594,48899500,387.991400756836,390.60045501324106,390.436667742048,-0.7570066928266783,0.6379737728921479,-1.394980465718826,386.7038845595933,49.12275636119581,-2.166753489715055,-51.77687370863012,-48.350265904242384,8.00937615660739,403.2889135106816,391.78250274658205,380.27609198248257,1583734800.0,3261317556.0852013,33711562.08727074,0.012178569039896558,1
2021-12-22,388.9100036621094,394.1600036621094,388.2300109863281,393.9500122070313,386.090087890625,37042200,388.7276007080078,390.9194604602687,390.6430972144717,-0.3606282427118117,0.438253369771356,-0.7988816124831677,387.9805779519766,52.5315118659433,-1.416374302947348,24.468320237341977,-27.496687105691663,7.860848765119809,402.8630085898933,391.6060028076172,380.3489970253411,1620777000.0,3295736297.3719854,47944328.661372185,0.007539030660423718,0
2021-12-23,394.30999755859375,398.4299926757813,394.1400146484375,396.9200134277344,389.0009460449219,29595500,389.4660009765625,391.4909416952654,391.1491934640067,0.1909575719095642,0.3887942101989976,-0.1978366382894334,389.82526708754057,54.58473070099295,0.8102004806326586,74.08280665632002,-14.430256022620537,7.619358172521966,402.56380398350353,391.5140029907226,380.46420199794176,1650372500.0,3304497848.7826304,52196015.10313034,0.016527253191248148,1
2021-12-27,398.25,403.4800109863281,398.2200012207031,403.4800109863281,395.4300537109375,32820700,390.2030010986328,392.6327578182238,392.288813273112,1.1442401940573177,0.5398834069706617,0.604356787086656,393.0565651885406,58.82147593509895,1.37433760118853,130.66076158411647,0.0,7.543689557241379,404.3430538795444,392.1280029296875,379.9129519798306,1683193200.0,3337318548.7826304,59633199.092656136,-0.004634741706768142,0
2021-12-28,404.3999938964844,404.5799865722656,400.7099914550781,401.6099853515625,393.5972900390625,33113700,390.8564007568359,393.4877318690179,393.19185921805246,1.7288984349148109,0.7776864125594916,0.9512120223553192,395.2221895849569,57.18378509433162,2.383616823831749,123.36058818093028,-10.955377445572644,7.281282811523244,404.7026012421912,392.2240020751953,379.7454029081994,1650079500.0,3319606484.695636,51618826.779541016,-0.00014939259675317285,0
2021-12-29,401.75,403.0499877929688,399.1099853515625,401.5499877929688,393.53851318359375,32248500,391.4344006347656,394.2555657665371,394.0800483340309,2.162475331939106,1.0546441964354143,1.1078311355036916,396.97067981206135,57.12882822044459,3.4389425981825608,103.16372253405802,-11.176689105522453,7.042619927943464,405.7255026831056,392.6105010986328,379.4954995141601,1617831000.0,3327300304.47938,46095632.87540865,-0.0029883743641697658,0
2021-12-30,401.3299865722656,403.5700073242188,399.75,400.3500061035156,392.3624572753906,23850100,391.9320007324219,394.8359886557731,394.8171440487816,2.3818037024497585,1.3200760976382837,1.061727604811475,398.0724219770541,55.97023240306229,0.8311342178576077,91.51152880247582,-15.603034874034716,6.812433313391702,406.5461792500233,393.2720016479492,379.9978240458751,1593980900.0,3310942444.339095,34440858.69949913,-0.006244535935772122,0
2021-12-31,399.6600036621094,401.05999755859375,397.3399963378906,397.8500061035156,389.912353515625,34752900,392.3894006347657,395.1230379365105,395.25314447312127,2.3270689078077,1.5214746596721669,0.8055942481355329,398.3012913317032,53.53433428765145,2.8461404895703075,59.12379825997951,-24.82472927032443,6.59154530677109,406.99207849768993,393.6690017700195,380.3459250423491,1559228000.0,3285718744.644271,18516286.751955982,0.009626709849211768,0
2022-01-03,399.0499877929688,401.9400024414063,396.8800048828125,401.6799926757813,393.6658630371094,40575900,392.87760070800783,395.7475098164411,396.0160959879557,2.563192212268234,1.7298181701913804,0.8333740420768536,399.4555434410129,56.647204692338,4.356859747504342,65.55594318683806,-10.697142985793516,6.482149039044142,407.4294453659261,394.596501159668,381.7635569534098,1599803900.0,3322124630.67614,21902081.35155964,-0.012970502763585356,-1
2022-01-04,402.239990234375,402.2799987792969,393.2900085449219,396.4700012207031,388.5598449707031,58027200,393.32500061035154,395.8163185216089,396.1945245651972,2.303367081599788,1.844527952473062,0.458839129126726,399.0205980575756,51.5846066899907,4.14510459378969,29.652997979360528,-29.915122588198216,6.661280552996346,407.3668976649457,395.1100006103516,382.8531035557574,1541776700.0,3305148881.4976373,15894706.099005222,-0.030721095261381448,-1
2022-01-05,394.739990234375,395.8900146484375,384.0299987792969,384.2900085449219,376.622802734375,75739800,393.4522009277344,394.71857471430536,395.1640491303944,1.101927838915742,1.6960079297615982,-0.5940800908458561,395.4769641758683,42.109755840162265,-1.2640947093271384,-66.25165827227138,-74.84319067023888,7.074046402168482,407.4841700968987,394.4330017089844,381.38183332107,1466036900.0,3232730002.458245,-11050200.389483452,-0.0007026452034816222,0
2022-01-06,382.4200134277344,387.3500061035156,380.1300048828125,384.0199890136719,376.3582458496094,70814300,393.5502008056641,393.6996617904354,394.1723336356027,0.1265316851585112,1.3821126808409807,-1.2555809956824695,392.490244748656,41.92590419037422,-2.520630254008201,-98.06054626984286,-75.83920570952563,7.084471746349527,407.2265800685013,393.6535018920898,380.0804237156783,1395222600.0,3238222200.149138,-19321035.561355118,-0.010832778972766577,-1
2022-01-07,384.0299987792969,385.760009765625,378.0400085449219,379.8599853515625,372.2812194824219,72652300,393.5474005126953,392.3815973676856,392.8586653936477,-0.9709616811176148,0.9114978084492618,-1.8824594895668765,388.968973274216,39.09400256668595,-4.298102262177295,-115.08017491531793,-91.1841186932931,7.129866708803355,407.8043841965549,392.9600006103516,378.11561702414826,1322570300.0,3199825205.859324,-33165326.718301773,0.0006581372338247959,0
2022-01-10,374.8200073242188,380.6400146484375,369.30999755859375,380.1099853515625,372.5262451171875,91770500,393.4652001953125,391.2128724137691,391.63485441662016,-1.799813045794167,0.369235637600576,-2.169048683394743,386.1714598825728,39.35909198957685,-5.792114850407674,-149.59068489471292,-69.37910077379865,7.429877450306241,407.71989240271785,392.0649993896485,376.4101063765791,1414340800.0,3283009478.106416,-9346147.6840415,0.015022025710203613,1
2022-01-11,379.3599853515625,385.989990234375,377.2200012207031,385.8200073242188,378.122314453125,68295700,393.4594006347656,390.6992662147643,391.0400932675316,-1.973186999835491,-0.0992488898866373,-1.8739381099488532,385.39856055338566,45.22331575764563,-3.93166968035454,-87.67749492548711,-53.18963734515142,7.525599704832357,407.631778903104,391.7429992675781,375.85421963205226,1482636500.0,3348657717.1303406,22135787.76340866,0.003965576564854301,0
2022-01-12,388.4599914550781,390.2000122070313,385.010009765625,387.3500061035156,379.6217651367188,54576400,393.45780090332033,390.38028906131206,390.6217129661923,-1.96448364810243,-0.4722958415297959,-1.492187806572634,385.2065653539186,46.710365739591886,-3.5362923972430576,-43.74135458304733,-48.85167517934599,7.358771328873354,407.63145058269794,391.7004989624023,375.7695473421067,1537212900.0,3343294618.1170163,31295976.418270588,-0.025016141186833152,-1
2022-01-13,388.7699890136719,389.4700012207031,376.7000122070313,377.6600036621094,370.1251525878906,77994000,393.2300012207031,389.168833309007,389.284522937593,-2.7082691524909137,-0.9194905037220196,-1.7887786487688944,382.580439563652,39.41270663379792,-5.667541425124759,-80.6237232552627,-76.32546440465612,7.74528687778753,407.5755597141391,390.7309997558594,373.88643979757967,1459218900.0,3277027108.009404,11113120.704813004,0.00622254430103264,0
2022-01-14,375.0700073242188,380.3500061035156,374.8599853515625,380.010009765625,372.4282531738281,80121200,392.9666015625,388.2965644001135,388.2634762718564,-3.0726787427998943,-1.3501281515375947,-1.7225505912622996,381.09003998283663,41.78797559931554,-4.484101059244141,-89.89078471371734,-69.66255871845168,7.584196440227929,407.80307722171074,390.3895004272461,372.9759236327815,1539340100.0,3347224515.070111,24181752.82273197,-0.02489413891621106,-1
2022-01-18,374.0400085449219,376.2200012207031,369.7699890136719,370.5499877929688,363.156982421875,75450900,392.4132012939453,386.6064142470521,386.3739988781157,-4.077814177552455,-1.8956653567405668,-2.1821488208118875,377.4745949567588,35.71753086252742,-7.749951566031642,-123.99121764468303,-96.38064833355884,7.7738981767797295,409.0076531181921,389.671499633789,370.335346149386,1463889200.0,3290022141.741952,9128915.100854397,-0.01098361068875442,-1
2022-01-19,372.1499938964844,374.6900024414063,366.2099914550781,366.4800109863281,359.1681823730469,81791500,391.7708013916016,384.6896139365069,384.1652856735956,-5.143513147446129,-2.5452349148816795,-2.598278232564449,373.5283524750077,33.46512766082336,-7.5642520599384415,-129.8767305884872,-99.27724995568582,7.824334806033191,410.4854783073147,388.9610000610352,367.4365218147557,1382097700.0,3213439432.7507944,-22226190.92808676,-0.012988456731416576,-1
2022-01-20,369.7900085449219,373.8699951171875,361.1700134277344,361.7200012207031,354.503173828125,88610700,391.04400146484375,382.502031773097,381.5709048316592,-6.299562827128398,-3.296100497331023,-3.0034623297973746,369.1488968468875,31.00269297753647,-5.873170476036567,-142.80198387605765,-98.66215522028192,8.172595297706042,412.1659263433544,387.5865005493164,363.0070747552784,1293487000.0,3132503515.993496,-58785054.09651375,-0.027728626411170132,-1
2022-01-21,359.4700012207031,362.1799926757813,351.3999938964844,351.69000244140625,344.6733093261719,143388900,390.1714013671875,379.56755278912647,378.152190726144,-7.933623728622479,-4.223605143589314,-3.710018585033165,363.06561177019313,26.566728753343305,-8.418829096710018,-185.0941800501228,-99.4300147069761,8.358838403533962,414.38546898861534,385.4735000610352,356.561531133455,1150098100.0,2996829645.855432,-111565815.51875256,0.004577853622184547,0
2022-01-24,345.9100036621094,353.9800109863281,334.1499938964844,353.29998779296875,346.25115966796875,198685800,389.4472009277344,377.0658799323495,375.08804670061386,-8.995027327347884,-5.177889580341028,-3.817137747006856,358.62904372039736,28.33918724240972,-6.992049329442354,-188.8060420809243,-71.89198220457571,9.178208309698949,414.878845918329,383.29249877929686,351.7061516402647,1348783900.0,3181888533.525602,-64133224.97654581,-0.02318143992183075,-1
2022-01-25,346.6700134277344,351.0299987792969,341.67999267578125,345.1099853515625,338.2245788574219,124398400,388.5376007080078,374.022461400846,371.4516168503535,-10.377437437602794,-6.217799151793382,-4.159638285809412,353.0197746193207,25.029532269663207,-9.207861237222856,-155.0252876019518,-82.24815715707156,9.352621653090983,414.6333095626221,380.3739974975586,346.1146854324951,1224385500.0,3148759721.1932445,-49439675.95352554,-0.001564654893406403,0
2022-01-26,352.9100036621094,356.8800048828125,340.7799987792969,344.57000732421875,337.6953430175781,146559500,387.5350006103516,371.2174657745005,368.041713024321,-11.385336056791743,-7.251306532793054,-4.13402952399869,348.4535322701479,24.82368819106681,-10.691513974633295,-118.60722382218503,-81.40943795949904,9.834577685264176,413.67938482193,377.5219985961914,341.3646123704528,1077826000.0,3071201655.573842,-63611728.9635973,-0.010070526009067549,-1
2022-01-27,349.3999938964844,351.2699890136719,340.04998779296875,341.1000061035156,334.2945556640625,95255700,386.4648010253906,368.34913628202577,364.5729518345424,-12.322062011861476,-8.265457628606738,-4.056604383254738,343.9990850792999,23.4869379594966,-11.94010565928328,-110.80979350941762,-87.60033909618997,9.9335365092241,412.1911170184519,374.49949951171874,336.80788200498563,982570300.0,2993774871.492212,-88262297.49699974,0.031369045728500966,1
2022-01-28,343.0299987792969,352.0199890136719,337.95001220703125,351.79998779296875,344.7810974121094,108167900,385.5524005126953,366.7730269021156,362.41109357561385,-12.061981961411504,-9.024762495167693,-3.037219466243812,343.32524889787777,35.09365064205769,-6.847433039871879,-80.47856789038806,-68.51027987414025,10.22899653046814,409.0380751494008,372.0719985961914,335.105922042982,1090738200.0,3098560097.82218,-56982021.9286747,0.03197839792598445,1
2022-01-31,353.20001220703125,363.6499938964844,351.5199890136719,363.0499877929688,355.806640625,94326400,384.8608001708984,366.4184517488635,361.5518544514974,-10.823321158792112,-9.384474227892577,-1.438846930899535,345.8912759951805,44.60792099775976,-4.463046113736967,-18.10686124605341,-48.43892157828908,10.36478284134988,405.51379133264754,370.3319976806641,335.1502040286807,1185064600.0,3183554858.425588,-11961574.283395767,0.006803474187448755,0
2022-02-01,364.4299926757813,366.1900024414063,359.1400146484375,365.5199890136719,358.2273254394531,74433000,384.1361999511719,366.3328838693215,361.0935679117839,-9.5324805903158,-9.414075500377225,-0.1184050899385766,348.8157257747339,46.46345110670923,-1.357441356092355,10.324669905098936,-44.03214117900723,10.128011766465518,400.66081242003895,368.5239974975586,336.3871825750783,1259497600.0,3243840001.45588,26724933.834165573,0.008125413958118832,0
2022-02-02,369.760009765625,370.1000061035156,364.2900085449219,368.489990234375,361.13812255859375,78777100,383.4261999511719,366.5383225707552,361.090329124814,-8.175582832845919,-9.166376966870963,0.9907941340250446,352.1381677175072,48.689185772016856,0.5484553557606882,45.15372512529105,-37.924815995357264,9.819582180188965,396.59957022240144,367.1249969482423,337.6504236740831,1338274700.0,3278957055.1836486,51295301.17435217,-0.040543848781085745,-1
2022-02-03,358.5299987792969,361.9299926757813,352.4599914550781,353.54998779296875,346.4961242675781,95384800,382.5111999511719,365.3013383062041,359.79747111002604,-8.211112330634478,-8.975324039623667,0.7642117089891887,351.1152514938692,39.73922494455813,-2.258656806414597,-17.640468457792544,-58.00868231473788,10.263183365839527,394.5229165261532,365.58799591064457,336.653075295136,1242889900.0,3205529819.975327,33320394.68593025,0.012614968538106508,1
2022-02-04,354.0799865722656,361.3999938964844,351.9700012207031,358.010009765625,350.8671569824219,86318300,381.7217999267578,364.6069260642442,359.0757581438337,-7.789589673469095,-8.738177166392752,0.9485874929236572,351.5532026195629,43.10169894283781,1.7970392335140952,1.2791403368785674,-43.28497334155453,10.20366974512108,392.1083873307183,364.2874969482422,336.46660656576614,1329208200.0,3229787060.701277,30656110.018384457,-0.008044481450945828,0
2022-02-07,358.6199951171875,361.0499877929688,353.8399963378906,355.1300048828125,348.0446472167969,58198100,380.8491998291016,363.7043621422031,358.2036160423642,-7.600310605960203,-8.510603854306243,0.91029324834604,351.2774303697338,41.49169725593045,0.5179782488178649,7.814404513368347,-48.24862712330115,9.989835581546586,390.18322369979904,363.05099792480473,335.9187721498104,1271010100.0,3192414518.336395,14887992.809345722,0.011235294623138437,1
2022-02-08,353.9599914550781,360.239990234375,352.79998779296875,359.1199951171875,351.9549560546875,64720900,380.2075994873047,363.26775575886825,357.8292348225912,-7.047111994702959,-8.217905482385586,1.1707934876826265,352.1918666647157,44.58028215917312,4.059578209930103,25.458405339278077,-37.134943471028656,9.807704642965136,388.0138152036817,362.001498413086,335.98918162249026,1335731000.0,3237649647.3165994,21476941.09849977,0.02119073282638384,1
2022-02-09,363.760009765625,366.80999755859375,362.1199951171875,366.7300109863281,359.4132080078125,55766400,379.5483996582032,363.59749435195965,358.27956935337613,-5.926318517750019,-7.759588089458473,1.8332695717084533,355.0110862164605,50.00150646246586,6.431205035572989,110.60360699291778,-9.374113971867814,9.65644019999664,384.7957635765776,361.0469985961914,337.2982336158053,1391497400.0,3291513889.166653,39358593.16012573,-0.02263250364545788,-1
2022-02-10,359.5199890136719,366.489990234375,356.5400085449219,358.42999267578125,351.27880859375,112468500,378.8405993652344,363.1053513351807,358.03033069428943,-5.642777299693762,-7.336225931505531,1.6934486318117692,355.24671712632977,44.8485162527798,5.080617491107986,52.838010650917,-32.46177876248928,9.694551788668758,380.06169853691534,359.60099792480474,339.14029731269414,1279028900.0,3221771835.6779814,20905107.151656628,-0.031721662108428306,-1
2022-02-11,358.42999267578125,360.07000732421875,345.79998779296875,347.0599975585937,340.1356506347656,101569100,378.0393994140625,361.5772224040773,356.83594970703126,-6.263332624813415,-7.121647270167108,0.8583146453536923,352.5578403377005,38.92983795264814,-1.3473537233788937,-51.334578050240886,-71.66411483344442,10.021370913138846,377.4489868392595,358.0709976196289,338.6930083999983,1177459800.0,3138139369.556509,-15154840.631517887,0.0012389577560252274,0
2022-02-14,346.489990234375,350.9800109863281,343.8900146484375,347.489990234375,340.5570678710937,80254400,377.1909991455078,360.23558124505803,355.82823471795945,-6.643844274348453,-7.026086671003378,0.3822423966549246,350.537535593876,39.25632292571854,-4.285910503174836,-93.26596992190294,-70.32665680105478,9.81198701490683,373.5054316364042,356.4449966430664,339.3845616497286,1257714200.0,3139383990.682948,-28132908.854266167,0.02486406771777805,1
2022-02-15,352.9100036621094,356.3699951171875,351.82000732421875,356.1300048828125,349.0246887207031,55128800,376.6509991455078,359.8445739724632,355.7982355026972,-6.177020674258699,-6.856273471654442,0.6792527973957423,351.2016167977659,45.55475155634117,-2.5689386115920883,-19.089573174387784,-43.45257814257549,9.745416862614375,371.5103451430607,355.72399749755857,339.9376498520565,1312843000.0,3188697226.230992,-15194006.466079712,-0.000252706418040316,0
2022-02-16,353.82000732421875,357.0899963378906,350.7099914550781,356.0400085449219,348.9365234375,58947100,376.0477990722656,359.48223440793544,355.82833179292226,-5.748061485481514,-6.634631074419856,0.8865695889383414,351.7970730393201,45.50182726954997,-3.3786485438951592,-35.9077133881146,-43.73250459662209,9.505030292628527,370.20201213672016,355.2019973754883,340.20198261425645,1253895900.0,3228241916.180289,4062855.537144661,-0.029743838006212386,-1
2022-02-17,352.739990234375,353.4599914550781,345.0199890136719,345.45001220703125,338.5577697753906,61801400,375.0001995849609,358.1458322935636,354.89957130068825,-6.191263407433894,-6.5459575410226645,0.3546941335887705,349.60454505224203,39.66256731697548,-2.291041115996494,-136.3201244756137,-94.04808062884162,9.613243809672918,369.64879561298994,354.3884979248047,339.1282002366195,1192094500.0,3172738153.0747285,-6088976.043955326,-0.011405419893414148,-1
2022-02-18,346.4100036621094,346.8099975585937,339.1400146484375,341.510009765625,334.6964111328125,80001500,373.8382000732422,356.56146824328374,353.6730486188616,-6.782247861184715,-6.593215605055074,-0.1890322561296402,346.8543518801529,37.72293329933063,-4.60880968406495,-168.84401363918752,-92.34497489889075,9.47443945970744,370.1138778264855,353.87949829101564,337.6451187555458,1112093000.0,3142176962.548329,-19412469.94517231,-0.010043697388880002,-1
2022-02-22,338.489990234375,344.0400085449219,334.3500061035156,338.0799865722656,331.33477783203125,85967100,372.7251995849609,354.80132713175817,352.1683332170759,-7.441599378993317,-6.762892359842724,-0.6787070191505933,343.78846870972023,36.069217266157125,-4.801063857212832,-166.50873320324126,-89.5664881993007,9.489836815543066,370.75642163827337,353.11849822998045,335.4805748216875,1026125900.0,3122392633.067537,-29393234.10817957,-0.02561516057881219,-1
2022-02-23,341.32000732421875,342.17999267578125,329.1000061035156,329.4200134277344,322.8475952148437,86215400,371.3533996582031,352.3840591599464,349.91133466448105,-8.564204843176356,-7.1231548565094505,-1.441049986666905,339.1180868475848,32.22780925496784,-8.270211097480516,-173.20722370470278,-99.15139910705108,9.746276083880392,372.5362512569819,352.33399963378906,332.1317480105962,939910500.0,3040395824.471744,-56894055.44550944,0.03360444525350337,1
2022-02-24,318.8399963378906,341.0400085449219,318.260009765625,340.489990234375,333.6967468261719,130614100,370.3179992675781,351.2512906908444,348.78333376929874,-8.463066189876315,-7.391137123182824,-1.0719290666934915,338.26661818341034,40.893510896023216,-7.155133194957248,-138.03116289526375,-54.21218113680051,10.677256276410144,372.72040192411976,352.1299987792969,331.53959563447404,1070524600.0,3164702624.1675057,-23420041.04890108,0.0155070602095011,1
2022-02-25,341.3099975585937,345.9800109863281,337.3900146484375,345.7699890136719,338.8713684082031,78842100,369.4693988037109,350.7292619596851,348.1776185535249,-7.866184821678814,-7.486146662882022,-0.3800381587967925,339.0475484513878,44.5362906457932,-3.532071512096091,-49.38820692156786,-43.33679471690618,10.528166280801605,372.5502364286029,352.3634979248047,332.1767594210064,1149366700.0,3239689408.5843496,16262399.977698326,0.002978855343215292,0
2022-02-28,342.510009765625,348.5400085449219,341.32000732421875,346.79998779296875,339.8808288574219,77515500,368.4643988037109,350.3550453723788,347.647760445731,-7.226734447429976,-7.434264219791613,0.2075297723616369,340.05563388282457,45.245227091823935,-0.0749178146297445,-23.42506699921899,-41.21527249595508,10.291868776508856,372.4452817049949,352.1134979248047,331.7817141446145,1226882200.0,3279842427.755049,43793686.49946642,-0.015311412184257911,-1
2022-03-01,345.75,348.0799865722656,338.8999938964844,341.489990234375,334.6767578125,67407000,367.5573986816406,349.51075440685463,346.63599780854724,-7.066974165186309,-7.360806208870552,0.293832043684243,339.5939549739019,42.24718024485901,-1.7266684418601874,-40.24513325524897,-52.15244838410798,10.212449055028312,371.21924194486286,351.035498046875,330.8517541488871,1159475200.0,3250471162.491261,41729838.71994209,0.016779440540542367,1
2022-03-02,343.0799865722656,348.5899963378906,340.239990234375,347.2200012207031,340.2924499511719,70609000,366.8035986328125,349.2925874367449,346.27261715843565,-6.404175641269092,-7.169480095350261,0.7653044540811695,340.7852241262185,46.376394963085644,-2.5018963692883123,-5.057025950103189,-39.95437863831941,10.079417415634548,369.22510882597874,350.12049865722656,331.0158884884744,1230084200.0,3297910362.606022,52186206.59938383,-0.014284866763552007,-1
2022-03-03,349.92999267578125,350.0400085449219,340.3500061035156,342.260009765625,335.4314270019531,71089400,366.03499877929687,348.6228181347335,345.5239991687593,-6.207575823889897,-6.9770992410581885,0.7695234171682914,340.54930465715154,43.478522877214125,-3.870351210138857,-5.734778633717896,-42.59746136945907,10.051602060332527,366.2152003653814,348.8089996337891,331.4027989021968,1158994800.0,3254845932.704472,38017292.43599081,-0.014491970522798714,-1
2022-03-04,339.8399963378906,341.3099975585937,334.9200134277344,337.29998779296875,330.5704040527344,76936300,364.9967987060547,347.5444533402797,344.4279028029669,-6.378474291580801,-6.857374251162711,0.4788999595819101,339.137447880545,40.737196654222,-2.359248552921781,-80.27746168655585,-50.96578776325645,9.857915937300962,365.95008634714,347.9964996337891,330.04291292043814,1082058500.0,3235220079.180136,22520211.20813322,-0.03688112330748672,-1
2022-03-07,337.2900085449219,338.4800109863281,324.6499938964844,324.8599853515625,318.3785705566406,89933800,363.6149981689453,345.3840278175447,342.22442525227865,-7.432044803854467,-6.972308361701062,-0.4597364421534049,334.822585624474,34.80927487501428,-4.875413293299734,-155.66332067872517,-83.00288985767628,10.141637448196876,366.2976460697167,346.338998413086,326.38035075645524,992124700.0,3148017342.981435,-13613120.92177105,-0.0046480924587026795,0
2022-03-08,324.04998779296875,333.2099914550781,319.94000244140625,323.3500061035156,316.8987121582031,116153900,362.14359802246094,343.2855495590657,340.0349974132719,-8.293250304154071,-7.236496750191664,-1.056753553962407,330.9768916267857,34.159507176462824,-4.356951329209019,-158.71708128263032,-86.89158357441679,10.365091131445087,366.6244202399448,344.74999847412107,322.8755767082974,875970800.0,3091559833.68081,-45121135.12313318,0.0359980946687628,1
2022-03-09,331.75,336.3800048828125,329.0899963378906,334.989990234375,328.306396484375,64723400,360.7737976074219,342.4954962900475,339.1054728190104,-7.944928240626211,-7.378183048278574,-0.5667451923476374,330.9422818227165,42.99343958715637,1.6908434762912556,-62.29588772487082,-52.47162167200001,10.555441677720216,364.766597619474,343.54349822998046,322.3203988404869,940694200.0,3131601102.3657928,-41168452.24909258,-0.011104813066505126,-1
2022-03-10,330.82000732421875,332.510009765625,326.7099914550781,331.2699890136719,324.6606750488281,69362700,359.36699768066404,341.4264003589641,337.936567179362,-7.878238080361257,-7.478194054695111,-0.4000440256661459,330.0474115182175,41.09571611453882,-2.7078626347742474,-86.22168146563328,-59.062367061756326,10.392910042118547,360.756037604292,341.77049713134767,322.78495665840336,871331500.0,3171304865.856888,-23175843.394446373,-0.020738356461574847,-1
2022-03-11,334.32000732421875,334.6400146484375,323.8999938964844,324.3999938964844,317.9277648925781,66228400,357.8239978027344,339.804837838728,336.2822335379464,-8.28424126237536,-7.639403496231161,-0.6448377661441995,327.6274615907766,37.7792041216493,-6.180407726577601,-97.2530377159704,-80.67972194240839,10.417703664249588,358.87616223786705,340.0689971923828,321.2618321468986,805103100.0,3111242971.632768,-32818938.53481579,-0.019204625727391234,-1
2022-03-14,323.1300048828125,326.5899963378906,317.45001220703125,318.1700134277344,311.8220520019531,79802600,356.1803979492188,337.74437837101425,334.19661603655135,-9.004906114595826,-7.912504019904094,-1.0924020946917326,324.12779712337795,35.01922091541033,-8.2554715608369,-141.15967208585243,-97.79072935989863,10.326437983293143,359.397110387222,338.62449798583987,317.8518855844577,725300500.0,3044013253.2904696,-55171575.24344158,0.03136681663124974,1
2022-03-15,320.8800048828125,328.95001220703125,319.2300109863281,328.1499938964844,321.6029968261719,76471000,354.7863977050781,336.8306274686781,333.1990442185175,-8.670785763533843,-8.064160368630045,-0.6066253949037979,323.95806973582216,42.29225211040625,-3.906409183102257,-83.40935379271787,-67.16789539183581,10.358835183007695,358.48979828238384,337.6574981689453,316.8251980555068,801771500.0,3107896147.8290167,-38973862.43075657,0.037086739765637367,1
2022-03-16,332.1700134277344,340.44000244140625,328.3999938964844,340.32000732421875,333.5301208496094,105243000,353.5591979980469,337.16294935968193,333.4526165190197,-7.339370904352222,-7.919202475774481,0.5798315714222593,327.0848939134854,49.6874962481168,-1.987210953351313,14.17806487801026,-29.82510682089954,10.496776137430135,355.9629732053777,336.86699829101565,317.77102337665355,907014500.0,3211041367.5706315,4014486.5859246254,0.012106238330156227,1
2022-03-17,338.3699951171875,344.5,337.0400085449219,344.44000244140625,337.56787109375,67810000,352.51859802246094,337.8560020341319,334.1738550095331,-5.883939470809196,-7.512149874781425,1.6282104039722292,330.80722362772224,51.9332072280552,0.6369405170279985,66.38744982271027,-17.1832056851286,10.279862945833564,353.643837284716,336.28699798583983,318.93015868696364,974824500.0,3277760633.225226,42464533.29321766,0.020467970453484252,1
2022-03-18,342.739990234375,351.7900085449219,341.54998779296875,351.489990234375,344.4772644042969,85446300,351.86259765625,339.15447710082174,335.62175903320315,-4.1141985582431175,-6.832559611473764,2.7183610532306464,335.7524586597637,55.58638186322621,4.206938320470953,118.99705076150944,-0.8736701879488384,10.277017074842105,354.7639545443671,336.58899688720703,318.41403923004697,1060270800.0,3358200018.651622,79928035.64612532,-0.004011504456127413,0
2022-03-21,350.20001220703125,352.4800109863281,345.5799865722656,350.0799865722656,343.5195617675781,73799100,351.18379760742187,340.19500181238783,336.9066151936849,-2.7932428811787418,-6.02469626541476,3.2314533842360182,339.47640333481354,54.69110259749636,7.763344935637461,117.30945916829845,-6.851340273185913,10.035803313357848,356.02151445520457,337.0174957275391,318.0134769998736,986471700.0,3380660273.7122145,95134273.61467408,0.019652665524175328,1
2022-03-22,350.5899963378906,357.8500061035156,350.20001220703125,356.9599914550781,350.2706604003906,63345900,350.7257977294922,341.791667492644,338.8059005010696,-1.177641971104265,-5.055285406552661,3.877643435448397,344.3243072825797,58.22654454375279,10.394304845258846,146.0566429867287,-2.203006888362302,9.873961614635858,358.8637214935536,337.9614959716797,317.05927044980587,1049817600.0,3429266611.908285,108172090.06285954,-0.014371372158266338,-1
2022-03-23,354.010009765625,357.6600036621094,351.7699890136719,351.8299865722656,345.23681640625,70615500,350.16019775390623,342.7476978811794,340.1267091296968,-0.3076685197191864,-4.105762029185967,3.798093509466781,346.95234884924054,54.79332491639988,5.0270147851607625,120.80703217512824,-14.90104069489442,9.589393974193118,360.43045087993056,339.0819946289063,317.733538377882,979202100.0,3360089735.698466,81661091.62827873,0.02222666521522476,1
2022-03-24,353.79998779296875,359.70001220703125,351.5899963378906,359.6499938964844,352.9102478027344,53555300,349.6367974853516,344.3574403588275,342.0855662027995,1.001259053750573,-3.084357812598659,4.085616866349232,351.1016100886143,58.78294541938609,8.567031673261905,114.8829858595918,-0.1183865338387546,9.483724109546513,363.1980939427219,340.03999481201174,316.8818956813016,1032757400.0,3412984433.877198,80222078.81388521,-0.0008341103797018246,0
2022-03-25,359.5899963378906,360.6700134277344,354.94000244140625,359.3500061035156,352.6158142089844,57584200,349.0767974853516,345.7853037630835,343.9246148972284,1.9914311001496685,-2.069200030048994,4.060631130198662,354.37240254601426,58.56940458450476,10.77374009389894,102.79703528298492,-3.054158461213652,9.215601743602342,365.2640996021484,340.718995666504,316.17389173085945,975173200.0,3444037597.221024,82221027.47067928,0.01547237363060483,1
2022-03-28,359.3399963378906,365.010009765625,358.07000732421875,364.9100036621094,358.0716857910156,56833900,348.8217974853516,347.60670375346695,346.2285204206194,3.188045117243007,-1.017751000590594,4.205796117833601,358.42576536603895,61.370358552549845,14.690256234656443,109.60259276691023,-0.2102735673869982,9.05305893630262,368.2483143864728,341.62449645996094,315.0006785334491,1032007100.0,3499233533.276606,93126483.62335493,0.017209719427456305,1
2022-03-29,368.8999938964844,371.8299865722656,366.05999755859375,371.1900024414063,364.2339782714844,68073000,348.6453973388672,349.8527321999373,349.0442828950428,4.590200786906848,0.1038393569088945,4.486361429997954,363.2894653801078,64.3056667820333,13.11595591816436,125.11215441782532,-1.1768746460985249,8.900696363006452,372.6869713393558,343.1094970703125,313.5320228012692,1100080100.0,3552205762.846452,105976562.94682312,-0.011045572554618799,-1
2022-03-30,369.2799987792969,370.9800109863281,365.5700073242188,367.0899963378906,360.2108459472656,68757700,348.5761975097656,351.49437640355194,351.3281399681455,5.309379804318439,1.1449474463908036,4.164432357927636,366.10401107936366,61.04438456784053,7.866122601533806,103.94168909449854,-8.716426018408207,8.66636055973367,375.4480512562848,344.1029968261719,312.757942396059,1031322400.0,3522084246.8983483,92015061.8732252,-0.012394747441661913,-1
2022-03-31,367.239990234375,367.6000061035156,361.6799926757813,362.5400085449219,355.7460327148437,67011400,348.4973974609375,352.5463413693967,353.0840458461216,5.449371406505918,2.0058322384138267,3.4435391680920917,367.1088222135883,57.5558803762036,5.254908249687018,74.8463131554054,-17.08345422333064,8.470192907448002,377.4543592686598,345.1169967651367,312.77963426161364,964311000.0,3474542690.376519,62811674.18860531,-0.0019032449526760198,0
2022-04-01,362.80999755859375,363.6099853515625,358.5899963378906,361.8500061035156,355.0689697265625,54527800,348.49999755859375,353.43240467740804,354.6776657831101,5.441907408261329,2.6930472723833274,2.748860135878002,367.6289375673073,57.023681611813366,2.9474568713130416,53.84541323238834,-18.97335570516525,8.223749772178278,379.26038402970914,346.34449768066406,313.428611331619,909783200.0,3490836224.851124,50338987.996943474,0.020588590752495195,1
2022-04-04,362.7099914550781,369.30999755859375,362.4400024414063,369.2999877929688,362.37933349609375,45950200,348.852197265625,354.94360306936625,356.8639029366629,5.968344041179819,3.348106626142626,2.6202374150371925,369.865486812882,61.19576125125845,5.490174233863458,88.38805025207779,-5.825464439250694,8.169195606671124,381.3808313664182,348.5664978027344,315.75216423905056,955733400.0,3536652523.523809,55238167.04194164,-0.02220412120362736,-1
2022-04-05,367.80999755859375,368.5400085449219,359.92999267578125,361.1000061035156,354.3330383300781,62738700,349.0081976318359,355.5299271678566,358.0575703938802,5.658649484436751,3.810215197801451,1.8484342866353,369.4465619296046,54.88059806207468,1.1597979458598522,47.24719479936661,-30.842159372209423,8.254967000279441,381.5469767139052,350.4539978027344,319.3610188915635,892994700.0,3490964923.6737385,37683761.51333285,-0.021711426766476305,-1
2022-04-06,355.6499938964844,356.7799987792969,350.5599975585937,353.260009765625,346.63995361328125,90077100,349.1711981201172,355.3137445581203,358.32480962844124,4.726112451664619,3.993394648574085,0.7327178030905341,366.9487779503107,49.60933925886939,0.4064529028044201,-67.51702000034892,-61.32753485887636,8.41818425346819,381.6525286793336,351.36749877929685,321.0824688792601,802917600.0,3479090145.8097725,23298278.8846097,0.0023778415746744663,0
2022-04-07,352.239990234375,356.3500061035156,348.69000244140625,354.1000061035156,347.4642639160156,63777400,349.36179809570314,355.1981504195865,358.585048421224,4.008641692809704,3.996444057421209,0.0121976353884947,365.0146669658925,50.16167752956304,-1.5431635999321511,-81.96928107534278,-67.54278273809524,8.364028496942561,381.3652342936058,352.5089996337891,323.65276497397235,866695000.0,3505400422.7299685,23666735.11250257,-0.013979136181048735,-1
2022-04-08,352.32000732421875,353.0899963378906,348.5,349.1499938964844,342.6069641113281,61956100,349.5227978515625,354.6221355126244,358.26514311290924,3.005965432828986,3.7983483325027647,-0.7923828996737781,362.0575568008366,46.89929447259858,-2.8384616763003474,-118.60467455117912,-97.21391225635304,8.166598325983495,379.64611347151066,353.7464996337891,327.8468857960675,804738900.0,3460991651.2616,7535882.182841301,-0.02365739479432949,-1
2022-04-11,344.8099975585937,345.75,340.5400085449219,340.8900146484375,334.5018615722656,66107400,349.3045983886719,353.31431447793994,357.0407159714472,1.5272211246486336,3.344122890931939,-1.8169017662833051,357.4223473379022,41.99154763471706,-6.582441909680648,-175.69931470944388,-98.88141147555372,8.198268827810567,375.99052138019806,354.8824996948242,333.7744780094504,738631500.0,3403766413.041346,-17956213.647813797,-0.004224243537585992,0
2022-04-12,345.760009765625,347.69000244140625,338.0400085449219,339.45001220703125,333.0887451171875,72790200,348.8325988769531,351.99390473785337,355.57095525832403,0.2363845502680988,2.722575222799171,-2.4861906725310723,353.206509095635,41.18245722397532,-8.550874222261772,-151.67462483870764,-95.82715424979452,8.301963475572983,374.1284705019966,355.44750061035154,336.76653071870646,665841300.0,3352247614.799033,-43144760.142198086,0.02032698084652318,1
2022-04-13,339.79998779296875,347.42999267578125,339.0599975585937,346.3500061035156,339.85943603515625,61367800,348.44919921875,351.4563905822022,354.7045272100539,-0.2272216236754047,2.132615853504256,-2.359837477179661,351.5232465665807,46.50164990923575,-5.649838034617736,-104.29989714234594,-75.40691635884144,8.306822878545452,373.62075753836905,355.7490005493164,337.87724356026376,727209100.0,3397778750.8484445,-35039734.952160835,-0.022867080375818638,-1
2022-04-14,346.44000244140625,346.9700012207031,338.2099914550781,338.42999267578125,332.0877990722656,73519400,347.84799926757813,350.21578125778115,353.05509788876486,-1.2196523567703252,1.4621622114493398,-2.681814568219665,348.0861282786317,41.82595073204058,-6.650304876945238,-105.85793938295406,-98.84585858403403,8.339193370479705,374.2487504531361,355.44850006103513,336.64824966893417,653689700.0,3327952122.4727025,-50756175.95286751,0.0007682822777297371,0
2022-04-18,337.3500061035156,341.0400085449219,335.7900085449219,338.69000244140625,332.343017578125,58560600,347.55079956054686,349.118088037174,351.45905049641925,-1.962557111005424,0.7772183469583871,-2.7397754579638107,345.34909710032275,42.0320207392729,-6.400443076262908,-106.98005715608178,-91.9533971572232,8.118536701159726,374.9292985286924,354.8085006713867,334.68770281408104,712250300.0,3334086906.310593,-50619454.59993029,0.022350843749892935,1
2022-04-19,338.0299987792969,346.8500061035156,336.9800109863281,346.260009765625,339.77117919921875,56515700,347.31579956054685,348.8458901065503,350.6449085053944,-1.918364444032477,0.2381017887602142,-2.156466232792692,345.0971690994528,47.82664859903724,-6.238824475743042,-64.77082344400061,-70.24722792180424,8.243640873733138,374.9852251800838,354.6175018310547,334.24977848202565,768766000.0,3383845955.342193,-30129329.84549904,-0.014584468804136885,-1
2022-04-20,347.0899963378906,347.5599975585937,339.9599914550781,341.2099914550781,334.81573486328125,65500000,347.0373992919922,348.118661663553,349.36800275530135,-2.2647293201054595,-0.2624644330129205,-2.002264887092539,343.6129012412669,44.62208713933759,-5.508173445650865,-59.66358257255392,-83.83059461044098,8.197666961574742,374.9775393896271,353.8300018310547,332.68246427248226,703266000.0,3339891990.6702766,-32993328.49197769,-0.02069106337855653,-1
2022-04-21,345.19000244140625,347.8699951171875,333.20001220703125,334.1499938964844,327.8880310058594,75801000,346.53799926757813,346.7883123524036,347.49371628534226,-3.073479620049284,-0.8246674704201933,-2.2488121496290905,340.6016568556879,40.5331939648343,-5.40961765862471,-84.72110606642117,-97.36919946046996,8.659975243616278,375.7660165187979,352.9460021972656,330.1259878757333,627465000.0,3273908256.6457376,-52160395.26498318,-0.02618584515883804,-1
2022-04-22,334.3099975585937,335.5599975585937,324.9599914550781,325.3999938964844,319.30206298828125,82562100,345.7113989257812,344.751329642316,344.8702869233631,-4.370096184164254,-1.5337532131690057,-2.8363429709952483,335.9124039485507,36.11602497453432,-8.105058376825118,-148.8135112578558,-99.00788640168558,8.798548876466228,376.763685164797,351.23350219726564,325.70331922973423,544902900.0,3198200402.8061385,-79348476.50608683,0.012845706066949125,1
2022-04-25,323.7300109863281,329.8999938964844,322.42999267578125,329.5799865722656,323.4037170410156,101755900,345.1343988037109,343.3064398261207,342.80804734002976,-5.002715487506407,-2.227545668036486,-2.7751698194699213,333.22141757456615,39.50748704983396,-5.605043009114543,-161.03150395912604,-84.49362082898448,8.703652615340292,376.6434607003666,349.7450012207031,322.8465417410396,646658800.0,3291238062.3881254,-53654483.8280797,-0.03774492514915029,-1
2022-04-26,327.4700012207031,327.6600036621094,316.8599853515625,317.1400146484375,311.1968688964844,105819600,344.5359991455078,340.814399333008,339.7028105236235,-6.4337088217977225,-3.0687782987887333,-3.364930523008989,327.871687521752,33.762848859049136,-6.967056522466215,-190.24508141371223,-99.29852404137608,8.990534658580495,376.8069512392785,347.3565017700195,317.90605230076056,540839200.0,3190905969.414786,-70189472.42149544,-0.0011982243339231369,0
2022-04-27,317.239990234375,322.8800048828125,315.0,316.760009765625,310.8240051269531,111204200,343.9213995361328,338.5235050884953,336.7888589041574,-7.511852606303876,-3.957393160291762,-3.554459446012114,323.49081261145824,33.60211611350152,-6.6843427973034135,-161.44548787423807,-95.74362876460286,8.911211103168496,374.8231562145921,344.63500213623047,314.44684805786886,429635000.0,3129376986.8516207,-90150328.35058212,0.03551584686565712,1
2022-04-28,321.8500061035156,329.8900146484375,317.5199890136719,328.010009765625,321.8631896972656,99450000,343.35899963378904,337.52221981965056,335.20552629743304,-7.373511097226924,-4.640616747678795,-2.732894349548129,322.94008650310644,42.35191712553282,-5.295220445992787,-84.19558207610945,-65.84402463519513,9.212553516000211,371.84407731116056,342.6810028076172,313.5179283040738,529085000.0,3198598029.9980087,-68095771.28857708,-0.044998656523230984,-1
2022-04-29,323.70001220703125,327.2300109863281,312.6000061035156,313.25,307.3797607421875,91977900,342.5031994628906,335.2105798368267,332.40257364908854,-8.358531934983148,-5.384199785139666,-2.974332149843482,318.7850496208808,35.70407716070892,-7.4402367463642305,-115.90046617988546,-98.15709073163472,9.65522852643658,370.557079641741,340.2165023803711,309.8759251190012,437107100.0,3114793069.664172,-79548142.47956133,0.016695964840632405,1
2022-05-02,312.8299865722656,318.7200012207031,309.6499938964844,318.4800109863281,312.5117492675781,115511800,341.96379943847654,333.6171923272554,330.33243161156065,-8.617809128788963,-6.030921653869526,-2.586887474919437,316.87026846165963,39.33759854447072,-5.9671059994085525,-109.26298000763047,-76.89686863468576,9.613427011992448,368.0918768544657,338.0480026245117,308.0041283945577,552618900.0,3224192040.2112,-42192790.7491312,0.0010675594265325827,0
2022-05-03,318.5,321.1700134277344,315.9800109863281,318.82000732421875,312.8453674316406,78185500,341.50999938964844,332.2079366126805,328.5011939639137,-8.69561566531462,-6.563860456158546,-2.131755209156074,315.5298472749131,39.57665768421554,-7.924681357220466,-77.55861751422087,-76.00729164088268,9.297468114093434,363.0150555948367,335.52400360107424,308.0329516073118,630804400.0,3231573564.9604154,-20726680.73473835,0.03381217781710388,1
2022-05-04,319.3099975585937,330.2900085449219,313.8900146484375,329.6000061035156,323.4233703613281,116083400,341.34039978027346,331.9595622784743,327.937003726051,-7.797536944696333,-6.810595753866103,-0.9869411908302296,317.3682751035721,46.74291358971364,-3.40259243349004,-30.740317185224715,-47.80216753047964,9.804791384264217,358.8894889250004,333.9490036010742,309.008518277148,746887800.0,3337888933.3486586,23766770.64329433,-0.05036409525521113,-1
2022-05-05,325.1700134277344,325.25,309.6199951171875,313.0,307.13446044921875,154607400,341.0119995117187,330.1538896805244,325.94186052594864,-8.329270206661079,-7.114330644425099,-1.2149395622359798,314.6980125381593,39.06047188966439,-6.329491031813811,-87.17992449689393,-91.1633859272876,10.53159278441164,356.8158801801698,331.93600311279295,307.0561260454161,592280400.0,3250149556.850506,11890947.262777803,-0.011980830670926479,-1
2022-05-06,310.95001220703125,315.0899963378906,305.1099853515625,309.25,303.4547119140625,139572800,340.38719970703124,328.163043044284,323.7812888009208,-8.950095181628683,-7.481483551865816,-1.4686116297628669,311.66489538602866,37.558707387875685,-4.963120528398652,-122.24297737260773,-90.31802221016872,10.492194084548531,354.26127426017456,329.6935028076172,305.12573135505977,452707600.0,3226374913.248335,-1612998.653831005,-0.03912693970417336,-1
2022-05-09,303.4800109863281,309.3500061035156,295.7200012207031,297.1499938964844,291.5814819335937,113387300,339.4147998046875,325.2094193159221,320.6819069998605,-10.299743780739902,-8.045135597640634,-2.2546081830992684,306.1769636581368,33.13226802122041,-9.83979428273642,-173.0596816323061,-97.25792359895624,10.71632342728167,353.7888278570831,327.0935028076172,300.3981777581513,339320300.0,3136779682.2784896,-35498277.41431856,0.012148800078381372,1
2022-05-10,304.510009765625,305.760009765625,296.57000732421875,300.760009765625,295.12384033203125,124124600,338.49400024414064,322.8809041206557,318.1739552815755,-10.951806302952662,-8.62646973870304,-2.3253365642496213,302.7692861460351,35.57191674624294,-5.164912696674494,-158.33702530959843,-90.33555295341723,10.60730049971914,353.32098970559724,325.0870025634766,296.8530154213559,463444900.0,3125839465.0584774,-49614298.98503876,-0.029658242911634214,-1
2022-05-11,298.44000244140625,304.0899963378906,290.95001220703125,291.8399963378906,286.3710021972656,140326100,337.5010003662109,319.9246271889638,315.00757373628164,-12.049442611708455,-9.311064313304124,-2.738378298404333,297.82953161438263,32.42403211721669,-7.867158940351413,-168.3752718227358,-98.00496654763371,10.788206473372014,353.5983189587102,322.70650177001954,291.8146845813289,323118800.0,3004522216.348044,-89479587.03683138,-0.0023643176057587256,0
2022-05-12,287.45001220703125,295.75,284.94000244140625,291.1499938964844,285.6938781738281,120910900,336.37960021972657,317.1841859230134,312.0021920340402,-12.827141423162516,-10.014279735275805,-2.8128616878867128,293.78306212002343,32.18675354685809,-11.237466775931148,-155.67272968781765,-86.30652564653852,10.78976297945928,351.7457705560517,319.94650115966795,288.1472317632842,202207900.0,3022530062.953845,-91923836.68009758,0.03705996486731222,1
2022-05-13,295.7200012207031,303.0,294.0799865722656,301.94000244140625,296.2816772460937,83684900,335.57320007324216,315.7323589247651,310.28728739420575,-12.429529936551148,-10.497329775530872,-1.932200161020276,293.4589865505823,39.62704234219014,-3.610533937300479,-77.16436995135547,-62.513786743058176,10.865494631177592,349.65606652648387,318.1220016479492,286.58793676941457,285892800.0,3086325802.380307,-64268400.200277805,-0.011591706867920548,-1
2022-05-16,300.1499938964844,302.260009765625,297.1300048828125,298.44000244140625,292.8472900390625,59190400,334.79600036621093,314.0854678311119,308.4128112792969,-12.255566179957611,-10.84897705641622,-1.4065891235413908,292.4760265609085,38.164314064807215,-6.29239131299269,-68.09567474579308,-70.23153653125208,10.455816792008658,347.27140643550933,316.10950164794923,284.9475968603891,226702400.0,3057365112.200652,-56326995.77021599,0.025901390306568572,1
2022-05-17,304.45001220703125,306.5599975585937,300.54998779296875,306.1700134277344,300.43243408203125,62715300,334.4222009277344,313.3316150307902,307.4661933535621,-11.3629661645723,-10.951774878047436,-0.411191286524863,293.8587817764386,43.15500822716542,-3.967754095062225,-27.867879765069656,-53.18631063054624,10.288972386664286,342.26419729524326,314.10500183105466,285.94580636686607,289417700.0,3111941333.325282,-30592442.166425228,-0.049090368488501346,-1
2022-05-18,301.5400085449219,302.25,289.8500061035156,291.1400146484375,285.6841125488281,79477100,333.7780010986328,311.21812928008995,305.2790517171224,-11.733117437880196,-11.108043390013988,-0.6250740478662085,291.26284563580623,36.9161920710473,-11.668686511795515,-85.88480537046922,-86.32853060068142,10.719760596489603,338.5535399855782,311.6015029907227,284.6494659958672,209940600.0,3049000715.35608,-37310099.39449072,-0.005358343057225157,0
2022-05-19,289.2900085449219,294.3900146484375,287.5799865722656,289.5799865722656,284.1533508300781,79920700,332.86980102539064,309.1573537841067,303.1817644391741,-12.013857940845869,-11.289206300180364,-0.7246516406655026,288.89686351594514,36.329129850687,-7.482432405026957,-102.59299088741666,-89.76850384481057,10.44049398789548,335.86545421532287,309.37300262451174,282.8805510337006,130019900.0,3016022964.2579446,-47159325.48315239,-0.0031079285110049426,0
2022-05-20,293.1300048828125,293.79998779296875,280.2099914550781,288.67999267578125,283.2702331542969,91764200,332.0180010986328,307.20712891664715,301.21100158691405,-12.16869564926111,-11.465104169996517,-0.7035914792645954,286.893512523051,35.97370787831061,-6.651578762883994,-111.84267400073011,-83.08706403692334,10.665458441466564,334.4188486439869,307.53700256347656,280.6551564829662,38255700.0,3038643325.76806,-39703955.17682743,0.016627471360434187,1
2022-05-23,289.75,293.8699951171875,287.2900085449219,293.4800109863281,287.98028564453125,63648400,331.3996014404297,305.89978435185486,299.8722404843285,-11.768425206303393,-11.525768377257892,-0.2426568290454991,286.6667947595201,39.38008415246465,-1.2350607388653458,-76.51555519679212,-73.50236620837502,10.373639022237926,331.2651731910678,305.7320037841797,280.19883437729163,101904100.0,3094747070.263985,-15193389.05946064,-0.021262166138612537,-1
2022-05-24,288.1300048828125,288.8599853515625,282.25,287.239990234375,281.8571472167969,73491100,330.7810009765625,304.1226611025711,298.11109633672805,-11.818489332844932,-11.5843125683753,-0.2341767644696322,285.02646819946324,36.65023379989571,-4.495284975481223,-114.03422053518396,-84.39165753646492,10.434808448244368,330.41647918182485,304.2370025634765,278.05752594512825,28413000.0,3132215330.023168,8136596.917334557,0.013995333755476791,1
2022-05-25,285.7099914550781,293.3900146484375,285.5,291.260009765625,285.8018798828125,67144500,330.0432012939453,302.89764668952864,296.8751922607422,-11.402344405758186,-11.54791893585188,0.1455745300936932,284.88499212767687,39.55715916151174,-0.1987344365212093,-67.13515476341392,-68.31990606746763,10.253037462543878,329.0613861299274,302.9620025634766,276.8626189970257,95557500.0,3163106890.269165,26770124.26635599,0.027707122626049685,1
2022-05-26,290.44000244140625,300.9200134277344,290.1499938964844,299.3299865722656,293.7205810546875,59462200,329.22340087890626,302.5578695355036,296.529285975865,-10.302604852601974,-11.2988561192019,0.9962512665999252,287.01559531060985,45.012040131767534,2.80954588605953,26.77182169200095,-34.385773830718634,10.289964753165744,324.98242871119146,301.5280014038086,278.0735740964258,155019700.0,3205011741.443396,45292644.98581505,0.03263962840185175,1
2022-05-27,302.5400085449219,309.25,302.4200134277344,309.1000061035156,303.3075256347656,66985600,328.51660095214845,303.1809301610286,297.2504292805989,-8.54420216484317,-10.747925328330153,2.2037231634869823,291.4319021473513,50.80104741508118,2.3713332464117034,148.3936144019986,-0.5165077560233877,10.263539658492077,324.427295875215,301.32050170898435,278.2137075427537,222005300.0,3269055188.908823,69129987.20224619,-0.0026528867940045497,0
2022-05-31,309.07000732421875,311.3299865722656,304.3299865722656,308.2799987792969,302.5028381347656,60968300,327.6524011230469,303.6665557437208,297.9132385253906,-7.134580105826274,-10.025256283829377,2.890676178003103,294.94606211897985,50.32219350799178,3.2971439007485417,141.33301150623538,-9.800733520309102,10.030429682885496,322.8032431358778,300.8105010986328,278.81775906138785,161037000.0,3276894182.9779496,75091308.29439497,-0.0073958699504510506,0
2022-06-01,310.4700012207031,312.6499938964844,303.7300109863281,306.0,300.2656555175781,65341700,326.77080139160154,303.88878853003314,298.407476515997,-6.13074984704383,-9.246354996472268,3.115605149428438,297.31445847853155,48.94084458062648,-0.0555290917719162,109.8124910972837,-20.499363119641316,9.95111205626198,320.72564077160337,300.16950073242185,279.61336069324034,95695300.0,3244809259.953556,60494708.84302235,0.027385636871936292,1
2022-06-02,304.8500061035156,314.5599975585937,303.3999938964844,314.3800048828125,308.4886169433594,59291300,325.91920166015626,304.8879519922026,299.76085786365326,-4.605916635442384,-8.318267324266293,3.712350688823909,301.48816735946906,53.94483546748129,7.982410203021443,118.84056785823309,-0.5239960518166331,10.037461456679647,316.36123394071274,299.4085006713867,282.4557674020607,154986600.0,3302188015.825317,67280730.58638239,-0.026019443185740787,-1
2022-06-03,309.0299987792969,310.4700012207031,304.9200134277344,306.20001220703125,300.4618835449219,60914700,325.0066021728516,305.0129101079006,300.4076684860956,-4.011292690113919,-7.456872397435818,3.445579707321899,302.82215536847843,48.90633473693794,5.739355758488525,74.55602954052162,-24.337653176448303,9.996213599422395,315.16856096948123,299.0685012817383,282.9684415939953,94071900.0,3269370942.180465,53498604.17745161,0.003331120094738127,0
2022-06-06,310.75,312.3500061035156,305.6199951171875,307.2200012207031,301.4627685546875,51785000,323.95800231933595,305.22310926150084,301.1840018136161,-3.4183398464996912,-6.649165887248593,3.2308260407489016,304.1995980768299,49.5392310703583,6.422339273696845,73.11006965845765,-21.36825337314672,9.762913412772804,314.8329245752689,298.9670013427734,283.1010781102779,145856900.0,3242208878.5289726,34354477.28673649,0.008625720610490717,0
2022-06-07,303.8099975585937,310.6700134277344,302.69000244140625,309.8699951171875,304.0631408691406,44900300,322.96840209960936,305.66566981918527,302.2223821730841,-2.703424688432847,-5.860017647485444,3.156592959052597,306.0254946956134,51.2295037012881,5.584702029884723,64.1259024915731,-13.653570911378065,9.635563239455328,316.1324988899969,299.6030014038086,283.07350391762026,190757200.0,3278106418.454935,34821599.23636532,-0.00719650338493294,0
2022-06-08,309.04998779296875,311.7200012207031,306.7699890136719,307.6400146484375,301.8749084472656,38342100,321.823002319336,305.85370266006646,302.9878120059059,-2.2903878961333817,-5.146091697215032,2.85570380108165,306.94214716228294,49.72020001968545,7.102083660919565,62.645259157092326,-20.145507075901115,9.300881022853607,316.84084446665213,299.9470016479492,283.0531588292463,152415100.0,3253242511.4352927,23935851.50620317,-0.026784619554025113,-1
2022-06-09,305.9100036621094,309.04998779296875,299.2300109863281,299.3999938964844,293.7893371582031,55900500,320.3872021484375,305.2390637302015,302.9357160295759,-2.5980058778649777,-4.636474533345021,2.0384686554800435,305.5469926067651,44.50278265149208,2.7947482860450243,9.704270014271156,-44.1339183941448,9.337959293124108,316.809707347602,300.3250015258789,283.84029570415584,96514600.0,3199277276.631187,135848.04199409485,-0.03527053364685373,-1
2022-06-10,293.6499938964844,294.8699951171875,288.3800048828125,288.8399963378906,283.4271850585937,85963500,318.8222021484375,303.6772477880766,301.8419060116722,-3.651803180159504,-4.439540262707918,0.7877370825484133,301.65817288908625,38.87300749452304,-3.504490263237445,-96.3745914812822,-79.60384761422601,9.458104273163231,316.9796263038746,300.2095016479492,283.43937699202377,10551100.0,3125499457.6632376,-33087627.414256573,-0.046496305380334446,-1
2022-06-13,279.75,282.3399963378906,274.5299987792969,275.4100036621094,270.2488708496094,94442000,317.07960205078126,300.9851292998893,299.4800490606399,-5.507150303613059,-4.653062270888946,-0.8540880327241132,294.99700450478275,33.132449946804634,-10.899385886819973,-174.47054516612928,-97.80163649850614,9.804668079265412,318.7978897602308,298.88300170898435,278.96811365773794,-83890900.0,3052340286.631892,-66949001.118673325,0.0018154750856960167,0
2022-06-14,277.6600036621094,278.6600036621094,273.3399963378906,275.9100036621094,270.739501953125,64697500,315.3608020019531,298.59702209629125,297.29214448474704,-6.858124257274881,-5.094074668166133,-1.7640495891087475,289.7061162590512,33.526033046454124,-10.500193085949036,-162.85820685942153,-93.7651449584918,9.484335168190652,320.05087854592085,297.75650177001955,275.46212499411826,-19193400.0,3050151365.55873,-75411583.32842493,0.024971853283352274,1
2022-06-15,279.4200134277344,286.8299865722656,276.6099853515625,282.79998779296875,277.5003662109375,86051400,313.6308020019531,297.092542638832,295.8677145821708,-7.288796008169015,-5.53301893616671,-1.7557770720023056,287.22310773235745,38.86597935282326,-7.581703335631127,-109.25327389893084,-77.04999714961976,9.586881435473908,319.4388140674601,296.58800048828124,273.7371869091024,66858000.0,3068338382.870735,-66231172.05782843,-0.0403464414322543,-1
2022-06-16,275.5899963378906,276.0599975585937,269.2799987792969,271.3900146484375,266.30419921875,81910300,311.83660217285154,294.644682830223,293.4679064069475,-8.45335098113219,-6.117085345159806,-2.3362656359723832,282.3083305980682,33.995636310953635,-13.674530684736084,-132.1265953104775,-95.34007083475149,9.867817691059477,320.88509351180335,295.6005004882812,270.3159074647591,-15052300.0,3037410992.594501,-66295066.89340162,0.012159577047238024,1
2022-06-17,272.17999267578125,277.19000244140625,270.510009765625,274.69000244140625,269.5423278808594,82703400,310.2652020263672,292.74423707890713,291.47643040248323,-9.00617022739209,-6.694902321606263,-2.3112679057858267,279.2328378290056,36.47503718606698,-10.290662478589358,-99.61445761723002,-88.05211173154235,9.64011590425389,321.6383461425239,294.85600128173826,268.0736564209526,67651100.0,3058210582.205722,-53676330.18680191,0.02326252893831615,1
2022-06-21,278.75,283.45001220703125,278.6400146484375,281.0799865722656,276.3427734375,51633700,308.8048016357422,291.63335607827463,290.1644290015811,-8.826913977101071,-7.121304652705225,-1.705609324395846,278.4795665688772,41.08967528884613,-8.508565374836657,-57.43616826721448,-73.93995558506063,9.577251180066112,321.8080974038266,294.4760009765625,267.1439045492984,119284800.0,3058961432.0058665,-43395546.58071041,-0.0014585639821989016,0
2022-06-22,278.5199890136719,285.17999267578125,277.9100036621094,280.6700134277344,275.9397277832031,67472900,307.4352020263672,290.5892282067946,288.84957304454986,-8.618583844076625,-7.4207604909795055,-1.1978233530971192,277.8668019048608,40.88446841875207,-9.423300787289907,-49.18320119663869,-74.8453733314911,9.41244673960938,321.823448396752,293.8355010986328,265.8475538005136,51811900.0,3042719933.4742384,-40412471.31276274,0.014892907955261547,1
2022-06-23,283.2099914550781,285.7200012207031,280.3099975585937,284.8500061035156,280.0492553710937,57457800,306.3144018554688,290.0426356255299,287.99381161644345,-8.023698040999989,-7.541348000983602,-0.4823500400163869,278.55617708901445,43.9575969955757,-7.408011786426959,-31.08702152830234,-63.84953639080633,9.126557948359384,321.8356701879674,293.7160018920898,265.5963335962122,109269700.0,3081697891.8451304,-23116183.64761257,0.03426357394740598,1
2022-06-24,287.739990234375,295.0400085449219,287.5,294.6099853515625,289.644775390625,58422300,305.4176013183594,290.4776213137235,288.078952898298,-6.687607422893507,-7.370599885365583,0.6829924624720762,281.7516143966238,50.43646936033421,-1.5998692860955734,23.011682215887248,-41.18880365729056,9.202518269291303,321.9825573019221,293.88350067138674,265.7844440408514,167692000.0,3133456288.519366,2529622.3978977203,-0.007331635898062738,0
2022-06-27,296.0,296.5799865722656,291.2900085449219,292.45001220703125,287.5212097167969,54151500,304.3396014404297,290.66546806546705,287.942430187407,-5.736906278665629,-7.043861164025592,1.3069548853599633,283.8898714130539,49.08406264727461,1.2498324037220796,39.68938443605547,-45.40524954087011,8.923051109152192,321.531675487082,293.539501953125,265.547328419168,113540500.0,3103053824.142585,3117611.442276001,-0.030466757702857672,-1
2022-06-28,293.0,295.6499938964844,283.3500061035156,283.5400085449219,278.7613830566406,61609800,303.2418017578125,289.98685287303414,286.9900974818638,-5.637446628414182,-6.762578256903311,1.1251316284891288,283.3922711665478,43.85960115295885,2.9519642622665625,12.339010840699885,-66.39960191964471,9.164260872281949,319.6220715174506,292.2615020751953,264.90093263294006,51930700.0,3043347442.684389,-15922751.816474438,0.0009169049876982527,0
2022-06-29,283.3999938964844,285.3399963378906,280.8399963378906,283.79998779296875,279.0169372558594,57302700,302.14400146484377,289.3976276273136,286.18423897879467,-5.474538909673072,-6.504970387457263,1.030431477784191,283.1066144117444,44.04674341877321,2.8596223500912896,-8.070538250044942,-63.4900854292912,8.831099381404664,317.60080418732065,291.0375015258789,264.47419886443714,109233400.0,3061429410.3967915,-16511115.075973988,-0.012403062597168613,-1
2022-06-30,280.75,283.94000244140625,275.7799987792969,280.2799987792969,275.5563049316406,79313600,300.8244012451172,288.52928202274063,285.1597149076916,-5.565313593691087,-6.317039028704028,0.7517254350129408,282.0120335373712,42.00507387394219,-0.8910852625342757,-32.61223412761148,-59.70694169016038,8.783163972883573,315.77770680881093,289.7515014648437,263.7252961208765,29919800.0,3069594006.431752,-12652972.664102554,0.006600564120069041,0
2022-07-01,278.95001220703125,282.5299987792969,277.0299987792969,282.1300048828125,277.3751220703125,56675100,299.6428015136719,287.9198270570332,284.4338580903553,-5.4254321487673,-6.138717652716682,0.7132855039493826,281.64783438596663,43.48769839300117,3.957400661290997,-18.03756390642319,-52.93035952629543,8.548652260534746,311.74551636040894,288.1390014648438,264.5324865692786,86594900.0,3118025581.3107915,5485675.117185593,0.01711971959264602,1
2022-07-05,278.3099975585937,287.0799865722656,276.75,286.9599914550781,282.1236877441406,61829300,298.6990014648438,287.82841414256126,284.3215714227585,-4.868712063375426,-5.884716534848431,1.0160044714730052,282.6543307456213,47.27732207018415,4.466849504757338,20.93535460300708,-35.238093108837134,8.67589042565838,309.2813835365735,287.17700042724607,265.0726173179186,148424200.0,3178418439.1533465,31623242.6033268,0.0064120309195738745,0
2022-07-06,287.3500061035156,290.95001220703125,285.5899963378906,288.79998779296875,283.9326477050781,63194700,297.9670013427734,287.9209449664096,284.4761416480655,-4.23027112549164,-5.553827452977074,1.3235563274854334,284.0016577869773,48.688948316341325,2.746549590686818,81.51386697587773,-28.49817676951728,8.43904224304997,306.3903789400728,286.25599975585936,266.1216205716459,211618900.0,3190915472.893959,43417372.5284586,0.02139897318066941,1
2022-07-07,289.6300048828125,295.70001220703125,289.6300048828125,294.9800109863281,290.008544921875,56620100,297.2750018310547,288.5932369683066,285.3069998604911,-3.188866590351836,-5.0808352804520265,1.8919686901001904,286.7437757522784,53.21944163493218,5.098513155655733,124.723368125507,-5.860719052590868,8.329112398122293,303.0293094266964,285.5115005493164,267.9936916719364,268239000.0,3234103450.3481827,58036839.185224056,0.0012543057271925395,0
2022-07-08,292.0799865722656,296.75,291.1199951171875,295.3500061035156,290.3723449707031,59895500,296.8392016601563,289.2367387907075,286.2440003894624,-2.307095716260335,-4.526087367613688,2.2189916513533534,289.1067142579174,53.48424604517936,3.686150526598289,113.55670502403044,-5.335344578941004,8.136319004171593,299.95648868659566,284.8970001220703,269.837511557545,328134500.0,3264210935.53389,68321108.17796898,-0.021364474109346054,-1
2022-07-11,292.8800048828125,293.1099853515625,288.1400146484375,289.0400085449219,284.1686706542969,55273900,296.2848016357422,289.2180025768231,286.6385726202102,-2.0933195293670224,-4.039533799964356,1.946214270597333,289.4108553738619,48.447510380843696,-1.8906272983225223,48.47328531227284,-36.76676683960445,8.070152750664917,298.0567360812921,284.3790008544922,270.70126562769224,272860600.0,3228955734.0761604,55099735.194999695,-0.00968730358348191,0
2022-07-12,290.32000732421875,292.2799987792969,284.6099853515625,286.239990234375,281.4158020019531,55797100,295.4494012451172,288.9343823537328,286.81580970400853,-2.12533885467235,-3.6566948109059543,1.5313559562336048,288.9316874903542,46.36112923145854,-2.123447328926781,8.923909666779316,-50.11926158234434,8.041571370455593,297.8035348744376,284.2490005493164,270.69446622419525,217063500.0,3196874249.779754,34474179.86265564,-0.0020611946549031757,0
2022-07-13,280.6000061035156,288.04998779296875,280.0199890136719,285.6499938964844,280.83575439453125,73939400,294.89740112304685,288.62158345304243,286.9492376418341,-2.1732700697755263,-3.360009862679869,1.1867397929043428,288.38411469077386,45.912460420608106,0.7441578923519748,-45.711095413762834,-52.93278711189051,8.040744756801399,297.70100817727064,284.76100006103513,271.82099194479963,143124100.0,3226615857.57903,32365675.175315857,0.003570871881830362,0
2022-07-14,282.989990234375,287.5599975585937,279.79998779296875,286.6700134277344,281.83856201171875,63741800,294.261201171875,288.43571964110834,287.13104843866256,-2.1046873261836936,-3.108945355380634,1.0042580291969403,288.20002141575185,46.86978087254882,1.0112846223444167,-46.2199148355618,-48.06860269666519,8.020692257431651,297.60131215741546,285.2990005493164,272.99668894121737,206865900.0,3275736750.599323,44190146.02101421,0.018139259238441285,1
2022-07-15,289.7300109863281,291.9800109863281,288.0799865722656,291.8699951171875,286.950927734375,63818100,293.7222009277344,288.76279349597297,287.7568574451265,-1.612156012516493,-2.809587486807806,1.1974314742913128,289.3986412085762,51.5752754794388,4.1351492751421866,57.159249911462986,-23.271361939619727,7.827071207514658,298.31875738056414,285.7525009155273,273.1862444504905,270684000.0,3335954358.400819,64170291.483728886,-0.008462676061345098,0
2022-07-18,294.7200012207031,296.1600036621094,288.20001220703125,289.3999938964844,284.5226135253906,59519600,292.91820068359374,288.82347924840263,288.10423772902715,-1.4049346417790505,-2.528656917802055,1.1237222760230048,289.7361036988456,49.33994189329574,2.5768223470919334,72.83620056089244,-35.05009859636612,7.836565510912048,297.42666437403744,286.6529998779297,275.87933538182193,211164400.0,3294380111.8767977,53282155.14413071,0.030753262212119603,1
2022-07-19,293.1099853515625,298.6000061035156,291.4700012207031,298.29998779296875,293.2725830078125,55172600,292.62420043945315,289.7260038716947,289.21347467331657,-0.5166000417178225,-2.1262455425852087,1.6096455008673862,292.3129355897252,56.633398460430826,3.951769123071581,129.94579633156016,-1.314716101026259,7.933954560634848,298.2740612260211,287.8334991455078,277.3929370649945,266337000.0,3344909576.1391544,60061642.07557869,0.015856557760273615,1
2022-07-20,298.7300109863281,304.239990234375,297.92999267578125,303.0299987792969,297.9228515625,67769400,292.4998004150391,290.993051005752,290.66076035272505,0.5625985987405215,-1.5884767143200629,2.151075313060584,295.6330671695732,59.93475650677394,4.92728933095702,173.21315045491414,-4.251552418727888,7.817957631917626,300.81594990328256,288.9309997558594,277.0460496084362,334106400.0,3386688349.628026,70668165.37803221,0.014355034554462742,1
2022-07-21,303.5,307.44000244140625,300.7799987792969,307.3800048828125,302.19952392578125,55049400,292.70440063476565,292.5537132797578,292.41780846005395,1.7487222529557016,-0.92103692086491,2.669759173820612,299.4474680325363,62.74373823893327,4.203672599720357,181.40163318266409,-0.19549545070352,7.735246634074179,303.9975656595148,290.2664993286133,276.5354329977118,389155800.0,3440745909.452069,85782951.63868332,-0.01753534570504167,-1
2022-07-22,306.42999267578125,308.54998779296875,300.1199951171875,301.989990234375,296.9004821777344,57127700,292.72900024414065,293.4524063230547,293.5343314034598,2.228120275010099,-0.2912054816899082,2.519325756700007,301.12219999346564,57.37594541269766,2.2481747058207824,131.00243638659126,-20.628931059037136,7.78487135133897,305.51880193784814,291.1234985351563,276.7281951324644,332028100.0,3408963076.0883265,74055103.4351511,-0.005695557059252954,0
2022-07-25,302.0199890136719,302.5,298.2200012207031,300.2699890136719,295.2093505859375,40582400,292.89760009765627,294.1016999126373,294.40542573474704,2.441117257304142,0.255259066108902,2.1858581911952406,301.984821531815,55.73726411974327,3.885268522265721,79.04140274640038,-28.79999575407609,7.53452331047882,306.2794588537399,291.40649871826173,276.53353858278354,291445700.0,3407256119.2364864,61981942.58674336,-0.019648962974504025,-1
2022-07-26,298.5299987792969,298.7900085449219,293.5400085449219,294.3699951171875,289.4088439941406,50074100,292.9620001220703,294.12725183688013,294.68766348702565,2.109521451036642,0.62611154309445,1.4834099079421916,301.094519473686,50.41793141246254,2.840275698778359,16.66599098554884,-49.32171365489131,7.477055964641048,306.42586068683363,291.5024978637695,276.5791350407054,241371600.0,3373014716.614881,40513208.44308901,0.04225975013674166,1
2022-07-27,299.0400085449219,308.5400085449219,298.4599914550781,306.8099975585937,301.6391296386719,69304400,293.05940002441406,295.33513238180524,296.14552060081843,2.8180489035484584,1.0644990151852518,1.7535498883632066,303.52926706318306,59.24883466015699,7.407668165320324,106.6481071206467,-6.052139945652368,7.955124354862,308.5239762592214,292.66599731445314,276.8080183696849,310676000.0,3418529995.5583925,42529659.73515797,0.009778038603279526,0
2022-07-28,306.5899963378906,310.3999938964844,302.75,309.8099975585937,304.5885925292969,55139900,293.2867999267578,296.71369097007084,297.7782825288318,3.580364726416178,1.5676721574314372,2.012692568984741,306.23602800521485,61.05047510165044,8.071993249022746,115.07940072379226,-1.9280922229061197,7.933329322120741,310.93035391034897,293.96649780273435,277.00264169511973,365815900.0,3465164702.087164,54326554.63787174,0.01823696440078848,1
2022-07-29,311.3900146484375,316.3900146484375,309.92999267578125,315.4599914550781,310.143310546875,57501000,293.4725994873047,298.4990529210239,299.8252819242932,4.587530599591446,2.1716438458634397,2.4158867537280067,309.8421325492872,64.25561727213916,8.082364317174537,142.42654509580134,-2.541739575740088,7.836664162672389,313.9003728959632,295.7254974365234,277.55062197708367,423316900.0,3506109330.0290766,67241615.56705713,-0.0006023028166894928,0
2022-08-01,313.6499938964844,318.8099975585937,312.5299987792969,315.2699890136719,309.9565734863281,46358800,293.9551989746094,300.0962849298475,301.68666207449775,5.309184230262247,2.799151922743201,2.5100323075190456,312.65655448038035,64.06469360244934,8.939183021006196,134.18996882885256,-9.074615890102187,7.725473778145563,316.3238128362581,297.3824966430664,278.4411804498747,376958100.0,3500203614.0953016,64533084.00760794,-0.002981579199298534,0
2022-08-02,312.9200134277344,318.54998779296875,311.8399963378906,314.3299865722656,309.03240966796875,48676500,294.4501989746093,301.4518755624588,303.3007087344215,5.739092900216804,3.3871401182379213,2.3519527819788824,314.6158001110666,63.06630289740772,5.373784591108428,116.12298223425913,-11.484260099508582,7.652939326497889,318.42331331647927,298.7509963989258,279.0786794813723,328281600.0,3487653541.5147667,53565199.45697212,0.027232616809862886,1
2022-08-03,316.04998779296875,323.7300109863281,315.989990234375,322.8900146484375,317.4481811523437,53735700,295.1343994140625,303.4936030944567,305.5996628534226,6.693364406682463,4.0483849759268296,2.644979430755633,318.33154180107755,67.96262119929658,6.553811817029077,148.33811669421624,-2.3562293482168872,7.77773111846679,322.1836518176785,300.4554977416992,278.72734366572,382017300.0,3529725760.8444858,57595389.249625206,0.004676450740326965,0
2022-08-04,322.9700012207031,324.7200012207031,320.7699890136719,324.3999938964844,318.9327392578125,38973700,295.75279907226565,305.4846879327451,307.88009105864023,7.485189550832445,4.735745890907953,2.749443659924492,321.6470360616172,68.74963513939906,5.537116514836638,138.6814349263012,-0.8762525205003535,7.504322624792823,325.8457132996404,301.926496887207,278.0072804747736,420991000.0,3562384609.7512646,64399610.70335674,-0.00816890858922148,0
2022-08-05,319.19000244140625,323.8299865722656,318.3900146484375,321.75,316.3273620605469,53894000,296.4429992675781,307.03376527248366,309.7680437360491,7.808868546092697,5.350370421944902,2.458498124147795,323.543501006513,65.69931871592715,6.543266467305496,102.68873567242642,-8.932334498355265,7.397583812168112,328.4477569857189,303.2464965820312,278.04523617834354,367097000.0,3575065604.281634,65363507.67560482,-0.003232349789967004,0
2022-08-08,322.69000244140625,326.4700012207031,319.2099914550781,320.7099914550781,315.3048400878906,43878500,297.0319989013672,308.3362630041593,311.4312337239583,7.890509600948519,5.858398257745626,2.032111343202893,324.68915615158534,64.48999230474429,6.8072079093044415,93.62738859924325,-17.491682498494043,7.38775709455789,330.24069264686176,304.8299957275391,279.4192988082164,323218500.0,3549318691.462587,51623492.56949997,-0.011318652301236298,-1
2022-08-09,318.7699890136719,319.0299987792969,315.4200134277344,317.0799865722656,311.7360534667969,39764200,297.3869989013672,309.1689985820742,312.5978995186942,7.574980013947936,6.201714608986088,1.373265404961848,324.5478416854911,60.31673213073749,7.714777943328555,45.69946131364776,-28.515082711644503,7.237915732614023,330.8073645507834,306.3719955444336,281.93662653808383,283454300.0,3546123894.208335,40293006.12069512,0.027910957733999542,1
2022-08-10,324.5899963378906,326.2300109863281,322.0599975585937,325.92999267578125,320.4368896484375,51459600,297.7235986328125,310.7652837338558,314.46056591215586,7.947429057872398,6.55085749876335,1.3965715591090475,326.5949073130063,66.07990038719744,6.231868345012478,98.16506893065336,-1.6398684027616903,7.374494924146057,332.2917532701396,308.38599548339846,284.4802376966573,334913900.0,3590178807.13911,46012278.85864067,-0.00567608426683186,0
2022-08-11,328.3099975585937,330.3599853515625,323.3599853515625,324.0799865722656,318.6180419921875,45897700,298.0395983886719,312.0333506708472,315.9552317301432,8.001086037785,6.840903206567681,1.1601828312173197,327.6603126852592,63.98788021448747,4.6060453588083705,99.01870927371628,-17.055955282851375,7.347745286707053,332.89349240414725,310.256494140625,287.6194958771028,289016200.0,3553722935.718386,32569451.44860268,0.019470588551029788,1
2022-08-12,326.17999267578125,330.5899963378906,325.1000061035156,330.3900146484375,324.82177734375,40928400,298.52739868164065,313.78160438299864,317.87270987374444,8.45530857755034,7.163784280764213,1.2915242967861271,330.0377269865241,67.73943483210908,4.732778671708494,112.24852767700938,-0.5397618227854784,7.287907035201193,334.78901700083367,312.1824951171875,289.57597323354133,329944600.0,3591669570.6407857,36183183.03356838,0.008081306310050884,0
2022-08-15,329.4200134277344,333.57000732421875,329.3999938964844,333.0599975585937,327.4466857910156,38266600,298.90099853515625,315.61764182829336,319.8610434395926,8.927814234557843,7.51659027152294,1.411223963034903,332.543269557684,69.20145916879913,5.642785283996805,135.57266860687673,-1.452604771031507,7.065200348953563,336.1682112261118,314.36549530029293,292.5627793744741,368211200.0,3620575846.0109096,43569598.75122404,-0.002341916726759097,0
2022-08-16,332.0599975585937,334.4200134277344,329.1600036621094,332.2799987792969,326.67987060546875,41186900,299.42259826660154,317.2045329664841,321.5671866280692,9.134047376775868,7.840081692573526,1.293965684202342,334.2535327345187,68.22866793653199,5.710563094146436,126.84455986368818,-6.757226842737696,6.936258164430094,337.8905763718179,316.06449584960933,294.2384153274008,327024300.0,3628249283.773732,45071990.03741503,-0.011406068854114881,-1
2022-08-17,329.07000732421875,331.42999267578125,326.3599853515625,328.489990234375,322.9537658691406,47842200,299.847998046875,318.27933842056893,322.75056704566595,8.889197477474,8.04990484955362,0.8392926279203792,334.52892333646986,63.553724584565536,1.7343291312476017,78.04672660238495,-24.21403907094054,6.863669254666115,338.94292619055176,317.33749542236325,295.73206465417474,279182100.0,3620605889.451077,39157161.91206551,0.0024049699181343254,0
2022-08-18,328.44000244140625,330.489990234375,326.7900085449219,329.2799987792969,323.7304382324219,41937200,300.2361981201172,319.3270203594954,323.8879483177548,8.659082739695918,8.17174042758208,0.4873423121138387,334.8206906142876,64.10581453994202,1.5043171931654546,68.7568881042359,-22.76355517352297,6.637691571436616,340.1279530535704,318.43249511718744,296.73703718080446,321119300.0,3635113951.736937,37793919.14155388,-0.019497125399461135,-1
2022-08-19,326.1700134277344,326.8399963378906,322.0799865722656,322.8599853515625,317.41864013671875,51770600,300.5405975341797,319.6634932158828,324.309614054362,7.867976586350267,8.110987659335718,-0.2430110729854515,333.26245403137807,56.60207308429241,0.3449837922494173,-11.166809338773598,-51.195834042886766,6.677857331121946,339.8766485071413,319.47599487304683,299.0753412389524,269348700.0,3600310125.668824,22726473.42816782,-0.026327201838730052,-1
2022-08-22,318.5,318.739990234375,313.5299987792969,314.3599853515625,309.0618896484375,51098900,300.83979736328126,319.15839722880463,323.82237505231586,6.480437844140965,7.784877696296768,-1.3044398521558032,329.661683887068,48.50649276290523,-1.9799838710061115,-150.09515016543574,-96.02687414904372,6.867295134060781,338.77248132937814,320.1804946899414,301.58850805050463,218249800.0,3565492020.4544687,3417987.301926613,-0.0008270112614877645,0
2022-08-23,314.1199951171875,317.0,313.3299865722656,314.1000061035156,308.8062438964844,39497100,301.3449975585938,318.6766456930628,323.2432809012277,5.298744612148369,7.287651079467089,-1.988906467318721,326.5472716214234,48.27904651665747,-0.939819791518388,-140.0668940283162,-96.3488925996776,6.638917869323181,335.86146101779843,321.16699523925774,306.47252946071706,178752700.0,3542568995.196484,-12085354.81379652,0.0028971781102400396,0
2022-08-24,313.6099853515625,316.8699951171875,312.989990234375,315.010009765625,309.70098876953125,38057100,302.1369976806641,318.3274422714021,322.65690133231027,4.385124912126969,6.707145845999066,-2.322020933872097,324.15851486900334,49.17735459765994,-3.350407497176518,-112.93821514021676,-90.57388079787076,6.4418526560009886,335.0533432797826,321.5769958496093,308.100648419436,216809800.0,3544138693.4220624,-16829513.07901764,0.017681904174362106,1
2022-08-25,316.8299865722656,320.6000061035156,315.760009765625,320.5799865722656,315.1770324707031,38098300,303.0303973388672,318.54197030005577,322.5619480678013,4.063681702530175,6.178453017305288,-2.114771314775113,323.59200690995004,54.39814462607765,-1.079980296536931,-56.26273552935376,-64.58241659653186,6.381005776135963,334.4831292360491,322.115495300293,309.7478613645369,254908100.0,3581921823.7177176,-5218444.268079758,-0.04098816108689718,-1
2022-08-26,320.2799987792969,321.510009765625,307.3500061035156,307.44000244140625,302.2585144042969,69047700,303.523197631836,317.4846400278034,321.1642820812407,2.71732510676577,5.486227435197385,-2.768902328431615,319.6761406249958,43.13962143126599,-6.946339534943868,-115.784827063415,-99.66754224772556,6.9366484822769205,335.37209588675285,321.71449584960936,308.0568958124659,185860400.0,3513751812.776005,-21684515.575233936,-0.009855577528088078,0
2022-08-29,304.6199951171875,307.2200012207031,303.2799987792969,304.4100036621094,299.27960205078125,48321900,304.1835974121093,316.239436564404,319.5162352062407,1.3898113458467378,4.666944217327256,-3.277132871480518,315.65619866138906,41.03080085933277,-8.602051914518512,-158.1416832839023,-96.37121274485592,6.73831670940781,336.56413775429195,321.17149658203124,305.77885540977053,137538500.0,3493147653.4418144,-33005184.93674469,-0.01113634442907585,-1
2022-08-30,306.1000061035156,306.7300109863281,298.44000244140625,301.0199890136719,295.9467163085937,51184500,304.7101971435547,314.7899653690962,317.5970440092541,0.0634696370365759,3.74624930126912,-3.682779664232544,311.4813105617222,38.748554065545,-9.407731395348945,-145.47393689209073,-92.8293891481968,6.849151840515958,338.0279041779086,320.5059967041016,302.9840892302945,86354000.0,3473822064.5617604,-40784947.5067668,-0.0058135674170146645,0
2022-08-31,303.989990234375,304.9100036621094,299.1600036621094,299.2699890136719,294.2262268066406,50044000,305.0739971923828,313.3118723828653,315.574567086356,-1.116011412738203,2.7737971584676555,-3.8898085712058585,307.62799456014585,37.58629410503908,-8.895248588809324,-127.01597282734996,-97.69320089262617,6.770640994764817,339.0859438212785,319.32499542236326,299.56404702344804,36310000.0,3425692536.5386624,-55573795.88305569,0.00043440668154182127,0
2022-09-01,296.7200012207031,299.7799987792969,292.95001220703125,299.3999938964844,294.3540344238281,57990700,305.4485968017578,311.98693157463856,313.6769478934152,-2.017017413645135,1.8156342440450977,-3.8326516576902327,304.5468363472875,37.73570873497685,-9.074345539839443,-131.37723745183698,-84.44663250640781,6.774879964586304,339.4874940361021,318.07499542236326,296.66249680862444,94300700.0,3477230295.8411803,-40173238.08773041,-0.01412819156640499,-1
2022-09-02,302.3399963378906,303.75,293.5199890136719,295.1700134277344,290.1953430175781,64666800,305.6549969482422,310.38532032255245,311.4955210367838,-3.0373821820776925,0.8450309588205398,-3.882413140898232,300.98411083169043,34.815281153548646,-8.576464467616354,-112.57087756914588,-94.64672979176372,7.021675037567863,340.2759057477895,316.74599609375,293.2160864397105,29633900.0,3433424040.1596365,-44159251.42579508,-0.007182388245155047,0
2022-09-06,295.6600036621094,296.6000061035156,290.8699951171875,293.04998779296875,288.11102294921875,57005400,305.6237969970703,308.7343362721159,309.23875834147134,-3.9713180805508728,-0.1182388490537427,-3.85307923149713,297.58994772118683,33.41930259896626,-6.77885181053239,-117.37072377036048,-94.62526428254344,6.929413319622167,340.9591557854106,315.36299591064454,289.7668360358785,-27371500.0,3419794247.912045,-46112167.92234707,0.020201377493032746,1
2022-09-07,293.5400085449219,299.989990234375,293.2699890136719,298.9700012207031,293.9312744140625,49260400,305.75419677734374,307.8043996005528,307.6775207519531,-4.185525270811127,-0.9316961334052196,-3.253829137405907,296.43449750664587,40.58371529208499,-4.816938742059819,-78.54594165068677,-79.55576198442849,6.930169685463888,341.01008838539366,314.4574966430664,287.90490490073915,21888900.0,3454100761.697178,-31803364.109998703,0.005184425817440275,0
2022-09-08,296.8500061035156,301.8699951171875,295.45001220703125,300.5199890136719,295.4551696777344,55649800,306.09379638671874,307.11064621132607,306.35013907296315,-4.182007373475472,-1.58175838141927,-2.6002489920562013,295.9861657056658,42.33334945965061,-4.59986041800197,-57.326220187780585,-73.17210572978752,6.893727772941913,339.8536542204184,313.18699645996094,286.5203386995035,77538700.0,3486346272.087443,-12798612.507135868,0.021862130854529704,1
2022-09-09,302.8299865722656,307.6000061035156,300.5199890136719,307.0899963378906,301.9144287109375,56125200,306.5595965576172,307.1086795567131,305.76947239467074,-3.607489834047272,-1.9869046719448704,-1.620585162102401,297.41841765625827,49.16640350492938,-4.207995133636973,-2.4668813891451147,-47.0626845097469,6.907034152720616,338.6420074704333,312.3374969482422,286.032986426051,133663900.0,3534385502.877364,11424778.627840996,0.011885746654112017,1
2022-09-12,308.5,311.0799865722656,308.17999267578125,310.739990234375,305.5028991699219,45905700,307.1687963867187,307.4545186688714,305.617328898112,-2.82509065518542,-2.15454186859298,-0.6705487865924398,299.6254168907563,52.53156571830607,1.0733761926760592,51.00061799275598,-35.15017748791847,6.6986738728387865,336.3229304778207,311.35499572753906,286.3870609772574,179569600.0,3569527200.989479,31477180.888927937,-0.05483677210162552,-1
2022-09-13,301.79998779296875,303.0199890136719,292.7900085449219,293.70001220703125,288.7500915527344,79562200,307.40019653320314,306.1445656725057,303.93590189615884,-3.53921956674634,-2.4314774082236523,-1.1077421585226874,297.0862917743472,39.41368260318822,-3.5182784160293425,-75.064810327139,-90.76365621128032,7.502338716882669,333.3874953912376,309.3869964599609,285.38649752868423,100007400.0,3504119845.876358,16007443.288022518,0.007933219187689966,0
2022-09-14,294.8699951171875,296.92999267578125,293.0599975585937,296.0299987792969,291.040771484375,54907200,307.5815966796875,305.1812735874382,302.6638068789528,-3.872521414007963,-2.7196862093805145,-1.1528352046274484,295.6835122493292,41.562521950901,-1.65769397930194,-80.40229924748947,-83.15926502870484,7.242885602618732,329.79492153059863,307.5744964599609,285.3540713893232,154914600.0,3533488954.2888107,17568408.465430737,-0.016653692855826963,-1
2022-09-15,294.07000732421875,296.5299987792969,289.4599914550781,291.1000061035156,286.1939392089844,65299400,307.6275970458984,303.84020049373134,301.0948077973865,-4.482799810768029,-3.0723089296580177,-1.410490881110011,293.33476889197544,38.45469848270984,-2.729970665312188,-111.41678016832968,-94.88295253828976,7.23053715416159,326.8369013730698,305.704997253418,284.5730931337661,89615200.0,3498484281.7546024,5472006.734810829,-0.006114732882086971,0
2022-09-16,287.7200012207031,289.7200012207031,285.6199951171875,289.32000732421875,284.44390869140625,79920400,307.51439697265624,302.45732495377774,299.5343325660342,-5.051846322694644,-3.4682164082653437,-1.5836299144293005,291.0347099609156,37.36823496274888,-3.366729050686192,-157.74986608963889,-85.4673470195008,7.105499570744914,323.02348810098096,303.7069976806641,284.3905072603472,9694800.0,3562810718.527485,20493526.20594597,0.0059794705687648,0
2022-09-19,286.1000061035156,291.2099914550781,286.0400085449219,291.04998779296875,286.65899658203125,52613800,307.4283966064453,301.3709118908436,298.3289030529204,-5.302105446239011,-3.834994215860077,-1.4671112303789342,289.6928535143047,39.16714770078327,-1.3958144280717455,-125.7870976381473,-78.67244894656785,6.967248380702866,320.05195528857865,302.1164978027344,284.1810403168901,62308600.0,3612167873.070901,40480194.59832001,-0.007971059625300092,0
2022-09-20,288.489990234375,291.07000732421875,286.3800048828125,288.7300109863281,284.3739929199219,51271100,307.4221966552734,300.167016566604,297.053999546596,-5.622823929930405,-4.192560158674143,-1.4302637712562625,288.0896995891929,37.607187811219,-1.474143315676424,-114.8707818119599,-87.7846939790692,6.804587956467393,318.7506539079055,300.83499908447266,282.91934426103984,11037500.0,3612277299.814436,45011358.85011482,-0.01790604797219797,-1
2022-09-21,289.5899963378906,293.95001220703125,283.4200134277344,283.5599975585937,279.2820129394531,82931000,307.3685968017578,298.58539570869823,295.40876130603607,-6.222444053212314,-4.598536937581777,-1.6239071156305371,285.5361002394217,34.326163392253974,-5.1543645179081325,-116.71034483270316,-99.4939108215042,7.070688729526641,317.6420331241384,299.30799865722656,280.97396419031475,-71893500.0,3531551242.891755,17087511.673167706,-0.012307766484776383,-1
2022-09-22,282.0,283.0299987792969,278.82000732421875,280.07000732421875,275.8446655273437,62757100,307.2569970703125,296.8220253863669,293.5765716552734,-6.89972463512737,-5.058774477090896,-1.840950158036474,282.6459311886319,32.27889630586578,-6.804865711785572,-157.59491578071956,-96.12522999351998,6.904210265587234,316.23285472740355,297.5609985351563,278.889142342909,-134650600.0,3506060904.9918904,-3999852.564919472,-0.01628163473182953,-1
2022-09-23,277.54998779296875,277.8500061035156,272.0199890136719,275.510009765625,271.3534240722656,74815200,307.03379699707034,294.7923096129629,291.47647748674666,-7.715488718109555,-5.590117325294628,-2.1253713928149267,279.21145219698224,29.779730426538187,-10.2836259561898,-172.08032380753022,-91.0649744749273,6.986053697370065,313.1848497406983,295.30749969482423,277.43014964895013,-209465800.0,3520818890.297432,-7567156.013744354,-0.004137833864574669,0
2022-09-26,275.0299987792969,279.489990234375,273.5599975585937,274.3699951171875,270.23065185546875,71176700,306.6837969970703,292.84732728003195,289.48242943173364,-8.357635664274596,-6.143620993090622,-2.2140146711839748,276.2289916854738,29.171640561780286,-11.704317519529916,-131.85042402843604,-93.98359894930768,6.910620767256583,312.80862503174325,293.6539993286133,274.4993736254833,-280642500.0,3469086717.932085,-24798820.81235218,0.00040097631336699635,0
2022-09-27,277.8099975585937,280.2099914550781,272.1099853515625,274.4800109863281,270.3389587402344,69780100,306.3853973388672,291.098059061584,287.6563353038969,-8.756722340064698,-6.666241262485437,-2.090481077579261,273.9508733950699,29.321630839251963,-6.544092755145957,-113.48218566299263,-93.70194028054922,6.995576862703658,312.36471823565387,292.1574996948242,271.9502811539945,-210862400.0,3440141309.5812016,-38803602.63139534,0.019892127792686898,1
2022-09-28,274.4599914550781,281.25,272.95001220703125,279.94000244140625,275.7165832519531,79652100,306.018197631836,290.0353870025194,286.4927641369048,-8.534050504565698,-7.03980311090149,-1.4942473936642084,273.6433368360516,36.50780264147704,-5.435258725209945,-82.72087795875797,-79.72346665958287,7.088749072008307,311.5493490221139,291.10350036621094,270.657651710308,-131210300.0,3494650226.4489903,-23661485.042035103,-0.028827631827673006,-1
2022-09-29,275.8599853515625,276.25,268.8399963378906,271.8699951171875,267.7683410644531,81216000,305.39499755859373,288.3053496801069,284.6610017322359,-8.906099645014763,-7.413062417724145,-1.4930372272906176,271.43845365829577,31.42248331271087,-6.605980962944364,-108.9507492393764,-92.82670577695576,7.375267431401686,311.44000587309586,289.7335006713867,268.0269954696776,-212426300.0,3479853729.618122,-20023914.56147861,-0.016956580109457886,-1
2022-09-30,271.0299987792969,275.19000244140625,267.1000061035156,267.260009765625,263.2279663085937,78482400,304.59259765625,286.30103159301336,282.52066926502044,-9.463845242984007,-7.823218982776118,-1.6406262602078892,268.5766603578216,28.94234158144785,-7.624774298402669,-113.18725178077678,-99.55455529444548,7.426319496150896,311.4324218010285,288.1265014648437,264.82058112865894,-290908700.0,3404475773.8939047,-40699356.68064022,0.023460258866152106,1
2022-10-03,269.07000732421875,275.1600036621094,267.5299987792969,273.5299987792969,269.4032897949219,61267400,304.0233978271484,285.0847427536118,281.13052615211126,-9.29280526032528,-8.117136238285951,-1.1756690220393295,268.0045598944896,36.30589061118325,-6.019580741619645,-83.8664911974355,-78.44453379084145,7.460153381889001,310.94371382307185,287.04450073242185,263.14528764177186,-229641300.0,3439565953.1211667,-34292493.54974651,0.03144081505463947,1
2022-10-04,278.989990234375,282.8500061035156,278.989990234375,282.1300048828125,277.8735656738281,66696900,303.66059814453126,284.803339146869,280.66247892833894,-8.366858288328388,-8.167080648294439,-0.1997776400339486,269.9117425374542,44.76132977284509,-2.2858746414927222,9.017920974621031,-48.92965504654892,7.593000092055412,310.3228002126658,286.4985015869141,262.67420296116234,-162944400.0,3481381168.1514072,-15249163.527509212,-0.0005316481547104068,0
2022-10-05,278.2799987792969,283.8099975585937,275.4200134277344,281.9800109863281,277.7258605957031,55766300,303.41279846191406,284.534450750627,280.23214649018786,-7.558017771659252,-8.045268072967401,0.4872503013081495,271.5668093464422,44.64999832482826,-0.5571965671706165,9.622950834128709,-44.580999998863405,7.649927523398548,308.8370657754214,285.6490020751953,262.4609383749692,-218710700.0,3512820466.194496,3930990.270525932,-0.00787290280945041,0
2022-10-06,280.9599914550781,284.17999267578125,279.42999267578125,279.760009765625,275.53936767578125,53489400,302.8717987060547,284.0797420853887,279.6712900797526,-7.015273671969851,-7.839269192767892,0.8239955207980412,272.4612554005019,42.94738543531134,-0.1106857394533096,27.005981342424636,-52.84915909031496,7.442789843155795,306.8839312175912,284.61100311279296,262.33807500799475,-272200100.0,3466763662.457859,-3234383.4801650047,-0.03810410097940742,-1
2022-10-07,275.0199890136719,275.1499938964844,267.739990234375,269.1000061035156,265.0401916503906,71354700,302.05759887695314,282.65310056330554,278.19405226934526,-7.360471337031413,-7.743509621620596,0.3830382845891833,270.5302395018313,35.873513296502686,-2.3265955627392025,-100.70247589553308,-92.55121212155656,7.76973482087681,303.416771315909,282.71150360107424,262.0062358862395,-343554800.0,3421601533.6799207,-20241406.127503395,-0.009996292755086289,0
2022-10-10,269.29998779296875,269.70001220703125,263.6400146484375,266.4100036621094,262.3907165527344,60393000,301.0765991210937,281.1061389536678,276.6415284656343,-7.761632422225603,-7.747134181741598,-0.0144982404840048,268.35007301672243,34.33657154415677,-2.901188758515046,-142.52425444021833,-90.8611374569824,7.647610730713733,297.9616926108203,280.49500427246096,263.0283159341016,-403947800.0,3416419099.322956,-27007653.03976679,-0.013738236596968822,-1
2022-10-11,264.70001220703125,267.6300048828125,261.0299987792969,262.75,258.7859802246094,66522500,300.0261993408203,279.3579352437947,274.95152805873323,-8.27944687031271,-7.853596719455821,-0.4258501508568901,265.7191227453019,32.308365759449906,-4.2735392439606095,-157.04694291924676,-92.5701871525576,7.572781828771012,296.93663252842,278.9475036621094,260.9583747957988,-470470300.0,3384568925.199526,-37454568.26680517,-0.000342516985311625,0
2022-10-12,263.3999938964844,265.3599853515625,261.95001220703125,262.6600036621094,258.69732666015625,50580200,298.9927996826172,277.76765604553896,273.4003375825428,-8.597968474881498,-8.002471070540956,-0.5954974043405414,263.6514617536887,32.25790900622321,-6.172750813958331,-135.16763062746725,-92.95894033449385,7.275438351325315,294.8051955916036,277.27900390625,259.75281222089643,-521050500.0,3355051360.167039,-47715298.073039055,0.023452385503023532,1
2022-10-13,255.16000366210932,270.1700134277344,254.259994506836,268.82000732421875,264.764404296875,112894100,297.9113995361328,276.91549902446087,272.5947188604446,-8.258143588322639,-8.053605574097293,-0.2045380142253456,263.6715772833739,39.25121776569701,-1.121855242486055,-101.81755491597788,-51.33685257877125,7.892194106294822,292.8476391255355,276.16500396728514,259.4823688090348,-408156400.0,3448786749.569818,-17750218.35897398,-0.030057350158831708,-1
2022-10-14,271.20001220703125,271.8099975585937,260.1400146484375,260.739990234375,256.8062744140625,77244300,296.6381994628906,275.37497437778603,271.1256699335007,-8.542348888489698,-8.151354236975774,-0.3909946515139246,261.7054850982305,34.25577592882769,-2.439579171222722,-89.32755290700125,-78.34225894350226,8.162036163713491,291.5620997820335,274.73600311279296,257.9099064435524,-485400700.0,3379484996.6171656,-25928678.20097494,0.03302146272768214,1
2022-10-17,266.8399963378906,270.239990234375,266.739990234375,269.3500061035156,265.2864074707031,64576500,295.59019958496094,274.80116787547456,270.6127178373791,-7.98082928067214,-8.117249245715048,0.1364199650429078,262.4405537180816,42.6339953684736,-1.5281660857805803,-29.855502575397708,-49.5654661759239,8.257605009162528,288.8490700433493,273.6510040283203,258.4529380132913,-420824200.0,3411220319.344914,-16819656.522875786,0.00790794443863474,0
2022-10-18,276.5299987792969,277.2099914550781,268.739990234375,271.4800109863281,267.3842468261719,69781000,294.605599975586,274.48486721936536,270.4059565952846,-7.280027725141451,-7.949804941600329,0.6697772164588773,263.7021355376097,44.517687868939575,-3.774853334337137,22.29323267170723,-42.44646546347304,8.272776167129715,286.3337222837386,272.7885040283203,259.243285772902,-351043200.0,3386587220.2979126,-19401983.12198305,-0.0036467537641399206,0
2022-10-19,269.92999267578125,273.67999267578125,268.07000732421875,270.489990234375,266.4091796875,53115400,293.6738000488281,274.1044027446044,270.1870505196708,-6.726979412842866,-7.705239835848836,0.9782604230059704,264.5732868753763,43.79781430468887,-4.07476427558201,0.6479596682536439,-45.75535855351571,8.082576823160627,284.7689383314833,272.1350036621094,259.5010689927355,-404158600.0,3379296667.320129,-21014294.21255064,-0.005101870430091471,0
2022-10-20,269.5799865722656,274.8399963378906,267.9200134277344,269.1099853515625,265.04998779296875,60605500,292.53739990234374,273.62874394526705,269.8989535377139,-6.327104578612818,-7.429612784401632,1.1025082057888138,265.01180593336403,42.75985376091163,-3.806843023413099,-1.8240066963063917,-50.36767462058299,7.999534400803172,283.73823192292343,271.5870025634766,259.4357732040297,-464764100.0,3339534815.163166,-32414984.052948475,0.02344776641390145,1
2022-10-21,267.9800109863281,275.9700012207031,266.82000732421875,275.4200134277344,271.26483154296875,77897700,291.56420043945315,273.7993410388354,270.26400219145273,-5.438344510634124,-7.031359129648131,1.5930146190140064,267.0816443030673,48.74161010815149,2.3485719735686708,26.511338809196022,-29.27800729994388,8.081710079066115,283.7279830297143,271.582502746582,259.4370224634497,-386866400.0,3408067965.943783,-12326083.370828629,0.011001374742478198,1
2022-10-24,275.69000244140625,279.3999938964844,271.9700012207031,278.45001220703125,274.2490539550781,63963600,290.525400390625,274.2422621024731,270.91805071149554,-4.438337779702465,-6.512754859658998,2.0744170799565333,269.6242156942245,51.36964581921997,4.519353019563163,90.5298000041434,-19.15100541248459,8.03515883597434,284.2454257217097,271.78650360107423,259.3275814804388,-322902800.0,3455675089.8493795,12160377.548258305,0.02068586459161037,1
2022-10-25,279.4100036621094,284.6000061035156,277.8999938964844,284.2099914550781,279.9222106933594,59014500,289.5484002685547,275.19156965986406,272.1012400309245,-3.1447918507272448,-5.8391622578726485,2.694370407145404,273.2450214138338,55.98909072696501,8.167456310210515,167.43478503589492,-1.2854795628363669,7.939791219621262,285.82643867939,272.2730026245117,258.71956656963346,-263888300.0,3507818999.540287,37663321.23060465,-0.022096333584702532,-1
2022-10-26,278.4599914550781,283.9800109863281,277.42999267578125,277.92999267578125,273.7369689941406,63492400,288.4614001464844,275.4523718518562,272.64000098818826,-2.596460420383096,-5.1906218903747385,2.5941614699916427,274.60561190292947,50.37102900407729,5.813595066158404,135.89001748435263,-21.98421515588453,7.856948902455235,285.5253654078541,272.1725021362305,258.8196388646069,-327380700.0,3454020068.625368,27554563.69767189,-0.018206014794871272,-1
2022-10-27,276.7900085449219,278.2799987792969,272.3399963378906,272.8699951171875,268.7532958984375,57760300,287.3490002441406,275.2064312104592,272.7064288911365,-2.5409132597405346,-4.660680164247898,2.1197669045073635,274.41680628414025,46.33659479145506,1.5065797495065671,51.56633185555036,-38.6618539974844,7.72002415523745,285.5779487683374,272.22250213623045,258.86705550412347,-385141000.0,3406567134.251492,5815541.615450382,0.030600675240711528,1
2022-10-28,272.2300109863281,281.70001220703125,272.0599975585937,281.2200012207031,276.9773254394531,62651300,286.38780029296873,275.7791521638157,273.5633335658482,-1.802339775084988,-4.089012086415316,2.286672311330328,276.4331129756063,53.023209862009885,7.854572276358134,88.58107197526618,-11.140420536893924,7.857166333323172,286.6203145901211,272.9205017089844,259.22068882784765,-322489700.0,3462979167.31996,14342902.95674038,-0.011627867859603569,-1
2022-10-31,278.9200134277344,279.760009765625,275.989990234375,277.95001220703125,273.75665283203125,47742000,285.48960083007813,275.9859007393601,274.0423345656622,-1.463999675376101,-3.5640096042074734,2.1000099288313723,277.2342901164582,50.37595605869692,3.1928739219001545,73.02155229033642,-21.918231228402483,7.669512379966383,287.01501691798546,273.1415023803711,259.2679878427567,-370231700.0,3464879015.720426,17131965.909531116,-0.01021776121870921,-1
2022-11-01,281.5,282.07000732421875,274.739990234375,275.1099853515625,270.95947265625,45895900,284.7046008300781,275.9024802262365,274.2298091343471,-1.408789492560402,-3.1329655818780595,1.7241760893176576,277.1438924900709,48.12849248712055,1.3371055762249775,54.94653456021753,-31.27889625787649,7.645262716386195,286.0795174876839,272.7905014038086,259.5014853199333,-416127600.0,3423616463.416833,3586500.847299576,-0.0342771734138646,-1
2022-11-02,275.0799865722656,278.2099914550781,265.6099853515625,265.67999267578125,261.67169189453125,79803100,283.73620056152345,274.928909983336,273.55261782691593,-2.101729198193709,-2.92671830514119,0.8249891069474806,274.6121178002936,41.50688946848452,-1.7782534408855457,-68.0413705161038,-77.35085869707612,7.999172958324011,284.90467262376905,271.9755004882812,259.0463283527934,-495930700.0,3344700156.875417,-27390605.20018196,-0.01953478840892542,-1
2022-11-03,263.010009765625,264.5,260.1000061035156,260.489990234375,256.5599670410156,70038900,282.64580017089844,273.55377476914924,272.45875970749626,-3.0346966358455347,-2.948313971282059,-0.0863826645634757,271.188389198356,38.37737450887786,-3.203149487718349,-189.402600680127,-98.40822803730867,7.826373930748412,284.3429345052751,271.0119995117187,257.6810645181624,-565969600.0,3287076755.7081184,-55907721.20918465,0.016085080419544262,1
2022-11-04,265.5299987792969,266.6099853515625,259.0799865722656,264.67999267578125,260.6868591308594,78313200,281.5278002929688,272.708652665019,271.85571143740697,-3.396825383570558,-3.038016253739759,-0.3588091298307994,269.4826642706632,42.168373325308345,-3.899506291604741,-143.23185193266505,-78.05641920979622,7.805204277073302,284.3853425527324,270.790998840332,257.19665512793165,-487656400.0,3325245486.406862,-50346697.88061381,0.010994422482374588,1
2022-11-07,265.75,268.1400146484375,263.57000732421875,267.5899963378906,263.55291748046875,47333800,280.7308001708984,272.2211615862448,271.5508540562221,-3.409697182861237,-3.112352439564055,-0.2973447432971818,268.86345272382795,44.71230743689032,-3.900167137024961,-86.33725288734406,-66.65359227016168,7.574118780440834,284.3778555400993,270.8499984741211,257.3221414081429,-440322600.0,3361185669.346428,-32059248.50355339,0.007287313553264951,0
2022-11-08,269.1400146484375,272.8500061035156,265.5199890136719,269.5400085449219,265.4735412597656,63213800,280.0334002685547,271.96581367754743,271.4260931105841,-3.225368448606673,-3.1349556413725788,-0.0904128072340944,268.8887939188596,46.413389313420254,-5.161670367410348,-46.38277046856847,-59.01248445422367,7.556682945398186,284.2188156257356,271.1894989013672,258.1601821769988,-377108800.0,3367308872.9385843,-19715250.024201397,-0.02307635610120007,-1
2022-11-09,267.760009765625,268.5599975585937,263.0299987792969,263.32000732421875,259.3473205566406,64862100,279.27940063476564,271.142403548659,270.6766177222842,-3.540377447083131,-3.2160400025146894,-0.3243374445684415,267.3220875033619,41.97684919632005,-5.256714185793454,-89.38899640021056,-83.38551133645844,7.481920575414387,284.1683115342505,271.22249908447264,258.2766866346948,-441970900.0,3309249871.4535418,-31346455.662052155,0.07378851638818928,1
2022-11-10,276.010009765625,283.04998779296875,273.8500061035156,282.75,278.48419189453125,99256700,278.94900085449217,272.2478889249772,271.77447495233446,-2.1968622615299296,-3.0122044543177378,0.8153421927878082,271.1069885344975,56.09510194947264,3.620773650312636,75.5697863444286,-7.249234669472882,8.35678199636693,285.742018473917,271.9189987182617,258.0959789626064,-342714200.0,3402033558.924724,-3732915.985610485,0.018426141308852895,1
2022-11-11,282.5599975585937,288.6400146484375,281.19000244140625,287.9599914550781,283.61553955078125,66961800,278.72020080566404,273.74427964212964,273.302188546317,-0.7036033275828117,-2.550484228970753,1.8468809013879408,275.57600772395176,58.9774805902909,2.396696609458236,123.17757360973896,-2.300482230960854,8.292012725700095,287.7760407894683,273.2799987792969,258.78395676912544,-275752400.0,3456771062.962869,25319366.6201272,-0.008751177554000567,0
2022-11-14,285.8599853515625,289.2099914550781,284.44000244140625,285.44000244140625,281.1336669921875,55290700,278.5256005859375,274.8581580039655,274.46028413318453,0.273322392539626,-1.9857229046686768,2.259045297208303,278.5763836444836,57.02733318106418,2.6947256360600824,119.9974780876051,-12.512407576217964,8.040439603412365,289.3825547951107,274.0844985961914,258.7864423972721,-331043100.0,3424663099.7958155,24686460.622036457,0.013838327400666595,1
2022-11-15,292.2099914550781,293.260009765625,285.9700012207031,289.3900146484375,285.0240478515625,73985400,278.45240112304685,276.2421443510581,275.91795232863655,1.3507059402900268,-1.3184371356769362,2.669143075966963,282.03239303618386,59.299129520635,5.190661937852448,132.06426279722191,-11.322388797967164,8.024694440612821,291.60281245017285,274.97999877929686,258.3571851084209,-257057700.0,3420096290.980474,20730245.306842327,-0.013649441954069808,-1
2022-11-16,287.3900146484375,289.4800109863281,284.6000061035156,285.44000244140625,281.1336669921875,48859800,278.18180114746093,277.11813083585315,276.9141431535993,1.8643165102995451,-0.6818864064816399,2.5462029167811853,283.7957965509252,56.10492472997144,7.437522700378437,89.06936428549011,-22.878882439547464,7.8000737579127986,292.8135523470268,275.7274993896484,258.64144643227,-305917500.0,3388056987.70359,7032902.061904907,-0.002207135921468706,0
2022-11-17,280.8800048828125,286.32000732421875,280.7200012207031,284.8099975585937,280.5130920410156,55462100,277.8676013183594,277.8506895713523,277.7791429792132,2.1952153820735134,-0.1064660487706092,2.3016814308441225,285.0225259936978,55.59058996213315,9.33625407346242,62.44230735473293,-24.722078622442268,7.642926068313001,293.7522319590028,276.5125,259.2727680409972,-361379600.0,3413609008.6522484,8920277.212466717,3.514541522720016e-05,0
2022-11-18,287.8900146484375,287.989990234375,282.32000732421875,284.82000732421875,280.52301025390625,53588600,277.4222015380859,278.5144341192444,278.5703341529483,2.430248435199019,0.4008768480233164,2.0293715871757025,285.9702767298074,55.59755488740811,7.609194198938918,63.72779508148167,-24.692793195781118,7.50200155701609,294.58616378421203,276.98249969482424,259.37883560543645,-307791000.0,3407276812.1098413,6866661.127615929,-0.01028717295286763,-1
2022-11-21,283.3999938964844,284.5799865722656,281.0400085449219,281.8900146484375,277.63720703125,40083500,276.8452020263672,278.8359179791675,279.0377165294829,2.352964392312515,0.7912943568811561,1.5616700354313588,285.9239760851223,52.97836308769046,5.34400332831949,40.713536280210405,-33.26503043273682,7.236144215750431,294.8789652591392,277.15449981689454,259.4300343746499,-347874500.0,3386442708.22874,-1226729.5172290802,0.014402771817431104,1
2022-11-22,282.6400146484375,286.1099853515625,280.4599914550781,285.95001220703125,281.635986328125,41873400,276.6902020263672,279.5134507627736,279.8753843761626,2.5894742563512523,1.1509303367751755,1.4385439195760767,286.8774524743718,56.06686401352517,6.088151347436966,46.66697663999199,-21.386754237235174,7.122847764374285,295.12005263255486,277.2415008544922,259.3629490764295,-306001100.0,3425944912.9343934,8142742.126881599,0.01003670220202535,1
2022-11-23,285.9700012207031,289.4599914550781,285.7900085449219,288.82000732421875,284.4626770019531,46390000,276.54600219726564,280.3997894829112,280.97809927804127,2.974209808677415,1.5155862311556234,1.4586235775217915,288.3411118120421,58.15901012490936,9.684034365304626,70.81734174055464,-12.990050990570625,6.876214560501568,296.36486720639533,277.78600158691404,259.20713596743275,-259611100.0,3456155620.2470045,20847956.29649544,-0.006578470494779554,0
2022-11-25,287.19000244140625,287.9100036621094,286.4200134277344,286.9200134277344,282.59130859375,15498800,276.46240234375,281.020763191942,281.84800516764324,3.090180203416537,1.830505025607806,1.259675177808731,288.98170211185936,56.24927784352326,1.4748058099856325,58.8064350628426,-20.97252409454288,6.556484513071768,297.33134804394746,278.4885025024414,259.64565696093536,-275109900.0,3451058767.6171503,22528549.320339203,-0.014673155498497903,-1
2022-11-28,284.8999938964844,286.9599914550781,281.760009765625,282.7099914550781,278.4447937011719,38714200,276.3302020263672,281.1816420741455,282.250051734561,2.809982261835956,2.026400472853436,0.7835817889825192,288.34703171095305,52.16206635479685,-1.823169938806934,15.968258423232871,-34.89915473506855,6.459591454241865,297.46016064020614,278.56300201416013,259.6658433881141,-313824100.0,3426489917.858064,13350653.42308092,-0.00756953838046226,0
2022-11-29,282.94000244140625,283.3500061035156,279.1700134277344,280.57000732421875,276.3371276855469,35618900,276.1206024169922,281.123391145581,282.44119509742376,2.3877203853514857,2.0986644553530462,0.2890559299984394,287.2087805365616,50.16663848223268,-1.7061361671572957,-44.850280367058,-41.97816020359851,6.296762970066107,297.60866336244555,278.69400177001955,259.77934017759355,-349443000.0,3414730505.8846397,4640732.7987418175,0.04558569231729748,1
2022-11-30,280.8399963378906,293.4700012207031,279.9700012207031,293.3599853515625,288.9341125488281,74718100,276.21320190429685,282.28878106996024,283.83795543852307,3.0499610895992646,2.28892378220229,0.7610373073969745,289.53864181387564,60.01242188270914,1.3718409420407536,108.9896098452524,-0.5607334175340761,6.811279900775671,299.4781644659609,279.6065017700195,259.73483907407814,-274724900.0,3488230801.9273005,24042156.484291557,0.001227215322870956,0
2022-12-01,293.69000244140625,295.75,290.8800048828125,293.7200012207031,289.28875732421875,51547300,276.41640197753907,283.37746870336434,285.1820982433501,3.562772467507159,2.543693519263264,1.019078948243895,291.4830341897267,60.25048845532008,2.900784300895791,203.14794878958796,-12.243669622100784,6.672616701947944,300.70797426500894,281.0085021972656,261.3090301295223,-223177600.0,3496804360.246639,32521402.32232523,-0.003983431236796231,0
2022-12-02,288.5400085449219,293.45001220703125,288.3599853515625,292.54998779296875,288.1363220214844,53583200,276.66600158691404,284.2510419499933,286.28128734770274,3.830611963456079,2.8010772081018267,1.029534755354252,292.70665357285947,59.02069681776054,2.717597802297202,119.43360592446412,-19.300451137783845,6.578859499604564,300.5064755769961,282.6115020751953,264.7165285733945,-276760800.0,3531438273.905731,44053575.20920181,-0.016783364721949412,-1
2022-12-05,290.3800048828125,291.67999267578125,286.1499938964844,287.6400146484375,283.3005065917969,41482100,276.9086016845703,284.573801254607,286.7601933070591,3.605125255436917,2.9618868175688453,0.6432384378680718,292.36528905939326,54.03612229406205,0.9901015559657138,41.49491246382785,-48.91430590859812,6.56608338509598,299.75037033017435,283.75950317382814,267.7686360174819,-318242900.0,3512310316.212596,38680243.46881771,-0.02072042020975684,-1
2022-12-06,287.4800109863281,287.6199951171875,280.260009765625,281.67999267578125,277.4302978515625,53937600,277.0548016357422,284.298200437576,286.5621446881975,2.911934483467121,2.951896350748501,-0.0399618672813799,290.47199325728127,48.663564397410696,-0.0745049351670655,-71.2720324314231,-84.86139155115195,6.624220634932874,298.6871121783339,284.46400299072263,270.24089380311136,-372180500.0,3479185385.411342,22425925.8229146,-0.0040826254131866024,0
2022-12-07,280.4700012207031,282.57000732421875,278.7799987792969,280.5299987792969,276.2977294921875,45614300,277.1758013916016,283.93932408916845,286.18747762044273,2.2439144568941174,2.8102999719776247,-0.5663855150835073,288.5656219070906,47.67852834008671,-1.8954408799990607,-108.63154957110734,-89.68768489029318,6.421776914217801,297.6483429008257,285.0135025024414,272.378662104057,-417794800.0,3475695014.185569,12627139.048398018,0.011834767542385771,1
2022-12-08,281.9100036621094,284.8399963378906,279.7900085449219,283.8500061035156,279.567626953125,42594900,277.2540014648437,283.9308176143444,286.07666843959265,1.959809157586335,2.6402018090993677,-0.6803926515130323,287.8212717038505,50.77630842136063,-1.7207953378118932,-59.82926544488744,-70.12370677950557,6.323791976985727,293.8868859984896,286.0400024414063,278.1931188843229,-375199900.0,3501589463.902148,15709765.818789482,-0.006376598624886709,0
2022-12-09,282.8099975585937,285.6400146484375,281.5899963378906,282.0400085449219,277.78497314453125,47860500,277.45740173339846,283.7507405601137,285.69571663992747,1.5704982584962863,2.426261098978751,-0.8557628404824649,286.7071395731832,49.07055886589033,-1.700824151132842,-49.789060694393,-80.78957259208774,6.161379572240095,293.9167533513692,286.0045028686524,278.0922523859355,-423060400.0,3464364870.993496,3698491.224943161,0.012551332860919029,1
2022-12-12,282.2200012207031,285.6400146484375,281.1600036621094,285.5799865722656,281.2715148925781,35732500,277.82380126953126,283.92495446603294,285.65528651646207,1.529976590353499,2.247004197253701,-0.717027606900202,286.6849787013411,52.43598390473785,1.015172864042032,-32.62718268867594,-59.92936179242654,6.041281816103526,293.74796528983995,285.88550262451173,278.0230399591835,-387327900.0,3499139804.9346814,9513313.21557045,0.01075007867696609,1
2022-12-13,296.6499938964844,296.8800048828125,285.9100036621094,288.6499938964844,284.2951965332031,80667700,278.126201171875,284.37495822131405,285.9185713995071,1.7256940831667862,2.142742174436318,-0.4170480912695318,287.4394927111049,55.20079130110416,2.879846869351442,81.42228277741567,-45.46965862475363,6.416905851420909,293.9961007518873,286.04600219726564,278.0959036426439,-306660200.0,3458769039.416759,-1817986.19992733,-0.007413768148655575,0
2022-12-14,288.04998779296875,291.4100036621094,283.19000244140625,286.510009765625,282.1875305175781,64984400,278.21380126953125,284.5782964636294,285.9627625964937,1.6886569849528428,2.051925136539623,-0.3632681515867801,287.4779883610298,52.89277667681105,-2.335006793011832,17.81746861185564,-57.29277138295164,6.545698377798209,293.7076216912962,285.902001953125,278.09638221495385,-371644600.0,3446278228.6918,-10262595.173306463,-0.033576471289980314,-1
2022-12-15,282.3299865722656,283.010009765625,275.6700134277344,276.8900146484375,272.712646484375,60554100,278.11200134277345,283.84607914789683,285.10447809128533,0.8729883432721977,1.8161377778861376,-0.9431494346139402,284.989756727041,43.98879426943507,-5.729942292768637,-121.48950576787271,-94.24798815554908,6.852433946376239,294.21505008125416,285.47450256347656,276.73395504569896,-432198700.0,3405853859.693766,-25646543.964217182,-0.009534524572110237,0
2022-12-16,276.20001220703125,277.7699890136719,272.6099853515625,274.25,270.11248779296875,68300400,278.0018011474609,282.9321668480971,284.0354778471447,0.0133836709317165,1.4555869564952535,-1.4422032855635372,282.2517892682935,41.90401659221891,-6.255337055737378,-152.1269911844976,-93.24263152600342,6.731546068928606,294.9660642331069,284.9465026855469,274.92694113798683,-500499100.0,3380969574.808828,-37526200.57259512,-0.016408386508659945,-1
2022-12-19,273.8699951171875,273.9599914550781,268.489990234375,269.75,266.3163757324219,44167900,278.0148010253906,281.6767223863736,282.58819187709264,-1.0192226526505124,0.9606250346661004,-1.9798476873166129,278.8420239165125,38.550229290318256,-6.219584806482237,-178.3414398791759,-95.56178543326554,6.662150618692634,296.20566650996807,284.193002319336,272.18033812870385,-544667000.0,3357149745.3417974,-46553623.963478565,-0.0007784669326343918,0
2022-12-20,268.5599975585937,271.32000732421875,266.95001220703125,269.5400085449219,266.1091003417969,51064200,278.07740112304685,280.5208448776639,281.1926686604818,-1.83338108318236,0.4018238110964084,-2.2352048942787683,276.01175399808324,38.39579727268852,-4.309849633102169,-158.5687721885857,-91.34648522655203,6.498425225727981,297.16447435637434,283.5755020141602,269.986529671946,-595731200.0,3366614716.405235,-43002931.47015667,0.014506208867533399,1
2022-12-21,270.6000061035156,274.7799987792969,269.739990234375,273.45001220703125,269.96929931640625,46394700,278.2914013671875,279.8474322423655,280.22833629789807,-2.1384521416566717,-0.1062313794542075,-2.0322207622024635,274.74045170761764,42.97642547058486,-2.5237894710275555,-98.28422095001788,-78.28265422443732,6.408537012059911,297.1798772061038,282.9505020141602,268.72112682221655,-549336500.0,3388523613.4648952,-30670005.34298229,-0.024465175142655338,-1
2022-12-22,270.3800048828125,270.510009765625,262.4599914550781,266.760009765625,263.364501953125,60278400,278.3734014892578,278.6010110541045,278.6863846551804,-2.8867735116656945,-0.662339805896505,-2.2244337057691896,272.0053991729408,37.79779458848214,-6.020784206591904,-136.2253916040546,-87.50721489526765,6.735785850623712,297.440605508018,281.84750213623045,266.2543987644429,-609614900.0,3392642141.2062583,-21526094.432979107,0.0022491211724899873,0
2022-12-23,265.4700012207031,268.0400085449219,263.5299987792969,267.3599853515625,263.9568176269531,39373600,278.34420104980467,277.5304371776719,277.30662115187874,-3.39230617918588,-1.2083330805543802,-2.1839730986315,269.9717107461776,38.51337314920897,-5.204943535881796,-115.23085167261914,-85.76411393106505,6.576801844552375,297.4872767610172,280.8695007324219,264.2517247038266,-570241300.0,3420142169.92926,-7078476.791297436,-0.014138236783363123,-1
2022-12-27,266.739990234375,266.8500061035156,263.0299987792969,263.5799865722656,260.2249755859375,38009000,278.4010009765625,276.2018228342999,275.66000075567337,-4.051258386227516,-1.7769181416890074,-2.274340244538509,267.3863118016225,35.72490681054353,-7.7036210639476765,-110.54791622678178,-96.74609331707858,6.416315039389036,298.12285738028334,279.9130004882812,261.7031435962791,-608250300.0,3393077906.0246143,-9135946.562878132,-0.013202749245136203,-1
2022-12-28,263.1700134277344,265.4700012207031,259.7300109863281,260.1000061035156,256.7892150878906,47139000,278.2160009765625,274.6683164789871,273.77304890950523,-4.7989685757333405,-2.3813282284978743,-2.417640347235466,264.4363826095307,33.33220939519188,-9.890867277553916,-114.16206443193056,-99.00405066493828,6.368006124745176,299.0348049975197,278.8895004272461,258.7441958569725,-655389300.0,3352015989.474914,-22212253.411349773,0.024375225640584697,1
2022-12-29,262.9599914550781,267.3999938964844,262.25,266.44000244140625,263.04852294921875,45893600,278.1152008056641,273.884667523027,272.5873824346633,-4.824337608070209,-2.869930104412341,-1.954407503657868,263.7461973120896,41.07524640169379,-7.004993417380671,-73.61106613491857,-81.93810886274974,6.434576243904003,297.23373882883647,277.54350128173826,257.85326373464005,-609495700.0,3380799874.501136,-16383847.030895231,-0.0006005241729591937,0
2022-12-30,263.6199951171875,266.4100036621094,262.2900085449219,266.2799987792969,262.8905944824219,37858300,278.0310009765625,273.16041335695746,271.51466791062126,-4.8019992490941945,-3.256343933348712,-1.5456553157454826,263.22524392053106,40.94599587851486,-3.831852110164384,-69.09984045174039,-82.36880519760032,6.271391790516886,294.9654731983493,276.171501159668,257.37752912098665,-647354000.0,3416268965.914723,-1224438.331758976,-0.006759755900632491,0
2023-01-03,268.6499938964844,270.1499938964844,262.1300048828125,264.4800109863281,261.1134338378906,42335300,277.9384014892578,272.3337083692785,270.4011926560175,-4.873362817436998,-3.579747710166369,-1.2936151072706288,262.41610803627697,39.4423711206908,-3.5624390204819965,-57.164979000067895,-87.21399520754831,6.396291592170814,292.6291717274874,274.76800231933595,256.9068329111845,-689689300.0,3398743728.179039,-487761.4769425392,0.004763986674637621,0
2023-01-04,266.6400146484375,267.45001220703125,262.5299987792969,265.739990234375,262.3574523925781,47754900,277.74480102539064,271.7057352135734,269.5413819812593,-4.773226381765312,-3.8184434444861584,-0.9547829372791536,262.163722750043,41.07360567707454,-1.486565251390176,-55.33956124299046,-81.02910152298934,6.290843151853926,290.9179575234673,273.6730010986328,256.4280446737983,-641934400.0,3413302812.963711,4490384.34760046,-0.01565441339273166,-1
2023-01-05,264.0400085449219,264.2099914550781,261.260009765625,261.5799865722656,258.2503662109375,45396700,277.4074005126953,270.7413782001155,268.3896663120815,-4.97222831111651,-4.049200417812229,-0.9230278933042806,260.9595484098827,37.483534260630016,-2.953187549272346,-92.84206314201356,-92.05336905952632,6.161495817346503,290.26840524575584,272.66800079345705,255.06759634115824,-687331100.0,3377754235.8520365,-5192229.109492302,0.027601504669044985,1
2023-01-06,263.3500061035156,269.94000244140625,260.3399963378906,268.79998779296875,265.37847900390625,54659700,277.0992004394531,270.5564838756253,268.0212841215588,-4.495523419798587,-4.138465018209501,-0.3570584015890867,261.92726030155,46.26254524609158,-1.700502543968412,-12.584559974830384,-49.72290546644247,6.407103694930012,289.3739381218841,272.0815002441406,254.78906236639708,-632671400.0,3419432098.5475,4579860.707479954,0.00647329178189282,0
2023-01-09,270.8299865722656,275.2900085449219,269.9200134277344,270.5400085449219,267.0963439941406,45568700,276.95140075683594,270.5549147965107,267.87447538829986,-3.9320005712336297,-4.097172128814327,0.1651715575806971,263.2474802031246,48.15220370901864,1.417003539105422,136.88448439161144,-30.526997077686467,6.413026341860234,287.84866724364866,271.41600036621094,254.98333348877324,-587102700.0,3384385706.624152,-2989941.861867428,0.008464470891607512,0
2023-01-10,269.489990234375,272.94000244140625,268.9700012207031,272.8299865722656,269.357177734375,35247800,276.9506005859375,270.77158829896354,268.00914074125745,-3.263008632755202,-3.930339429602502,0.6673307968472999,264.98841741847383,50.6135655735966,2.0459311491622048,122.34084775517611,-15.809912330594075,6.238524547491869,286.6720592314947,270.95549926757815,255.2389393036616,-551854900.0,3417679946.845846,4778755.508654118,0.017300155602408163,1
2023-01-11,273.9200134277344,277.6600036621094,273.1199951171875,277.54998779296875,274.01708984375,44077000,276.8772003173828,271.41715015553547,268.6371872674851,-2.3251600521504656,-3.609303554112095,1.2841435019616294,267.6919852299238,55.32158653093474,5.300099374909474,177.5809711732354,-0.6135856892414027,6.137916871945575,285.12409810290904,270.55399932861326,255.9839005543175,-507777900.0,3459620752.864654,20867228.57452011,0.005404431871634197,0
2023-01-12,278.1199951171875,280.1000061035156,273.739990234375,279.04998779296875,275.4979858398437,60600000,276.8991998291016,272.14408707338623,269.4463290259952,-1.4442227305694928,-3.176287389403575,1.7320646588340822,270.3332468791465,56.73321110828161,7.285652151008153,174.33322992270516,-5.1547303006514,6.153781086030936,282.73533928575034,270.0739990234375,257.4126587611247,-447177900.0,3500211019.8927965,38466940.83091736,0.006880535788300612,0
2023-01-13,276.5,281.2200012207031,276.1600036621094,280.9700012207031,277.3935852050781,44802900,277.0164001464844,272.98465032551167,270.4840435209728,-0.5844078293341681,-2.657911477389694,2.073503648055526,273.01574710571487,58.53896794148075,5.453384869448129,149.5576981512553,-1.1633323108732996,6.075653691213994,281.18641048813674,269.79699859619143,258.4075867042461,-402375000.0,3540586753.7251067,55016652.89782238,0.002028712395424126,0
2023-01-17,280.7699890136719,282.8500061035156,279.5799865722656,281.5400085449219,277.95635986328125,36269700,277.3336004638672,273.7994463464079,271.60242542085194,0.1413669120765917,-2.0980557994964366,2.2394227115730283,275.36608319123616,59.08491299429456,5.730813367726159,135.23625452942267,-5.666080602326307,5.875251251216565,282.1546770525732,270.0294982910156,257.90431952945806,-366105300.0,3547796554.8487444,59079503.38291216,-0.012999941575001395,-1
2023-01-18,283.1099853515625,284.69000244140625,277.6700134277344,277.8800048828125,274.3429260253906,47754500,277.681400756836,274.1880709689226,272.3500927153088,0.416416723189343,-1.5951612949592806,2.011578018148624,276.33324614022354,54.15402294822437,5.066543156328388,101.33062003209577,-27.28365340529094,5.957018234249087,282.6870457641345,270.21099853515625,257.73495130617795,-413859800.0,3502899049.901585,41085144.88154268,-0.009824423990058007,0
