date,open,high,low,close,adj_close,volume,sma_50,ema_20,wma_20,macd,macd_signal,macd_hist,tema_20,rsi_14,roc,cci_14,willr_14,atr_14,upper_bb,middle_bb,lower_bb,obv,ad,chaikin_ad,return,label
2018-03-14,277.8099975585937,278.0199890136719,274.6700134277344,275.29998779296875,245.8246917724609,105895100,274.34079833984373,273.78580374651347,274.0635678245908,0.7662937594433288,-0.0286045882686091,0.7948983477119379,276.3713821912752,52.997255890058646,1.3436384975128146,48.73569061365262,-32.777530913981124,4.109278497524282,279.3675850672995,273.2204956054687,267.07340614363795,848385000.0,493488415.736971,31856521.331125915,-0.0010896760126061222,0
2018-03-15,275.8800048828125,276.6099853515625,274.42999267578125,275.0,245.5567779541016,83433000,274.4653985595703,273.90144148494073,274.23304443359376,0.7442596166467297,0.1259682527144586,0.618291363932271,276.3644617730219,52.44973324441849,2.726928449791461,29.25967658382024,-34.70176352101289,3.967998227133456,279.4484490739273,273.4909957885742,267.53354250322104,764952000.0,453686223.8675531,-257260.7704987526,-0.002909046519886327,0
2018-03-16,274.5,275.3900146484375,274.1400146484375,274.20001220703125,245.8230743408203,100343700,274.53999877929687,273.92987679180646,274.3005698067801,0.6546981182456761,0.2317142258207021,0.422983892424974,276.12991479045326,50.9384059894821,1.902789464199175,16.329315027514408,-39.833180973783065,3.7693188608390593,279.51067063463245,273.5494964599609,267.58832228528945,664608300.0,362975127.099975,-42233951.44080192,-0.013530349407333553,-1
2018-03-19,273.3500061035156,274.3999938964844,268.6199951171875,270.489990234375,242.4970550537109,109208400,274.5175988769531,273.6022685482416,274.00918826148626,0.2811117371412592,0.2415937280848135,0.0395180090564456,274.95593621775737,44.53005529871296,-0.6245682030137047,-60.53443426481081,-63.6306334699023,3.91604998904649,279.5259049484085,273.4184967041016,267.3110884597947,555399900.0,324430816.3338147,-67830882.73690408,0.0017006986922423195,0
2018-03-20,270.94000244140625,271.6700134277344,270.17999267578125,270.95001220703125,242.9093475341797,59757300,274.46819885253905,273.34967270622155,273.7740944998605,0.0219092114492127,0.1976568247576934,-0.1757476133084806,274.099272240645,45.44650840835664,-0.7072678984339946,-59.33249367132903,-60.67988247108268,3.739281894569745,279.53621121957826,273.39599761962893,267.2557840196796,615157200.0,326436801.2739068,-71497642.81010705,-0.0019192452770685486,0
2018-03-21,270.8999938964844,273.2699890136719,270.19000244140625,270.42999267578125,242.44320678710932,78709600,274.3983984375,273.0716079414177,273.4916178385417,-0.2229024075995198,0.1135449782862508,-0.3364473858857706,273.25426412387185,44.55046202451501,-0.8615023513571417,-58.08180228157261,-64.01547999130865,3.691312386142705,279.51590433160345,273.41499786376954,267.31409139593563,536447600.0,259993186.79582903,-87639045.37306869,-0.02499715057919416,-1
2018-03-22,267.9100036621094,268.8699951171875,263.3599853515625,263.6700134277344,236.3828125,148785900,274.1809985351563,272.1762179877336,272.5635240827288,-0.9514237880932797,-0.0994487749896552,-0.8519750131036243,270.8052896363957,34.9136112953604,-3.8051778341961424,-191.28464281398809,-98.18165546496746,3.93681546679566,280.4230905856453,273.07849884033203,265.7339070950188,387661700.0,127950562.50698152,-128288722.752271,-0.021314618077743375,-1
2018-03-23,264.1700134277344,264.5400085449219,257.8299865722656,258.04998779296875,231.34439086914065,183534800,273.8595983886719,270.8308627310893,271.13223731631325,-1.9596813443806127,-0.4714952888678467,-1.488186055512766,267.348009772533,29.24898420761087,-7.465847057324941,-231.80281050835143,-99.0256817794789,4.138074225336621,282.0335702709234,272.24549865722656,262.4574270435297,204126900.0,-43549141.27245578,-187823612.63246828,0.027359030779175786,1
2018-03-26,262.1300048828125,265.42999267578125,259.4100036621094,265.1099853515625,237.6737060546875,141956100,273.6393981933594,270.2860172663725,270.4526646205357,-2.1641034838702358,-0.8100169278683245,-1.3540865560019109,266.369582835573,41.98341774333329,-4.814736532770404,-135.81096721378833,-67.75910863871162,4.3730806561327125,281.5034195847561,271.60599822998046,261.7085768752048,346083000.0,83314907.35855965,-154738087.3251833,-0.01701172908318105,-1
2018-03-27,266.1700134277344,266.7699890136719,258.8399963378906,260.6000061035156,233.6305389404297,129941400,273.292998046875,269.3635400127671,269.40447489420575,-2.6593715561480167,-1.179887853524263,-1.4794837026237535,264.4299594119651,37.3576750858691,-5.825381268457968,-123.64761574846966,-87.7324294298434,4.630646678057127,281.80842600777174,270.9144989013672,260.0205717949627,216141600.0,11052787.103027612,-150128493.66031027,-0.0029547947552392984,0
2018-03-28,260.75,262.6400146484375,258.5799865722656,259.8299865722656,232.940170288086,146452300,272.95019775390625,268.4555825422431,268.34880705333893,-3.0785219280191995,-1.5596146684232504,-1.5189072595959492,262.6796560333621,36.615878187141305,-5.619325065984705,-115.0473761666421,-91.14261077818414,4.589367206388377,282.2291952474634,270.32349853515626,258.4178018228491,69689300.0,-45220148.8307963,-152499730.98905066,0.012777614193099973,1
2018-03-29,261.1199951171875,265.260009765625,259.8399963378906,263.1499938964844,235.9165954589844,111601600,272.62099792480467,267.9502883855042,267.66561613537016,-3.106989333929107,-1.8690896015244216,-1.2378997324046854,262.15290738187423,41.96651877994304,-4.309093128551137,-72.97840787483021,-76.4393122332417,4.650126143216391,282.3619621229452,270.0959976196289,257.8300331163126,181290900.0,-20511745.74301062,-131744406.09659895,-0.02158462020719487,-1
2018-04-02,262.54998779296875,263.1300048828125,254.6699981689453,257.4700012207031,230.82443237304688,186286300,272.18759765625,266.9521657983803,266.46314028785343,-3.546990400058405,-2.2046697612312185,-1.3423206388271869,260.29694730350656,36.31793171168255,-6.101389584802915,-103.48586213561536,-89.12197958737255,4.926698089666435,282.9610429271672,269.5154983520508,256.0699537769343,-4995400.0,-83487928.82651004,-131314703.61292772,0.012816979754235458,1
2018-04-03,258.8699951171875,261.3099975585937,256.8399963378906,260.7699890136719,233.78289794921875,119956900,271.79479736328125,266.3633870569795,265.63023463657925,-3.5880521475860405,-2.4813462385021827,-1.1067059090838578,259.6857517913106,41.26431915306169,-3.5934790830081766,-79.91779063242193,-73.87583196374484,4.893743872164413,282.8493419497412,268.9444976806641,255.03965341158704,114961500.0,7485645.297732443,-90255078.68344615,0.01069911670232715,1
2018-04-04,256.75,264.3599853515625,256.6000061035156,263.5599975585937,236.2841339111328,123715300,271.412197265625,266.0963975809427,265.117425101144,-3.356768765027482,-2.6564307438072428,-0.7003380212202392,259.96480389420594,45.14380802460851,-2.727445770620926,-51.76035154595173,-59.48038020417883,5.100414262447573,282.4490733121467,268.47849731445314,254.5079213167596,238676800.0,105692957.03129888,-34005171.23493747,0.007892006029410314,0
2018-04-05,265.54998779296875,266.6400146484375,264.32000732421875,265.6400146484375,238.14889526367188,82652600,271.0591973876953,266.05293253975174,264.8470934186663,-2.971382771354115,-2.7194211493166174,-0.2519616220374976,260.7861469145452,47.90631652596837,-1.771245112255895,11.586550335033971,-47.05594713039994,4.95483168100164,281.9987461698309,268.12149810791016,254.24425004598933,321329400.0,117093540.5939518,-4275007.851072758,-0.02228584965096181,-1
2018-04-06,263.4200134277344,265.1099853515625,258.0,259.7200012207031,232.841537475586,179521200,270.5899975585937,265.4497962236519,264.04695085797994,-3.1078320495050207,-2.7971033293542984,-0.3107287201507223,259.9704505354459,41.500534852068895,-1.4980892804914478,-53.19083664319116,-74.40443920264497,5.148194942691416,281.45520887574986,267.40249786376955,253.34978685178925,141808200.0,24429533.08429432,-21208033.597012505,0.004928379690746887,0
2018-04-09,261.3699951171875,264.8399963378906,259.94000244140625,261.0,233.98910522460932,105442900,270.1439978027344,265.02600610711363,263.4371891566685,-3.077211700425721,-2.853125003568583,-0.224086696857138,259.67946570613,43.266927326458976,1.143194088967762,-27.73559000918452,-65.96771533976664,5.146165421737679,279.78239317695835,266.50899810791014,253.235603038862,247251100.0,-35393221.69420384,-45241690.32287249,0.015900359756645166,1
2018-04-10,264.2699890136719,266.0400085449219,262.9800109863281,265.1499938964844,237.7096710205078,103529000,269.71539794921875,265.0378144680061,263.3077601841518,-2.687099814670546,-2.819919965788976,0.1328201511184299,260.5626565811042,48.67775318821819,0.0150913006421918,56.40701331257517,-43.65590921508258,5.138529517187748,277.91990425409625,265.8404983520508,253.7610924500053,350780100.0,7911987.421184614,-37181829.69011229,-0.005242255941374951,0
2018-04-11,263.4700012207031,265.6400146484375,263.3900146484375,263.760009765625,236.4634552001953,91140200,269.2969982910156,264.91611878206504,263.109618414016,-2.461716304193885,-2.748279233469958,0.2865629292760729,260.96580298416904,47.05886891769012,1.2125877160778566,75.89253613716889,-35.98582006875053,4.93086069982839,276.2118183217668,265.1924987792969,254.17317923682697,259639900.0,-53253609.04148899,-49966228.33391451,0.008227111123041198,0
2018-04-12,265.260009765625,267.0,265.0599975585937,265.92999267578125,238.4089508056641,68890500,268.98039794921874,265.0126782005142,263.1798559279669,-2.083975984871301,-2.6154185837502277,0.5314425988789258,261.8934705672293,49.86224471867401,2.347691343862288,133.79163639742077,-8.678079199662402,4.809353335509504,274.7351901469387,264.7239990234375,254.71280789993637,328530400.0,-60356146.98391446,-52913723.6395222,-0.002933098186663874,0
2018-04-13,267.4100036621094,267.5400085449219,264.010009765625,265.1499938964844,237.7096710205078,85079200,268.6453979492188,265.02575588584466,263.22042686825705,-1.826498703011282,-2.4576346076024382,0.6311359045911562,262.4796321951644,48.86070059510226,0.7600228183120317,99.97146553284176,-18.57041741705781,4.717457571472166,273.0729226206196,264.2314987182617,255.3900748159039,243451200.0,-90484088.39706036,-58895341.837860666,0.008221733833538414,0
2018-04-16,267.0,268.20001220703125,266.07000732421875,267.3299865722656,239.66403198242188,63405300,268.36039794921874,265.24520642740856,263.5155209495908,-1.4300541382095275,-2.252118513723856,0.8220643755143286,263.54808074312945,51.77615270224147,3.829566669831382,126.72510840625928,-6.430338004946412,4.597733801056937,271.6174655463022,263.88799743652345,256.1585293267447,306856500.0,-78876074.70859684,-52294786.57831886,0.010698447659434285,1
2018-04-17,269.3299865722656,270.8699951171875,268.75,270.19000244140625,242.22808837890625,64682000,268.25519775390626,265.7161393811226,264.1157119024368,-0.8750030948782523,-1.976695429954736,1.1016923350764831,265.1816951863253,55.370892280305256,3.612384026000973,159.86056350088074,-4.197486443693643,4.521816364936232,271.5521626478628,263.872998046875,256.1938334458872,371538500.0,-55687836.55577828,-37462412.14367141,0.0007402650180390324,0
2018-04-18,270.69000244140625,271.29998779296875,269.8699951171875,270.3900146484375,242.4073638916016,57303900,268.3843981933594,266.1612703589621,264.73638015020464,-0.4142071088597845,-1.6641977657357454,1.249990656875961,266.57955120964914,55.62004474086438,2.591446787491104,146.76756354659943,-5.471880410657115,4.299979724978978,271.4241741260534,263.8449981689453,256.26582221183725,428842400.0,-71314394.11692046,-32961035.267708927,-0.005547542138160333,0
2018-04-19,269.6499938964844,269.8800048828125,267.7200012207031,268.8900146484375,241.0625457763672,77655900,268.37959838867187,266.42115076748354,265.21685791015625,-0.168122423416662,-1.3649826972719288,1.1968602738552667,267.3346360682688,53.220412685905735,1.2234602547742015,92.33667147796406,-14.491729694466182,4.183068058601767,271.105451181575,263.76799926757815,256.4305473535813,351186500.0,-64842246.246789485,-26063785.380890884,-0.008479412297463074,0
2018-04-20,268.8099975585937,269.0599975585937,265.6099853515625,266.6099853515625,239.0185394287109,99953100,268.35839782714845,266.4391350135863,265.4875232514881,-0.1552877855875749,-1.123043714935058,0.9677559293474832,267.35522629479766,49.70975265520808,2.6528508002756594,45.990390021980055,-31.90481825410171,4.130504234771321,271.35577893677777,263.91499786376954,256.4742167907613,251233400.0,-106851725.18000558,-34239400.50768037,-0.0001499494750394348,0
2018-04-23,267.260009765625,267.8900146484375,265.3500061035156,266.57000732421875,238.9826812744141,65558000,268.5371978759766,266.45159904317035,265.7403812953404,-0.1466516266709732,-0.9277652972822412,0.7811136706112679,267.353550711245,49.64791156486034,2.134102423072318,24.810183095975813,-32.1767779625443,4.0164891496068975,271.3530928263825,264.340998840332,257.3289048542815,185675400.0,-109432897.65180096,-35292579.7089673,-0.013467367818031595,-1
2018-04-24,267.7300109863281,267.9800109863281,261.2799987792969,262.9800109863281,235.76419067382807,112885500,268.5667980957031,266.1209716091854,265.6107634044829,-0.4245956359364413,-0.8271313650130812,0.4025357290766398,266.4129729684098,44.31632348749251,-0.8183982500876165,-59.697216043034416,-62.55627400680106,4.208808812809313,271.2613261266116,264.2345001220703,257.207674117529,72789900.0,-165032911.57598996,-50205922.93001142,0.0024716475371893143,0
2018-04-25,262.9100036621094,264.1300048828125,260.8500061035156,263.6300048828125,236.34689331054688,103840900,268.53259826660155,265.8837366828642,265.55319242931546,-0.5856679746905797,-0.7788386869485809,0.1931707122580012,265.8062468774655,45.45836969298314,-0.0492890802241102,-84.62235185753728,-57.66909736722548,4.142259774636284,271.2208847211262,264.38600006103513,257.55111540094407,176630800.0,-92850834.33392408,-28775636.67705293,0.01016573465138193,1
2018-04-26,264.7900085449219,267.25,264.2900085449219,266.3099975585937,238.7495880126953,67731900,268.53879821777343,265.9243329567432,265.7364302862258,-0.4914013830573935,-0.7213512261703435,0.2299498431129499,266.00344277434806,50.01077757577678,0.1428965868004744,-5.574180051162053,-43.92602701453935,4.104847900770965,271.2586374444623,264.7100006103516,258.1613637762409,244362700.0,-68138079.71142814,-9529585.22304365,0.0009387555942017567,0
2018-04-27,267.0,267.3399963378906,265.5,266.5599975585937,238.9737243652344,57053600,268.4781982421875,265.9848724426337,265.9126204717727,-0.3920027556176251,-0.6554815320597999,0.2634787764421747,266.22932358488725,50.42645279258943,0.5317758606699381,1.245025175571184,-45.35883770168705,3.9426409771258735,271.4353567558375,264.88050079345703,258.32564483107654,301416300.0,-59456030.71735275,1972595.526533544,-0.00769053050624402,0
2018-04-30,267.260009765625,267.8900146484375,264.42999267578125,264.510009765625,237.1358795166016,82182300,268.30779846191405,265.8444093305376,265.8773356119792,-0.4731908599900407,-0.6190233976458481,0.1458325376558074,265.88080818168726,46.97693508297788,-1.0548673730166511,-37.07981957246528,-64.97598014163685,3.908082764729406,270.8463119960333,265.2325012207031,259.6186904453729,219234000.0,-137837205.44437212,-18440758.44601229,0.0017768749890394453,0
2018-05-01,263.8699951171875,265.1000061035156,262.1099853515625,264.9800109863281,237.55723571777344,74203400,268.1451989746094,265.7620856787081,265.85328892299106,-0.493914310368325,-0.5940015801903435,0.1000872698220185,265.7159355934628,47.857625276420485,-1.928269517007007,-100.22393143532904,-60.47835292399796,3.842356038384817,270.6744051708875,265.443002319336,260.2115994677844,293437400.0,-69589647.50526395,-3400111.322700053,-0.0067174832270223694,0
2018-05-02,264.760009765625,265.67999267578125,262.760009765625,263.20001220703125,235.96145629882807,86368900,267.9811993408203,265.51807868140554,265.63967081705727,-0.6465161833963862,-0.6045045008315522,-0.042011682564834,265.1190415053968,44.82130073142308,-2.6591227678117955,-92.97604862552248,-77.5118639118055,3.7763315167985625,270.68459804031653,265.4250030517578,260.1654080631991,207068500.0,-129929267.1766755,-16136988.18382144,-0.0022037122452240876,0
2018-05-03,262.260009765625,263.3599853515625,259.04998779296875,262.6199951171875,235.44146728515625,136311500,267.83259948730466,265.2420707229086,265.37252720424107,-0.8049775191934714,-0.6445991045039361,-0.1603784146895353,264.4816070447076,43.8451335303593,-2.3318156828723406,-143.30728732891117,-70.85708306760203,3.814526113993634,270.67182591163527,265.2740020751953,259.87617823875536,70757000.0,-40424837.23261263,8598152.462814495,0.012946439569337498,1
2018-05-04,261.5199890136719,266.7900085449219,261.1499938964844,266.0199890136719,238.48956298828125,91222100,267.74499938964846,265.31615817917174,265.4435735793341,-0.6487300210905005,-0.645425287821249,-0.0033047332692515,264.8462865649531,50.63252229423787,-0.2212956641937594,-39.875669627145264,-43.102030851403065,3.945158229897491,270.35151318781726,265.58900146484376,260.82648974187026,161979100.0,25888533.60261452,39035132.314663775,0.003383296185371476,0
2018-05-07,266.8900146484375,268.0199890136719,266.1099853515625,266.9200134277344,239.2964782714844,55304900,267.5891998291016,265.46890629808246,265.5703366234189,-0.4471241360294584,-0.6057650574628909,0.1586409214334324,265.383117787049,52.27691181993601,0.1312998814191148,49.1810214494425,-35.75489277742348,3.805980844143068,270.1830928753633,265.88500213623047,261.58691139709765,217284000.0,17492990.520185262,45266666.51740519,0.0,0
2018-05-08,266.5,267.3299865722656,265.1499938964844,266.9200134277344,239.2964782714844,67499200,267.3696002197266,265.6071069770969,265.66890912737165,-0.284075375528289,-0.5414271210759705,0.2573517455476815,265.8245963084476,52.27691181993601,1.4982136576194318,46.15284628076464,-27.33136458163087,3.6896544959125777,270.28029502355656,265.97350311279297,261.6667112020294,217284000.0,59604160.93203396,57099787.77525988,0.009665766680939214,0
2018-05-09,267.67999267578125,269.8699951171875,267.0899963378906,269.5,241.60940551757807,59666100,267.27100036621096,265.97785869356386,266.0047659737723,0.0527176007206549,-0.4225981767166454,0.4753157774373003,266.8543134626509,57.03478907064157,2.2266035764012524,145.79800393309114,-3.419545903257648,3.636742866783929,270.7019333830868,266.26050262451173,261.8190718659367,276950100.0,103388120.3886452,70680980.13737129,0.009350608585053433,0
2018-05-10,270.3399963378906,272.3900146484375,270.2200012207031,272.0199890136719,243.86868286132807,72063900,267.27840026855466,266.55329967643127,266.55328848702567,0.5170107359012377,-0.2346763941930688,0.7516871300943065,268.345929301837,61.11287536378579,2.1441145685196688,209.74827874553677,-2.773799773978214,3.583332158976622,271.6608748846101,266.56500244140625,261.4691299982024,349014000.0,150875683.6707412,84921058.04459548,0.003051309180819084,0
2018-05-11,272.1600036621094,273.1499938964844,271.5799865722656,272.8500061035156,244.61276245117188,59871500,267.3814001464844,267.1529860028202,267.1518602643694,0.9410934930142504,0.0004775832483949,0.9406159097658552,269.7706991272164,62.379469431793005,2.3596971047913136,185.30810960088772,-2.127572078808904,3.439340551829673,272.68365969020647,266.9500030517578,261.2163464133091,408885500.0,187867393.4052201,94796537.73628543,0.00047647014808260835,0
2018-05-14,273.3399963378906,274.0799865722656,272.3599853515625,272.9800109863281,244.7293701171875,54790600,267.45940063476564,267.7079407631543,267.7261467343285,1.2729981111133384,0.2549816888213836,1.0180164222919548,270.9519041842376,62.58502742159139,3.2021477101029783,154.74280255705943,-7.3185341002999005,3.3163857426575047,273.5411421866113,267.2325042724609,260.9238663583105,463676100.0,172578598.5612677,85354023.09287506,-0.006886969034910928,0
2018-05-15,271.5899963378906,271.6099853515625,270.0299987792969,271.1000061035156,243.04380798339844,87036100,267.43760070800784,268.03099460509344,268.094480242048,1.3685583413528093,0.4776970193276688,0.8908613220251405,271.406350512191,57.67711326361768,2.30960633385409,82.38197130110842,-19.82688430324282,3.290187544109904,273.68368835847525,267.2780044555664,260.8723205526576,376640000.0,203428645.32502487,83547643.51877767,0.0042050317417701155,0
2018-05-16,271.1400146484375,272.760009765625,271.1099853515625,272.239990234375,244.0658569335937,53942600,267.42480041503904,268.4318513316917,268.5670503162202,1.5187702661804678,0.6859116686982287,0.8328585974822391,272.046067787899,59.73886801704104,3.434641948357118,89.05507748397211,-12.242158931011591,3.1736274320638653,274.0026899973884,267.3705032348633,260.73831647233817,430582600.0,223370287.12424067,81558497.58196306,-0.000844771073316597,0
2018-05-17,271.94000244140625,273.2300109863281,271.1300048828125,272.010009765625,243.85964965820312,56536400,267.40940063476563,268.77262832539964,269.0089080810547,1.6008037281117709,0.8688900805809372,0.7319136475308337,272.480594783915,59.11322983728958,3.5755139833307226,77.16892495905768,-13.772301894607752,3.0968677886178746,274.43532190138313,267.52650299072263,260.61768408006213,374046200.0,214216899.93867975,70417905.81404561,-0.0024999932684289794,0
2018-05-18,271.6199951171875,272.0299987792969,270.92999267578125,271.3299865722656,243.25003051757807,64368000,267.35400024414065,269.0161862536726,269.3711446126302,1.592585317013686,1.0136291278674872,0.578956189146199,272.62908450590544,57.20548035047111,1.9960896841931857,55.653067030233295,-18.296741339646665,2.954109769202037,274.85011838976123,267.7625030517578,260.67488771375434,309678200.0,196661016.7926124,53872800.37941742,0.007518551748346924,0
2018-05-21,273.010009765625,273.9800109863281,272.57000732421875,273.3699951171875,245.0789337158203,58025900,267.24400024414064,269.43083471686447,269.90519147600446,1.7307329948991423,1.1570499012738182,0.5736830936253241,273.2489773961629,61.24607509253094,2.416447386849613,82.25757663157552,-4.723829093426845,2.9323717063266463,275.57085413909624,268.1025024414063,260.6341507437163,367704100.0,204478933.9733149,44694339.95189151,-0.0027801506354023786,0
2018-05-22,273.9599914550781,274.25,272.239990234375,272.6099853515625,244.3975982666016,52966400,267.12580017089846,269.7336109677881,270.334475562686,1.7586173424815,1.2773633895153549,0.4812539529661455,273.52806754216766,59.01065354703184,2.131714235571407,69.8323760244545,-10.78956139047611,2.8664389153975893,275.9096007742551,268.584001159668,261.25840154508086,314737700.0,171012249.5569418,26227902.92161295,0.0027511831565258937,0
2018-05-23,271.1700134277344,273.3900146484375,270.989990234375,273.3599853515625,245.06997680664065,64694200,267.0585998535156,270.07897995671897,270.7893312000093,1.8202518901031797,1.3859410896329196,0.4343108004702598,273.91912240014045,60.54121798896785,1.4322765682977736,56.02953576979852,-6.794001784462134,2.833100213593318,276.3073001452465,269.0705001831055,261.8337002209645,379431900.0,234087531.5771849,36358504.51370245,-0.0020485718049536583,0
2018-05-24,272.9100036621094,273.2200012207031,270.7799987792969,272.79998779296875,244.5679168701172,76043800,267.00859985351565,270.3381235601713,271.1445204961868,1.8031252843907737,1.4693779285844906,0.3337473558062831,274.06199561258614,58.77642666989545,0.2867431846185655,41.40099761709288,-15.93418938995067,2.815008886659082,276.6893683843037,269.3949996948242,262.1006310053447,303388100.0,283951507.69345176,53063333.51894191,-0.0023826756802410864,0
2018-05-25,272.1499938964844,272.8599853515625,271.5799865722656,272.1499938964844,243.9852600097656,56374800,266.9515997314453,270.5106826398202,271.4069008963449,1.7173072023108489,1.5189637833297625,0.1983434189810864,273.9787136933178,56.710047367214905,-0.2565556867774724,31.62965530021877,-23.07697467042714,2.7052989672422605,276.9412653105617,269.67449951171875,262.4077337128758,247013300.0,277786206.9853479,53111501.20314848,-0.011501028671722202,-1
2018-05-29,270.3099975585937,271.1700134277344,267.760009765625,269.0199890136719,241.17906188964844,115908600,266.84799926757813,270.36871181828224,271.34456656319753,1.3808133615701763,1.4913336989778454,-0.110520337407669,273.06867891554776,47.96517769756756,-1.4506637164926273,-165.98496272704492,-73.04480881770019,2.82570122722239,276.78140617734323,269.8999984741211,263.018590770899,131104700.0,247532899.5546389,38676835.50935754,0.013344719665824512,1
2018-05-30,270.5,273.1099853515625,270.4200134277344,272.6099853515625,244.3975982666016,69678400,266.89039916992186,270.5821664404994,271.6026605515253,1.387824295504572,1.470631818283191,-0.0828075227786189,273.22920267483187,56.2905287938438,0.5569823733129358,1.3074597570873043,-25.269909340556,2.916055130419613,276.86930086955755,270.2814971923828,263.69369351520805,200783100.0,291308278.26925683,43184198.6338799,-0.006125905138810728,0
2018-05-31,272.1499938964844,272.489990234375,270.260009765625,270.94000244140625,242.90042114257807,93519900,266.89019897460935,270.6162460596334,271.6653753371466,1.2442835210475778,1.4253621588360683,-0.1810786377884905,272.9052099285348,52.113553788277024,-0.4775153686457207,-70.69636043371044,-51.00157995711545,2.875601291621047,276.40062743479524,270.6684967041016,264.936365973408,107263200.0,254822821.3336317,29493274.647678345,0.009817685237101914,0
2018-06-01,272.4100036621094,273.94000244140625,272.3299865722656,273.6000061035156,245.2851104736328,71258400,266.95359924316404,270.9004136828603,271.94456670851935,1.3298369554611895,1.4062571181610928,-0.0764201626999032,273.30942727793285,57.52059703773824,0.5845359658861934,105.5385491786828,-10.015329345822522,2.884490910113471,275.73577017722675,271.21749725341795,266.69922432960914,178521600.0,295985126.62013394,34308332.45833039,0.004751417265966396,0
2018-06-04,274.5299987792969,275.19000244140625,274.260009765625,274.8999938964844,246.4506378173828,45385200,267.1781988525391,271.2813260841578,272.29528067452566,1.4854138923416258,1.4220884729971994,0.0633254193444263,273.9579730075382,59.90344337428333,1.3157437441098754,196.40471558044464,-3.903214411868594,2.791988396587128,275.7767840333457,271.66149749755857,267.54621096177146,223906800.0,313064521.30412686,38593542.3750194,0.0007275817077920799,0
2018-06-05,275.04998779296875,275.5299987792969,274.17999267578125,275.1000061035156,246.62994384765625,51135000,267.51919921875,271.6450098955252,272.62275768461683,1.6063322509444902,1.4589372285866575,0.1473950223578326,274.51959329674713,60.2726834022092,0.6328459659907111,161.88337526585602,-5.53401909609712,2.688949719917004,275.83012404364126,272.0704971313477,268.3108702190541,275041800.0,331625334.53739315,42743792.24470246,0.008360551588295184,0
2018-06-06,275.7900085449219,277.5199890136719,275.0899963378906,277.3999938964844,248.6918487548828,62732200,267.76499938964844,272.19310360990227,273.13032880510605,1.8662378857454769,1.540397360018421,0.3258405257270556,275.5527850746505,64.33940123517752,1.757092110453914,195.93317156533453,-1.229460782014602,2.670446127875654,276.2566956702503,272.59449615478513,268.93229663932,337774000.0,388161995.13066673,58544759.90336871,-0.00010814268189229814,0
2018-06-07,277.95001220703125,278.2799987792969,276.3399963378906,277.3699951171875,248.6649932861328,72969400,268.1003991699219,272.6861408963104,273.58513823009673,2.0462069233722104,1.6415592726891792,0.4046476506830312,276.3647936784373,64.24702281063387,1.466933706653449,171.98095811530047,-8.650233958673581,2.618254134359991,276.9171477067977,272.98799591064454,269.05884411449136,264804600.0,392675376.9271116,61122617.25320387,0.0029563663649787575,0
2018-06-08,276.8500061035156,278.25,276.6600036621094,278.19000244140625,249.400146484375,72139700,268.4675994873047,273.2103181863195,274.0805674235026,2.229303398392119,1.7591080978297673,0.4701953005623518,277.21286179399164,65.69688244902879,1.9758119096867583,142.9519161067126,-0.8554793904600566,2.544784346616665,277.8000851621449,273.29649658203124,268.7929080019176,336944300.0,459370780.2648594,77841858.38985586,0.0013300086773080366,0
2018-06-11,278.44000244140625,279.3699951171875,278.3099975585937,278.5599975585937,249.7318572998047,58892500,268.7757995605469,273.71981145986945,274.58185323079425,2.376865165680272,1.8826595113998683,0.4942056542804034,277.9710473534884,66.35976369258891,2.3553201564823265,137.21670168394002,-6.9767319601725,2.4472711245526,278.62751771665904,273.58199615478514,268.53647459291125,395836800.0,428257825.379152,67705438.81031972,0.0012924176920448005,0
2018-06-12,279.0299987792969,279.3299865722656,278.19000244140625,278.9200134277344,250.0545959472656,72329000,269.2047998046875,274.2150687901423,275.090235828218,2.4941086690349152,2.004949342926878,0.4891593261080373,278.6506910764066,67.02743875820725,3.680033015524125,113.68347277288927,-3.875816168816826,2.3538684867922237,279.4225384651993,273.87899627685545,268.33545408851154,468165800.0,448563386.1608412,63864542.06647241,-0.003190931469921554,0
2018-06-13,279.19000244140625,279.4800109863281,277.79998779296875,278.0299987792969,249.2566680908203,79070600,269.55,274.5783954557761,275.48556939987907,2.486544904334437,2.10126845520839,0.3852764491260472,278.9400346854068,63.66343567197504,1.98819328673696,89.50317643901775,-12.372116518809184,2.305724716692687,279.89578859157706,274.2254959106445,268.55520322971205,389095200.0,391143804.750876,38217531.85295749,0.002517757832265266,0
2018-06-14,279.010009765625,279.3299865722656,278.0599975585937,278.7300109863281,249.88424682617188,77097600,269.8534002685547,274.9737874110668,275.9145708356585,2.5081236134138862,2.182639486849489,0.325484126564397,279.3218701623983,65.14513573403114,2.8751784434661136,82.35904230509497,-6.399316739618943,2.2338697848899134,280.46613589599707,274.5499969482422,268.6338580004873,466192800.0,395395612.8008577,25604100.067608595,-0.005740343846913909,0
2018-06-15,276.6000061035156,277.510009765625,275.3500061035156,277.1300048828125,249.56539916992188,120041600,270.0832000732422,275.17914145599497,276.16028587704614,2.368811589609834,2.219873907401558,0.1489376822082757,279.18325564214325,59.20277253739496,1.290204203417054,26.90014857891381,-20.051244528578984,2.3157541223386024,280.7034145933188,274.8059967041016,268.9085788148843,346151200.0,473199882.4288547,42872318.30363679,-0.002056822841899897,0
2018-06-18,275.489990234375,276.70001220703125,274.95001220703125,276.5599975585937,249.0521850585937,52917600,270.42,275.3106515610044,276.32733357747395,2.187198319003869,2.2133387897220205,-0.0261404707181514,278.8873121203801,57.20095736437947,0.603857293185101,-1.0365464379921645,-31.67042343961587,2.306054946427268,280.78630675567246,275.067497253418,269.3486877511635,293233600.0,517649780.5315298,60182255.31435072,-0.0038327942144601446,0
2018-06-19,274.0,275.75,273.5299987792969,275.5,248.0975646972656,97531500,270.71,275.3286847456706,276.3685243152437,1.935425172755231,2.1577560663286626,-0.2223308935734316,278.3387637246091,53.57319687858066,0.1453994502398752,-51.10670849561122,-43.16714164192492,2.3577747752722327,280.8414944706259,275.1739974975586,269.50650052449134,195702100.0,593214738.5561364,85835874.79798579,0.0017059935415721927,0
2018-06-20,276.2699890136719,276.7200012207031,275.5899963378906,275.9700012207031,248.52072143554688,53785500,270.92640014648435,275.3897625051975,276.4443341936384,1.7536038572859525,2.0769256245201206,-0.3233217672341681,277.98447384571824,54.93786143326072,-0.5154984525035251,-26.65701261803083,-49.09087804961331,2.276491291436018,280.89353119660194,275.3419982910156,269.7904653854293,249487600.0,575603865.649147,82923816.40743208,-0.006268837115178227,0
2018-06-21,275.9599914550781,275.9800109863281,273.67999267578125,274.239990234375,246.9628448486328,71061400,271.13599975585936,275.28026038416675,276.3393810453869,1.4531605957464535,1.9521726187653872,-0.4990120230189336,277.22271250202846,49.20465143201816,-1.1284583545131073,-107.06550909428982,-88.06739498384367,2.2781720605424107,280.8877239743997,275.38599853515626,269.8842730959128,178426200.0,539145851.4811425,62593713.79352844,0.0018232206016806085,0
2018-06-22,275.6600036621094,275.7900085449219,274.489990234375,274.739990234375,247.4131774902344,54898500,271.31219970703125,275.22880608418654,276.2778564453125,1.2410963811984177,1.8099573712519932,-0.5688609900535759,276.7103055388915,50.80264020410967,-1.240163980284629,-89.92720647902155,-79.66405087962251,2.226153383871975,280.86605742964264,275.4829986572266,270.0999398848105,233324700.0,505361861.7748114,37837064.74550539,-0.01361283528904722,-1
2018-06-25,273.44000244140625,273.6199951171875,269.1000061035156,271.0,244.0451812744141,137854200,271.42919982910155,274.8260626475973,275.8509041922433,0.7624588567312003,1.6004576683478349,-0.8379988116166346,275.3069613847501,40.53133122128635,-2.713956643040064,-222.33865636923937,-81.69563581197887,2.4700319346669204,280.9718282109035,275.42549896240234,269.8791697139012,95470500.0,483402695.0647088,17282603.93214476,0.0022140446624192567,0
2018-06-26,271.6400146484375,272.5599975585937,270.7900085449219,271.6000061035156,244.58546447753903,68547400,271.51460021972656,274.51881916720856,275.486571539016,0.4266326921813856,1.3656926731145451,-0.9390599809331596,274.3061470702049,42.53851098608812,-2.624410932102331,-156.64540351301196,-75.91523290957628,2.4200224905757284,280.5959252931822,275.5544998168945,270.51307434060686,164017900.0,477593793.6870987,5454528.258153558,-0.008284241345497101,0
2018-06-27,272.260009765625,273.8699951171875,269.17999267578125,269.3500061035156,242.55926513671875,105110700,271.49780029296875,274.0265512563807,274.89566737583704,-0.0208280657100772,1.0883885253496208,-1.109216591059698,272.9027177032977,37.435844110736646,-3.1219626349282974,-143.98226201963092,-97.59152329095762,2.582183120623565,280.9838895701079,275.39150085449216,269.7991121388764,58907200.0,380103657.0543115,-30899685.106016334,0.005717499573139051,0
2018-06-28,269.2900085449219,271.75,268.489990234375,270.8900146484375,243.94618225097656,76650500,271.50780029296874,273.7278334841956,274.46695440383183,-0.2483156922044713,0.8210476818388024,-1.0693633740432738,272.1594601880849,42.51825929566599,-2.812756441313089,-127.7867285743742,-78.16178451131704,2.630604634585312,280.98938489342,275.3890014648438,269.7886180362676,135557700.0,416313598.9400301,-31441455.87262845,0.001439640111376983,0
2018-06-29,272.1199951171875,273.6600036621094,271.1499938964844,271.2799987792969,244.2973175048828,97592500,271.55559997558595,273.4947063694433,274.07562081473213,-0.3926070849482244,0.578316728481397,-0.9709238134296214,271.6639572689276,43.76411170940441,-2.1109248368791267,-71.26585930908627,-74.61325498929526,2.6405616784492145,281.1079946668059,275.2730010986328,269.4380075304597,233150200.0,328830622.5758632,-56640267.67732942,0.002137962897653445,0
2018-07-02,269.510009765625,272.0400085449219,269.239990234375,271.8599853515625,244.8196258544922,63554800,271.6605999755859,273.3390186534548,273.7505716959635,-0.454915007003251,0.3716703813844674,-0.8265853883877184,271.42346330285187,45.65073860008648,-1.699454819396077,-81.59820710471695,-69.33586211301201,2.651952518000547,281.1423495106808,275.1210006713867,269.0996518320926,296705000.0,384213091.6977256,-44178062.542539,-0.0035311980681403954,0
2018-07-03,272.8699951171875,272.9800109863281,270.4200134277344,270.8999938964844,243.9551239013672,42187100,271.74719970703126,273.10673058136234,273.34857105073473,-0.5751280533829686,0.1823106944309802,-0.7574387478139488,270.9937030341031,43.074831703816216,-1.6696936854866151,-60.87286882206482,-77.76748638110386,2.645383728231696,281.20731106855806,274.9110000610352,268.6146890535123,254517900.0,357845525.5603487,-43453380.34542298,0.008157960520008833,0
2018-07-05,272.1700134277344,273.17999267578125,270.9599914550781,273.1099853515625,245.9452362060547,56925900,271.9497991943359,273.1070405594767,273.1770458403088,-0.4864622835788168,0.0485560988290207,-0.5350183824078376,271.2323627142893,50.06087386469607,-1.0363502759321177,-24.47952207960801,-48.78065284469225,2.6192826692639266,280.93101672049795,274.6964996337891,268.4619825470802,311443800.0,411181130.29332006,-22236192.454709828,0.008458233679000449,0
2018-07-06,273.1400146484375,275.8399963378906,272.7099914550781,275.4200134277344,248.0255584716797,66493700,272.1855993652344,273.32732368978697,273.2459519159226,-0.2271753264184326,-0.0065901862204698,-0.2205851401979627,272.0438801499646,56.1223890724664,0.4302885193187493,57.5057141228608,-15.795699363321846,2.655765597186036,280.7232439997867,274.59900054931643,268.47475709884617,377937500.0,459830629.6108194,3944424.415668965,0.009004358245014332,0
2018-07-09,276.54998779296875,277.9599914550781,276.5,277.8999938964844,250.2588348388672,50550400,272.4173992919922,273.7628160904248,273.5603322347005,0.1763918178828589,0.0300062146001958,0.1463856032826631,273.3648581805271,61.5220650787092,1.150179724259887,144.09890684203432,-0.6335538633573168,2.6474944733866077,280.67595062986214,274.5845001220703,268.4930496142785,428487900.0,506226346.9578648,29058366.43527752,0.003598416775685509,0
2018-07-10,278.4100036621094,279.010009765625,278.0799865722656,278.8999938964844,251.159408569336,51966800,272.66419921875,274.2520711195733,273.9713316417876,0.5703388190547685,0.1380727354911104,0.432266083563658,274.7127536925208,63.473991180028726,2.915126899071725,152.29894842071158,-1.0457762822000505,2.537667383551048,280.73895826009584,274.6014999389648,268.4640416178338,480454700.0,545898458.5903505,49313526.7413376,-0.007314480421534264,0
2018-07-11,277.1499938964844,278.0400085449219,276.5199890136719,276.8599853515625,249.32229614257807,77054700,272.91119873046875,274.5004439035723,274.1864254906064,0.7097514423830944,0.2524084768695072,0.4573429655135871,275.2868581518245,57.10932918705732,1.936663891694511,102.32957901282836,-20.43745648642377,2.526405091761178,280.4074914280374,274.4984985351563,268.5895056422751,403400000.0,503314783.8352911,39567329.7407217,0.00906598966418981,0
2018-07-12,278.2799987792969,279.42999267578125,277.6000061035156,279.3699951171875,251.5826416015625,60124700,273.1989984130859,274.9642106858214,274.650377546038,1.0111182203980889,0.4041504255752236,0.6069677948228652,276.40273623170174,62.13961509932943,3.720062664420742,122.8296879866896,-0.5484236307541246,2.5295197127400093,280.6605978673286,274.5654983520508,268.470398836773,463524700.0,559497012.0534183,49859382.69708097,0.0007874905127547294,0
2018-07-13,279.1700134277344,279.92999267578125,278.6600036621094,279.5899963378906,251.7808074951172,48216000,273.5267980957031,275.40476170030416,275.128901163737,1.253259033082486,0.5739721470766761,0.6792868860058099,277.3640065896841,62.5541564072345,3.211628786223076,114.63810745902492,-2.971995326329946,2.4395485185956485,280.8313044830003,274.6084976196289,268.3856907562576,511740700.0,581896625.8465217,56664246.68638992,-0.0008941664697397211,0
2018-07-16,279.6400146484375,279.79998779296875,278.8399963378906,279.3399963378906,251.55563354492188,48201000,273.8611981201172,275.7795459515029,275.5795200892857,1.4087453218456858,0.7409267820304781,0.6678185398152077,278.07189946197184,61.72705652697703,2.971099083921428,95.42707515639442,-5.157309545277511,2.333860727482371,281.1904963143044,274.7189971923828,268.24749807046123,463539700.0,583905447.7621526,54935930.138227046,0.004045267049569423,0
2018-07-17,278.4700012207031,280.9100036621094,278.4100036621094,280.4700012207031,252.57321166992188,52315500,274.1501983642578,276.226255977141,276.12723475864954,1.604653825666901,0.9136721907577628,0.6909816349091382,278.92674596899496,64.04140872432401,3.1670772945883776,91.14769374126438,-3.542688934809901,2.3457283547059324,281.8184362943758,274.9144973754883,268.0105584566008,515855200.0,617805789.5834416,60021188.48091352,0.002103598728287137,0
2018-07-18,280.5599975585937,281.17999267578125,280.0599975585937,281.0599975585937,253.10455322265625,44593500,274.432998046875,276.68661231823177,276.7125204903739,1.7869219758352983,1.08832214777327,0.6985998280620285,279.7587156672984,65.22383205486055,3.750462861210559,94.26901341168106,-0.9455878179820076,2.2581723063431527,282.59790802545905,275.192497253418,267.7870864813769,560448700.0,652843886.7496479,67793535.22117698,-0.0037714280502429975,0
2018-07-19,280.3099975585937,280.739990234375,279.4599914550781,280.0,252.1499938964844,61412100,274.6945977783203,277.00217304982874,277.17037789481026,1.8248026645883897,1.235618251136294,0.5891844134520958,280.14074552883574,61.32235228750511,2.522798512682825,73.52551751948864,-9.882683706070283,2.2111586027236885,283.08679992278616,275.3939971923828,267.70119446197947,499036600.0,643249115.4814982,61757201.19131196,-0.0011428833007812722,0
2018-07-20,279.7699890136719,280.4800109863281,279.5,279.67999267578125,251.86183166503903,82337700,274.898197631836,277.2572034903956,277.5785679408482,1.808158145131472,1.3501262299353296,0.4580319151961423,280.34459536307673,60.1525384765796,1.5467210225681811,64.41498723964291,-12.562811501597448,2.1232163051838704,283.55845463953216,275.66599731445314,267.7735399893741,416698900.0,591156347.7270063,37098529.23981869,0.0018593376175206622,0
2018-07-23,279.45001220703125,280.42999267578125,279.0599975585937,280.20001220703125,252.3301696777344,47047600,275.0617980957031,277.53747098721806,278.0103788829985,1.8159948159115515,1.443299947130574,0.3726948687809774,280.62043100756665,61.43984259043353,0.8276424473055636,59.3764849952145,-9.10764273944008,2.0694129840067035,284.05889524836215,275.9389984130859,267.8191015778097,463746500.0,622408228.507545,33582077.3953048,0.005032023851196277,0
2018-07-24,281.7900085449219,282.5599975585937,280.6300048828125,281.6099853515625,253.599838256836,68026900,275.23699768066405,277.925329498108,278.5504728771392,1.9139160502356845,1.5374231677515962,0.3764928824840883,281.1862659284275,64.76372993415256,0.97167139275161,112.01715561789769,-8.1897560962772,2.090168800684,284.6156798680637,276.46949768066406,268.3233154932644,531773400.0,623464526.7871693,29426707.69376552,0.00852251176770702,0
2018-07-25,281.3299865722656,284.3699951171875,281.2799987792969,284.010009765625,255.76109313964844,78882900,275.45759765625,278.50482285691913,279.26861688523064,2.160278895910721,1.6619943133834214,0.4982845825273001,282.24554805393274,69.57182365409183,2.58254164283916,180.62371326304412,-3.0873519596937737,2.1615871223835126,285.5427889518114,277.08999786376955,268.6372067757277,610656300.0,683967671.3547378,44302629.02429247,-0.0023591190616389923,0
2018-07-26,283.20001220703125,284.1099853515625,283.0899963378906,283.3399963378906,255.15782165527344,57919500,275.7023974609375,278.9653155693926,279.8638548351469,2.275231291923376,1.7846417090914124,0.4905895828319635,282.90971673104724,66.83019728855632,1.421054977302708,177.73153227751146,-13.08766732329264,2.0800422066598854,285.8717916417252,277.7894973754883,269.70720310925134,552736800.0,654440388.9294617,36965677.06743908,-0.006776250917525317,0
2018-07-27,283.7099914550781,283.82000732421875,280.3800048828125,281.4200134277344,253.42874145507807,76768700,275.8859979248047,279.1990963178061,280.2096182686942,2.186204118850412,1.8649541910432124,0.3212499278071998,282.9234227605882,59.58410530266944,0.6545359683155954,77.57784601703503,-37.57935536039872,2.177184650033671,285.8876701047999,278.3159973144531,270.74432452410633,475968100.0,624090321.0917726,20946840.8578763,-0.005223513433882387,0
2018-07-30,281.510009765625,281.69000244140625,279.3599853515625,279.95001220703125,252.10494995117188,63742500,276.0447979736328,279.27061211677994,280.36523873465404,1.9742744229810685,1.886818237430784,0.0874561855502846,282.5215100506766,54.69443831753927,0.2183775603701045,-4.0353541598029885,-56.30547100054815,2.188101506100265,285.62055928466395,278.74949798583987,271.8784366870158,412225600.0,592630663.1349945,2479531.162455201,0.004929359903774078,0
2018-07-31,280.8099975585937,282.0199890136719,280.3800048828125,281.3299865722656,253.34767150878903,68570500,276.2447979736328,279.4667430173024,280.6109995524088,1.895817209791744,1.888618031902976,0.0071991778887681,282.5215271056088,58.16519829884148,0.3066229357220181,31.50459266325234,-44.904187270948746,2.1796638458306044,285.3998404070425,279.222998046875,273.04615568670744,480796100.0,603500833.5791785,-1841998.6772907968,-0.0016706403267907621,0
2018-08-01,281.5599975585937,282.1300048828125,280.1300048828125,280.8599853515625,252.9245147705078,53853300,276.3945977783203,279.59943276342244,280.7669031052362,1.7752501538205363,1.865944456286488,-0.0906943024659516,282.3735398954084,56.575502122023934,-0.0711635269225731,11.265316202288584,-58.89286573782495,2.1668304573141075,284.6039099794985,279.7209976196289,274.8380852597593,426942800.0,588959390.7569128,-8069265.539063096,0.0054476585369034325,0
2018-08-02,279.3900146484375,282.5799865722656,279.1600036621094,282.3900146484375,254.30226135253903,63426400,276.5901983642578,279.8652024667572,281.021095203218,1.78261163332229,1.8492778916936483,-0.0666662583713586,282.6251648551516,60.3724416073568,0.85357666015625,25.37843499526657,-33.221196434149014,2.256343009202651,284.14293761544684,280.1849990844727,276.2270605534985,490369200.0,645339419.1544642,8055885.738438487,0.004284823797982007,0
2018-08-03,282.5299987792969,283.6600036621094,282.3299865722656,283.6000061035156,255.39193725585932,53935400,276.79499877929686,280.2208980512104,281.3463339669364,1.864588046632548,1.8523399226814288,0.0122481239511194,283.12212306179674,63.11888205897962,1.4016066684750834,126.04597289802086,-12.919297275431774,2.1901757310412524,284.16997292670504,280.59399871826173,277.0180245098184,544304600.0,694408727.8140026,29533147.131047845,0.003667166863678739,0
2018-08-06,283.6400146484375,284.989990234375,283.20001220703125,284.6400146484375,256.32843017578125,39400900,277.03179931640625,280.64176629856536,281.7316688174293,1.990529359258176,1.8799778099967777,0.1105515492613977,283.7752782991369,65.3422557032656,1.5845832433888931,154.14760549209774,-5.901787827948524,2.161589723019413,284.6934230876471,280.9309997558594,277.16857642407166,583705500.0,718402340.2905601,43268799.20410657,0.0033023182808260554,0
2018-08-07,285.3900146484375,286.010009765625,285.239990234375,285.5799865722656,257.1750183105469,43196600,277.3003991699219,281.1120729912987,282.1744294666109,2.141500747868463,1.932282397571115,0.2092183502973479,284.5287772079007,67.26316861378768,1.409751580984235,169.22002137163807,-6.187373209565328,2.105046410401304,285.4131586235446,281.26499938964844,277.1168401557523,626902100.0,713352008.5689368,43347478.667649865,-0.00042018041469837897,0
2018-08-08,285.3900146484375,285.9100036621094,284.94000244140625,285.4599914550781,257.06695556640625,42114600,277.62919921875,281.5261604640396,282.5739525204613,2.2258063478545296,1.990987187627798,0.2348191602267315,285.087333207286,66.75451585010649,0.510538938627445,128.37801220926022,-7.913918625789218,2.023970634546292,285.7082759039346,281.6949996948242,277.68172348571386,584787500.0,716390195.6949396,40405681.74576843,-0.00136616038160553,0
2018-08-09,285.5299987792969,285.9700012207031,284.9200134277344,285.07000732421875,256.7156982421875,35717000,277.87839965820314,281.86366968881856,282.8953818184989,2.235382584152717,2.039866266932782,0.1955163172199348,285.41451205260626,65.03325140349318,0.6105777541780724,104.96462479846352,-13.525191228516864,1.9543995395926688,286.1004967050647,281.9800003051758,277.8595039052869,549070500.0,690877756.2367055,27411381.200490832,-0.006700121419427552,0
2018-08-10,283.45001220703125,284.0599975585937,282.3599853515625,283.1600036621094,254.99566650390625,77076000,278.1227996826172,281.9871300672272,283.0077630905878,2.065045923487048,2.0449021982436357,0.0201437252434129,285.1575089182268,57.247580655982205,0.618289443306352,11.345281756203752,-41.605891446621015,2.0083732131031446,286.1568877024651,282.1585006713867,278.16011364030834,471994500.0,686345013.3364792,18161350.854578733,-0.0037434579209096874,0
2018-08-13,283.4700012207031,284.1600036621094,281.7699890136719,282.1000061035156,254.0411834716797,65732900,278.2927996826172,281.99788016592134,283.002192179362,1.8234997781376023,2.000621714222429,-0.1771219360848266,284.6444559291113,53.42496888791974,0.7679920709895849,-16.81234427135197,-57.080294572331056,2.035633616990802,286.0810504457177,282.296501159668,278.5119518736182,406261600.0,638765123.7200534,-2412840.151664257,0.006380672648083063,0
2018-08-14,282.9200134277344,284.1700134277344,282.4800109863281,283.8999938964844,255.6620330810547,43842000,278.4727996826172,282.1790338545464,283.15490577334447,1.757062368221625,1.9519098450222685,-0.1948474768006431,284.66741463892873,58.49335886260738,0.9135205797049256,22.733276401086265,-30.803123927987485,2.038088906997228,286.2166248326183,282.468000793457,278.7193767542957,450103600.0,668597444.208334,-1118103.575977564,-0.007467401066449053,0
2018-08-15,282.3800048828125,282.5400085449219,280.1600036621094,281.7799987792969,253.7529144287109,102925400,278.6063995361328,282.14103051404646,283.089381771996,1.515870344059067,1.864701944829628,-0.3488316007705609,284.11526750601547,51.39887985249134,0.3275701330621239,-63.958269176507656,-61.751930179407566,2.1596544463012344,286.211449155119,282.5040008544922,278.7965525538653,347178200.0,705788265.5141759,11346650.309205532,0.008091414540329467,0
2018-08-16,283.3999938964844,285.0400085449219,283.3599853515625,284.0599975585937,255.80621337890625,69967900,278.739599609375,282.3237892801938,283.2375719342913,1.4915076027467649,1.7900630764130554,-0.2985554736662905,284.23642132223955,57.38518670749145,0.5913746320794113,49.89488425642228,-28.467306124450065,2.238251950510685,286.2861847445731,282.7070007324219,279.12781672027063,417146100.0,694127160.675022,11704002.603485584,0.003520383047928899,0
2018-08-17,283.8299865722656,285.5599975585937,283.3699951171875,285.0599975585937,256.7067565917969,65618500,278.8933996582031,282.5843805448033,283.4616668701172,1.5351948270434832,1.739089426539141,-0.2038945994956578,284.57911602642804,59.72814419242221,0.5148065668747422,64.29692396608279,-13.868778986105324,2.234805528677012,286.41051359486084,282.9760009765625,279.54148835826413,482764600.0,729782908.6892889,22131202.67355001,0.0021399560596546685,0
2018-08-20,285.57000732421875,285.9700012207031,285.0599975585937,285.6700134277344,257.2560729980469,39807500,279.0429998779297,282.8782503431777,283.7182394845145,1.6005898461584709,1.711389510463007,-0.1107996643045363,285.0019077147752,61.131997895647785,0.3618601483593371,95.0121512273902,-4.963445765634122,2.1401761017154164,286.62692397223407,283.24950103759767,279.87207810296127,522572100.0,743344878.9934565,28700120.283216,0.0023453035973821645,0
2018-08-21,286.25,287.3099975585937,285.7099914550781,286.3399963378906,257.859375,67272000,279.19859985351565,283.2079404379122,284.0125723702567,1.6870308500227793,1.7065177783749617,-0.0194869283521823,285.50492354730045,62.671117849948665,0.2661285108761221,124.49056951110704,-11.901864382027329,2.104447850597872,287.0294300881508,283.4860015869141,279.9425730856774,589844100.0,729049787.4982911,24229864.712961797,-0.000593640121290151,0
2018-08-22,285.8800048828125,286.760009765625,285.5799865722656,286.1700134277344,257.70635986328125,44993300,279.3435998535156,283.4900426274191,284.2681925455729,1.7219699701885816,1.7096082167376858,0.0123617534508957,285.8544726178319,62.00030664647463,0.2487290667378807,98.33816903805874,-15.943847608315489,2.0384170834154283,287.3216144622443,283.5940017700196,279.86638907779474,544850800.0,729050951.1080877,20198779.06343293,-0.001327899028485957,0
2018-08-23,285.9700012207031,286.94000244140625,285.42999267578125,285.7900085449219,257.3640441894531,49204900,279.4988000488281,283.70908700051456,284.47733604794456,1.6994065555051066,1.70756788449117,-0.0081613289860633,286.0229195914189,60.44274359675383,0.2525699660449532,80.31378093623492,-21.258605750967185,2.000673472938509,287.5618445217498,283.7165023803711,279.8711602389924,495645900.0,703308872.664272,8522784.605281115,0.006018409214025189,0
2018-08-24,286.44000244140625,287.6700134277344,286.3800048828125,287.510009765625,258.9130249023437,57487400,279.67440002441407,284.0710796448108,284.8386224655878,1.7995702846210406,1.7259683645171442,0.0736019201038964,286.5877316930939,64.7582655851669,1.536236066978733,119.62264109350008,-2.1305386690939843,1.992054239023156,288.0507841994076,284.0210021972656,279.9912201951236,553133300.0,746535600.42089,16725401.649026511,0.007895339071924301,0
2018-08-27,288.8599853515625,289.8999938964844,288.67999267578125,289.7799987792969,260.95721435546875,57072400,279.9273999023437,284.6147862290475,285.38709833054315,2.038619961974973,1.78849868400871,0.2501212779662631,287.61898823369955,69.48913891181591,2.722436196248469,186.98299193930404,-1.2319839578894598,2.020477952484678,288.8242845736368,284.5125015258789,280.2007184781211,610205700.0,792381111.1195416,33147734.602945566,0.0004831756816456867,0
2018-08-28,290.29998779296875,290.4200134277344,289.3999938964844,289.9200134277344,261.0832824707031,46943500,280.19460021972657,285.1200459622558,285.9020994640532,2.213846718615059,1.87356829092998,0.3402784276850792,288.4766968776786,69.75879949880343,2.1204718776588,162.84816951152877,-4.873289708506845,1.9490162870588932,289.5977674830743,284.9420028686524,280.28623825423045,657149200.0,793302453.149221,37145685.58417904,0.005380786031808693,0
2018-08-29,290.1600036621094,291.739990234375,289.8900146484375,291.4800109863281,262.4881896972656,61485500,280.51420043945313,285.72575691692936,286.52476690383185,2.450347866313564,1.9889242060066967,0.4614236603068671,289.5571249554862,72.65830280291368,3.442406220829303,156.93658027186947,-2.2450738299604978,1.941941919125668,290.5489110966878,285.47300415039064,280.3970972040935,718634700.0,837506693.6803988,49469316.10149658,-0.004048384619467882,0
2018-08-30,290.94000244140625,291.3599853515625,289.6300048828125,290.29998779296875,261.42547607421875,61229500,280.8008001708984,286.1613979527427,286.98447963169644,2.5135836917773418,2.093856103160826,0.4197275886165159,290.1057167560181,67.39449175762418,2.196715584033588,116.15249321711144,-12.435268663049182,1.935375047451185,291.15037216792035,285.8685028076172,280.586633447314,657405200.0,823702837.3086799,45621454.64017081,3.4480764883992876e-05,0
2018-08-31,289.8399963378906,290.8099975585937,289.2900085449219,290.3099975585937,261.4344482421875,66140800,281.1222003173828,286.55650267710945,287.40747913178944,2.5352811011019867,2.1821411027490583,0.3531399983529284,290.52518591011705,67.41605612587514,1.8417175489243696,90.02297143543865,-12.348828445157068,1.90570450024216,291.7143620556849,286.20400238037104,280.6936427050572,723546000.0,846329638.5856048,47099361.29954362,-0.001722296869569817,0
2018-09-04,289.8399963378906,290.2099914550781,288.67999267578125,289.8099975585937,260.9842529296875,57594400,281.4236004638672,286.8663593324889,287.7509072440011,2.48350236366565,2.242413354932377,0.2410890087332733,290.7061225502967,65.09995646762442,1.4492190066377426,63.17239460927336,-16.666622743792214,1.8860115987952129,292.13772885510167,286.46250152587885,280.787274196656,665951600.0,873809755.1189604,52165872.80266893,-0.0026914143261711487,0
2018-09-05,289.4100036621094,289.6400146484375,287.8900146484375,289.0299987792969,260.2817687988281,72452400,281.7842004394531,287.0724202321849,287.9954307919457,2.3524108307028087,2.264412850086463,0.0879979806163455,290.61964512851125,61.54762253978956,0.939443485300586,32.73503563467796,-32.33878133694591,1.888438129231049,292.40144135785266,286.6350021362304,280.86856291460816,593499200.0,895751167.9677327,56477543.16013241,-0.0030100512779360766,0
2018-09-06,289.1499938964844,289.489990234375,287.0,288.1600036621094,259.4983215332031,65909900,282.115400390625,287.17599960646345,288.1406690325056,2.153494368683255,2.242229153805821,-0.0887347851225666,290.29272364390323,57.76162715684957,0.6953874064368124,3.517393476928822,-42.771668586929565,1.9314062715027955,292.54649965631063,286.770002746582,280.9935058368534,527589300.0,891251729.9958727,51675446.84621823,-0.0019433563002393406,0
2018-09-07,286.9800109863281,288.70001220703125,286.7099914550781,287.6000061035156,258.9939880371094,73524800,282.480400390625,287.2163811776113,288.2197169712612,1.928434721473252,2.179470267339308,-0.2510355458660553,289.8524430373536,55.39936763830846,0.63333129377378,-28.16866184677262,-61.9758782950335,1.9355930322994477,292.6291889526615,286.8965026855468,281.16381641843213,454064500.0,883493228.1203648,42544570.7713902,0.0017385256932853643,0
2018-09-10,288.739990234375,289.0400085449219,287.8800048828125,288.1000061035156,259.4443054199219,50210900,282.82460021972656,287.3005359324593,288.33433634440104,1.7700155138702485,2.097579316645496,-0.3275638027752472,289.59813707956675,57.086879517666304,0.2052089728533568,-9.395273690316872,-57.68598318872542,1.9001936086489657,292.63140356300056,287.14350280761715,281.65560205223375,504275400.0,852327887.4637128,25025279.3708086,0.003297402531507787,0
2018-09-11,287.3699951171875,289.54998779296875,286.9800109863281,289.04998779296875,260.2998046875,50530500,283.18,287.467150395365,288.51590634300595,1.701508799221756,2.018365213160748,-0.316856413938992,289.6162085423781,60.17036601811611,-0.2519190383750806,-8.436864647238943,-42.63080003482197,1.9480353857841568,292.5182871878651,287.4910018920898,282.4637165963145,554805900.0,883196536.870574,25405114.120862007,0.0002421979836542132,0
2018-09-12,289.0599975585937,289.79998779296875,288.2300109863281,289.1199951171875,260.36285400390625,59810800,283.5252001953125,287.6245641783957,288.67104855492,1.6340296634750189,1.9414981032236025,-0.3074684397485834,289.63103406523487,60.39620643717329,-0.2759444927889699,10.2515899492841,-41.52133329464225,1.9210311385926937,292.5429068173714,287.75200195312493,282.9610970888785,614616700.0,891196500.2256134,25796388.12059081,0.005914469714849879,0
2018-09-13,290.32000732421875,291.0400085449219,290.0,290.8299865722656,261.9028015136719,51034200,283.9238000488281,287.9298425016214,288.9641899472191,1.6989495488253397,1.8929883923439497,-0.19403884351861,290.06977844930697,65.53652017806436,-0.223008230260081,98.7401065940244,-16.977726661959956,1.920958444802561,292.31492469192165,288.20450134277337,284.0940779936251,665650900.0,921618747.7387446,33291134.59096777,0.00017198470878598826,0
2018-09-14,291.0599975585937,291.2699890136719,290.0,290.8800048828125,261.9479064941406,55079900,284.2792004394531,288.2108103474492,289.2189998081752,1.734441523102646,1.861279018495689,-0.1268374953930431,290.42500053013475,65.6768531424673,0.1997992126191189,94.74814717513564,-17.097128434745144,1.8744605348076788,292.3437561271791,288.5455017089843,284.7472472907895,720730800.0,942871131.59793,40092822.59395683,-0.005294308715177221,0
2018-09-17,290.82000732421875,290.8599853515625,289.0299987792969,289.3399963378906,260.5610046386719,68244000,284.55760009765623,288.3183518703484,289.2946659633092,1.619633225598477,1.8129498599162468,-0.1933166343177697,290.2985778598819,57.86434616364991,-0.3341260131791677,19.05693215674505,-47.71360793093197,1.872713786454345,292.21493928107515,288.7595016479492,285.30406401482327,652486800.0,897748037.1928604,24873181.048661232,0.005426167637001322,0
2018-09-18,289.5799865722656,291.5799865722656,289.54998779296875,290.9100036621094,261.9748229980469,61930400,284.81780029296874,288.5651758505161,289.49947567894344,1.636469095575933,1.7776537070481842,-0.1411846114722512,290.5852187736282,62.73158082716079,0.3795611306657159,80.50076389604865,-16.50073108728758,1.8989478639273176,292.28974511474115,289.021501159668,285.75325720459483,714417200.0,918799289.8334593,23083891.61589813,0.0010656132642101745,0
2018-09-19,290.9700012207031,291.69000244140625,290.8299865722656,291.2200012207031,262.25396728515625,49080600,285.06420043945315,288.81801636196246,289.7088566371373,1.6557395215078827,1.753270869940124,-0.0975313484322413,290.8839677121666,63.62504329073438,0.757707660331319,117.92156575506152,-9.437754695590892,1.8247383162698452,292.42332675603143,289.26550140380857,286.1076760515857,763497800.0,914234503.1828792,18800941.8576833,0.008103788687831015,0
2018-09-20,292.6400146484375,293.94000244140625,291.239990234375,293.5799865722656,264.3792419433594,100360600,285.3986004638672,289.27153733437234,290.1197599865141,1.8402295468326884,1.7706626053186372,0.0695669415140511,291.7239608536165,69.60011357478973,1.8808935456954023,187.62891716855216,-4.979465035688202,1.888685762172778,292.9870194920261,289.63600006103513,286.2849806300442,863858400.0,987831217.7883,38756785.98034906,-0.005415888039422723,0
2018-09-21,293.0899963378906,293.2200012207031,291.8099975585937,291.989990234375,264.1377258300781,105479700,285.6510003662109,289.53043761056307,290.3439495268322,1.8369644223770365,1.783922968730317,0.0530414536467194,291.9806589229399,62.1883574741361,1.5264200409228406,124.52852449202234,-26.97108221161355,1.8802074112262448,292.94514190573403,289.9459991455078,286.9468563852816,758378700.0,909281339.2544416,18404053.04427123,-0.0033220358681629314,0
2018-09-24,291.3399963378906,291.5,290.3699951171875,291.0199890136719,263.2602844238281,53409600,285.87960021972657,289.6722996489544,290.4462342761812,1.7360931941875606,1.7743570138217657,-0.0382638196342051,291.91910433511595,58.12193868563364,1.0135310129452364,47.482601698800494,-40.387399593943776,1.861620794839514,292.9349550115439,290.12149810791016,287.30804120427644,704969100.0,917315569.3505852,10961185.23335135,-0.0009277335711094237,0
2018-09-25,291.5299987792969,291.6499938964844,290.4800109863281,290.75,263.0158996582031,44370000,286.1078002929688,289.7749377776254,290.5060915992374,1.6157409066899504,1.7426337923954027,-0.1268928857054523,291.7794748113224,57.00463386523264,0.588137788903447,40.97591093085709,-44.12168179880378,1.8122180296659325,292.99166598998767,290.1699981689453,287.34833034790296,660599100.0,893423496.7333385,-682118.8159990311,-0.0029922445990971935,0
2018-09-26,290.9100036621094,292.239990234375,289.4100036621094,289.8800048828125,262.2289428710937,79739700,286.29600036621093,289.7849441685956,290.47847319103425,1.433633482274388,1.6808337303711998,-0.2472002480968118,291.42218722851106,53.43970368851924,0.262870011919082,11.582458211439876,-56.154790999227565,1.884915863498291,292.99042826033065,290.1679977416992,287.34556722306775,580859400.0,840169969.2867984,-22327582.04045081,0.0027942512244720774,0
2018-09-27,290.4100036621094,291.9100036621094,290.1000061035156,290.69000244140625,262.96173095703125,59249500,286.4886004638672,289.87114019457755,290.52818792433965,1.339234211611256,1.6125138266192112,-0.2732796150079553,291.32503238984697,56.18694008211556,-0.0481326332642771,25.98892158180212,-46.6954596277377,1.895278939606412,292.89799093747854,290.1284973144531,287.3590036914277,640108900.0,819547027.4894624,-35714609.20047426,0.00010319852435558552,0
2018-09-28,289.989990234375,291.2799987792969,289.95001220703125,290.7200012207031,262.9888916015625,70091400,286.70300048828125,289.95198410182763,290.5845216296968,1.252405805746605,1.54049222244469,-0.288086416698085,291.2408028454707,56.28980507377059,-0.0550067586026877,-4.741208564473313,-46.2644421546489,1.8549008746768056,292.9302217032489,290.14949798583984,287.3687742684308,710200300.0,830613752.0575081,-34423107.11242604,0.0034741667631537076,0
2018-10-01,292.1099853515625,292.92999267578125,290.9800109863281,291.7300109863281,263.9024658203125,62078900,286.9440008544922,290.1213199955896,290.73504667736233,1.250676001193142,1.4825289781943805,-0.2318529770012385,291.42278995740224,59.718845407639954,0.8260229068526171,93.96827970821464,-38.703936292456106,1.880264510130508,293.08523464114967,290.2204986572266,287.3557626733035,772279200.0,816288300.4635366,-35323490.20972216,-0.0005827766130732659,0
2018-10-02,291.5599975585937,292.3599853515625,291.1400146484375,291.5599975585937,263.7487487792969,47258200,287.17120056152345,290.258336906352,290.8626180013021,1.2215056985334627,1.4303243222621969,-0.2088186237287341,291.5172525525076,58.88148782102749,0.2234347008703362,58.72907117600226,-48.47256838480827,1.833100627805306,293.2236866529732,290.30799865722656,287.39231066147994,725021000.0,801567990.6176246,-37164337.31779504,0.0005487846873688529,0
2018-10-03,292.739990234375,293.2099914550781,291.32000732421875,291.7200012207031,263.8935241699219,64694600,287.37340087890624,290.39754303152824,290.9970944359189,1.1974950048398227,1.383758458777722,-0.1862634539378993,291.6257844713954,59.45764360565861,0.1716915039846701,83.39864366983983,-45.21384042612701,1.8371637382835404,293.3581408813816,290.4424987792969,287.5268566772122,789715600.0,764257160.3678305,-46410462.8216871,-0.007815709480859079,0
2018-10-04,291.17999267578125,291.239990234375,287.6600036621094,289.44000244140625,261.8309020996094,111545900,287.48200073242185,290.30634868961187,290.90161859421505,0.9831562965622992,1.3036380263346377,-0.3204817297723383,291.11327294929,48.93526639161307,-1.4101724641370623,-149.54736368241134,-71.65606488388254,1.9959376957023875,293.2712098945329,290.5064987182617,287.7417875419905,678169700.0,763634338.8920699,-46172006.19541335,-0.005596998008302045,0
2018-10-05,289.69000244140625,290.2699890136719,286.2200012207031,287.82000732421875,260.36553955078125,105951700,287.57160095214846,290.0695542738601,290.64576227097285,0.674792669086969,1.177868954885104,-0.503076285798135,290.26549295486564,43.098975919835375,-1.4281252952572383,-227.4241552401355,-79.27453561503583,2.1426556568492185,293.23725083067336,290.5174987792969,287.7977467279204,572218000.0,741398134.0212991,-48952156.74396348,0.0,0
2018-10-08,287.04998779296875,288.2200012207031,285.5,287.82000732421875,260.36553955078125,87742200,287.6996008300781,289.85531170722766,290.3888583228702,0.4255072895085163,1.0273966218097863,-0.6018893323012702,289.5677847848481,43.098975919835375,-1.099574534484225,-209.99789136677956,-72.51176951280364,2.1838946510276167,293.2752681471747,290.50349884033204,287.7317295334894,572218000.0,803334209.9673997,-25932361.736068964,-0.0014592919777853819,0
2018-10-09,287.3900146484375,288.8599853515625,286.7699890136719,287.3999938964844,259.98553466796875,74339000,287.8486004638672,289.62147191572825,290.0932864234561,0.1918438008512453,0.8602860576180783,-0.668442256766833,288.8885570487605,41.60687275173342,-1.1521947045625538,-136.99629030442617,-77.48823048719636,2.177187624835072,293.4474310390264,290.42099914550784,287.39456725198926,497879000.0,773812449.2460738,-23550972.940891385,-0.031663209104984436,-1
2018-10-10,286.8299865722656,286.9100036621094,277.8800048828125,278.29998779296875,251.75357055664065,214731000,287.7880004882812,288.5432353326083,288.938904389881,-0.7193385509510222,0.5443611359042582,-1.2636996868552803,285.97703052859504,23.015404112041008,-3.994762279145508,-270.23486624014856,-97.26217072738883,2.701673716116044,295.96554110241635,289.8799987792969,283.79445645617744,283148000.0,579055615.9065447,-82403854.22899699,-0.022026498864939015,-1
2018-10-11,277.0799865722656,278.8999938964844,270.3599853515625,272.1700134277344,246.2083740234375,274840500,287.6142010498047,286.98388086547743,287.2522391183036,-1.9140310716585984,0.0526826943916868,-1.9667137660502851,282.0181852903436,17.38122486105536,-6.371044362767484,-283.3690509627041,-92.07865386130732,3.1186978375581726,298.7500659822022,288.94700012207034,279.14393426193845,8307500.0,420718283.0526537,-149368833.91591477,0.013888373416642175,1
2018-10-12,276.7699890136719,277.0899963378906,272.3699951171875,275.95001220703125,249.62774658203125,183186500,287.48540100097654,285.9330362313397,286.0144307454427,-2.526693046267269,-0.4631924537401044,-2.063500592527165,279.7901493121012,28.9341210643012,-5.080486018042867,-177.76675091002275,-75.53599403805548,3.247361115788138,299.4658496145541,288.20050048828125,276.9351513620084,191494000.0,515417643.6545998,-133052998.69486052,-0.005617025700234368,0
2018-10-15,275.54998779296875,277.0400085449219,274.29998779296875,274.3999938964844,248.2255859375,102263700,287.301400756836,284.83465124706777,284.7000967843192,-3.1015528283972458,-0.9908645286715329,-2.1106882997257133,277.611362310269,27.25133190733563,-5.9404299993859455,-129.28884705826906,-82.319442162861,3.211122503003814,300.2013300045107,287.45350036621096,274.70567072791124,89230300.0,420618846.3644065,-144445865.36086702,0.021865889699193897,1
2018-10-16,276.6000061035156,280.82000732421875,276.07000732421875,280.3999938964844,253.6532440185547,118255800,287.2166003417969,284.4123029279646,284.0283342633929,-3.037963736580025,-1.4002843702532313,-1.6376793663267937,277.44052706040355,41.447311247990086,-3.82768684166508,-68.57445287884403,-56.06124348747044,3.4403290878832213,299.9265946147141,286.92799987792966,273.92940514114525,207486100.0,517961373.1402084,-105002519.08094478,0.00017838199584740977,0
2018-10-17,280.44000244140625,281.1499938964844,277.5599975585937,280.45001220703125,253.698486328125,110626000,287.1140008544922,284.03494190692334,283.4113830566406,-2.9495324890262395,-1.710133994007833,-1.2393984950184065,277.373425522052,41.54970876909302,-3.8632897869575538,-51.8587502466033,-55.842345031512565,3.451019609649866,299.52388843145854,286.3895004272461,273.25511242303367,318112100.0,585447399.1184285,-57848094.69327521,-0.014441141502098076,-1
2018-10-18,279.3999938964844,280.07000732421875,274.9700012207031,276.3999938964844,250.03477478027344,134557500,286.9328009033203,283.30780400116726,282.4600014822824,-3.169714225954749,-2.0020500403972163,-1.1676641855575327,276.3253796516873,36.05196832165191,-4.50525443440102,-68.44709497683844,-73.56670927106414,3.595947614334346,298.9162415913016,285.530500793457,272.1447599956124,183554600.0,526347157.6259412,-52103352.946540415,-0.0005426696808847886,0
2018-10-19,277.1300048828125,279.29998779296875,275.4700012207031,276.25,249.89920043945312,139901600,286.75640075683594,282.6356321915323,281.5761442638579,-3.3180645104365567,-2.265252934405084,-1.0528115760314725,275.4859173994392,35.86270754972493,-4.019875974495949,-61.34527141408498,-74.22313752672791,3.612664688028538,298.36631751074555,284.7435012817383,271.12068505273106,43653000.0,443429087.5484119,-71399585.1705864,-0.004488652432126705,0
2018-10-22,277.0,277.3599853515625,274.4100036621094,275.010009765625,248.7774353027344,82415800,286.59340087890627,281.909382436684,280.6491450718471,-3.4953972647193154,-2.5112818004679305,-0.984115464251385,274.5364595771457,34.26143049987283,-4.450697391638849,-70.21819762490489,-79.64978918168839,3.56533017427272,297.87452195730435,283.943002319336,270.0114826813676,-38762800.0,394538907.8618656,-88358593.23790753,-0.005090812568079417,0
2018-10-23,270.95001220703125,274.8699951171875,268.6099853515625,273.6099853515625,247.5108795166016,146352700,286.4236004638672,281.1189636666724,279.66504821777346,-3.706182455496105,-2.750261931473565,-0.9559205240225396,273.4570331810167,32.4971381583673,-4.798193750097558,-103.54784688548064,-77.9054400302074,3.767808389300805,297.342110552826,283.08600158691405,268.8298926210021,-185115500.0,481976098.73975646,-59442845.50994563,-0.03029852151299206,-1
2018-10-24,273.3299865722656,273.760009765625,264.70001220703125,265.32000732421875,240.01171875,177806700,286.0520007324219,279.6143011578673,277.97304876418343,-4.490400638992469,-3.098289672977346,-1.3921109660151227,270.4862818154558,24.463864337764413,-4.664024807074727,-149.12884106842827,-97.57530043192496,4.145821996814901,297.704109190592,281.8580017089844,266.0118942273768,-362922200.0,328504788.47695494,-91041561.47667567,0.017940521320091163,1
2018-10-25,267.3800048828125,271.8099975585937,266.2300109863281,270.0799865722656,244.31771850585932,138061500,285.81800048828126,278.7062711973338,276.85133303687684,-4.673930493579974,-3.413417837097872,-1.260512656482102,269.35947081508704,34.4791499767607,-0.7679122432139963,-120.10446882879542,-77.73186943110422,4.313262624459914,296.9208186437663,280.82750091552737,264.7341831872884,-224860700.0,380957511.9339819,-79002300.41067702,-0.017587382390990447,-1
2018-10-26,265.9200134277344,271.0,262.2900085449219,265.3299865722656,240.02072143554688,201574600,285.4434002685547,277.4323393282797,275.3753792898996,-5.143374903942515,-3.759409250466801,-1.3839656534757143,267.28240211422434,30.178973541935594,-3.848532402599772,-152.0102623850306,-88.55859736172607,4.6273147521451,296.32137170466723,279.5580001831055,262.7946286615437,-426435300.0,320090823.7685772,-86261794.35351753,-0.005540275487492807,0
2018-10-29,268.79998779296875,270.25,259.8500061035156,263.8599853515625,238.69093322753903,160749100,285.01940002441404,276.13973418764,273.880330258324,-5.569824326773357,-4.121492265728112,-1.448332061045245,265.28246421880976,28.9746140141012,-3.841111071197045,-148.75917261973285,-85.1811544351992,5.039649060077276,295.27873876215546,278.1644989013672,261.05025904057896,-587184400.0,283303441.7384528,-93094682.12576294,0.01481847903879685,1
2018-10-30,263.6700134277344,268.1199951171875,263.1199951171875,267.7699890136719,242.2280120849609,157116000,284.6613995361328,275.342615599643,272.8903769356864,-5.528554216893895,-4.402904655961269,-1.1256495609326258,264.7473246332295,36.26083306410241,-4.504281439990022,-100.60613438452498,-62.81696033285671,5.036816983825967,293.49646485131785,276.9749984741211,260.45353209692433,-430068400.0,418422818.1544684,-44434272.61606175,0.010680867858550824,1
2018-10-31,270.6499938964844,273.2300109863281,270.1199951171875,270.6300048828125,244.815185546875,128296300,284.3471997070312,274.8937955313734,272.28609183175223,-5.205067204300292,-4.563337165629074,-0.6417300386712181,265.1406178356787,41.02647765799261,-3.5015178808298693,-20.364201821812376,-49.389648087707286,5.067045916867481,291.1874479049618,275.9204986572266,260.65354940949135,-301772100.0,332204995.3370529,-47921205.7479924,0.010641853567048498,1
2018-11-01,271.6000061035156,273.7300109863281,270.3800048828125,273.510009765625,247.4205017089844,99495000,284.09399963378905,274.762006410826,272.0565214611235,-4.662561979231384,-4.583182128349536,-0.0793798508818479,266.29432522122374,45.44954083849477,-1.0455803888120614,1.173084468261151,-35.86849065416544,4.944400196067264,289.09356549815794,275.1239990234375,261.154432548717,-202277100.0,418631946.6365528,-17491720.638669252,-0.005922982923278419,0
2018-11-02,274.75,275.2300109863281,269.5899963378906,271.8900146484375,245.9550170898437,122634100,283.81599975585937,274.4884833858366,271.74852294921874,-4.313618043249562,-4.529269311329542,0.2156512680799798,266.8942924672123,43.47437055605948,-1.5782752403846154,-0.2565714456372119,-43.474105891758526,4.994086950131133,287.0736810319276,274.32749938964844,261.58131774736927,-324911200.0,396019102.9911185,-10648134.195796251,0.0055169366993470526,0
2018-11-05,272.44000244140625,274.010009765625,271.3500061035156,273.3900146484375,247.31198120117188,65622500,283.5335998535156,274.38386731560814,271.65923868815105,-3.8714127595799823,-4.397698000979631,0.5262852413996484,267.8411098712835,45.82215906869194,-0.5890676919607862,20.616463501535733,-36.43184833471354,4.8273666920102345,284.7482222014424,273.6059997558594,262.46377731027644,-259288700.0,431050946.17572665,4266022.561917722,0.006327884619248714,0
2018-11-06,273.32000732421875,275.29998779296875,273.25,275.1199951171875,248.8769073486328,60085900,283.24039978027344,274.4539747252824,271.80342872256324,-3.342832824615755,-4.186724965706856,0.8438921410911009,269.1233554851682,48.47997124823481,0.5518840124510744,63.6826955663489,-24.480771059316087,4.628982459232778,282.21396917528864,272.9919998168945,263.7700304585004,-199202800.0,480585542.45107126,25740456.181145072,0.02140889340278096,1
2018-11-07,277.5599975585937,281.1000061035156,277.0799865722656,281.010009765625,254.20509338378903,102752100,283.06219970703125,275.07835901483884,272.56704871768045,-2.4207495665819465,-3.833529885881874,1.4127803192999275,271.7495966431115,56.33420501528792,5.913614506362199,158.00984800655422,-0.4235121783088269,4.725484508492376,282.72927294432475,273.1275009155273,263.5257288867299,-96450700.0,578737011.7134907,63415423.228767455,-0.0018149167214732698,0
2018-11-08,280.1099853515625,281.2200012207031,279.2200012207031,280.5,253.74371337890625,65584900,282.8425994873047,275.5947057753304,273.2691914876302,-1.711417313624338,-3.409107371430367,1.697690057806029,273.8024591856628,55.54458839729821,3.858121277322516,155.56721907695066,-3.3692156537932005,4.530807021851823,283.6527851079267,273.54400024414065,263.4352153803546,-162035600.0,597100703.6537983,78905864.16300476,-0.009768236129679142,0
2018-11-09,279.0299987792969,279.239990234375,276.17999267578125,277.760009765625,251.26515197753903,98812600,282.5917999267578,275.8009252029775,273.67071620396206,-1.3547440593355873,-2.998234709011411,1.6434906496758237,274.79275024056415,51.37803629220656,4.684741198663543,101.48599420186204,-16.190885566910197,4.515749899030373,283.8595643788183,273.63450012207034,263.4094358653224,-260848200.0,600331058.7231112,79097442.59788275,-0.018685203985215892,-1
2018-11-12,277.19000244140625,277.4599914550781,271.989990234375,272.57000732421875,246.5701446533203,99673600,282.2370001220703,275.4932187383338,273.5693359375,-1.4738778120211578,-2.6933633296133603,1.2194855175922026,274.2681168312447,44.559670919791145,3.3010014614573584,32.435697396126415,-40.47728532014189,4.605340595675885,283.77177801195586,273.54300079345705,263.31422357495825,-360521800.0,521795439.8948297,46996533.00334489,-0.0018711147665575467,0
2018-11-13,273.0899963378906,275.3299865722656,271.25,272.0599975585937,246.1087951660156,98176600,281.88200012207034,275.16624529264425,273.4280975341797,-1.5911044336107238,-2.472911550412833,0.8818071168021091,273.7149620462109,43.94253126631841,1.602124480313878,7.420044145118683,-42.86385472658441,4.567815304933001,282.8711801351233,273.1260009765625,263.3808218180017,-458698400.0,462600735.9881153,10757252.107684374,-0.006836673411209082,0
2018-11-14,274.1600036621094,274.6099853515625,268.45001220703125,270.20001220703125,244.42623901367188,125335900,281.505400390625,274.693270713062,273.1494319370815,-1.813191308386933,-2.340967502007653,0.5277761936207197,272.7902138085512,41.67559652802002,-0.1588858101552502,-29.746982207555625,-51.56757852887246,4.681540874349866,281.8277261630621,272.6135009765625,263.39927579006286,-584034300.0,408478726.0014916,-22266479.809710145,0.010436627236270812,1
2018-11-15,268.7799987792969,273.5400085449219,267.010009765625,273.0199890136719,246.9772186279297,135101400,281.2026000976563,274.53391055121534,273.1881450834728,-1.7415724330135731,-2.2210884882088373,0.4795160551952642,272.7780097929787,46.206688939152215,-0.1791600798716769,-38.49030294184858,-38.37161479010413,4.813573592028865,281.4973037367838,272.4445007324219,263.39169772806,-448932900.0,522062398.6408186,2388296.5920243263,0.0026006226695023393,0
2018-11-16,271.7900085449219,274.75,271.2099914550781,273.7300109863281,247.61947631835932,126668000,280.9252001953125,274.4573486878928,273.3105746314639,-1.6089738697825735,-2.0986655645235848,0.489691694741011,272.9667948515747,47.316472771547744,0.6767428882115436,-8.775043326318311,-41.381147561713775,4.722604653577966,281.22489680276504,272.3185012817383,263.41210576071154,-322264900.0,575736242.4153339,29335264.812622964,-0.016914494929252566,-1
2018-11-19,273.04998779296875,273.3800048828125,268.07000732421875,269.1000061035156,243.4311370849609,103061700,280.5452001953125,273.9471255846188,273.004051281157,-1.856095340868308,-2.050151519792529,0.1940561789242219,271.93335306573505,41.32880965585926,-1.5691899173561836,-100.2570376117364,-85.29206478063196,4.789561730068507,280.9447441123485,272.0230010986328,263.1012580849171,-425326600.0,512657018.4978176,17621520.127965152,-0.018506171956058748,-1
2018-11-20,265.3599853515625,267.0,263.1499938964844,264.1199951171875,238.92616271972656,136021300,280.0466003417969,273.0112083972444,272.25138404482885,-2.4258227790514866,-2.125285771644321,-0.3005370074071654,269.809810399514,36.045250456103496,-3.998255377736011,-207.26277846612945,-94.63198213869532,4.872451054969904,281.0713528490645,271.5485015869141,262.02565032476366,-561347900.0,445176299.2107388,-10243560.664189458,0.003407518980473423,0
2018-11-21,265.8599853515625,267.1499938964844,265.010009765625,265.0199890136719,239.74029541015625,75563700,279.5646002197266,272.2501398845232,271.6296209426153,-2.7727513411101654,-2.2547788855374904,-0.517972455572675,268.32627688394354,37.5978769514971,-5.690196148275829,-150.63293564597606,-89.65138705460735,4.7408473134473,281.0964114823733,271.5335006713867,261.97058986040014,-485784200.0,370317341.7317376,-44530438.30755407,-0.006678700049227437,0
2018-11-23,263.17999267578125,264.82000732421875,263.07000732421875,263.25,238.1392059326172,42807900,279.01300048828125,271.3929837050448,270.840716116769,-3.15415886699202,-2.4346548818283966,-0.7195039851636236,266.6821328490339,35.75923123601588,-6.149732620320855,-147.83056714677315,-99.00830448314302,4.541499758262449,281.4039312309196,271.19200134277344,260.98007145462725,-528592100.0,336315279.9781104,-65327504.41894335,0.01614434947768273,1
2018-11-26,265.7799987792969,267.75,265.3399963378906,267.5,241.9837951660156,79981400,278.545400390625,271.0222233521834,270.4890969412667,-3.078006257731431,-2.563325157009004,-0.5146811007224272,266.4742515914608,42.97087820229663,-3.6938397915101016,-79.05946363828359,-75.59231864733943,4.538535489668578,281.30499869349023,271.30050201416014,261.29600533483006,-448610700.0,399703053.7406308,-47727693.956533015,0.0033644631644276224,0
2018-11-27,266.3399963378906,268.3999938964844,265.6600036621094,268.3999938964844,242.79788208007807,75502400,278.12660034179686,270.7724872135454,270.2128580729167,-2.911471153232412,-2.632954356253685,-0.2785167969787268,266.575718967206,44.39444300570308,-1.5298871173210904,-60.51350147161641,-70.6336729220717,4.410067965535584,281.0403447536549,271.5275024414062,262.0146601291575,-373108300.0,475205453.7406308,-12165399.316771269,0.02302530855557583,1
2018-11-28,269.6000061035156,274.5799865722656,268.3299865722656,274.5799865722656,248.3883819580078,127629600,277.8,271.1351062000901,270.5035708472842,-2.254824904594102,-2.5573284659217688,0.3025035613276667,268.2976836760827,53.05933031338388,0.9262622349061812,29.559323367939488,-36.5841150487861,4.541491687885534,281.3057011189448,271.8680023193359,262.43030351972703,-245478700.0,602835053.7406309,44098175.70101959,-0.0021850667028844306,0
2018-11-29,273.7099914550781,275.54998779296875,272.42999267578125,273.9800109863281,247.8456573486328,82346400,277.4552001953125,271.4060495130652,270.7047145298549,-1.762523760469719,-2.3983675248313587,0.6358437643616397,269.580371899338,52.20874423114152,1.398963215590303,71.4334821775593,-32.52928143011901,4.439956214530751,281.49824650853003,272.0355026245117,262.5727587404934,-327825100.0,602308286.7935672,62938560.02504832,0.006095272805283436,0
2018-11-30,273.8099975585937,276.2799987792969,273.45001220703125,275.6499938964844,249.35633850097656,98204200,277.0966003417969,271.8102346924385,271.0489517938523,-1.223513985083855,-2.163396816881858,0.9398828317980028,271.08229469191247,54.399958645636566,0.9633012191941736,102.54852657297268,-12.578176196262811,4.324958378713428,281.7172499563537,272.1425018310547,262.56775370575565,-229620900.0,656788515.7196237,82258920.99543738,0.013241407499740676,1
2018-12-03,280.2799987792969,280.3999938964844,277.510009765625,279.29998779296875,252.65817260742188,103176300,276.8428002929688,272.5235445115366,271.73061712355843,-0.4961020954170863,-1.8299378725889035,1.3338357771718172,273.26836823294894,58.8417497700637,2.0348433065743845,161.42005546276033,-6.347414632600124,4.355318495555843,282.58076566961194,272.51300048828125,262.44523530695056,-126444600.0,681421436.5181538,90522368.82872546,-0.03240239236844167,-1
2018-12-04,278.3699951171875,278.8500061035156,269.8999938964844,270.25,244.4714508056641,177986000,276.4274005126953,272.3070164628188,271.5150932675316,-0.642475258274942,-1.5924453497261113,0.9499700914511692,272.7097027745253,46.69624890607032,0.4273481495359026,46.06569636005095,-58.56896572977218,4.71565246418523,282.4620228263387,272.3559997558594,262.2499766853801,-304430600.0,517356353.0262656,33471037.392312884,-0.0015171273343547176,0
2018-12-06,265.9200134277344,269.9700012207031,262.44000244140625,269.8399963378906,244.1005401611328,204185400,276.00920043945314,272.0720621652066,271.2754738943917,-0.7825402762005069,-1.430464335020991,0.6479240588204838,272.1406115944604,46.230679373564975,2.1656827678514894,-51.858503293736085,-58.797341774948045,4.9366771202905015,282.1712378336457,272.09199981689454,262.0127618001434,-508616000.0,714491260.7812982,69813778.14562595,-0.023235951299897972,-1
2018-12-07,269.4599914550781,271.2200012207031,262.6300048828125,263.57000732421875,238.4286193847656,161018900,275.4830004882813,271.2623426565411,270.463855561756,-1.3835300517205835,-1.4210774783609097,0.0375474266403257,270.04597726495075,39.710344013610495,-0.5471216321642528,-69.37390625559316,-93.70821035389191,5.197628500107366,281.0773925076662,271.2199996948242,261.3626068819822,-669634900.0,588712925.0746508,38314176.35208213,0.0018970291994755417,0
2018-12-10,263.3699951171875,265.1600036621094,258.6199951171875,264.07000732421875,238.8809814453125,151445900,274.9506005859375,270.57735833917707,269.78290390741256,-1.7987382228349134,-1.4966096272557103,-0.302128595579203,268.4653934357988,40.431852854955125,0.3114937603869895,-105.67435937316642,-74.97698570942164,5.2935127914558,279.75101541897686,270.3985000610352,261.0459847030935,-518189000.0,689677093.9714931,54069831.50807476,0.00022720322993774467,0
2018-12-11,267.6600036621094,267.8699951171875,262.4800109863281,264.1300048828125,238.93521118164065,121504400,274.4188006591797,269.96332467666616,269.1859043666295,-2.0987591986881284,-1.617039541542194,-0.4817196571459345,267.2006330827812,40.523832152285806,-1.2598112587616823,-61.900911425915965,-74.7015148097135,5.3004036015755664,278.8072261354855,269.71699981689454,260.6267734983036,-396684600.0,642563086.7921976,40609067.10501635,0.005035348304543108,0
2018-12-12,267.4700012207031,269.0,265.3699951171875,265.4599914550781,240.1383819580078,97976700,273.8934002685547,269.5344357984197,268.7804749988374,-2.203805089119612,-1.7343926510576777,-0.4694124380619344,266.5302820457325,42.63827786034631,-1.0953809643304764,-36.85703466163231,-68.59505637625458,5.269660137732327,278.53336824065565,269.3614990234375,260.18962980621933,-298707900.0,549444531.3309877,1782026.1020151377,-0.0003390203450144291,0
2018-12-13,266.5199890136719,267.489990234375,264.1199951171875,265.3699951171875,240.0569305419922,96662700,273.3696002197266,269.1378224002071,268.40033176967074,-2.268170607561501,-1.8411482423584429,-0.4270223652030585,265.98192343921045,42.52810063993485,-3.354210760242056,-51.95867853787557,-69.00826272581678,5.133969776365154,278.26851746862474,269.0269989013672,259.7854803341096,-395370600.0,524490169.650979,-22203789.943034887,-0.018464762356876663,-1
2018-12-14,262.9599914550781,264.0299987792969,259.8500061035156,260.4700012207031,235.6243438720703,116961100,272.7446002197266,268.3123156212067,267.5853796096075,-2.6836340384527944,-2.009645401577313,-0.6739886368754813,264.287512572032,36.93239329549579,-4.931020229172544,-113.61533627885704,-91.50594027914195,5.161542579550104,278.4817349003555,268.5404983520508,258.5992618037461,-512331700.0,442225451.4513732,-56172780.48469949,-0.019618384406662193,-1
2018-12-17,259.3999938964844,260.6499938964844,253.52999877929688,255.3600006103516,231.0017852783203,165492300,272.0630001831055,267.0787618106491,266.3300941103981,-3.3861922277152985,-2.28495476680491,-1.1012374609103883,261.6048427405648,32.17749403123402,-7.360781329729448,-159.33676673819022,-93.1894225396262,5.301432048974825,278.90211404453186,267.6574989318848,256.4128838192377,-677824000.0,361803774.9674992,-90551284.54345858,-0.001096486445127165,0
2018-12-18,257.20001220703125,257.95001220703125,253.27999877929688,255.0800018310547,230.7484741210937,134515100,271.4082000732422,265.9360227649734,265.1322372436524,-3.920376555227108,-2.6120391244893497,-1.3083374307377582,259.37572947548114,31.934878274254583,-8.671674550829962,-142.90095118113535,-93.36281941062354,5.25633071815256,278.858701402356,266.7249984741211,254.5912955458862,-812339100.0,330983276.38751,-106189805.33899672,-0.014975722505869982,-1
2018-12-19,255.1699981689453,259.3999938964844,249.3500061035156,251.259994506836,227.29283142089844,214992800,270.6769998168945,264.538305788008,263.65937972295853,-4.598950312842362,-3.0094213621599524,-1.5895289506824095,256.6103317013178,28.749970049167874,-7.026829044649042,-143.01594719943628,-93.84866616999804,5.598734800097176,279.644197114726,265.83299789428713,252.0217986738483,-1027331900.0,197708735.80363828,-145339299.00122178,-0.016277944867102212,-1
2018-12-20,249.8600006103516,251.6199951171875,244.6499938964844,247.1699981689453,223.59298706054688,252053400,269.8723999023438,262.88418125285915,261.8819511776879,-5.404454243195005,-3.488427938366963,-1.916026304828042,253.34622108729,25.7848659686518,-8.401274264975232,-162.30917679454157,-92.95103700010934,5.696682402942852,281.01518413200927,264.985498046875,248.9558119617408,-1279385300.0,127915173.29165208,-170349380.02583474,-0.026176321028577143,-1
2018-12-21,246.7400054931641,249.7100067138672,239.97999572753903,240.6999969482422,219.0116577148437,255345600,269.1204000854492,260.7714017952766,259.5690463111514,-6.490083297479544,-4.088759010189479,-2.4013242872900644,249.06907063832784,21.931524516694868,-8.67701549510679,-163.62690072164762,-98.21870051133172,5.984777305508306,282.97869131171484,263.76949844360354,244.56030557549224,-1534730900.0,-89640306.23273781,-234316667.5640428,-0.026422935982500784,-1
2018-12-24,239.0399932861328,240.83999633789065,234.2700042724609,234.33999633789065,213.2247467041016,147311600,268.36379974365235,258.25412508504934,256.7662365867978,-7.774036784169482,-4.82581456498548,-2.948222219184002,244.00704985858076,18.93584836892572,-11.258382308380185,-176.24452050845468,-99.84299671925768,6.026578360293948,285.42811803681315,262.32399826049806,239.21987848418297,-1682042500.0,-233813198.28816867,-285056781.0687611,0.05052486354407337,1
2018-12-26,235.97000122070312,246.17999267578125,233.759994506836,246.17999267578125,223.9979248046875,218485400,267.76839935302735,257.1042077127381,255.2287122453962,-7.746889103947581,-5.4100294727779,-2.3368596311696805,243.0427839004116,36.36263527811294,-6.7959004562905285,-112.0436094683772,-66.84464510694394,6.483251208897521,285.2584668059078,261.2579978942871,237.2575289826664,-1463557100.0,-15327798.288168162,-210381765.58716735,0.0076773690172566855,0
2018-12-27,242.57000732421875,248.2899932861328,238.9600067138672,248.07000732421875,225.71762084960932,186267300,267.241799621582,256.24380767573626,253.97271314348487,-7.486565518098445,-5.82533668184201,-1.6612288362564351,242.86175386441187,38.630611818066576,-6.5508870227633365,-74.6987144881583,-61.79922516648824,6.686589451258499,284.66428346243674,260.24149856567385,235.818713668911,-1277289800.0,162155739.62466198,-104235245.77359968,-0.001289987966181294,0
2018-12-28,249.5800018310547,251.3999938964844,246.4499969482422,247.75,225.4264373779297,153100200,266.5887997436523,255.43487361138045,252.7830466134208,-7.222818956552061,-6.10483313678402,-1.117985819768041,242.7448826649357,38.38119582128747,-6.639784241397187,-40.35606547688845,-60.30078515204018,6.562547128413366,282.969959767545,258.89999923706057,234.83003870657612,-1430390000.0,89472044.64711905,-74462368.27239478,0.008758822074451222,0
2018-12-31,249.5599975585937,250.19000244140625,247.47000122070312,249.9199981689453,227.4009552001953,144299400,265.97819946289064,254.9096473787676,251.9278084164574,-6.760763318426854,-6.236019173112587,-0.5247441453142665,243.3205024996392,41.15567479119285,-4.050371636777671,-28.63307620110385,-54.1430160524688,6.288079561109062,281.0255410010741,257.6969985961914,234.36845619130872,-1286090600.0,205123329.1852604,-18715112.55318463,0.0010403109344623296,0
2019-01-02,245.97999572753903,251.2100067138672,245.9499969482422,250.17999267578125,227.637451171875,126925200,265.4537994384765,254.45920407372125,251.21190309070408,-6.300967876975193,-6.249008913885109,-0.051958963090084,243.9599422737969,41.49557106556056,-2.0285118742909174,-22.061521490920512,-53.40523379847235,6.214646003675661,278.4365117015905,256.4234985351562,234.41048536872196,-1159165400.0,282339595.69953287,30360768.90950483,-0.023862763357143546,-1
2019-01-03,248.22999572753903,248.57000732421875,243.6699981689453,244.2100067138672,222.20542907714844,144140700,264.8129995727539,253.48309003944945,250.0487133934384,-6.345161577905344,-6.268239446689156,-0.0769221312161878,243.02649998326487,36.30931773523693,-4.261406240849468,-49.26712792698461,-69.0186376202258,6.235742325493522,274.6045658209234,254.6689994812012,234.73343314147897,-1303306100.0,169969126.00094008,11922955.612006932,0.03349573093196567,1
2019-01-04,247.58999633789065,253.1100006103516,247.1699981689453,252.38999938964844,229.6483612060547,142628800,264.36059936523435,253.3789861680398,249.83166576567152,-5.654941710447474,-6.14557989944082,0.490638188993346,244.4708456587661,46.226428257964656,0.4497352971094361,27.46189971326887,-38.45390732315917,6.4260460105057335,272.3964790878343,253.7759994506836,235.1555198135329,-1160677300.0,278021202.8024521,37676515.00787461,0.007884644787735207,0
2019-01-07,252.69000244140625,255.9499969482422,251.69000244140625,254.3800048828125,231.45904541015625,103139100,263.9759997558594,253.4743212837324,249.88919009254093,-4.890980501896763,-5.894660019932009,1.0036795180352458,246.2492658800282,48.33408285049065,2.9170234119348954,87.62670976957277,-23.317177969463152,6.271328044923627,270.1142451240712,253.00299987792968,235.8917546317882,-1057538200.0,305137872.08066744,53414955.43944585,0.009395330155608672,0
2019-01-08,256.82000732421875,257.3099975585937,254.0,256.7699890136719,233.63368225097656,102512600,263.80499938964846,253.78819440086951,250.2479509626116,-4.046043721204228,-5.524936760186453,1.4788930389822248,248.39126951920483,50.82686255129601,6.676357403064373,120.50408918743682,-10.257429584317023,6.059804437444204,269.1808082462976,252.6629989624024,236.1451896785071,-955025600.0,374201698.18750966,76972357.06458884,0.004673490899932853,0
2019-01-09,257.5599975585937,258.9100036621094,256.19000244140625,257.9700012207031,234.7255706787109,95006600,263.5627996826172,254.18646171704412,250.75337974911645,-3.242219985101229,-5.068393405169409,1.8261734200681792,250.5074724084015,52.07711591883595,10.083641398005652,139.55903900466717,-5.577194656091056,5.821247063444806,268.2348626244941,252.35799865722657,236.48113468995905,-860019000.0,403541830.6359832,88947485.59351718,0.003527556141424526,0
2019-01-10,256.260009765625,259.1600036621094,255.5,258.8800048828125,235.5535430908203,96823900,263.4338000488281,254.6334658280697,251.37452319917224,-2.502902293056252,-4.555295182746778,2.052392889690526,252.5124466355197,53.051948082168266,5.15883198670704,127.74096312327217,-1.1023570014688122,5.666872533951739,267.3464157234684,252.09549865722656,236.8445815909847,-763195100.0,485551224.2531464,111854164.72503825,0.0003863029265658291,0
2019-01-11,257.67999267578125,259.010009765625,257.0299987792969,258.9800109863281,235.64456176757807,73858100,263.3362005615234,255.04742250980863,252.03019104003903,-1.8871639871217096,-4.021668943621765,2.134504956500055,254.20255161349613,53.16470111925913,4.397953537305453,109.57447695296976,-0.7086323263937877,5.403525279241231,266.12168912193795,251.77149963378903,237.4213101456402,-689337000.0,557171303.4982259,133844725.51818234,-0.0061009229392887665,0
2019-01-14,256.8599853515625,258.29998779296875,256.4100036621094,257.3999938964844,234.2069091796875,70908200,263.12880065917966,255.2714769275873,252.5662381126767,-1.5092830424924557,-3.519191763395903,2.0099087209034474,255.18731725989892,51.07751861939449,3.895053035917003,83.1459346470551,-6.929169808033697,5.20113113866273,264.5883279001862,251.3729995727539,238.1576712453216,-760245200.0,560547775.407286,131747493.67569834,0.011460809156886187,1
2019-01-15,257.82000732421875,260.70001220703125,257.8099975585937,260.3500061035156,236.89111328125,85208300,262.92320068359373,255.75514637291377,253.4211911156064,-0.96069405747852,-3.0074922222124267,2.046798164733907,256.76117917918486,54.65680065009628,4.173338672769857,97.74128096747567,-1.2992051728053955,5.065337364643965,264.56590129647464,251.3669998168945,238.1680983373144,-675036900.0,625117131.5276649,139457285.4442848,0.0024198381718569806,0
2019-01-16,260.8299865722656,261.9700012207031,260.6000061035156,260.9800109863281,237.46435546875,77636700,262.6726007080078,256.2527525265723,254.3367159888858,-0.4696829924429266,-2.4999303762585265,2.0302473838156,258.20778009277296,55.40713971731883,4.3168992832065,106.32895387606298,-4.302435770164514,4.8192414888463775,265.4025756029571,251.64800033569333,237.8934250684296,-597400200.0,590549672.7465904,118934619.24252053,0.0075867131021529755,0
2019-01-17,260.010009765625,263.9200134277344,259.9599914550781,262.9599914550781,239.2658843994141,96118400,262.49400024414064,256.89153718643,255.41404847644625,0.0783119590657861,-1.984281909193664,2.0625938682594502,259.8918520465541,57.77221709149024,7.677811811855718,109.57633984671271,-4.740845675361028,4.757868666034597,266.5954839420878,252.04199981689453,237.48851569170128,-501281800.0,640064404.0731729,115481432.19639128,0.013310009559374114,1
2019-01-18,264.9800109863281,266.9800109863281,263.0,266.4599914550781,242.4505615234375,127900300,262.35539978027344,257.8028185453489,256.7871905372256,0.7859625682642104,-1.430233013702089,2.2161955819663,262.1562371742415,61.6447625195917,5.574702682140724,139.84198899437254,-2.2308847932602127,4.705165156226298,268.6433029953063,252.80199966430663,236.9606963333069,-373381500.0,734542357.1092035,133631619.6256764,-0.013510493953920788,-1
2019-01-22,264.82000732421875,265.0599975585937,261.0599975585937,262.8599853515625,239.17491149902344,115531200,262.1101995849609,258.284453479274,257.7450939360119,1.0442528712786157,-0.9353358367059484,1.979588707984564,263.0441174475171,55.96019610629414,3.333587666474237,94.13963370728092,-17.674917929230936,4.754795780688573,269.7844575767582,253.5864990234375,237.3885404701168,-488912700.0,722988531.9627224,125232150.15235102,0.002092438336748881,0
2019-01-23,264.010009765625,264.7900085449219,260.6600036621094,263.4100036621094,239.6754150390625,86030300,261.7581994628906,258.7726011157345,258.6806658063616,1.2785928557206605,-0.4925500982206266,1.7711429539412868,263.8743686963325,56.618407275725495,2.585977696982317,86.15076311340866,-15.315338314857186,4.710167859279683,270.32021332022447,254.72199935913085,239.12378539803723,-402882400.0,751526292.6372118,119491459.20493267,0.0005314305793751029,0
2019-01-24,263.2099914550781,264.20001220703125,262.0799865722656,263.54998779296875,239.80276489257807,59204100,261.41919921875,259.22759032309017,259.52142660958424,1.4587885251302168,-0.1022823735504579,1.5610708986806747,264.5480461980273,56.795392201955934,2.163036998822097,81.71953666803243,-17.31459350874125,4.525157699877581,269.11592497814286,256.1824989318848,243.24907288562667,-343678300.0,774425067.096323,113566108.49025774,0.00846143460298654,0
2019-01-25,265.6099853515625,266.70001220703125,263.6600036621094,265.7799987792969,241.83184814453125,96883400,261.1795989990234,259.85162922368124,260.4354742140997,1.761235712036978,0.2704212435670293,1.4908144684699487,265.63338216776845,59.621531170943705,2.6653251569613507,110.79161287308884,-7.84834229167124,4.426933893497376,269.88430261885304,257.16249923706056,244.44069585526805,-246794900.0,812667823.4221776,112986059.43882096,-0.007600229599478925,0
2019-01-28,263.3900146484375,263.8299865722656,261.7900085449219,263.760009765625,239.9938507080078,85613700,261.0033990478516,260.22385594196163,261.06380855015345,1.8169859717760344,0.5797341892088304,1.2372517825672045,265.9505917655344,56.04527098378224,1.8457018211916043,53.215569706053934,-24.807384401251745,4.395723632057565,270.25769660651537,257.94699935913087,245.6363021117464,-332408600.0,892407956.8931407,127849167.3459196,-0.0013269869978645987,0
2019-01-29,263.9200134277344,264.54998779296875,262.4800109863281,263.4100036621094,239.6754150390625,66136300,260.83039916992186,260.5272985819757,261.58409467424667,1.812037842552968,0.8261949198776579,0.98584292267531,266.07058903596163,55.424913111943305,2.3348911842018056,54.44642593588077,-31.097595015112567,4.229598858448109,270.3176668478953,258.7299995422363,247.14233223657735,-398544900.0,885698675.0181315,120172106.58896434,0.015830768961627273,1
2019-01-30,265.1000061035156,268.5199890136719,264.25,267.5799865722656,243.4696350097656,92473700,260.7779986572266,261.1989831524795,262.4269505818685,2.120159308586665,1.0849877976194593,1.0351715109672055,267.2025859585199,60.96817640455587,2.7770233528918555,131.8576851013229,-7.219686901572519,4.292483608084714,271.0714679233693,259.61299896240234,248.15453000143535,-306071200.0,937457748.5928426,122575549.99953032,0.008782443461558875,0
2019-01-31,267.510009765625,270.4700012207031,267.2699890136719,269.92999267578125,245.6078948974609,104012100,260.7161987304688,262.03050786898444,263.4095214117141,2.5248685303055822,1.372963944156684,1.1519045861488983,268.6898042634772,63.70730209334127,3.429374401368228,182.18060544070283,-3.840744229658921,4.2144499364329056,272.04111241908106,260.6004989624024,249.15988550572365,-202059100.0,1006365343.2713602,134340688.7925148,0.00048162444463373255,0
2019-02-01,270.1499938964844,271.20001220703125,269.17999267578125,270.0599975585937,245.7262420654297,85782500,260.6427984619141,262.7952211727567,264.3104260399228,2.823545734209347,1.6630803021672165,1.1604654320421304,269.88737349787004,63.85840602980819,2.700032831697317,164.55800380520964,-7.708005340057622,4.057704907215237,271.2936469666771,261.8929985046387,252.49235004260024,-116276600.0,995323723.4381428,123427667.55248344,0.007035451061470965,0
2019-02-04,270.1099853515625,272.0299987792969,269.3599853515625,271.9599914550781,247.45497131347656,60744800,260.6999981689453,263.6680564377397,265.269187273298,3.176941395856886,1.9658525209051505,1.2110888749517357,271.3024404583565,66.08108000899651,2.064099743442059,152.2388274022651,-0.4923158805136052,3.958584087090232,272.1854562670042,262.87149810791016,253.5575399488161,-55531800.0,1052883085.5942504,126056895.22646092,0.004191846904899599,0
2019-02-05,272.44000244140625,273.44000244140625,271.8800048828125,273.1000061035156,248.4923095703125,79552800,260.87959838867187,264.56633735828984,266.2433308919271,3.508555217867979,2.274393060297716,1.234162157570263,272.6944051528174,67.3774508849092,3.895617942098564,154.1381173641626,-2.5222259702567085,3.787256477651762,273.2810833328197,263.8074981689453,254.33391300507088,24021000.0,1097759343.2882135,129951579.8842162,-0.0013182565400755575,0
2019-02-06,272.7900085449219,273.3399963378906,271.9200134277344,272.739990234375,248.16470336914065,58347800,261.03399841308595,265.3447804893456,267.094044421968,3.6996638670008224,2.559447221638337,1.140216645362485,273.67413065613806,66.51290300603527,3.542001610627407,121.77012239009768,-5.192964662575017,3.618165508306525,274.26265305165504,264.60599822998046,254.94934340830585,-34326800.0,1106798048.2613492,122607031.56436694,-0.009532799292480854,0
2019-02-07,270.94000244140625,271.54998779296875,268.2900085449219,270.1400146484375,245.7989654541016,95482000,261.1717987060547,265.8014694568781,267.6210936046782,3.5998259941725905,2.7675229761451883,0.8323030180274023,273.7326182867613,60.47757154977512,2.5004845990148685,57.80742526758513,-25.821503193839177,3.677580949894787,274.65312519756,265.2144989013672,255.7758726051744,-129808800.0,1119686236.7413585,112557137.0803982,0.0012215390329901599,0
2019-02-08,268.75,270.5799865722656,267.8299865722656,270.4700012207031,246.0992584228516,75788900,261.23119873046875,266.24609152962336,268.1216176350911,3.5069054956511536,2.9153994800463816,0.591506015604772,273.79789356309857,60.96174095845844,1.7646182793840772,43.70958930308522,-23.239448391140822,3.611325167678895,275.0267276885905,265.7939987182617,256.5612697479329,-54019900.0,1189412832.1515143,120399084.50560616,0.0005545675890390456,0
2019-02-11,271.20001220703125,271.489990234375,270.0299987792969,270.6199951171875,246.2357635498047,68021400,261.2755987548828,266.66265377605805,268.5812363397507,3.4061051253536334,3.013540609107832,0.3925645162458013,273.82538272366287,61.19444803579196,2.6008436069054697,56.82549548717861,-22.06578711718703,3.4576584737482223,275.27882637536925,266.37599792480466,257.4731694742401,14001500.0,1176367612.674497,108511030.93635798,0.012859400817079925,1
2019-02-12,272.4200134277344,274.5199890136719,272.3399963378906,274.1000061035156,249.40220642089844,72270200,261.2659991455078,267.3709730453397,269.31685616629466,3.5659221774446337,3.1240169227751924,0.4419052546694413,274.6889364667282,66.2249050266846,4.058313007397741,107.10298005084402,-3.299163821871043,3.48925386111964,275.7133382807032,267.21099853515625,258.7086587896093,86271700.0,1220791619.1980011,107918008.28492977,0.0032469321818375807,0
2019-02-13,275.0299987792969,275.92999267578125,274.5599975585937,274.989990234375,250.2119598388672,65277200,261.28619873046875,268.0965937300098,270.0577125186012,3.721493562855812,3.243512250791317,0.4779813120644958,275.56610590259595,67.38919569493636,2.7692667740336203,131.79318451255764,-6.647832364640149,3.370734768943273,276.4773043179295,267.94299774169923,259.4086911654689,151548900.0,1196490795.7461622,90132599.8942213,-0.002218209292064066,0
2019-02-14,273.7799987792969,275.6400146484375,272.8699951171875,274.3800048828125,249.65692138671875,83234400,261.2607989501953,268.6950138398005,270.67076081775485,3.7523099927500994,3.3452717991830734,0.407038193567026,276.06414551261605,65.7170852605018,1.6485801236531192,100.54354808238968,-10.961736439194624,3.3278265376406844,276.9574066815619,268.6129974365234,260.2685881914849,68314500.0,1204002872.7424605,77053084.60646105,0.01089725993573043,1
2019-02-15,276.3599853515625,277.4100036621094,276.1300048828125,277.3699951171875,252.3775177001953,97088700,261.2221990966797,269.52120253288496,271.5047605968657,3.972210291361023,3.4706594976186635,0.5015507937423593,277.18541402512653,69.6874645377063,2.706805015432836,146.45073130571268,-0.2679743104413878,3.3065531263125574,278.0798334206284,269.33349761962893,260.58716181862945,165403200.0,1295022226.930287,93658251.53882553,0.001730580072748289,0
2019-02-19,276.4800109863281,278.5799865722656,276.4700012207031,277.8500061035156,252.8142852783203,59120800,261.37419921875,270.3144219205641,272.31585664295017,4.137520971046911,3.604031792304313,0.5334891787425975,278.1650403676196,70.28248625906663,2.1657651248346954,142.53228118534184,-5.094076432442796,3.2210839994780858,279.28680575750246,269.9029983520508,260.51919094659905,224524000.0,1313235606.1608336,97732053.99007368,0.002015467145194627,0
2019-02-20,277.8099975585937,278.9200134277344,277.25,278.4100036621094,253.32376098632807,76610800,261.54559936523435,271.0854297054732,273.1260476248605,4.264558819109766,3.736137197665404,0.5284216214443616,279.04750383399414,70.99774305252821,1.94434179418548,135.62075620562226,-4.377757054391907,3.110293244273357,280.1773846608053,270.6804992675781,261.1836138743509,301134800.0,1343053661.260152,100001440.34354258,-0.003555871633034058,0
2019-02-21,277.70001220703125,278.1000061035156,276.3500061035156,277.4200134277344,252.423095703125,64214700,261.8225994873047,271.68872339330755,273.76790611630395,4.236517355800174,3.8362132292923583,0.400304126507816,279.447221074084,67.88699002225867,1.715928489011702,95.5774599186008,-13.525666074111577,3.0352721238172578,280.6944425880737,271.38099975585936,262.06755692364504,236920100.0,1357364903.3430202,96392362.66509771,0.006199989681534568,0
2019-02-22,278.1099853515625,279.3599853515625,277.3999938964844,279.1400146484375,253.988037109375,78114600,262.1239996337891,272.3983701795104,274.5068599155971,4.3034762228837735,3.929665828010641,0.3738103948731321,280.1551182606016,70.32012180594691,3.3316056533544933,110.12990793599928,-1.9078120244034769,2.9584663617165363,281.3303015742945,272.16050109863284,262.9907006229712,315034700.0,1417945831.508065,105428729.60687566,0.0013612321605447342,0
2019-02-25,280.7300109863281,281.3099975585937,279.42999267578125,279.5199890136719,254.3338165283203,69030700,262.4317993164062,273.07661959228767,275.2077635265532,4.337205755029117,4.011173813414337,0.3260319416147803,280.76861932023075,70.84565259937395,3.346022757468017,121.84349810075754,-13.27898431787119,2.9021461151438785,282.0609482794898,272.8475006103516,263.6340529412133,384065400.0,1355524167.7492163,79679556.74098086,-0.0007154468278236514,0
2019-02-26,279.1300048828125,280.29998779296875,278.8999938964844,279.32000732421875,254.15188598632807,56844100,262.70899963378906,273.67122794770967,275.8241927373977,4.298252225157853,4.068589495763041,0.2296627293948123,281.15475629174614,70.14171678110752,3.214844565814087,92.67821036239496,-14.76252679907506,2.794849528039042,282.2469071817002,273.62550048828126,265.00409379486234,327221300.0,1332787766.8576632,54667898.762985945,-0.0004295972864135633,0
2019-02-27,278.5199890136719,279.5899963378906,277.4800109863281,279.20001220703125,254.0426177978516,56921600,262.985599975586,274.1977788295498,276.3550986153739,4.209177886421401,4.096707173894713,0.1124707125266875,281.37672475775275,69.69423563405044,1.8606369901318336,66.59594590411307,-15.652697566066298,2.745930658266277,281.9766919151803,274.41500091552734,266.8533099158744,270299700.0,1368667968.9288232,50882475.816176414,-0.001862534056282228,0
2019-02-28,278.9599914550781,279.45001220703125,278.32000732421875,278.67999267578125,253.56954956054688,69268300,263.3497998046875,274.6246563387147,276.76128830682666,4.049939420400847,4.08735362319594,-0.0374142027950936,281.3627567667998,67.67914772604571,1.3418679124506483,61.58212191270132,-19.510406078154485,2.63050738853746,282.0581332840708,274.9700012207031,267.8818691573355,201031400.0,1343533236.3264682,36710799.1629889,0.00624379502541994,0
2019-03-01,280.44000244140625,280.8800048828125,278.82000732421875,280.4200134277344,255.15280151367188,78880500,263.8510000610352,275.17659510909755,277.2803370884487,4.01783185691778,4.073449269940308,-0.0556174130225279,281.74501362475405,70.72884322692644,2.2013297023963383,91.71834127001344,-7.889931091949986,2.5997577327023413,282.5656690770625,275.4945022583008,268.423335439539,279911900.0,1387186164.506374,41465517.75638342,-0.0036374705171065003,0
2019-03-04,281.6000061035156,281.8699951171875,276.8399963378906,279.3999938964844,254.22457885742188,106494600,264.33739990234375,275.5788235650392,277.6522886730376,3.865520021417751,4.031863420235797,-0.1663433988180456,281.73831915518525,66.75253379494409,0.7318739643915738,66.25909762148464,-25.91816932934972,2.7733463789571022,282.763917056935,275.9615020751953,269.15908709345564,173417300.0,1389091557.4151309,40247298.76497817,-0.0013600747713448103,0
2019-03-05,279.5400085449219,279.760009765625,278.4100036621094,279.0199890136719,253.8788604736328,59114600,264.8925997924805,275.90655360776606,277.94357314336867,3.6718220967256334,3.9598551555337647,-0.2880330588081303,281.5817107144942,65.28011981010117,0.4210843564712256,46.851870475222846,-31.666734483506943,2.671679216387805,282.98105015669387,276.314501953125,269.6479537495561,114302700.0,1383397515.988271,34278350.65404081,-0.00605692247132672,0
2019-03-06,279.1499938964844,279.1600036621094,276.9700012207031,277.3299865722656,252.341064453125,75039800,265.49579956054686,276.0421186520041,278.0402859642392,3.343405327390542,3.83656518990512,-0.4931598625145783,280.96639485585547,59.042618802040295,-0.3879232339490596,-30.229058494785026,-50.44453938802083,2.6372737324486843,283.03780431294774,276.5260009765625,270.01419764017726,39262900.0,1333027303.8146973,12693408.857607365,-0.008365401936209604,0
2019-03-07,276.8299865722656,276.989990234375,274.07000732421875,275.010009765625,250.230209350586,94885100,266.1819998168945,275.943822567587,277.8959058489118,2.862927881628025,3.6418377282497016,-0.7789098466216768,279.81742281486066,51.73471618495844,-0.8687201879676792,-199.46649038814596,-87.94866778825462,2.6817526978628003,282.9597015708089,276.639501953125,270.3193023354411,-55622200.0,1299233126.876506,-8043433.52650404,-0.001999993785737564,0
2019-03-08,272.94000244140625,274.6499938964844,272.4200134277344,274.4599914550781,249.7296905517578,85795800,266.9843997192383,275.80250531877664,277.6883334205264,2.409983375056754,3.395466857611112,-0.985483482554358,278.6982829867751,50.14991237786371,-1.676586282068382,-226.5364622334485,-78.41288909987503,2.675198672148553,282.5352620004739,276.85550079345705,271.1757395864402,-141418000.0,1370408698.860303,6851306.904522419,0.014501242841361561,1
2019-03-11,275.260009765625,278.6199951171875,275.2300109863281,278.44000244140625,253.35110473632807,65098900,267.6295999145508,276.05369552093185,277.8392383393787,2.3451418787885245,3.1854018618465947,-0.8402599830580701,278.7870209111269,59.75671138932817,-0.3863718570097685,-37.52778761516653,-36.296289119897175,2.781256171460757,282.15008973337257,277.2540008544922,272.3579119756118,-76319100.0,1428594690.2748308,30835488.26688099,0.00377096603850835,0
2019-03-12,279.0599975585937,280.07000732421875,278.8500061035156,279.489990234375,254.3064422607422,79667500,268.257999572754,276.3809616841169,278.0521897088914,2.3513745831025403,3.0185964060977843,-0.667221822995244,279.1092630022412,61.8457221599315,0.0608559736857458,59.962800699336654,-25.18528565477286,2.699023936536224,281.61959717379546,277.69750061035154,273.7754040469076,3348400.0,1432510607.8649452,39089946.39680195,0.0066192213251152765,0
2019-03-13,280.4800109863281,282.3800048828125,280.29998779296875,281.3399963378906,255.9897918701172,80639200,268.9297994995117,276.85325069876205,278.39909406389506,2.477040298921281,2.9102851846624835,-0.4332448857412023,279.8308186518538,65.26681901511509,0.7664699273983351,134.7662992224874,-10.441861818984034,2.712666130246706,281.92263726003546,278.0595001220703,274.1963629841051,83987600.0,1432510607.8649452,38913138.68660593,-0.0006397692405066824,0
2019-03-14,281.3699951171875,281.8399963378906,280.6700134277344,281.1600036621094,255.8260498046875,67518400,269.554599609375,277.26341764765226,278.69438011532736,2.5329095745127006,2.834810062632527,-0.3019004881198266,280.3516640497092,64.65935597148358,0.8899135393667789,111.73500962676458,-12.249018748716944,2.6024744716444523,282.18655865474034,278.36800079345704,274.54944293217375,16469200.0,1421545780.3204722,31814441.43313837,0.0005334823393463584,0
2019-03-15,280.5400085449219,282.2099914550781,280.3299865722656,281.3099975585937,257.08990478515625,81309000,270.17719970703126,277.64880621059905,278.97457028343564,2.559782057678376,2.7798044616416973,-0.2200224039633211,280.79228323671265,64.95210321455411,0.3173753969912962,106.57670529600172,-10.743054640606752,2.550869501003004,282.2713786753249,278.7145004272461,275.1576221791673,97778200.0,1425006467.905689,27119334.839912653,0.0036258541200957506,0
2019-03-18,281.54998779296875,282.6600036621094,281.29998779296875,282.3299865722656,258.02203369140625,62199800,270.9395993041992,278.09463291171016,279.318902297247,2.633031336945237,2.7504498367024053,-0.1174184997571683,281.3921736511501,66.95661874627326,1.0486731352137362,121.30150429360644,-3.22282621653196,2.465808527282332,282.79109985197226,278.9625,275.1339001480277,159978000.0,1457019859.8635037,32919294.59836006,0.0002479627653750871,0
2019-03-19,283.510009765625,284.3599853515625,281.4100036621094,282.3999938964844,258.0860900878906,90268100,271.539799194336,278.50466729121246,279.64628266834075,2.665998948138224,2.733559658989569,-0.0675607108513451,281.8751470051933,67.09572047213278,1.2113844942653484,120.64215229834385,-16.415377419495,2.500392324586368,283.2602447460233,279.18999938964845,275.1197540332736,250246100.0,1427338263.023903,22855197.81436467,-0.0030099366922338167,0
2019-03-20,282.1600036621094,283.5,280.32000732421875,281.54998779296875,257.30926513671875,84609200,272.08319885253906,278.79469781518924,279.871043468657,2.593639764055752,2.7055756800028057,-0.1119359159470541,282.0228360941929,63.59517706806383,1.5216534183199453,76.29990735924491,-23.53437325079425,2.548935206822553,283.5255788148107,279.3469985961914,275.1684183775721,165636900.0,1408180574.4497871,10564693.8732965,0.011294701940096408,1
2019-03-21,280.6400146484375,285.17999267578125,280.5899963378906,284.7300109863281,260.215576171875,79550400,272.6423992919922,279.3599657362501,280.38371131533665,2.761068011164525,2.7166741462351496,0.0443938649293755,282.9416273044877,69.9183520138967,3.5344172486619363,111.148735498695,-3.5265080037023,2.694725287635383,284.4006625189208,279.7124984741211,275.0243344293214,245187300.0,1472133479.0473738,24924985.18997407,-0.0192463413580638,-1
2019-03-22,283.2200012207031,283.79998779296875,279.17999267578125,279.25,255.20730590820312,122659300,273.0679992675781,279.3494928089882,280.33966384161084,2.423626952170423,2.6580647074222044,-0.2344377552517813,282.2445611740866,52.87477842177074,1.7452483764672395,26.46744338281293,-46.47337241311684,2.8986747893008253,284.4037201582275,279.7179977416992,275.03227532517093,122528000.0,1353191520.371653,-9311426.594566584,-0.0007519837245412164,0
2019-03-25,278.8699951171875,280.19000244140625,277.6400146484375,279.0400085449219,255.01535034179688,85575200,273.4711993408203,279.3200181171724,280.27509344191776,2.11487891862555,2.549427549662874,-0.4345486310373241,281.59313697639624,52.34818433627128,0.2154884708571599,-25.247936415522865,-48.11907614817791,2.873768575273828,284.38844044557777,279.6939987182617,274.9995569909456,36952800.0,1361581286.0242536,-19801267.199272394,0.007454080090922854,0
2019-03-26,280.989990234375,282.17999267578125,279.5599975585937,281.1199951171875,256.91632080078125,68125900,273.9139990234375,279.4914444981262,280.4109026227679,2.0148059816571617,2.442503236061732,-0.42769725440457,281.5785056021537,56.92436057043526,0.5832068910394997,27.717562582390325,-31.818214431776603,2.8927839721036905,284.51518218845536,279.7839981079102,275.052814027365,105078700.0,1374582436.208291,-18155720.824524403,-0.005229088098448242,0
2019-03-27,281.1099853515625,281.760009765625,277.92999267578125,279.6499938964844,255.5728454589844,72224700,274.3589990234375,279.506544440827,280.39814031691776,1.7961754523904006,2.3132376793274654,-0.5170622269370648,281.1677348313894,53.04708507672596,-0.6006975415527301,-22.162279174785372,-43.33861890992756,2.9597291948070064,284.53063324970026,279.80649719238284,275.0823611350654,32854000.0,1367227719.4229012,-18172159.846158262,0.003790443703660884,0
2019-03-28,280.3500061035156,281.2099914550781,279.07000732421875,280.7099914550781,256.54156494140625,56238500,274.7661987304688,279.6211584421842,280.4841873895554,1.688972701059129,2.188384683673798,-0.4994119826146694,281.0914653707929,55.4058168924349,-0.1600555559716319,-28.21455410858167,-44.92471805693149,2.901175975947434,284.6181680867342,279.90799713134766,275.1978261759611,89092500.0,1397186351.647706,-6994578.297465324,0.0063055095476829415,0
2019-03-29,282.3900146484375,282.8399963378906,281.1400146484375,282.4800109863281,258.1592712402344,82186800,275.1961987304687,279.89343011305505,280.72914109002977,1.7269325285652712,2.096094252652093,-0.3691617240868217,281.47572117636264,59.100614593523616,0.4159160491588043,67.95431196808583,-35.808880074472825,2.8460923264324056,284.84978750340315,280.01099700927733,275.1722065151515,171279300.0,1444565666.043182,13289175.852603195,0.011859159783520479,1
2019-04-01,284.70001220703125,286.1600036621094,284.3999938964844,285.8299865722656,261.2207946777344,77617900,275.6535986328125,280.4588164425037,281.28333057221914,2.004227511061515,2.0777209043339777,-0.0734933932724626,282.647027171084,65.00956168700539,1.23968411662292,221.3687529526072,-3.873445016351285,2.905656637105592,285.7820753730236,280.3324966430664,274.8829179131092,248897200.0,1493075507.6925094,35813917.997635126,0.0004898529021275522,0
2019-04-02,286.0400085449219,286.2300109863281,285.0899963378906,285.9700012207031,261.3487243652344,40070400,276.043798828125,280.9836911832846,281.8202357700893,2.209810474874814,2.104138818442145,0.1056716564326691,283.6269586678302,65.23563233003806,1.2641669268333484,175.68978087312286,-3.0268902965428834,2.7795393521900875,286.6152005316852,280.679997253418,274.74479397515074,288967600.0,1514867729.72913,48706663.34156037,0.0015736343151739884,0
2019-04-03,287.32000732421875,287.760009765625,285.75,286.4200134277344,261.76007080078125,68243200,276.51499938964844,281.50143615894643,282.36690397716706,2.381595132840744,2.1596300813218647,0.2219650515188789,284.5261753841371,65.99606277523195,1.7297197108552835,160.9112843001356,-13.241076921221184,2.724572953145417,287.3590784933041,281.1344985961914,274.9099186990788,357210800.0,1492120687.14441,42315394.40152264,0.002653373411137805,0
2019-04-04,286.7799987792969,287.4599914550781,286.010009765625,287.17999267578125,262.4545593261719,48997500,276.9903991699219,282.04225106531163,282.94266531808034,2.549668692255466,2.2376378035085853,0.3120308887468805,285.4361961813908,67.29705340734002,0.8604578354653194,132.0836353245201,-5.731396933765964,2.6335307200179163,287.8316788058813,281.74299774169924,275.6543166775172,406208300.0,1522194858.2659976,45422984.79187369,0.004840221059573491,0
2019-04-05,287.9200134277344,288.6300048828125,287.6000061035156,288.57000732421875,263.72491455078125,58621700,277.49079956054686,282.6639421375885,283.5928567068917,2.7631785618460185,2.342745955176072,0.4204326066699466,286.5153121939877,69.58886994485599,3.337513813507162,135.30540326128775,-0.5459291347328699,2.548993683370301,288.2617839639672,282.44849853515626,276.6352131063453,464830000.0,1573987115.4524517,59044264.07526445,0.0007623842226123223,0
2019-04-08,288.1000061035156,288.9100036621094,287.3699951171875,288.7900085449219,263.92596435546875,53566300,277.95099975585936,283.24737703352497,284.1968100411551,2.916519114751111,2.45750058709108,0.4590185276600311,287.42590012837724,69.94784067905765,3.4941225994230054,111.64292660958256,-1.0647314477585712,2.4769233163337496,289.0940003797793,282.965998840332,276.83799730088475,518396300.0,1619205806.6459992,73636710.60957432,-0.005124869083197425,0
2019-04-09,287.7200012207031,288.0799865722656,286.70001220703125,287.3099975585937,262.5733337402344,66142300,278.42199951171875,283.6342932740077,284.6105242047991,2.8853574850437558,2.543071966681615,0.3422855183621403,287.7543231770297,64.43736851056137,2.2019075657801688,75.49808671313065,-14.19705113797962,2.4492856750147736,289.5455705706846,283.356999206543,277.16842784240134,452254000.0,1611536816.2017114,70471968.08592081,0.003410988112685809,0
2019-04-10,287.7699890136719,288.3900146484375,287.3099975585937,288.2900085449219,263.468994140625,52601500,278.919599609375,284.07769472838044,285.08033461797805,2.9062390505921485,2.6157053834637223,0.2905336671284262,288.24315641786944,66.32893677799507,3.0895815615986386,76.9716868599674,-5.501293004237806,2.3514807760687,290.17509831659856,283.7044998168945,277.23390131719054,504855500.0,1654396857.2867615,76408043.93640423,-0.00027755762417025487,0
2019-04-11,288.8299865722656,288.8399963378906,287.5799865722656,288.2099914550781,263.3958435058594,55093100,279.33219970703124,284.47124679758974,285.5094290597098,2.8830965885061914,2.669183624472216,0.2139129640339754,288.5884154047626,66.02016243223264,2.671796597307873,73.12545210086918,-6.211294493562058,2.273518561033092,290.70053896404926,284.05699920654297,277.4134594490367,449762400.0,1654396857.2867615,71890252.79011059,0.006765942419922011,0
2019-04-12,290.0,290.4700012207031,288.260009765625,290.1600036621094,265.177978515625,69727800,279.73679992675784,285.01303316563923,286.0906675792876,2.9876657576492107,2.7328800511076152,0.2547857065415955,289.3426973932285,69.71962535918422,2.7187738519852145,99.50565133725324,-2.4720681607452666,2.272553647075326,291.5204341713926,284.49949951171874,277.4785648520449,519490200.0,1704563090.4612925,79468571.25942206,-0.0006548195444177063,0
2019-04-15,290.239990234375,290.3500061035156,289.0799865722656,289.9700012207031,265.0043640136719,49596700,280.135,285.4851253613596,286.611667742048,3.0203888064365287,2.790381802173398,0.2300070042631308,289.8760425891208,68.93213428295158,1.4484185854974287,96.56478683844088,-3.987238112389302,2.200944067370416,292.2131948482438,284.8815002441406,277.54980564003745,469893500.0,1724479950.5727878,81681559.64512324,0.000655248614016557,0
2019-04-16,290.95001220703125,291.010009765625,289.5,290.1600036621094,265.177978515625,52153200,280.49900024414063,285.9303518661929,287.11438235328313,3.0267630273771715,2.837658047214153,0.1891049801630187,290.325963521424,69.3055011934666,1.4651895036264768,106.8008477261519,-7.118977635782753,2.151591617243759,292.8518824933344,285.2695007324219,277.68711897150934,522046700.0,1717917585.5121572,73073251.4976983,-0.0024468963541401934,0
2019-04-17,291.3999938964844,291.42999267578125,288.989990234375,289.45001220703125,264.52911376953125,58268300,280.82600036621096,286.26555761293946,287.5125263032459,2.9406265541776406,2.8582517486068504,0.0823748055707902,290.4739018594027,66.10837686753787,1.0578865432744502,95.04113445470212,-19.241833787094208,2.172192390398992,293.25375680767485,285.664501953125,278.0752470985752,463778400.0,1681620327.7164247,51359520.54804611,0.001969171817594928,0
2019-04-18,290.1000061035156,290.32000732421875,288.6600036621094,290.0199890136719,265.0500183105469,68708500,281.1716003417969,286.6231225082473,287.9273345947266,2.8850975349166106,2.8636209058688022,0.0214766290478083,290.70741655002115,67.40821337377179,0.9889255555128128,79.60455861701385,-20.05695457959099,2.1356074812341794,293.7351746551146,285.9290008544922,278.1228270538698,532486900.0,1725492969.1448648,51767060.109687805,0.0008620095492390956,0
2019-04-22,289.1700134277344,290.44000244140625,289.07000732421875,290.2699890136719,265.2785339355469,40160100,281.5741998291016,286.9704431278116,288.340762038458,2.828656308601865,2.8566279864154147,-0.0279716778135501,290.92930069882937,67.98814226858705,0.5891054670637114,81.10488465603605,-18.296598298908783,2.080920883800513,293.8670817981387,286.4800003051758,279.0929188122129,572647000.0,1755685506.2338784,56834400.8123467,0.008991683494423253,0
2019-04-23,290.67999267578125,293.1400146484375,290.4200134277344,292.8800048828125,267.66375732421875,52246600,282.0223999023437,287.5332585330497,288.95028628394715,2.96040696918584,2.8773837829695,0.0830231862163399,291.7548286311164,73.32472562343705,1.4162527154239888,170.10189833246727,-3.518393101967332,2.137285508871135,294.2271283446876,287.1720001220703,280.116871899453,624893600.0,1797943414.9661653,67186338.34985828,-0.002219318101775003,0
2019-04-24,292.7900085449219,293.1600036621094,292.07000732421875,292.2300109863281,267.0697326660156,50392900,282.45460021972656,287.9805682905048,289.4320016043527,2.9780422246909666,2.897515471313793,0.0805267533771734,292.2283416424405,70.18668913287095,1.7124407328467746,162.06964501826508,-13.0069016735598,2.0624791395133077,294.53425135727343,287.72750091552734,280.92075047378125,574500700.0,1762345149.1571667,53986652.00780821,-0.0006160325311961312,0
2019-04-25,292.1199951171875,292.7799987792969,290.7300109863281,292.04998779296875,266.9053039550781,57770900,282.8135998535156,288.36813205264417,289.84366702125186,2.9435603926427234,2.9067244555795795,0.0368359370631439,292.53440675510683,69.30206741045829,1.3042350191130498,118.56943573497853,-17.182930919638515,2.061586900474388,294.3041613966038,288.3475006103516,282.3908398240994,516729800.0,1778971031.7724645,48968956.42658162,0.004656791391837833,0
2019-04-26,292.1000061035156,293.489990234375,291.239990234375,293.4100036621094,268.148193359375,50916400,283.1820001220703,288.84831030116464,290.32581016903833,2.991491158888038,2.923677796241272,0.0678133626467669,293.10308459850546,72.15713839289447,1.804244252872042,134.89022284009275,-1.1780092946326648,2.0750449790122536,294.2101567977588,288.9825012207031,283.75484564364746,567646200.0,1826267317.720815,57513357.72450209,0.0015677429172040735,0
2019-04-29,293.510009765625,294.45001220703125,293.4100036621094,293.8699951171875,268.56854248046875,57197700,283.5717999267578,289.3265659979287,290.7912857782273,3.031647161235924,2.9452716692402023,0.0863754919957213,293.65325614713026,73.06945056163707,1.2786019465999183,147.9320057732794,-7.484091481854838,2.001113805147012,294.2798021273298,289.55200042724607,284.82419872716235,624843900.0,1819666227.48636,53679960.66046095,0.0005104090209160361,0
2019-04-30,293.489990234375,294.3399963378906,291.9200134277344,294.0199890136719,268.7057189941406,81111700,283.9047998046875,289.7735586660947,291.21680850074404,3.040525056114234,2.964322346615009,0.076202709499225,294.1072072657892,73.37579831507867,1.3966919943164076,105.18720851594628,-6.022721444324719,2.031033026934004,294.7472350268825,289.9615005493164,285.1757660717503,705955600.0,1879326256.9221587,66214492.98561144,-0.007516466694974966,0
2019-05-01,294.7200012207031,294.95001220703125,291.79998779296875,291.8099975585937,266.68585205078125,71671900,284.1839996337891,289.9675052272851,291.3928558349609,2.8365351989202168,2.9387649170760506,-0.1022297181558338,293.8699703492427,62.15667436042855,0.568649667652242,70.20564748314592,-42.60520660370013,2.110960983158999,294.7322472644065,290.2535003662109,285.7747534680153,634283700.0,1808109857.468562,42662993.38469982,-0.0021589557865848708,0
2019-05-02,291.67999267578125,292.70001220703125,289.5199890136719,291.17999267578125,266.11016845703125,65030200,284.4393994140625,290.08298022237994,291.4810931977772,2.5941320985133984,2.8698383533635203,-0.2757062548501219,293.4785620861557,59.369847150859165,0.5976784922408706,-13.506102444181456,-56.353036703190426,2.187322569603242,294.622498352109,290.49149932861326,286.3605003051175,569253500.0,1810972476.8499615,30060668.49798155,0.009787781355874214,0
2019-05-03,292.82000732421875,294.3399963378906,291.29998779296875,294.0299987792969,268.7148742675781,56543700,284.77159912109374,290.4588867516101,291.8180931454613,2.6020032947883465,2.816271341648485,-0.214268046860139,293.86750451583424,66.65363557827634,1.3826666842042958,78.26393498181893,-14.626584704358336,2.256799790497685,294.9458006389556,290.83399963378906,286.7221986286225,625797200.0,1855984361.267971,36494347.13205624,-0.004115197293138695,0
2019-05-06,289.25,293.3099975585937,288.8999938964844,292.82000732421875,267.6089172363281,107198100,285.0451989746094,290.6837553775729,292.007236735026,2.4819941923788638,2.7494159117945616,-0.2674217194156982,293.84422604572546,61.60422633581057,0.8784987794335045,-6.99248216949067,-33.863306664855344,2.462028725666178,295.1072871903867,291.04649963378904,286.9857120771913,518599100.0,1939361155.814257,62337618.73508167,-0.016699728591370255,-1
2019-05-07,290.1499938964844,290.8099975585937,285.8099975585937,287.92999267578125,263.13995361328125,144729900,285.2133990478516,290.42149226311653,291.7104265485491,1.969598494121385,2.5934524282599263,-0.6238539341385412,292.5300398036356,46.32914441699377,-1.6901161310113522,-172.23957564261576,-76.8053422370613,2.786884514239298,295.1756412185236,291.00349884033204,286.8313564621405,373869200.0,1917361928.3386743,60243055.763626575,-0.0013892053855424358,0
2019-05-08,287.5299987792969,289.42999267578125,286.8699951171875,287.5299987792969,262.7744445800781,91568300,285.3775988769532,290.1461119313242,291.3796170189267,1.5137949610762007,2.377520934823181,-0.8637259737469805,291.329231982586,45.33883416168268,-1.6083263286915246,-155.59714127180234,-81.18163606009966,2.7706783031215445,295.1486176961882,291.0144989013672,286.88038010654617,282300900.0,1873008840.033117,39797201.38138819,-0.003025754254794455,0
2019-05-09,285.2300109863281,287.3299865722656,283.29998779296875,286.6600036621094,261.9793701171875,103471100,285.5267987060547,289.8141016199704,290.9649031866164,1.0700313863953852,2.116023025137622,-1.0459916387422368,290.1076184038815,43.17702266458101,-1.8455690313811208,-193.2119636987764,-71.15872250804196,2.8749163519232948,295.33437631289115,290.93299865722656,286.531621001562,178829800.0,1942076024.552446,49790983.173769,0.005023381089130252,0
2019-05-10,285.6199951171875,288.94000244140625,282.29998779296875,288.1000061035156,263.2953796386719,112429300,285.7151989746094,289.6508544279272,290.6950943719773,0.8250312717987072,1.8578246744698392,-1.032793402671132,289.475715275773,47.62821109028503,-1.8097534141026552,-135.74347651517834,-54.150141369693806,3.14385194453452,295.34272532014097,290.92749938964846,286.51227345915595,291259100.0,2026059543.851095,76074924.30442524,-0.02513023463578734,-1
2019-05-13,282.4200134277344,283.489990234375,279.92999267578125,280.8599853515625,256.6787414550781,127290500,285.72399841308595,288.81362880160674,289.7362835112072,0.046126036311648,1.495484946838201,-1.449358910526553,287.0808677908149,33.44339710239617,-4.4271310381439095,-192.3904737638517,-93.80831247358668,3.5028634790525985,296.6900561378109,290.4624984741211,284.2349408104313,163968600.0,1965274276.3677683,60570776.54005098,0.009043682537198894,0
2019-05-14,281.989990234375,285.1000061035156,281.8500061035156,283.3999938964844,259.0,77003200,285.80399841308594,288.2980445249284,289.0636640276228,-0.3620312418831872,1.1239817090939237,-1.4860129509771107,285.78810075904084,40.17505076824957,-3.611997657987013,-117.96728626537124,-76.89749195409772,3.5555175699745827,297.0822430636585,290.13399810791014,283.1857531521618,240971800.0,1961719704.0720952,47590736.1296339,0.005857458355188472,0
2019-05-15,281.5899963378906,285.7699890136719,281.3599853515625,285.0599975585937,260.5171203613281,73956400,285.9247985839844,287.9896590995632,288.58042588006884,-0.5452649284843005,0.7901323815782788,-1.3353973100625791,285.1789346646467,44.15069011210089,-2.313148986146248,-89.4653755217946,-65.84555118494235,3.616552290841911,297.1705661113801,289.8789978027344,282.58742949408867,314928200.0,2011862785.0494852,53908905.71548414,0.009261259633228214,0
2019-05-16,285.8399963378906,289.2099914550781,285.760009765625,287.70001220703125,262.9297790527344,76749600,286.1321990966797,287.96207368122685,288.37290344238284,-0.4720107801798008,0.537703749226663,-1.0097145294064638,285.3879715488007,49.85772643799401,-1.1951303510831657,-20.901169465901077,-48.26891193394233,3.654655262673842,297.1433093697319,289.7914978027344,282.4396862357369,391677800.0,2021429243.9619925,54636675.134994745,-0.006465122663262712,0
2019-05-17,285.1400146484375,288.6000061035156,285.1199951171875,285.8399963378906,261.2299499511719,100353000,286.348798828125,287.7599710770996,287.99656996954053,-0.5576162230045156,0.3186397547804273,-0.8762559777849429,285.099782215945,46.27024531783939,-2.7854309000469653,-34.25801384551104,-60.65249016611944,3.642180671506193,297.13146108100017,289.58249816894534,282.0335352568905,291324800.0,1962601562.5802872,31249529.900161505,-0.0066120352472479604,0
2019-05-20,284.0599975585937,285.9599914550781,283.1199951171875,283.95001220703125,259.50274658203125,62877600,286.5385992431641,287.3971178513788,287.46014273507257,-0.7690993784143529,0.1010919281414712,-0.8701913065558242,284.3961423122328,42.89294838758841,-3.029162931263227,-71.95958882509001,-73.23559052046423,3.5848817905332337,297.1935335072409,289.2664993286133,281.3394651499857,228447200.0,1936477166.7109115,10528887.263823032,0.009015662787600798,0
2019-05-21,285.8299865722656,286.92999267578125,285.54998779296875,286.510009765625,261.8422241210937,46847100,286.69999938964844,287.31263136702125,287.1976199195499,-0.7218103145494297,-0.0634885203967089,-0.6583217941527207,284.50836832733205,48.38814217409658,-0.4931695017112017,-17.78686808978485,-54.337158795138365,3.5416745532627094,296.7800021873684,288.947999572754,281.1159969581395,275294300.0,1954809901.8192704,6928232.150360346,-0.0030714629605170796,0
2019-05-22,285.45001220703125,286.69000244140625,285.1000061035156,285.6300048828125,261.0380249023437,49482500,286.8227996826172,287.1523812256681,286.8816204252697,-0.746734539329168,-0.2001377241832007,-0.5465968151459673,284.39673360262367,46.72372959347332,-0.6607984921749949,-24.658749796001644,-60.4440613570471,3.402268966449539,296.4251858362719,288.6179992675781,280.8108126988843,225811800.0,1938315735.152604,-422746.3491191864,-0.012218570089675529,-1
2019-05-23,283.1600036621094,283.2099914550781,280.57000732421875,282.1400146484375,257.8485412597656,98733800,286.83880004882815,286.6750129802176,286.2646695091611,-1.0361560499263192,-0.3673413893318245,-0.6688146605944947,283.4238403943965,40.738859578806746,-1.5767770026960777,-129.01320917225502,-83.48265197200952,3.52067815160339,296.24698424555083,288.12250061035155,279.99801697515227,127078000.0,1957016572.229372,2558733.0027127266,0.0022683210378962038,0
2019-05-24,283.739990234375,284.20001220703125,282.0899963378906,282.7799987792969,258.43341064453125,55268100,286.8711999511719,286.30405924679656,285.7558598109654,-1.2000498834034374,-0.533883088146147,-0.6661667952572904,282.8189982586995,42.20092821700065,-1.8465835513752984,-78.61957647926874,-73.80510271628748,3.419916559998359,295.6528978946486,287.5910003662109,279.5291028377733,182346100.0,1937895237.2747145,-2538244.111902952,-0.009300533609752026,0
2019-05-28,283.0899963378906,284.1499938964844,280.1300048828125,280.1499938964844,256.02984619140625,70029400,286.8479998779297,285.7179577848621,285.0471925281343,-1.5245819101593838,-0.7320228525487944,-0.7925590576105894,281.6703072620497,38.04673076760918,-0.2527919575974496,-113.86697351168048,-97.68419767680922,3.462778878118112,295.0475040886574,286.9050003051758,278.76249652169423,112316700.0,1868562266.3591084,-26453112.394492622,-0.006710708276892463,0
2019-05-29,278.9100036621094,279.3599853515625,276.7099914550781,278.2699890136719,254.3116607666016,104972900,286.7667999267578,285.00862742570115,284.22481050037203,-1.9114426407462588,-0.9679068101882872,-0.9435358305579716,280.2742874757081,35.366659870136424,-1.810164076674717,-188.0248966666673,-87.52001953125,3.461151989781543,294.40048370492286,286.1175003051758,277.8345169054287,7343800.0,1887180192.689505,-27907753.550926447,0.0027311955856930137,0
2019-05-30,279.1099853515625,280.0400085449219,277.8099975585937,279.0299987792969,255.0063018798828,62523800,286.69940002441405,284.4392342212817,283.5498103550502,-2.132128272971101,-1.2007511027448503,-0.9313771702262512,279.3657563133368,37.28980460593378,-2.1153437279663767,-130.8076015644888,-81.43994140625,3.373213346677349,293.87731938392585,285.47850036621094,277.079681348496,69867600.0,1893067815.5844183,-24092430.961910963,-0.013475288614393843,-1
2019-05-31,276.20001220703125,277.1199951171875,275.239990234375,275.2699890136719,251.56997680664065,86862800,286.5738000488281,283.5659727729379,282.5775711786179,-2.5806761624509704,-1.4767361146860742,-1.1039400477648962,277.6881599481237,32.187188481133234,-4.320480592963837,-170.8746132602273,-99.78526287275898,3.402984432266364,293.7577021959989,284.6830001831055,275.6082981702121,-16995200.0,1808977112.6040924,-47097528.94542551,-0.0025428914062199937,0
2019-06-03,275.3099975585937,276.54998779296875,273.0899963378906,274.57000732421875,250.9302215576172,96428000,286.37059997558595,282.7092141587742,281.6144290015812,-2.9585321518010232,-1.7730953221090642,-1.185436829691959,276.17948424835737,31.327750792177227,-3.942761390309302,-155.69434218340524,-90.8187876263678,3.4070563624672188,292.7402028400822,283.7100006103516,274.679798380621,-113423200.0,1795043246.617164,-56660614.66675615,0.021706636908962906,1
2019-06-04,277.1199951171875,280.67999267578125,276.6199951171875,280.5299987792969,256.3771057128906,77231900,286.39619995117187,282.50166983691923,281.3115716843378,-2.745416789185242,-1.9675596155243,-0.7778571736609423,276.5425133654037,44.83429302326026,-1.204442078079857,-53.89703274533999,-53.84612472076029,3.60012271883184,291.18612111559577,283.09550018310546,275.00487925061515,-36191300.0,1866568584.75514,-32663758.993694067,0.00866214909761931,0
2019-06-05,282.3299865722656,282.989990234375,280.32000732421875,282.9599914550781,258.59783935546875,71169700,286.474599609375,282.54531951483915,281.2986660911924,-2.353313692894801,-2.0447104309984003,-0.3086032618964007,277.522295453591,49.21962823180312,-1.2390555965046075,4.656746720678583,-38.77172390291924,3.533684161069083,290.62776788255763,282.8470001220703,275.066232361583,34978400.0,1936139020.4940813,2258616.879830599,0.006502673146223659,0
2019-06-06,283.2900085449219,285.54998779296875,282.57000732421875,284.79998779296875,260.2794494628906,69430400,286.54819946289064,282.76004982704194,281.4846649169922,-1.872511688016175,-2.010270682401956,0.1377589943857806,278.8474925825001,52.31098171206379,-0.2905917010309499,58.49718268928019,-24.50042500275465,3.494133897331887,290.2498996965438,282.7104995727539,275.171099448964,104408800.0,1970621003.5188231,27311254.61961484,0.010007044331713288,1
2019-06-07,285.92999267578125,288.8500061035156,285.739990234375,287.6499938964844,262.88409423828125,74272200,286.7081994628906,283.22575878603647,281.9550929478237,-1.2471248817708442,-1.8576415222757332,0.6105166405048892,280.70873957604005,56.70722511058391,1.9529237123321987,122.8182230732991,-7.614285935587817,3.5338399268473544,290.4145897165331,282.75999908447267,275.10540845241223,178681000.0,1987576745.7300117,40472228.52403093,0.004588935693472518,0
2019-06-10,289.3699951171875,290.82000732421875,288.8699951171875,288.9700012207031,264.0904235839844,60799100,286.87339965820314,283.77282949409994,282.5465217227028,-0.6376374848401838,-1.6136407147886236,0.9760032299484398,282.60136397354825,58.61036276115216,2.1889817059647845,145.23662973673655,-10.43432011938511,3.5078523197677884,290.58777010635947,282.80349884033205,275.01922757430464,239480100.0,1933013792.423179,24816030.112387657,-0.00024226502378454917,0
2019-06-11,290.989990234375,291.3999938964844,288.17999267578125,288.8999938964844,264.0264587402344,58641300,287.0017993164063,284.2611308657556,283.12714029947915,-0.1584369748197218,-1.3225999667948434,1.1641629919751215,284.1476125905741,58.46357428490136,3.1233268572667297,130.04184545162437,-13.653742945621705,3.4872915269774056,291.36800275773413,283.20549926757815,275.04299577742216,180838800.0,1900597207.688596,5840851.063676596,-0.0017652449249604407,0
2019-06-12,288.6400146484375,289.260009765625,287.82000732421875,288.3900146484375,263.56036376953125,47096300,287.05299987792966,284.6543578926777,283.62090366908484,0.1781284645238656,-1.0224542805311017,1.200582745054967,285.2861275512937,57.337034613781015,3.636765024728704,102.38464704650966,-16.43899316979509,3.341056592293425,291.92528568823684,283.45500030517576,274.9847149221147,133742500.0,1890785894.396518,-5574490.145882368,0.004126259105325714,0
2019-06-13,289.3999938964844,289.9800109863281,288.6199951171875,289.5799865722656,264.6479797363281,48945200,287.1251995849609,285.12346538597177,284.204235694522,0.5347159170269151,-0.7110202410194983,1.2457361580464137,286.5242455818491,59.30739433324332,3.7809510945500255,97.37043400447094,-9.939964865612636,3.215980859835823,292.54267677442493,283.6809997558594,274.8193227372938,182687700.0,1910938378.9651256,-3325476.4465191364,-0.001104968649346838,0
2019-06-14,289.260009765625,289.92999267578125,288.4100036621094,289.260009765625,264.35546875,52324700,287.18199951171874,285.51742199355783,284.7355699811663,0.7824747067257363,-0.4123212514704514,1.1947959581961878,287.44591442248475,58.52468584915233,5.08229059116876,79.63956351439394,-11.687517292185436,3.094838585109594,292.7867104166411,283.7589996337891,274.73128885093706,130363000.0,1917135568.221656,-131276.40183639526,0.00038023006239829016,0
2019-06-17,289.5199890136719,290.2200012207031,289.17999267578125,289.3699951171875,264.4560852050781,39205700,287.2257995605469,285.88433371961776,285.26995050339474,0.976444388161724,-0.1345681235440163,1.1110125117057403,288.2146546917274,58.726320614748246,5.390241977701729,73.7304094524215,-11.086832604978149,2.948065010810209,293.2524463726155,283.9354995727539,274.61855277289226,169568700.0,1892255094.208334,-6729138.442174435,0.010471019215623212,1
2019-06-18,291.3900146484375,293.57000732421875,290.989990234375,292.3999938964844,267.2251892089844,85434800,287.3023992919922,286.5048727840812,286.07609281994047,1.35899666925161,0.1641448350151089,1.194851834236501,289.61169770852075,63.92899098733135,4.231274790161054,96.78580784108388,-5.712953125442377,3.037489810540432,294.3790248758288,284.3579986572266,274.33697243862434,255003500.0,1900202141.4416616,-6287918.026056051,0.0022571945139744365,0
2019-06-19,292.54998779296875,293.6499938964844,291.4700012207031,293.0599975585937,267.8282775878906,78674400,287.38779907226564,287.1291703816538,286.9048546200707,1.6958798406526512,0.4704918361426174,1.2253880045100338,290.90340482243323,64.9649543290416,3.5694113685747038,92.19463539727133,-2.869632334387473,2.976240015200396,295.37243725727467,284.685498046875,273.9985588364753,333677900.0,1936291437.003995,5947167.82546711,0.009554315895361931,0
2019-06-20,296.0400085449219,296.3099975585937,293.1300048828125,295.8599853515625,270.3871765136719,116570000,287.558798828125,287.96067656926414,287.9690915062314,2.1638542308971864,0.8091643150935313,1.3546899158036552,292.6579036058985,69.02881157141222,3.8834262755073055,122.89041680948591,-1.938036965432888,2.9957942998289666,296.94261580049294,285.1969970703125,273.451378340132,450247900.0,2019868956.6293397,37004625.75229383,-0.006286708049932255,0
2019-06-21,294.1300048828125,295.5199890136719,293.760009765625,294.0,269.9942321777344,83309500,287.6729986572266,288.53585022933424,288.80747273763023,2.357466625626273,1.1188247772000797,1.2386418484261934,293.5759251869566,63.739687501151145,2.207546058840099,116.49871624726777,-11.73182972154432,2.931807248836634,298.04489375238825,285.7899963378906,273.535098923393,366938400.0,1959279572.7362216,27067452.233431578,-0.0012244399713010612,0
2019-06-24,294.2300109863281,294.5799865722656,293.4700012207031,293.6400146484375,269.66363525390625,47582700,287.78159912109373,289.02196112639166,289.5550935291109,2.453574751564247,1.3857747720729132,1.0677999794913338,294.193049006552,62.73774624435057,1.6160893546066102,98.2633579782345,-16.697839529734804,2.801677113316892,298.9629477103372,286.33299713134767,273.70304655235816,319355700.0,1926273097.398049,10039507.074166536,-0.009807944214485276,0
2019-06-25,293.70001220703125,293.7300109863281,290.6400146484375,290.760009765625,267.0187683105469,82028700,287.79359924316407,289.1874895682234,289.97671377999444,2.2711681957464407,1.562853456807619,0.7083147389388218,293.9083299690916,55.2544540878067,0.6438268980397024,32.16248795628414,-40.392952966470375,2.822271343643611,299.2998844431076,286.8634979248047,274.4271114065017,237327000.0,1850615306.870361,-21912086.301993847,-0.0009974155151378783,0
2019-06-26,291.75,292.3099975585937,290.3500061035156,290.4700012207031,266.75250244140625,51584900,287.80359924316406,289.30963353512624,290.3201902843657,2.079240233094879,1.666130812065071,0.4131094210298078,293.5585809160754,54.54886515361788,0.7212408428222584,0.5933791078790289,-55.25063662453276,2.760679923031721,299.34813540445174,287.47349853515624,275.59886166586074,185742100.0,1805346695.7547507,-47394833.82884526,0.003545972991938262,0
2019-06-27,291.3099975585937,292.0599975585937,290.8900146484375,291.5,267.6983337402344,40355200,287.83039916992186,289.5182398651142,290.7036666143508,1.9873394215813391,1.730372533968325,0.2569668876130144,293.5018895067719,56.6654206161014,0.6630338824382912,6.265185590692994,-56.6549245147373,2.6770596669501274,299.4299592268927,288.0969985961914,276.76403796549005,226097300.0,1807070881.095666,-52962368.49691629,0.005145797598627766,0
2019-06-28,292.5799865722656,293.54998779296875,292.010009765625,293.0,269.0758361816406,59350900,287.9013989257812,289.8498360684367,291.17061912899925,2.012347738240805,1.7867675748228211,0.2255801634179843,293.81011215413724,59.61489969627309,1.2929510157333377,49.90409098045786,-38.98705966930225,2.6322688188085595,298.84219649091887,288.98349914550784,279.1248018000968,285448200.0,1824028617.138629,-45029592.25682855,0.009078510792182248,0
2019-07-01,296.67999267578125,296.9200134277344,294.3299865722656,295.6600036621094,271.51861572265625,78705600,288.01419921875,290.40318536307217,291.8064767020089,2.2212024352990056,1.873654546918058,0.3475478883809475,294.71913956006705,64.2604339670594,2.17369065592809,130.62929941081185,-13.846251873811577,2.724250576589053,297.79115490747785,290.0379989624024,282.28484301732686,364153800.0,1826155996.028696,-37013873.03387761,0.0026043056353062255,0
2019-07-02,295.6099853515625,296.489990234375,294.67999267578125,296.42999267578125,272.2257385253906,61504500,288.1373992919922,290.9771670119016,292.41523800804504,2.420945809465991,1.9831127994276447,0.437833010038346,295.6283680201728,65.4976626975741,1.378248585300442,121.31073846029165,-5.758169090856935,2.658946789589337,297.7376660843779,290.83299865722654,283.9283312300752,425658300.0,1883583010.039824,-12097585.890595436,0.007995125917571011,0
2019-07-03,297.17999267578125,298.82000732421875,297.0199890136719,298.79998779296875,274.4022216796875,40898900,288.2557989501953,291.72219756247944,293.1739988781157,2.7389102195495525,2.1342722834520265,0.604637936097526,296.9498787585555,69.04922806814386,1.9586399652608395,165.8448539829625,-0.1923105111179546,2.63973735093562,298.3676323909604,291.62499847412107,284.88236455728173,466557200.0,1923572167.2868276,11919043.963938711,-0.0011378726632552683,0
2019-07-05,297.44000244140625,298.6400146484375,296.010009765625,298.4599914550781,274.0899963378906,51677300,288.3803985595703,292.3638922189174,293.8249505905878,2.9296927677941085,2.293356380320443,0.6363363874736656,297.9021731981882,67.96831866617065,0.8787961306852995,126.56388856960334,-3.734598776766152,2.6504688278219226,298.9128776709862,292.30799865722656,285.70311964346695,414879900.0,1968174870.1018653,34852248.53067517,-0.005494820672157674,0
2019-07-08,297.010009765625,298.260009765625,296.2200012207031,296.82000732421875,272.583984375,45841800,288.4757989501953,292.788284133708,294.2546657017299,2.914954517173044,2.417676007690963,0.4972785094820806,298.2113898547225,62.85698641765762,0.9591861647002552,93.57473367610648,-23.61274748239024,2.621148928289981,299.2869117462244,292.7664993286133,286.2460869110022,369038100.0,1949298996.1658623,35059667.91645932,0.0012465302474820028,0
2019-07-09,295.5400085449219,297.5199890136719,295.4800109863281,297.19000244140625,272.92364501953125,41101300,288.55139892578126,293.20749540110785,294.6759517124721,2.899703879827655,2.5140815821183016,0.3856222977093533,298.5147709852301,63.523458963771525,1.2089591390393428,70.25882202478947,-19.24444684645733,2.579636721079512,299.7250859890115,293.17749938964846,286.6299127902854,410139400.0,1977103214.6082523,40804075.54081702,0.00477803054776782,0
2019-07-10,298.3699951171875,299.6600036621094,297.7799987792969,298.6099853515625,274.2277526855469,58448500,288.6461987304688,293.7220182535321,295.1933313278925,2.9679853063093447,2.60486232695651,0.3631229793528345,299.0867157220649,66.04183808489397,2.699812671029,115.30574837067108,-11.278395122430918,2.5718056139097656,300.309127236221,293.6629989624024,287.0168706885837,468587900.0,1970262527.55871,37268016.82221675,0.0023442357636067612,0
2019-07-11,299.32000732421875,299.5799865722656,298.20001220703125,299.3099975585937,274.8705749511719,50826100,288.7519989013672,294.25420675877604,295.731140718006,3.043500385665766,2.6925899386983616,0.3509104469674042,299.6920295672934,67.24251241507996,3.043342273123005,105.37832211370905,-3.759465040810917,2.4866748104329086,300.8268079176949,294.20899810791013,287.59118829812536,519414000.0,2001200593.4712648,42277375.88021874,0.004476951484483349,0
2019-07-12,299.8500061035156,300.7300109863281,299.510009765625,300.6499938964844,276.1012268066406,40326000,288.92879882812497,294.8633293433197,296.3445688883464,3.1748751513104594,2.789046981220781,0.3858281700896784,300.4901317889513,69.46797043635891,3.1389344413325477,119.89047045284596,-0.7708771888560895,2.410484711668696,301.5875766309748,294.7624984741211,287.9374203172674,559740000.0,2036236813.2476363,51631149.43459082,0.0003326329803621242,0
2019-07-15,301.1300048828125,301.1300048828125,300.19000244140625,300.75,276.1929626464844,33900000,289.12019897460937,295.423964643956,296.91480712890626,3.2496008802150413,2.881157761019633,0.3684431191954078,301.1233538507185,69.63377907257683,2.645051194539249,111.56532173380286,-3.5250920764694715,2.305450263792761,302.1469944321206,295.33699798583984,288.5270015395591,593640000.0,2042728021.6107297,52829336.78285551,-0.0032252742168017434,0
2019-07-16,300.6499938964844,300.8800048828125,299.44000244140625,299.7799987792969,275.3022766113281,36650100,289.2351989746093,295.838825037798,297.3379500616164,3.193735175793961,2.9436732439744997,0.2500619318194617,301.3430248481927,65.89577719401433,1.393490856441974,87.12254133031371,-12.523249131607784,2.2436325621936994,302.34744396218093,295.8574981689453,289.3675523757097,556989900.0,2023384697.5230763,42362143.32626915,-0.00680501885792506,0
2019-07-17,299.75,299.92999267578125,297.739990234375,297.739990234375,273.4288330078125,36036300,289.3335986328125,296.0198883898529,297.5172350202288,2.950834182412848,2.945105431662169,0.0057287507506789,300.94721466709007,58.752605776328096,0.4419247683976948,36.59421417382986,-33.10564337314928,2.2398018392803087,302.4610687387561,296.12449798583987,289.7879272329236,520953600.0,1987348397.5230763,22762910.246186733,0.0036609000256653257,0
2019-07-18,297.19000244140625,299.25,296.70001220703125,298.8299865722656,274.4298095703125,51392600,289.55159851074217,296.287516788178,297.7749005998884,2.8138506711634363,2.9188544795624223,-0.1050038083989859,300.8627097138607,61.17435884947485,0.010039752517547,18.29239853007028,-25.21951252158317,2.261957978829491,302.6903298555588,296.4129974365234,290.13566501748807,572346200.0,2021811048.175318,23641075.534940243,-0.0055549082057393395,0
2019-07-19,300.0400085449219,300.07000732421875,296.9800109863281,297.1700134277344,272.9053955078125,58678600,289.7443988037109,296.37156408718334,297.8469973609561,2.5420412229437943,2.8434918282386965,-0.3014506052949022,300.3236897385792,55.80111076496685,-0.4322113731407472,-7.256300271761539,-58.235011646015,2.3211035759053056,302.75872102847444,296.478498840332,290.1982766521896,513667600.0,1970348687.9627807,5476748.945901156,0.0024564405416616086,0
2019-07-22,297.6099853515625,298.5,297.0400085449219,297.8999938964844,273.5757141113281,43638100,289.9691986083984,296.51712883092625,297.98237784249443,2.358348031983155,2.7464630689875884,-0.3881150370044333,300.03662696926006,57.56622960370749,0.3638523501166643,-35.69089729161017,-50.07759493551104,2.259595567274774,302.875484470898,296.6734985351562,290.4715125994145,557305700.0,1978119281.6773772,20463.437220573425,0.0071500668897384045,0
2019-07-23,299.1400146484375,300.0299987792969,298.2200012207031,300.0299987792969,275.53179931640625,44564500,290.207798461914,296.85168787362824,298.3020445324126,2.3574680236544623,2.6686640599209634,-0.3111960362665011,300.32336424938245,62.297587275495495,0.9556163782631136,58.65341625005055,-19.469155607408485,2.2503390898131803,303.1953460433345,296.99299774169924,290.790649440064,601870200.0,2022683781.6773772,11966099.962103844,0.004699542271926482,0
2019-07-24,299.19000244140625,301.44000244140625,299.0899963378906,301.44000244140625,276.82672119140625,47213200,290.6193988037109,297.2886702134166,298.7255687895276,2.4423917505890813,2.6234095980545877,-0.1810178474655059,300.89505086947486,65.07378270394014,0.9477302262722012,117.6083095393314,0.0,2.2574581622204994,303.31609439981924,297.5269973754883,291.7379003511573,649083400.0,2069896981.6773772,30787505.81663752,-0.004777078124148959,0
2019-07-25,300.94000244140625,301.0,299.1099853515625,300.0,275.5042419433594,55394100,290.95139892578123,297.5468920978531,298.96109284900484,2.366221920233784,2.5719720624904268,-0.205750142256643,300.9604158500793,60.19855786186626,0.2305310370634145,67.43465639313958,-24.161149428818675,2.2626409427650187,302.889021343687,298.0034973144531,293.11797328521925,593689300.0,2066673440.755076,34662635.57124758,0.006700032552083401,0
2019-07-26,300.760009765625,302.2300109863281,300.6199951171875,302.010009765625,277.3501281738281,45084100,291.29039916992184,297.9719509233552,299.34266546340217,2.439921870116564,2.5455620240156542,-0.1056401538990905,301.5064113411735,64.22722053488144,0.4523585221188751,139.533083577496,-3.25927734375,2.2603102315909545,302.71409934605987,298.52899780273435,294.34389625940884,638773400.0,2099436473.336534,43521368.51302934,-0.001821192320657583,0
2019-07-29,301.8800048828125,302.010009765625,300.8500061035156,301.4599914550781,276.8450012207031,38126500,291.5655987548828,298.30414525970974,299.62180771600634,2.4259825141107854,2.5216461220346806,-0.0956636079238952,301.78213292973766,62.36693270285867,0.2360736342736907,113.78467235695244,-13.924406893773424,2.1817169051993965,302.4738636124759,298.9519973754883,295.4301311385007,600646900.0,2101407444.1739235,43816034.663561344,-0.0024546880360581946,0
2019-07-30,299.9100036621094,301.1700134277344,299.489990234375,300.7200012207031,276.1654663085937,45849000,291.863198852539,298.5342267798044,299.7901890345982,2.328384281858632,2.4829937539994718,-0.1546094721408391,301.7870875377949,59.85507229273033,0.3135640954146163,45.99489922960775,-27.30578840773259,2.166594356306803,302.46156431642424,299.204997253418,295.94843019041167,554797900.0,2122694152.6987455,46726347.649989605,-0.010940438053893442,-1
2019-07-31,300.989990234375,301.20001220703125,295.20001220703125,297.42999267578125,273.1441650390625,104245200,292.13279846191404,298.42906162704026,299.6211409795852,1.9629333124723305,2.3789816656940435,-0.4160483532217132,300.9102066664672,50.17863139320785,-0.1041168700078636,-100.49795859236274,-68.27907743999585,2.440409045142081,302.36710702089124,299.254997253418,296.1428874859447,450552700.0,2095937206.0190585,35155506.50544715,-0.008707919179872015,0
2019-08-01,297.6000061035156,300.8699951171875,293.9599914550781,294.8399963378906,270.7656555175781,142646600,292.29939819335937,298.0872458852165,299.2006647019159,1.4476323230362027,2.192711797162475,-0.7450794741262725,299.4972692057103,44.130265735468,-1.3352041005463509,-143.2956214862222,-89.35909547145303,2.759665803496941,302.7156110486713,299.05699768066404,295.3983843126568,307906100.0,1989623352.180956,-6601109.866302252,-0.00752951176325134,0
2019-08-02,293.8500061035156,294.1199951171875,290.8999938964844,292.6199951171875,268.7268371582031,116749700,292.43919799804684,297.5665553358804,298.5876168387277,0.8503151276893277,1.9242324632678456,-1.073917335578518,297.7492569200579,39.71174456747947,-1.5311162314340796,-243.463487382852,-84.81907655510125,2.8439755633476187,303.3758669052907,298.7649978637695,294.1541288222483,191156400.0,1997600080.994467,-20545211.044418573,-0.030073091175620292,-1
2019-08-05,288.0899963378906,288.2099914550781,281.7200012207031,283.82000732421875,260.6453552246094,178745400,292.47279785156246,296.25736028715073,297.1642844063895,-0.3293519590179699,1.4735155788106828,-1.8028675378286527,294.0299856501019,27.8206619545708,-4.726413850534755,-315.1516318616107,-89.7610672666024,3.419405444286041,306.0826866204745,298.1149978637696,290.1473091070646,12411000.0,1934530180.469696,-44449565.234764576,0.014022903128895647,1
2019-08-06,285.9100036621094,288.0400085449219,284.2799987792969,287.79998779296875,264.3004150390625,120711700,292.5731976318359,295.45189624008583,296.1819024948847,-0.9323479358939152,0.9923428758697632,-1.9246908117636785,292.02714775292134,37.00766188415604,-4.076262719090488,-175.1353900942727,-70.35600352343201,3.476590856887269,306.7948743570724,297.64549713134767,288.496119905623,133122700.0,2039830583.792532,-16683075.870388508,0.0005907346592963769,0
2019-08-07,284.3999938964844,288.82000732421875,282.0400085449219,287.9700012207031,264.4566650390625,140572300,292.7295977783203,294.73933480966843,295.2604266938709,-1.3805933088875122,0.5177556389183082,-1.8983489478058204,290.4561858438657,37.37435268260992,-4.468551324179815,-133.88345436175865,-69.52707448011523,3.712548565630841,307.1691434890413,297.1134979248047,287.05785236056806,273695000.0,2145155882.465602,29705180.799232244,0.019620078037761113,1
2019-08-08,289.6199951171875,293.6199951171875,289.010009765625,293.6199951171875,269.6452331542969,87713900,293.0365979003906,294.63273102943214,294.9277121407645,-1.2653376827796023,0.1611369745787261,-1.4264746573583285,290.6686308229413,48.17193897573221,-2.126668294270833,-45.71808293983786,-41.97957956885572,3.8509375178346814,306.94177371644065,296.8289978027344,286.7162218890281,361408900.0,2232869782.465602,73890692.0914197,-0.006811525213743619,0
2019-08-09,292.5799865722656,293.239990234375,289.6499938964844,291.6199951171875,267.8086242675781,93730000,293.2883978271484,294.3458037996945,294.4316166469029,-1.3201620477061056,-0.1351228298782402,-1.1850392178278653,290.3588832704545,45.20102909231385,-3.440288173395536,-45.65055627783912,-51.73091573521885,3.8594420680395713,306.5735543302281,296.3774978637695,286.1814413973109,267678900.0,2242007973.425929,88156853.64456248,-0.012173334656089607,-1
2019-08-12,289.9599914550781,291.6099853515625,287.0199890136719,288.07000732421875,264.54840087890625,65527600,293.5443981933593,293.74810889726825,293.6404270717076,-1.6312609376408318,-0.4343504514307585,-1.1969104862100732,289.2183831064208,40.434237583835305,-4.441711839182704,-67.19224853175794,-69.03947791308073,3.912339499145009,306.34212409144527,295.74349822998045,285.1448723685156,202151300.0,2206460867.866938,74668308.54348135,0.01555170741432943,1
2019-08-13,287.739990234375,294.1499938964844,287.3599853515625,292.54998779296875,268.66259765625,94299800,293.90399780273435,293.6340021254302,293.33628322056364,-1.4990321566052105,-0.6472867924656489,-0.8517453641395614,289.4829175515394,47.9011328356657,-2.7168174363428106,-30.814029851659956,-47.19658012831959,4.11788728812909,305.89813642109635,295.3819976806641,284.8658589402318,296451100.0,2256318822.304566,78226133.91014957,-0.029567575653449696,-1
2019-08-14,288.07000732421875,288.739990234375,283.760009765625,283.8999938964844,260.7188415527344,135622100,293.97139770507806,292.70695372267346,292.2427590506417,-2.0683791243839096,-0.9315052588493012,-1.1368738655346085,287.4926540031792,37.996989687028055,-4.548969207031345,-97.07627876969909,-89.37107928912378,4.45160805521588,306.2627665655541,294.6899978637695,283.11722916198494,160829000.0,2128321226.8233912,31843633.551581383,0.002641775329778495,0
2019-08-15,284.8800048828125,285.6400146484375,282.3900146484375,284.6499938964844,261.4075927734375,99556600,294.0051977539062,291.9396242154173,291.2865681966146,-2.4310483541321446,-1.23141387790587,-1.1996344762262747,286.09764887821524,39.17137144098895,-3.456112660416794,-103.4278795221609,-85.55943104068055,4.36577890841474,306.1732370782592,293.98099822998046,281.7887593817017,260385600.0,2167223611.442532,22352130.006295204,0.014755005435055812,1
2019-08-16,286.4800109863281,289.3299865722656,284.7099914550781,288.8500061035156,265.26470947265625,83018300,294.0861981201172,291.64537487142667,290.7979022798084,-2.352442949480689,-1.455619692220834,-0.8968232572598556,286.09174285885564,45.40735070898932,-1.2883565978333371,-44.79937594765931,-63.39835286634781,4.388222748940921,305.8609287097362,293.5649978637695,281.26906701780285,343403900.0,2232992039.2941446,37363548.32634688,0.012047707790260098,1
2019-08-19,292.19000244140625,293.0799865722656,291.44000244140625,292.3299865722656,268.4606018066406,53571800,294.1797979736328,291.7105759857923,290.68028215680806,-1.986443772266796,-1.5617845082300263,-0.4246592640367694,287.03745948687487,49.98273440634532,2.9983718654215914,44.7789298004606,-45.53398681854427,4.376919728927283,305.4284198334234,293.28649749755857,281.1445751616937,396975700.0,2237564767.6031938,41562855.889579296,-0.00766254006521927,0
2019-08-20,291.7699890136719,292.3599853515625,289.95001220703125,290.0899963378906,266.4034423828125,51596400,294.20219787597654,291.5562350669445,290.3758534749349,-1.855743423946592,-1.6205762913733397,-0.2351671325732525,287.2735590748942,47.2383671493706,0.7956944551954641,31.202773727334023,-56.29243976561218,4.2364235443275575,304.5957162261708,292.7894973754883,280.98327852480577,345379300.0,2191962357.391721,24992455.19910717,0.008135461060131632,0
2019-08-21,292.4800109863281,292.8599853515625,291.7200012207031,292.45001220703125,268.57080078125,49524700,294.27319824218745,291.6413566993337,290.34352155412944,-1.5439314187620994,-1.6052473168510917,0.061315898088992,288.1165181471271,50.33256064973428,1.5557214179731864,78.56079222522655,-13.676449647194,4.131678220709288,303.4591438185134,292.33999786376955,281.2208519090257,394904000.0,2205865865.0587,20365456.88348865,-0.0003078367300768381,0
2019-08-22,293.2300109863281,293.92999267578125,290.3999938964844,292.3599853515625,268.488037109375,51666400,294.35259765624994,291.7097975233555,290.34542512439543,-1.2892212331561836,-1.54204210011211,0.2528208669559264,288.81587932866364,50.21159137718043,-0.4291294144058936,77.0198997058946,-14.400720833967585,4.088701117751256,302.5086682891051,291.95799713134767,281.4073259735902,343237600.0,2211573820.601576,18437356.43769741,-0.025687438857325606,-1
2019-08-23,290.9200134277344,292.760009765625,283.4700012207031,284.8500061035156,261.59130859375,149161500,294.25799804687495,291.0564840547993,289.66847359793525,-1.6740566547262006,-1.5684450110349282,-0.1056116436912724,287.4673400342459,41.29540543048787,-2.321510570957713,-55.83754376060781,-76.79602842598659,4.4602230768348905,301.0130247557646,291.09999694824216,281.1869691407197,194076100.0,2106727370.9768856,-17387769.21050024,0.011058430152673493,1
2019-08-26,287.2699890136719,288.0,285.5799865722656,288.0,264.48406982421875,72423800,294.23279785156245,290.7653903352946,289.3732357933408,-1.705206755043207,-1.595797359836584,-0.109409395206623,287.20763214335864,45.654482231165545,-0.0243021912864249,-53.163722367899766,-50.78448666901869,4.36663527823842,299.19697488928455,290.42699737548827,281.657019861692,266499900.0,2179151170.976886,-7418859.774717808,-0.003923628065321205,0
2019-08-27,289.5400085449219,289.95001220703125,286.0299987792969,286.8699951171875,263.4463806152344,66668900,294.18279785156244,290.3944003145225,289.0344736735026,-1.8003223883359851,-1.6367023655364643,-0.1636200227995208,286.7318316159973,44.38133656522446,-1.941546030690952,-46.37253004756711,-61.9048607633041,4.33473371748813,297.24019798917465,289.7344970703125,282.22879615145035,199831000.0,2141054434.2531545,-14787916.710837364,0.007041585267308248,0
2019-08-28,286.1400146484375,289.07000732421875,285.25,288.8900146484375,265.30145263671875,59696700,294.11259826660154,290.25112548918105,288.9540467761812,-1.6931855300088614,-1.6479989984309438,-0.0451865315779176,286.8964470619788,47.21510444025655,1.7576684956790054,-36.62196592194357,-44.72779362191872,4.297967546540316,295.9335628853321,289.3074981689453,282.6814334525585,259527700.0,2195125506.940773,746257.3714323044,0.012772929962008517,1
2019-08-29,291.7200012207031,293.1600036621094,290.6099853515625,292.5799865722656,268.6900329589844,57899400,294.102998046875,290.47292178280816,289.2657123384022,-1.295594099731943,-1.5775180186911435,0.2819239189592006,288.0175102687794,52.02374429378444,2.785874879964012,85.09175408942833,-13.35042597527968,4.295969079906856,295.5090670291181,289.1944976806641,282.87992833221006,317427100.0,2226685769.4116025,17075206.884767056,-0.0004442353243538921,0
2019-08-30,294.2200012207031,294.239990234375,291.4200134277344,292.45001220703125,268.57080078125,62901200,294.03479858398435,290.66121610892463,289.57576134091335,-0.9796945626991942,-1.457953327492754,0.4782587647935599,288.92558637621426,51.8445866558401,1.246323706922646,85.05442950697221,-15.10533092969354,4.190541060387836,295.4825345307089,289.1859985351563,282.88946253960364,254525900.0,2209733996.4166346,16809194.197753906,-0.0058472282485175775,0
2019-09-03,290.57000732421875,291.5799865722656,289.2699890136719,290.739990234375,267.0003967285156,69101400,293.9695983886719,290.6687184065865,289.7237605503627,-0.8574423242363878,-1.337851126841481,0.4804088026050932,289.24269634905494,49.43259500371181,-0.543904632068106,32.339245387871394,-29.5359258305434,4.118361212742943,295.3536563458211,289.53199768066406,283.71033901550703,185424500.0,2228579998.762924,21168717.55436325,0.01135041074977905,1
2019-09-04,293.1400146484375,294.0599975585937,292.3099975585937,294.0400085449219,270.03094482421875,46887300,293.97759826660155,290.9897936578566,290.1530949183873,-0.4886399095084357,-1.168008883374872,0.6793689738664364,290.37119334867634,53.89079325327748,1.361650610809192,95.57675891955428,-1.6876126706155017,4.0613359349912095,295.9240309356096,289.84399871826173,283.76396650091385,232311800.0,2274396177.75637,35605605.19322157,0.012855389298900066,1
2019-09-05,296.7900085449219,298.8299865722656,294.0,297.82000732421875,273.5022888183594,83258100,294.1187982177734,291.6402901975101,290.9127147856213,0.1074147614560843,-0.9129241544086808,1.020338915864765,292.2836279634122,58.41352484385352,1.8362095719065905,170.3075336372475,-6.575392000254309,4.116239551939383,297.2659676101247,290.3364990234375,283.40703043675035,315569900.0,2322834738.623628,53687000.84931612,0.0007722129578071613,0
2019-09-06,298.1700134277344,298.760009765625,297.4200134277344,298.04998779296875,273.7134704589844,49584300,294.2703979492188,292.2507375875538,291.6473327636719,0.591531082237907,-0.6120331070793632,1.2035641893172702,293.9082880719239,58.67908752562604,1.9462316070935728,169.5370021877966,-5.0781218955884615,3.9179364652216098,298.1451324390187,290.55799865722656,282.9708648754344,365154200.0,2319872712.1848564,55260836.03726244,0.0005033531964668825,0
2019-09-09,299.1400146484375,299.239990234375,297.1600036621094,298.20001220703125,273.851318359375,51260300,294.4043981933594,292.8173351703612,292.375143577939,0.9760511605279588,-0.2944162535578988,1.2704674140858576,295.2671118151657,58.86363009656529,4.686679240815666,141.93729538666426,-6.594665515886766,3.7866543300104647,299.16867444476645,290.8869995117187,282.605324578671,416414500.0,2319873464.276351,50881204.63987398,-0.000234766335858283,0
2019-09-10,297.3599853515625,298.20001220703125,295.9700012207031,298.1300048828125,273.7870178222656,57947100,294.50699829101563,293.3233037144041,293.06495361328126,1.2606056101276977,0.0165881191792204,1.2440174909484771,296.3437088762685,58.7318146499047,3.517362806532118,104.99657489586292,-7.038593055456111,3.675465519747438,300.13524041274974,291.38999938964844,282.64475836654714,358467400.0,2374182267.0283933,61744046.79478598,0.007110975354596816,0
2019-09-11,298.4700012207031,300.3399963378906,297.75,300.25,275.7338562011719,68821100,294.59879821777344,293.98298907493705,293.9087631952195,1.638297674175135,0.3409300301784034,1.2973676439967314,297.7516184073616,61.54047513514873,4.664135361157836,117.04999248213254,-0.5334698514461,3.597932006757664,301.331000534542,291.775,282.218999465458,427288500.0,2438220621.293201,80950681.59743547,0.0034638086425373693,0
2019-09-12,301.25,302.4599914550781,300.4100036621094,301.2900085449219,276.68896484375,72908700,294.69599853515626,294.67889569112606,294.81495448521207,1.9985038456115376,0.6724447932650304,1.3260590523465072,299.1451000943929,62.875327494130445,4.292288853103647,121.4657260617524,-6.1610506151729805,3.498793395923409,302.3397033304775,292.6445007324219,282.94929813436624,500197200.0,2427907427.6855555,78167317.72359276,-0.0006638527709471598,0
2019-09-13,301.7799987792969,302.1700134277344,300.67999267578125,301.0899963378906,276.5053405761719,62104800,294.7417987060547,295.28947670510365,295.6192874000186,2.241986295656261,0.9863530937432764,1.2556332019129846,300.199120511308,62.42657886818866,2.908609664428662,102.41144927070194,-7.960463668814066,3.3553096356398147,303.09858618992394,293.4665008544922,283.8344155190605,438092400.0,2399980937.4858627,61036847.64588261,-0.0030887531538497104,0
2019-09-16,299.8399963378906,301.1400146484375,299.45001220703125,300.1600036621094,275.6513366699219,58191200,294.77579895019534,295.75333641529465,296.2567638578869,2.3330117476727423,1.25568482452917,1.0773269231435725,300.7812045681861,60.27255657155736,2.636345061808398,76.5218211689618,-13.364258773586412,3.236359121765987,303.83996171680803,294.03200073242186,284.2240397480357,379901200.0,2390683459.4693217,45521835.27738571,0.0025320154462702416,0
2019-09-17,299.94000244140625,301.0199890136719,299.75,300.9200134277344,276.3492431640625,41475500,294.8577990722656,296.24540089266986,296.9127650669643,2.438368516195112,1.4922215628623583,0.9461469533327538,301.4130191784179,61.44341280609748,3.5014182896384245,75.15520380188961,-8.948162649373959,3.095904114044977,304.6775573997982,294.4615020751953,284.2454467505924,421376700.0,2425628922.7998514,46155447.161133766,0.0005981412593034641,0
2019-09-18,300.489990234375,301.2200012207031,298.239990234375,301.1000061035156,276.5144958496094,73375800,294.9359991455078,296.7077442460838,297.545003545852,2.507483707650181,1.6952739918199229,0.8122097158302579,301.9340693816004,61.7310728786563,2.4010329728701394,63.803782341648365,-10.310728581013862,3.0876260334937733,305.4114024456575,295.0120025634766,284.6126026812957,494752500.0,2493095524.639092,63685348.32050419,-6.648798021979818e-05,0
2019-09-19,301.5299987792969,302.6300048828125,300.7099914550781,301.0799865722656,276.4961242675781,76560500,294.9853991699219,297.1241482771487,298.1229067847842,2.5314614738740038,1.862511488230739,0.6689499856432644,302.3117954867443,61.67595650344582,1.094613917089167,85.68036348645346,-11.601919681301842,3.004225133082387,306.09498382657387,295.4435012817383,284.7920187369027,418192000.0,2446042121.579408,50095557.06484699,-0.009299813730052398,0
2019-09-20,300.3599853515625,300.6700134277344,297.4100036621094,298.2799987792969,275.18975830078125,89565000,294.9647991943359,297.2342292773533,298.3930494035993,2.298038059665828,1.949616802517757,0.3484212571480709,301.85113845890066,54.36486745786812,0.0771719495885016,10.458893141940225,-32.559887249560845,3.0517792600162346,306.36076102752355,295.739501953125,285.11824287872645,328627000.0,2404281341.979318,26694434.672518253,-0.00023470338106901245,0
2019-09-23,297.54998779296875,299.0,297.2699890136719,298.2099914550781,275.1251220703125,43476800,294.91599914550784,297.3271590085652,298.62833411807105,2.083383369568878,1.9763701159279812,0.1070132536408967,301.4149163731551,54.191896752744746,0.003346494848547,-32.16181945637182,-42.82955708143314,2.9573672404670828,305.816576198812,296.4075012207031,286.9984262425943,285150200.0,2408050829.393102,15893863.809813024,-0.007846807300026737,0
2019-09-24,299.4100036621094,299.8399963378906,294.8099975585937,295.8699951171875,272.9662170410156,94869400,294.8183990478516,297.18838149510066,298.57714306059336,1.7047979829139308,1.9220556893251717,-0.2172577064112406,300.41459461581746,48.62319340326482,-0.7580618282662805,-109.48636618513054,-78.33147092521607,3.105412350383502,305.3935495460654,296.8010009765625,288.20845240705955,190280800.0,2353166064.2996387,-7432782.601014614,0.005914759958362437,0
2019-09-25,295.9599914550781,298.1099853515625,294.3299865722656,297.6199951171875,274.5807800292969,71854000,294.7751989746094,297.22948755434703,298.6551425025577,1.5283587428519354,1.8433163000305244,-0.314957557178589,300.0192282152624,52.5502003427948,-0.8759383456494588,-114.79412465959412,-60.36143027851825,3.1535970953058863,304.6244765957884,297.3385009765625,290.0525253573366,262134800.0,2406391614.73843,635608.3342638016,-0.0020831769617608575,0
2019-09-26,297.6300048828125,297.8599853515625,295.45001220703125,297.0,274.0087890625,56179700,294.76039916992187,297.2076315967902,298.62290431431364,1.3232473774111213,1.739302515506644,-0.4160551380955226,299.5098107539617,51.06111442930477,-1.42388012322096,-100.31167863882912,-67.83123448846402,3.100481098821983,303.9226129067739,297.74400024414064,291.56538758150737,205955100.0,2422476495.288006,8996447.67953682,-0.005387225937763085,0
2019-09-27,297.8299865722656,297.95001220703125,293.69000244140625,295.3999938964844,272.5326232910156,84746600,294.6917993164063,297.03547562533254,298.39966561453684,1.0198320329544686,1.595408418996209,-0.5755763860417404,298.65675465454024,47.33349150693493,-1.8898012257507184,-124.8979254151173,-80.87258402572488,3.183304575022199,303.7040379648178,297.88500061035154,292.06596325588526,121208500.0,2405765402.1623254,6281766.173565388,0.004637762848660021,0
2019-09-30,295.9700012207031,297.54998779296875,295.9200134277344,296.7699890136719,273.796630859375,51662400,294.683798828125,297.01019118612675,298.2934740339007,0.879778800543761,1.4522824953057196,-0.5725036947619586,298.29766154250973,50.65522596955271,-1.1294025210146403,-79.72391095969478,-65.54825804073106,3.109496669412354,303.39395742518855,298.1009994506836,292.8080414761787,172870900.0,2407983332.6111093,5305850.1390481,-0.011894729622186517,-1
2019-10-01,297.739990234375,298.4599914550781,293.0,293.239990234375,270.5398864746094,88242400,294.5905987548828,296.65112442881707,297.8305207752046,0.478429171098071,1.25751183046419,-0.7790826593661191,297.07625876986214,43.1103492957803,-2.552180928705071,-121.0063385348764,-97.50789083395657,3.2773891541027678,302.8995307604713,298.2259994506836,293.5524681408959,84628500.0,2327498202.721163,-21184643.216332912,-0.017664687110517052,-1
2019-10-02,291.5,291.510009765625,286.6400146484375,288.0599975585937,265.76092529296875,122539500,294.35119873046875,295.8329218697482,296.8623301188151,-0.2546895175168515,0.9550715608679818,-1.2097610783848334,294.7261025032741,34.89646474717797,-4.330789864029058,-242.00895836822932,-91.11955111077216,3.5147167563766786,304.1438553828192,297.9269989013672,291.7101424199152,-37911000.0,2276418320.9063964,-46348476.23765659,0.008192792783248581,0
2019-10-03,287.8099975585937,290.45001220703125,284.82000732421875,290.4200134277344,267.9382019042969,85278800,294.1307989501953,295.3174067800326,296.14737912132625,-0.6379044376395768,0.6364763611664701,-1.274380798806047,293.4177138727772,40.46229085540698,-3.5405784575364425,-199.4636867331817,-68.55695187440669,3.6658087654078098,304.5834052690363,297.55699920654297,290.53059314404965,47367800.0,2360788325.993016,-25584272.10630512,0.013532100041580453,1
2019-10-04,291.1400146484375,294.6300048828125,291.0799865722656,294.3500061035156,271.56396484375,65091200,294.01779907226563,295.2252733822691,295.84195120675224,-0.6173707919453477,0.3857069305441066,-1.0030777224894545,293.3789862253114,48.376918497788,-1.317551526037496,-67.50809848390183,-46.49073506077814,3.7046789575271184,304.53034049629974,297.3720001220703,290.21365974784084,112459000.0,2415611716.112249,2679823.904122829,-0.004314657737100158,0
2019-10-07,293.4700012207031,295.260009765625,292.7699890136719,293.0799865722656,270.39227294921875,59610500,293.8391986083984,295.02096035274496,295.4331880115328,-0.6955597125758572,0.1694536019201138,-0.8650133144959711,293.033872822164,46.23778103465672,-1.7202659299848695,-48.87649234020139,-53.62167108180631,3.617917657128976,304.50022835654363,297.11599884033205,289.7317693241205,52848500.0,2370843750.618885,-245564.3762383461,-0.015524730453905788,-1
2019-10-08,291.0400085449219,291.8500061035156,288.489990234375,288.5299987792969,266.1944274902344,95708100,293.5805987548828,294.4027735362261,294.6154737200056,-1.111854221197575,-0.0868079627034239,-1.025046258494151,291.5875940374059,39.49913569104192,-2.4808180819360937,-118.78327227017138,-79.16905129901062,3.6873518486119514,304.890905084294,296.63599853515626,288.38109198601853,-42859600.0,2277414890.9364123,-31147354.537514687,0.009496379045393022,0
2019-10-09,290.75,292.29998779296875,290.0599975585937,291.2699890136719,268.72235107421875,62359400,293.3915985107422,294.10441310550664,294.10442519414994,-1.2067654645698551,-0.3107994630767102,-0.8959660014931451,291.1348038371641,44.72356776405324,-2.1335952582807205,-69.8941024863176,-59.30612488519811,3.693254503259088,304.5824542856014,296.18699798583987,287.79154168607835,19499800.0,2282425732.097175,-39363059.7307477,0.006763488498674919,0
2019-10-10,291.17999267578125,294.2099914550781,291.0,293.239990234375,270.5398864746094,55296300,293.30779846191405,294.0220871177798,293.82375778924853,-1.110222717816043,-0.4706841140245769,-0.6395386037914664,291.29959297547555,48.18783518799475,-1.2659965540824916,-25.3361500109736,-43.94148422817088,3.6587357141033054,303.9309371589293,295.7844970703125,287.63805698169574,74796100.0,2304302953.4167547,-32184636.005317688,0.010366964418775604,1
2019-10-11,296.2699890136719,298.739990234375,296.1400146484375,296.2799987792969,273.3444519042969,98720400,293.3365985107422,294.23712632363856,293.8709484281994,-0.7794238987664812,-0.5324320709729577,-0.2469918277935234,292.2469852349863,53.07511918650216,0.2979028100863387,83.74401655271721,-23.701732107482098,3.790254591667356,303.32555007373963,295.5439971923828,287.76244431102594,173516500.0,2216212875.845038,-54350793.16270447,-0.0011137659431119662,0
2019-10-14,295.92999267578125,296.6700134277344,295.57000732421875,295.95001220703125,273.04010009765625,40394800,293.40319885253905,294.40025831253314,293.9096165248326,-0.5376924263726437,-0.533484142052895,-0.0042082843197487,292.95674312332045,52.49626340226127,-0.2763004471462407,61.2558800473171,-20.042970205862364,3.5980939853708027,302.8266138910841,295.33349761962893,287.8403813481737,133121700.0,2203727414.149935,-62450432.25164938,0.009900295843649376,0
2019-10-15,297.1000061035156,299.70001220703125,296.9700012207031,298.8800048828125,275.7431945800781,46754500,293.70439880371094,294.826900843036,294.2473791213263,-0.1084425131655848,-0.4484758162754329,0.3400333031098481,294.3121227006596,56.982475143419215,1.923344303732128,115.74926103822628,-5.510800101725222,3.6089444149871737,302.4688230858074,295.2314971923828,287.9941712989582,179876200.0,2222394823.927817,-54146978.56310511,-0.0016060324494318046,0
2019-10-16,298.3699951171875,299.1600036621094,297.9200134277344,298.3999938964844,275.3004455566406,48928200,293.91639892578127,295.1671954195549,294.5491407121931,0.1908087363142385,-0.3206189057574986,0.5114276420717372,295.30529972073583,56.04860576439468,3.5895287181579056,107.22777653565478,-8.73667932762906,3.439733402086304,301.98314891340567,295.09649658203125,288.20984425065683,130948000.0,2211345277.678555,-49343423.26409292,0.002949078085831891,0
2019-10-17,299.67999267578125,300.239990234375,298.5199890136719,299.2799987792969,276.1123352050781,45736600,294.1425988769531,295.5588909776256,294.94756949288507,0.4932902046346044,-0.157837083679078,0.6511272883136825,296.3480929767804,57.42615241300977,3.05074889536397,110.91162456638642,-6.225632419124372,3.325466468929469,301.6196271931415,295.0064971923828,288.3933671916241,176684600.0,2206027559.046877,-44584568.09147692,-0.0043771637394312,0
2019-10-18,298.69000244140625,299.3999938964844,297.0299987792969,297.9700012207031,274.9037780761719,64304000,294.22959899902344,295.7885205245853,295.2298079717727,0.6201543394748796,-0.0022387990482865,0.6223931385231661,296.8580030764256,54.67874970961487,1.2298267511890035,79.93002218067387,-14.721086442818066,3.2572185152336144,301.5747527867759,294.9909973144531,288.4072418421304,112380600.0,2192732876.7908893,-42814747.32126856,0.00677916906197451,0
2019-10-21,299.4200134277344,300.2099914550781,298.94000244140625,299.989990234375,276.76727294921875,39048600,294.3969989013672,296.1886604969463,295.70590253557475,0.8736207557312241,0.1729331119076156,0.7006876438236085,297.79151537396007,58.01436910170358,2.357719386753675,95.5250865754385,-1.6212728733657644,3.1845593523151416,301.8799791320708,295.079997253418,288.2800153747651,151429200.0,2218252635.872951,-30078556.63268423,-0.0032667105591902557,0
2019-10-22,300.5799865722656,300.8999938964844,298.9100036621094,299.010009765625,275.8632202148437,48594700,294.6157989501953,296.45736042729663,296.0801894414993,0.9840746825761356,0.3351614260413196,0.6489132565348161,298.2902535739278,55.86616013180856,3.632208446493123,83.09442718160712,-11.753642469572544,3.0992329867479884,302.2445180160896,295.2369979858398,288.2294779555901,102834500.0,2174542147.3776746,-36041765.26924372,0.002909585260605363,0
2019-10-23,298.7300109863281,299.94000244140625,298.5,299.8800048828125,276.6658020019531,34352200,294.7623992919922,296.7833265659172,296.5223805745443,1.1287994530413812,0.493889031441332,0.6349104216000492,298.9097461487932,57.37515526919772,2.956025747210256,73.14349575161863,-8.219087128766434,2.980716519223578,302.5770330026403,295.3499984741211,288.1229639456019,137186700.0,2206031785.380472,-25185305.32246971,0.001633954336390353,0
2019-10-24,300.9100036621094,301.07000732421875,299.4599914550781,300.3699951171875,277.117919921875,35453100,295.09179931640625,297.12491404699057,297.0004754929316,1.2684115346033875,0.6487935320737432,0.6196180025296445,299.5273343071559,58.24115917896235,2.431457209200482,82.96168366930334,-5.564477393249268,2.882809329931938,303.04259496365614,295.5184982299805,287.9944014963048,172639800.0,2210655869.0300355,-16983153.69915867,0.004094986204758122,0
2019-10-25,299.739990234375,302.20001220703125,299.67999267578125,301.6000061035156,278.252685546875,45205400,295.43079956054686,297.5511132904692,297.57966671898254,1.461459921806636,0.8113268100203218,0.6501331117863142,300.3329254489782,60.41531414032953,1.7956012373895336,93.73278229205764,-4.376405119643856,2.856895772883228,303.8048243785606,295.82849884033203,287.85217330210344,217845200.0,2234334835.940518,-4549588.227272034,0.005636543949106176,0
2019-10-28,302.94000244140625,303.8500061035156,302.9100036621094,303.29998779296875,279.8210754394531,42147000,295.719799194336,298.09862514785004,298.2912370954241,1.7316649192378009,0.9953944318638176,0.7362704873739832,301.41156289476254,63.26223094780695,2.4835192710841447,150.6961374356644,-3.988527699276989,2.81354607482014,304.7679372404608,296.1549987792969,287.54206031813294,259992200.0,2227159364.607488,-1332635.210439682,-0.0002967238427720176,0
2019-10-29,303.0,304.2300109863281,302.8599853515625,303.2099914550781,279.73809814453125,44284900,295.93739929199216,298.5854219390146,298.96314115978424,1.9164507231001835,1.179605690111091,0.7368450329890925,302.24563085754176,63.00389772094865,1.4487374536691957,149.31986333030662,-7.709891793015789,2.710437471959103,305.67812232611027,296.653498840332,287.62887535455377,215707300.0,2205501756.9737806,-6786517.295147896,0.003067257740736906,0
2019-10-30,303.42999267578125,304.54998779296875,301.989990234375,304.1400146484375,280.5960693359375,49643900,296.2183996582031,299.11443076848343,299.6761426653181,2.113575915646664,1.3663997352182056,0.7471761804284578,303.14040722545565,64.61211242819313,1.9235994870510456,138.2306278455709,-4.565412429992932,2.6996917638615776,306.13494692872416,297.4574996948242,288.78005246092425,265351200.0,2239245121.661571,2335830.3704185486,-0.0026633393738347833,0
2019-10-31,304.1300048828125,304.1300048828125,301.7300109863281,303.3299865722656,279.8487854003906,69053800,296.4359991455078,299.5159122736055,300.2354271298363,2.1793147707887783,1.52898274233232,0.6503320284564582,303.6305956343581,62.08085271125588,1.3532437214273718,98.65396755969188,-13.585789244739278,2.678999756593563,306.5067709729896,298.1029983520508,289.699225731112,196297400.0,2262261884.2392955,13178867.020115376,0.009263931034073414,0
2019-11-01,304.9200134277344,306.19000244140625,304.739990234375,306.1400146484375,282.4412536621094,71141500,296.7115997314453,300.14677916644666,301.0008572533017,2.430145859716845,1.709215365809225,0.7209304939076198,304.7266635491558,66.92208737008379,2.741891262296212,153.0531712308944,-0.542166880157291,2.691929478918353,307.59952338214333,298.6924987792969,289.78547417645046,267438900.0,2328498313.018182,37491803.25917196,0.004017705657205495,0
2019-11-04,307.8500061035156,308.0,306.9599914550781,307.3699951171875,283.5760192871094,60606900,297.1619995117188,300.83470449508866,301.827285475958,2.6970900737947545,1.906790307406331,0.7902997663884235,305.9065512009998,68.79979209318367,2.4600837104753657,161.65591959487372,-5.742979149569494,2.632504898392935,308.68346263381835,299.406999206543,290.13053577926763,328045800.0,2315677656.8340216,39950359.0020833,-0.0011061468044758493,0
2019-11-05,307.5899963378906,307.9200134277344,306.7099914550781,307.0299987792969,283.26239013671875,42933200,297.5425994873047,301.42473252215615,302.55328543526787,2.848376116858276,2.09510746929672,0.7532686475615558,306.74385865016257,67.65649420748701,2.682180780489,128.693405393817,-8.842307317819543,2.530898975126029,308.7338127343449,300.33199920654295,291.930185678741,285112600.0,2295453033.6410832,30889173.608059406,0.00022801460605514912,0
2019-11-06,307.0299987792969,307.3999938964844,306.0599975585937,307.1000061035156,283.3269348144531,46487100,297.94719970703125,301.9652347679999,303.19785752069384,2.9400295711407693,2.26409188966553,0.6759376814752391,307.4040271956955,67.7752393621158,2.407630086415587,103.51060581915884,-8.204136703156085,2.44583450103779,308.9223303495888,301.12350006103514,293.3246697724815,331599700.0,2321125804.3236303,32542827.1996727,0.003516725987630087,0
2019-11-07,308.57000732421875,309.6499938964844,307.6600036621094,308.17999267578125,284.3233337402344,54272300,298.33299926757815,302.5571164735029,303.86990443638393,3.064485997541283,2.4241707112406807,0.6403152863006021,308.17965456822816,69.62776857817259,2.6001257401048754,128.06870205437986,-13.183874667111883,2.4532740218900013,309.36173434759087,301.8705001831055,294.3792660186201,385872000.0,2295216457.326329,22016999.87894869,0.0024661229920417416,0
2019-11-08,307.79998779296875,309.0,307.0299987792969,308.94000244140625,285.02447509765625,49032100,298.66019958496094,303.165010375208,304.5431903657459,3.187699236024116,2.576876416197368,0.6108228198267485,308.96555937093444,70.89576227618802,2.4336857391744813,101.74001021820774,-6.367639854062945,2.4187545360909386,310.13636769289315,302.5035003662109,294.8706330395287,434904100.0,2341261953.8036423,30360273.95607519,-0.0019097440707844804,0
2019-11-11,307.4200134277344,308.5400085449219,307.2699890136719,308.3500061035156,284.48016357421875,35797300,298.97819946289064,303.65881949218965,305.1000004359654,3.200841532826757,2.7016694395232457,0.4991720933035117,309.40824665379694,68.50478138025989,1.665024237981175,81.82277019140159,-11.65908972720281,2.365273028351184,310.5376587858785,303.12350006103514,295.7093413361918,399106800.0,2366348277.7463565,38995418.79157448,0.0021079743266363415,0
2019-11-12,308.75,309.989990234375,308.1499938964844,309.0,285.079833984375,46484600,299.3433996582031,304.16750335007634,305.6596670968192,3.226512742487728,2.8066381001161425,0.4198746423715853,309.89111840005035,69.71651277325219,1.9095704983652195,95.39850947992352,-9.40161775062528,2.327753264746858,311.1959260952945,303.6294998168945,296.0630735384945,445591400.0,2362811799.8766203,37857697.01194668,0.00032364434794707186,0
2019-11-13,307.9100036621094,309.5400085449219,307.6600036621094,309.1000061035156,285.172119140625,53917700,299.644599609375,304.6372655170706,306.180667695545,3.217833832474128,2.88887724658774,0.3289565858863876,310.2645922881827,69.9083397987147,1.6308250201182817,80.03664857244833,-8.632243856522948,2.295771237465833,311.6892359964356,304.1645004272461,296.63976485805654,499509100.0,2391491353.0484924,43075968.92842722,0.001455780267123119,0
2019-11-14,308.7900085449219,309.6400146484375,308.0899963378906,309.54998779296875,285.5872802734375,51219900,299.87919921875,305.1051438290609,306.69357125418526,3.210259620853265,2.9531537214408448,0.2571058994124198,310.6398398899444,70.80447435825631,2.0505724775157588,83.72420140795593,-5.326919453342349,2.242503171257336,312.2010273407484,304.67799987792966,297.15497241511093,550729000.0,2436761431.032781,55698835.0775857,0.007236378098167684,0
2019-11-15,311.0199890136719,311.8399963378906,310.260009765625,311.7900085449219,287.6539001464844,62023600,300.15399963378906,305.74179761152385,307.37090541294646,3.346432368361832,3.031809450825042,0.3146229175367896,311.481641660568,74.82384745857408,1.8455587725024012,145.59947942442858,-0.4944398159887009,2.2458964122333738,312.8391207545951,305.36900024414064,297.89887973368616,612752600.0,2494860411.760187,74285243.72663546,0.0007376133373333538,0
2019-11-18,311.5299987792969,312.2799987792969,311.0299987792969,312.0199890136719,287.8660583496094,49228000,300.4303991699219,306.33972060220464,308.0043329148065,3.4333304572975862,3.112113652119551,0.3212168051780351,312.18354762065684,75.20132755008778,1.5128327326522304,146.9182516115415,-2.4645503931131407,2.174760954216704,313.54782638169735,305.97050018310546,298.3931739845136,661980600.0,2523608794.572687,84282783.27553034,-0.00028843132190059517,0
2019-11-19,312.67999267578125,312.69000244140625,311.2200012207031,311.92999267578125,287.78302001953125,67804700,300.70639892578123,306.8721274663548,308.5719036283947,3.4551075375460414,3.180712429204849,0.2743951083411922,312.6866831953854,74.72914139509518,1.5959332690505756,140.70749625321957,-6.934401078140096,2.124420973251448,313.90759235500946,306.61649932861326,299.32540630221706,594175900.0,2521301669.589814,79976529.38957071,-0.0037187948877845933,0
2019-11-20,311.2799987792969,311.8500061035156,309.0599975585937,310.7699890136719,286.7127685546875,79406200,300.9167987060547,307.24335237562315,308.9674740745908,3.3402590030133865,3.2126217439665568,0.1276372590468297,312.7493095031349,68.7380727079993,1.195044883496092,75.06830554026904,-24.15107521515819,2.1776762692468843,313.96896033036154,307.16099853515624,300.35303673995094,514769700.0,2539231317.3436613,76649174.41339588,-0.0016089069655242927,0
2019-11-21,310.8900146484375,311.010009765625,309.3900146484375,310.2699890136719,286.25152587890625,54664700,301.09639831542967,307.5316034840087,309.263568405878,3.1723262878894616,3.204562652751138,-0.0322363648616765,312.62399719706,66.27181476444645,0.6781739202938434,48.220757642658455,-36.50092979581285,2.1378419012426426,313.8267245963005,307.65599822998047,301.4852718636604,460105000.0,2543953876.197553,69822509.33907223,0.0022238774803831074,0
2019-11-22,311.0899963378906,311.239990234375,309.8500061035156,310.9599914550781,286.8880920410156,44850200,301.2937982177734,307.8581166241105,309.57823442731586,3.059646135606556,3.1755793493222217,-0.1159332137156656,312.6565573184556,67.97922653300783,0.6538450824460608,58.77671540415993,-26.09366081785186,2.0844234890724094,313.78527268512187,308.1239974975586,302.46272230999534,504955200.0,2570734803.358508,69203485.96541882,0.007750204940617067,0
2019-11-25,311.9800109863281,313.3699951171875,311.9800109863281,313.3699951171875,289.1115417480469,48647200,301.557998046875,308.383057432975,310.0778532482329,3.1287472071702496,3.1662129208918275,-0.0374657137215779,313.2674430820892,73.10112704438485,1.62801651185524,137.01566369771967,0.0,2.107679215717907,314.27425538939923,308.6274978637695,302.9807403381398,553602400.0,2619382003.358508,78137677.67934036,0.002265665080068091,0
2019-11-26,313.4100036621094,314.2799987792969,313.0599975585937,314.0799865722656,289.7665100097656,37569000,301.8211975097656,308.92562211290743,310.59713788713725,3.203868479516416,3.173744032616745,0.0301244468996704,313.91166417658764,74.40026392209847,1.6440085994387137,153.57056419245362,-2.7587890625,2.044273644645427,314.71900213480285,309.1709976196289,303.62299310445496,591171400.0,2644632558.9529734,82723416.7351532,0.004457540989293074,0
2019-11-27,314.6099853515625,315.4800109863281,314.3699951171875,315.4800109863281,291.0581359863281,44444600,302.1087976074219,309.54984962466176,311.1979963030134,3.337895714761089,3.2065743690456143,0.1313213457154747,314.7613678956566,76.78159798547627,2.064058478431695,168.2749472670134,0.0,1.998255842460932,315.4294797506407,309.7379974365234,304.0465151224061,635616000.0,2689077158.9529734,91220553.91842651,-0.0037086768954915916,0
2019-11-29,314.8599853515625,315.1300048828125,314.0599975585937,314.3099975585937,289.9788513183594,36592700,302.37339782714844,310.0031970469409,311.6334248860677,3.3115297058058104,3.227565436397654,0.0839642694081566,315.1113198875552,70.85008945249051,1.5377192548327614,121.016724585423,-14.251038933040617,1.9569528128376104,315.49809008781455,310.28699798583983,305.0759058838651,599023300.0,2669583734.4306955,80201424.60736561,-0.008494743822644257,0
2019-12-02,314.5899963378906,314.6600036621094,311.1700134277344,311.6400146484375,287.5155029296875,75767800,302.6405981445312,310.15908443755967,311.7622836158389,3.040144256317717,3.190081200381667,-0.1499369440639499,314.6626706256905,59.545401913284536,-0.0481073454484235,36.89058826407863,-49.1047665134285,2.066455485804567,315.4384329082988,310.56199798583987,305.6855630633809,523255500.0,2614223417.6031337,50787914.116128445,-0.006706542026788553,0
2019-12-03,308.6499938964844,309.6400146484375,307.1300048828125,309.54998779296875,285.5872802734375,73941700,302.8673980712891,310.10107523331294,311.6659016927084,2.6261490210253555,3.0772947645104045,-0.451145743485049,313.7137549190553,52.48568770281304,-0.7916163411552765,-112.66683488998602,-71.0181899251863,2.240995077220312,315.3506504203942,310.6709976196289,305.99134481886364,449313800.0,2682860963.945902,55977250.55912781,0.00617025920668679,0
2019-12-04,310.70001220703125,312.1199951171875,310.32000732421875,311.4599914550781,287.34942626953125,49080000,303.1791979980469,310.230495825862,311.7410439627511,2.4242311200270024,2.9466820356137244,-0.5224509155867221,313.3991263725982,57.450474747802886,-0.1506752257682519,-20.274029586874992,-48.1439112907647,2.2644959520059147,315.27154163867493,310.892497253418,306.513452868161,498393800.0,2695948520.1494894,57175542.39066696,0.001797975900460047,0
2019-12-05,312.2300109863281,312.25,310.5799865722656,312.0199890136719,287.8660583496094,40709000,303.4671978759766,310.4009237485106,311.84842413039433,2.283078938790481,2.813961416249076,-0.5308824774585945,313.259139991447,58.80944647745971,0.4022267413810694,-15.79768724265274,-41.43735860503705,2.222032914557948,315.17726070489346,311.1384963989258,307.0997320929581,539102800.0,2725443817.2092266,61852843.35069752,0.009134049752789197,0
2019-12-06,314.1199951171875,315.3099975585937,314.1099853515625,314.8699951171875,290.4954833984375,48927000,303.8245977783203,310.82654959314647,312.203804960705,2.373822543642916,2.725933641727844,-0.352111098084928,313.8592199248075,64.94567652879617,1.4825817083175674,114.75527362185224,-7.305573931063214,2.2983168881553677,315.58375356482674,311.4729965209961,307.3622394771655,588029800.0,2738491183.1112666,62294733.498568535,-0.00314412376449702,0
2019-12-09,314.44000244140625,315.17999267578125,313.79998779296875,313.8800048828125,289.58209228515625,34838500,304.1941979980469,311.11735485882895,312.4330438523065,2.338892271840507,2.6485253677503766,-0.3096330959098696,314.06965645306263,61.51743039017932,0.9390318716149714,79.22260957659518,-19.161735736240605,2.2327231734880195,315.78568395046165,311.7199966430664,307.65430933567114,553191300.0,2707692778.0692496,47012856.63673115,-0.001115095253188536,0
2019-12-10,313.82000732421875,314.54998779296875,312.8099975585937,313.5299987792969,289.2591552734375,52649800,304.5293981933594,311.3471304703021,312.605425008138,2.256950491978841,2.5702103925960698,-0.3132599006172283,314.1267466729453,60.305416868876215,0.0510590243490096,46.09446511316586,-23.35342253474798,2.197527963551379,315.80591988983787,311.97899627685547,308.15207266387307,500541500.0,2698615544.7663174,33599073.084434986,0.002838690561996371,0
2019-12-11,314.0299987792969,314.70001220703125,313.44000244140625,314.4200134277344,290.080322265625,53429100,304.95299865722654,311.63978599005753,312.83790283203126,2.2380291778089827,2.5037741496386525,-0.2657449718296698,314.3809947377252,62.337425295822456,0.1082612296248663,59.89720209822966,-12.694572260820935,2.130562377985209,315.96057750480026,312.2499969482422,308.53941639168414,553970600.0,2728298665.6682744,34501784.36507845,0.008619017045176092,0
2019-12-12,314.42999267578125,317.989990234375,314.1700134277344,317.1300048828125,292.5804748535156,96389600,305.5343988037109,312.1626639798437,313.30266549246653,2.413881834886581,2.4857956866882387,-0.0719138518016575,315.2695417994779,67.75080604074938,0.5230105994119166,134.39456926499446,-7.918844489405941,2.251234837174882,316.63922885997954,312.65149688720703,308.6637649144345,650360200.0,2781288188.527038,48594852.219941616,0.0005991310771003011,0
2019-12-13,316.8699951171875,318.6700134277344,316.0199890136719,317.32000732421875,292.7558288574219,81503900,306.0723986816406,312.65383953645085,313.7472855340867,2.5393063981804858,2.4964978289866884,0.0428085691937973,316.0222922724051,68.09703670994213,0.9576563866900004,153.5151350785548,-11.69848443578223,2.279719806952569,317.25110228651664,313.03999786376954,308.82889344102244,731864100.0,2779750768.6988564,49453305.28615141,0.0068700133160966015,0
2019-12-16,319.2200012207031,320.1499938964844,317.25,319.5,294.7669982910156,82749700,306.5753985595703,313.30585481869366,314.3625238327753,2.782538091157619,2.553705881420875,0.2288322097367441,317.17738600472035,71.83349522978217,2.5221361128574533,176.63252100039804,-4.992276842951537,2.324025099061984,318.4427468460584,313.4254974365234,308.4082480269884,814613800.0,2825406045.8443,59835414.69713736,0.00021911525577067437,0
2019-12-17,319.9200134277344,320.25,319.4800109863281,319.57000732421875,294.8316345214844,61097700,307.1051989746094,313.9024407716008,314.947715250651,2.946979026434576,2.632360510423616,0.3146185160109604,318.11133133668017,71.94712174708226,3.23696331009114,160.23303854441056,-5.182872933317206,2.2130225215341186,319.43848177756433,313.8029983520508,308.16751492653725,875711500.0,2778590547.6833067,43747217.79612112,6.254971747576832e-05,0
2019-12-18,320.0,320.25,319.5299987792969,319.5899963378906,294.85009765625,48133000,307.72639892578127,314.4441127302951,315.4988579159691,3.0438252756603106,2.7146534634709547,0.3291718121893559,318.8477579533933,71.98187683148385,2.6102886745840967,127.746847078715,-5.0305175894825975,2.106378142903333,320.28256773128265,314.1859985351563,308.0894293390299,923844500.0,2738479374.3268027,20426016.832624435,0.004098994253902477,0
2019-12-19,319.79998779296875,320.9800109863281,319.5199890136719,320.8999938964844,296.05865478515625,85310500,308.3189990234375,315.0589585556464,316.1382860456194,3.189515728865615,2.8096259165498867,0.3798898123157284,319.7548657373437,74.23476117848482,2.8459730772003207,114.75220840121632,-0.5777404662907659,2.0602098450285418,321.2364813974057,314.6924987792969,308.14851616118807,1009155000.0,2814438921.983673,33197561.88995981,-0.0005297068039554764,0
2019-12-20,320.4599914550781,321.9700012207031,319.3900146484375,320.7300109863281,297.3566589355469,147142100,308.8687994384766,315.59905878713994,316.71328720819383,3.2537530229727736,2.898451337834464,0.3553016851383095,320.4157832667032,73.40991299166224,1.86109059612354,100.59159817455064,-8.355731404117407,2.097336754116905,321.9317622398409,315.2154998779297,308.49923751601847,862012900.0,2820142481.933284,37219093.7710228,0.001527734286131066,0
2019-12-23,321.5899963378906,321.6499938964844,321.0599975585937,321.2200012207031,297.8109741210937,52990000,309.3675994873047,316.1343866379555,317.28514447893417,3.306089120836248,2.979978894434821,0.3261102264014268,321.04463707237784,74.29650879631437,2.338472098798081,100.97066416266176,-6.437771613136444,2.013240050976858,322.63099549462635,315.72850036621094,308.8260052377955,915002900.0,2795893657.1259613,27765176.759034637,3.116171342676388e-05,0
2019-12-24,321.4700012207031,321.5199890136719,320.8999938964844,321.2300109863281,297.8201904296875,20270000,309.8731994628906,316.6196841949434,317.8090978713263,3.3102154566385598,3.046026206875569,0.2641892497629907,321.52186502162965,74.31534965702703,2.455909238991679,87.69698390528495,-6.496833035034888,1.9137225557061892,323.3303467622512,316.121501159668,308.9126555570847,935272900.0,2797202686.462445,21790067.610372543,0.005323261826712944,0
2019-12-26,321.6499938964844,322.95001220703125,321.6400146484375,322.94000244140625,299.4055480957031,30911200,310.3543994140625,317.2216192660351,318.4584789457776,3.4121346625111078,3.1192478980026768,0.2928867645084305,322.3155551180841,77.36743773059406,2.709747678205634,105.9694706362863,-0.0987154947211244,1.8998853174916848,324.28766786443146,316.564501953125,308.8413360418185,966184100.0,2827641497.9985766,27049865.937382694,-0.0002477769531146201,0
2019-12-27,323.739990234375,323.79998779296875,322.2799987792969,322.8599853515625,299.33135986328125,42528800,310.8435992431641,317.75860651227583,319.0580487932478,3.4467180370104984,3.184741925804241,0.2619761112062568,322.90324759462527,76.90690317398493,1.8068238200505096,106.12617243458384,-8.553260024436259,1.8727498672188407,325.1062633370853,316.9335006713867,308.76073800568804,923655300.0,2817568370.6550307,23537436.922087196,-0.005513222015910757,0
2019-12-30,322.95001220703125,323.1000061035156,320.54998779296875,321.0799865722656,297.6811218261719,49729100,311.27959899902345,318.07492842275104,319.4529522123791,3.2925402307967038,3.2063015868027342,0.086238643993969,322.88039917399925,67.30856636816156,1.1849171691859792,64.26987306102113,-24.74980562034864,1.921126184599415,325.5422986309547,317.2720001220703,309.001701613186,873926200.0,2788510778.92344,10715169.78104353,0.0024292974084865193,0
2019-12-31,320.5299987792969,322.1300048828125,320.1499938964844,321.8599853515625,298.4043273925781,57077300,311.7573986816406,318.4354100350188,319.88990318661644,3.1964459521310573,3.204330459868399,-0.0078845077373417,323.02301056728254,69.12688509916302,0.7386495623043818,53.38523196838892,-18.72591876892623,1.9253322418657517,325.85885335084834,317.7829986572266,309.70714396360484,931003500.0,2830020502.8873124,17703229.959026814,0.009351922893854558,0
2020-01-02,323.5400085449219,324.8900146484375,322.5299987792969,324.8699951171875,301.19488525390625,59151200,312.2549987792969,319.048227661892,320.56485523042227,3.324846416506944,3.228433651196108,0.0964127653108355,323.8817967229176,74.92336104932897,1.6584747227519585,149.37961430449383,-0.1867493374099305,2.004239174366412,326.2536088756527,318.5489990234375,310.8443891712223,990154700.0,2888168167.858282,37454127.07178068,-0.007572233484322677,0
2020-01-03,321.1600036621094,323.6400146484375,321.1000061035156,322.4100036621094,298.9141540527344,77709700,312.7229986572266,319.3683968047698,320.9325699579148,3.1913164486867918,3.221010210694245,-0.0296937620074535,323.9079399805881,64.29825752726306,0.8823828519454849,68.58447995968235,-27.959456809322457,2.130364162888231,326.24441198668103,319.09649963378905,311.9485872808971,912445000.0,2890615298.41901,42907751.335249424,0.0038150521769082513,0
2020-01-06,320.489990234375,323.7300109863281,320.3599853515625,323.6400146484375,300.0544738769531,55653900,313.19819885253906,319.77521755178583,321.3652856735956,3.1484512084358016,3.206498410242556,-0.0580472018067546,324.20981771016926,66.8310939465414,0.8538550339882519,71.054296342774,-16.361225174557013,2.2189114108794734,326.29986501556283,319.67750091552733,313.05513681549184,968098900.0,2943296730.1163,58000348.49805689,-0.0028117773480448305,0
2020-01-07,323.0199890136719,323.5400085449219,322.239990234375,322.7300109863281,299.2109069824219,40496400,313.64539916992186,320.0566264503137,321.6560009184338,3.006394660168553,3.166477660227756,-0.1600830000592026,324.1840233288969,63.255603938642615,0.6235774425503495,73.89323613750446,-39.27279385653409,2.160419482535404,326.4328164548186,320.07050170898435,313.7081869631501,927602500.0,2933329248.391377,55730362.37963343,0.005329536027487647,0
2020-01-08,322.94000244140625,325.7799987792969,322.6700134277344,324.45001220703125,300.8055725097656,68296000,314.1023992919922,320.47504414142963,322.073097156343,2.998043961494716,3.132790920481148,-0.1347469589864318,324.5738928317789,66.86409874401929,1.0055447898802716,140.27118366634676,-20.813613070534466,2.228245616037339,326.55998946205074,320.5990020751953,314.63801468833987,995898500.0,2943211620.884213,52879726.36257792,0.006780649119067839,0
2020-01-09,326.1600036621094,326.7300109863281,325.5199890136719,326.6499938964844,302.8451232910156,48473300,314.5693994140625,321.063134594292,322.64938209170384,3.132832762985913,3.132799288982101,3.3474003812372644e-05,325.4298968458108,70.8123845373933,1.687259198950415,215.5296716780296,-1.0901516316933924,2.2319422705558774,326.83539310696665,321.2550018310547,315.67461055514275,1044371800.0,2985273975.481944,60289785.69464397,-0.002877705369570993,0
2020-01-10,327.2900085449219,327.4599914550781,325.20001220703125,325.7099914550781,301.9737548828125,53029300,315.0193994140625,321.50569239055733,323.0736668178013,3.127748777227396,3.13178918663116,-0.004040409403764,325.8520291653668,67.1316723531366,0.8577410642010687,160.9309322755777,-21.685316351342664,2.233944911805234,326.76845051687314,321.8195007324219,316.8705509479706,991342500.0,2956177499.256165,48582314.28641081,0.006877347366428754,0
2020-01-13,326.3900146484375,327.9599914550781,325.9200134277344,327.95001220703125,304.050537109375,47086800,315.4955993652344,322.1194371349834,323.6575250534784,3.266812850908821,3.158793919486692,0.1080189314221287,326.7427814668654,71.00004031248342,1.5765431104527294,161.42491337708256,-0.1277753030267558,2.235091703819146,327.5024597047886,322.3605010986328,317.21854249247707,1038429300.0,3002803616.983479,54211903.05205965,-0.0015246225991427664,0
2020-01-14,327.4700012207031,328.6199951171875,326.8399963378906,327.45001220703125,303.5869140625,62832800,315.9779998779297,322.62711095136893,324.1422403971354,3.2986515086261647,3.1867654373145866,0.1118860713115781,327.30536400377923,69.04662201137876,1.98393730570682,138.42295231504824,-13.813255508115796,2.202585066353269,327.9180287120005,322.86700134277345,317.8159739735464,975596500.0,2983037144.385883,45297229.624948025,0.0022598570981489097,0
2020-01-15,327.3500061035156,329.0199890136719,327.260009765625,328.19000244140625,304.2729187011719,72056600,316.41899963378904,323.1569101408963,324.6491928827195,3.3450354157493507,3.21841943300154,0.1266159827478108,327.91955304480666,70.34693216964747,1.966698992709384,128.51314440892543,-9.357238209267438,2.1709703650456693,328.6078415021128,323.30150146484374,317.9951614275747,1047653100.0,2987131567.548304,38835158.80872297,0.008318385587676502,0
2020-01-16,329.70001220703125,330.9200134277344,329.45001220703125,330.9200134277344,306.8040466308594,54050300,316.89,323.89625331107135,325.37476545061384,3.561034676185443,3.286942481638321,0.2740921945471219,329.09154918384826,74.5882144293375,1.8622890391476457,155.08725225887804,0.0,2.210901837994416,329.84332628472924,323.8690017700195,317.8946772553098,1101703400.0,3041181867.548304,49858938.12856579,0.0031125309364881115,0
2020-01-17,331.70001220703125,332.17999267578125,330.8500061035156,331.95001220703125,307.759033203125,95846000,317.3884002685547,324.6632779678294,326.144385492234,3.771848419021637,3.3839236691149845,0.3879247499066527,330.27703077607,75.9838982938477,2.9589679093580328,150.0549342786982,-1.9117247887488251,2.147979319013788,331.0872617949906,324.4870025634765,317.8867433319625,1197549400.0,3103880603.557115,69785633.11416245,-0.001958199699227836,0
2020-01-21,330.8999938964844,332.17999267578125,330.82000732421875,331.29998779296875,307.15631103515625,77742400,317.8723999023438,325.2953455702236,326.79324122837613,3.842178054378053,3.475574546167598,0.3666035082104542,331.0342401428854,73.24966746988132,2.3668189339479846,124.97078826568452,-7.315087049941782,2.09169403562441,332.0206924784884,325.0070022583008,317.9933120381131,1119807000.0,3081013549.899454,64317433.7068181,0.00012076228915192111,0
2020-01-22,332.239990234375,332.95001220703125,331.1700134277344,331.3399963378906,307.19342041015625,48914900,318.3355999755859,325.87102659571576,327.3963835216704,3.856685680484361,3.551796773030952,0.3048889074534093,331.61759774232473,73.3133200369369,2.667860148874486,114.6662944948916,-12.788025693855287,2.069430088743872,332.7782863277818,325.5375015258789,318.296716723976,1168721900.0,3041441012.5445414,43642141.72663069,0.0011468729613461903,0
2020-01-23,330.6300048828125,332.1700134277344,329.4100036621094,331.7200012207031,307.5457763671875,51963000,318.79119995117185,326.4280717980955,327.9851930164156,3.854415000074312,3.612320418439624,0.2420945816346877,332.1462928585635,73.94742121441686,2.240711585805983,84.67968367571326,-9.76972488183251,2.1187572085210955,333.4950625424955,326.06250152587893,318.6299405092624,1220684900.0,3076459156.3304768,42358736.96420336,-0.008893079091328304,0
2020-01-24,332.44000244140625,332.5299987792969,327.3599853515625,328.7699890136719,304.8106689453125,87578400,319.199599609375,326.6511115329123,328.2430489676339,3.573382410587272,3.6045328168691535,-0.0311504062818821,331.7666484596021,61.692378105919445,0.6490112220419413,40.50520653125367,-33.20106653738941,2.336704081322044,333.61375685669856,326.4395004272461,319.2652439977937,1133106500.0,3036650792.6941133,25316615.953076363,-0.016029410194896898,-1
2020-01-27,323.0299987792969,325.1199951171875,322.6600036621094,323.5,299.9247131347656,84062500,319.489599609375,326.3510056726349,327.96309654599145,2.8920798916867057,3.462042231832664,-0.5699623401459584,330.0444422311859,46.77802888854032,-0.6785150941195265,-110.888453391031,-88.2352270719712,2.6062241720535053,333.5910987402829,326.4675003051758,319.3439018700687,1049044000.0,3009996778.409108,7562505.907560825,0.010479179747874712,1
2020-01-28,325.0599975585937,327.8500061035156,323.6000061035156,326.8900146484375,303.0677185058594,63834000,319.84539978027345,326.4023398608066,328.00333600725446,2.595766210466934,3.2887870275595184,-0.6930208170925845,329.47794974134945,54.4127434018351,-0.3232192465736471,-61.03201473270586,-58.892055649306165,2.7307800243008,333.59836784126054,326.6690017700195,319.7396356987785,1112878000.0,3044993086.859246,10747149.404206753,-0.0008260256329346571,0
2020-01-29,328.3800048828125,328.6300048828125,326.3999938964844,326.6199951171875,302.8173217773437,53888900,320.1867999267578,326.4230689328429,327.99866870698474,2.312490216015931,3.093527665250801,-0.7810374492348702,328.9167126923075,53.75133547787337,-0.2534790224160899,-38.53880114632064,-61.51614998383668,2.695010807302751,333.38512165234226,326.9460021972656,320.50688274218896,1058989100.0,3001736980.9172425,-2690361.9109125137,0.003245354156022895,0
2020-01-30,324.3599853515625,327.9100036621094,323.5400085449219,327.67999267578125,303.80010986328125,75491800,320.504599609375,326.5427759559799,328.0685725620815,2.1487553792709946,2.90457320805484,-0.7558178287838455,328.7097680211742,56.01180809866676,-0.1554007623117816,-64.67622734173102,-51.214918901605365,2.8146525437230907,333.2418147535256,327.2370025634765,321.2321903734275,1134480900.0,3069281887.196748,13548613.813736916,-0.018157903510881312,-1
2020-01-31,327.0,327.1700134277344,320.7300109863281,321.7300109863281,298.28369140625,113845600,320.6988000488281,326.0844173874416,327.5440971737816,1.5213434450070622,2.6279272554452846,-1.1065838104382224,326.978461124549,43.23707561038268,-2.7771068743212,-143.97587304908296,-91.81669476181555,3.1100331969895216,333.47562848903294,327.0800033569336,320.6843782248343,1020635300.0,2990792050.1908813,-6013900.056567192,0.0074285396116215985,0
2020-02-03,323.3500061035156,326.1600036621094,323.2200012207031,324.1199951171875,300.49957275390625,69083000,320.9426000976562,325.8973295521793,327.26219162713915,1.2030981457519374,2.342961433506616,-1.139863287754678,326.1692363511859,48.33435190917446,-2.358794035820161,-94.2590275421032,-72.25872510457638,3.2043160169032165,333.35140063725726,327.1655029296875,320.9796052221177,1089718300.0,2964004442.5178967,-21993358.16704369,0.015241276427947925,1
2020-02-04,328.07000732421875,330.010009765625,327.7200012207031,329.0599975585937,305.07958984375,62573200,321.3084002685547,326.1985360289807,327.4426196870349,1.334124409231208,2.141194028651534,-0.807069619420326,326.78408291319806,56.94133258698015,-0.6761214358313951,20.153586282275757,-31.833177249173215,3.3961516334413795,333.4534428889808,327.43650207519534,321.41956126140985,1152291500.0,2974660540.317704,-23140436.44256878,0.011548008938072618,1
2020-02-05,332.2699890136719,333.0899963378906,330.6700134277344,332.8599853515625,308.6026916503906,65951100,321.7602001953125,326.8329597739885,327.95914190383183,1.7247095460488708,2.0578971321310013,-0.3331875860821305,328.270145781062,62.162959389294514,0.4587399741870691,89.7588209432919,-1.860932515579783,3.4414264295739194,333.9952760223344,327.94300079345703,321.89072556457967,1218242600.0,3028074793.469108,-4510575.512331009,0.0033648551464744436,0
2020-02-06,333.9100036621094,334.19000244140625,332.79998779296875,333.9800109863281,309.6409912109375,50359700,322.2206005859375,327.5136313180208,328.5340952555338,2.100415506772777,2.0664008070593565,0.03401469971342,329.76929671033633,63.56541621704664,0.6813004212312627,111.0395190018421,-1.5601158126954062,3.294897016635604,334.7890165098992,328.41950073242185,322.04998495494453,1268602300.0,3063218672.9852223,14702927.0335598,-0.005329656628371482,0
2020-02-07,332.82000732421875,333.989990234375,331.6000061035156,332.20001220703125,307.9907531738281,64139400,322.5972009277344,327.9599533074504,328.8941439674014,2.228841465039636,2.0988889386554126,0.1299525263842236,330.51994580561234,59.77351052131855,1.0432896273925836,84.27220868763774,-14.78448363816922,3.2302603819373017,335.2158149387639,328.6970016479492,322.1781883571345,1204462900.0,3031283697.256435,11065237.885577202,0.007465323231850007,0
2020-02-10,331.2300109863281,334.75,331.19000244140625,334.67999267578125,310.2899780273437,42070000,323.0092010498047,328.59995705681524,329.4639526367188,2.50189339036217,2.1794898289967644,0.3224035613654057,331.75809125195457,63.078214527397165,3.455948276903014,97.50269419073868,-0.4993393657475864,3.2538130374127623,336.00590314409493,329.1455017089844,322.28510027387387,1246532900.0,3071699084.812798,21430603.103375435,0.001733049786473595,0
2020-02-11,336.1600036621094,337.0199890136719,334.67999267578125,335.260009765625,310.8277282714844,54864500,323.4048010253906,329.2342477909876,330.0462867373512,2.733580525455864,2.2903079682885843,0.4432725571672793,332.8986742009972,63.82670405338997,2.560492747442663,125.49561546984762,-10.804061522321518,3.1885404160183235,336.8405547747208,329.51100158691406,322.1814483991073,1301397400.0,3044033215.093065,14919966.408616066,0.006442771577855,0
2020-02-12,336.8299865722656,337.6499938964844,336.42999267578125,337.4200134277344,312.830322265625,43992700,323.86700134277345,330.0138445182968,330.7995259602865,3.056257854766443,2.443497945584156,0.6127599091822868,334.3645507165395,66.546538532936,3.306600475170528,129.79041205031857,-1.35922400141405,3.1315006813641126,338.0337959411769,330.0095016479492,321.9852073547215,1345390100.0,3071439928.790941,19620481.536573887,-0.0010669665544832396,0
2020-02-13,335.8599853515625,338.1199951171875,335.5599975585937,337.0599975585937,312.4965209960937,54501900,324.3754010009766,330.6849067126108,331.4710017613002,3.245519364183508,2.6039022293040266,0.6416171348794815,335.4380678072719,65.66038361983409,2.862550382224089,102.7116496331248,-6.095448682513682,3.0906790297376623,338.9901153081217,330.45300140380857,321.91588749949545,1290888200.0,3080807503.7641163,22740331.440697197,0.0016021140118476218,0
2020-02-14,337.510009765625,337.7300109863281,336.20001220703125,337.6000061035156,312.9972839355469,64582200,324.9364013671875,331.3434876069828,332.151668875558,3.399892802618808,2.763100343966983,0.6367924586518252,336.41929756481017,66.38348719770906,4.932705863694479,94.08350812330306,-2.9901638193512103,2.979201868991892,339.8759176937872,330.78700103759763,321.69808438140814,1355470400.0,3134414529.8536744,39006111.84445286,-0.0025769997081124263,0
2020-02-18,336.510009765625,337.6700134277344,335.2099914550781,336.7300109863281,312.19061279296875,57226200,325.4418017578125,331.8564898335871,332.71766982305616,3.4126941162312505,2.8930190984198365,0.519675017811414,336.9562437511752,64.04366885619217,3.890539324666286,75.83244763121114,-7.9930155220370835,2.9421175906822032,340.46916128198745,331.0260009765625,321.58284067113755,1298244200.0,3147907162.991002,46407395.11291599,0.00478123511131856,0
2020-02-19,337.7900085449219,339.0799865722656,337.4800109863281,338.3399963378906,313.6831970214844,48814700,325.96820190429685,332.4739666435207,333.41424080984933,3.5122644143003754,3.0168681615959443,0.4953962527044311,337.7713158485112,66.40362682301843,2.8201540290975355,94.78504310020556,-4.032649694324886,2.899821733200439,341.34602784964125,331.3780014038086,321.4099749579759,1347058900.0,3151568172.3829303,46381205.33718109,-0.004108246574168639,0
2020-02-20,337.739990234375,338.6400146484375,333.67999267578125,336.95001220703125,312.3945617675781,74163400,326.40980224609376,332.90025669718835,333.9449085053943,3.4393676013309573,3.1013680495429474,0.3379995517880099,338.0350314938969,62.58446515920983,1.2287529398130914,56.86455925242149,-11.607505172195877,3.046978893161568,341.91793690126065,331.65850219726565,321.39906749327065,1272895500.0,3175192954.709885,49670994.32048655,-0.010298267087080704,-1
2020-02-21,335.4700012207031,335.8099975585937,332.5799865722656,333.4800109863281,309.1774597167969,113788200,326.8018023681641,332.95547139139217,334.1183855329241,3.0662504271098783,3.094344525056333,-0.0280940979464552,337.30782734064104,54.2032659029682,-0.1497095585221919,-3.718728126016148,-35.30883201847219,3.141482231847572,342.0366847310471,331.7465026855469,321.45632064004667,1159107300.0,3124817639.9698496,30472762.91269207,-0.03316539880720826,-1
2020-02-24,323.1400146484375,333.5599975585937,321.239990234375,322.4200134277344,298.9234619140625,161088400,326.9796026611328,331.9520944424724,333.2301484607515,1.8567001243752657,2.8468156449201203,-0.9901155205448546,333.8049172440475,37.13382237265348,-2.9440091571104023,-210.31099849051245,-93.38551885880656,3.797091167016938,342.4339745230924,331.42900390625,320.42403328940765,998018900.0,2994587671.004622,-21588118.50785923,-0.030302149756096908,-1
2020-02-25,323.94000244140625,324.6099853515625,311.69000244140625,312.6499938964844,289.86541748046875,218913200,326.9442022705078,330.1137991523783,331.4416713169643,0.1085130000888625,2.299155115953869,-2.1906421158650065,328.3783928816904,28.57361658256523,-6.582406854728921,-300.9276449826056,-96.49510036043964,4.4487262915268895,344.22399117382986,330.8865036010742,317.54901602831853,779105700.0,2808206217.0394573,-100226385.48628616,-0.0036782149973914047,0
2020-02-26,314.17999267578125,318.1099853515625,310.70001220703125,311.5,288.7992248535156,194773800,326.83160217285155,328.34105637596133,329.5953376406715,-1.3541232970071064,1.5684994333616742,-2.9226227303687806,323.6386560448808,27.762364565783223,-7.087039632980757,-214.04478406919205,-97.1811539268029,4.660243923884344,345.8489121243596,330.1170028686523,314.38509361294507,584331900.0,2655488348.781972,-171877145.0151801,-0.044911686145666097,-1
2020-02-27,305.4599914550781,311.5599975585937,297.510009765625,297.510009765625,275.82879638671875,284353500,326.4354022216797,325.404766222596,326.4899097260975,-3.6006424282773537,0.5346710610338685,-4.135313489311223,316.1582944936424,20.23553822313594,-11.827989471246031,-209.9777829474201,-100.0,5.330939914533226,349.8562303876961,328.66150360107423,307.4667768144524,299978400.0,2371134848.781971,-276039738.00289345,-0.004201539306138757,0
2020-02-28,288.70001220703125,297.8900146484375,285.5400085449219,296.260009765625,274.669921875,384975800,325.97060241699216,322.62907513145586,323.4040531703404,-5.419417902312205,-0.6561467316353461,-4.763271170676859,309.770477265874,19.721064634096948,-12.104666257785787,-187.9947305081645,-79.97757635382621,5.832301785174826,352.5683964035523,327.0905044555664,301.61261250758054,-84997400.0,2654489252.2409577,-203398966.942472,0.043306508301324875,1
2020-03-02,298.2099914550781,309.1600036621094,294.4599914550781,309.0899963378906,286.5648498535156,238703600,325.7610021972656,321.3396390558782,321.6897190638951,-5.759149981306166,-1.6767473815695102,-4.082402599736656,307.9629786200098,37.332399120892944,-8.444907953254953,-101.45184917001498,-56.01419974258977,6.465709672450285,353.0401131338306,326.45850372314453,299.8768943124585,153706200.0,2890919248.643624,-79963746.56759024,-0.02863245724019159,-1
2020-03-03,309.5,313.8399963378906,297.57000732421875,300.239990234375,278.3598327636719,300139100,325.37400207519534,319.3301486919255,319.1927177792504,-6.665673892122584,-2.674532683680125,-3.9911412084424582,304.2987177885584,32.10106815898453,-10.836581106943475,-85.40636185504962,-72.54391534874071,7.166015339680399,354.20008327175003,325.2645034790039,296.3289236862578,-146432900.0,2689288668.470684,-86353273.14492893,0.04203302533861675,1
2020-03-04,306.1199951171875,313.1000061035156,303.3299865722656,312.8599853515625,290.06011962890625,176613400,325.21320190429685,318.71394265951,318.01133510044644,-6.293228070540749,-3.39827176105225,-2.8949563094885,304.6922374771961,44.12494593277529,-7.530889419553565,-49.97692984239584,-48.9727530469141,7.572729663213273,353.8234768534627,324.4545028686524,295.085528883842,30180500.0,2857224321.01329,-27682801.55892706,-0.033241687602835635,-1
2020-03-05,304.9800109863281,308.4700012207031,300.010009765625,302.4599914550781,280.4180908203125,186366800,324.84780151367187,317.165947306707,315.91661972772505,-6.759337232604537,-4.070484855362707,-2.6888523772418296,302.4390768030852,38.13212620965028,-10.235945838387895,-68.6731693372898,-68.39747879329548,7.949675800550717,353.5272525753069,322.93450317382815,292.3417537723494,-156186300.0,2778799768.933151,-26117893.24843121,-0.016531112018967953,-1
2020-03-06,293.1499938964844,298.7799987792969,290.2300109863281,297.4599914550781,275.7824401855469,228667200,324.3726013183594,315.2891896065519,313.4904757545108,-7.446353388265834,-4.745658561943333,-2.700694826322501,299.4186900635381,35.626901516840526,-10.80125295207776,-96.01329249940436,-77.73629472901817,8.255411848279238,353.1704531449326,321.10850219726564,289.0465512495987,-384853500.0,2936860463.726952,27188689.69920206,-0.07809447030209493,-1
2020-03-09,275.29998779296875,284.19000244140625,273.45001220703125,274.2300109863281,254.245346069336,309417300,323.4326013183594,311.378791642721,309.02585754394534,-9.752859036068685,-5.747098656768404,-4.005760379300281,291.0496719680795,26.813054982731437,-14.94634341369982,-160.14342824937955,-98.81152051811549,9.380738091119785,355.75035052218414,318.21000213623046,280.6696537502768,-694270800.0,2672386429.228418,-37626600.04440928,0.05174489250964487,1
2020-03-10,284.6400146484375,288.5199890136719,273.5,288.4200134277344,267.4012145996094,276444100,322.742201538086,309.1922413365318,306.1887157621838,-10.316840656131715,-6.661047056641067,-3.65579359949065,288.03156544502644,37.05671477521871,-7.749873961863032,-118.19374758816508,-77.0363542566847,9.783541728444934,354.77005898263195,315.8970031738281,277.0239473650243,-417826700.0,2945150411.905921,26067194.098265648,-0.04874844817138435,-1
2020-03-11,280.70001220703125,281.94000244140625,270.8800048828125,274.3599853515625,254.3658142089844,255316300,321.77220153808594,305.8748836236776,302.2328093029204,-11.762733445378558,-7.681384334388566,-4.081349110989992,282.0882403139807,32.24140831514957,-11.922958153591493,-141.58605241066874,-94.64041142569228,10.337575072479002,354.6144959308164,312.852001953125,271.08950797543366,-673143000.0,2850502454.3077044,19638742.09372139,-0.09567716191402476,-1
2020-03-12,256.0,266.6600036621094,247.67999267578125,248.1100006103516,230.02880859375,392220700,320.3128018188477,300.37346619383703,296.0669044131324,-14.855523063655651,-9.116212080241985,-5.739310983413668,270.6032114493864,25.56271445134568,-16.60448641515967,-194.5515765014088,-99.4992921400539,11.50489061557202,357.1915320913932,308.38650131225586,259.58147053311853,-1065363700.0,2476053926.644614,-103919132.71855068,0.08548630309818406,1
2020-03-13,263.0899963378906,271.4800109863281,248.5200042724609,269.32000732421875,249.6931915283203,329566100,319.26200225830075,297.4159939205401,292.3462859380813,-15.417388775288998,-10.376447419251388,-5.04094135603761,266.92769325244075,36.93088774524086,-9.093364461413076,-126.03413448157757,-71.87050993279229,12.35239916988663,354.76744609893814,304.99950180053713,255.23155750213616,-735797600.0,2743610987.0325165,-59886550.22573328,-0.10942373540494499,-1
2020-03-16,241.17999267578125,256.8999938964844,237.3600006103516,239.8500061035156,222.3707733154297,297240000,317.56160247802734,291.9335188903473,286.1415720621745,-18.03278350400041,-11.907714636201192,-6.1250688677992144,256.5276503823592,30.06128363006037,-22.401239462529656,-158.00584960174484,-96.91640128336368,13.75294256588524,355.0449649141568,300.1120018005371,245.17903868691732,-1033037600.0,2522126308.1270566,-106901387.0189786,0.05399206428476466,1
2020-03-17,245.0399932861328,256.1700134277344,237.07000732421875,252.8000030517578,234.3770294189453,262070500,316.1694024658203,288.2065173819102,281.6356674194336,-18.843331942259223,-13.2948380974128,-5.548493844846426,251.6491915252128,35.71968984263307,-15.800689023998542,-119.5393219650806,-79.51022798148671,14.134875675715982,351.8323798923126,295.9155014038086,239.99862291530465,-770967100.0,2691717224.670295,-62455675.25982332,-0.05063292285300003,-1
2020-03-18,236.25,248.3699951171875,228.0200042724609,240.0,222.5098571777344,327597100,314.4966021728516,283.61542048839493,276.31038157145184,-20.284721053944,-14.69281468871904,-5.591906365224958,244.63681266018423,32.88743962377016,-23.288368203971284,-126.57612159796292,-86.04055367611143,14.895241611686048,348.4034739888433,290.9985015869141,233.59352918498485,-1098564200.0,2749831537.348517,-20104632.300750256,0.002124977111816584,0
2020-03-19,239.25,247.3800048828125,232.22000122070312,240.509994506836,222.9826812744141,289322000,312.8522018432617,279.51014182348456,271.5019523257301,-21.14216628273641,-15.982685007522516,-5.159481275213896,239.3446673544184,33.11499798254087,-20.482046782522332,-102.0969639277518,-85.44629295135263,14.914153186716286,343.53357254232344,286.1765007019043,228.81942886148508,-809242200.0,2776931286.444164,7671135.649371624,-0.048688169816349824,-1
2020-03-20,242.52999877929688,244.47000122070312,228.5,228.8000030517578,213.37342834472656,347158800,310.93920166015624,274.68060479760584,266.0375239780971,-22.50714785974253,-17.28757757796652,-5.219570281776012,232.3059831560338,30.553327502240748,-23.08209183610133,-101.82581114453905,-99.09112228919548,14.98957090342963,339.1760192523333,280.94250030517577,222.70898135801824,-1156401000.0,2442815528.583642,-87972985.47659636,-0.025568208153355143,-1
2020-03-23,228.19000244140625,229.67999267578125,218.259994506836,222.9499969482422,207.9178466796875,326025200,308.8652017211914,269.7538802405236,260.5144284202939,-23.78675331027287,-18.58741272442779,-5.199340585845082,225.37157475902768,29.332560098965352,-18.699636065960163,-114.8970058098284,-95.0548272164378,14.734601422395034,336.1416606932421,275.9689994812012,215.79633826916023,-1482426200.0,2384576533.3341765,-137633171.20054054,0.09060326182884704,1
2020-03-24,234.4199981689453,244.1000061035156,233.8000030517578,243.1499938964844,226.75587463378903,235494500,307.21400177001954,267.22017677918654,257.3888088407971,-22.90682331341813,-19.451294842225856,-3.455528471192274,225.29645600361044,38.473966092292805,-15.695866244938196,-58.920574337385325,-72.40882658550747,15.192844831886347,331.8131786106716,272.4939994812012,213.17482035173077,-1246931700.0,2576629755.003578,-84328751.99274969,0.014970180880193862,1
2020-03-25,244.8699951171875,256.3500061035156,239.75,246.7899932861328,230.1504364013672,299430300,305.5908013916016,265.2744450179433,254.94080825079052,-21.666002728520997,-19.894236419484884,-1.77176630903611,226.538528601732,39.98064142974036,-10.048838583404114,-27.557896761029067,-64.56781263602771,15.29335635128844,326.74533880908507,269.2584991455078,211.77165948193053,-947501400.0,2531173735.316438,-69319427.49067497,0.05838980231338309,1
2020-03-26,249.5200042724609,262.79998779296875,249.0500030517578,261.20001220703125,243.58888244628903,257632800,304.26580139160154,264.8864037978565,254.17333330426897,-19.29742665574048,-19.774874466736005,0.4774478109955247,231.62814734479053,45.65442624580179,5.275890356889355,26.40975067426596,-38.884114635082334,15.344544790970405,323.5225039654853,267.4429992675781,211.36349456967088,-689868600.0,2728849204.7600965,6019257.127762318,-0.029785657253030173,-1
2020-03-27,253.2700042724609,260.8099975585937,251.0500030517578,253.4199981689453,236.3334808349609,224341200,302.77040130615234,263.7943651665316,252.83780939011348,-17.842418867788354,-19.38838334694648,1.5459644791581226,234.07507622730583,43.27579521171809,-5.903760850612312,24.85832313127764,-49.957292327017655,14.973506531277764,320.071456732023,265.30099868774414,210.5305406434653,-914209800.0,2613460432.59427,-422186.4108905792,0.03247571536186511,1
2020-03-30,255.6999969482422,262.42999267578125,253.52999877929688,261.6499938964844,244.00857543945312,171369500,301.38500091552737,263.590139331289,252.49009464808876,-15.84259921670838,-18.679226520898855,2.836627304190479,238.47330999588496,46.45395344100332,9.089008646328836,67.30662734761432,-31.86244663438074,14.547541386674776,313.88455017901595,262.92899856567385,211.97344695233176,-742840300.0,2754792159.003995,41950243.85465384,-0.01490538500844496,-1
2020-03-31,260.5599975585937,263.3299865722656,256.2200012207031,257.75,240.3715209960937,194881100,299.9010006713867,263.033935585452,251.99685668945312,-14.406357131773149,-17.82465264307372,3.4182955113005704,241.28828865487856,45.16262916145658,1.958068389433023,83.98358104133271,-25.7985846201661,14.016287384166754,308.8186285669128,260.80449905395506,212.7903695409973,-937721400.0,2643784043.36746,20149997.27396488,-0.045004873340506735,-1
2020-04-01,247.97999572753903,257.6600036621094,243.8999938964844,246.1499938964844,229.5536346435547,189554600,298.198000793457,261.4259411388836,250.6011895315988,-14.042277841215196,-17.068177682702014,3.025899841486819,240.77662699962215,41.470078460082334,2.5624974568685013,15.148555781757851,-47.59490651342509,14.004410149834529,299.4434033106032,257.4689994812012,215.4945956517992,-1127276000.0,2516220365.941581,-31188546.16945696,0.023075393359379692,1
2020-04-02,245.19000244140625,252.67999267578125,244.58999633789065,251.8300018310547,234.8506622314453,177660400,296.6078009033203,260.51204215718565,250.06414213634676,-13.14389852943097,-16.283321852047806,3.1394233226168358,242.0050911892452,43.889261041588185,4.706668156319373,28.502543614471517,-25.51583484753228,13.581952020409965,291.5126063632277,254.9375,218.36239363677228,-949615600.0,2656548310.6070385,-4705554.623714924,-0.014454192761712337,-1
2020-04-03,250.759994506836,253.32000732421875,245.22000122070312,248.19000244140625,231.4560546875,135561200,294.93720092773435,259.33851456520665,249.42152332124252,-12.580622398524357,-15.542781961343117,2.962159562818762,242.226971768696,42.67203533762999,8.474649969852555,19.46543515849342,-33.592160630692234,13.19038445491751,283.472974339727,252.4740005493164,221.47502675890576,-1085176800.0,2620398623.224352,-4945999.101882935,0.06716621437679282,1
2020-04-06,257.8399963378906,267.0,248.1699981689453,264.8599853515625,247.0020904541016,188061200,293.6590008544922,259.864368925812,250.60114092145648,-10.66614106781833,-14.56745378263816,3.901312714819831,246.87782557724017,49.569991282593016,18.79793181295701,97.98554934404208,-4.39067379411282,13.593214267498736,281.940029965951,252.00549926757813,222.0709685692053,-897115600.0,2765713813.27559,41641924.90988684,0.0010194802770664424,0
2020-04-07,274.2099914550781,275.0299987792969,264.8900146484375,265.1300048828125,247.2538909912109,201427200,292.4916009521484,260.3658580645739,251.85109383719308,-9.023099822546442,-13.45858299061982,4.435483168073377,250.87712848290064,49.67561879316639,9.03969218098586,140.3478619167967,-17.438776028570523,13.34869992180128,276.5294990763603,250.840998840332,225.15249860430373,-695688400.0,2573821255.6011896,-4141731.337142944,0.03356841448563386,1
2020-04-08,267.9599914550781,276.0,265.25,274.0299987792969,255.5538787841797,153774500,291.4344006347656,261.66720479930945,254.0595700218564,-6.923018424137581,-12.151470077323372,5.228451653185791,256.54948213008504,53.15819654993996,11.03772690717711,135.47139433999996,-3.411847996682915,13.171649578614582,276.45290862730417,250.8244995117188,225.19609039613337,-541913900.0,2671235578.352257,8500578.46778822,0.015217361041894195,1
2020-04-09,277.5799865722656,281.20001220703125,275.4700012207031,278.20001220703125,259.4427795410156,189999200,290.4660009765625,263.2417578857592,256.66676170712424,-4.866110064492148,-10.694398074757128,5.828288010264981,262.3315009518945,54.7386521131078,6.508422360457446,155.56406105284492,-4.766442892167621,12.742961282123138,280.54550774267904,252.32900009155276,224.1124924404264,-351914700.0,2662283117.924372,10051142.482043743,-0.009130152528647795,0
2020-04-13,277.1400146484375,277.510009765625,271.4100036621094,275.6600036621094,257.07391357421875,114839100,289.42560119628905,264.4244479596973,258.8887620471773,-3.401739694399112,-9.235866398685523,5.834126704286414,266.4270102684101,53.55338024161832,8.775947302445134,123.53332613361977,-11.68777948285592,12.317750372323047,281.7475055165114,252.6459999084473,223.54449430038312,-466753800.0,2707465554.5319214,24147953.72827339,0.029492870836560936,1
2020-04-14,280.9800109863281,284.8999938964844,275.510009765625,283.7900085449219,264.6558532714844,134143400,288.66680114746094,266.26878706305206,261.8548581077939,-1.5671273090089812,-7.702118580750217,6.134991271741236,271.8797688332203,56.77931677483537,8.461691253544103,138.33097133384766,-2.458439649199884,12.1086242122185,286.28871124539177,254.8430000305176,223.3972888156434,-332610400.0,2809894905.4060125,60310719.63182592,-0.021248101052656954,-1
2020-04-15,277.57000732421875,283.94000244140625,275.4599914550781,277.760009765625,259.03240966796875,121775000,287.7396014404297,267.36318922520184,264.03743046351843,-0.592919475966255,-6.2802787597934255,5.6873592838271705,274.74362294348,53.79493620377768,7.763340355237633,100.30427562927407,-17.41459544112044,11.84943755322633,289.0577386666017,256.0910003662109,223.12426206582012,-454385400.0,2754177539.109179,51893532.80412102,0.004824295401707923,0
2020-04-16,279.1499938964844,280.0299987792969,275.760009765625,279.1000061035156,260.2820129394531,131798300,286.74040161132814,268.48098130885074,266.22876434326173,0.2839999811606617,-4.967423011602609,5.251422992763271,277.37754663913705,54.36891507640838,13.386151949647408,80.87646674657688,-14.146311690167687,11.308048371829583,291.5962099082943,258.0460006713867,224.49579143447912,-322587100.0,2828565174.4503407,67401337.36460114,0.027015436689475925,1
2020-04-17,285.3800048828125,287.29998779296875,282.3999938964844,286.6400146484375,267.31365966796875,146684800,285.8160021972656,270.21041305547806,268.9520037696475,1.5692908359843043,-3.6600802420852254,5.229371078069531,281.41777088838575,57.56339302927175,13.82282196889941,107.62334035020103,-1.5206756620873896,11.086043608802694,295.0851660864985,260.3525016784668,225.6198372704352,-175902300.0,2935736444.1251726,101717994.36637068,-0.017617980925449972,-1
2020-04-20,282.6099853515625,286.7900085449219,281.3500061035156,281.5899963378906,262.60418701171875,100109300,284.76820190429686,271.2941828918983,270.9746223086403,2.15555097569154,-2.496953998529873,4.652504974221413,283.3278038012893,54.796467558272816,13.457429214687885,83.0149843336343,-13.156664189164012,10.68275495398866,295.6965017201459,262.99200134277345,230.287500965401,-276011600.0,2844459954.267775,77467016.87916183,-0.030363251195576146,-1
2020-04-21,276.7300109863281,278.0400085449219,272.0199890136719,273.0400085449219,254.6305694580078,126385700,283.5850018310547,271.46045200171005,271.9315753755116,1.908256606214593,-1.6159118775809798,3.524168483795573,282.5735041776191,50.3810150817515,3.088433000742488,25.92732498143997,-32.857099662408054,10.603272980433667,292.77312779305817,265.4965019226074,238.21987605215665,-402397300.0,2760903312.1475706,33917502.06167793,0.022194540612888725,1
2020-04-22,278.3500061035156,281.0,276.9100036621094,279.1000061035156,260.2820129394531,92951600,282.47340209960936,272.1880285828344,273.2271472022647,2.176179550971256,-0.8574935918705329,3.0336731428417885,283.42836960881084,53.25602864073712,5.269113628567943,49.43822015482877,-19.19921173029917,10.414467157193986,293.1441101943859,267.294002532959,241.44389487153208,-309445700.0,2767494212.490054,15115486.830618382,-7.172888144824086e-05,0
2020-04-23,280.489990234375,283.94000244140625,278.75,279.0799865722656,260.2633056640625,104709700,281.3498016357422,272.8444055342088,274.34962187267485,2.3596939234191723,-0.2140560888125918,2.573750012231764,284.0269826196937,53.2450528094563,1.8428594735848605,57.24267486075978,-19.53422966660551,10.04129110606629,293.43401206677385,268.90850219726565,244.38299232775748,-414155400.0,2676099648.8030148,-23030470.285293102,0.013938708741589423,1
2020-04-24,280.7300109863281,283.70001220703125,278.5,282.9700012207031,263.8910827636719,85063200,280.26080139160155,273.8087479805416,275.6888122558594,2.7868964501592477,0.386134418981776,2.400762031177471,285.4299033187731,55.17809345711667,1.7145897930881966,64.36172058039612,-11.06564712607866,9.69548547042093,294.9854449270753,269.9970016479492,245.0085583688231,-329092200.0,2737279416.203275,-17075665.815783978,0.014418442077481775,1
2020-04-27,285.1199951171875,288.2699890136719,284.6199951171875,287.04998779296875,267.69598388671875,77896600,279.2606011962891,275.069818438868,277.31290617443267,3.415308795106,0.9919692942066208,2.423339500899379,287.5390473144337,57.1778365298933,4.131895806263089,136.82536632625315,-5.218146100781218,9.381521350602917,296.5041732029703,271.6785011291504,246.8528290553305,-251195600.0,2763102533.461204,-4870829.785663605,-0.004598421399664487,0
2020-04-28,291.0199890136719,291.3999938964844,285.3999938964844,285.7300109863281,266.4649963378906,105270000,278.2232012939453,276.0850748719594,278.6511452084496,3.763436456342447,1.5462627266337865,2.2171737297086604,288.8204707536776,56.30264139440963,0.6836049131374411,134.7601642092532,-21.682540090070635,9.139984111274137,297.9801177284999,272.88250198364256,247.7848862387852,-356465600.0,2669412833.143821,-29245498.8029027,0.026178490817010847,1
2020-04-29,291.5299987792969,294.8800048828125,290.4100036621094,293.2099914550781,273.4406433105469,118745600,277.3528009033203,277.7160193084469,280.5870965866815,4.589991482381322,2.1550084777832934,2.4349830045980285,291.7023161714182,60.03572693153865,5.562349203000778,190.04056263542057,-7.11552339529169,9.14069909593201,300.2320347171249,274.6555015563965,249.07896839566803,-237720000.0,2699430606.5983143,-27007162.86507988,-0.009310666581320293,0
2020-04-30,291.7099914550781,293.32000732421875,288.5899963378906,290.4800109863281,270.89471435546875,122901700,276.3956011962891,278.9316375634832,282.0941927228655,4.967493514022806,2.717505485031196,2.24998802899161,293.239834783516,58.08533012656397,4.077393276226501,123.48397069189257,-18.74731004531477,8.825649945246019,299.7210236310573,276.8720024108887,254.0229811907201,-360621700.0,2674746865.9177675,-31490200.84659195,-0.026473430702838252,-1
2020-05-01,285.3099975585937,290.6600036621094,281.5199890136719,282.7900085449219,263.7232666015625,125180000,275.31240112304687,279.2991014664774,282.6578123546782,4.593200113128091,3.092644410650575,1.5005557024775165,292.3841001063706,52.87445431794343,-1.3431502605236878,27.9724494241131,-52.88708637429798,8.848104566902553,298.27136923040104,278.42000274658204,258.56863626276305,-485801700.0,2584354784.982876,-59222542.05953121,0.0027582260890697263,0
2020-05-04,280.739990234375,283.8999938964844,279.1300048828125,283.57000732421875,264.4506225585937,80873200,274.3142010498047,279.70585440530994,283.1482889811198,4.3098282616231245,3.336081180845085,0.9737470807780392,291.7702376564525,53.33177169425208,0.7031538804923432,-18.78828629540677,-49.47502059200857,8.556810598814646,294.47512316239835,280.18900299072266,265.90288281904697,-404928500.0,2654038412.0175457,-43011660.13019943,0.00923932379841541,0
2020-05-05,286.6400146484375,289.25,283.7099914550781,286.19000244140625,266.8939819335937,79569900,273.5896008300781,280.3233923135096,283.71981273832773,4.247700885756728,3.518405121827414,0.7292957639293145,291.8411848618201,54.91444040993184,4.816141768586589,42.68999681705182,-38.01398254118068,8.351323604312261,293.89473545928496,281.25550384521483,268.6162722311447,-325358600.0,2645708194.982263,-35120308.385771275,-0.006778721915009722,0
2020-05-06,288.0400085449219,288.4599914550781,283.7799987792969,284.25,265.0848083496094,73632600,273.02160095214845,280.6973549503182,284.0050028483073,3.995860714059688,3.613896240273869,0.381964473785819,291.2966867737732,53.468490964148415,1.8452145409750689,20.868595364287582,-46.50042652490999,8.089085680845761,292.5013768630834,282.21150360107424,271.9216303390651,-398991200.0,2586865110.385839,-47422072.46320629,0.01206681680134114,1
2020-05-07,287.75,289.7799987792969,287.1300048828125,287.67999267578125,268.2834777832031,75250400,272.5452008056641,281.36236806702897,284.5258113316127,4.026630813344411,3.696443154887978,0.3301876584564334,291.647521423268,55.68997960177239,3.0815560116449694,64.36782142831647,-31.496094526997897,7.906293759306555,292.7231303546332,282.8940032958984,273.0648762371636,-323740800.0,2542850104.151026,-62148289.52748776,0.0165461967700673,1
2020-05-08,291.0899963378906,292.95001220703125,289.8599853515625,292.44000244140625,272.7225341796875,76452400,272.4438006591797,282.4173808645887,285.43495410737535,4.384566789092105,3.834067881728804,0.5504989073633011,293.08147121808474,58.64096265418178,3.3466449375730734,108.79223977781402,-10.673669062059044,7.717988457302516,294.0176537327459,283.6060028076172,273.1943518824885,-247288400.0,2594065525.68499,-46226990.608661175,0.00020516194122843778,0
2020-05-11,290.3399963378906,294.0,289.8800048828125,292.5,272.7785339355469,79514200,272.3686004638672,283.37763030605646,286.2820014590309,4.619820515060326,3.9912184083951088,0.628602106665217,294.1827869413509,58.67831803553333,1.898628266433512,107.16440084280796,-13.244322321305743,7.460988933008586,294.87678380678176,284.44800262451173,274.0192214422417,-167774200.0,2615680967.745966,-28633637.61258793,-0.01993157802483969,-1
2020-05-12,293.7900085449219,294.239990234375,286.5199890136719,286.6700134277344,267.3416442871094,95870800,271.9202008056641,283.6911906033591,286.4936215355283,4.286418431178845,4.050258412951856,0.2361600182269887,293.4820842690352,53.61124350092156,0.3289827477909655,41.54003030796692,-50.122033014122295,7.479489810701054,295.0599256724655,284.59200286865234,274.1240800648392,-263645000.0,2523536322.75152,-48152049.5567379,-0.01768586558320595,-1
2020-05-13,286.0599975585937,287.19000244140625,278.9599914550781,281.6000061035156,262.6134948730469,144721100,271.5474011230469,283.4920301748025,286.2086694626581,3.571912870294909,3.954589304420467,-0.3826764341255577,291.50726631882264,49.59993162433807,-3.959614504931096,-104.27293249265064,-81.07444945411186,7.533098466102987,294.8778193613338,284.78400268554685,274.6901860097599,-408366100.0,2471662200.616479,-68264797.88988161,0.011967311946537107,1
2020-05-14,278.95001220703125,285.1099853515625,272.989990234375,284.9700012207031,265.7561950683594,121977900,270.9896014404297,283.6327893220312,286.22638360886344,3.2402410257279257,3.811719648681959,-0.5714786229540332,290.6904233604224,52.16210199959731,-1.896863659194896,-135.32669038573903,-45.27180004795815,7.860733941180453,294.82870351203053,285.07750244140624,275.32630137078195,-286388200.0,2590822447.614072,-32372225.627853397,0.004596966533256808,0
2020-05-15,282.3699951171875,286.3299865722656,281.3399963378906,286.2799987792969,266.9779052734375,111146300,270.66600158691404,283.8849045084375,286.34090706961496,3.047959573539288,3.658967633653425,-0.6110080601141372,290.2986712930512,53.158951028271794,1.234127843601167,-51.200517955980885,-39.28734741221148,7.655680819265778,294.80042238546616,285.0595016479492,275.3185809104323,-175241900.0,2699741906.2886643,19910220.38742447,0.030459694208066823,1
2020-05-18,293.04998779296875,296.75,292.70001220703125,295.0,275.1099853515625,119703800,270.6168017578125,284.94348503144346,287.2876211983817,3.5581897630938784,3.638812059541515,-0.080622296447637,292.1835622177511,59.24662792206965,4.030748097669162,127.94516880710054,-7.365316838092495,7.856703705082731,296.2391627352623,285.73000183105466,275.220840926847,-55538100.0,2715997666.0927486,44660760.93248081,-0.010271182302701298,-1
2020-05-19,294.3500061035156,296.2099914550781,291.95001220703125,291.9700012207031,272.28424072265625,95189300,270.9716015625,285.6126770494682,287.88190685453867,3.675684285187458,3.646186504670705,0.0294977805167535,292.8836579599363,56.49888890811781,2.0196368601241605,100.5294917830467,-20.11783171155249,7.599794815294455,295.75611319881205,286.67650146484374,277.59688973087543,-150727400.0,2621701675.711564,20722643.222128868,0.016988017379665044,1
2020-05-20,295.82000732421875,297.8699951171875,295.57000732421875,296.92999267578125,276.9098205566406,85861700,271.1418011474609,286.6905166329266,288.85842982700893,4.121519091959954,3.7412530221285545,0.3802660698313991,294.68275325131896,59.7866850146384,4.460859340644239,137.62120547678254,-3.778144119479732,7.478380463950878,296.9917168884192,287.56800079345703,278.14428469849486,-64865700.0,2637380213.983464,14034526.04330492,-0.006903943163488857,0
2020-05-21,296.7900085449219,297.6700134277344,293.69000244140625,294.8800048828125,274.9981384277344,78293900,271.5522015380859,287.47046789482044,289.5548111688523,4.26031919820349,3.8450662573435417,0.4152529408599483,295.5601356784497,57.8409011065387,2.5027851746178778,97.36202496643612,-12.017643278038635,7.228496929834968,297.44611608596216,288.3580017089844,279.2698873320066,-143159600.0,2605905246.1257453,7849.602393627167,0.0018990692801170717,0
2020-05-22,294.57000732421875,295.6300048828125,293.2200012207031,295.44000244140625,275.5202941894531,63958200,272.49880157470704,288.2294711849715,290.22928742908294,4.365187243972116,3.949090454669257,0.4160967893028591,296.35662574625013,58.24071942079507,1.0258514481448495,75.99451693034922,-9.766849673972244,6.88431883928314,298.2153336207219,288.9815017700195,279.7476699193172,-79201400.0,2659778636.4310474,11410483.464399338,0.012320552737543622,1
2020-05-26,301.92999267578125,302.19000244140625,295.4599914550781,299.0799865722656,278.91485595703125,88951400,273.094001159668,289.26285360280906,291.1910478864397,4.687972199170247,4.096866803569455,0.5911053956007919,297.8852334941418,60.84033073914738,2.249568058894231,117.64948530205224,-10.65073482534965,6.874724636477201,299.75483398012784,289.5830017089844,279.4111694378409,9750000.0,2666519096.1683154,17182572.37304163,0.014879003633885723,1
2020-05-27,302.1199951171875,303.57000732421875,296.8699951171875,303.5299987792969,283.0648803710937,104817400,274.3676010131836,290.6216293339031,292.5193333217076,5.242428938998387,4.325979230655241,0.916449708343146,300.22100304504755,63.8067301568796,5.881321575970371,133.7516730556861,-0.1308323170792547,6.8622451772310615,302.1448653050079,290.47300109863284,278.8011368922578,114567400.0,2770084680.044132,50934515.21678829,-0.0018449496288533984,0
2020-05-28,304.6499938964844,306.8399963378906,302.239990234375,302.9700012207031,282.5426330566406,90405200,275.3710009765625,291.7976647516936,293.70952380952383,5.572417417790746,4.575266868082342,0.9971505497084036,301.91188679340115,63.15834809776517,7.588776510655306,143.38544392125524,-11.432775241909232,6.700656671965673,303.80688089950905,290.96100158691405,278.11512227431905,24162200.0,2708373698.1543,40476405.30457497,0.004455906849114788,0
2020-05-29,302.4599914550781,304.9599914550781,299.4700012207031,304.32000732421875,283.80157470703125,119090800,276.6574011230469,292.99026880621983,294.98181007021947,5.875144861936519,4.8352424668531775,1.0399023950833417,303.5640937253914,64.10530252565606,6.790190553611804,109.34346029886473,-7.444574768954482,6.614180497852053,305.7507848038231,291.6530014038086,277.5552180037941,143253000.0,2799698976.221628,61576457.42513085,0.004041733830006056,0
2020-06-01,303.6199951171875,306.2099914550781,303.0599975585937,305.54998779296875,284.9486999511719,55758300,277.95820098876953,294.1864325192435,296.3053325834728,6.143489365689618,5.096891846620466,1.0465975190691523,305.14947656226525,64.98828192972188,6.731168469973263,113.81387679101864,-3.8109551324066016,6.366738597754366,307.5043292858256,292.79100036621094,278.0776714465963,199011300.0,2832091718.444474,74917218.77943373,0.008280146883890893,0
2020-06-02,306.54998779296875,308.1300048828125,305.1000061035156,308.0799865722656,287.3080139160156,74267200,279.5438006591797,295.5096281433409,297.761426507859,6.4855427756317,5.374622032422713,1.110920743208987,307.0138386286499,66.79752735645762,4.4338937533103815,116.97750699598484,-0.1423400389763296,6.128400039293116,309.5155294393996,294.0164993286133,278.51746921782706,273278500.0,2903906957.144405,96414449.93986034,0.01330825201965502,1
2020-06-03,310.239990234375,313.2200012207031,309.94000244140625,312.17999267578125,291.13165283203125,92567600,281.32840057373045,297.0972819083352,299.4912830171131,7.00669003355182,5.701035632648535,1.305654400903285,309.5099138551451,69.54417705988118,6.9219410797622265,142.78604815197343,-2.585156005240252,6.057801082803429,312.26288132238915,295.31599884033204,278.36911635827494,365846100.0,2937772648.112873,107219268.91001464,-0.002626713253435109,0
2020-06-04,311.1099853515625,313.0,309.0799865722656,311.3599853515625,290.366943359375,75794400,282.69260040283206,298.455634617214,301.0192817324684,7.269734280605121,6.014775362239852,1.2549589183652694,311.24094606569395,68.32675393298884,4.859728903013648,121.57352555207896,-5.83442780507043,5.905101964584211,314.18828854938926,296.67149810791017,279.1547076664311,290051700.0,2950146894.8092785,105829476.17302322,0.025629532893630236,1
2020-06-05,317.2300109863281,321.2699890136719,317.1600036621094,319.3399963378906,297.8089294433594,150524700,284.1436004638672,300.4446214477546,303.17818632579986,8.0295591764297,6.417732125077822,1.6118270513518782,314.62289296360285,73.23683524374265,8.294896585069818,181.142683118095,-6.582517743820759,6.191166371550294,317.8355380352469,298.25449829101564,278.6734585467844,440576400.0,2959302931.0919123,98553347.40027188,0.012087480157219055,1
2020-06-08,320.2200012207031,323.4100036621094,319.6300048828125,323.20001220703125,301.4086303710937,73641200,285.3836004638672,302.6118015200667,305.55394955589657,8.84128012794531,6.90244172565132,1.9388384022939904,318.2802178467162,75.23659044022517,9.396158115430072,167.02082863402168,-0.667487323949123,6.039655011026611,321.96566715837935,299.79249877929686,277.6193304002144,514217600.0,3024762105.8349752,107445273.28418732,-0.007456694217466864,0
2020-06-09,320.29998779296875,323.2799987792969,319.3599853515625,320.7900085449219,299.1611328125,77479200,286.7310006713867,304.3430593319577,307.55371239071803,9.18423750291953,7.358800881104962,1.825436621814568,320.5246741534383,71.63749744695139,7.258935049942078,127.94049733272908,-8.678353445888165,5.8882520407914525,324.89642988173466,301.20699920654295,277.51756853135123,436738400.0,3003811820.8733945,94649127.45035982,-0.0055800009265912776,0
2020-06-10,321.4200134277344,322.3900146484375,318.2200012207031,319.0,297.4917907714844,95000800,287.87800079345703,305.73895844319986,309.2482838948568,9.2054799212911,7.72813668914219,1.477343232148911,321.7651387560793,68.99740693431423,5.096695971705812,97.0969133196112,-14.6074968714178,5.765520711287376,326.7356341515669,302.82349853515626,278.9113629187456,341737600.0,2944350718.4385824,61890432.70268488,-0.057648948741183426,-1
2020-06-11,311.4599914550781,312.1499938964844,300.010009765625,300.6099853515625,280.3417053222656,209243600,288.7352005004883,305.2504848154249,309.03747311546687,7.65020737203406,7.712550825720564,-0.0623434536865037,317.876901649206,49.012670306796494,-0.7789602467676117,-40.69988396519813,-75.52175046954004,6.710125677222207,325.66164329492807,303.7739974975586,281.8863517001891,132494000.0,2755789361.5388103,-17134049.862444878,0.011975670399988259,1
2020-06-12,308.239990234375,309.0799865722656,298.6000061035156,304.2099914550781,283.698974609375,194678900,289.89640045166016,305.1513902096776,309.0789963495164,6.631687116662533,7.496378083908958,-0.8646909672464247,315.5092033600027,51.94689240717212,-0.0361513756877034,-53.17922076934249,-68.69411027377367,6.979401019474192,324.852836454357,304.73599700927736,284.61915756419774,327172900.0,2769535616.626636,-43530797.94183064,0.009335644514194108,0
2020-06-15,298.0199890136719,308.2799987792969,296.739990234375,307.04998779296875,286.3475646972656,135782700,291.00080017089846,305.3322090271339,309.29937642415365,5.984678794061779,7.194038225939523,-1.2093594318777443,314.21285987425586,54.186753131777365,0.4909180363038842,-58.7836048094128,-61.34236082583935,7.305158699863313,324.03153459212297,305.7744964599609,287.51745832779886,462955600.0,2876373067.2183437,-16378388.064051628,0.019247692222981838,1
2020-06-16,315.4800109863281,315.6400146484375,307.6700134277344,312.9599914550781,291.8590087890625,137627500,292.2961999511719,306.0586644964619,309.9837092808315,5.881015257445199,6.931433632240658,-1.0504183747954592,314.60547583256584,58.51981485390435,1.5840058087213038,15.998641249530817,-39.182628217817815,7.396934996692273,324.4826656360729,306.67249603271483,288.8623264293568,600583100.0,2921442264.696144,10558559.5437994,-0.004153846588902832,0
2020-06-17,314.07000732421875,314.3900146484375,310.8599853515625,311.6600036621094,290.6466979980469,83398900,293.2322003173828,306.5921253693807,310.45871000744046,5.629074540059321,6.670961813804391,-1.0418872737450702,314.518134224173,57.23742492756344,-0.166567052941127,12.783438670429655,-44.056970694214485,7.120727446705325,324.24215684348985,307.65699615478513,291.0718354660804,517184200.0,2875845117.2983294,6110167.61645174,0.00038501930237289095,0
2020-06-18,310.010009765625,312.29998779296875,309.510009765625,311.7799987792969,290.7585144042969,80828700,294.1652001953125,307.08620855127754,310.8513769240606,5.377108351569007,6.412191121357314,-1.0350827697883078,314.41024628775136,57.33037398158976,0.1348964052847477,-7.785696861080114,-43.6070454719695,6.811388202465213,324.31327783517287,308.3994964599609,292.48571508474896,598012900.0,2926544521.9580398,19866529.89094925,-0.010071153195051807,-1
2020-06-19,314.1700134277344,314.3800048828125,306.5299987792969,308.6400146484375,289.0969543457031,135549600,294.85740051269534,307.2341900843404,310.8742834182013,4.867938292010081,6.103340555487868,-1.2354022634777877,313.4451443358695,54.02138442334303,-3.350655042324099,-31.610274395892805,-55.38050835142226,6.885575195397385,323.7439391587317,309.0874969482422,294.4310547377527,462463300.0,2863864115.506201,3744318.778481484,0.006415177471415401,0
2020-06-22,307.989990234375,311.04998779296875,306.75,310.6199951171875,290.9515686035156,74649400,295.50580017089845,307.5566477065163,311.0202356247675,4.571487960324191,5.796970036455133,-1.225482076130942,313.1135388535354,55.75553846466739,-3.892331873361876,-40.10752638578208,-47.95651333126602,6.700890380938196,323.10265987907115,309.84649658203125,296.59033328499135,537112700.0,2923583847.4248395,15810209.044904232,0.00460367232715253,0
2020-06-23,313.489990234375,314.5,311.6099853515625,312.04998779296875,292.291015625,68471200,296.2335998535156,307.984584857607,311.23009193057106,4.401203065358232,5.517816642235753,-1.1166135768775218,313.165225406671,57.01646984357259,-2.724530228231598,4.732455898482121,-42.594713721918296,6.499398559643502,322.8169763211212,310.49499664306643,298.1730169650117,605583900.0,2875962019.3699293,4156563.495977879,-0.025508706189596886,-1
2020-06-24,309.8399963378906,310.510009765625,302.1000061035156,304.0899963378906,284.8349914550781,132813500,296.639599609375,307.61367166525304,310.62009190150667,3.582647740232176,5.130782861835038,-1.5481351216028625,311.0994966194542,48.696958023913695,-4.67398233921924,-84.21734897652053,-72.44093587192464,6.745868783201333,322.78393506366626,310.5229965209961,298.262057978326,472770400.0,2806001659.181018,-23248820.97014332,0.010720542618582574,1
2020-06-25,303.4700012207031,307.6400146484375,301.2799987792969,307.3500061035156,287.8886108398437,89468000,297.2313995361328,307.5885606593733,310.31790233793714,3.160559330166393,4.7367381555013095,-1.5761788253349165,310.21938160189336,51.79897905878321,2.242114726851369,-75.56234052177325,-60.21743334366987,6.718307860768425,322.6055036478436,310.7419967651367,298.87848988242985,562238400.0,2887310407.6851325,-6475620.003143311,-0.023751482562483606,-1
2020-06-26,306.1600036621094,306.3900146484375,299.4200134277344,300.04998779296875,281.05084228515625,127961000,297.65039916992185,306.8706013387633,309.29961576915923,2.2115078692430643,4.231692098249661,-2.0201842290065963,307.5814706499787,45.20724875048657,-1.3674776565396511,-110.04089192757678,-87.52827244576348,6.804856776126483,322.9854571509769,310.5284957885742,298.0715344261715,434277400.0,2782480580.0327964,-32380108.4057374,0.014697563211208076,1
2020-06-29,301.4100036621094,304.6099853515625,298.92999267578125,304.4599914550781,285.1816711425781,79773300,298.00679870605467,306.64101944507905,308.7216629754929,1.7945418273860696,3.7442620440769434,-1.949720216690873,306.5535630740597,49.39669655067839,-0.8435096697144159,-87.20139635579791,-69.90255800118976,6.724509340387538,323.02677439165103,310.4739959716797,297.9212175517084,514050700.0,2858040667.521648,-15991906.87800598,0.012809544787298677,1
2020-06-30,303.989990234375,310.20001220703125,303.82000732421875,308.3599853515625,288.8346252441406,113394800,298.5421984863281,306.8047304837918,308.52032863071986,1.7585190361648415,3.347113442494522,-1.5885944063296806,306.72256384261163,52.83145216711335,-1.4698383912040411,2.1074896677682755,-38.51862377203237,6.699901879132178,323.0306835830388,310.48799591064454,297.9453082382503,627445500.0,2906028157.93397,7434914.048896313,0.007004811793744015,0
2020-07-01,309.57000732421875,311.8900146484375,309.07000732421875,310.5199890136719,290.8578491210937,72396500,299.29179809570314,307.1585646294946,308.52337559291294,1.8825639330553368,3.0542035406066854,-1.1716396075513482,307.42322982464145,54.666760236152925,-0.3657879211454618,53.42876963673138,-27.090047730076407,6.473482408970951,322.9237453466796,310.4049957275391,297.8862461083985,699842000.0,2908080825.834323,16995833.846478462,0.005506962621272482,0
2020-07-02,314.239990234375,315.70001220703125,311.510009765625,312.2300109863281,292.4595947265625,69344200,299.9543981933594,307.6415595206216,308.69718656994047,2.094708395012674,2.862304511487884,-0.7675961164752096,308.4408176776563,56.12232638890225,0.1443364580130764,92.63963174128216,-18.30167299229657,6.381092464998696,322.9862503041561,310.44849700927733,297.91074371439856,769186200.0,2862568549.2505417,4880864.500970364,0.01543726303379489,1
2020-07-06,316.3699951171875,317.67999267578125,315.5599975585937,317.04998779296875,296.97442626953125,61713800,300.71379821777344,308.5376003084642,309.3258999779111,2.6215466971327714,2.814152948616861,-0.19260625148409,310.5206673407371,60.0190225145233,2.7248486085353503,145.3519796290058,-3.360026041666664,6.314584552459727,322.58336392664023,310.33399658203126,298.0846292374223,830900000.0,2887603023.8863444,7446540.380020618,-0.010313796371464123,-1
2020-07-07,315.3800048828125,317.5199890136719,313.3699951171875,313.7799987792969,293.9114685058594,82910000,301.32999816894534,309.0368763533054,309.65409066336497,2.743582748163192,2.8000389085261275,-0.0564561603629356,311.3644583086821,56.362017899254,1.0173213932725746,100.02353670178503,-20.799967447916668,6.159970934175773,320.7454473086316,309.86299591064454,298.9805445126575,747990000.0,2821075411.1733646,-13348699.93086338,0.007648651621585456,0
2020-07-08,314.6099853515625,316.29998779296875,312.70001220703125,316.17999267578125,296.15948486328125,54638600,301.91259826660155,309.7171731459221,310.2557094029018,2.999381643155459,2.8399074554519936,0.1594741877034655,312.6606458437759,58.36705428223826,1.323507464949037,95.0008252522269,-7.9999999999999964,5.977114123587325,319.7476419065639,309.6324951171875,299.5173483278111,802628600.0,2872071561.354776,-4416277.733879566,-0.005692921230517234,0
2020-07-09,316.8399963378906,317.1000061035156,310.67999267578125,314.3800048828125,294.4735107421875,83354200,302.48559814453125,310.1612523589593,310.7078531901042,3.022024125625933,2.8763307894867816,0.1456933361391512,313.23372411550207,56.27850718644163,3.383869469184411,69.7036560143803,-17.599934895833336,6.008749788169257,318.83868197974584,309.4014953613281,299.9643087429104,719274400.0,2884795527.2274485,3687909.3729081154,0.01021054585285941,1
2020-07-10,314.3099975585937,317.8800048828125,312.760009765625,317.5899963378906,297.48016357421875,57550400,302.9731982421875,310.8687517855242,311.48771042596724,3.2613926353668603,2.9533431586627974,0.3080494767040629,314.51118532333,59.08992730546488,3.33170327998177,88.37788741848638,-1.5303871140213254,5.94526731167056,319.4227073963306,310.25049591064453,301.07828442495844,776824800.0,2935826347.6647086,22905073.385457996,-0.008658962913536516,0
2020-07-13,320.1300048828125,322.7099914550781,314.1300048828125,314.8399963378906,294.904296875,102997500,303.4603979492188,311.2469655524162,311.9248057047526,3.1923919790627338,3.0011529227427847,0.191239056319949,314.8164157472353,55.780688288689646,4.929181518623097,90.69610051031032,-33.09501901252915,6.133461544570207,319.7214960020282,310.78199615478513,301.8424963075421,673827300.0,2849874875.4826984,1336165.3885469437,0.012959017714715637,1
2020-07-14,313.29998779296875,319.760009765625,312.0,318.9200134277344,298.7259521484375,93657000,304.182998046875,311.97773201673226,312.699854968843,3.427422549193068,3.086406848032841,0.3410157011602264,316.09522616979774,59.412481801463926,4.749399717036309,77.2627916007912,-15.93767124430362,6.249643560359835,320.80765361512795,311.37549743652346,301.943341257919,767484300.0,2923255731.66486,15739505.86699438,0.009187233639839087,0
2020-07-15,322.4100036621094,323.0400085449219,319.2699890136719,321.8500061035156,301.47052001953125,87196500,304.94859802246094,312.917948596426,313.69742722284224,3.806235972301238,3.2303726728865207,0.575863299414717,317.8706470706835,61.83655629959147,4.374763715393583,123.5773373443272,-4.935718200539974,6.097525814418954,322.2897731749854,311.8199981689453,301.3502231629052,854680800.0,2955405276.5910354,30430318.005869865,-0.0032934520381920906,0
2020-07-16,319.7900085449219,321.2799987792969,319.0899963378906,320.7900085449219,300.4775695800781,54622500,305.6405981445312,313.66766859152085,314.5517139253162,3.9750929974434825,3.3793167377979136,0.5957762596455689,319.0118609247049,60.43040521434638,3.3073618107070786,102.32048691278328,-9.332221149136055,5.859131810933672,323.4510103203721,312.276498413086,301.1019865057998,800058300.0,2985585345.7780704,43276552.439842224,0.0028990699554503063,0
2020-07-17,321.8800048828125,322.57000732421875,319.739990234375,321.7200012207031,301.3486022949219,62774900,306.38999816894534,314.43455741334776,315.4510951450893,4.136275632332968,3.530708516704925,0.6055671156280429,320.144940635125,61.2626966430008,3.039422829469953,114.8008748598239,-5.4749334524838655,5.642766473712964,324.6759489786133,312.77349853515625,300.8710480916992,862833200.0,3010650898.8352017,52573001.36829662,0.008081580547216305,0
2020-07-20,321.42999267578125,325.1300048828125,320.6199951171875,324.32000732421875,303.7840881347656,56308800,307.12279846191404,315.3760288334307,316.5507626488095,4.422829173540094,3.709132648071959,0.7136965254681353,321.70132799126026,63.569739281346365,2.2930199688250004,142.14496201732254,-3.801021358010903,5.56185528027811,326.30335789242605,313.5574981689453,300.8116384454645,919142000.0,3046733582.7522697,63077584.32461309,0.0021275358467678362,0
2020-07-21,326.45001220703125,326.92999267578125,323.94000244140625,325.010009765625,304.430419921875,57292200,307.7741986083984,316.293550826973,317.64147803896947,4.6519772518796,3.897701568833488,0.7542756830461128,323.1046953500539,64.17944392580192,3.578944174267451,151.03523747044227,-10.750193084499248,5.378150634142173,327.8745146455545,314.2769989013672,300.67948315717985,976434200.0,3030446917.095374,56458466.977311134,0.005692057260856531,0
2020-07-22,324.6199951171875,327.20001220703125,324.5,326.8599853515625,306.1631774902344,57792900,308.4613983154297,317.29987792455296,318.8398577008929,4.926071636330107,4.103375582332811,0.8226960539972961,324.6790571723202,65.83062358555193,3.3778205209628105,135.9178803512963,-2.058271510064136,5.186855032205679,329.62480749932934,315.0174987792969,300.41019005926444,1034227100.0,3073683484.34677,62375147.91728592,-0.011931695745166393,-1
2020-07-23,326.4700012207031,327.2300109863281,321.4800109863281,322.9599914550781,302.5101623535156,75738000,309.1871978759765,317.8389363560316,319.5962855747768,4.773569756207564,4.237414417107762,0.5361553390998024,324.89761687838313,59.59403088698476,2.729176932058347,80.78272179902204,-25.80069369789659,5.227079672762415,330.0516790348583,315.96099853515625,301.8703180354542,958489100.0,3036933575.039705,47431987.34800196,-0.006440384652273368,0
2020-07-24,320.95001220703125,321.989990234375,319.25,320.8800048828125,300.5619201660156,73766600,309.9727978515625,318.12856193001073,320.06476236979165,4.433763716087981,4.276684276903806,0.1570794391841747,324.47744763769583,56.518693189152415,1.0359295263889754,17.950071964833786,-38.36857448954567,5.118716228642109,330.3022763659533,316.6374984741211,302.97272058228896,884722500.0,3050933651.489852,41461447.13579607,0.0072924342504456785,0
2020-07-27,321.6300048828125,323.4100036621094,320.7699890136719,323.2200012207031,302.75372314453125,48293000,310.7377978515625,318.61346091007664,320.6916673932757,4.303673065272392,4.282082034577523,0.0215910306948687,324.6852084987409,59.07724515350627,2.661671001234215,45.28341906368262,-24.22963945042604,4.941666115770351,329.4147093137222,317.79599914550784,306.1772889772935,933015500.0,3092275335.5884323,48403903.15891504,-0.006342391514221224,0
2020-07-28,322.42999267578125,323.6400146484375,320.8500061035156,321.1700134277344,300.8335876464844,57495000,311.43559814453124,318.85694210223454,321.0130020868211,3.989173693652731,4.223500366392565,-0.2343266727398338,324.2724874031693,55.97005272167866,0.7055060533257623,26.17069146453003,-36.61625893629301,4.787976289281175,328.5768082776402,318.6315002441406,308.686192210641,875520500.0,3047969414.2666645,32746305.36972713,0.012298725050001957,1
2020-07-29,322.1199951171875,325.7300109863281,322.0799865722656,325.1199951171875,304.53338623046875,48454200,312.037998046875,319.4534233417539,321.6309539794922,4.012408637626095,4.181282020639271,-0.1688733830131763,324.91200971802334,60.30255645462706,1.015997810054463,77.7743195326989,-13.85432926499378,4.7716920942320735,328.60292736833287,319.46950073242186,310.33607409651086,923974700.0,3080227650.857414,33627971.97395897,-0.0035679247032814887,0
2020-07-30,321.8999938964844,324.4100036621094,319.6400146484375,323.9599914550781,303.44683837890625,61861700,312.6777978515625,319.8826203049276,322.0586197626023,3.892351294330126,4.123495875377443,-0.2311445810473165,325.09003597772727,58.482577986211744,0.988180063504796,22.0550209085389,-21.47089410628445,4.822284120983355,328.4857979994025,320.14150085449216,311.7972037095818,862113000.0,3130416988.4817715,46900900.1039896,0.007902202821698623,0
2020-07-31,325.8999938964844,326.6300048828125,321.3299865722656,326.5199890136719,305.84478759765625,84986800,313.2695977783203,320.5147506581414,322.6660948253813,3.958148322982311,4.090426364898416,-0.1322780419161056,325.85603611413205,61.26127218657607,1.4919768042882453,83.70181630103176,-4.661992517888736,4.856407991666464,328.80609082294046,320.8559997558594,312.9059086887783,947099800.0,3211875537.7778544,73985645.4692111,0.006952160993595191,0
2020-08-03,328.32000732421875,329.6199951171875,327.7300109863281,328.7900085449219,307.9710388183594,53077900,313.9477978515625,321.30287045688243,323.42171471005395,4.14567577729116,4.101476247376965,0.044199529914195,327.02858852496104,63.58842331166959,1.378268722174306,192.73436543895244,-7.882114610473357,4.730950713941404,329.89984540495175,321.44300079345703,312.9861561819623,1000177700.0,3218335115.893822,80395121.11286354,0.0038626143759423748,0
2020-08-04,327.8599853515625,330.0599975585937,327.8599853515625,330.0599975585937,309.1605834960937,41917900,314.64019775390625,322.1368825618073,324.2423810686384,4.3466644929851554,4.150513896498604,0.1961505964865519,328.2723602800976,64.86026418695924,1.5537945420851496,167.92223111032143,0.0,4.550169392019246,330.74075248837835,322.2570007324219,313.7732489764654,1042095600.0,3260253015.893821,89046045.59318781,0.0062109550025215565,0
2020-08-05,331.4700012207031,332.3900146484375,331.17999267578125,332.1099853515625,311.080810546875,42697700,315.30079772949216,323.0867018751173,325.1807605561756,4.618131436139038,4.244037404426691,0.3740940317123469,329.7733978728024,66.87179719706037,1.6061923255467414,188.90519425719367,-2.131118605018445,4.391587084721,332.0793882996552,323.0535003662109,314.02761243276666,1084793300.0,3283188088.140984,91787488.08712816,0.006684536203731106,0
2020-08-06,331.4800109863281,334.4599914550781,331.1300048828125,334.3299865722656,313.1603088378906,43679400,315.91679748535154,324.15749089389334,326.25471162341887,4.955285048111875,4.386286933163728,0.5689981149481476,331.52507833133075,68.94502255292988,3.5205584029032897,168.3910850088038,-0.8547334375332283,4.315758476688473,333.42503586750826,324.0509994506836,314.6769630338589,1128472700.0,3323456942.689771,97377487.54679728,0.0007179157167860328,0
2020-08-07,333.2799987792969,334.8800048828125,332.29998779296875,334.57000732421875,313.38507080078125,57308300,316.5487976074219,325.1491591253529,327.25652189708893,5.182113208097007,4.545452188150383,0.636661019946624,332.9632083413703,69.1696728672611,4.266393116768348,139.30248325187185,-1.9833490834966885,4.191776949056707,334.8383270270698,324.9,314.96167297293016,1185781000.0,3366993680.3562565,104664404.9881072,0.0029889110742402636,0
2020-08-10,335.0599975585937,335.7699890136719,332.9599914550781,335.57000732421875,314.3217468261719,44282100,317.1737976074219,326.1416208585782,328.272713070824,5.380544237052902,4.712470597930887,0.6680736391220155,334.3370826808104,70.1388825828952,3.820928796755593,121.66915181340302,-1.2105437194154356,4.093078421166496,335.7854643052398,325.9365005493164,316.087536793393,1230063100.0,3404972850.20356,110214752.07568456,-0.008254669579494611,0
2020-08-11,336.8500061035156,337.5400085449219,332.010009765625,332.79998779296875,311.72711181640625,69601100,317.7187976074219,326.7757510428059,328.92637852260043,5.253723180470672,4.820721114438844,0.4330020660318281,334.6770851375528,64.12525858809452,3.621127091259784,92.76152761518333,-25.915902337121462,4.19571558960438,336.35936473611986,326.6304992675781,316.90163379903635,1160462000.0,3355257230.064713,86647219.28772545,0.013942352219447729,1
2020-08-12,335.44000244140625,338.2799987792969,335.4100036621094,337.44000244140625,316.07330322265625,53774400,318.3059979248047,327.7913940331488,329.955855015346,5.464634083246324,4.94950370820034,0.5151303750459837,336.0924134649638,68.93066946067374,3.789372388424797,114.5098250405184,-4.414064066070644,4.287450975084648,337.94654463989525,327.40999908447264,316.87345352905004,1214236400.0,3377554016.181849,76223367.8855834,-0.001807775796370037,0
2020-08-13,336.6099853515625,338.25,335.8299865722656,336.8299865722656,315.5018920898437,41816100,318.7989978027344,328.6522123702075,330.8529966808501,5.518940401179066,5.063391046796085,0.4555493543829803,337.0258168952003,67.64774369333618,3.972711278136984,99.6525619332202,-7.7790420681243315,4.154062578845342,339.04843472471305,328.21199798583984,317.37556124696664,1172420300.0,3370296484.759007,62720453.41511345,2.9717560858788516e-05,0
2020-08-14,336.4100036621094,337.4200134277344,335.6199951171875,336.8399963378906,315.51129150390625,47260400,319.30859802246096,329.4320013195107,331.67471080961684,5.4993926782852895,5.150591373093926,0.3488013051913636,337.7236048527827,67.65838067110694,3.1606050690472847,83.96419049490743,-7.725341563044886,3.985916559681166,339.9953040938891,328.9679977416992,317.9406913895093,1219680700.0,3387099594.950079,56841118.60934305,0.0031766041320859806,0
2020-08-17,337.94000244140625,338.3399963378906,336.8500061035156,337.9100036621094,316.5135498046875,35481000,319.6799981689453,330.23943011404384,332.5263304210844,5.506763078767392,5.221825714228619,0.2849373645387727,338.5035268226088,68.83785513930538,2.7738054320897816,92.20065287253664,-2.299428325236108,3.808351091132512,341.11160399443673,329.6474975585937,318.1833911227507,1255161700.0,3402101843.106724,54042004.3650651,0.002160371040858866,0
2020-08-18,338.3399963378906,339.1000061035156,336.6099853515625,338.6400146484375,317.1973876953125,38733900,319.9887982177734,331.0394857839861,333.3827606201172,5.508016968894708,5.279063965161837,0.2289530037328706,339.2629756194208,69.65105575728725,2.599532555689559,91.41018051136794,-2.363780354888534,3.714184638333984,342.221843557957,330.3289978027344,318.4361520475117,1293895600.0,3426524807.739719,55754945.978807926,-0.0041637243123001655,0
2020-08-19,339.04998779296875,339.6099853515625,336.6199951171875,337.2300109863281,315.8766784667969,68054200,320.3175982666016,331.62905961278057,334.03999997093564,5.3337510126849,5.29000137466645,0.0437496380184496,339.45092331588813,66.06499775007823,1.5416656711919416,83.6610136937948,-13.019554289740054,3.662456466622628,342.99173199378424,330.84749908447264,318.70326617516105,1225841400.0,3386239355.265644,38568964.85369587,0.0031135656933312106,0
2020-08-20,335.3599853515625,338.79998779296875,335.2200012207031,338.2799987792969,316.860107421875,42207800,320.7031982421875,332.26248239054405,334.7478570847284,5.22019407876661,5.276039915486482,-0.0558458367198717,339.8110003297699,67.41059392857582,1.1814711110806846,67.87520181544646,-11.195197324311623,3.656565759882842,343.6027121743541,331.6134994506836,319.6242867270131,1268049200.0,3416185884.5327926,37560507.80990696,0.0035473933172565086,0
2020-08-21,337.9200134277344,339.7200012207031,337.54998779296875,339.4800109863281,317.9841613769531,55106600,321.4805987548828,332.949866066333,335.4970486595517,5.167463049291598,5.254324542247506,-0.0868614929559079,340.3537319772962,68.92706868390583,1.467556432023891,97.16926945223165,-2.0235237205664003,3.550383450443666,343.92842132270783,332.5434997558594,321.15857818901094,1323155800.0,3459103577.606611,47388995.19639921,0.010133151673383134,1
2020-08-24,342.1199951171875,343.0,339.45001220703125,342.9200134277344,321.2063903808594,48588700,322.254799194336,333.899403910276,336.4852880568731,5.341677246034067,5.271795083004818,0.0698821630292485,341.6287185777707,72.83011975332028,2.190304837468459,174.09546117771808,-0.6738551404271931,3.5503551891954577,344.9251848175425,333.5285003662109,322.1318159148794,1371744500.0,3505502724.4078417,61865014.45522833,0.0034993049179556923,0
2020-08-25,343.5299987792969,344.2099914550781,342.2699890136719,344.1199951171875,322.33038330078125,38463400,322.99619934082034,334.8727935490295,337.4940018426804,5.51302107060593,5.320040280525041,0.1929807900808891,342.9213362087321,74.05441463507766,3.4014446332434374,204.01416341778528,-0.688046103055262,3.4353299929248,345.46983622071343,334.6759994506836,323.8821626806538,1410207900.0,3540397505.0402155,73265814.85730171,0.010025608090155735,1
2020-08-26,344.760009765625,347.8599853515625,344.1700134277344,347.57000732421875,325.5618591308594,50790200,323.68839965820314,336.08205200380945,338.72200259254095,5.8596530058529765,5.427962825590629,0.4316901802623478,344.8092709469611,77.23107979969974,3.0020165983644733,217.14192671730663,-1.829517186140184,3.457091438742671,347.04370018292184,335.7985000610352,324.5532999391485,1460998100.0,3583204965.70863,84889805.7019825,0.002186550139632537,0
2020-08-27,348.510009765625,349.8999938964844,346.5299987792969,348.3299865722656,326.27374267578125,58034100,324.42179931640624,337.24852196271,339.9154774983724,6.125079185667346,5.567386097605972,0.5576930880613737,346.4826021914984,77.87374051593771,3.41418533338709,181.9034855895514,-8.775901156393772,3.4508702729173018,348.1477290290676,337.0169998168945,325.8862706047215,1519032200.0,3587165419.3761783,83187963.96884584,0.006459392204906322,0
2020-08-28,349.44000244140625,350.7200012207031,348.1499938964844,350.5799865722656,328.3812561035156,48588900,325.19779907226564,338.5181852588581,341.20719052269345,6.442719877138245,5.742452853512427,0.7002670236258179,348.3617743265264,79.70053379227929,4.079085139459553,156.6040092034172,-0.7483415947766137,3.387951490867405,349.74639430693946,338.2199996948242,326.6936050827089,1567621100.0,3630460048.276361,88704777.54908943,-0.0036225371165337084,0
2020-08-31,350.3500061035156,351.29998779296875,349.0599975585937,349.3099975585937,327.19171142578125,66099200,326.0111987304688,339.545976906452,342.2633807954334,6.5168526927027415,5.89733282135049,0.6195198713522512,349.4917951961552,75.89181864811077,3.373677539266833,126.67388863736764,-12.375571493370174,3.305954258260809,350.884716307172,339.2459991455078,327.6072819838436,1501521900.0,3579115198.314506,66560587.43049955,0.009418592562241423,0
2020-09-01,350.2099914550781,352.7099914550781,349.239990234375,352.6000061035156,330.2734069824219,54908700,326.8507989501953,340.7892177823628,343.5351909819103,6.763118655002529,6.070489988080898,0.6926286669216308,351.1883670746176,78.72784635328871,4.122369138676901,121.76612397106275,-0.6288474155139001,3.31767189843526,352.58645906026624,340.3729995727539,328.1595400852416,1556430600.0,3630543119.900189,67814067.66556644,0.01446399890877581,1
2020-09-02,354.6700134277344,358.75,353.42999267578125,357.70001220703125,335.0505065917969,69540000,327.7637994384765,342.39976963233124,345.18538266136534,7.285827589221526,6.313557508309024,0.9722700809125024,353.81582456703603,82.21961548529927,6.070041382388418,151.34500131184805,-4.46233679320287,3.5199806125816253,355.4005804348719,341.65250091552736,327.9044213961828,1625970600.0,3672633476.817688,75554326.08406544,-0.03441430567094561,-1
2020-09-03,355.8699951171875,356.3800048828125,342.5899963378906,345.3900146484375,323.5199584960937,148011100,328.5897998046875,342.6845548719604,345.5413363502139,6.630333899514142,6.376912786550048,0.2534211129640935,352.6835056425531,57.62988504867642,2.101813850892022,42.07248462974868,-56.77852122677298,4.347840273764412,355.6165577132654,342.20550231933595,328.7944469254065,1477959500.0,3584728763.092089,43882538.69857264,-0.00816470426074467,0
2020-09-04,346.1300048828125,347.8299865722656,334.8699951171875,342.57000732421875,320.8784484863281,139156300,329.2941998291016,342.6736455816993,345.5760511125837,5.816253257503604,6.26478088074076,-0.4485276232371555,350.93682218009803,53.66996352398143,0.910214515697971,-42.51765693605663,-67.75539936102236,4.962993929572535,355.55088075315035,342.6055023193359,329.6601238855215,1338803200.0,3610928314.197292,35272797.51083851,-0.027322928654060497,-1
2020-09-08,336.7099914550781,342.6400146484375,332.8800048828125,333.2099914550781,312.1111145019531,114465300,329.9573999023437,341.7723451886877,344.68124055408293,4.365490767706262,5.88492285813386,-1.519432090427598,347.0042769488191,43.08721879812043,-2.831570509868332,-109.96248582700773,-98.72444285060422,5.305637917861996,355.7269355379678,342.4875015258789,329.24806751379,1224337900.0,3504203172.844139,-5413986.815677643,0.019747358298320528,1
2020-09-09,337.54998779296875,342.4599914550781,336.6099853515625,339.7900085449219,318.27447509765625,91462300,330.66400024414065,341.5835512226148,344.4243364606585,3.704005955029743,5.448739477513037,-1.744733522483294,345.4369078260204,50.47962858659036,-1.258278110457104,-70.31116335529288,-73.28950534853983,5.5873780665861394,355.3860948920366,342.8370025634766,330.2879102349165,1315800200.0,3512177430.7455754,-19029135.90646076,-0.017363647394312287,-1
2020-09-10,341.82000732421875,342.5299987792969,332.8500061035156,333.8900146484375,312.7481689453125,90569500,331.17460083007813,340.8508334536456,343.5722423735119,2.6728829453211915,4.893568171074668,-2.220685225753477,342.58710316611325,44.85382077411714,-3.935895614554664,-109.56973274678722,-95.98452204630424,5.879707681528648,355.60314603912184,342.6595031738281,329.7158603085344,1225230700.0,3441069320.2453766,-45494356.065802574,0.0005090985135784987,0
2020-09-11,335.82000732421875,336.9700012207031,331.0,334.0599975585937,312.9073486328125,84680200,331.64540100097656,340.20408717792634,342.75324183872766,1.848122723193569,4.284479081498449,-2.43635635830488,340.2765963760421,45.04385131829701,-4.0966869244004736,-127.5035378610062,-88.97298177083354,5.886157220041111,355.76693928227445,342.52100372314453,329.2750681640146,1309910900.0,3443196876.4524035,-51508236.78640604,0.013171268420765214,1
2020-09-14,337.489990234375,340.3800048828125,334.2200012207031,338.4599914550781,317.0286865234375,65605700,332.1700006103516,340.03798282336936,342.3664787655785,1.531878498474839,3.733958964893727,-2.202080466418888,339.52047823266975,49.860242073684994,-3.4571269272067204,-75.61191525188693,-73.11714790962837,5.91714651319666,355.7272524343891,342.6020034790039,329.4767545236187,1375516600.0,3467905255.007377,-41424136.924033165,0.0050523607393142544,0
2020-09-15,341.1199951171875,342.0199890136719,338.4700012207031,340.1700134277344,318.6304931640625,52920900,332.63240112304686,340.05055716664225,342.1348606654576,1.403063511132359,3.267779874141453,-1.8647163630090944,339.34837884686783,51.63433706335525,-2.616582461063447,-42.16883301243071,-66.95490656672297,5.748778730725023,355.71504344280135,342.7150039672852,329.71496449176897,1428437500.0,3465669698.875472,-34244306.029211044,-0.003968621719216969,0
2020-09-16,341.510009765625,343.0599975585937,338.5199890136719,338.82000732421875,317.3659362792969,82096000,333.1332012939453,339.9333619435543,341.7639086042132,1.1784579656562073,2.849915492444405,-1.6714575267881973,338.86382410380975,50.12641125615069,-3.908110760284947,-37.85834034608017,-71.81979342623875,5.662438003167651,355.7129910354935,342.72400360107423,329.735016166655,1346341500.0,3394424032.2961893,-50863059.48117304,-0.008795262741012055,0
2020-09-17,333.5599975585937,337.70001220703125,332.989990234375,335.8399963378906,314.5745544433594,91523300,333.5264013671875,339.54351760015777,341.10828886486235,0.7513335654118691,2.4301991070378977,-1.6788655416260283,337.7029924922452,46.87235568270022,-6.111270652260528,-78.67692459784429,-82.55857175534909,5.67440793793023,355.7745483485281,342.65450286865234,329.53445738877656,1254818200.0,3413661134.319022,-46916829.84233093,-0.015453794955930578,-1
2020-09-18,335.3699951171875,335.489990234375,327.9700012207031,330.6499938964844,310.9530639648437,105877900,333.85180114746095,338.69651534266507,339.96500229608444,-0.0058875533579225,1.9429817749587337,-1.9488693283166565,335.42012083987913,41.78478031178285,-4.267645307278662,-113.55889549158977,-91.29307088347302,5.831235593591464,356.2925537434281,342.2730026245117,328.25345150559536,1148940300.0,3383249301.0941777,-50713789.21231604,-0.011129571279935746,-1
2020-09-21,325.70001220703125,327.1300048828125,321.7300109863281,326.9700012207031,307.49224853515625,99450800,334.0394012451172,337.5797044739068,338.5075735909598,-0.8926455373184581,1.3758563125032954,-2.268501849821753,332.6196730008608,38.58665631513853,-4.553815503396157,-164.17638669157614,-85.84551110363697,6.05186040191752,357.147793103414,341.64750213623046,326.1472111690469,1049489500.0,3476806578.8033223,-17888521.573279858,0.010184379483847206,1
2020-09-22,328.57000732421875,330.8999938964844,325.8599853515625,330.29998779296875,310.6238708496094,63612100,334.3486010742188,336.8863981233413,337.4268579392206,-1.3115863903566949,0.8383677719312974,-2.149954162287992,331.2267562204584,42.84929916859873,-0.8733242509931425,-108.9492895802636,-76.85040694238012,5.979585269274974,357.26752325167814,341.01650085449216,324.7654784573062,1113101600.0,3525272812.3162894,12587300.539840698,-0.023190958000678163,-1
2020-09-23,330.8999938964844,331.20001220703125,322.1000061035156,322.6400146484375,303.4201965332031,93112200,334.4230010986328,335.52959969715994,335.67671639578685,-2.235921538707032,0.2235099098036315,-2.459431448510664,328.1454217027824,36.5625994607863,-5.047233133759748,-143.0808374778102,-97.37372634226725,6.202472471720736,357.9728802816867,339.9425018310547,321.9121233804227,1019989400.0,3443211458.450788,-2200048.5110731125,0.002665464023424269,0
2020-09-24,321.2200012207031,326.79998779296875,319.79998779296875,323.5,304.2289123535156,76681300,334.4560009765625,334.38392353552564,334.11076384044827,-2.8660323358517417,-0.3943985393274432,-2.4716337965242987,325.90195362234726,37.66829733240806,-3.111807539191445,-139.20281128133854,-86.79981317100841,6.259438723740683,357.7583679061935,338.73900146484374,319.719635023494,1096670700.0,3447593514.465367,-6655123.617165089,0.016166958226671246,1
2020-09-25,322.5799865722656,329.5799865722656,321.6400146484375,328.7300109863281,309.1474609375,71069400,334.61480102539065,333.8454556736973,333.15752665201825,-2.9098386955502638,-0.8974865705720073,-2.012352124978256,325.4894894128456,44.05462919038767,-1.595517754660432,-80.11411576061859,-61.607826981411215,6.379476809461214,356.7203657276464,337.7590026855469,318.7976396434473,1167740100.0,3503446927.434999,9898897.38587761,0.016609348926481804,1
2020-09-28,333.2200012207031,334.9599914550781,332.1499938964844,334.19000244140625,314.2821960449219,64584600,334.8642010498047,333.8782696515744,332.817621866862,-2.475444488691835,-1.213078154195973,-1.262366334495862,326.63936371489496,49.83334911137524,-1.2615934294965574,13.510260425523908,-38.13409885277031,6.368798499410413,355.0093402131872,336.9395034790039,318.8696667448206,1232324700.0,3532636882.838027,25058810.20755148,-0.005446025646855923,0
2020-09-29,333.9700012207031,334.7699890136719,331.6199951171875,332.3699951171875,312.570556640625,51304000,335.02520080566404,333.73462445782326,332.38243059430806,-2.252082722986131,-1.4208790679540046,-0.8312036550321265,327.1745220619483,48.05162117395346,-2.2929764537296315,9.427796691933064,-45.95871862962211,6.138883884915696,353.3325619227276,336.0925033569336,318.8524447911396,1181020700.0,3505763406.365672,20431867.46543646,0.007581970599847665,0
2020-09-30,333.0899963378906,338.2900085449219,332.8800048828125,334.8900146484375,314.9404602050781,104081100,335.2228009033203,333.8446616188341,332.2679078601656,-1.850392229151339,-1.5067817001934718,-0.3436105289578672,328.324533282076,50.680987754815504,-1.159905728949654,46.03092451525352,-35.12458933800746,6.123250280831315,350.6948328060843,335.2070037841797,319.71917476227503,1285101800.0,3479022005.368916,8172957.166018486,0.006420000007290261,0
2020-10-01,337.69000244140625,338.739990234375,335.010009765625,337.0400085449219,316.96240234375,88698700,335.4264013671875,334.14898037369966,332.442479742141,-1.343080879228978,-1.4740415360005732,0.130960656771595,329.8745358739849,52.87263330066105,0.3573166448655837,63.43812376075326,-25.88128325968514,5.960873516910329,345.7967995644844,334.1740036010742,322.5512076376641,1373800500.0,3486869790.924944,4911974.97808218,-0.009494458004693396,0
2020-10-02,331.70001220703125,337.010009765625,331.19000244140625,333.8399963378906,313.9530334472656,89431100,335.64400146484377,334.11955332267024,332.4106695265997,-1.1855805859278803,-1.4163493459860346,0.2307687600581542,330.35464837709657,49.356998309578266,0.9647671254471382,27.61938673078656,-39.638853610151735,5.952954415953564,344.0184932912221,333.59650268554685,323.1745120798716,1284369400.0,3478879093.300278,588898.9317073822,0.017733086187020408,1
2020-10-05,336.0599975585937,339.9599914550781,336.010009765625,339.760009765625,319.52032470703125,45713100,336.0216015625,334.65673965057067,332.99767020089286,-0.5764202469590032,-1.2483635261806283,0.6719432792216251,332.31703048475856,55.28106609387644,3.911676452632327,98.50561254212676,-14.187387822362895,5.964885894613131,343.45759938652265,333.4560028076172,323.4544062287118,1330082500.0,3519963420.973283,11839117.63308239,-0.014215967009112207,-1
2020-10-06,339.9100036621094,342.1700134277344,334.3800048828125,334.92999267578125,314.9781188964844,90128900,336.25580139160155,334.68276374820977,333.13805018833705,-0.4778894900113073,-1.094268718946764,0.6163792289354568,332.69630696021795,50.12879717066291,1.4017575095142225,83.86601753971188,-32.3648299298383,6.095251798206612,343.5632191119211,333.54200286865233,323.52078662538355,1239953600.0,3442561026.857802,-9262838.083378792,0.017406673685050666,1
2020-10-07,338.1199951171875,341.6300048828125,338.0899963378906,340.760009765625,320.4607238769531,56999600,336.64760131835936,335.26154908320166,333.82547941662017,0.069825594422582,-0.8614498562728949,0.931275450695477,334.5371271968958,55.51786423566996,5.61616485696352,117.75306965517952,-6.303093635789425,6.1384489702655145,343.7407628129359,333.5905029296875,323.4402430464391,1296953200.0,3471544099.1842875,-7831493.492288113,0.008862510057295214,0
2020-10-08,342.8500061035156,343.8500061035156,341.8599853515625,343.7799987792969,323.3008728027344,45242500,337.02080139160154,336.0728300066393,334.79590759277346,0.7390621705606009,-0.5413474509061958,1.2804096214667968,336.8386184990237,58.04686183027109,6.268933162070131,134.62557365250836,-0.2910905235695815,5.920702353667308,345.1663775705481,334.08500213623046,323.0036267019128,1342195700.0,3513603409.9005995,6848518.476738453,0.00893015107080064,0
2020-10-09,345.5599975585937,347.3500061035156,344.8900146484375,346.8500061035156,326.1880187988281,59528600,337.4786016845703,337.09922773015137,336.0116222563244,1.4998713296313897,-0.1331036947986787,1.6329750244300685,339.5185768481248,60.50509242080426,5.512120740914376,152.61734602086528,-1.814880826444265,5.752795565849554,347.1240984658309,334.72450256347656,322.3249066611222,1401724300.0,3548933307.959129,23472716.53025961,0.016087606959996226,1
2020-10-12,349.5899963378906,354.0199890136719,349.0599975585937,352.42999267578125,331.43560791015625,80388500,337.9968017578125,338.5593005821161,337.69785940987725,2.523981464814767,0.3983133371240104,2.1256681276907567,343.14611954245515,64.56880003815363,5.457970047315532,177.23200266200615,-4.6463947433428965,5.854023233300032,349.97307031411856,335.4230026245117,320.87293493490483,1482112800.0,3577782436.66539,37318909.72866869,-0.006526084160733192,0
2020-10-13,352.2799987792969,352.4700012207031,349.0899963378906,350.1300048828125,329.2726135253906,73255500,338.4236016845703,339.66127242027767,339.09852629162015,3.114108824111213,0.941472434521451,2.172636389589762,345.4894413469134,61.7485651421258,5.343445565645343,136.7254192516962,-11.36757449472542,5.677307636836637,351.7154574346658,335.92100219726564,320.1265469598655,1408857300.0,3549607549.62541,30625896.549054146,-0.006283415235342593,0
2020-10-14,350.75,351.92999267578125,347.1400146484375,347.92999267578125,327.20361328125,57727900,338.78100158691404,340.44876958746846,340.24223967052643,3.3654713503595985,1.4262722176890803,1.939199132670518,346.79323974321755,59.0899209552634,3.8938091483655977,101.35164508743875,-18.80790969504075,5.613926950444288,352.9836451756861,336.3765014648437,319.76935775400136,1351129400.0,3510920978.126028,12794309.630403996,-0.0012358597557926565,0
2020-10-15,343.7099914550781,348.0199890136719,343.1300048828125,347.5,326.7992248535156,60357700,339.0888018798828,341.1203153410429,341.30162048339844,3.4897534426530115,1.8389684626818668,1.6507849799711447,347.6979117577709,58.55922071070896,3.103486586128537,58.76919001768786,-28.55888238494412,5.562216749045366,354.2547767761638,336.9595016479492,319.6642265197346,1290771700.0,3558442096.2269425,19456806.22939253,-0.0006042919570593552,0
2020-10-16,348.9599914550781,350.75,347.1000061035156,347.2900085449219,326.6017761230469,89501900,339.34800231933593,341.70790516998375,342.28547828311014,3.5306047271769785,2.177295715580889,1.3533090115960893,348.32985630430977,58.28391839259338,4.028879809062196,71.86784240058039,-29.478687810205415,5.425629402433866,355.39092105889995,337.79150238037107,320.1920837018422,1201269800.0,3478258337.5678787,-5099441.665213585,-0.015203428401004304,-1
2020-10-19,348.6499938964844,349.3299865722656,341.0400085449219,342.010009765625,321.6363525390625,68425600,339.4968023681641,341.7366770362353,342.6872408912295,3.1011794238010566,2.3620724572249228,0.7391069665761338,347.42246266119975,51.70218401440323,0.6622321448460361,14.857499329696212,-52.6061599293136,5.630225732784572,355.5027393085326,338.5435028076172,321.5842663067017,1132844200.0,3425845546.120186,-31358391.11316252,0.004005716435394158,0
2020-10-20,343.4599914550781,346.8800048828125,342.6400146484375,343.3800048828125,322.9247131347656,60051900,339.65300231933594,341.89318445019506,343.14786013648626,2.838681381515244,2.4573942420829877,0.3812871394322563,346.9836717889836,53.17957960750181,2.522918935841923,9.875059586536882,-46.605301747242656,5.5759235459562095,355.84058260588057,339.1975036621094,322.5544247183382,1192896100.0,3386754930.037961,-51687849.08501625,-0.0018929287880528056,0
2020-10-21,343.3299865722656,345.6700134277344,342.3999938964844,342.7300109863281,322.3134765625,63575000,339.85160278320313,341.97288221554106,343.48428940545944,2.5488195118393837,2.475679296034267,0.0731402158051164,346.41100519632363,52.36120177856548,0.5781198392552264,-8.419017378246306,-49.45240765519795,5.411216116334337,355.05534082492,340.2020034790039,325.3486661330878,1129321100.0,3336012169.2868786,-71450974.03202677,0.005485292518808249,0
2020-10-22,342.9599914550781,345.239990234375,340.6499938964844,344.6099853515625,324.0813903808594,55399300,339.99500244140626,342.22403489516216,343.904097202846,2.4426428452249525,2.469072005872404,-0.0264291606474516,346.39022641283566,54.54023319178591,0.2414295698448901,-25.27519127468019,-47.91248098476761,5.352557560731214,354.0738981950447,341.257502746582,328.44110729811933,1184720400.0,3376203688.306193,-60252135.09220123,0.003395181444149742,0
2020-10-23,345.92999267578125,345.989990234375,343.1300048828125,345.7799987792969,325.1817321777344,49143900,340.1740026855469,342.5626981222226,344.3348111107236,2.42495401695345,2.4602484080886136,-0.0352943911351637,346.64095266399244,55.89242855481149,-0.308492808242711,-6.0572945607648965,-41.955177659374456,5.174516688647735,353.6882556991174,342.1100021362305,330.5317485733436,1233864300.0,3418130908.637833,-36852845.866550446,-0.018479912526513598,-1
2020-10-26,342.1300048828125,342.9800109863281,335.6199951171875,339.3900146484375,319.17242431640625,91473000,340.2250030517578,342.260537791386,344.0757646833148,1.8737181209233995,2.3429423506555707,-0.4692242297321711,345.1546314083444,47.570180521718,-3.700019379264326,-141.4776544584966,-79.51075662057517,5.5306229010378525,353.4479060522855,342.37000274658203,331.2920994408786,1142391300.0,3420368303.4830275,-23218252.290172577,-0.0034474008581141247,0
2020-10-27,339.760009765625,340.1199951171875,337.989990234375,338.2200012207031,318.07208251953125,65994100,340.2312030029297,341.87572478465427,343.68052644275485,1.3271508278506872,2.139784046094594,-0.8126332182439069,343.6057444910078,46.21333399947719,-3.4015946922616984,-147.7050376569257,-85.86952735885201,5.287721614021756,352.9494942518985,342.6625030517578,332.37551185161715,1076397200.0,3368627098.540051,-31992824.46440363,-0.03417892944495127,-1
2020-10-28,332.1000061035156,338.25,326.1300048828125,326.6600036621094,307.20068359375,127094300,339.9916027832031,340.42660848726905,342.15647888183594,-0.0383606836792864,1.704155100139818,-1.7425157838191043,339.3207004029054,35.45348003376341,-6.11329562309172,-245.5052925237269,-98.09968059927849,5.775741149962166,354.26260269935995,342.2510025024414,330.23940230552284,949302900.0,3252648285.502594,-69576333.18719769,0.010163495031527914,1
2020-10-29,326.9100036621094,333.3999938964844,325.0899963378906,329.9800109863281,310.32293701171875,90597700,339.84660278320314,339.4316944395604,340.9878130231585,-0.8429248371206199,1.1947391126877305,-2.0376639498083504,336.6722285101674,39.78936979138919,-5.041723457171763,-183.75333845507248,-83.09707609248316,5.956759464864422,354.8773962385442,341.8980026245117,328.91860901047926,1039900600.0,3268674944.1720123,-73526892.34378052,-0.010424881286366094,-1
2020-10-30,328.2799987792969,329.69000244140625,322.6000061035156,326.5400085449219,307.0878601074219,120287300,339.61180297851564,338.2039148305472,339.5251469203404,-1.7380915357168192,0.6081729830068205,-2.34626451872364,333.62884554799683,37.01486213369152,-5.974833565451104,-165.41047297176144,-86.80949753775108,6.058419851860713,355.7498616690221,341.53300323486326,327.3161448007044,919613300.0,3282078053.329873,-64194141.59908295,0.011208438679286337,1
2020-11-02,330.20001220703125,332.3599853515625,327.239990234375,330.20001220703125,310.5298767089844,86068300,339.4262030029297,337.44163839021235,338.44581444149924,-2.1276595511926644,0.0610064761669235,-2.188666027359588,332.1182567486901,41.67482414877219,-3.453114593542741,-102.87941459735694,-74.08793186866927,6.041388205773564,356.0970698427163,341.0550033569336,326.0129368711509,1005681600.0,3295527058.842116,-50261138.03153086,0.017655924762989716,1
2020-11-03,333.69000244140625,338.25,330.2900085449219,336.0299987792969,316.01251220703125,93294200,339.28840270996096,337.3071965225061,337.9672425769624,-1.94355967092946,-0.3399067532523531,-1.6036529176771068,332.43583423572835,48.24352790370647,-2.140487506261178,-42.98794948485426,-52.29131229950814,6.184859604858934,356.06990496728633,341.11000366210936,326.1501023569324,1098975800.0,3336782700.9985914,-26865283.337605,0.022349224155303826,1
2020-11-04,340.8599853515625,347.94000244140625,339.5899963378906,343.5400085449219,323.0751647949219,126959700,339.2768029785156,337.90079766749807,338.19867161342074,-1.178083946731192,-0.5075421919481209,-0.6705417547830712,334.68673319225707,55.23710568427029,0.2363369219586847,54.94962754999751,-25.612763830753703,6.593798466091109,356.24493133926666,341.2490036010742,326.25307586288176,1225935500.0,3329940844.886126,-17028907.604274273,0.019502769758408034,1
2020-11-05,349.239990234375,352.19000244140625,348.8599853515625,350.239990234375,329.37603759765625,82039700,339.33020263671875,339.0759588643435,339.0549560546875,-0.0304553220983621,-0.4121248179781692,0.3816694958798071,338.3010854339641,60.38062275955378,1.6337323705431546,125.0124671697114,-6.590106280392527,6.740669568262057,357.0428439603753,341.57200317382814,326.10116238728097,1307975200.0,3315897904.9807024,-15925061.355612278,-0.00022837646898088426,0
2020-11-06,349.92999267578125,351.510009765625,347.6499938964844,350.1600036621094,329.3008117675781,74973000,339.36680297851564,340.1315821784164,339.87286086309524,0.8626502876992959,-0.1571697968426761,1.019820084541972,341.2556992139999,60.29155374328344,1.2667027874010008,107.57660929537997,-6.860422543200584,6.534908589753384,357.49874162290115,341.7375030517578,325.9762644806145,1233002200.0,3338428629.5962696,-6856888.116605282,0.012565666696560118,1
2020-11-09,363.9700012207031,364.3800048828125,354.0599975585937,354.5599975585937,333.4386901855469,172304200,339.4464031982422,341.50571697652856,341.0940508161272,1.903542796659792,0.2549727218578175,1.6485700748019747,344.8140097578598,63.48270465803106,4.469778795899537,155.93226590666865,-23.504087149674323,7.083843777678365,357.9184761734794,341.84400329589846,325.7695304183175,1405306400.0,3182820561.157691,-52035485.5568676,-0.0014665755224850807,0
2020-11-10,353.489990234375,355.17999267578125,350.510009765625,354.0400085449219,332.9496765136719,85552000,339.54100341796874,342.6994590306612,342.25557512555804,2.655883470148865,0.735154871516027,1.920728598632838,347.5732232632249,62.83997662658784,4.677431041074213,101.0133325166345,-24.74867553853155,6.911425144283928,358.6000814083178,342.0395034790039,325.47892554969,1319754400.0,3226604561.471363,-51855867.54109144,0.007428552760524454,0
2020-11-11,356.3999938964844,357.5599975585937,355.0599975585937,356.6700134277344,335.4230041503906,58649000,339.6224035644531,344.02998802085864,343.64895702543714,3.4248586497718065,1.2730956271671832,2.151763022604624,350.4796261909076,64.78212344163242,9.186925068630918,107.35122809725608,-18.45378573562485,6.669179706383064,360.0651273564358,342.47650451660155,324.8878816767673,1378403400.0,3243496218.0387487,-41693599.668551445,-0.009700905157134287,0
2020-11-12,355.5799865722656,356.7200012207031,351.260009765625,353.2099914550781,332.1690979003906,67546200,339.53260314941406,344.9042740622129,344.6711938767206,3.712289204081969,1.7609343425501405,1.9513548615318288,351.9137929562042,60.31585758673156,7.039814441885231,77.59852355952735,-26.73531295857629,6.58280911700414,360.8459212638813,342.76200408935546,324.6780869148296,1310857200.0,3224196926.2164664,-39886664.78518868,0.01384449694724843,1
2020-11-13,355.2699890136719,358.8999938964844,354.7099914550781,358.1000061035156,336.7678527832031,62892200,339.78680297851565,346.1610104470988,346.1319559733073,4.285265431361722,2.265800560312457,2.0194648710492653,354.2996994010057,64.08451856360145,9.664971131478383,87.01175692862331,-15.031112883633655,6.5190372116042905,362.5069252340219,343.30250396728513,324.0980827005484,1373749400.0,3263073392.108176,-23151619.114160538,0.012482549970722623,1
2020-11-16,360.9800109863281,362.7799987792969,359.5899963378906,362.5700073242188,340.9715881347656,74541100,340.18680297851563,347.72377205444354,347.96695629301524,5.041924790211283,2.821025406292222,2.2208993839190607,357.348653270274,67.15509715615472,9.803147765146653,98.26804896036012,-4.332210654564683,6.38767688761693,365.2707973021799,344.3305038452148,323.3902103882497,1448290500.0,3327800710.244599,6394284.350500107,-0.0053783053414221405,0
2020-11-17,359.9700012207031,361.9200134277344,358.3399963378906,360.6199951171875,339.1376953125,66111000,340.7350030517578,348.9519837747049,349.5183364141555,5.421734712507316,3.341167267535241,2.0805674449720746,359.26426387621984,64.56193637596432,7.317797942808443,81.75998494298283,-8.999544938924664,6.233557894667733,367.29256066354304,345.1925033569336,323.0924460503241,1382179500.0,3345897687.7571726,23658075.48999834,-0.012034818913688627,-1
2020-11-18,360.9100036621094,361.5,356.239990234375,356.2799987792969,335.0562438964844,70591300,341.06480285644534,349.6498899656184,350.5742883591425,5.311309904303414,3.735195794888876,1.576114109414538,359.6232624036222,59.09276547845303,3.708444407490052,62.59710650573423,-19.38728180990133,6.164018742593252,368.45208078374793,345.87000274658203,323.28792470941613,1311588200.0,3276380247.0551534,6450615.688241959,0.004210171789433614,0
2020-11-19,355.6000061035156,358.17999267578125,354.1499938964844,357.7799987792969,336.46685791015625,59940900,341.5426025390625,350.4241860431116,351.7085736955915,5.283925112641612,4.044941658439424,1.238983454202188,360.2214532493143,60.343167170265744,2.1528120018151617,47.03059552454223,-17.77060716316462,6.01158874521494,369.6859607108687,346.52850341796875,323.3710461250688,1371529100.0,3324422387.049095,14110916.15939188,-0.006847817696322922,0
2020-11-20,357.5,357.7200012207031,355.25,355.3299865722656,334.162841796875,70417300,341.96800231933594,350.89140514112626,352.54681018647693,5.006811551517899,4.237315637055119,0.7694959144627802,359.99316597326094,57.26427236265192,1.4764630043655929,33.14571353862227,-26.547431160876624,5.762903747649364,370.4737887046351,347.0060028076172,323.53821691059926,1301111800.0,3258565763.7062483,-4992515.27144289,0.00599444168323604,0
2020-11-23,357.2799987792969,358.82000732421875,354.8699951171875,357.4599914550781,336.1659545898437,63230600,342.34800231933593,351.51698479007405,353.5424281529018,4.902557025032593,4.370363914650614,0.5321931103819786,360.2800234001377,59.21271910003413,0.817913446653041,35.818304801955904,-27.914526189834287,5.633411494748071,371.5257726256129,347.90950164794924,324.2932306702856,1364342400.0,3278254918.815416,-6088959.206463337,0.016113718747035932,1
2020-11-24,360.2099914550781,363.80999755859375,359.2900085449219,363.2200012207031,341.5828552246094,62415900,342.80900207519534,352.6315577834673,355.00057096935456,5.224494490998097,4.541190029920111,0.6833044610779861,361.9344514770473,63.99356614926038,2.5929252215054275,138.41540760303488,-6.933669458181091,5.684596823945753,373.2340369626333,349.15950164794924,325.08496633326524,1426758300.0,3324376463.9774904,8691074.390458107,-0.0015417585945479706,0
2020-11-25,363.1300048828125,363.1600036621094,361.4800109863281,362.6600036621094,341.05615234375,45330900,343.2858020019532,353.5866478671475,356.2863330659412,5.372514130701518,4.707454850076393,0.6650592806251252,363.068278233612,63.217736036807885,1.6794207555630811,130.7967554682487,-10.280933001829595,5.402839210404985,373.3610747985532,350.9595016479492,328.55792849734524,1381427400.0,3342724567.770406,19785387.12417555,0.0027850045646777843,0
2020-11-27,363.8399963378906,364.1799926757813,362.5799865722656,363.6700134277344,342.006103515625,28514100,343.84240234375,354.5469683967272,357.4968579973493,5.507829281223337,4.867529736305782,0.6402995449175553,364.180222299493,64.06395874461889,2.961417351067934,130.8334139844305,-5.118901982873181,5.131208274198606,373.49499534906585,352.64400177001954,331.79300819097324,1409941500.0,3353061738.0139728,25814397.672360897,-0.004427133966767305,0
2020-11-30,362.8299865722656,363.1199951171875,359.1700134277344,362.05999755859375,340.49188232421875,83872700,344.47060241699216,355.2624949835716,358.39361950102307,5.422643825191017,4.978552554082829,0.4440912711081877,364.5933721621629,61.62992214285692,1.1058339535278907,67.26137849005342,-15.508396251267264,5.086121968898706,371.8440001852636,354.4200012207031,336.9960022561427,1326068800.0,3391919111.7555995,38297757.48055792,0.010937390161245952,1
2020-12-01,365.5700073242188,367.6799926757813,364.9299926757813,366.0199890136719,344.21600341796875,74231400,345.2516021728516,356.2870182245336,359.4983802432106,5.610003326708238,5.104842708607911,0.5051606181003274,365.8799043856373,65.13833162160763,0.951535322768166,148.0430022004443,-10.10965523650249,5.124255765205052,370.3656954773144,356.2110000610352,342.056304644756,1400300200.0,3376532769.323956,35027317.76651907,0.002103763604072606,0
2020-12-02,364.8200073242188,366.9599914550781,364.2000122070313,366.7900085449219,344.940185546875,45927000,345.9814025878906,357.2873030169515,360.5059048607236,5.754289356581182,5.234732038202565,0.5195573183786175,367.054167319338,65.79330091260906,1.7109460127770677,122.05885813195978,-5.420128240870136,4.9553788711223214,369.2303829518642,357.7490005493164,346.26761814676854,1446227200.0,3416802621.6332483,43318243.82132244,-0.00027265220203875895,0
2020-12-03,366.6799926757813,368.1900024414063,365.5,366.6900024414063,344.8460998535156,62882000,346.86240234375,358.1827982002329,361.3574288504464,5.793780324929628,5.346541695547978,0.4472386293816504,367.9090941828046,65.6208664056281,2.921860249740842,124.8972677337757,-10.683754181492487,4.793566268999749,369.0095756130635,358.9065002441406,348.80342487521773,1383345200.0,3409556060.7456326,40466240.21392584,0.008617643352887061,0
2020-12-04,367.3200073242188,369.8500061035156,367.2200012207031,369.8500061035156,347.81787109375,50749900,347.7894024658204,359.29396085768843,362.39966750372025,6.010774619901554,5.479388280418694,0.53138633948286,369.347662168953,68.43588866426344,3.3735835891889403,146.66869237680956,0.0,4.676883225650432,370.2386670694599,359.88700103759766,349.5353350057354,1434095100.0,3460305960.7456326,51768457.80963421,-0.0020549134867724472,0
2020-12-07,369.0199890136719,369.6199951171875,367.7200012207031,369.0899963378906,347.1031799316406,48944300,348.5966021728516,360.2269166177077,363.2761432466053,6.05165797944619,5.593842220224194,0.4578157592219964,370.2460724807745,67.0146310427041,3.872459484312772,116.23757546312213,-4.8408227688168886,4.494963344019151,370.912670891154,360.83350067138673,350.75433045161947,1385150800.0,3481944468.551733,58570848.59985304,0.00292616191324524,0
2020-12-08,367.7200012207031,370.7799987792969,367.6700134277344,370.1700134277344,348.11883544921875,42458900,349.31620239257813,361.1738782186626,364.165334937686,6.1008795477442845,5.695249685728212,0.4056298620160721,371.1784064802332,68.0306886121878,3.555648821262145,107.17291781956948,-3.667980592073872,4.396036344557961,372.04068224989385,361.6140014648437,351.18732067979363,1427609700.0,3507747787.1803,64239169.06859112,-0.008968871609766116,0
2020-12-09,370.8800048828125,371.0499877929688,365.9500122070313,366.8500061035156,344.9965209960937,74098300,350.0058026123047,361.71446182674384,364.664002046131,5.80507387256722,5.717214523096015,0.0878593494712056,370.9975356417519,61.73528571868234,0.9993956474348455,70.04005377205195,-24.85197163489432,4.446317718942214,372.3085943890829,362.25450134277344,352.20040829646393,1353511400.0,3459801776.1927204,45462554.03079128,-0.0003270958571379712,0
2020-12-10,365.3699951171875,367.8599853515625,364.4299926757813,366.7300109863281,344.8837585449219,57735400,350.6426025390625,362.19213317527567,365.0902410598029,5.497590341384296,5.673289686753671,-0.1756993453693756,370.7385890977223,61.51372137061977,1.1222652851486703,34.786557755729724,-26.69949791205376,4.373723073002141,372.648986838866,362.7575012207032,352.8660156025403,1295776000.0,3479496557.373211,39914773.342684746,-0.0011725879542903161,0
2020-12-11,364.8999938964844,366.739990234375,363.260009765625,366.2999877929688,344.47930908203125,57698600,351.2278021240234,362.5833574245798,365.427620733352,5.159729994219333,5.570577748246804,-0.4108477540274711,370.3414841699893,60.67333829654787,0.7231760299525052,6.0441262035341685,-29.357244438744036,4.30988431555556,372.37898834499657,363.4120010375976,354.4450137301987,1238077400.0,3522604543.952419,47732788.48705387,-0.004477161303609867,0
2020-12-14,368.6400146484375,369.7999877929688,364.4700012207031,364.6600036621094,342.9370422363281,69216200,351.8442022705078,362.7811332567254,365.5464781261626,4.7053993072925095,5.397542060055946,-0.6921427527634361,369.52390032989257,57.44984616215747,0.7181147105583943,15.202364945472606,-53.7878612731614,4.382748762463426,372.3797098090942,363.7400009155273,355.10029202196046,1168861200.0,3458323158.255065,26138554.825406075,0.01351942254777505,1
2020-12-15,367.3999938964844,369.5899963378906,365.9200134277344,369.5899963378906,347.5733642578125,63865300,352.4408020019531,363.4295964073125,366.10362054734,4.689095201274995,5.255852688299756,-0.5667574870247609,370.07377376089886,63.694304797231936,0.9753585682134426,75.93721248464566,-12.289516881035556,4.4218376134147,373.0755693372662,364.09100036621095,355.1064313951557,1232726500.0,3522188458.255065,35249095.16151333,0.0015693527844120592,0
2020-12-16,369.8200073242188,371.1600036621094,368.8699951171875,370.1700134277344,348.11883544921875,58420500,353.1456024169922,364.071540885448,366.68257417224703,4.669153516248457,5.138512853889496,-0.4693593376410394,370.6193912786625,64.35704985964195,0.9215095297227924,118.79852588452356,-8.25680601087333,4.269564108522355,373.77674517354586,364.5685012817383,355.3602573899307,1291147000.0,3530097596.9629374,38288215.32774305,0.00559196242686677,0
2020-12-17,371.9400024414063,372.4599914550781,371.0499877929688,372.239990234375,350.06549072265625,64119500,353.7752020263672,364.8494884424886,367.4131921677362,4.765446317213332,5.063899546554263,-0.2984532293409314,371.5487918875626,66.69376945353086,1.513536708395951,154.19951998622813,-1.6553919069729028,4.128165102723883,374.3261345580559,365.3665008544922,356.4068671509285,1355266500.0,3574208115.922747,50085910.03498125,-0.008220496558327905,0
2020-12-18,370.9700012207031,371.1499938964844,367.0199890136719,369.1799926757813,348.6677551269531,136542300,354.2832019042969,365.261917417088,367.7763818650018,4.542479945007756,4.959615626244962,-0.4171356812372062,371.4615501647767,60.39081548711618,-0.1811581497032046,48.45575015377175,-35.652231602341274,4.206153396865258,374.32536094393794,365.9365005493164,357.5476401546949,1218724200.0,3580489796.233394,52357691.60178661,-0.003575511540188092,0
2020-12-21,364.9700012207031,378.4599914550781,362.0299987792969,367.8599853515625,347.4210510253906,96386700,354.7034014892578,365.5093524584665,367.9595708937872,4.2107253090684935,4.809837562809668,-0.5991122537411746,370.9949200339106,57.85095787636504,-0.3332550322502069,54.776501550891226,-64.51619494110086,5.079284773930686,373.42181241413056,366.56300048828126,359.704188562432,1122337500.0,3552506433.694806,39623469.47122097,-0.0016854105960858456,0
2020-12-22,368.2099914550781,368.3299865722656,366.0299987792969,367.239990234375,346.83551025390625,47949000,354.9996014404297,365.6741751037911,368.0240461077009,3.85335981220004,4.618542012687743,-0.7651822004877031,370.4044077882813,56.645911783109,-0.7915344536494667,-52.59776868721681,-68.28975181006653,4.880763561004834,372.4930964201951,367.05200042724607,361.610904434297,1074388500.0,3555008032.134421,31607844.51484728,0.000898641484096574,0
2020-12-23,368.2799987792969,369.6199951171875,367.2200012207031,367.5700073242188,347.147216796875,46201400,355.3484014892578,365.8547305533556,368.0733800978888,3.555785816838295,4.405990773517853,-0.8502049566795584,369.9650615720234,57.15747697699015,0.1962658330991048,-13.588033475663948,-66.28112590038936,4.7035657278248015,372.4205319610936,367.2695007324219,362.1184695037502,1120589900.0,3522282309.730649,15042554.948326588,0.003890395427502469,0
2020-12-24,368.0799865722656,369.0299987792969,367.4500122070313,369.0,348.497802734375,26457900,355.76980163574217,366.1542800244646,368.23818955194383,3.396195511795611,4.204031721173405,-0.8078362093777942,369.94050840825895,59.393364753401634,0.618980979376815,6.708305967933935,-57.577575606729845,4.480452930999142,372.3278716672398,367.5865005493164,362.845129431393,1147047800.0,3547735511.6949944,14997086.66446638,0.008590822297383172,0
2020-12-28,371.739990234375,372.5899963378906,371.0700073242188,372.1700134277344,351.4915771484375,39000400,356.26320190429686,366.7272070152522,368.67471458798366,3.485335853797494,4.060292547698223,-0.5749566939007291,370.71072299572086,63.89208830761171,1.6025186542139012,149.1417574116761,-38.283510841824885,4.416848888634249,372.79606362910704,368.0115005493164,363.22693746952575,1186048200.0,3565183780.275717,19166836.30907488,-0.0019077893087540154,0
2020-12-29,373.80999755859375,374.0,370.8299865722656,371.4599914550781,350.821044921875,53680500,356.7466015625,367.1779483904737,369.0031422932943,3.45881629653519,3.939997297465617,-0.4811810009304267,371.12562971402014,62.22912984759249,1.864747360467192,129.7689787915979,-42.605009862958745,4.327789212855686,372.6411619308239,368.4815002441407,364.3218385574574,1132367700.0,3532840083.972468,8839027.22091961,0.0014267990940848296,0
2020-12-30,372.3399963378906,373.1000061035156,371.5700073242188,371.989990234375,351.32159423828125,49455300,357.346201171875,367.63623808989286,369.3372841971261,3.4409012606008105,3.840178090092656,-0.3992768294918449,371.5706265839731,63.00321033832447,0.6493665738426064,110.54170162315624,-39.37920940305881,4.135805315397244,373.0457322583905,368.7800003051758,364.5142683519611,1181823000.0,3510535630.2315674,-3286405.161877632,0.005080821253407031,0
2020-12-31,371.7799987792969,374.6600036621094,371.2300109863281,373.8800048828125,353.10662841796875,78520700,357.956201171875,368.2308825463614,369.8229989188058,3.5384231131133674,3.779827094696798,-0.2414039815834305,372.3931811504687,65.70259846954517,1.002239868303757,122.2269187140235,-27.87576758337079,4.085390126853244,373.83596633094265,369.1345001220704,364.433033913198,1260343700.0,3553344271.379672,5672886.061546326,-0.013613983822124975,-1
2021-01-04,375.30999755859375,375.4500122070313,364.8200073242188,368.7900085449219,348.2994079589844,110210800,358.4774011230469,368.2841326414624,369.7901901971726,3.1684656188898543,3.6575547995354096,-0.4890891806455553,371.7134678215557,54.22746862553945,-0.9268165108431522,-7.203946413320951,-58.85567389454993,4.552862609421762,373.80987299017903,369.23950042724607,364.6691278643131,1150132900.0,3525454602.0580044,-51651.95499706268,0.006887328746690624,0
2021-01-05,368.1000061035156,372.5,368.0499877929688,371.3299865722656,350.6982727050781,66426200,359.0118011474609,368.5742139682056,369.98928411574593,3.045124340766222,3.535068707781572,-0.48994436701535,371.7851774994835,58.15496812843057,0.5823701010722081,18.85337839720206,-43.39627547931008,4.54551615210815,373.96816216354296,369.3134994506836,364.6588367378242,1216559100.0,3556950764.863694,7632693.563227653,0.005978513184986545,0
2021-01-06,369.7099914550781,376.9800109863281,369.1199951171875,373.5499877929688,352.794921875,107997700,359.56720092773435,369.0480971896116,370.3927591959636,3.090881279035841,3.4462312220324263,-0.3553499429965852,372.3929303603737,61.28199835070411,1.5467848279198924,108.40782020926126,-29.88439349304729,4.782266131896184,374.5411514288765,369.5364990234375,364.53184661799855,1324556800.0,3570690483.201384,14454136.786017897,0.0148574983052141,1
2021-01-07,376.1000061035156,379.8999938964844,375.9100036621094,379.1000061035156,358.0365295410156,68766800,360.361400756836,370.0054218480786,371.30356939406624,3.5342435172219098,3.463833681070323,0.0704098361515868,374.3034764740573,67.76705841512671,3.2295001047057768,221.7201102439857,-4.476709633788967,4.894247558440426,376.49920640724633,369.9829986572266,363.4667909072068,1393323600.0,3611881977.333429,29037099.25680876,0.005697714659280706,0
2021-01-08,380.5899963378906,381.489990234375,377.1000061035156,381.260009765625,360.0765075683594,71677200,361.2222009277344,371.0772873640354,372.3775704520089,4.01363879919154,3.573794704694566,0.4398440944969737,376.396544066076,69.88142480596802,3.724461236939496,201.3468510990535,-1.1818117663663474,4.858228742184637,378.6944655418932,370.703498840332,362.7125321387709,1465000800.0,3676049192.985736,52779961.6790657,-0.006740825836411668,0
2021-01-11,377.8500061035156,380.5799865722656,377.7200012207031,378.6900024414063,357.6493835449219,51034700,362.26280090332034,371.8023078475946,373.13818984258745,4.138479090549822,3.6867315818656174,0.4517475086842046,377.40389014517774,64.46320342087922,2.626016921790327,141.69276584759024,-14.388432797785375,4.764070156665868,379.7882093000085,371.30149841308594,362.81478752616334,1413966100.0,3659632657.215965,52471329.31787396,0.0002112191284424636,0
2021-01-12,378.8900146484375,379.8599853515625,376.3599853515625,378.7699890136719,357.7249450683594,52547700,363.2386004638672,372.4658965300781,373.84947466169086,4.195506975976514,3.7884866606877967,0.407020315288717,378.204385449789,64.55531485119324,1.7733765074598202,103.61912631751277,-16.31676070313164,4.673779431189735,380.6783921615626,371.9249984741211,363.1716047866796,1466513800.0,3679450756.893351,53880708.7658391,0.0026929787492038226,0
2021-01-13,378.6900024414063,380.8599853515625,377.8500061035156,379.7900085449219,358.6882019042969,45303600,364.3036004638672,373.1634310076823,374.5985232398624,4.273743977296874,3.8855381240096127,0.3882058532872614,379.07762176216727,65.77366394629598,2.24250720978416,102.18255781936324,-10.19786102130561,4.5549365609652455,381.40780247923885,372.6814987182617,363.95519495728456,1511817400.0,3692545629.0167193,53725577.05509329,-0.003501980199372312,0
2021-01-14,380.5899963378906,381.1300048828125,378.1000061035156,378.4599914550781,357.4320983886719,49989100,365.2688000488281,373.6678653360057,375.14885588146393,4.180238908744968,3.944478280956684,0.235760627788284,379.39956583205776,62.74511924484408,1.7392944408602644,80.96781897968684,-18.176376038459207,4.446012433703219,382.0764412328819,373.124998474121,364.1735557153602,1461828300.0,3654434648.480496,36651749.63416338,-0.007292657904037436,0
2021-01-15,376.7200012207031,377.5799865722656,373.7000122070313,375.7000122070313,354.8254699707031,107160000,366.0622003173828,373.8614031332463,375.3940952845982,3.839172616915676,3.923417148148483,-0.0842445312328075,378.89941055803934,56.89103379416928,0.4867891570690609,8.841927266814665,-34.73295718747346,4.468438634727762,382.3122935750477,373.401498413086,364.4907032511242,1354668300.0,3657749605.1814327,27389783.763702396,0.007851960589842832,0
2021-01-19,378.3399963378906,379.2300109863281,376.75,378.6499938964844,357.6115417480469,51233300,366.7644000244141,374.3174593964118,375.8939519973029,3.763530356471165,3.89143978981302,-0.1279094333418546,379.2110070524394,61.07167600876392,2.673604252584155,51.95120328117667,-17.03658817886583,4.401407216482694,382.89973849591416,373.7219985961914,364.5442586964686,1405901600.0,3685018342.33642,29787233.75112772,0.013838692292137411,1
2021-01-20,381.1099853515625,384.7900085449219,380.6900024414063,383.8900146484375,362.5603942871094,61836100,367.4374005126953,375.2291313251761,376.8623344784691,4.079384595806118,3.92902875101164,0.1503558447944786,380.7845245066165,67.16330213155905,3.382443791333165,129.54251006320362,-4.506729301304913,4.525593461622322,384.38820000920975,374.4574996948242,364.52679938043866,1467737700.0,3719707110.758217,39097413.81190729,0.0009116558716901757,0
2021-01-21,384.489990234375,384.9500122070313,383.25,384.239990234375,362.8909912109375,47840100,368.11900024414064,376.0873083641475,377.7940002441407,4.308278310450362,4.004878662899385,0.303399647550977,382.1204613619112,67.52877540876715,2.8617327776037493,132.7114181444397,-3.527182317091937,4.323766229151535,385.5900710112895,375.2764999389648,364.96292886664014,1515577800.0,3727585706.913029,41858639.53949309,-0.0035394164744094736,0
2021-01-22,382.25,384.1300048828125,381.8399963378906,382.8800048828125,361.6065368652344,52860500,368.685400390625,376.7342318421156,378.5181435721261,4.33002494418713,4.069907919156934,0.2601170250301958,382.8136358666823,64.52342756755314,0.9970980528722868,101.46267454877426,-10.28319335374941,4.18635391967531,386.1861463761733,376.0585006713867,365.93085496660007,1462717300.0,3722738452.8118286,37640592.89226055,0.003943819855746211,0
2021-01-25,383.6700134277344,384.7699890136719,378.4599914550781,384.3900146484375,363.0326232910156,70402000,369.29240051269534,377.4633540141463,379.31162109375,4.418174510963127,4.139561237518173,0.2786132734449538,383.72287845646326,66.31593347590783,0.8209633328018412,88.4676068061912,-3.313590234389441,4.338042751026627,386.8600232240488,376.8995010375976,366.9389788511465,1533119300.0,3784661541.36604,52195957.1772542,-0.001560930514972858,0
2021-01-26,385.4100036621094,385.8500061035156,383.5400085449219,383.7900085449219,362.4659729003906,42665300,369.8348004150391,378.0658925408868,379.9678599039714,4.389024260026076,4.189453842019754,0.1995704180063224,384.2607649314016,64.9124492569423,1.346749602745237,118.3969073275032,-12.31318712388888,4.193182380138564,387.33642143678935,377.6390014648438,367.9415814928982,1490454000.0,3751231164.5462127,42768399.2896018,-0.024440461382450485,-1
2021-01-27,380.2200012207031,380.3200073242188,372.010009765625,374.4100036621094,353.6071472167969,123351100,370.2588006591797,377.7177126476699,379.66033630371095,3.5679058760758835,4.06514424883098,-0.4972383727550964,382.21696504858346,47.85977840232265,-1.1510904976701108,-124.3887362977448,-82.65899904963298,4.735097837221301,387.2427393780247,377.7510009765625,368.2592625751004,1367102900.0,3699129637.133267,18445876.041480064,0.008600200820512827,0
2021-01-28,376.3599853515625,381.9299926757813,375.8900146484375,377.6300048828125,356.648193359375,94198100,370.6494006347656,377.7093595272073,379.64881286621096,3.140785805104599,3.880272560085704,-0.739486754981105,381.3354184712078,52.47530644369609,-0.568736305197952,-44.396997537537246,-59.39308811953015,4.934018635539204,387.10383551373855,378.0595016479492,369.0151677821599,1461301000.0,3659204507.4502673,-5884595.281113625,-0.02001958917681801,-1
2021-01-29,375.6300048828125,376.6700134277344,368.2699890136719,370.0700073242188,349.5082397460937,126765100,370.7994006347656,376.9818021745417,378.8879086449033,2.1672784137138024,3.537673730811324,-1.3703953170975218,378.6200159739312,42.87828924487898,-2.216874787372387,-184.85348340748627,-89.7609979481372,5.250161295082163,387.29954673337744,377.96350250244143,368.6274582715054,1334535900.0,3586767702.2005343,-38351081.10335159,0.01664550906637663,1
2021-02-01,373.7200012207031,377.3399963378906,370.3800048828125,376.2300109863281,355.3260498046875,75817600,371.1116009521484,376.9102030137595,378.72281421479727,1.8712569215535384,3.2043903689597677,-1.333133447406229,377.9740768903097,50.77758235748348,0.1410696731638006,-97.56216516420356,-54.72119320489808,5.394434703552853,387.2664535097065,378.0810028076172,368.895552105528,1410353500.0,3638402391.6513486,-31717144.01415825,0.014140224467191764,1
2021-02-02,379.6499938964844,383.2200012207031,376.3200073242188,381.5499877929688,360.350341796875,64450700,371.6170007324219,377.3520872784461,379.0531937372117,2.042392000059692,2.9719906951797523,-0.92959869512006,378.8149054352579,56.38698467211425,0.7658771803063159,22.337843205980818,-24.459693574649634,5.508402955754435,386.9583336837267,378.71900177001953,370.47966985631234,1474804200.0,3671654938.133643,-15539528.232016563,0.0007863145594164678,0
2021-02-03,382.4400024414063,383.7000122070313,380.4800109863281,381.8500061035156,360.63372802734375,52427100,372.0984008789063,377.7804604998812,379.351384626116,2.17713015186672,2.813018586517146,-0.6358884346504259,379.57137575813135,56.68676078091568,-0.5314044301960013,50.86525015737825,-22.75310643645997,5.34494568896506,386.8490155545406,379.245002746582,371.6409899386235,1527231300.0,3663839542.3444986,-9995445.14204836,0.011365709751263386,1
2021-02-04,382.9599914550781,386.239990234375,381.9700012207031,386.1900024414063,364.732666015625,47142600,372.7156011962891,378.5813692562169,380.0128131684803,2.604094164973276,2.771233702208372,-0.1671395372350961,381.30354206894606,60.876133127503145,0.5074985052549729,90.99062861459338,-0.2781735646801286,5.276734149100369,387.5830579927167,379.8770034790039,372.1709489652912,1574373900.0,3709878366.891559,7829982.581734657,0.0039358580078789895,0
2021-02-05,388.2000122070313,388.4700012207031,386.1400146484375,387.7099914550781,366.1681518554688,48669800,373.3206011962891,379.4507618465847,380.7588120233445,3.0301865277289157,2.823024267312481,0.2071622604164344,383.0976002659375,62.25316688788248,1.2614883281105085,122.69455005065052,-3.76242230863828,5.066252179326458,388.7213219051527,380.307502746582,371.8936835880114,1623043700.0,3726797320.143075,19793689.72315264,0.0072219400383219945,0
2021-02-08,389.2699890136719,390.55999755859375,388.3500061035156,390.510009765625,368.81256103515625,38365200,373.8664013671875,380.5040235531599,381.7304793584914,3.552850819302023,2.9689895777103894,0.5838612415916336,385.2664954805976,64.71679923217238,1.5921316589830872,141.89171186709052,-0.2242609861185407,4.9079488881971125,390.2870140318325,380.770002746582,371.2529914613315,1661408900.0,3763426955.355801,34543391.14658642,-0.0006658210010571652,0
2021-02-09,389.6099853515625,390.8900146484375,389.1700134277344,390.25,368.5670471191406,35551100,374.4182012939453,381.43221178619234,382.6333362397693,3.9011157864471215,3.1554148194577363,0.7457009669893853,386.9399488239841,64.2971364269532,1.6832099093903314,126.50925409343668,-2.829416105761773,4.6802383405189705,391.6604202701994,381.3480026245117,371.035584978824,1625857800.0,3772520836.030381,40330559.11203146,-0.00043565260149747154,0
2021-02-10,392.1199951171875,392.2799987792969,387.5,390.0799865722656,368.4065246582031,59154400,374.946400756836,382.255809384866,383.46495375860303,4.1159534697592335,3.347522549518036,0.7684309202411974,388.2233922898443,64.00487282283157,4.185246856891625,108.50959145976732,-9.162895927601811,4.687364086145964,392.8216221913962,381.9135025024414,371.0053828134866,1566703400.0,3777223171.036861,40527819.9534092,0.0016150658954552366,0
2021-02-11,391.239990234375,391.6900024414063,388.1000061035156,390.7099914550781,369.00146484375,42913300,375.5194006347657,383.060969582029,384.3027146112351,4.287624939134048,3.5355430274412383,0.7520819116928097,389.3900452535288,64.64617815170979,3.463704261615719,93.76301023942575,-6.538969952717477,4.6089806755563005,393.9646488935183,382.4595016479492,370.9543544023801,1609616700.0,3796707196.184561,43123632.84884024,0.004939784585931806,0
2021-02-12,389.8500061035156,392.8999938964844,389.7699890136719,392.6400146484375,370.82427978515625,50593300,376.05180114746094,383.9732595883536,385.2722872779483,4.527225519577314,3.7338795258684536,0.7933459937088605,390.79484620879504,66.60888464046067,6.098848022678337,96.63471818776124,-1.0555387596707155,4.503339547503172,395.3293841571998,383.1685028076172,371.0076214580346,1660210000.0,3838895903.487319,53688905.643408775,-0.0008660015352055517,0
2021-02-16,393.9599914550781,394.1700134277344,391.5299987792969,392.2999877929688,370.5030822753906,50972400,376.5620007324219,384.7662813221265,386.1419525146485,4.636229809008853,3.9143495824965338,0.7218802265123192,391.80222902916,65.91460248841426,4.271317103202767,91.95457135099647,-7.220169390072972,4.370244911855624,396.2725627135915,383.9985015869141,371.7244404602366,1609237600.0,3817656814.265515,46372361.0666666,0.00022948472666328712,0
2021-02-17,390.4200134277344,392.6600036621094,389.3299865722656,392.3900146484375,370.5881958007813,52290600,377.0760009765625,385.4923511627275,386.9411442347935,4.675979131831468,4.066675492363521,0.6093036394679476,392.59290646274167,66.015603783636,2.841050243028852,70.36271696286849,-6.872575681165838,4.2959429245690615,397.220528999761,384.6855026245117,372.15047624926245,1661528200.0,3861468246.05862,53103561.031562805,-0.004256003887434856,0
2021-02-18,389.5899963378906,391.5199890136719,387.739990234375,390.7200012207031,369.010986328125,59712800,377.49340087890624,385.9902225968205,387.5158583868118,4.520613807821007,4.157463155455018,0.3631506523659897,392.74855790786097,62.32615504115904,2.322900347101981,47.126113709406624,-13.320497895585204,4.321234459532879,397.8260985423336,385.027001953125,372.2279053639164,1601815400.0,3895906164.307007,61987156.729729176,-0.0017659767589335296,0
2021-02-19,392.0700073242188,392.3800048828125,389.5499877929688,390.0299987792969,368.35931396484375,83241000,377.9122009277344,386.3749631856277,387.9923342750186,4.292328942597351,4.184436312883484,0.1078926297138664,392.6397949021437,60.81387267035469,0.9943282616367528,50.59194724344142,-17.40232518462551,4.214718933126509,398.2920081304308,385.3165023803711,372.3409966303114,1518574400.0,3840902869.765629,42485110.64038372,-0.007691716045917785,0
2021-02-22,387.05999755859375,389.6199951171875,386.739990234375,387.0299987792969,365.5259704589844,67414200,378.2494006347656,386.43734752788185,388.1555244082496,3.825241610099056,4.112597372326599,-0.2873557622275431,391.7189939167448,54.60965152299981,-0.1753869363101098,-16.314903902160868,-40.00006838670643,4.148668191111892,398.469713138985,385.5240020751953,372.5782910114056,1451160200.0,3787065517.614568,13514651.497551918,0.0012143793044092632,0
2021-02-23,384.6600036621094,388.9500122070313,380.2000122070313,387.5,365.9698791503906,107284100,378.6624005126953,386.53855252522646,388.34371468680246,3.4531904742081,3.980715992702899,-0.5275255184947998,391.039740442516,55.37771798252553,-0.7707894011299576,-92.47877189617812,-47.74526016396936,4.477334748889614,398.6416941711962,385.6795013427735,372.7173085143507,1558444300.0,3858792302.2727695,23256654.103316307,0.011019326486895187,1
2021-02-24,386.3299865722656,392.2300109863281,385.2699890136719,391.7699890136719,370.0025939941406,72433900,379.1632000732422,387.03678457174505,388.92376113164994,3.462970725250728,3.877166939212465,-0.4141962139617376,391.55120624722986,61.715918451038256,0.3894910989549968,12.879186633124933,-17.179843982445362,4.654669550587231,399.2726814111126,386.07850036621096,372.8843193213093,1630878200.0,3921651179.177701,45128329.26603317,-0.024095777385022776,-1
2021-02-25,390.4100036621094,391.8800048828125,380.7799987792969,382.3299865722656,361.0871276855469,146670500,379.4838000488281,386.5885180956041,388.56675981794086,2.678120633445417,3.637357678059056,-0.9592370446136388,389.4846033551096,46.119394305767415,-1.9867720126072776,-173.19603437013015,-84.7532270643057,5.11505073293926,398.6826386090023,386.4744995117188,374.26636041443527,1484207700.0,3815942365.5891376,16338634.848417282,-0.005152620223082494,0
2021-02-26,384.3500061035156,385.5799865722656,378.2300109863281,380.3599853515625,359.2265930175781,152701600,379.7977996826172,385.9953245009335,387.9844251360212,1.8755386050695504,3.284993863461155,-1.4094552583916045,387.2519936076441,43.64081645497156,-2.649025192565524,-218.2068158765728,-86.63755308028381,5.274688222439134,398.476771662931,386.6109985351562,374.74522540738144,1331506100.0,3751744595.2215967,-17350861.152863026,0.02424019764376939,1
2021-03-01,385.5899963378906,390.9200134277344,380.5700073242188,389.5799865722656,367.9342651367188,105348800,380.1975994873047,386.33672088867945,388.2671859014602,1.96086003514381,3.020167097797686,-1.0593070626538763,387.7994923138783,55.65322683356963,-0.7793469748394765,-48.15776196905389,-28.79564712954844,5.652212497705759,396.75340968008,387.5864974975586,378.4195853150371,1436854900.0,3829814141.51305,-4715266.501300812,-0.0078032191902133174,0
2021-03-02,389.8200073242188,390.0700073242188,386.0,386.5400085449219,365.0631713867188,79595300,380.5249993896484,386.3560816178454,388.1675202869234,1.7628559564093391,2.768704869520017,-1.0058489131106776,387.4487347062801,51.73764526350687,-1.4682588394794154,-29.05024401464733,-47.86702455573382,5.539197842456691,395.6779058434623,388.1019973754883,380.5260889075143,1357259600.0,3771340249.2706494,-17722828.357215405,-0.013245705500087857,-1
2021-03-03,385.7900085449219,386.8299865722656,381.30999755859375,381.4200134277344,360.2276916503906,119940200,380.7085998535157,385.88597988545393,387.5311408633278,1.1792023702017218,2.450804369656358,-1.2716019994546364,385.8238957970159,45.88251063969116,-2.795688170233312,-118.55909112415458,-79.98744069750077,5.537825783257775,395.694066690974,388.0954986572266,380.4969306234792,1237319400.0,3656180973.767137,-58074525.107824326,-0.012374812685589043,-1
2021-03-04,381.2200012207031,384.0,371.8800048828125,376.7000122070313,355.7699279785156,183433000,380.8590002441407,385.0111258208423,386.4458564394996,0.3319614019179653,2.02703577610868,-1.6950743741907144,383.2663038121877,41.24812964533942,-3.5882445152206195,-190.8333187463557,-78.37592877317714,6.007980735681327,396.5353088126823,387.8379989624024,379.14068911212246,1053886400.0,3618647109.0315742,-81245128.45731354,0.01839658203136052,1
2021-03-05,380.4599914550781,384.760009765625,372.6400146484375,383.6300048828125,362.3148498535156,152039600,381.1744006347656,384.8795904934109,386.04509509858633,0.2172055131321144,1.665069723513367,-1.4478642103812525,382.9787337560446,49.33897468821838,-1.6408978582454854,-111.09067723975237,-47.28579858406159,6.444553191503196,396.5743054355024,387.7099990844727,378.8456927334429,1205926000.0,3742335956.622901,-43982548.46147251,-0.004978765054346579,0
2021-03-08,384.6600036621094,387.6799926757813,381.4200134277344,381.7200012207031,360.5110168457031,123149200,381.4640008544922,384.5786772293435,385.4746191115606,-0.0275431877444702,1.3265471412617995,-1.35409032900627,382.2641001191854,47.40143852936859,-1.371986041222031,-42.45646909910178,-52.64679058742669,6.431369338399177,396.6513405591799,387.4104995727539,378.1696585863279,1082776800.0,3630989753.166506,-60168689.70280123,0.014277512809395931,1
2021-03-09,385.8500061035156,389.9100036621094,385.30999755859375,387.1700134277344,365.65826416015625,113633600,381.8560009765625,384.8254711529998,385.4517156691778,0.2157748231010714,1.1043926776296542,-0.8886178545285828,383.1111843206155,53.06517290064146,-0.0851578251008064,42.15512227827351,-25.414592463795728,6.5569859886139685,396.37431354276185,387.2434997558594,378.1126859689569,1196410400.0,3609251813.524889,-68237029.21451426,0.006224586256551756,0
2021-03-10,389.6900024414063,391.3999938964844,388.1700134277344,389.5799865722656,367.9342651367188,109899400,382.2676007080078,385.2782821453108,385.6742382231213,0.5961981898731779,1.002753780078359,-0.4065555902051811,384.4472449249048,55.35449129257428,-0.5590020937846324,91.14329988024387,-13.658625905106703,6.390771308623686,396.30127493641993,387.2099990844727,378.1187232325254,1306309800.0,3595300487.576287,-69773405.52435923,0.010139155868312377,1
2021-03-11,392.2300109863281,395.6499938964844,391.739990234375,393.5299987792969,371.664794921875,86245000,382.6948004150391,386.0641599199762,386.2761429559617,1.2025570927212923,1.042714442606946,0.1598426501143466,386.57669374515496,58.89358075005745,2.929409829305736,160.32607717218357,-8.918788796949528,6.367859595451904,396.8097678233124,387.3824996948242,377.955231566336,1392554800.0,3588021800.806542,-66374832.03018236,0.0013467811372471772,0
2021-03-12,392.0700073242188,394.2099914550781,391.2000122070313,394.05999755859375,372.1653137207031,64653600,383.14680053710936,386.8256682665112,386.91209513346354,1.7061993597658898,1.1754114260387347,0.530787933727155,388.4591127543059,59.35910058498226,3.601854226166425,128.0629558057802,-6.6890915977121495,6.128010999208684,397.3205943636347,387.55,377.7794056363653,1457208400.0,3646231738.1852574,-40429087.159320354,0.005963574374651337,0
2021-03-15,394.3299865722656,396.6900024414063,392.0299987792969,396.4100036621094,374.384765625,73427200,383.63520080566406,387.7384621137111,387.7559050060454,2.26881188653698,1.394091518138384,0.8747203683985962,390.6009979142649,61.44406472430335,1.7531745277620434,131.76233254369131,-1.1285723774686285,6.023153332273023,398.02638889416585,387.7384994506836,377.45061000720136,1530635600.0,3710835114.060672,-5583927.646397114,-0.001261320338490246,0
2021-03-16,397.0700073242188,397.8299865722656,395.0799865722656,395.9100036621094,373.91259765625,73722500,384.07580078125,388.5167041659395,388.5341435023717,2.643863730741828,1.6440459606590727,0.9998177700827549,392.2061756189176,60.73018413353981,2.4240686371533937,130.66685014604568,-7.398783294466027,5.789356665682092,398.6383103008405,387.9190002441407,377.1996901874408,1456913100.0,3681615112.1741295,-118733.2053375244,0.0034098812634899556,0
2021-03-17,394.5299987792969,398.1199951171875,393.2999877929688,397.260009765625,375.1875915527344,97959300,384.6452008056641,389.3493999373381,389.4237634567987,3.015271061601652,1.9182909808475888,1.0969800807540633,393.84323399636446,62.01347645872809,4.152901206085177,106.519945604225,-3.2773844192819035,5.720117427006136,399.4814812873181,388.1625,376.843518712682,1554872400.0,3744618630.000928,22174395.938652992,-0.014549661776192768,-1
2021-03-18,394.4800109863281,396.7200012207031,390.75,391.4800109863281,369.7287292480469,115349100,385.0482012939453,389.5523152753372,389.73971688406806,2.810815124050976,2.0967958094882664,0.7140193145627092,393.6502510905468,53.89309297821638,3.923546137602419,54.99864806441824,-25.304826989458405,5.776538308336055,399.55860660524985,388.2005004882813,376.8423943713127,1439523300.0,3657479276.41473,1552300.2711634636,-0.005108817676184874,0
2021-03-19,389.8800048828125,391.5700073242188,387.1499938964844,389.4800109863281,369.0445556640625,113624500,385.3668017578125,389.5454291525744,389.8615750267392,2.459052607462354,2.169247169083084,0.2898054383792701,392.9380376738753,51.385715057651325,1.5249083828316887,5.329217431227744,-32.926781045599604,5.679643674007367,399.51590929371895,388.1730010986328,376.8300929035467,1325898800.0,3663649447.247057,-5061893.625356674,0.00798496781307656,0
2021-03-22,390.0299987792969,394.0700073242188,389.9700012207031,392.5899963378906,371.9914245605469,73778600,385.6366015625,389.8353879321284,390.2822412400018,2.4035218021974742,2.216102095705962,0.1874197064915121,393.1308238137684,54.89954427601623,2.8476357231547524,38.71620283566849,-21.074698313158848,5.601811721427604,399.9398263787504,388.4510009765625,376.9621755743746,1399677400.0,3684163180.903429,-780430.9991455078,-0.00787079743934982,0
2021-03-23,391.9100036621094,393.4599914550781,388.6600036621094,389.5,369.06353759765625,90686600,385.8014013671875,389.8034462243066,390.3821459089007,2.086128764825446,2.190107429529859,-0.1039786647044129,392.4596825521447,50.958446310683655,0.6017993365853782,10.093546292316,-32.8506033736823,5.544538583680542,400.039791528257,388.5510009765625,377.0622104248679,1308990800.0,3625216833.246295,-17713631.361225605,-0.005083468514321288,0
2021-03-24,391.0,392.75,387.4700012207031,387.5199890136719,367.18743896484375,97588600,385.9780010986328,389.5859741090081,390.2839542933873,1.655735864672181,2.083233116558324,-0.4274972518861428,391.3723853148203,48.55319413840048,-0.5287739692992746,-27.62848305831061,-41.601311729873714,5.525642883367423,399.7381458691731,388.3385009765625,376.9388560839519,1211402200.0,3529476051.3753586,-53493495.61726236,0.005625576112623598,0
2021-03-25,385.9800109863281,390.5499877929688,383.8999938964844,389.7000122070313,369.2530822753906,116128600,386.1966015625,389.5968348802484,390.4136220296224,1.4735696493252703,1.9613004231117133,-0.4877307737864429,391.02976885139736,51.27985549154899,-0.9732387833572852,-72.04159782463098,-50.4191146237833,5.605953670018637,399.77764019817846,388.7070022583008,377.6363643184232,1327530800.0,3615918466.2853904,-35763263.01269817,0.016114956588609175,1
2021-03-26,390.9299926757813,396.4100036621094,390.2900085449219,395.9800109863281,375.20355224609375,114409100,386.5204016113281,390.2047564141607,391.1062895275298,1.815022578107687,1.932044854110908,-0.1170222760032211,392.3652229733821,58.15932019954181,0.4872388569329176,58.509715593625366,-15.049113552421767,5.684813511808597,400.2937411516444,389.4880035400391,378.68226592843376,1441939900.0,3714250731.549178,6028758.637892723,-0.0005051068273195236,0
2021-03-29,394.3999938964844,396.75,392.80999755859375,395.7799987792969,375.0140380859375,108107600,386.8668017578125,390.7357318775071,391.7055271693639,2.045903271286704,1.9548165375460675,0.0910867337406369,393.3919340437936,57.87900364159735,-0.1589275944079104,73.62134018247278,-16.455669036679033,5.560184149637001,400.9468028506861,389.7980041503906,378.6492054500951,1333832300.0,3769127651.8596206,40038264.0811944,-0.002652958199523048,0
2021-03-30,394.4200134277344,395.4500122070313,393.0199890136719,394.7300109863281,374.0191345214844,76262200,387.2474017333984,391.1161394116805,392.1752421061198,2.1197178562893555,1.9877968012947247,0.1319210549946303,393.9403261288086,56.34372428070181,-0.2980456833286583,46.80067556700143,-23.83954880344064,5.360171693636144,401.4488112370759,390.20750427246094,378.966197307846,1257570100.0,3800197791.764426,60197354.99760151,0.0040533416294838975,0
2021-03-31,395.3399963378906,398.0,395.30999755859375,396.3299865722656,375.53515625,112734200,387.6010015869141,391.6126962841172,392.75833565848217,2.2810268473346014,2.0464428105027004,0.234584036831901,394.7817234986691,58.1647758908389,-0.234109442304064,99.3925019798127,-12.587963370324983,5.210872930781554,401.7324680423005,390.9530029296875,380.1735378170745,1370304300.0,3772956187.3807898,54303985.79610253,0.010799078859294209,1
2021-04-01,398.3999938964844,400.6700134277344,398.1799926757813,400.6099853515625,379.5906066894531,99682900,387.9354010009766,392.4695809572072,393.6780482700893,2.7228383315749625,2.181721914717153,0.5411164168578093,396.5559088528496,62.65273919972604,2.332168721011205,153.06859817703787,-0.3579487552773375,5.148669639687783,401.556047119494,392.1485015869141,382.7409560543341,1469987200.0,3867832884.292292,77144375.97677565,0.01435311202978129,1
2021-04-05,403.4599914550781,406.9400024414063,403.3800048828125,406.3599853515625,385.0389404296875,91684800,388.3778009033203,393.7924766138124,395.0315229143415,3.496646892372155,2.4447069102481533,1.0519399821240016,399.46957593653,67.6705511518507,4.333977069192111,221.70377328154467,-2.5174343521311093,5.233051600413213,403.7356316805537,393.2850006103516,382.8343695401495,1561672000.0,3929641961.062912,99141571.29799652,-0.0005905853012750928,0
2021-04-06,405.760009765625,407.239990234375,405.3999938964844,406.1199951171875,384.8115234375,62021000,388.8426007080078,394.9665259950863,396.253903343564,4.043914812848641,2.764548490768251,1.27936632208039,401.7518043508704,67.26434085631422,3.446343234801124,178.74352271159003,-4.798608795706095,4.990690510233028,404.9672977280923,394.50500030517577,384.0427028822592,1499651000.0,3916159313.873354,94837620.61472796,0.0011572964304984446,0
2021-04-07,405.9400024414063,406.9599914550781,405.4500122070313,406.5899963378906,385.2568359375,55836300,389.2866003417969,396.0735231705914,397.4048553466797,4.464094451194228,3.1044576828534467,1.3596367683407813,403.6900163055551,67.67360024526798,4.387675568136232,138.18140709646525,-2.784892881191936,4.742068277219727,406.6176927388221,395.4759994506836,384.3343061625452,1555487300.0,3944632114.158324,93514839.006361,0.004746778556197873,0
2021-04-08,407.9299926757813,408.5799865722656,406.9299926757813,408.5199890136719,387.0855102539063,57863100,389.7811999511719,397.25890086993246,398.6471400669643,4.896381681000946,3.462842482482947,1.433539198517999,405.7172027430557,69.36718090677428,5.419075298141359,124.76110633074047,-0.2431020113414672,4.54549127415939,408.57316959516567,396.4229995727539,384.2728295503421,1613350400.0,3998287144.37084,101544407.14270592,0.007270149076117116,0
2021-04-09,408.3900146484375,411.6700134277344,408.260009765625,411.489990234375,389.8997497558594,61104600,390.5227996826172,398.6142427141651,400.0820915585472,5.416192209925498,3.8535124279714577,1.5626797819540403,408.0799750854191,71.8143410446381,5.591474812622688,122.01397457343924,-0.6482645543579579,4.464385016155817,411.0370470254231,397.3209991455078,383.60495126559255,1674455000.0,4052939994.571755,112987463.97671032,0.0003645882466716266,0
2021-04-12,410.8500061035156,411.9299926757813,410.2000122070313,411.6400146484375,390.04193115234375,56704900,391.2029998779297,399.854792422191,401.44580732073103,5.77369594271272,4.23754913091971,1.5361468117930102,409.97830358461056,71.93629906382333,3.95474600424971,108.29352597903367,-1.0345274347924205,4.26907040562683,413.163937120958,398.2,383.236062879042,1731159900.0,4090635229.041127,119391065.10572052,0.002963683460576405,0
2021-04-13,411.5299987792969,413.5299987792969,411.1199951171875,412.8599853515625,391.1979064941406,56551000,392.05879943847657,401.0933822249883,402.8419964018322,6.085313955342713,4.607102095804311,1.4782118595384013,411.7670418225378,72.96088135747226,4.315525449731007,101.7952324509415,-2.261266680124752,4.136279923947012,415.256895035903,399.0224990844727,382.7881031330423,1787710900.0,4115742352.048307,119145616.9693532,-0.003415136352656112,0
2021-04-14,412.8299865722656,413.9599914550781,410.8699951171875,411.4500122070313,389.8618774414063,61659900,392.7631994628906,402.0797279375639,404.0255690801711,6.147634324587727,4.915208541560995,1.2324257830267324,412.7789427519601,69.78957233973861,4.235806945340747,87.06553787572449,-8.349898376253362,4.061545382085842,416.8315805408672,399.7994995117188,382.7674184825704,1726051000.0,4077230567.35156,95960036.96738768,0.01074245419619091,1
2021-04-15,413.739990234375,416.1600036621094,413.6900024414063,415.8699951171875,394.0499572753906,60229800,393.449599609375,403.3930867165757,405.55609247116814,6.478993543187187,5.227965541886234,1.251028001300953,414.66472702211365,73.655338238351,4.930237228304956,109.9543220857667,-1.1210228050224869,4.107862958728144,419.0873088437532,400.72999877929686,382.3726887148405,1786280800.0,4123316927.6540174,92415229.1566944,0.0033424259137662116,0
2021-04-16,417.25,417.9100036621094,415.7300109863281,417.260009765625,395.3670043945313,82037300,394.1577996826172,404.7137460545804,407.13037923177086,6.775655141757966,5.53750346186058,1.2381516798973855,416.4774840914497,74.74962218584369,4.156168099367511,118.73434158641275,-2.589616487755886,3.970157938517652,421.1992111060218,402.01899871826174,382.8387863305017,1868318100.0,4156433196.97675,93100690.8225808,-0.004913047650308866,0
2021-04-19,416.260009765625,416.739990234375,413.7900085449219,415.2099914550781,393.4245300292969,78498500,394.7381994628906,405.7133884736754,408.3866642543248,6.767332652711275,5.783469300030719,0.9838633526805562,417.3338261144811,70.1234307186484,2.1778734182842925,88.88953298741555,-10.847772671763966,3.934432458673757,422.40040396033737,403.3054977416992,384.2105915230611,1789819600.0,4153505693.821523,83985929.51627302,-0.007321543531961572,0
2021-04-20,413.9100036621094,415.0899963378906,410.5899963378906,412.1700134277344,390.5440368652344,81851800,395.2273999023437,406.32830513596673,409.23090384347097,6.441186214351433,5.9150126828948615,0.5261735314565712,417.14915466614326,63.81614433807111,1.4897120021882002,48.59570786247712,-25.398180018553607,3.9834012199961673,423.0869773266349,404.2844985961914,385.4820198657479,1707967800.0,4129132668.4146223,64867025.48729038,0.009462100030157128,0
2021-04-21,411.510009765625,416.2900085449219,411.3599853515625,416.0700073242188,394.2394409179688,66793000,395.7385998535156,407.25608629675264,410.35333324614027,6.4233651707480135,6.016683180465492,0.4066819902825216,417.9164123483921,67.81561713487037,2.331589825552412,71.72526206334419,-9.325875891126444,4.0510170752363965,423.79367323384247,405.6129989624024,387.4323246909622,1774760800.0,4189964422.003362,70504211.30027962,-0.009133122416069228,0
2021-04-22,415.8900146484375,416.7799987792969,411.1300048828125,412.2699890136719,390.6387939453125,97582800,396.1789996337891,407.7336008412211,410.9873322986421,6.033066708157605,6.019959886003915,0.0131068221536905,417.46980620295176,60.76760751436327,0.9179477383845958,43.02520520494178,-38.81634633358468,4.165229705325538,423.2151863554375,406.8504989624024,390.4858115693672,1677178000.0,4131759662.221793,47881162.72052288,0.010842412350696051,1
2021-04-23,412.8699951171875,418.25,412.7900085449219,416.739990234375,394.8742980957031,73209200,396.7121997070312,408.5913522119977,411.92918861025856,6.0151057113903335,6.018989051081199,-0.0038833396908657,418.1791973700548,65.33189981052652,1.2758512052771256,92.2681014673004,-11.751043178196452,4.294856939682866,423.0760972159443,408.2024978637695,393.32889851159473,1750387200.0,4164475536.236538,44683042.51344872,0.002087620908898691,0
2021-04-26,417.4400024414063,418.2200012207031,416.80999755859375,417.6099853515625,395.6986083984375,52182400,397.2501995849609,409.450269653861,412.8251397995722,6.001886812030477,6.015568603271055,-0.013681791240578,418.9056235465147,66.157157064939,1.450289206753545,118.8415320154574,-5.000119209403264,4.093796514443242,423.5797206578292,409.2839965820313,394.9882725062333,1802569600.0,4171506149.8330574,41549639.25367928,-0.00021550331899955477,0
2021-04-27,417.9299926757813,418.1400146484375,416.2999877929688,417.5199890136719,395.6134033203125,51303100,397.7477990722657,410.21881435479537,413.609520031157,5.9159533589449325,5.995645554405831,-0.0796921954608986,419.3982154522187,65.98218098598645,1.1287128390854453,101.23854820886012,-6.4488561307402765,3.932812967373632,423.6652120553248,410.37099609375,397.0767801321752,1751266500.0,4188234496.700076,41813208.35476303,-0.00028739969425406464,0
2021-04-28,417.80999755859375,419.010009765625,416.8999938964844,417.3999938964844,395.4997253417969,51238900,398.249799194336,410.9027362159086,414.2789483933222,5.771636047504615,5.950843653025588,-0.1792076055209737,419.6933726351089,65.7325458460232,1.4461007444226752,104.45970373367702,-14.976891805959305,3.802613174642703,423.0175389626858,411.5044952392578,399.99145151582985,1700027600.0,4161279252.927206,29543162.84522438,0.006372792767143753,0
2021-04-29,420.3200073242188,420.7200012207031,416.4400024414063,420.05999755859375,398.0200805664063,78544300,398.8031988525391,411.77485634378337,415.09375813802086,5.804987323011631,5.921672387022797,-0.1166850640111665,420.5507832821352,68.57118628112497,1.0075269893480905,130.1202737672733,-6.2738056213902045,3.836712146403711,422.46367315425823,412.69099578857424,402.9183184228903,1778571900.0,4215599468.617382,39121561.68863058,-0.006570513216364926,0
2021-04-30,417.6300048828125,418.5400085449219,416.3399963378906,417.2999877929688,395.4048767089844,85527000,399.3347985839844,412.3010593389439,415.532709757487,5.544791818837496,5.846296273385737,-0.3015044545482412,420.46435524250353,62.76171738470014,0.0095810828759416,65.43437344455026,-33.76122190757309,3.828375651710812,421.7582390684432,413.5254959106445,405.2927527528458,1693044900.0,4204713135.533741,36019658.717172146,0.0021567803508037997,0
2021-05-03,419.4299926757813,419.8399963378906,417.6700134277344,418.2000122070313,396.2576904296875,68128300,399.8981988525391,412.8628643739998,415.9779017857143,5.349543250947249,5.746945668898039,-0.39740241795079,420.5573173681772,63.83763723822552,0.7201225436495003,94.58601481830785,-24.87648370187328,3.736349429797312,421.8942259840263,414.117497253418,406.3407685228096,1761173200.0,4169864282.728074,20387912.634575367,-0.00616933767224892,0
2021-05-04,416.0700073242188,416.6000061035156,411.6700134277344,415.6199951171875,393.8130187988281,101591200,400.4699987792969,413.12544825430336,416.120996820359,4.9297939412913365,5.583515323376699,-0.6537213820853625,419.8990631792214,58.60989465650315,0.8370287932307354,-62.12804680304183,-50.345544375489546,3.935895811904428,421.4652333629881,414.592497253418,407.7197611438478,1659582000.0,4231065770.7500615,31612861.550092697,0.00031279746965928723,0
2021-05-05,417.3800048828125,417.6300048828125,415.1499938964844,415.75,393.9362487792969,60162200,401.03499877929687,413.3754055634173,416.2312351771764,4.555121293992727,5.3778365174999045,-0.8227152235071777,419.33465538775744,58.793012229431525,-0.0769118942931745,-2.2044718865565693,-49.0621799120323,3.831904038648977,420.8690370558741,415.0504974365234,409.2319578171727,1719744200.0,4200014479.854842,23451033.40795374,0.007985585867032574,0
2021-05-06,415.8299865722656,419.2099914550781,413.6799926757813,419.0700073242188,397.08209228515625,74321400,401.5809991455078,413.9177485882556,416.6140456426712,4.474508023038425,5.197170818607608,-0.7226627955691836,419.6817347415998,63.26295325832001,1.6494090018086247,44.35519104369579,-16.28818461167625,3.953196520123823,420.8167155932932,415.5779983520508,410.3392811108084,1794065600.0,4270573196.715672,40430692.40480137,0.007277991122397465,0
2021-05-07,419.8900146484375,422.8200073242188,419.1600036621094,422.1199951171875,399.9719848632813,67733800,402.3767993164063,414.6989149243443,417.2370929536365,4.603661802521458,5.078469015390378,-0.47480721286892,420.70908842837184,66.82341518047703,1.290973990709838,170.05530746549314,-5.72372508752318,3.9386824829721214,421.7247786921952,416.1094985961914,410.4942185001877,1861799400.0,4312397466.996082,57009121.41047859,-0.009902380186043391,0
2021-05-10,422.5,422.739990234375,417.80999755859375,417.9400024414063,396.0113525390625,81852400,403.1283996582032,415.0075899259693,417.4114266531808,4.318940569546726,4.926563326221648,-0.6076227566749219,420.41781750292085,58.4610215320898,0.0790251913076225,96.30596446554594,-41.74511431689175,4.009490353887059,421.6979563964354,416.4244979858398,411.1510395752442,1779947000.0,4234861994.979445,33938181.14291859,-0.008924752271951109,0
2021-05-11,413.1000061035156,415.2699890136719,410.05999755859375,414.2099914550781,392.47705078125,116888000,403.6209997558594,414.9316281668368,417.2005212692988,3.749098948568303,4.69107045069098,-0.9419715021226764,419.1654029589898,52.18522604598319,-0.7927758300657942,-150.42331582719322,-67.47656175260705,4.285955677381737,421.6135992335392,416.4919982910157,411.3703973484921,1663059000.0,4304187155.117916,43472785.51907444,-0.021245233032779476,-1
2021-05-12,411.2300109863281,412.5899963378906,404.0,405.4100036621094,384.1387634277344,134811000,403.9983996582032,414.0248067854342,416.1450932094029,2.557923735558461,4.264441107664476,-1.7065173721060152,415.8187302981013,41.002061450887126,-2.872542024365369,-271.6662336241547,-92.50795370151164,4.709101090074336,422.92377655326,416.1899978637695,409.4562191742791,1528248000.0,4213633217.9187846,14608617.698771,0.01201251837200945,1
2021-05-13,407.0700073242188,412.3500061035156,407.0199890136719,410.2799987792969,388.7532043457031,106394000,404.5755993652344,413.6681584038973,415.5822361537389,1.9840063132260184,3.8083541487767847,-1.8243478355507663,414.3185677702143,47.683731795699984,-2.3282385459550152,-148.6433232673574,-66.63126283051248,4.868451186598045,423.1213532203333,415.910498046875,408.6996428734166,1634642000.0,4237387197.993676,9030577.459860802,0.015355337359152399,1
2021-05-14,413.2099914550781,417.489990234375,413.1799926757813,416.5799865722656,394.7226867675781,82201600,405.3731988525391,413.9454753723133,415.6459969656808,2.014309281342207,3.4495451752898694,-1.4352358939476622,414.7157277843632,54.81317906762518,-0.1725380402024812,-8.070430343350854,-33.15631415256208,5.035704062918051,423.0679650696072,415.8764968872071,408.6850287048069,1716843600.0,4284877058.131041,21038100.364026543,-0.002544523483510863,0
2021-05-17,415.3900146484375,416.3900146484375,413.3599853515625,415.5199890136719,393.7183227539063,65129200,406.01099853515626,414.0954290524427,415.6120438348679,1.930537621701092,3.145743664572114,-1.2152060428710223,414.761201363729,53.49230843544379,-0.6408472298256839,-19.901840211687983,-38.788605045614375,4.906011002759842,423.07898690762175,415.8919967651367,408.7050066226517,1651714400.0,4312604591.005104,32860111.06983948,-0.008615678347420719,0
2021-05-18,415.7999877929688,416.05999755859375,411.7699890136719,411.9400024414063,390.32611083984375,59810200,406.6153985595704,413.890150327582,415.2356634230841,1.5573211518676544,2.8280591620312223,-1.270738010163568,413.8650863722737,49.18168657431895,-0.8854224337170277,-54.125222240304026,-57.810842978851575,4.862010827199987,423.09196750064274,415.8804962158203,408.66902493099786,1591904200.0,4257534958.306546,17186949.49359989,-0.0026217825009539064,0
2021-05-19,406.9200134277344,411.0499877929688,405.3299865722656,410.8599853515625,389.30279541015625,106467100,407.08919799804687,413.6015631870088,414.75751953125,1.161012626718616,2.494649854968701,-1.333637228250085,412.84995359926114,47.92692259164797,-1.176191136124474,-123.31426879556406,-63.54950753534179,4.986868330195751,423.1544358912496,415.6199951171875,408.0855543431254,1485437100.0,4356928979.770748,40838122.08796692,0.010757955472233016,1
2021-05-20,411.7999877929688,416.6300048828125,411.6700134277344,415.2799987792969,393.4908752441406,78022200,407.6031982421875,413.7614141957981,414.72513892764135,1.189877245105265,2.233695332996014,-1.0438180878907488,413.1698276176066,53.19038297601807,-0.9043855390943653,-3.639859586122467,-40.063791767067805,5.042807701699625,423.149913435704,415.7704956054688,408.3910777752335,1563459300.0,4392479152.484541,58112463.82296276,-0.0008187158998506083,0
2021-05-21,416.8699951171875,418.2000122070313,414.4500122070313,414.9400024414063,393.1687927246094,76578700,408.03139831542967,413.87366069537984,414.6460443405878,1.1718099049769537,2.021318247392202,-0.8495083424152483,413.3501683668451,52.7487054980384,-1.7009364064329406,32.29277129532885,-41.87036034078477,4.950464294435366,423.0543261409448,415.6804962158203,408.30666629069583,1486880600.0,4335912620.570478,41897846.75799084,0.010194271368004326,1
2021-05-24,417.3399963378906,420.3200073242188,417.0799865722656,419.1700134277344,397.1768493652344,51376700,408.5335986328125,414.3780752413184,414.97837931315104,1.481737396321705,1.9134020771781024,-0.4316646808563975,414.6005898870592,57.47938585937227,0.2943032442797842,87.95417595677591,-19.39422144531996,4.981145765033733,423.2444705889988,415.7584976196289,408.272524650259,1538257300.0,4350818633.531889,36198521.46840668,-0.00221872548981783,0
2021-05-25,420.3299865722656,420.7099914550781,417.6199951171875,418.239990234375,396.2956237792969,57451400,408.9701983642578,414.74587666922855,415.2147119431269,1.6334822997988,1.857418121702242,-0.2239358219034422,415.38508120652176,56.14836765211106,0.9729361585750004,79.56091469072065,-24.335894300901483,4.84606366309494,423.3208246742053,415.7944976806641,408.2681706871228,1480805900.0,4316422010.030363,19631824.420508385,0.0019845474111135353,0
2021-05-26,418.8699951171875,419.6099853515625,417.760009765625,419.0700073242188,397.08209228515625,43088600,409.4333984375,415.15769863637047,415.52666524251305,1.7999677635384614,1.845928050069486,-0.0459602865310246,416.23976098948674,57.10308728344626,3.3694293526842563,74.35461066517321,-19.925603297583507,4.632057371869409,423.5100346223014,415.8779983520508,408.24596208180014,1523894500.0,4334356875.672069,16776376.112319946,0.0005249748654354569,0
2021-05-27,420.1700134277344,420.7200012207031,418.989990234375,419.2900085449219,397.29052734375,56707700,409.8739984130859,415.5512519609944,415.85161859421504,1.927442594461354,1.86223095894786,0.0652116355134941,416.9900229048984,57.36802772314499,2.19606361324764,96.90993260194315,-18.409730455060647,4.4247683443307455,423.3941390673946,415.8394989013672,408.2848587353397,1580602200.0,4297317661.575859,2297908.5817832947,0.001788738068438045,0
2021-05-28,420.9700012207031,421.25,419.7900085449219,420.0400085449219,398.0011596679688,58520200,410.4451983642578,415.9787525880351,416.2516671316964,2.065179939549523,1.9028207550681928,0.1623591844813305,417.788887916681,58.31326524027526,0.8305780604407474,108.186364036525,-7.014443217844201,4.2487128522412725,423.72890354001424,415.9764999389648,408.2240963379154,1639122400.0,4258838743.2547536,-16077293.8357687,-0.0008808568461590172,0
2021-06-01,422.5700073242188,422.7200012207031,419.2000122070313,419.6700134277344,397.650634765625,54216600,411.04899841308594,416.330301239435,416.6034303211031,2.120043719776902,1.9462653480099343,0.1737783717669674,418.3339592980533,57.63436424470854,0.9987544579777008,95.79796429500072,-16.292668771814277,4.196661149486311,423.9124270791385,416.05,408.1875729208615,1584905800.0,4219100522.637984,-34776829.21775961,0.0015726001939970757,0
2021-06-02,420.3699951171875,421.2300109863281,419.2900085449219,420.3299865722656,398.2759399414063,49097100,411.60379821777343,416.7112236520856,417.0110480898903,2.1915155509173587,1.9953153885914197,0.1962001623259393,418.9360381292736,58.56111323038844,2.036700510058548,80.68310839133538,-13.74360342273917,4.035471241766307,424.3615503125404,416.2854995727539,408.2094488329674,1634002900.0,4222642433.926327,-38138137.44430494,-0.0037113639483952188,0
2021-06-03,417.8500061035156,419.989990234375,416.2799987792969,418.7699890136719,396.79779052734375,58138800,412.1891979980469,416.9072965436652,417.24766613188245,2.0980932139353285,2.015870953660201,0.082222260275127,419.0072303516054,55.47219723086618,1.925230965322891,30.859621062275348,-22.714254627647257,4.036508138280767,424.57950693287125,416.4364990234375,408.2934911140037,1575864100.0,4242544268.785543,-29713712.677749638,0.00914587289042501,0
2021-06-04,420.75,422.9200134277344,418.8399963378906,422.6000061035156,400.4268493652344,55938800,412.8907983398437,417.449459358889,417.8346668061756,2.306517609917762,2.0740002849117136,0.2325173250060483,420.0414508879617,60.92210786106598,1.7626679218203845,93.78514717483712,-1.819254324329012,4.044616443693748,425.1215040961176,416.6129989624024,408.1044938286871,1631802900.0,4289708190.9780126,-8559407.968577862,-0.0009701932233500132,0
2021-06-07,422.5899963378906,422.7799987792969,421.1900024414063,422.1900024414063,400.0383605957031,51555000,413.54059814453126,417.9009396524621,418.3658099946522,2.4108211310472143,2.141364454138814,0.2694566769084003,420.7626553124565,60.07445186295978,1.74724055462061,98.31362290590118,-4.150141397317464,3.869286436136378,425.1341165324682,416.61649932861326,408.0988821247583,1580247900.0,4303002396.943354,5102728.398562908,0.00021316548797978285,0
2021-06-08,423.1099853515625,423.2099914550781,420.3200073242188,422.2799987792969,400.1236267089844,47134300,414.0665979003906,418.3179929026369,418.9051908947173,2.472245863945602,2.207540736100172,0.2647051278454304,421.3541195530979,60.20533730117472,0.7419388916041025,93.07694834634482,-5.201299898274769,3.799336271473731,425.6893537206993,416.8334991455078,407.97764457031633,1627382200.0,4319801199.035245,15572973.17812538,-0.0014919126755557066,0
2021-06-09,423.1799926757813,423.260009765625,421.4100036621094,421.6499938964844,399.5266723632813,48436300,414.5839978027344,418.6353263306224,419.36390468052457,2.4419401128702134,2.2544206114541803,0.1875195014160331,421.6507700323293,58.753304251515615,0.8153222412324712,99.4174192455825,-13.891426901293114,3.6600984023338654,426.21303998136585,417.20549926757815,408.1979585537904,1578945900.0,4283931602.428458,7027476.833230495,0.004648384877148359,0
2021-06-10,422.9599914550781,424.6300048828125,421.5499877929688,423.6099853515625,401.3838195800781,51020100,415.1615972900391,419.10910338023575,419.9738557361421,2.5467205081550333,2.312880590794351,0.2338399173606822,422.37721715766514,61.837048870426855,1.0833459679760098,135.88396069405735,-10.019845433451902,3.6186640228702815,425.74440007247136,418.1154983520508,410.4865966316302,1629966000.0,4301158709.098693,8374082.556917667,0.0016524922245406692,0
2021-06-11,424.2000122070313,424.4299926757813,422.8200073242188,424.30999755859375,402.0471496582031,45570800,415.7211975097656,419.6044266353175,420.5638080415272,2.6556323841310814,2.381430949461697,0.2742014346693842,423.1276880006546,62.90378011905474,1.197259393586061,142.12257208993492,-3.832420243190205,3.4751869749197266,426.00219739580086,418.8169982910157,411.6317991862304,1675536800.0,4339936560.975253,20502093.89943123,0.002238957866883773,0
2021-06-14,424.4299926757813,425.3699951171875,423.1000061035156,425.260009765625,402.947265625,42358500,416.21419799804687,420.1430536001087,421.17742818196615,2.786483034141781,2.462441366397714,0.3240416677440674,423.9605288811956,64.35978115503997,1.2427390521169517,142.86294188043692,-1.2099603506333545,3.389101406259166,426.87827243881344,419.2509994506836,411.62372646255375,1717895300.0,4378190358.718017,35771389.28502655,-0.0018341691233246804,0
2021-06-15,425.4200134277344,425.4599914550781,423.5400085449219,424.4800109863281,402.208251953125,51508500,416.5765985107422,420.556097160701,421.67542928059896,2.795024432421087,2.5289579796023887,0.2660664528186984,424.4097759790494,62.20114317441446,1.1461380143191988,120.22209953991234,-10.675177022040494,3.2841643708232438,427.4486391118372,419.6990005493164,411.9493619867956,1666386800.0,4377117844.889616,38424720.33509445,-0.005583362168830042,0
2021-06-16,424.6300048828125,424.8699951171875,419.9200134277344,422.1099853515625,399.9625244140625,80386100,416.8963983154297,420.7040865122116,421.9050468808129,2.5808024068475675,2.539326865051424,0.0414755417961432,424.1312556209871,56.04963190426817,0.4234765151571804,22.86669707424488,-36.49247033010871,3.4031513221539496,427.1461430450332,420.2074996948242,413.2688563446152,1586000700.0,4367860614.897816,33071535.282268524,-0.00033162951770204785,0
2021-06-17,421.6700134277344,423.0199890136719,419.3200073242188,421.9700012207031,399.8298645019531,90949700,417.2039984130859,420.82464981778224,422.07290416899184,2.372386958630557,2.505938883767251,-0.1335519251366941,423.8370822346123,55.69924873219419,0.7641455431341277,-25.040408758926134,-38.01735314650444,3.424353491246744,426.2453835888605,420.7630004882813,415.280617387702,1495051000.0,4407190559.564224,40389166.03794575,-0.01670731988666041,-1
2021-06-18,417.0899963378906,417.8299865722656,414.7000122070313,414.9200134277344,394.4360046386719,118676300,417.3319989013672,420.2623034949205,421.5164292108445,1.6196705646211171,2.3286852199380244,-0.7090146553169072,421.7414035138899,41.59606978133536,-1.8173195846807535,-229.7414178197857,-97.95537504644348,3.6990417428485354,426.3011389598869,420.7450012207031,415.18886348151926,1376374700.0,4305197419.118837,7258637.020104408,0.0143159445955785,1
2021-06-21,416.7999877929688,421.05999755859375,415.9299926757813,420.8599853515625,400.0827331542969,72822000,417.5193988037109,420.3192255765055,421.5273800804501,1.485321628028828,2.160012501556185,-0.6746908735273571,421.54849664174975,52.50733127502485,-0.3150280873902014,-83.51758186354371,-42.75106854272634,3.8733947705635945,425.9178073856405,421.0410003662109,416.16419334678136,1449196700.0,4372340949.303252,14409213.206019402,0.0053461960706966405,0
2021-06-22,420.8500061035156,424.0,420.0799865722656,423.1099853515625,402.2216491699219,57700300,417.7487982177734,420.585012221749,421.7244262695313,1.542622926960462,2.036534586637041,-0.4939116596765789,421.9634777788866,55.870471583893696,0.1965488715224266,28.45688403482904,-21.840247544549907,3.8767246746472215,426.1148867267744,421.2379989624024,416.36111119803024,1506897000.0,4403840261.390351,26047028.836515427,-0.001205311303686507,0
2021-06-23,423.1900024414063,424.0499877929688,422.510009765625,422.6000061035156,401.7369079589844,49445400,417.9435986328125,420.7769164009649,421.8541412353516,1.5292552533223898,1.9350787199741109,-0.4058234666517211,422.160585059425,54.92115139939936,0.225308246361431,48.68031606021599,-26.57984077508005,3.709814199839834,426.1642200466181,421.45599975585935,416.7477794651006,1457451600.0,4360174041.153343,14546244.352077484,0.005915759498090534,0
2021-06-24,424.8900146484375,425.5499877929688,424.6199951171875,425.1000061035156,404.1134338378906,45110300,418.2165985107422,421.18863922977926,422.20118945893785,1.700784793881553,1.8882199347555997,-0.1874351408740464,422.9593785854016,58.631951812696045,0.3517435385090194,120.71062862023278,-4.147306009023621,3.655540449097931,426.5866708378993,421.7574996948242,416.92832855174913,1502561900.0,4361630644.65797,8982456.873364449,0.0035520565193292164,0
2021-06-25,425.8999938964844,427.0899963378906,425.5499877929688,426.6099853515625,405.5488586425781,58129500,418.4313983154297,421.7049579080443,422.6633309500558,1.936246057196456,1.8978251592437707,0.0384208979526854,423.9922230626023,60.734387920453685,0.5420536414891192,140.8451330502723,-3.87418564268035,3.536572576617722,427.249578345246,422.1234985351563,416.99741872506655,1560691400.0,4383522944.90766,12855506.904849052,0.0020159300032134286,0
2021-06-28,427.1700134277344,427.6499938964844,425.8900146484375,427.4700012207031,406.3664245605469,53159600,418.6355981445312,422.2540096521071,423.17252168201264,2.1672640273354205,1.9517129328621008,0.2155510944733196,425.04425438167146,61.92141001856053,0.519680055572619,133.04536812419855,-1.3899067975350343,3.409673053148376,428.0243270968728,422.4949981689453,416.9656692410178,1613851000.0,4425809304.603174,26726004.829497337,0.0005380751530430494,0
2021-06-29,427.8800048828125,428.55999755859375,427.1300048828125,427.7000122070313,406.5850830078125,35970500,418.8853985595704,422.77267656209983,423.6682373046875,2.341911301683126,2.029752606626306,0.3121586950568202,425.9442957588757,62.25010192804824,0.7585754658319808,131.25710773161595,-6.2048070740961965,3.268267311907867,428.7060588536961,422.8964981079101,417.08693736212416,1649821500.0,4418515103.164789,27649780.35650444,0.0008416772066590639,0
2021-06-30,427.2099914550781,428.7799987792969,427.1799926757813,428.05999755859375,406.9273376464844,64827900,419.2031982421876,423.2762309427183,424.1599991571336,2.48077154408378,2.119956394117801,0.3608151499659788,426.7499216273208,62.79144415134869,1.4095881200430895,113.460245268052,-5.113649910159479,3.1491057970227025,429.379589047224,423.2829986572266,417.1864082672291,1714649400.0,4424998016.8137245,27576817.38253212,0.005536595642444242,0
2021-07-01,428.8699951171875,430.6000061035156,428.7999877929688,430.4299926757813,409.1803283691406,53441000,419.4903979492189,423.9575415839624,424.84066525413874,2.750353720052772,2.2460358593047958,0.5043178607479764,427.9967263023653,66.22539233398682,2.0048798328327964,133.2912212241045,-1.0692672515547952,3.105598850444072,430.34298201315937,423.86599884033205,417.3890156675048,1768090400.0,4468343911.071397,38831860.94039059,0.007643539253548326,0
2021-07-02,431.6700134277344,434.1000061035156,430.5199890136719,433.7200012207031,412.3078918457031,57697700,419.9193981933594,424.8872996446044,425.77914167131695,3.192672588340713,2.435363205111979,0.7573093832287339,429.8396282415514,70.32030475977388,4.5309908378866615,156.25247119605166,-1.9587886719972916,3.1459141773933754,432.1559816041608,424.4219985961914,416.6880155882221,1825788100.0,4513792838.410925,54367050.10023785,-0.001821471324122359,0
2021-07-06,433.7799987792969,434.010009765625,430.010009765625,432.9299926757813,411.556884765625,68710400,420.2431982421876,425.6532704094784,426.5894268217541,3.439814352352073,2.6362534345599977,0.8035609177920753,431.1060255082108,68.18260197795036,2.867938921334184,119.99683691712929,-6.030998947614874,3.206920307579563,433.45263399308215,424.9589981079101,416.4653622227381,1757077700.0,4545399035.285927,65836412.84401798,0.003534055863952723,0
2021-07-07,433.6600036621094,434.760009765625,431.510009765625,434.4599914550781,413.0113830566406,63549500,420.5801983642579,426.49200574715456,427.4942833310082,3.7162949606541815,2.852261739778835,0.8640332208753465,432.4963502135614,70.07964548881236,2.682519084035536,119.56613735474195,-1.4956049205417157,3.209997428466737,434.9101974703552,425.5679977416992,416.2257980130432,1820627200.0,4597215603.823712,81030386.42449474,-0.008147995435639044,0
2021-07-08,428.7799987792969,431.7300109863281,427.5199890136719,430.9200134277344,409.6461181640625,97595200,420.8481988525392,426.9137207643526,428.00399911063056,3.608168472548357,3.0034430863327395,0.6047253862156174,432.6687293648484,61.01513468541525,1.968766494097203,56.196823102843744,-19.142556357119656,3.476426357962417,435.46950839739895,426.0314987182617,416.5934890391245,1723032000.0,4657256665.5109415,98983678.29658128,0.010674778247933281,1
2021-07-09,432.5299987792969,435.8399963378906,430.7099914550781,435.5199890136719,414.01898193359375,76238600,421.2105987548829,427.73336535952586,428.9076648530506,3.849284877924276,3.1726114446510474,0.6766734332732289,433.9541820505405,66.99011093402112,2.45118390038764,113.54214758958568,-1.6072690374625886,3.594539109737423,436.8490871934613,426.6269989013672,416.4049106092731,1799270600.0,4723983808.525814,118561054.26747894,0.003581919539736189,0
2021-07-12,435.4299926757813,437.3500061035156,434.9700012207031,437.0799865722656,415.50201416015625,52889600,421.55099853515634,428.6235197607392,429.9031874883743,4.118771497888076,3.361843455298453,0.7569280425896228,435.3613600370605,68.7398919303845,2.4542325731253016,137.12095768333398,-1.5635160733976083,3.507786664957071,438.384835295519,427.2654983520508,416.14616140858254,1852160200.0,4764872403.735333,128801710.70701408,-0.0034089646750015135,0
2021-07-13,436.239990234375,437.8399963378906,435.30999755859375,435.5899963378906,414.0856018066406,52911300,421.9167987060548,429.2869937204679,430.695996820359,4.164110551836814,3.522296874606126,0.6418136772306875,436.07300380383737,65.18573667321127,1.899547358644973,116.53817307334516,-14.677116574065408,3.4379446731242,439.4279250497375,427.78199768066406,416.1360703115906,1799248900.0,4723672650.422425,108172811.31389712,0.0014922149313552069,0
2021-07-14,437.3999938964844,437.9200134277344,434.9100036621094,436.239990234375,414.7034301757813,64130400,422.2775982666016,429.9491838646495,431.5015199207125,4.20402971631006,3.658643442946913,0.5453862733631474,436.7680319767375,66.01134129702496,1.9967214831899172,102.43519642169602,-12.631735943003342,3.407377894017114,440.4684080077207,428.3699966430664,416.27158527841215,1863379300.0,4716214871.12159,87526894.39245605,-0.0034155287633637066,0
2021-07-15,434.80999755859375,435.5299987792969,432.7200012207031,434.75,413.28704833984375,55126400,422.6601983642579,430.4064044489687,432.1091392880394,4.0685366245789965,3.74062207927333,0.3279145453056662,436.8941085608354,62.36057649422017,1.5628655981783277,54.467743473554286,-25.626571207946025,3.415421545421025,441.0467970059599,429.00199737548826,416.95719774501663,1808252900.0,4740737312.356195,78926442.00901794,-0.007843596692603483,0
2021-07-16,436.010009765625,436.05999755859375,430.9200134277344,431.3399963378906,410.0454406738281,75874700,422.9719982910157,430.49531796219935,432.3318058558873,3.6439928944838016,3.721296242315424,-0.0773033478316227,436.0577776469676,54.8799933502806,0.2114173448862734,12.871634676897587,-54.69673946407778,3.5386045872380505,441.1067630228912,429.47049713134766,417.83423123980407,1732378200.0,4677261902.510386,48036222.718580246,-0.014767921294730924,-1
2021-07-19,426.1900024414063,431.4100036621094,421.9700012207031,424.9700012207031,403.9898681640625,147987000,423.0899981689454,429.9690973201521,431.9031871977306,2.7616984197391616,3.529376677800172,-0.7676782580610104,433.67127056176827,44.210976960999616,-2.0174305947092965,-148.7956207882456,-81.19123696546447,3.960133005392922,439.7760694493605,429.9729965209961,420.1699235926317,1584391200.0,4623334412.082688,13873638.53471756,0.014330414665499891,1
2021-07-20,425.6799926757813,432.4200134277344,424.8299865722656,431.05999755859375,409.7791748046875,99608200,423.2687982177735,430.0729925809561,432.0067111060733,2.524781391896454,3.3284576206194285,-0.8036762287229746,433.25933725754896,53.51526786364794,-0.4319393779187724,-74.57001130671722,-43.00947096527312,4.219411137541195,439.3535526993431,430.4829971313477,421.6124415633522,1683999400.0,4687246102.629912,18972333.94864273,0.008096298088761111,0
2021-07-21,432.3399963378906,434.7000122070313,431.010009765625,434.5499877929688,413.0968933105469,64724400,423.6009979248048,430.4993730773383,432.3940435500372,2.588793979754485,3.18052489244644,-0.5917309126919554,433.79927174093854,57.85327462981985,0.0207145283019661,21.374901571463607,-21.128671194871927,4.181596230674417,439.41046501971744,431.054997253418,422.6995294871185,1748723800.0,4746707503.301465,38252942.83632088,0.002094128840576248,0
2021-07-22,434.739990234375,435.7200012207031,433.6900024414063,435.4599914550781,413.9619445800781,47878500,424.0259979248048,430.9718129228373,432.8135668073382,2.6820372512103177,3.080827364199216,-0.3987901129888982,434.4508520826882,58.92952479692222,1.0535546936496851,59.40422201392838,-15.423323447814033,4.02791069843316,439.2969088823533,431.69799652099607,424.0990841596388,1796602300.0,4782321091.922762,53994520.77566433,0.010287996771777719,1
2021-07-23,437.5199890136719,440.2999877929688,436.7900085449219,439.9400024414063,418.2207946777344,63766600,424.7165979003907,431.82592621032006,433.5985197521391,3.08190636306989,3.081043163973351,0.0008631990965395,436.118521135576,63.82682419903049,1.014881874364595,151.80565693540075,-1.9639149769328124,4.085916815537268,440.2130685086015,432.43999633789065,424.66692416717984,1860368900.0,4833007818.626237,71653259.2678051,0.002454849675574522,0
2021-07-26,439.30999755859375,441.0299987792969,439.260009765625,441.0199890136719,419.2474670410156,43719200,425.3313977050782,432.7015512392107,434.41566191173735,3.4462254637323326,3.154079623925148,0.2921458398071848,437.7318524683319,64.91299272774002,0.9014373941724328,154.3326976054261,-0.0525171401214885,3.920493401118312,441.3011118637576,433.1604965209961,425.0198811782346,1904088100.0,4876232530.873,86116673.52330494,-0.00455756949371422,0
2021-07-27,439.9100036621094,439.9400024414063,435.989990234375,439.010009765625,417.3367614746094,67397100,425.7799981689454,433.3023568131549,434.9727584112258,3.5320472069857374,3.229673140537266,0.3023740664484715,438.4927526819982,61.22814473260696,0.7851450805774344,87.18773829134969,-10.598054944456726,3.9997437852739233,441.818642527547,433.7374969482422,425.6563513689374,1836691000.0,4911893622.939999,95551447.41975307,-0.0004100662612578354,0
2021-07-28,439.6799926757813,440.2999877929688,437.30999755859375,438.8299865722656,417.1656188964844,52472400,426.2461981201173,433.828797742594,435.4577574230376,3.544674389756949,3.2926733903812027,0.2520009993757464,439.0267810569028,60.89472661044266,0.5937090582867287,86.54329457411855,-11.542562900483222,3.92761853163829,442.1656280444985,434.2939956665039,426.42236328850936,1784218600.0,4912770876.46331,91003758.55119514,0.00414740874577646,0
2021-07-29,439.8200073242188,441.7999877929688,439.80999755859375,440.6499938964844,418.8958129882813,47435300,426.8203979492188,434.478435471536,436.0630905877976,3.659358101384214,3.366010332581805,0.2933477688024091,439.8931567847034,63.08343899866689,1.3571003787198102,110.03225300189489,-5.799267146720211,3.859217295142925,442.7135347923124,434.9234954833984,427.1334561744845,1831653900.0,4905381479.803391,78519099.75397491,-0.004856426098946209,0
2021-07-30,437.9100036621094,440.05999755859375,437.7699890136719,438.510009765625,416.8614501953125,68951200,427.3733984375001,434.8623949281159,436.4046633765811,3.5367969407799364,3.4001676542214314,0.136629286558505,440.003543177882,58.90847037425023,1.6622649159846836,62.19023601988165,-16.590924130756534,3.7892735514050377,442.9803486895051,435.3274963378906,427.6746439862762,1762702700.0,4880993710.78728,58513894.67235184,-0.0020980443028566498,0
2021-08-02,440.3399963378906,440.9299926757813,437.2099914550781,437.5899963378906,415.9868469238281,58783300,427.8195983886719,435.1221664909516,436.62013956705727,3.327076476660636,3.3855494187092727,-0.0584729420486365,439.8118027026619,57.157106501590405,2.969620227530709,52.469084370644055,-21.230430185799,3.784325527783477,443.1971509666784,435.52099609375,427.8448412208216,1703919400.0,4834220052.560253,30127974.551056866,0.008135463763766726,0
2021-08-03,438.4400024414063,441.2799987792969,436.1000061035156,441.1499938964844,419.37109375,58053900,428.3437982177735,435.6962452914785,437.1562345958892,3.408838579513088,3.390207250870036,0.0186313286430519,440.5377872388988,61.87984129614031,2.340740591805691,62.65090165628676,-3.277833265875818,3.884016038354746,443.8844884020463,435.9319961547852,427.979503907524,1761973300.0,4889359936.67695,33321154.48847008,-0.004918923133127029,0
2021-08-04,439.7799987792969,441.1199951171875,438.7300109863281,438.9800109863281,417.3082275390625,46732200,428.73999816894536,436.0089848814642,437.4465217227028,3.260945993991584,3.3643549994943456,-0.1034090055027618,440.5300483645088,57.7042869569195,1.0194507692564705,57.28939120991102,-14.220770126918367,3.779442243483425,444.1868542413346,436.15799713134766,428.1291400213608,1715241100.0,4852404412.47086,19839683.625613213,0.006332859605726826,0
2021-08-05,440.2200012207031,441.8500061035156,439.8800048828125,441.760009765625,419.9509887695313,38969700,429.2103985595704,436.55670153709855,437.98004673549104,3.329680241358972,3.357420047867271,-0.0277398065082992,441.20631308077975,61.3065496609468,1.4467502030428856,78.6396857402623,-0.4526977655243569,3.714481734462287,444.704789621484,436.6999969482422,428.6952042750004,1754210800.0,4887813576.312974,23787480.983698845,0.0016524367362660275,0
2021-08-06,442.1000061035156,442.9400024414063,441.7999877929688,442.489990234375,420.6449890136719,46930000,429.67879821777353,437.1217766511249,438.5314746675037,3.403818845876401,3.366699807469097,0.0371190384073041,441.9115538750942,62.21653036987416,0.5796217163289931,115.68685351213854,-2.484880246836907,3.53344680169936,445.4161261404578,437.04849700927736,428.6808678780969,1801140800.0,4897693047.3484125,26383458.779310223,-0.0008135446213638486,0
2021-08-09,442.4599914550781,442.7999877929688,441.30999755859375,442.1300048828125,420.30267333984375,41222600,430.13559814453134,437.5987507684285,439.0154277983166,3.394397908597228,3.372239427694724,0.0221584809025037,442.3566839980936,61.44904843527163,0.2516928703442995,114.24079884977964,-6.789589739129987,3.3874856183190523,445.956997957317,437.3009979248047,428.6449978922923,1759918200.0,4901843676.170303,26367608.06817913,0.001243950392180615,0
2021-08-10,442.6099853515625,443.4400024414063,441.8800048828125,442.6799926757813,420.8255615234375,43339300,430.5883978271485,438.0826785691288,439.5277130126953,3.392207905226769,3.376233123201133,0.0159747820256361,442.8244721184686,62.21592258873513,0.8359679343337996,124.684061556412,-7.794971955128204,3.256950756910106,446.5787744774203,437.6554977416992,428.7322210059781,1803257500.0,4902954331.575447,24317458.76360893,0.002484878742467167,0
2021-08-11,443.8200073242188,443.8800048828125,442.6199951171875,443.7799987792969,421.8712463378906,44034300,431.0705975341797,438.6252804939067,440.1109988257999,3.439584225314036,3.388903343623714,0.0506808816903219,443.45366812925727,63.7683244159671,1.1280022693289882,139.16138811514796,-1.2675021273303888,3.1143121146754558,447.3146057262263,438.0324981689453,428.75039061166433,1847291800.0,4939998687.712824,33054923.84057713,0.0029969502364324274,0
2021-08-12,443.6199951171875,445.260009765625,442.6600036621094,445.1099853515625,423.135498046875,38909400,431.5661975097657,439.2428714327311,440.7850452241444,3.5436006787219867,3.419842810643369,0.1237578680786177,444.2743371595224,65.60819444271254,1.0121392299680474,145.64610684648534,-1.6183829338951794,3.0775759710211816,448.1914223847989,438.5504974365234,428.909572488248,1886201200.0,4974417821.379502,44575890.82595444,0.0018198380239258238,0
2021-08-13,445.5899963378906,445.9400024414063,445.0700073242188,445.9200134277344,423.9056396484375,39470300,432.10919799804697,439.8787897179695,441.486903889974,3.649329761642548,3.465740200843205,0.1835895607993429,445.1156580911394,66.71676108708144,1.6898140286626242,153.2125611583451,-0.200894363303461,2.919891624318776,448.83383515158,439.2794982910156,429.7251614304512,1925671500.0,5012074381.622236,57218292.776664734,0.002354655008411921,0
2021-08-16,444.5299987792969,447.1099853515625,442.8699951171875,446.9700012207031,424.9036865234375,73740000,432.5965979003907,440.5541431944203,442.2193327404204,3.7743378441488735,3.527459729504339,0.2468781146445353,446.0344095766843,68.14989432717705,2.143560173064288,127.9256966233729,-1.2714295613609594,3.014184382179934,447.9506130455536,440.3794982910157,432.8083835364777,1999411500.0,5080945299.742809,79101995.45153236,-0.00655523338877162,0
2021-08-17,444.239990234375,444.9599914550781,440.8500061035156,444.0400085449219,422.118408203125,92673900,433.0335980224609,440.8861303706585,442.567952764602,3.5955346429830115,3.5410747122000736,0.0544599307829378,445.98238464339295,60.341781461503686,0.655109302600521,44.412162329406414,-27.883583951216128,3.2360280061090463,447.4274221917868,441.028498840332,434.6295754888772,1906737600.0,5132130777.315651,97149617.09610651,-0.010944995440988259,-1
2021-08-18,442.9599914550781,444.6300048828125,438.9200134277344,439.1799926757813,417.4983215332031,89351900,433.3715979003906,440.7236410663845,442.3919045584543,3.026778337488736,3.4382154372578064,-0.4114370997690706,444.63576835244464,50.09022683875719,0.0455559898966356,-37.8867718435898,-72.02550065830452,3.412739681035409,447.0063913905686,441.2599990844727,435.5136067783768,1817385700.0,5050915365.76973,69859684.35917568,0.0015483234371360677,0
2021-08-19,436.2699890136719,441.1400146484375,436.1199951171875,439.8599853515625,418.1447448730469,92812200,433.73579772949216,440.64138814116336,442.2585699172247,2.60092277498444,3.2707569048031333,-0.6698341298186934,443.6729864095004,51.335976692474624,-0.4301033076920101,-104.45432989170268,-65.8493520892523,3.5275453846221656,446.6269799394456,441.47999877929686,436.3330176191481,1910197900.0,5096396142.308977,66815896.74208546,0.00795707751684338,0
2021-08-20,440.2300109863281,443.7099914550781,439.7099914550781,443.3599853515625,421.4719543457031,72008700,434.1307977294922,440.90030216120135,442.4376162574405,2.516837388122269,3.1199730014669607,-0.6031356133446915,443.7644716285569,57.25056021999876,0.1966135136134237,-1.0410257825710167,-34.0600097013374,3.561292142863439,446.8091957098944,441.6509979248047,436.49280013971503,1982206600.0,5155803100.055864,78398752.29618645,0.008796518727259395,0
2021-08-23,445.1600036621094,448.2300109863281,443.4400024414063,447.260009765625,425.1793823242188,54973000,434.5897979736328,441.5059885997179,442.9718078613281,2.733389674886212,3.042656336150811,-0.3092666612645995,444.8270453590948,62.691871668335445,1.1602933133145348,137.2828010982211,-8.009908749788952,3.654773106570738,447.6577504159041,441.9629989624024,436.26824750890063,2037179600.0,5188511472.923939,86417243.45396233,0.0015874244054374653,0
2021-08-24,447.9700012207031,448.5400085449219,447.4200134277344,447.9700012207031,425.8544006347656,38744700,435.0439978027344,442.1216088493356,443.5439033144996,2.9285409025293347,3.019833249426516,-0.0912923468971813,445.8558580497162,63.60019953753494,1.1949960767249357,163.6835767963529,-4.589425990038798,3.4851463689083197,448.5019890814792,442.4109985351562,436.32000798883325,2075924300.0,5187818924.607862,81621065.96757698,0.0020983602447592897,0
2021-08-25,448.1700134277344,449.4599914550781,447.7699890136719,448.9100036621094,426.7480163574219,40529700,435.53259765625,442.7681226410284,444.16285618373325,3.1230494277462526,3.040476485090464,0.0825729426557888,446.91302521071367,64.8213763904557,1.1559792908476216,147.6445927036815,-4.122848155561909,3.356921802658172,449.3931768017325,442.9149993896484,436.4368219775643,2116454000.0,5201968970.109686,76741183.65849304,-0.005903174076911433,0
2021-08-26,448.6099853515625,448.8599853515625,446.1600036621094,446.260009765625,424.2288208007813,57829600,436.0155981445312,443.10068331956137,444.4814286004929,3.028456315558458,3.038072451184063,-0.0096161356256052,447.0588045153763,58.829344129755015,0.2583685947090521,82.98153062204155,-23.987875321704323,3.313570245325445,449.7425475105792,443.1955001831055,436.6484528556318,2058624400.0,5148423334.69097,50731149.29350472,0.008940954033659798,0
2021-08-27,447.1199951171875,450.6499938964844,447.05999755859375,450.25,428.0218811035156,77235100,436.5811981201172,443.7815706224603,445.1532857259115,3.238122399457666,3.078082440838784,0.1600399586188818,448.1798391641981,64.1959498980132,0.9710231525563364,122.38716208883542,-2.7528832077694854,3.390456951435012,450.641653027707,443.7824996948242,436.9233463619414,2135859500.0,5208447515.410472,54577360.98280525,0.004397581313332788,0
2021-08-30,450.9700012207031,453.0700073242188,450.7099914550781,452.2300109863281,429.9041748046875,48357400,437.32739807128905,444.58618399044775,445.9578106108166,3.523438613393978,3.167153675349823,0.3562849380441548,449.57675558136594,66.52767946584879,1.1768149431191317,159.04876546942822,-4.955727038014935,3.349710549490997,451.6913628331877,444.5145004272461,437.3376380213045,2184216900.0,5222381385.093531,55622736.93823719,-0.0014815766566952382,0
2021-08-31,452.1300048828125,452.489990234375,450.9200134277344,451.55999755859375,429.2671508789063,59300200,437.9413983154297,445.2503567112236,446.6288103376116,3.653375446449104,3.264398029569679,0.3889774168794249,450.5078206615366,64.98540231151864,1.69353861565632,125.55029884967075,-8.908605770789158,3.2225867107159707,452.6565160343222,445.0350006103516,437.41348518638097,2124916700.0,5211427360.395309,47508406.79436779,0.0005314692082394323,0
2021-09-01,452.55999755859375,453.1099853515625,451.5499877929688,451.7999877929688,429.4952392578125,48721400,438.5151983642578,445.8741310999612,447.2730948311942,3.732688420428758,3.358056107741495,0.3746323126872628,451.28999440850725,65.29574217032707,2.873535982433526,113.6813335796177,-7.710407955051323,3.1038303427072367,453.309112167746,445.6759994506836,438.0428867336212,2173638100.0,5178321818.167525,29336380.40900135,0.0030766150641741152,0
2021-09-02,453.3200073242188,454.0499877929688,451.9100036621094,453.1900024414063,430.8166809082031,42501000,439.1269982910157,446.5708807515274,447.988714163644,3.863174814499871,3.459079849093171,0.4040949654067001,452.2467969888936,67.11381947093933,3.0305136938495685,110.31924676133973,-4.796350824638729,3.042842461085291,454.3210989985081,446.2474990844727,438.17389917043727,2216139100.0,5186663464.46047,21889586.12556076,-0.00024275881759971973,0
2021-09-03,451.9800109863281,453.6300048828125,451.5499877929688,453.0799865722656,430.7120666503906,47170500,439.6865979003906,447.1907955915977,448.6394272577195,3.912606765427483,3.549785232360034,0.3628215330674496,452.95573104070365,66.81546864622662,2.192349680135352,89.72786728075505,-5.409936513880442,2.97406922028232,455.1778523014689,446.7769989013672,438.3761455012655,2168968600.0,5208887401.430452,23924460.579551697,-0.003575516829695813,0
2021-09-07,452.7099914550781,452.80999755859375,450.739990234375,451.4599914550781,429.1720581054688,51671500,440.18359802246096,447.597385673834,449.0854265485491,3.7775170109036935,3.595331588068766,0.1821854228349275,453.0686842558435,62.41548850779451,0.9390469967690642,62.97137126691381,-14.445049614488036,2.9287783001114844,455.5964033848076,447.2434982299805,438.8905930751533,2117297100.0,5193161226.493109,17578175.323433876,-0.0012182425981892564,0
2021-09-08,450.8900146484375,451.6700134277344,448.8599853515625,450.9100036621094,428.6492614746094,56181900,440.652398071289,447.9128731012888,449.4346175420852,3.58475516263934,3.593216302982881,-0.0084611403435412,452.97220864960485,60.9480578226039,0.6562944914603305,33.76574863028926,-17.512467448470982,2.9202961412586554,455.8779684098688,447.6549987792969,439.43202914872495,2061115200.0,5218952830.386504,21590371.200790405,-0.004280217028024724,0
2021-09-09,450.7000122070313,452.5700073242188,448.7200012207031,448.9800109863281,426.81451416015625,57970400,441.077998046875,448.0145052808163,449.5608091808501,3.2389194821688534,3.522356938820076,-0.2834374566512223,452.3493567848284,55.9747569615701,0.0155949574853858,11.638801793328591,-35.35549582564567,2.986703995705586,455.95830932682793,447.9149993896484,439.8716894524689,2003144800.0,5168812480.3718405,5315215.309516907,-0.007884557125706015,0
2021-09-10,451.0400085449219,451.489990234375,445.30999755859375,445.4400024414063,423.4493408203125,89948200,441.4255981445313,447.7693145342058,449.3250951857794,2.648660994089425,3.3476177498739457,-0.6989567557845202,450.8828473374182,48.20495612591156,-0.1837510209909598,-91.33175617517604,-81.1498325989162,3.214796044282419,455.95304915072495,447.93150024414064,439.9099513375563,1913196600.0,5082648655.471839,-29241766.86959648,0.0025592316015876637,0
2021-09-13,448.6400146484375,448.9200134277344,444.1099853515625,446.5799865722656,424.5329895019531,83738600,441.74859802246095,447.6560452044972,449.1963795979818,2.246962496841263,3.127486699267409,-0.8805242024261459,449.9477930786229,50.58380133315306,-0.815105702994864,-123.46092887707736,-75.15089925517493,3.32874118941738,455.9580583847104,447.9644989013672,439.97093941802393,1996935200.0,5084911401.386885,-40000407.072665215,-0.005396509510041114,0
2021-09-14,448.1199951171875,448.3399963378906,443.2200012207031,444.1700134277344,422.2420349121094,78197100,441.9575982666016,447.3240421781388,448.8350000290644,1.714386471834132,2.844866653780754,-1.130480181946622,448.535578726007,45.79532641029285,-1.7822783457061235,-144.91304110901004,-91.22794658430954,3.456687898543817,455.97927803549806,447.8244995117187,439.6697209879394,1918738100.0,5035733157.012377,-56412891.5410223,0.008352638275707758,0
2021-09-15,444.6199951171875,448.4100036621094,443.4400024414063,447.8800048828125,425.7688598632813,78792200,442.2565985107422,447.37699100715537,448.8402862548828,1.5735426199192943,2.5906018470084624,-1.017059227089168,448.3280850609484,53.14820475533207,-0.8149509911589854,-90.91792150200584,-56.97128864367114,3.5647817072694776,455.98450402532575,448.0164993286133,440.0484946319008,1997530300.0,5097720624.794542,-38275359.84365845,-0.0015852269521696716,0
2021-09-16,447.3200073242188,448.3599853515625,444.0199890136719,447.1700134277344,425.0939025878906,77786700,442.5107989501953,447.3572788567343,448.7596685500372,1.3886252680718485,2.3502065312211395,-0.961581263149291,447.9658912655244,51.70276721192614,-1.024784083738412,-89.6303970675497,-63.52708121405464,3.6201541808852737,455.2991124706032,448.4160003662109,441.5328882618186,1919743600.0,5132851072.650224,-16198012.573051453,-0.012903413372959749,-1
2021-09-17,444.9200134277344,445.3699951171875,441.0199890136719,441.3999938964844,420.9530029296875,118425000,442.7203985595703,446.7899183843296,448.0914774576823,0.7676357532418479,2.0336923756252814,-1.2660566223834335,446.1671654645372,41.76235199498216,-2.601559716985655,-151.7700114752758,-97.08361536137454,3.80085919754079,455.0165969450377,448.493000793457,441.9694046418764,1801318600.0,5035116654.307431,-36791138.83750534,-0.016674185440266553,-1
2021-09-20,434.8800048828125,436.55999755859375,428.8599853515625,434.0400085449219,413.9339904785156,166445500,442.6907989501953,445.5756412567669,446.7150020054409,-0.3147638177979388,1.5640011369406377,-1.8787649547385763,442.7867925823024,33.03711546424957,-4.202343646072061,-254.86944605690505,-79.43619415913727,4.425084150925153,456.8699038837164,448.027001953125,439.1841000225337,1634873100.0,5092616656.534815,-23575495.342659,-0.0009446218183523092,0
2021-09-21,436.5299987792969,437.9100036621094,433.0700073242188,433.6300048828125,413.54296875,92526100,442.6217993164062,444.43796160210456,445.3438594273159,-1.1919174625381288,1.0128174170448845,-2.204734879583013,439.9286285190643,32.62815600413706,-3.949405685938789,-177.00378487953327,-81.0638385512451,4.454720735708397,458.1933675704516,447.3455017089844,436.4976358475172,1542347000.0,5021501477.737611,-38653425.77181721,0.00975481498309394,0
2021-09-22,436.0499877929688,440.0299987792969,433.75,437.8599853515625,417.5770263671875,102350100,442.66719909667967,443.8114876734815,444.4404769170852,-1.5281286572059685,0.5046282021947137,-2.032756859400682,438.71763528374953,40.77383117513726,-2.894151428125321,-112.11321050273226,-64.2715397867284,4.593668818620967,458.4404782214403,446.84000091552736,435.2395236096144,1644697100.0,5053118732.354854,-31247686.68082142,0.012150019417616509,1
2021-09-23,439.8500061035156,444.8900146484375,439.6000061035156,443.1799926757813,422.6505737304688,76396000,442.8059991455078,443.75134529274817,444.091904703776,-1.3497393661139654,0.1337546885329779,-1.4834940546469433,439.1472205831788,49.10790814397352,-1.2918210540832815,-31.45708460550001,-42.18814681937331,4.767694567067683,458.2181860994315,446.5535003662109,434.8888146329904,1721093100.0,5080123946.871738,-16784799.099057198,0.0016472110618543923,0
2021-09-24,441.4400024414063,444.6700134277344,441.2099914550781,443.9100036621094,423.3467712402344,62094800,442.98919921875,443.7664556136397,443.8401431129092,-1.1363595366781851,-0.1202681565092546,-1.0160913801689304,439.7294847229913,50.14461925550977,-0.343480327521368,-13.312985803356604,-37.16070714098222,4.674289381752581,458.1573504775327,446.4360000610352,434.7146496445376,1783187900.0,5114939929.125792,1735540.0924129486,-0.002860915508086981,0
2021-09-27,442.80999755859375,444.0499877929688,441.8999938964844,442.6400146484375,422.1355590820313,61371100,443.21519958496094,443.6591755217157,443.4786206926618,-1.057541306311407,-0.3077227864696851,-0.7498185198417218,439.913469689224,48.3012142969757,-0.8822544767555449,-10.988854639422865,-41.88099313966524,4.493982561376284,457.7509494278389,446.055500793457,434.3600521590752,1721816800.0,5095816286.334349,3069470.683245659,-0.02015184604315312,-1
2021-09-28,439.6900024414063,440.0400085449219,432.9400024414063,433.7200012207031,413.6288146972656,130436300,443.39019958496095,442.7125874930479,442.3038112095424,-1.6953054014693976,-0.5852393094696277,-1.1100660919997698,437.7836137102298,37.79244930595175,-2.3527054711295694,-110.78822359409172,-79.50227176193485,4.865841821780206,457.6266122004754,445.13000030517577,432.63338840987615,1591380500.0,4994039160.225938,-29047504.262566566,0.001683138855191224,0
2021-09-29,435.1900024414063,437.0400085449219,433.8500061035156,434.4500122070313,414.3250122070313,82329200,443.4579998779297,441.9256755610463,441.2866694859096,-2.1174239112853,-0.8916762298327622,-1.225747681452538,436.2664062077985,38.96285496723469,-2.998569377816976,-94.38557863029776,-75.29816328181866,4.755425071954387,457.2275411863022,444.2745010375976,431.3214608888931,1673709700.0,4942680483.543649,-55886981.6608944,-0.012222344134872332,-1
2021-09-30,436.0199890136719,436.7699890136719,428.7799987792969,429.1400146484375,409.2610168457031,140506000,443.3498004150391,440.7079935693693,439.8452898297991,-2.847602903293477,-1.2828615645249053,-1.5647413387685722,433.6920631678639,33.95806500814415,-4.032023221121164,-119.08929758963708,-98.21243491911484,4.9864654406987166,457.181817574003,443.1415023803711,429.1011871867392,1533203700.0,4814836423.852874,-102463788.52901076,0.0118841762871158,1
2021-10-01,430.9800109863281,436.0299987792969,427.2300109863281,434.239990234375,414.1246643066406,129240100,443.325400390625,440.0919932517508,438.9975267682757,-2.980393486720345,-1.6223679489639933,-1.358025537756352,432.9611314211882,41.70334589567011,-1.6221123156128805,-90.56214814795337,-66.90282496621164,5.25885989443229,455.9487222001776,442.1940017700196,428.4392813398615,1662443800.0,4891498977.431412,-87810416.24288654,-0.01289603839322806,-1
2021-10-04,433.0,433.9599914550781,426.3599853515625,428.6400146484375,408.78411865234375,128570000,443.0994006347656,439.0013286228639,437.7066708519345,-3.4971887941326827,-1.9973321179977312,-1.4998566761349514,430.969968635383,36.62422504039783,-1.2441235347375796,-111.5637893492176,-89.65973966659054,5.446084536459448,454.9812998082383,440.9720031738281,426.962706539418,1533873800.0,4840071906.715013,-90196248.60442734,0.010404981575824479,1
2021-10-05,430.239990234375,435.489990234375,429.3900146484375,433.1000061035156,413.0375061035156,90682500,442.9410009765625,438.4392979067355,436.9569568452381,-3.5064486050149526,-2.2991554154011755,-1.207293189613777,430.5606864977156,42.618318292326656,-0.1222237329817861,-65.2357458249109,-69.3635420365767,5.546362468565023,453.5922308768425,440.05400390625,426.5157769356575,1624556300.0,4859695192.495766,-76728839.22168827,0.004156055801436631,0
2021-10-06,429.2699890136719,435.1199951171875,427.5400085449219,434.8999938964844,414.754150390625,113032200,442.8588006591797,438.1022213343306,436.46609874906994,-3.3301551445290443,-2.5053553612267496,-0.8247997833022946,430.75935746380856,44.8839961009388,-0.6760132357610883,-61.04651248054349,-55.07625377255506,5.691621333115066,451.9995852895338,439.2535034179688,426.50742154640375,1737588500.0,4966166108.582745,-30366985.79001236,0.008645688246479821,0
2021-10-07,438.3900146484375,441.6799926757813,438.2000122070313,438.6600036621094,418.3399963378906,72437500,442.8554010009765,438.1553434607858,436.4095749627976,-2.8541392025084638,-2.5751121294830925,-0.2790270730253708,431.9610474321276,49.380232349794646,-1.0198991579880807,64.91943282521571,-33.62116101661419,5.769362579270913,450.6768093993432,438.7375030517578,426.7981967041724,1810026000.0,4912878504.006834,-25595284.8612051,-0.001823777649815339,0
2021-10-08,439.4800109863281,439.8900146484375,437.1900024414063,437.8599853515625,417.5770263671875,74557400,442.7996008300781,438.12721411705024,436.3260018484933,-2.5124855609973338,-2.5625868157859406,0.0501012547886068,432.793865250496,48.47413040032128,-1.362892987460576,36.26420595550285,-37.93857626582695,5.550123266968076,449.8972099810625,438.3585021972656,426.8197944134688,1735468600.0,4875322554.367392,-33266001.65186119,-0.0072397182117726055,0
2021-10-11,437.1600036621094,440.260009765625,434.6199951171875,434.6900024414063,414.5538940429688,65233300,442.72320068359375,437.7998606241318,435.9766209193638,-2.469052022036749,-2.543879857036102,0.0748278349993532,432.70155949577423,44.95418639514051,-1.7960446285782392,1.9779579847379656,-55.04585040646091,5.556544079930178,448.7595055767626,437.7640029907226,426.7685004046827,1670235300.0,4811708685.899978,-53620616.51931858,-0.0024615411401439635,0
2021-10-12,435.6700134277344,436.1000061035156,432.7799987792969,433.6199951171875,413.5334167480469,71181200,442.6438006591797,437.40177819489895,435.5819535028367,-2.4922422607142494,-2.533552337771732,0.0413100770574823,432.3920303855271,43.79808645814313,-0.0230577569017242,-36.68690600208354,-60.82030066272284,5.396791454522218,447.9610167291761,437.2365020751953,426.5119874212145,1599054100.0,4776546651.815963,-68260822.85370827,0.003597614446197772,0
2021-10-13,434.7099914550781,436.0499877929688,431.5400085449219,435.1799926757813,415.0211486816406,72974000,442.5244006347656,437.19017957403065,435.3860954647972,-2.357565380237986,-2.498354946264983,0.1407895660269966,432.5854369833378,45.97934397573316,0.1680240414867654,-28.038607586072946,-51.829635172996255,5.333447725488269,446.1718372605037,436.60150146484375,427.0311656691838,1672028100.0,4821366631.502397,-53783566.19448471,0.01682064306130049,1
2021-10-14,439.0799865722656,442.6600036621094,438.5799865722656,442.5,422.0020751953125,70236800,442.5948004150391,437.6958767574563,435.9478572300502,-1.6412502556510162,-2.3269340081421896,0.6856837524911734,434.6823584705648,54.83686513408858,3.113199630779558,126.99989128372388,-8.761942221900487,5.486773672691112,445.0853974782153,436.368000793457,427.6506041086988,1742264900.0,4886094559.864178,-22376387.064736366,0.007615808174435079,0
2021-10-15,444.75,446.260009765625,444.0899963378906,445.8699951171875,425.2159118652344,66260200,442.6770001220703,438.47436422028784,436.8528090704055,-0.7924994762627762,-2.020047101766307,1.2275476255035307,437.3044358475426,58.23229957234987,2.6782436312545435,199.94567084847927,-1.959870200771685,5.363433393614962,446.0141641806522,436.5915008544922,427.1688375283322,1808525100.0,4928536982.26141,6010628.529711723,0.0029605206420582064,0
2021-10-18,443.9700012207031,447.5499877929688,443.2699890136719,447.1900024414063,426.4748229980469,62213200,442.77100036621096,439.30442500325154,437.86219017392114,-0.0131927317757458,-1.6186762277681948,1.6054834959924489,439.8102198037166,59.51617979743328,4.327637915042336,156.47250430019818,-1.6988452576063406,5.286045206877959,447.6519321236269,437.2490005493164,426.8460689750059,1870738300.0,4980284833.167313,33542303.05843544,0.007714868821297571,0
2021-10-19,448.9200134277344,450.7099914550781,448.2699890136719,450.6400146484375,429.7650146484375,46996800,442.9412005615234,440.3840049694597,439.1375248500279,0.8727402239448452,-1.1203929374255868,1.993133161370432,442.7584840677604,62.73989722479844,4.049874924437111,162.4920579074602,-0.2873790106792673,5.159898335934663,449.8711622122685,438.0995010375976,426.3278398629268,1917735100.0,5024585991.61342,55851783.68409061,0.003927722696912994,0
2021-10-20,451.1300048828125,452.7300109863281,451.010009765625,452.4100036621094,431.4530334472656,49571600,443.13580078125,441.5293381782835,440.5004298618862,1.698097187791518,-0.5566949123821658,2.254792100173684,445.6183152771041,64.310098935035,4.026215224503489,150.86956105761,-1.2135267847326658,4.940619621788661,452.1462211495845,438.827001953125,425.5077827566655,1967306700.0,5055711936.014689,69804664.0964365,0.0026082373648450563,0
2021-10-21,451.7699890136719,453.8299865722656,451.30999755859375,453.5899963378906,432.5784301757813,41305400,443.3320007324219,442.6779722887223,441.90642932710193,2.419523316647769,0.0385487334238211,2.380974583223948,448.2377185869874,65.35820494177726,3.4035454682760435,129.22819852601316,-0.873644789626471,4.767717435494605,454.0484345296367,439.3475021362305,424.6465697428242,2008612100.0,5089149926.61475,79806142.72001171,-0.001036180745822679,0
2021-10-22,453.1300048828125,454.6700134277344,451.0499877929688,453.1199951171875,432.1300964355469,58845100,443.4922009277344,443.6724506533381,443.2180953252884,2.9196773280129946,0.6147744523416558,2.304902875671339,450.2190414531396,64.54513531246889,3.4851345809488787,108.36101733224694,-5.713299047464782,4.685739449728246,455.5890727232357,439.8080017089844,424.026930694733,1949767000.0,5097602575.461919,79332031.99739075,0.005362801690428354,0
2021-10-25,454.2799987792969,455.8999938964844,452.3900146484375,455.5499877929688,434.4475402832031,45214500,443.68480041503904,444.8036446666362,444.7173320951916,3.4721087774012176,1.1862413173535682,2.2858674600476494,452.419982796845,66.84185756458336,4.798818752307124,105.72215527461466,-1.2341547401267805,4.601756578179576,457.638770047154,440.45350036621096,423.2682306852679,1994981500.0,5133799728.1507,83443350.55753231,0.0009000190387353779,0
2021-10-26,457.2000122070313,458.489990234375,455.55999755859375,455.9599914550781,434.8385620117188,56075100,443.8646002197266,445.8661538845831,446.1941407703218,3.898064093672417,1.728605872617338,2.169458221055079,454.2682025857544,67.22760959467178,5.151975598323863,110.5550836614592,-9.387756950821936,4.483059854124335,459.71514376919646,441.5654998779297,423.41585598666296,2051056600.0,5093035040.30985,64568911.96845341,-0.004430189164679854,0
2021-10-27,456.4500122070313,457.1600036621094,453.8599853515625,453.9400024414063,432.9121398925781,72438000,444.0626000976562,446.6350918423757,447.3726648239862,4.026228661242499,2.1881304303423703,1.8380982309001284,455.1897358131108,63.31920567146653,4.3108621906709805,81.41756226534582,-16.883083058825722,4.398556886725945,461.14404749661134,442.5399993896485,423.9359512826857,1978618600.0,5024109916.547888,29046928.44243717,0.00964886297584644,0
2021-10-28,455.4599914550781,458.3999938964844,455.4500122070313,458.3200073242188,437.0892333984375,51437900,444.445400390625,447.7479409358846,448.87552272251673,4.430161647440684,2.6365366737620333,1.793624973678651,457.0088443668689,67.70365821991568,3.575142898128544,91.19888919003866,-0.6307347890433523,4.402945070179668,462.7469508611898,443.9989990234376,425.25104718568537,2030056500.0,5072758415.298214,27353645.83485794,0.0020291339259019825,0
2021-10-29,455.8699951171875,459.55999755859375,455.55999755859375,459.25,437.9761352539063,70162400,444.83320068359376,448.84337513246703,450.3279990059989,4.770334637573455,3.063296266524317,1.707038371049138,458.6642989609916,68.56288719277012,3.0008758224010674,90.01595717890429,-1.1063443259827554,4.374163279452549,464.5549818386209,445.24949951171885,425.94401718481686,2100218900.0,5132045728.945675,43038389.48914528,0.0017202145779464662,0
2021-11-01,460.2999877929688,460.7000122070313,458.2000122070313,460.0400085449219,438.7295837402344,48433600,445.16680114746094,449.90972117174846,451.736618913923,5.045509774308528,3.45973896808116,1.5857708062273677,460.1442576263941,69.30983750341993,2.8735003093454123,101.72358767065182,-2.263386760019659,4.240294473777367,465.5656691010806,446.8194992065431,428.0733293120056,2148652500.0,5154906246.2503605,52816095.62746811,0.004043094767878008,0
2021-11-02,460.2200012207031,462.2300109863281,460.0799865722656,461.8999938964844,440.50335693359375,48908400,445.4596008300781,451.0516519074376,453.1728565034412,5.3519790431082015,3.838186983086569,1.513792060021633,461.7540829901413,71.05367083192105,2.498663874052827,124.34063495484548,-1.3954196582034784,4.093845042893716,466.9935280229852,448.2594985961915,429.52546916939787,2197560900.0,5188800297.825901,62799074.03741169,0.006105233516956243,0
2021-11-03,461.2999877929688,465.1499938964844,460.8299865722656,464.7200012207031,443.19281005859375,52509800,445.7946008300781,452.3533994610819,454.7405234200614,5.756056928651219,4.221760972199499,1.5342959564517198,463.71559105625806,73.51117299400651,2.720982617304744,142.96436101511642,-1.9652311692079367,4.1099994915597895,468.7390714827846,449.7504989624025,430.7619264420203,2250070700.0,5230856953.786002,74555676.27992916,0.004712520303954415,0
2021-11-04,465.3599853515625,467.0,464.989990234375,466.9100036621094,445.28131103515625,52847100,446.15460083007815,453.7397427183226,456.3747619628906,6.181747125714196,4.613758202902439,1.5679889228117574,465.7969091896747,75.26728137260542,2.936574314195488,158.21003086451228,-0.3792511429618672,3.979285154969581,470.83214140604986,451.1629989624024,431.49385651875497,2302917800.0,5278971693.227882,87896641.90338135,0.0034696089278050124,0
2021-11-05,469.2799987792969,470.6499938964844,466.9200134277344,468.5299987792969,446.8263244628906,66390600,446.6000006103516,455.1483385336535,458.028761945452,6.574048205402789,5.005816203402508,1.568232002000281,467.8228525159756,76.5079703345533,3.4008659578405904,164.38025114610318,-9.472719636516358,3.9621926606413966,472.7563393523381,452.69649963378913,432.63665991524016,2369308400.0,5269893936.754522,82475328.78932667,0.0008537209944434743,0
2021-11-08,469.7000122070313,470.2300109863281,468.2000122070313,468.9299926757813,447.2077331542969,50405200,446.9736004638672,456.4608770233799,459.5748089018322,6.8383970179222615,5.372332366306459,1.4660646516158025,469.4816210942599,76.81720009974026,2.9371101396875097,137.7518813016282,-8.757650766125169,3.824178811973927,473.8643946854821,454.4084991455079,434.9526036055337,2419713600.0,5255739804.389336,68256174.14562416,-0.003305371414023539,0
2021-11-09,469.3200073242188,469.5700073242188,465.8800048828125,467.3800048828125,445.7296142578125,51149100,447.2766003417969,457.5007939623735,460.8101904006231,6.84393171070866,5.666652235186899,1.1772794755217602,470.33013252245655,72.81724959109354,2.5046086590383427,97.69383587229768,-16.683612221352075,3.8145947855048106,473.8265335012164,456.0964996337892,438.366465766362,2368564500.0,5246175311.022149,53190892.61585808,-0.008044866546158214,0
2021-11-10,465.5799865722656,467.3800048828125,462.0400085449219,463.6199951171875,442.1437683105469,69429700,447.51780029296873,458.0835750247368,461.5267137799944,6.470330685739839,5.827387925297487,0.6429427604423514,469.9416637748531,64.09787820214204,2.1324387856808604,45.42775975974463,-35.86732954147364,3.923552039246655,472.6870958591349,457.51849975585947,442.349903652584,2299134800.0,5217831030.103078,33173652.36889744,0.0003235276693500655,0
2021-11-11,465.2099914550781,465.2900085449219,463.75,463.7699890136719,442.2867431640625,34848500,447.7572003173828,458.6251382617782,462.1220937093099,6.115852692839951,5.885080878805981,0.2307718140339698,469.5597952584405,64.28162168144401,1.1891214876852874,36.05469469740238,-37.67805422642196,3.7625849955672064,472.30305383155786,458.5819992065431,444.86094458152826,2333983300.0,5183887183.710671,11168680.01856804,0.007546844519723317,0
2021-11-12,465.1199951171875,467.8599853515625,464.1099853515625,467.2699890136719,445.6246337890625,53466700,448.03880004882814,459.44845738100616,462.9495213099888,6.047633721846182,5.917591447414022,0.1300422744321601,470.0602490318311,68.35185429402236,1.7463231385240885,60.353149135788414,-20.13104921161448,3.785971520018879,472.5541292068298,459.6519989013673,446.74986859590473,2387450000.0,5220529799.871153,12810325.560988426,0.00034242229518555156,0
2021-11-15,468.6400146484375,468.80999755859375,466.2300109863281,467.4299926757813,445.7771911621094,46980500,448.3258001708985,460.20860359955617,463.6902826218378,5.938030732183506,5.92167930436792,0.0163514278155867,470.4219217029091,68.52841444118256,1.606378574383888,70.92449686958882,-19.178079701912687,3.699829738036504,472.63928799829455,460.663998413086,448.6887088278775,2434430500.0,5217251651.168159,11274285.46275425,0.003957824984497149,0
2021-11-16,467.1499938964844,470.489990234375,467.0700073242188,469.2799987792969,447.54150390625,48857500,448.6822003173828,461.07254599762666,464.5108540852864,5.932068412560909,5.923757126006517,0.0083112865543917,471.1114160957409,70.57261721426173,1.5977495086233795,90.07514132231228,-9.013136628566532,3.679840678902196,473.20134608165006,461.595997619629,449.9906491576079,2483288000.0,5231537541.268635,14166480.867014883,-0.002429219514628267,0
2021-11-17,469.0,469.1900024414063,467.4800109863281,468.1400146484375,446.454345703125,47858300,449.02680053710935,461.7456382500849,465.1340938023159,5.768856255265973,5.892776951858409,-0.1239206965924362,471.2961919993957,67.6563697859499,0.735929897303937,67.7770159301656,-16.63339865593192,3.5455654727640926,473.5134511939914,462.3824981689454,451.2515451438994,2435429700.0,5220622879.9851055,10588943.045179369,0.0033964119454403807,0
2021-11-18,469.239990234375,470.010009765625,466.3399963378906,469.7300109863281,447.970703125,50625600,449.4418005371094,462.5060547011557,465.83385692778086,5.702078845533151,5.854637330593357,-0.1525584850602062,471.7787387897493,69.54656407211492,0.6039723505816157,72.22474622864459,-7.389431832944848,3.554454612404827,473.98897508069007,463.1894989013673,452.3900227220445,2486055300.0,5263523654.732942,21813020.17008781,-0.0017882535035962377,0
2021-11-19,469.6099853515625,470.9400024414063,468.5,468.8900146484375,447.1696166992188,57315600,449.91080078125,463.1140508866111,466.3767631894066,5.51777115174508,5.787264094823702,-0.2694929430786219,471.8780155634127,67.30859460247129,0.0768394489314679,88.14606148590416,-18.87647143126151,3.474850885904933,473.99608079456215,463.9779998779298,453.95991896129743,2428739700.0,5224530924.583106,12014908.47623062,-0.0028151747381705006,0
2021-11-22,470.8900146484375,473.5400085449219,467.3500061035156,467.5700073242188,445.9107971191406,72762000,450.3306011962891,463.5384276901928,466.7188591366722,5.205190224460637,5.670849320751089,-0.4656590962904525,471.5424140415046,63.83240604835627,-0.2900188456281565,85.43141537019825,-46.970817466300616,3.668790282726456,473.9219855229407,464.57900085449216,455.2360161860436,2355977700.0,5156941048.171855,-14591544.11812973,0.0013259941986774049,0
2021-11-23,467.2200012207031,469.1000061035156,464.4500122070313,468.1900024414063,446.5020446777344,73206500,450.8110009765625,463.981434809356,467.0627640497117,4.950430530387109,5.526765562678293,-0.5763350322911842,471.35938315039823,64.75317241742975,0.1733059930103128,-17.123086636226404,-46.521792204483205,3.7388762551377313,473.76639976574745,465.1905014038086,456.6146030418697,2429184200.0,5201494528.588079,-9973390.58174038,0.00266985624101701,0
2021-11-24,466.05999755859375,469.5700073242188,465.1900024414063,469.4400024414063,447.6941223144531,61858800,451.2422009277344,464.5012983933608,467.4674784342448,4.794132416450452,5.380238933432726,-0.5861065169822739,471.4704795433289,66.59942131306748,1.2553400167194482,17.982162131457734,-35.65222698709189,3.784671157114501,472.996890964017,465.9655014038086,458.9341118436002,2491043000.0,5259681211.200046,11336470.385295868,-0.022303172218498757,-1
2021-11-26,462.3399963378906,463.8999938964844,457.7699890136719,458.9700012207031,437.7091369628906,112669600,451.47820068359374,463.97450818644097,466.80124032156806,3.7818288689345536,5.060556920533092,-1.278728051598538,468.7869007978873,45.22914975752637,-1.0349931877172946,-243.6721123416432,-92.39054710963866,4.34790989073021,472.8924120847077,465.9980010986328,459.1035901125579,2378373400.0,5191124103.097212,-2790072.741391182,0.012266607551340236,1
2021-11-29,464.0700073242188,466.55999755859375,461.7300109863281,464.6000061035156,443.078369140625,86268800,451.9422009277344,464.0340794166386,466.6680979410807,3.394732987670011,4.727392133960476,-1.332659146290465,468.0024049793188,53.81173218630322,-0.5714004693072914,-80.66243709416608,-56.68986283555748,4.579487494098811,472.4727915877517,466.26550140380857,460.0582112198654,2464642200.0,5207377755.721541,-3143853.390804291,-0.019457616070086114,-1
2021-11-30,462.0,464.0299987792969,455.2999877929688,455.55999755859375,434.45709228515625,148559600,452.37260070800784,463.2270240015867,465.6485261462984,2.331626040216406,4.248238915211662,-1.916612874995256,464.9800342570165,42.33927033105502,-2.539416661998585,-190.7447181735761,-98.57450948570272,4.91666826670224,473.35586731318665,466.0415008544922,458.72713439579775,2316082600.0,5067667387.833123,-47456075.85816956,-0.011107203410551714,-1
2021-12-01,461.6400146484375,464.6700134277344,450.2900085449219,450.5,429.6315002441406,131939200,452.7100006103516,462.0149264776261,464.1683832077753,1.0684897258253727,3.612289077334404,-2.543799351509031,461.17101842130586,37.517763942871625,-4.001874963379621,-192.0694291517898,-99.09681094590054,5.592620882138688,475.3242973043707,465.471501159668,455.61870501496526,2184143400.0,4939581608.581674,-102024180.64226532,0.015316301657013032,1
2021-12-02,450.7300109863281,459.0700073242188,450.30999755859375,457.3999938964844,436.21185302734375,127637800,453.10080078125,461.5754090889459,463.39966823032927,0.6171033547163916,3.0132519328108014,-2.39614857809441,459.8403203491477,46.469791226751056,-2.294189861129183,-140.8850917886328,-69.41941784274194,5.818862945244857,475.5677501818571,465.10550079345705,454.643251405057,2311781200.0,5018553517.65472,-89945145.10867405,-0.008701312903057756,0
2021-12-03,459.1700134277344,460.2999877929688,448.9200134277344,453.4200134277344,432.4161987304688,137331600,453.30560119628905,460.7987047402591,462.286764671689,-0.0610707723458858,2.398387391779464,-2.45945816412535,457.7308730930884,42.67205088655861,-3.4722068373588475,-125.20735813821328,-81.72217346680748,6.216085189529826,476.01969149134106,464.4310012817383,452.84231107213554,2174449600.0,4989832390.783369,-85965430.47593784,0.01184331295081531,1
2021-12-06,456.1300048828125,460.7900085449219,453.55999755859375,458.7900085449219,437.5375061035156,98977500,453.6032012939453,460.6074003407032,461.74952726818265,-0.163332135797475,1.8860434862640765,-2.049375622061551,457.41834495910297,48.75712244069102,-2.154024566099657,-67.44757957406033,-59.91065363657548,6.29850732721966,475.6210249519291,463.9440017700196,452.26697858811,2273427100.0,5034050637.893067,-62452884.00255585,0.020684823247291373,1
2021-12-07,464.4100036621094,468.8800048828125,458.6499938964844,468.2799987792969,446.587890625,95484700,454.1160009765625,461.3381240015216,462.1624793643043,0.5154461552467637,1.6119240200606135,-1.09647786481385,459.6512595770615,57.36905799908077,0.1518470911214267,28.82690850298567,-21.364788013109425,6.579329017155979,475.53633748997095,463.9115020751953,452.28666666041966,2368911800.0,5118334684.664264,-20338928.836013798,0.0026479675356780863,0
2021-12-08,468.7000122070313,470.0,466.8299865722656,469.5199890136719,447.7704162597656,72238800,454.8320007324219,462.1173492407741,462.69662097749256,1.140295078262966,1.5175982317010843,-0.3773031534381184,461.8220201722012,58.353927071728805,0.2840698360345734,72.48392457121446,-16.328271033829644,6.3358064750544365,475.8073063909231,464.0185012817383,452.2296961725535,2441150600.0,5168696342.229607,14762664.669817924,-0.006751539837133391,0
2021-12-09,468.1499938964844,469.6300048828125,466.1400146484375,466.3500061035156,444.747314453125,61272600,455.4700006103516,462.520459418178,462.91866905575705,1.3639781324852152,1.4868742118579106,-0.1228960793726954,462.7858756825675,54.86439265646854,-0.6582303003196587,56.76514147913899,-29.20391497716759,6.1325338864344765,475.98533647622185,464.1550018310547,452.3246671858875,2379878000.0,5114797242.764759,10630633.577041626,0.009413496458462456,0
2021-12-10,469.2300109863281,470.8999938964844,466.510009765625,470.739990234375,448.9338684082031,77159800,456.3020001220703,463.30327187686345,463.54581080845423,1.8738826425855564,1.56427589800344,0.3096067445821164,464.7144008865071,58.56017216255936,2.5644353623042315,82.61035681776059,-11.372944215541905,6.019494879758353,476.6737022243333,464.5035018920898,452.3333015598464,2457037800.0,5186332489.144693,30735050.743881226,-0.008858357047762166,0
2021-12-13,470.1900024414063,470.55999755859375,466.2699890136719,466.5700073242188,444.9570617675781,87724700,456.9486004638672,463.6143895385163,463.74262084960935,1.9193774808274495,1.635296214568242,0.2840812662592078,465.2051480553788,54.03420367516064,0.4240209201082649,65.1626244654876,-19.69968343885345,5.908816761254408,476.6106720999929,464.4685028076172,452.3263335152415,2369313100.0,5110877702.368242,12157148.270183563,-0.006880043556733995,0
2021-12-14,463.0899963378906,465.739990234375,460.25,463.3599853515625,441.895751953125,97264100,457.6429998779297,463.5901605683303,463.63704775855655,1.6770782083454492,1.6436526133236835,0.0334255950217656,464.7624207835685,50.78059456172426,1.7121757473812265,8.21195241510846,-34.303982005998,5.938187515751864,476.33804279049593,464.26500244140624,452.1919620923165,2272049000.0,5123810492.82495,7566880.742606163,0.015625045279773042,1
2021-12-15,463.4200134277344,470.8599853515625,460.739990234375,470.6000061035156,448.8004150390625,116899300,458.3929998779297,464.25776490501454,464.2403814406622,2.0456821066040334,1.7240585119797536,0.3216235946242798,466.2669994617655,57.06071431327487,4.461710566818119,68.34787569766004,-1.364822836832169,6.236888058711553,476.5267928887626,464.3310028076172,452.1352127264718,2388948300.0,5234703585.95246,40285311.7725687,-0.008818516452742009,0
2021-12-16,472.5700073242188,472.8699951171875,464.7999877929688,466.4500122070313,444.8426513671875,116568600,459.0240002441406,464.4665503623495,464.442191859654,1.9801080738209291,1.7752684243479888,0.2048396494729405,466.4095205552629,52.894564010426734,1.97857858139698,68.38005239275158,-26.80579464903461,6.36782514910492,476.3586891333813,464.2465026855469,452.1343162377125,2272379700.0,5165803105.245453,28084943.17145348,-0.014106585738330568,-1
2021-12-17,461.5499877929688,464.739990234375,458.05999755859375,459.8699951171875,440.1082458496094,135511600,459.44820007324216,464.0287831961436,464.0253816150484,1.381265424743333,1.6964678244270577,-0.3152023996837247,464.8036366937524,47.03118583678982,1.4225180844341174,-25.399107632776285,-54.2797909767289,6.512267256200109,475.7347310635873,463.7535018920898,451.7722727205924,2136868100.0,5103727413.65607,789350.2224245071,-0.010633405490204417,-1
2021-12-20,454.4800109863281,455.3999938964844,451.1400146484375,454.9800109863281,435.4283447265625,107134800,459.7906005859375,463.16699536663737,463.1898110525949,0.5062615903861456,1.4584265776188754,-0.9521649872327298,462.210147282796,43.19876407525395,-0.8304447541648454,-107.63813419677238,-74.69727686154184,6.670675342810815,475.3759985557375,463.0580017089844,450.7400048622313,2029733300.0,5189737798.506096,16918152.811701775,0.017758992432985066,1
2021-12-21,458.6099853515625,463.2099914550781,456.30999755859375,463.05999755859375,443.1611633300781,69806300,460.3580004882813,463.15680509920463,463.19000113351007,0.4595052462655076,1.258642311348202,-0.7991370650826943,462.18442261873406,50.39203840395962,-1.114717953854643,-27.56031569082013,-40.96035515097611,6.7820542803779,474.9757300457752,462.8325012207032,450.6892723956311,2099539600.0,5256509162.796517,43223719.525930405,0.009998714868966196,0
2021-12-22,462.7900085449219,467.80999755859375,462.5799865722656,467.6900024414063,447.5921936035156,58890200,461.0394006347656,463.5885381794144,463.6526202973865,0.7869813747570333,1.1643101240299685,-0.3773287492729349,463.3729723129677,53.98784945752217,-0.3897569038774792,36.08125542911064,-21.628378438645367,6.671194045088631,474.90849316574304,462.8075012207031,450.7065092756632,2158429800.0,5312697060.079118,67933625.99658585,0.006222077972414919,0
2021-12-23,468.75,472.1900024414063,468.6400146484375,470.6000061035156,450.3771362304688,56439700,461.7478009033203,464.2562970293287,464.3947636195592,1.2667195866521297,1.1847920165544006,0.0819275700977291,465.1061699455395,56.13970824069863,0.9113326781122908,96.60955243098196,-10.446346313731658,6.516108756153729,475.1034408525134,462.8655014038086,450.6275619551038,2214869500.0,5318579450.282512,73738109.52688122,0.014152153794584565,1
2021-12-27,472.05999755859375,477.30999755859375,472.010009765625,477.260009765625,456.7509765625,56808600,462.4430010986328,465.4947458613569,465.76566917782736,2.1594296506510204,1.3797195433737246,0.7797101072772958,468.2501134069957,60.67285023529195,1.3850574980901391,167.8282409744829,-0.191011943494046,6.529957520362614,477.37512256184607,463.7800018310547,450.1848811002633,2271678100.0,5374316449.12169,87143706.09929657,-0.0008171953242616103,0
2021-12-28,477.7200012207031,478.80999755859375,476.05999755859375,476.8699951171875,456.3777770996094,47274600,463.0630010986328,466.5781029333408,467.0123352050781,2.803125202904141,1.6644006752798082,1.138724527624333,470.7077412477423,60.27994142917319,2.2075974947552184,161.70988910744407,-7.011216623101612,6.259960554622428,479.1399206717348,464.3935012817383,449.6470818917418,2224403500.0,5354890802.273323,78524771.0545044,0.0012792079086265673,0
2021-12-29,476.9800109863281,478.55999755859375,475.9200134277344,477.4800109863281,456.9615173339844,54503000,463.6688012695312,467.6163798907682,468.2586694626581,3.324162867844109,1.9963531137926684,1.3278097540514404,472.8491925270249,60.70852995561354,3.04731225853532,137.96646034647483,-4.806604241802603,6.001390810067924,480.6979602768093,465.489501953125,450.2810436294407,2278906500.0,5364800725.019459,71013384.76863194,-0.0027645289726202504,0
2021-12-30,477.9299926757813,479.0,475.6700134277344,476.1600036621094,455.6982421875,55329000,464.1792010498047,468.4300583451816,469.27490772065664,3.5892013331118733,2.314922757656509,1.274278575455364,474.220862686056,59.21946035657587,1.1814699291293134,108.26254494170364,-10.193818489324324,5.8105762216534735,481.0044287200624,466.77250213623046,452.54057555239854,2223577500.0,5325754475.168382,49060975.90192032,-0.0025201869073463445,0
2021-12-31,475.6400146484375,476.8599853515625,474.6700134277344,474.9599914550781,454.5497741699219,65237400,464.63020080566406,469.0519567366004,470.0546686081659,3.660222503537227,2.5839827068326526,1.0762397967045745,474.9866130534276,57.83072989911155,1.8244139833508484,77.72101388333247,-14.501115108071282,5.551961628951664,481.6255659951739,467.65050201416017,453.67543803314646,2158340100.0,5277793472.509556,20360037.255737305,0.005789961364061735,0
2022-01-03,476.2999877929688,477.8500061035156,473.8500061035156,477.7099914550781,457.1816101074219,72668200,465.1126007080078,469.8765314716935,471.0127152215867,3.8935271526906376,2.845891596004249,1.0476355566863882,476.2779861969519,60.13772819835161,3.879356454500691,75.34087456114656,-4.630327434287496,5.441107226883688,481.8703723992045,468.8650009155273,455.8596294318502,2231008300.0,5345374366.271763,28270843.34702492,-0.00033493890638958135,0
2022-01-04,479.2200012207031,479.9800109863281,475.5799865722656,477.5499877929688,457.0284118652344,71178700,465.60120056152346,470.6073368356245,471.83985682896207,4.019181190774361,3.080549514958272,0.9386316758160892,477.2423006864902,59.9322839764204,4.960652393873826,77.15628428060036,-8.425878994189395,5.366744168825031,482.468110393566,469.80299987792966,457.1378893622934,2159829600.0,5337932642.566674,26569184.355750084,-0.01920214248677088,-1
2022-01-05,477.1600036621094,477.9800109863281,468.2799987792969,468.3800048828125,448.2525634765625,104538900,465.8578009033203,470.3952099829757,471.70433349609374,3.3403168438385364,3.132502980734325,0.207813863104211,475.5991059385342,49.49611083057417,1.1488807826777518,10.17520386650516,-40.22194027908138,5.676263314411189,482.4707803218828,469.8080001831055,457.1452200443282,2055290700.0,5235549312.648788,-9118843.328712463,-0.0009394133755054046,0
2022-01-06,467.8900146484375,470.8200073242188,465.4299926757813,467.9400024414063,447.83148193359375,86858900,466.0974011230469,470.1613806933024,471.52642894926527,2.7352768690748235,3.053057758402425,-0.3177808893276017,474.09093250698487,49.05471074835587,0.0534542108437139,-27.25376137854648,-41.74760774537059,5.655816981127353,482.4176702210248,469.7290008544922,457.0403314879596,1968431800.0,5229586922.751835,-24786629.31877613,-0.003953511334494952,0
2022-01-07,467.9500122070313,469.2000122070313,464.6499938964844,466.0899963378906,446.0610046386719,85111600,466.34040100097656,469.7736298023109,471.1798570905413,2.082492619972925,2.858944730716525,-0.7764521107436004,472.3389585491418,47.15077230393048,-0.9583531039379024,-50.72728938006677,-48.162331526334114,5.57683136180018,482.4190159102203,469.71600036621095,457.0129848222016,1883320200.0,5198348034.212314,-38882494.54830742,-0.001244366059822366,0
2022-01-10,462.7000122070313,465.739990234375,456.6000061035156,465.510009765625,445.5058288574219,119362000,466.4842010498047,469.3675707511979,470.77928655715215,1.5010531242283491,2.58736640941889,-1.086313285190541,470.7279231314289,46.54090344968889,-2.4619703640726662,-119.4929144298632,-61.13220537403029,5.85634270984124,482.2771936221168,469.4545013427734,456.63180906343,1763958200.0,5311703256.01272,-5046642.064958572,0.009108268663244656,0
2022-01-11,465.2300109863281,469.8500061035156,462.0499877929688,469.75,449.5636901855469,74303100,466.6942010498047,469.4039925844172,470.80742928641183,1.366636180455714,2.343220363626255,-0.9765841831705409,470.49318249364296,51.48157454218882,-1.4930683813389876,-70.98545779356269,-43.75538430211613,5.99517668132021,482.3678616621955,469.6135009765625,456.8591402909295,1838261300.0,5384101036.5085125,32289740.660069466,0.002703542338843734,0
2022-01-12,471.5899963378906,473.2000122070313,468.9400024414063,471.0199890136719,450.7791137695313,67605400,466.9138006591797,469.557897006251,470.9413805280413,1.347059223542601,2.1439881356095243,-0.7969289120669232,470.6208383561561,52.88611117899351,-1.3529408193050456,-22.09185288227829,-38.32343927029327,5.871236187341981,482.43279120628017,469.996501159668,457.5602111130557,1905866700.0,5382513477.757293,44123152.11218643,-0.013778587715492119,-1
2022-01-13,472.1900024414063,472.8800048828125,463.4400024414063,464.5299987792969,444.5679626464844,91173100,466.9664007568359,469.0790495560649,470.4207612537202,0.798650030927945,1.8749205146732089,-1.0762704837452637,469.0336676632948,45.61843572285144,-2.4424573238758067,-78.25808268784385,-66.08215988179336,6.126148062632281,482.3498782221824,469.693000793457,457.0361233647317,1814693600.0,5312395106.446395,22642506.642567635,0.0004090208208415991,0
2022-01-14,461.1900024414063,465.0899963378906,459.8999938964844,464.7200012207031,444.7498168945313,95890900,466.9664007568359,468.6639020955543,469.9471422467913,0.3750401741377231,1.5749444465661115,-1.1999042724283884,467.780181486257,45.85303562520583,-2.155969011832758,-112.72888181646064,-65.26948921573235,6.059280518258993,482.37401240671306,469.6065002441407,456.8389880815682,1910584500.0,5394613887.720724,37957081.47932243,-0.017709612163689825,-1
2022-01-18,459.739990234375,459.9599914550781,455.30999755859375,456.489990234375,436.8734436035156,109709100,466.75800048828125,467.5044819182991,468.6979508172898,-0.6176469453240543,1.1364261681880783,-1.7540731135121328,464.6240985823479,38.17159974891055,-4.442025831628135,-158.25625707988823,-95.2168948783194,6.298617885676878,482.7920416634633,469.4375,456.0829583365367,1800875400.0,5340584832.619032,23580428.063881878,-0.010383557878106742,-1
2022-01-19,458.1300048828125,459.6099853515625,451.4599914550781,451.75,432.3371276855469,109357600,466.4224005126953,466.0040550689373,467.013427007766,-1.7664734314585075,0.5558462482587614,-2.322319679717269,460.827760738621,34.57870303962921,-5.402573228449922,-164.1598714695372,-98.98314044068552,6.430859029305984,483.3829192727202,469.2759994506836,455.16907962864695,1691517800.0,5239009971.809998,-16763879.323843956,-0.011068068622025473,-1
2022-01-20,453.75,458.739990234375,444.5,446.75,427.552001953125,122379700,465.9788006591797,464.1703355385623,464.8680937267485,-3.045280810265126,-0.1643791634460161,-2.88090164681911,456.4579020937554,31.23850752858908,-4.61804617133993,-172.22431801286262,-93.65840106174991,6.988654115382342,485.4928635016895,468.4604995727539,451.4281356438184,1569138100.0,5155303658.584561,-58378206.61565781,-0.01963064132886827,-1
2022-01-21,445.55999755859375,448.05999755859375,437.9500122070313,437.9800109863281,419.1588745117188,202271200,465.39080078125,461.67601891454,461.9651900518508,-4.712091631671342,-1.0739216570910814,-3.638169974580261,450.6610194382636,26.4181493722226,-6.402528379443186,-192.79600748846596,-99.92862531485108,7.211606346538064,488.5844398079328,466.975,445.3655601920673,1366866900.0,4954232834.030401,-134072220.44629955,0.004246735706896265,0
2022-01-24,432.0299987792969,440.3800048828125,420.760009765625,439.8399963378906,420.9389343261719,251783900,464.9152008056641,459.5963977167638,459.3809039887928,-5.815923596105108,-2.022322044893887,-3.793601551211221,446.4775845279679,28.92317519841208,-5.631959537052611,-187.4988418777561,-67.78117835364831,8.097919830155881,489.9755336509719,465.43699951171874,440.8984653724656,1618650800.0,5192156847.046572,-77146474.64948082,-0.012208974085799573,-1
2022-01-25,433.05999755859375,439.7200012207031,427.1499938964844,434.4700012207031,415.7997131347656,167997300,464.3292010498047,457.2034075742818,456.4316660563151,-7.042846556549932,-3.0264269472250964,-4.016419609324836,441.7621737483969,26.15470197554557,-6.667957271326969,-147.12695526460817,-76.03986165222655,8.425925730959479,490.6409460458364,463.29749908447263,435.95405212310885,1450653500.0,5219822355.305978,-38042691.95465469,-0.0025087953939929575,0
2022-01-26,440.7200012207031,444.0400085449219,428.8599853515625,433.3800048828125,414.7565612792969,186391100,463.6514013671875,454.9345120798562,453.58238089425225,-8.010801899447529,-4.023301937669583,-3.987499961777946,437.7398755157012,25.618674747862983,-7.742415139369346,-111.76197975833936,-75.93441165208104,8.908361263988043,490.6343374172625,461.1229995727539,431.6116617282453,1264262400.0,5144431271.80394,-42575335.42517757,-0.004937963506221665,0
2022-01-27,438.260009765625,441.5899963378906,429.4500122070313,431.239990234375,412.7085571289063,149878300,462.9276013183594,452.6778909517152,450.7363800048828,-8.84859369960509,-4.988360290056685,-3.860233409548405,434.0295370345652,24.55466060418014,-8.445501190426596,-98.7963223206837,-80.01529370548795,9.139191468764563,490.0300015802263,458.8109985351563,427.5919954900862,1114384100.0,5038750535.9661,-74184802.30014229,0.024835410015744408,1
2022-01-28,432.6799926757813,442.0,427.8200073242188,441.9500122070313,422.9583129882813,164457400,462.38100158691407,451.6561882141263,449.1305717831566,-8.549783884820272,-5.700645009009403,-2.849138875810869,433.9207318597599,38.353886953270674,-4.860824194691797,-70.24114082147182,-59.59191179465924,9.49924869783718,488.077650093308,457.1004989624024,426.1233478314967,1278841500.0,5202048434.314536,-28413452.701748848,0.018011067394991365,1
2022-01-31,441.239990234375,450.2799987792969,439.80999755859375,449.9100036621094,430.57623291015625,152251400,462.0164013671875,451.489884923458,448.44576270693824,-7.583255123147069,-6.077167031836936,-1.5060880913101329,436.04870684848777,46.22616231728697,-3.186864675437165,-15.44208366200017,-44.41267631698713,9.568588163756177,485.84561986864094,455.8479995727539,425.8503792768669,1431092900.0,5343539133.642683,37913999.43852711,0.006756925874457753,0
2022-02-01,450.6799926757813,453.6300048828125,446.9400024414063,452.9500122070313,433.4856567382813,123155400,461.6808013916016,451.6289446647507,448.16976391020273,-6.497076578387691,-6.161148941147087,-0.3359276372406041,438.71782452721095,48.90953691288421,-0.7754776891222012,17.69745838107021,-38.6155588429392,9.362974897874032,482.89103641235846,454.6100006103516,426.3289648083447,1554248300.0,5441658737.10408,92821103.73921873,0.009714082741812957,0
2022-02-02,455.5,458.1199951171875,453.0499877929688,457.3500061035156,437.6965026855469,117361000,461.4500012207032,452.1738076589188,448.4307168143136,-5.221044569202775,-5.973128066758225,0.75208349755545,442.1622116445467,52.59660904979714,1.2396250367494466,60.97320268648117,-29.796623626650295,9.0634754701799,479.905695150352,453.6000015258789,427.2943079014058,1671609300.0,5523372182.828617,132844551.52556132,-0.02350497399483331,-1
2022-02-03,450.9500122070313,452.9700012207031,445.7099914550781,446.6000061035156,427.4084777832031,118024400,461.030601196289,451.64296941554704,447.7640505836124,-5.019355165206548,-5.78237348644789,0.7630183212413417,442.28884833489207,44.20322939031294,-0.0335744592018746,19.597749020775755,-41.709893604937335,9.247513982912588,478.071833360016,452.51100158691406,426.9501698138122,1553584900.0,5434285332.023223,108795186.58866216,0.004702207959730531,0
2022-02-04,446.3500061035156,452.7799987792969,443.8299865722656,448.7000122070313,429.4182739257813,118454400,460.6408013916016,451.3626877766408,447.4010992140997,-4.636613918316982,-5.553221572821709,0.9166076545047268,443.0176735021992,46.01558855955796,2.4476005643640697,31.213707741425917,-28.72445027461926,9.226263856063918,476.1446981057565,451.5490020751953,426.9533060446341,1672039300.0,5444741586.267379,92393328.5022831,-0.0032092765817485214,0
2022-02-07,449.510009765625,450.989990234375,445.8500061035156,447.260009765625,428.04010009765625,84472900,460.197201538086,450.9719565374964,446.99262375604536,-4.398778504617496,-5.322332959180867,0.9235544545633704,443.3141876500874,44.937701118266325,1.686980149489231,36.09967125491599,-31.78888892380105,8.934386732835023,474.33077333605627,450.6075027465821,426.8842321571078,1587566400.0,5406614003.807916,65152580.45691013,0.008227859847585561,0
2022-02-08,446.7300109863281,451.9200134277344,445.2200012207031,450.9400024414063,431.56201171875,81012000,460.0366015625,450.9689132902497,447.0242903936477,-3.868751018270757,-5.031616570998844,1.1628655527280871,444.5776336251155,48.27241835831216,3.790825873921894,54.17573407954952,-20.537103223069156,8.774788552420468,472.6007075198633,449.8790023803711,427.1572972408789,1668578400.0,5463926748.471906,66321549.51717186,0.014636106949445393,1
2022-02-09,455.2200012207031,457.8800048828125,455.010009765625,457.5400085449219,437.8783874511719,92589900,459.8954016113281,451.5947318859328,447.7539100283668,-2.8829027740630977,-4.601873811611696,1.7189710375485978,447.38165422790297,53.68950927467178,5.574785036204503,115.46828590357966,-1.5524271939827416,8.643732401633734,470.4239262102224,449.2685028076172,428.113079405012,1761168300.0,5534579170.782739,83250848.54825592,-0.017965644680657533,-1
2022-02-10,451.3399963378906,457.7099914550781,447.2000122070313,449.3200073242188,430.0115661621094,140103700,459.7706018066406,451.37809145148384,447.7588152204241,-2.733387548781991,-4.228176559045755,1.494789010263764,447.5883595506703,47.077017846864216,4.192565044818196,58.15101127789271,-23.55458041581018,8.777035747806098,466.8441078773215,448.18350372314455,429.52289956896766,1621064600.0,5450996830.699811,56013830.98474503,-0.019718721011120044,-1
2022-02-11,449.4100036621094,451.6099853515625,438.9400024414063,440.4599914550781,421.5323181152344,153214600,459.5698016357422,450.3382724042071,447.0232426234654,-3.2918781675526816,-4.04091688074714,0.7490387131944587,445.4921655911489,41.18858340578094,-0.337146896888235,-21.92549034410696,-57.02293498879117,9.055103402259675,464.326860222079,446.9800033569336,429.6331464917882,1467850000.0,5334543844.41082,2726025.345471382,-0.003269314964678527,0
2022-02-14,439.9200134277344,441.6000061035156,435.3399963378906,439.0199890136719,420.1541748046875,123006300,459.20220153808594,449.2603406527275,446.26514601934525,-3.8067997511740823,-3.994093454832529,0.1872937036584465,443.4381665039351,40.30616254971231,-2.4204873329769523,-83.95527832369733,-63.03634916957922,8.85545385678577,461.3167631356391,445.695002746582,430.073242357525,1344843700.0,5356157856.526182,-12444166.319840431,0.01612686726577106,1
2022-02-15,443.7300109863281,446.2799987792969,443.1799926757813,446.1000061035156,426.9300231933594,88482700,459.0558013916016,448.9593564099454,446.3037177676246,-3.60205832090503,-3.91568642804703,0.3136281071419997,443.6370622803118,46.38777197831355,-1.5123095085346256,-21.44710328610953,-39.66994672011449,8.74149356456,459.99732308158735,445.1755035400391,430.3536839984908,1433326400.0,5434365584.5412655,7365411.123680115,0.0011208249118113134,0
2022-02-16,443.9299926757813,448.05999755859375,441.9400024414063,446.6000061035156,427.4084777832031,84863600,458.81200134277344,448.7346563807616,446.4393846784319,-3.360713230854856,-3.8046917886085954,0.4439785577537396,443.97536557208906,46.79998448808922,-2.350497399483333,-33.93845890480752,-38.01978103880677,8.554243675461962,459.4501114322495,444.91800384521486,430.38589625818025,1518190000.0,5478738913.397354,28918532.793540955,-0.02136141606480546,-1
2022-02-17,443.2200012207031,446.5700073242188,436.4200134277344,437.05999755859375,418.2784118652344,102259100,458.1876013183594,447.6227841119837,445.69100312732513,-3.894352793734015,-3.82262398963368,-0.0717288041003354,441.8192571556946,40.4149556792233,-2.1361416064805505,-133.85154672818405,-92.44951135701416,8.670368604056197,459.330536985707,444.43350372314455,429.5364704605821,1415930900.0,5389375230.26231,6672862.225193977,-0.006475052825868022,0
2022-02-18,437.3299865722656,438.6600036621094,431.8200073242188,434.2300109863281,415.5700378417969,132642900,457.4818017578125,446.3472819095403,444.719241914295,-4.493820294133684,-3.9568632505336807,-0.5369570436000033,439.3637888823584,38.727036263710566,-3.2248720363365373,-166.09093761447892,-90.8364837235642,8.53962772790151,459.5520062754479,444.24600372314455,428.9400011708412,1283288000.0,5350203103.91813,-15498121.591840744,-0.010731648076383271,-1
2022-02-22,431.8900146484375,435.5,425.8599853515625,429.5700073242188,411.1102600097656,124391800,456.74620178222654,444.7494462347478,443.3215279715402,-5.284015120265906,-4.222293624480126,-1.06172149578578,436.1979797332762,36.05660730852186,-3.955194306478726,-176.15249593819124,-88.49962538880084,8.618226793654081,460.2374544763296,443.7325042724609,427.2275540685922,1158896200.0,5321557281.086966,-32273729.36401272,-0.01773865723226875,-1
2022-02-23,432.6600036621094,433.260009765625,421.3500061035156,421.9500122070313,403.8177490234375,132578000,455.77040222167966,442.5780715654415,441.2470049176897,-6.450759792592294,-4.66798685810256,-1.782772934489734,431.69454168599873,32.15239670783283,-6.428790987142877,-176.13266019101755,-98.35749760863466,8.85335371282946,461.7768684910394,443.1065048217773,424.4361411525152,1026318200.0,5202337397.750687,-74136101.84471512,0.01504911814725074,1
2022-02-24,411.0199890136719,428.760009765625,410.6400146484375,428.2999877929688,409.8948669433594,213942900,455.0050018310547,441.2182540633012,439.8368604387556,-6.784812297757924,-5.091351946033632,-1.6934603517242914,429.73592701760606,38.16149620826389,-6.39070249724014,-155.27180058331473,-62.61647587792953,9.515256670283604,462.1721841638752,442.85250396728514,423.5328237706951,1240261100.0,5405417332.914627,-19905629.230592728,0.02206400298007738,1
2022-02-25,429.6099853515625,437.8399963378906,427.8599853515625,437.75,418.9387512207031,121804500,454.49280212402346,440.8879441525106,439.3509076799665,-6.215367420073108,-5.316155040841528,-0.8992123792315798,430.6766289787207,45.84808581844881,-2.5750038136784235,-49.13554430570404,-42.61221220186569,9.548453407143928,461.9146865240345,443.1780044555664,424.4413223870983,1362065600.0,5525025049.974484,42146167.651556015,-0.0025585268239577408,0
2022-02-28,432.0299987792969,438.2000122070313,430.7000122070313,436.6300048828125,417.8669128417969,145615000,453.8134020996094,440.4824261268251,438.7272886730376,-5.787735090265869,-5.410471050726397,-0.3772640395394724,431.2461009814313,45.13206058578859,-0.8695424434834826,-36.92109656342371,-44.98307449804905,9.402135306633648,461.8607216407895,442.9120040893555,423.9632865379215,1216450600.0,5609675618.903519,90633795.79425909,-0.015230272363598085,-1
2022-03-01,435.0400085449219,437.1700134277344,427.1099853515625,429.9800109863281,411.502685546875,137785900,453.0840020751953,439.4821961134445,437.49567028227307,-5.917222264178975,-5.511821293416912,-0.405400970762062,430.0679251748721,41.03432258056965,-2.0591267490242293,-59.73183859665678,-59.06011783250214,9.44912764731495,461.376612858809,441.9155044555664,422.45439605232383,1078664700.0,5550507603.886546,83404021.09321404,0.018396212521518462,1
2022-03-02,432.3699951171875,439.7200012207031,431.5700073242188,437.8900146484375,419.0727844238281,117726500,452.6444024658203,439.3305597834438,437.11229030064175,-5.320242153724109,-5.473505465478352,0.1532633117542428,431.2322550835952,47.177817302101545,-1.840392589721918,-4.380608350492088,-42.10747094280366,9.469903546390668,460.0133811193826,441.1625045776367,422.3116280358908,1196391200.0,5615365864.490008,93500921.53541374,-0.004978472037343917,0
2022-03-03,440.4700012207031,441.1099853515625,433.7999877929688,435.7099914550781,416.9864196777344,105501700,452.2590020751953,438.9857437521708,436.5930033365885,-4.965798137838306,-5.371963999950343,0.4061658621120374,431.6921516996504,45.76268574802761,-2.43842689198561,14.380858902043007,-38.80889740365764,9.315624547262312,457.5221661167008,440.0805038452148,422.6388415737289,1090889500.0,5564996503.93159,73104773.21723366,-0.008124619808514866,0
2022-03-04,431.75,433.3699951171875,427.8800048828125,432.1700134277344,413.5986022949219,113978200,451.6412023925781,438.336626578415,435.8396232968285,-4.913900952213339,-5.280351390402942,0.3664504381896032,431.2137913431738,43.481864428348246,-1.1188358939675798,-51.52836197322121,-42.46390002104099,9.20950754904826,456.8559675392768,439.35900421142577,421.8620408835748,976911300.0,5629148840.074695,78527112.84012794,-0.02947918725527998,-1
2022-03-07,431.5499877929688,432.2999877929688,419.3599853515625,419.4299926757813,401.4060363769531,137896600,450.6760021972656,436.5359947781642,433.94162219819566,-5.833539844518214,-5.390989081225998,-0.4425507632922159,427.5771436319022,36.44238147569869,-3.40833612051121,-123.58883313504568,-76.50993575157914,9.475971469930975,456.8575336995933,437.89550323486327,418.9334727701332,839014700.0,5492744322.0165,30205076.681874275,-0.007581700715998729,0
2022-03-08,419.6199951171875,427.2099914550781,415.1199951171875,416.25,398.3626708984375,164772700,449.5890020751953,434.6039952754819,431.8801456996373,-6.741250189041352,-5.6610413027890685,-1.0802088862522838,423.8419019488325,34.92260437786916,-3.100776845941552,-146.62181850657916,-85.00804940228906,9.662687531928094,456.9874143749233,436.34500274658205,415.7025911182408,674242000.0,5358772947.40163,-34936200.64049435,0.026810819608671155,1
2022-03-09,425.1400146484375,429.510009765625,422.8200073242188,427.4100036621094,409.0431213378906,116990800,448.592001953125,433.9188532170655,431.029193405878,-6.485339196017435,-5.825900881434742,-0.659438314582693,423.7605549532888,43.78318679119634,1.293990116630001,-53.05612298208115,-53.32593255724284,9.919639120049302,455.0163386573483,435.1685028076172,415.3206669578861,791232800.0,5402316421.72217,-44554144.93033791,-0.004515553354495161,0
2022-03-10,422.5199890136719,426.4299926757813,420.4400024414063,425.4800109863281,407.1960754394531,93972700,447.5642022705078,433.1151539569952,430.1064798990885,-6.364891660565206,-5.933699037260835,-0.431192623304371,423.2799040815982,42.70040703604595,-0.658411600983701,-71.7698563540251,-51.296322262729866,9.708950698667428,450.9532766355619,433.5655029296875,416.1777292238131,697260100.0,5466481946.479657,-24022078.35967827,-0.012715059514942006,-1
2022-03-11,428.1199951171875,428.7699890136719,419.5299987792969,420.0700073242188,402.0185546875,95636300,446.4160021972656,431.872759039588,428.8211946033296,-6.62955679916189,-6.072870589641046,-0.5566862095208434,421.5658814912834,39.73405793508866,-4.038833278305241,-76.55715106611862,-69.0515203717798,9.67545352264654,448.8530431693612,432.1030029296875,415.3529626900137,601623800.0,5382024104.009317,-40311721.15227318,-0.007308323066848477,0
2022-03-14,420.8900146484375,424.5499877929688,415.7900085449219,417.0,399.0804443359375,95729200,445.23280212402346,430.4563057977225,427.3828133719308,-7.006265890317309,-6.259549649776298,-0.7467162405410104,419.4498241379075,38.11589266164524,-4.495798425048919,-105.18351184286364,-79.12703817956012,9.610062503032282,448.4432104902973,430.9300033569336,413.41679622356986,505894600.0,5312740517.799394,-65355741.438557625,0.02199043987466287,1
2022-03-15,419.7699890136719,426.8399963378906,418.4200134277344,426.1700134277344,407.8564147949219,106219100,444.2570025634766,430.0480874767712,426.9294809977213,-6.490053812054953,-6.30565048223203,-0.1844033298229224,420.1842410983349,45.28378169143502,-0.886087134574936,-46.05417927502986,-49.03178959176315,9.626486348379306,447.5067708979676,430.2875045776367,413.0682382573058,612113700.0,5402055787.354242,-41241096.56653595,0.02217420604853415,1
2022-03-16,429.8900146484375,435.6799926757813,424.7999877929688,435.6199951171875,416.9002990722656,144954800,443.41520263671873,430.5787453472871,427.4373372395833,-5.257808729220017,-6.096082131629627,0.8382734024096106,423.3225641194408,51.51617301059935,-0.5183994736834769,43.92127145863746,-21.12347940444319,9.716023386553106,445.6091619975384,429.7635040283203,413.9178460591022,757068500.0,5545411886.94921,17986480.440102577,0.01251093216133281,1
2022-03-17,433.5899963378906,441.0700073242188,433.1900024414063,441.0700073242188,422.1160888671875,102676900,442.68560302734375,431.5779131546139,428.51414707728793,-3.797697690777397,-5.636405243459182,1.838707552681784,427.375301984206,54.71949843399079,1.2301797007777138,111.66684232645198,-0.1538208632753446,9.584879207714492,444.3076960618269,429.4870040893555,414.6663121168841,859745400.0,5648088786.94921,73250731.90280914,0.00782184603841607,0
2022-03-18,438.0,444.8599853515625,437.2200012207031,444.5199890136719,426.7394104003906,106345500,442.2084027099609,432.8104918078575,429.9458599272229,-2.3352452302659685,-4.976173240820539,2.6409280105545703,431.6339800818761,56.67107708903667,2.8576660115736168,137.02654693296475,-1.1432294873373603,9.44595813079627,445.7604589055197,429.86000366210936,413.959548418699,966090900.0,5744969062.956113,120025219.6940384,-0.0002923926222593298,0
2022-03-21,444.3399963378906,446.4599914550781,440.6799926757813,444.3900146484375,426.61468505859375,88349800,441.7374029541016,433.9133035069604,431.32967049734935,-1.173204987145937,-4.2155795900856186,3.042374602939682,435.1071841846483,56.57215275519227,5.950938752238982,127.18618526123775,-6.60490443050239,9.184103891403453,447.4031754396946,430.3680038452149,413.3328322507351,877741100.0,5770037867.975147,136225291.77886772,0.011701391836103525,1
2022-03-22,445.8599853515625,450.5799865722656,445.8599853515625,449.5899963378906,431.606689453125,74650400,441.4074029541016,435.40632187181086,433.1603364490328,0.1654086143107633,-3.3393819492063423,3.5047905635171057,439.2972548069773,59.60985936044736,8.009608729823574,145.93956599162476,-2.791851305517523,8.970237322290929,450.34158116609,431.3690032958984,412.39642542570687,952391500.0,5813373374.80604,144257046.9162302,-0.01287841943122403,-1
2022-03-23,446.9100036621094,448.489990234375,443.7099914550781,443.7999877929688,426.0482177734375,79426100,440.9732025146485,436.2057186262069,434.344239734468,0.7504139325031929,-2.5214227728644354,3.2718367053676283,441.2024438677859,54.99691784062707,3.834721693556007,104.97463660426288,-19.120136528757893,8.749506433756755,451.6538675676578,432.4615020751953,413.2691365827328,872965400.0,5736938094.872313,110108171.5920353,0.015074363734608909,1
2022-03-24,445.9400024414063,450.5,444.760009765625,450.489990234375,432.470703125,64736900,440.588002319336,437.5661254460324,436.0612386067708,1.7338751152161649,-1.6703631952483156,3.40423831046448,444.45842630675446,58.94974202011045,5.87806209510757,104.72853571192132,-0.2537968403196977,8.603113988990645,454.1856709539947,433.5710021972656,412.9563334405365,937702300.0,5801449210.099228,106654607.29597092,0.004883598425542646,0
2022-03-25,451.1600036621094,452.9800109863281,448.4299926757813,452.6900024414063,434.5827026367188,77101300,440.2214025878906,439.00649468368704,437.8820957728794,2.6601334245668795,-0.8042638712852765,3.464397295852156,447.6430143466116,60.18814268195826,7.765371140151577,103.102031648204,-0.7660021747592616,8.313607154816085,456.506895053319,434.318002319336,412.1291095853529,1014803600.0,5868721962.476574,116950878.81346609,0.007113038068738531,0
2022-03-28,452.05999755859375,455.9100036621094,450.05999755859375,455.9100036621094,437.6738586425781,68529800,440.0490026855469,440.616352681632,439.9384768531436,3.6123856626091992,0.0790660354936185,3.5333196271155805,451.0185467159736,61.99530898416511,9.330936130002248,104.5716544396362,0.0,8.137635651151767,459.3818696948131,435.2820022583008,411.1821348217885,1083333400.0,5937251762.476574,132336028.17849064,0.012370827763278136,1
2022-03-29,460.0199890136719,462.0700073242188,457.1799926757813,461.5499877929688,443.08831787109375,86581500,439.9856024169922,442.61003221604506,442.4401897612072,4.767198706698252,1.0166925697345452,3.750506136963707,455.1634249886673,64.99274720413855,8.301845097140747,124.62381845475208,-1.123637737610805,7.996376223363028,463.37872439172,436.8605010986328,410.3422778055457,1169914900.0,6005418564.65586,148288841.95954704,-0.006174792896356585,0
2022-03-30,460.3399963378906,461.2000122070313,456.4700012207031,458.7000122070313,440.3522338867188,79666900,440.0298028564453,444.1424112628056,444.5201432001023,5.390291230605499,1.891412301908736,3.4988789286967625,457.7197056796925,62.31804877600933,5.298199657624756,104.99435050985454,-7.281752822117715,7.788062676856074,466.0801861333243,437.9010009765625,409.7218158198007,1090248000.0,6000871178.230023,139887293.55634594,-0.015391317572948537,-1
2022-03-31,457.8900146484375,458.760009765625,451.1600036621094,451.6400146484375,433.5747375488281,121699900,440.02760314941406,444.8564687281039,445.8286206926618,5.253850625225027,2.563899966571994,2.689950658653033,457.87055524879474,56.1530707482164,2.3964466294913955,67.11718884051854,-22.53671769854735,7.774630064474614,467.4780652735319,438.69750213623047,409.916938998929,968548100.0,5894544236.682783,89901970.2121563,0.0028341128726010467,0
2022-04-01,453.30999755859375,453.4599914550781,449.1400146484375,452.9200134277344,434.8035278320313,89048800,440.1510034179688,445.624425366164,447.18314557756696,5.189187938158852,3.088957560889366,2.1002303772694866,458.2138478468792,56.98394997819152,1.889684293545716,44.75300392991904,-20.962188260973324,7.527869117486473,468.9916173406534,439.7350021362305,410.4783869318076,1057596900.0,5961331623.016204,82531054.47633553,0.008566577431344813,0
2022-04-04,453.1300048828125,456.9100036621094,452.260009765625,456.7999877929688,438.52825927734375,59601000,440.5274029541016,446.6887646449073,448.8083823067801,5.388903868445823,3.5489468224006577,1.839957046045165,459.39331581226975,59.48986529447281,2.7925859572585114,69.5459227201335,-14.1401040233725,7.3223066017006095,470.2001526247233,441.60350189208987,413.0068511594564,1117197900.0,6018112380.253475,90079461.298419,-0.01263132479829887,-1
2022-04-05,455.2200012207031,457.8299865722656,449.8200073242188,451.0299987792969,432.9891052246094,74214500,440.7512030029297,447.1022155148492,449.7061439150856,5.023680429620526,3.843893543844632,1.1797868857758944,458.75577564618766,54.41328113608635,0.3202923670757149,33.24855958758646,-38.22716993892278,7.371426076439625,469.7031487701531,443.3425018310547,416.9818548919562,1042983400.0,5966319638.927767,68498895.36759853,-0.00999935653466788,0
2022-04-06,446.8900146484375,448.9299926757813,443.4700012207031,446.5199890136719,428.659423828125,106898000,440.99220275878906,447.0467653718799,450.0087617420015,4.32051393152102,3.9392176213799095,0.3812963101411109,456.9618319855661,50.76663077294285,0.6128889805134333,-70.44619186243416,-62.575511031150114,7.384895468022062,469.64523323598615,444.2980010986328,418.9507689612795,936085400.0,5978849516.343047,57430088.90370655,0.005038968143330047,0
2022-04-07,445.5899963378906,450.6900024414063,443.5299987792969,448.7699890136719,430.8194274902344,78097200,441.3000024414063,447.2108819091934,450.4346653529576,3.8998505619955495,3.9313442095030378,-0.0314936475074882,455.9865089429585,52.47773346989641,-0.3818067566403119,-62.07624677805739,-62.178631147026685,7.3688317675997315,469.3420797925512,445.4625,421.5829202074488,1014182600.0,6015061912.998049,59203149.84018707,-0.002673934796955657,0
2022-04-08,447.9700012207031,450.6300048828125,445.9400024414063,447.5700073242188,429.6674499511719,79272700,441.6266027832031,447.245084329672,450.6353803362165,3.430103222473633,3.831096012097157,-0.4009927896235239,454.79862860411015,51.450700014241015,-1.1310157258995803,-65.75058770663439,-77.95696366604568,7.177486815728765,467.68466795239146,446.8375,425.9903320476085,934909900.0,5990891482.000276,46855796.73853111,-0.017092284494708787,-1
2022-04-11,444.1099853515625,445.0,439.3900146484375,439.9200134277344,422.3235168457031,89770500,441.5860028076172,446.5474585294874,449.9765720912389,2.4127221388270077,3.5474212374431278,-1.13469909861612,451.773846774582,45.35645664522305,-3.5072690017624035,-153.98390258679592,-97.66314395743684,7.249094377161088,464.1348530706575,447.9835006713867,431.8321482721159,845139400.0,5918082971.180379,14378644.596201897,-0.003705230116974989,0
2022-04-12,443.0799865722656,445.75,436.6499938964844,438.2900085449219,420.7586364746094,84363600,441.3536029052734,445.7610347214336,449.0533823649088,1.458104408693487,3.129557871693199,-1.6714534629997124,448.8218784178633,44.15631144263258,-5.039536315290802,-152.24668269007404,-93.54833287913152,7.381302357614984,462.1181498160207,448.5895004272461,435.0608510384714,760775800.0,5864127601.289471,-17382230.299695015,0.01145357848867623,1
2022-04-13,438.0299987792969,444.1099853515625,437.8399963378906,443.30999755859375,425.5778503417969,74070400,441.1608026123047,445.5276026106869,448.55057256789433,1.0940229242527266,2.722450882205105,-1.6284279579523782,447.6732187071024,48.66172337368044,-3.355137178738808,-109.86093381084471,-73.8001567896774,7.30192283304762,461.3984123832584,448.9740005493164,436.5495887153745,834846200.0,5919296719.105051,-11241302.515813828,-0.01245175846263713,-1
2022-04-14,443.5499877929688,444.7300109863281,437.6799926757813,437.7900085449219,420.2786560058594,97869500,440.7696026611328,444.79068889013786,447.48543047223774,0.3559653963295659,2.2491537850299967,-1.8931883887004308,445.2798513093447,44.41806714890095,-3.066602970132452,-107.66496577668454,-95.51528699353996,7.283929652868991,461.7243391203128,448.8100006103516,435.8956621003903,736976700.0,5824481735.456802,-37875572.08177662,0.0004111392957082405,0
2022-04-18,436.80999755859375,439.75,435.6099853515625,437.9700012207031,420.4514770507813,66002500,440.59700256347656,444.1410995882869,446.4530495779855,-0.211982999232589,1.7569264281774797,-1.9689094274100687,443.3568547732093,44.587758509049934,-3.3008062712637445,-113.85458556908486,-91.08082422766142,7.059364295409599,462.12696505049786,448.4825012207031,434.8380373909084,802979200.0,5833728702.248782,-42385959.09933376,0.01614267485104759,1
2022-04-19,437.8599853515625,445.7999877929688,437.6799926757813,445.0400085449219,427.2386779785156,77821000,440.5238024902344,444.2267099651093,446.125193132673,-0.0905518644876792,1.387430769644448,-1.4779826341321274,443.6182119300885,50.925463320740505,-2.5744263490166284,-50.47867150339659,-63.14961587723344,7.1351236398223055,462.1233670987857,448.51500091552737,434.906634732269,880800200.0,5896982613.424536,-20251603.950654984,-0.0007415447679024467,0
2022-04-20,446.9200134277344,447.5700073242188,443.4800109863281,444.7099914550781,426.9218444824219,65224400,440.4728021240234,444.27273677367776,445.7628112792969,-0.0207077305926191,1.105803069597035,-1.1265108001896538,443.752783550872,50.63434286853315,-1.4012387959390098,-11.753674837998483,-60.691159798571015,6.917614546827189,461.9682260133416,448.27100067138673,434.5737753294319,815575800.0,5870987949.325626,-17626615.06215191,-0.014953551807383003,-1
2022-04-21,448.5400085449219,450.010009765625,437.1000061035156,438.05999755859375,420.5378723144531,85417300,440.2152020263672,443.6810473246221,444.7903347923642,-0.4962344011283335,0.785395575451961,-1.2816299765802943,442.1432463762657,45.04622417783629,-1.8946501082214915,-53.1453781334678,-88.9738430583501,7.345642340775917,462.2717383098076,447.984001159668,433.6962640095283,730158500.0,5798273957.5913725,-38086606.51755905,-0.027439138658316153,-1
2022-04-22,436.9100036621094,438.0799865722656,425.4400024414063,426.0400085449219,408.9986572265625,132471800,439.5852020263672,442.0009483932221,442.700430733817,-1.822002461457771,0.2639159680700146,-2.0859184295277857,437.7171900054639,37.08037516035623,-5.0649510941467,-191.92589887501865,-98.1475566610608,7.72380961149616,463.8849708520535,446.7615020751953,429.6380332983371,597686700.0,5678378738.023882,-81142663.20101261,0.005797580441186945,0
2022-04-25,423.6700134277344,428.6900024414063,418.8399963378906,428.510009765625,411.369873046875,119647700,439.1690020751953,440.7160970953557,440.9621933710008,-2.642908936002073,-0.3174490127444028,-2.32545992325767,434.7597510432423,39.4499265488416,-4.258551119755168,-219.5008174454512,-75.19872826434069,7.875680789497555,464.1793764003094,445.5525024414063,426.9256284825031,717334400.0,5793653707.804682,-54701499.350260735,-0.028960825603343676,-1
2022-04-26,425.8299865722656,426.0400085449219,416.0700073242188,416.1000061035156,399.4562377929688,103996300,438.6818023681641,438.3717074770853,438.1571937197731,-4.245922461058399,-1.103143702407202,-3.142778758651197,429.1635422969675,32.77199053925065,-5.414622339779425,-208.6299974229864,-99.91334840113272,8.201703764633887,465.5425943713429,443.5620025634765,421.5814107556102,613338100.0,5690283237.628035,-71802400.16295338,0.002811782968023202,0
2022-04-27,417.239990234375,422.9200134277344,415.010009765625,417.2699890136719,400.5794372558594,122030000,438.2468023681641,436.3620200043792,435.6531924293155,-5.360126187730373,-1.954540199471836,-3.4055859882585366,424.95025568740346,33.90788503652659,-4.79591574561198,-157.44780557277204,-93.66597614359688,8.180868043024994,464.5229827988818,441.3480026245117,418.1730224501416,735368100.0,5637983993.622556,-88911400.84598446,0.02525944549675363,1
2022-04-28,422.2900085449219,429.6400146484375,417.6000061035156,427.80999755859375,410.6978759765625,105449100,437.8810021972656,435.5475416762091,434.36385861351374,-5.331195363873007,-2.6298712323520705,-2.701324131520937,424.3220326761194,43.21596528589232,-3.496424643107967,-82.25960250550666,-64.06516129253356,8.480093585292181,462.25288595836753,439.80350189208986,417.3541178258122,840817200.0,5711377691.935979,-64475142.49422741,-0.03695565238965315,-1
2022-04-29,423.5899963378906,425.8699951171875,411.2099914550781,412.0,395.520263671875,145491100,437.1890020751953,433.3049186594273,431.7159060523624,-6.508970787304236,-3.405691143342504,-3.103279643961732,419.8023123023781,35.206420045573665,-5.89095411990782,-121.04952864189188,-97.96389646365932,9.060087336593856,462.6176273488214,437.821501159668,413.0253749705145,695326100.0,5581567244.527786,-89920438.93527603,0.0060194441415730715,0
2022-05-02,412.0700073242188,415.9200134277344,405.0199890136719,414.4800109863281,397.9010925292969,158312500,436.73740234375,431.5120703096084,429.4929069882347,-7.159717370430087,-4.15649638876002,-3.003220981670067,416.8497980836699,37.173460383913806,-5.3633788088006185,-125.72282572238606,-78.97306599431705,9.191511413555904,461.6568990869371,435.8995010375976,410.1421029882582,853638600.0,5698050409.501524,-55092467.81176281,0.00458404228460374,0
2022-05-03,415.010009765625,418.9299926757813,413.3599853515625,416.3800048828125,399.72503662109375,100028200,436.3804022216797,430.0709212213421,427.6339073544457,-7.436402874066346,-4.812477685821285,-2.6239251882450603,415.043961720396,38.70865599185116,-6.439871272655807,-83.92828508056617,-74.74992080627689,8.932832550031824,459.09639000336114,433.8785018920898,408.66061378081855,953666800.0,5706491408.944866,-33150482.728193283,0.030452933683378758,1
2022-05-04,417.0799865722656,429.6600036621094,413.7099914550781,429.05999755859375,411.8978271484375,144247900,436.3702020263672,429.9746427772708,427.175002179827,-6.556924546664163,-5.161367057989861,-1.395557488674302,416.9789616345108,47.864629430434015,-3.51914600463058,-27.32536718796763,-46.565909188032016,9.434059668388926,456.79924201396295,432.7800018310547,408.7607616481464,1097914700.0,5839886700.270227,21283420.475717545,-0.03554281472701826,-1
2022-05-05,424.5499877929688,425.0,409.4400024414063,413.80999755859375,397.2579040527344,172929100,436.20740173339846,428.4351527564444,425.3683351062593,-7.009676004720404,-5.53102884733597,-1.478647157384434,414.7246753158786,40.1050233112693,-5.535771386374165,-74.13863274556357,-80.46231498006082,10.161626486160248,455.6483637176315,431.1445022583008,406.6406407989701,924985600.0,5764091204.536412,17500230.373311996,-0.0059689259207744705,0
2022-05-06,411.1000061035156,414.7999877929688,405.7300109863281,411.3399963378906,394.8866271972656,151770800,435.8682019042969,426.807042621344,423.4821916852679,-7.481550594823773,-5.921133196833531,-1.5604173979902418,412.35041674226295,39.002150235864974,-3.4503830420145327,-102.82991971193448,-85.95242407407784,10.083651509051707,453.82379318568417,429.2730026245117,404.72221206333927,773214800.0,5800067734.644587,25808709.4228096,-0.03201726802014637,-1
2022-05-09,405.1000061035156,406.4100036621094,396.5,398.1700134277344,382.2434692382813,155586100,435.0766021728516,424.0797065076669,420.5200022379557,-8.816590000474775,-6.50022455756178,-2.3163654429129954,407.1087654094479,33.68333850495956,-7.080347167265751,-157.60616708446312,-96.87906349662602,10.423390425397344,453.35221825533495,426.8030029296875,400.2537876040401,617628700.0,5696919733.565231,-5958432.166082382,0.0023105278627999493,0
2022-05-10,404.489990234375,406.0799865722656,394.8200073242188,399.0899963378906,383.1266174316406,132497200,434.3258020019532,421.69973411054536,417.8806682768322,-9.688698134570927,-7.137919272963609,-2.550778861607318,403.188143630346,34.35677279014612,-4.087961912068158,-151.42998449210415,-92.2631113883259,10.483146769872306,453.1759506083317,424.7615020751953,396.3470535420589,750125900.0,5664913231.794612,-28596292.273454662,-0.015886131940332726,-1
2022-05-11,398.0700073242188,404.0400085449219,391.9599914550781,392.75,377.0402221679688,142361000,433.5812017822266,418.9426165762077,414.8319537934803,-10.76731591747432,-7.863798601865752,-2.9035173156085685,398.4827328525865,31.94895738531252,-5.876288652253991,-156.40605185218803,-98.2870584810026,10.597208935584552,453.3873351300317,422.4845016479492,391.58166816586674,607764900.0,5541172471.422945,-74629632.22895908,-0.0010439303936584654,0
2022-05-12,389.3699951171875,395.7999877929688,385.1499938964844,392.3399963378906,376.6466369628906,125090800,432.6702014160156,416.409033696368,411.9610485258556,-11.522389219946092,-8.59551672548182,-2.926872494464272,394.6875208233881,31.793777165014543,-8.291064122652973,-155.99102447230473,-83.84632472725477,10.600979289934545,451.93605925982655,419.9360015869141,387.9359439140016,482674100.0,5584983769.6099415,-72736982.5849886,0.02390784770955201,1
2022-05-13,396.7099914550781,403.1799926757813,395.6099853515625,401.7200012207031,385.6514587402344,104174400,431.99040161132814,415.0100782224952,410.2261913481213,-11.234399090547868,-9.12329319849503,-2.111105892052837,394.1898773850579,39.08355415656742,-2.495145334780795,-74.4814418534705,-62.77240240684976,10.618051936217125,449.9696596643062,418.1325012207032,386.2953427771001,586848500.0,5648974923.4587,-44989442.18012428,-0.004057564666582247,0
2022-05-16,399.9800109863281,403.9700012207031,397.6000061035156,400.0899963378906,384.0866394042969,78622400,431.3488012695312,413.589118043009,408.50785754975817,-11.01076733776165,-9.500788026348356,-1.509979311413295,393.5371044253165,38.31715672146518,-3.4718235540946663,-60.2366902812812,-66.43451097837236,10.314619306286437,447.6336729828303,416.2385009765625,384.8433289702947,508226100.0,5631818507.215862,-35007086.075387955,0.020570399314302268,1
2022-05-17,406.5299987792969,408.5700073242188,402.5799865722656,408.3200073242188,391.9874267578125,83029700,431.1266015625,413.0872979745528,407.753715297154,-10.053553352050985,-9.61134109148888,-0.442212260562103,395.3075601808077,44.26035702796533,-1.9357311744261416,-12.93192518440529,-47.94426343705592,10.183575854860848,443.0173289092277,414.40250091552736,385.78767292182704,591255800.0,5707917538.405332,-3527604.465401649,-0.04031157346543279,-1
2022-05-18,403.5,403.7999877929688,390.5499877929688,391.8599853515625,376.1858215332031,117674500,430.63880126953126,411.0656491533157,405.60680905296687,-10.502079151924876,-9.78948870357608,-0.712590448348795,392.6448036700133,36.65377762495549,-8.670118962080846,-84.76871052160897,-84.92475851968867,10.725464688888646,438.3833241197668,411.76000061035154,385.13667710093625,473581300.0,5613511462.210423,-20367240.371933937,-0.006124621002910446,0
2022-05-19,388.6199951171875,394.1400146484375,387.1099853515625,389.4599914550781,373.8818359375,98510700,429.8798010253906,409.0079674677693,403.4829986572266,-10.925258945255962,-10.016642751912055,-0.9086161933439048,389.9930990228364,35.69062944661881,-5.884344565664527,-109.14450147039577,-90.31679035504874,10.461505018030527,434.7524679769799,409.33000030517576,383.9075326333716,375070600.0,5580861297.489985,-35793303.80184269,0.0004365363104414932,0
2022-05-20,393.25,397.0299987792969,380.5400085449219,389.6300048828125,374.0450439453125,131432200,429.1628009033203,407.1624472215829,401.6068086170015,-11.118743365222995,-10.237062874574246,-0.8816804906487512,388.022109331058,35.81928740965498,-5.27787028938579,-104.62645224130928,-81.49430529012825,10.892111104912274,433.0989133179789,407.5095001220704,381.9200869261618,506502800.0,5594331332.082023,-34564109.307352066,0.01871007995678986,1
2022-05-23,392.8299865722656,397.7300109863281,390.3800048828125,396.9200134277344,381.0434265136719,76414900,428.6998010253906,406.1869773364545,400.59828607468376,-10.562085253463067,-10.30206735035201,-0.2600179031110574,388.4579215020573,41.247058508944505,-0.3139362477950309,-53.75996645311051,-66.65308120708465,10.69267503338394,429.9937064548271,405.9300003051758,381.8662941555245,582917700.0,5653903829.0776005,-11964179.85125351,-0.007633776773134482,0
2022-05-24,392.55999755859375,395.1499938964844,386.9599914550781,393.8900146484375,378.1346740722656,91448800,428.2376013183594,405.0158380328338,399.45162077404206,-10.247300763640965,-10.2911140330098,0.0438132693688366,388.18159496920936,39.74262620209608,-1.3029596675358774,-74.58925105795986,-69.97298994759295,10.640342671903392,428.9532025576219,404.8195007324219,380.68579890722185,491468900.0,5717215008.586488,18513364.75645542,0.008834904007038569,0
2022-05-25,392.30999755859375,399.4500122070313,391.8900146484375,397.3699951171875,381.4754638671875,91472900,427.6616009521484,404.2876625170579,398.7421440487816,-9.60629110301238,-10.15414944701032,0.5478583439979374,389.0010692668754,42.34365873532192,1.176319571530872,-15.938088190001796,-50.875666180606174,10.420318020952708,427.4586196230419,403.82450103759766,380.1903824521534,582941800.0,5758353184.591429,42387837.66514015,0.01998138394687965,1
2022-05-26,398.6700134277344,407.0400085449219,398.4500122070313,405.30999755859375,389.0978088378906,82168300,427.0554010009766,404.38502775910894,398.8836199079241,-8.36121164590611,-9.795561886789477,1.4343502408833668,391.86394077197,47.872464007650926,3.305806530500427,104.97661483720093,-11.630431350688864,10.366724835722826,423.6491929833491,402.69950103759766,381.7498090918462,665110100.0,5807424366.470233,63914785.57420921,0.02454914082298898,1
2022-05-27,407.9100036621094,415.3800048828125,407.7000122070313,415.260009765625,398.6498718261719,84768700,426.5392010498047,405.4207403311581,400.0798588344029,-6.496704412046597,-9.1357903918409,2.639085979794304,396.9025466748668,53.84538789808242,3.370508937513185,189.61163082543425,-0.3444177089565237,10.345530727758248,424.1471611589715,402.8625015258789,381.57784189278624,749878800.0,5889544149.858006,93039851.1991005,-0.005610983564631633,0
2022-05-31,413.5499877929688,416.4599914550781,410.0299987792969,412.9299926757813,396.41302490234375,95937000,425.9074011230469,406.1359072211222,401.038667515346,-5.147741937847343,-8.33818070104219,3.1904387631948463,400.50855171996574,52.333161104292266,3.2092770265235115,151.48279846247607,-9.827395486590618,10.06584943833132,423.9105841650589,402.7850006103516,381.6594170556442,653941800.0,5880144329.128812,93505630.4318943,-0.00808852928373538,0
2022-06-01,415.1700134277344,416.239990234375,406.9299926757813,409.5899963378906,393.2066650390625,86585800,425.2114007568359,406.46486808938585,401.6867623465402,-4.298637235011881,-7.530272007836128,3.231634772824247,402.6510313214144,50.1585338832643,0.3110278680670691,105.59249247557706,-19.125830695328737,10.01186001835006,422.89362976757457,402.4455001831055,381.9973705986364,567356000.0,5843036210.22102,73388535.8808403,0.019043478552421167,1
2022-06-02,409.4200134277344,417.4400024414063,407.0400085449219,417.3900146484375,400.6946716308594,79609600,424.56740112304686,407.5053582378669,403.11004943847655,-2.962173260894758,-6.616652258447854,3.654478997553096,406.4652139318248,54.87443626749723,6.515089636919776,111.63308727826885,-0.1354682960356013,10.039583866788233,419.74398993433226,401.8620010375977,383.9800121408631,646965600.0,5921880519.732826,83573956.0563612,-0.016411523666384986,-1
2022-06-03,412.3999938964844,414.0400085449219,409.510009765625,410.5400085449219,394.11865234375,71874300,423.90220153808593,407.7943725528245,403.936526343936,-2.427768374776917,-5.778875481713667,3.35110710693675,407.8287873128714,50.36728095162096,5.412627112501543,75.21617844927209,-18.69917354415014,9.885328225075678,419.1961939292697,401.69850158691406,384.2008092445584,575091300.0,5882690750.069193,67673614.32097721,0.003044770239154948,0
2022-06-06,414.7799987792969,416.6099853515625,410.5499877929688,411.7900085449219,395.3186950683594,57508900,423.1282019042969,408.1749093139766,404.89762224469865,-1.881693112151538,-4.999439007801242,3.117745895649704,409.27126912366987,51.155687443906594,5.687447933783835,76.28290704934969,-15.311639108489729,9.612803123758887,419.269313527076,401.7210021972657,384.17269086745534,632600200.0,5848717248.799137,44207031.9050312,0.009592223238758413,0
2022-06-07,408.1000061035156,416.2200012207031,407.6099853515625,415.739990234375,399.1106872558594,59272400,422.3892016601562,408.8953932111575,406.2327639625186,-1.1173143173502351,-4.223014069711041,3.105699752360806,411.4697506262684,53.660653151444734,4.741503620367861,70.82889140689392,-4.607079913889289,9.541175462714728,421.0830258785673,402.5995010375976,384.115976196628,691872600.0,5901380740.37935,47344810.79175568,-0.010872153557139663,-1
2022-06-08,413.9299926757813,415.8200073242188,410.3800048828125,411.2200012207031,394.77142333984375,64350000,421.4954016113281,409.1167844501618,407.0537639799573,-0.8662780396950325,-3.55166686370784,2.6853888240128074,412.07963999174456,50.47090872246492,4.399701928908588,57.38205818263763,-16.856374659985452,9.24823453262127,421.9828114580195,403.2060012817383,384.42919110545705,627522600.0,5856903438.939863,30172505.260873795,-0.023782886898168765,-1
2022-06-09,409.3399963378906,411.739990234375,401.4400024414063,401.4400024414063,385.3826599121094,86289800,420.2932019042969,408.3856623540898,406.8855736142113,-1.4398959237587403,-3.1293126757180203,1.6894167519592798,410.0172234147523,44.33060695431333,1.0242361965499005,-8.22336212498058,-43.36044077645326,9.323359765503229,421.82212940549886,403.64050140380857,385.4588734021183,541232800.0,5770613638.939863,-7051329.298202515,-0.028995652096570623,-1
2022-06-10,394.8800048828125,395.7799987792969,389.75,389.7999877929688,374.2082214355469,132893900,418.9152014160156,406.6155981101736,405.567429460798,-2.801450751618404,-3.0637402908980973,0.2622895392796933,405.2891042414317,38.35037992663113,-3.826702982667664,-126.30152879201286,-90.68243007141774,9.492405670924876,422.0412844600547,403.5135009765625,384.9857174930703,408338900.0,5639923080.268165,-63221591.25898361,-0.037968158687653464,-1
2022-06-13,379.8500061035156,381.80999755859375,373.2999877929688,375.0,360.0002136230469,170004900,417.38240112304686,403.6045887663475,402.8518579392206,-5.016896429276699,-3.4543715185738177,-1.562524910702881,397.57756752517895,32.370924759418045,-9.695132885140556,-206.65504272746333,-96.14859165641133,9.992948123001671,424.4956503789588,402.1775009155273,379.8593514520959,238334000.0,5537840641.749358,-112933693.29356098,-0.003013346354166613,0
2022-06-14,376.8500061035156,377.9400024414063,370.5899963378906,373.8699951171875,358.9154357910156,104011800,415.801400756836,400.7727227045228,400.1559050060454,-6.785614698101938,-4.120620154479441,-2.6649945436224964,391.0018199276949,31.96117535461367,-9.459229954570628,-182.5792220500598,-92.99893628178046,9.804166550181243,426.373683228565,400.8665008544922,375.35931848041935,134322200.0,5526661030.51973,-126560911.94499113,0.014256338190961726,1
2022-06-15,377.3599853515625,383.8999938964844,372.1199951171875,379.2000122070313,364.0322265625,125666800,414.2494012451172,398.7181788476188,398.0924298967634,-7.668847138611682,-4.83026555130589,-2.838581587305792,387.066768910076,36.07162964900119,-7.419610928629504,-126.50900010428536,-81.62216702786176,9.9452974236895,426.3347096446836,399.4105010986328,372.4862925525821,259989000.0,5552050798.231715,-112551583.30812643,-0.03309603878307632,-1
2022-06-16,370.510009765625,370.9400024414063,364.0799865722656,366.6499938964844,351.9842529296875,134473300,412.5618011474609,395.6640659951298,394.9723815917969,-9.27458515935541,-5.719129472915794,-3.5554556864396165,380.6793169453991,31.27983770370103,-12.156500867585638,-137.72894143033966,-95.18364587724,10.3149208673378,428.5112544308339,398.1500015258789,367.7887486209239,125515700.0,5518334514.688927,-107316440.60137558,-0.0021546667341413306,0
2022-06-17,365.510009765625,369.3800048828125,362.1700134277344,365.8599853515625,352.7430114746094,111113900,410.94860107421874,392.8255821243139,391.8971419561477,-10.489969359711267,-6.673297450274889,-3.816671909436378,375.35653673529976,31.00066349653617,-10.883232392311507,-115.16342081629004,-93.32373320552796,10.093140195033538,430.2815885287133,396.9700012207031,363.65841391269294,14401800.0,5520953668.022373,-94585384.28784657,0.025173624723693777,1
2022-06-21,371.8900146484375,376.5299987792969,371.80999755859375,375.0700073242188,361.622802734375,76811900,409.4746014404297,391.1345750004953,389.8114282517206,-10.58794703043668,-7.456227366307248,-3.1317196641294327,373.52327370150783,37.95320679045381,-8.917166628314954,-70.50180311195908,-76.66003897107089,10.13434542594074,430.7773274737844,396.2420013427735,361.7066752117625,91213700.0,5550246632.155825,-71458065.00004578,-0.0018129753446094465,0
2022-06-22,370.6199951171875,378.7200012207031,370.1799926757813,374.3900146484375,360.96722412109375,90059400,408.01100158691406,389.539854966966,387.7302866617839,-10.59829422772907,-8.084640738591613,-2.5136534891374573,371.9920700843284,37.65155220993451,-9.946114532457244,-61.40701116123197,-77.89034982858362,10.020464220153674,430.9348071891775,395.1155014038086,359.2961956184397,1154300.0,5548981535.077148,-55903232.089157104,0.0098025662185528,0
2022-06-23,376.6400146484375,378.8299865722656,372.8900146484375,378.05999755859375,364.5056457519531,79292100,406.7738012695313,388.4465352137877,386.1059529622396,-10.192860554965876,-8.506284701866466,-1.6865758530994093,371.836585745267,40.404629851595054,-8.063810992576768,-45.94306250111536,-70.81191710919232,9.729000484701848,430.9080742872208,394.3240005493164,357.739926811412,80446400.0,5607716620.1101055,-25769343.19792843,0.03179386629448655,1
2022-06-24,381.3999938964844,390.0899963378906,381.3699951171875,390.0799865722656,376.09466552734375,98050300,405.8096008300781,388.6021020098332,385.7017611549014,-8.800195613049766,-8.565066884103127,-0.2351287289466395,374.96858340108463,48.43559172545329,-2.8298166102165605,3.301121630010321,-48.73257248629259,9.89335750574435,430.5601793966488,393.9595001220703,357.3588208474918,178496700.0,5705541814.5172,20027022.586916924,-0.0038197043828572808,0
2022-06-27,391.0499877929688,391.3599853515625,387.4400024414063,388.5899963378906,374.6580810546875,66009600,404.715200805664,388.6009490886958,385.1903798421224,-7.727648846905538,-8.39758327666361,0.6699344297580723,377.27090024866254,47.57965750724598,-0.3104134153336183,22.70969549848361,-51.11935452908063,9.466687891773766,429.4114277329031,393.1235000610352,356.8355723891672,112487100.0,5678262300.259512,28261415.636279102,-0.02043285343481205,-1
2022-06-28,390.2300109863281,393.1600036621094,380.5299987792969,380.6499938964844,367.0027465820313,86548900,403.5724005126953,387.8437152608661,384.00242687407,-7.4326605628089055,-8.20459873389267,0.7719381710837645,377.1989441572888,43.19870629079667,1.5066650390625,13.048540843275834,-65.55455252351679,9.69263910541939,426.5774819490281,391.39299926757815,356.2085165861282,25938200.0,5593357967.382693,2045796.365096092,-0.000814390026440015,0
2022-06-29,381.2300109863281,382.2699890136719,378.4200134277344,380.3399963378906,366.7038879394531,65676000,402.4198004150391,387.1290753634399,382.9497599283854,-7.141570851306994,-7.991993157375536,0.8504223060685412,377.1499751191005,43.03211124562488,1.7305484005677263,-0.6229066310884421,-63.34478230435219,9.275305996884969,423.8074724956729,389.7634994506836,355.71952640569424,-39737800.0,5593187212.698017,-8919087.678703308,-0.008124300277758567,0
2022-06-30,376.239990234375,380.6600036621094,372.55999755859375,377.25,363.72467041015625,112508300,401.06400024414063,386.1882110431123,381.7579980759394,-7.078619123081012,-7.809318350516632,0.7306992274356201,376.3930942537731,41.32149822275014,-0.5142437089286436,-18.0441603724854,-55.1324214678226,9.191356004501444,421.3313287729212,388.14649963378906,354.96167049465697,-152246100.0,5610966271.728388,-6936922.579802513,0.010576514869118592,1
2022-07-01,376.55999755859375,381.7000122070313,373.7999877929688,381.239990234375,367.5715942382813,74839700,399.7946002197266,385.7169519184706,381.1002352759952,-6.630340125026976,-7.573522705418701,0.9431825803917252,376.8895122242818,44.39525517101399,3.9792708525203992,19.589694748161,-38.464076101941934,9.099118033755806,416.78022018023046,386.338998413086,355.89777664594146,-77406400.0,5677090072.986171,15543983.77720642,0.00188857737683934,0
2022-07-05,375.8800048828125,381.9800109863281,372.8999938964844,381.9599914550781,368.2657470703125,81438000,398.6726000976562,385.3591461600523,380.6831869942801,-6.146128959372618,-7.288043956209485,1.1419149968368671,377.55882188926336,44.95559280141232,4.400592234224465,17.66421511068066,-36.14074132429984,9.09775368061923,413.2859939466563,384.9099975585938,356.53400117053127,4031600.0,5758168965.603485,49125458.23083687,0.0033773394433473936,0
2022-07-06,382.1099853515625,385.8699951171875,379.6000061035156,383.25,369.509521484375,70426200,397.8167999267578,385.1582750971902,380.5250919886998,-5.593813216779381,-6.949197808323465,1.355384591544084,378.509115712418,46.005453960979445,2.1809242317555477,62.82801446644216,-31.978079331941544,8.89577049012299,409.0387395465424,383.4829971313477,357.92725471615285,74457800.0,5769738188.431842,62078499.74990463,0.014977143468688947,1
2022-07-07,385.1199951171875,389.8299865722656,383.2699890136719,388.989990234375,375.0437622070313,64525900,397.0263995361328,385.52320034835066,381.0495675223214,-4.639449089592063,-6.487248064577185,1.847798974985122,380.8344474480671,50.52703061217131,3.899670134003781,103.13282647346784,-13.456001102926695,8.73035735313318,403.2145032585812,382.14549713134767,361.0764910041142,138983700.0,5817739228.71506,77007029.57510185,-0.0008225836516971841,0
2022-07-08,387.2699890136719,390.6400146484375,385.6600036621094,388.6700134277344,374.7352600097656,72397800,396.4777996826172,385.8228968321015,381.6709500267392,-3.864381907971108,-5.962674833255969,2.098292925284861,382.7004819109887,50.274288294152605,2.8064370569902013,99.27514877921534,-14.488517745302708,8.462475469789961,397.699319771645,381.0179977416992,364.3366757117535,66585900.0,5832858538.861214,80924205.95235825,-0.0114235785834087,-1
2022-07-11,385.8500061035156,386.8699951171875,383.5,384.2300109863281,370.4544067382813,58366900,395.8170001220704,385.6711934182183,381.9768560500372,-3.567285229286597,-5.483596912462095,1.9163116831754976,383.1071962167104,46.77771539082294,-1.4996861636872885,44.836672913485366,-38.85982770458264,8.227299609643135,394.08432182811765,380.1574981689453,366.230674509773,8219000.0,5799778606.204641,64644508.08393097,-0.008848929851508869,0
2022-07-12,383.6499938964844,386.1600036621094,378.989990234375,380.8299865722656,367.1763000488281,62219200,394.87739990234377,385.2101260995561,382.0409025646391,-3.5650913718460515,-5.099895804338887,1.5348044324928356,382.5802864677168,44.24026319882158,-1.996965912338474,-5.529421147106417,-53.65540119706418,8.151779168078223,392.9243957529048,379.7089981079101,366.4936004629154,-54000200.0,5769493265.548238,42471613.46672535,-0.005251687289652196,0
2022-07-13,375.1000061035156,381.9200134277344,374.6600036621094,378.8299865722656,365.2480163574219,84224600,394.21399963378906,384.6024937636237,381.95718718029207,-3.6822888753117695,-4.816374418533464,1.134085543221694,381.6502964672564,42.770537745964326,-0.478131447104053,-73.76530637238874,-69.56316914584879,8.088081353617278,392.9473225891724,379.9004974365234,366.8536722838745,-138224800.0,5782022018.216631,33526249.3844738,-0.0024284849213771498,0
2022-07-14,373.6099853515625,379.0499877929688,371.0400085449219,377.9100036621094,364.3610229492188,89704800,393.4825994873047,383.9651137539557,381.7676163446336,-3.805535825272443,-4.61420669988126,0.8086708746088167,380.6721894995077,42.07805553187054,-0.6389001154699666,-115.64264639063248,-68.94214903397771,8.082502631790826,392.89215975616736,380.1024978637696,367.3128359713717,-227929600.0,5846193156.943576,47237031.00171948,0.019105080973613298,1
2022-07-15,382.5499877929688,385.25,380.5400085449219,385.1300048828125,371.3221130371094,79060400,392.8575994873047,384.0760557662278,382.24642653692337,-3.2827743829886917,-4.3479202365027465,1.0651458535140552,381.7687858461509,49.04994882967278,2.088801824469848,24.85200504380724,-36.30199164491438,8.02946646794081,393.36495571450826,380.3989974975586,367.4330392806089,-148869200.0,5921225158.143547,72425530.13588238,-0.008256933075751371,0
2022-07-18,388.3800048828125,389.0899963378906,380.6600036621094,381.9500122070313,368.2561645507813,63203600,391.9153997802735,383.8735754272568,382.3941422235398,-3.089467547552431,-4.096229698712683,1.0067621511602525,381.8635052892884,46.40079860616951,0.186240161274741,41.05372948550116,-50.67809190594157,8.058075482786556,392.49754491018825,381.163998413086,369.8304519159837,-212072800.0,5877365153.614055,62190321.05539417,0.027019181769385003,1
2022-07-19,386.0799865722656,392.8699951171875,385.3900146484375,392.2699890136719,378.20611572265625,78506000,391.484599609375,384.6732338640582,383.4518556140718,-2.079562702762928,-3.692896299522732,1.613333596759804,384.6342762399204,54.91159473677181,2.699234943250934,147.33210493271142,-2.7485408730297367,8.262497441884387,392.449458985187,382.4844985961914,372.5195382071959,-133566800.0,5943276447.154756,73321299.73492718,0.006373161521445958,0
2022-07-20,392.4700012207031,396.260009765625,391.0299987792969,394.7699890136719,380.6164855957031,71843800,391.1531994628906,385.6348295925928,384.6219023204985,-1.065197793565858,-3.167356598331357,2.1021588047654998,387.5577468217545,56.70506797824036,3.00586797486546,171.640559364744,-5.908091514008196,8.04589126648751,394.1751626092786,383.46949768066406,372.7638327520496,-61723000.0,5974183907.564262,81043501.16731358,0.010183194374258298,1
2022-07-21,394.1600036621094,398.8399963378906,391.6300048828125,398.7900085449219,384.4924011230469,64903900,391.1655993652344,386.8877037785289,386.08099859328496,0.0623568733242905,-2.521413904000228,2.5837707773245184,390.9839938386064,59.49510745737207,2.519349740758663,166.04885255544815,-0.1798122838794658,7.986184137101126,396.4841517894228,384.68949737548826,372.89484296155376,3180900.0,6038187833.483495,97199878.07601644,-0.009278096561475047,0
2022-07-22,398.9200134277344,400.1799926757813,392.75,395.0899963378906,380.9249877929688,72197300,391.0855993652344,387.66887449846814,387.07152230399,0.6499003608017802,-1.8871510510398264,2.5370514118416065,392.8021645962514,55.92300842840362,1.6517824088196402,128.0351286885135,-17.467395709733225,7.946456175578282,397.7499156256245,385.54099731445314,373.33207900328176,-69016400.0,6011466060.843372,86470570.23717308,0.001214940876199,0
2022-07-25,395.75,396.4700012207031,393.2099914550781,395.5700073242188,381.3878173828125,53631500,391.1419995117187,388.42136333901584,388.0266661144438,1.1411116577542089,-1.2814985092810194,2.422610167035228,394.3748577729461,56.28966466735231,2.9513562224826284,98.74073217083486,-15.82013679506604,7.611710003438762,398.65107417508943,385.8154983520508,372.9799225290121,-15384900.0,6035485365.709322,81862853.1025238,-0.011831009907547041,-1
2022-07-26,393.8399963378906,394.05999755859375,389.9500122070313,390.8900146484375,376.8756713867188,52946400,391.11299987792967,388.6564729875322,388.5099533807664,1.139626942965151,-0.7972734188317853,1.9369003617969365,394.4005936745471,51.768106767034304,2.6416060790588247,48.58375186146707,-31.88051848492828,7.469444654420815,398.90392137512,385.9304992675781,372.9570771600362,-68331300.0,6006757906.170874,63395245.0486145,0.025966367817333857,1
2022-07-27,394.3599853515625,402.8800048828125,394.0499877929688,401.0400085449219,386.6616821289063,82342100,391.0994000244141,389.8358573263312,389.9489542643229,1.93516262604976,-0.2507862098554763,2.185948835905236,397.00406537360425,59.3875600162207,5.86279406591259,117.52271650153595,-5.77888363542608,7.792340767274686,401.2410762692113,386.95,372.65892373078873,14010800.0,6054783161.500553,65357873.44522095,0.0125423864754719,1
2022-07-28,401.8900146484375,406.7999877929688,398.1499938964844,406.0700073242188,391.5113830566406,73966600,391.2190002441406,391.38196684993954,391.7699073428199,2.937645897173354,0.3869002115502897,2.550745685623064,400.38452965955634,62.54534182824283,7.451510515526703,133.27701868371545,-2.0413335916291686,7.853601705075382,404.4226375996399,388.2365005493164,372.0503634989929,87977400.0,6116265550.763298,79781720.42332172,0.014578724858715031,1
2022-07-29,407.5799865722656,413.0299987792969,406.7699890136719,411.989990234375,397.2191467285156,87003700,391.2923999023437,393.3446357436953,394.0321444556826,4.161839166275001,1.1418880024952325,3.019951163779769,404.6182395990644,65.90539363690876,6.974264536915389,162.68335843334597,-2.4768011116860777,7.789772401504146,408.3753309203983,389.9735000610352,371.571669201672,174981100.0,6174360480.704603,96914251.85720444,-0.002961239956361772,0
2022-08-01,409.1499938964844,413.4100036621094,408.3999938964844,410.7699890136719,396.0428466796875,69997500,391.670599975586,395.0041931979788,396.0127624511719,4.976214545643018,1.9087533111247892,3.067461234518228,407.68135289475146,64.61885193107938,7.545483933907837,140.36777177480067,-6.230858986732734,7.591217927512778,411.4787573870797,391.45,371.42124261292025,104983600.0,6170587894.816976,93912259.94707394,-0.006597345296781021,0
2022-08-02,409.1199951171875,413.0,406.8200073242188,408.05999755859375,393.43011474609375,63435400,392.04260009765625,396.247603137085,397.5946669805618,5.341367281829491,2.5952761052657296,2.7460911765637617,409.38454988983847,61.735927694636224,4.02529099527202,113.06842752543704,-12.626874486811968,7.490416123817664,413.5277076546576,392.75500030517577,371.98229295569394,41548200.0,6132608601.527887,72062373.57848644,0.01565949783529086,1
2022-08-03,410.2999877929688,415.6799926757813,410.0,414.4500122070313,399.59088134765625,67820600,392.5390002441407,397.9811659056513,399.6608585902623,6.0763300837673455,3.291486900966053,2.7848431828012927,412.327185375579,65.62974331237326,4.985187258669216,123.35296562104918,-3.5002305754311624,7.499671766201228,416.6272546146512,394.3150009155273,372.0027472164034,109368800.0,6171056623.73053,68806120.43958855,-0.0006755911956809468,0
2022-08-04,414.3699951171875,415.0899963378906,412.4400024414063,414.1700134277344,399.3210144042969,45656600,392.8840002441406,399.52296090775445,401.5518121628534,6.560573629002533,3.945304246573349,2.615269382429184,414.5474907080987,65.31609469905234,3.8566675576777927,106.79810169121096,-4.311763911340549,7.153266204078592,419.3367772934854,395.5740020751953,371.8112268569053,63712200.0,6185012553.180636,65659438.03147507,-0.00169015666112049,0
2022-08-05,409.6600036621094,414.1499938964844,409.6000061035156,413.4700012207031,398.6460571289063,56814900,393.2755999755859,400.85125046136864,403.2561930338542,6.80936091853755,4.51811558096619,2.29124533757136,416.0598350900741,64.48634974623818,4.652105862759803,81.90910647644907,-7.296114421354638,6.968747712660031,421.57363468837934,396.8140014648437,372.0543682413081,6897300.0,6224845554.488536,71077255.82326317,-0.0011609330420851993,0
2022-08-08,415.25,417.6199951171875,411.8299865722656,412.989990234375,398.1832580566406,53886100,393.5879998779297,402.0073209159407,404.79676339285714,6.888388705804744,4.992170205933901,1.896218499870843,417.046286366163,63.88701801159697,4.403767370532304,84.4329051964583,-16.732951725507096,6.884552057821591,423.26058360507216,398.2520004272461,373.2434172494201,-46988800.0,6192551157.800137,56556577.26238918,-0.003971002129927292,0
2022-08-09,412.2200012207031,412.75,410.2200012207031,411.3500061035156,396.6020812988281,44931800,393.70880004882815,402.8971004576145,406.0441925048828,6.740979962246911,5.341932157196503,1.399047805050408,417.3015108018,61.77458724720109,5.234206730371364,53.2221016264449,-22.65989478211963,6.590654697525183,424.06216813497,399.7780014038086,375.49383467264727,-91920600.0,6187756257.318851,43949142.49231434,0.021003972292843898,1
2022-08-10,418.7799987792969,420.1400146484375,416.7200012207031,419.989990234375,404.9323425292969,68665700,393.8033996582032,404.5249947220679,407.9691438220796,7.237898000243092,5.72112532580582,1.5167726744372718,419.6280145384529,67.81283086332512,4.7252097760043,109.2142442642607,-0.4969340905277231,6.747751400910661,425.6418901070483,401.8360015869141,378.0301130667798,-23254900.0,6250397693.598042,54727545.03954315,0.0,0
2022-08-11,422.989990234375,424.9500122070313,419.2099914550781,419.989990234375,404.9323425292969,59489700,393.944599609375,405.9978514375256,409.6980951218378,7.5447380812914275,6.085847876902942,1.458890204388486,421.4088471836412,67.81283086332513,3.427976127043052,124.75062390183844,-14.171491350446583,6.675770640270842,426.3104247147471,403.9400009155273,381.5695771163075,-23254900.0,6207075842.247352,40377434.73914051,0.016929012677594724,1
2022-08-12,422.0299987792969,427.2099914550781,421.0299987792969,427.1000061035156,411.7874145507813,61694500,394.2947998046875,408.00758045333424,411.9038099016462,8.266340686132082,6.52194643874877,1.7443942473833118,424.58303613392206,72.02963621332765,3.6675686854781984,156.94982861973807,-0.2951836092830451,6.714644253158862,428.8274243570867,406.0385009765625,383.2495775960383,38439600.0,6266574387.776867,49767614.58117294,0.004120766150540245,0
2022-08-15,424.7699890136719,429.4100036621094,424.7099914550781,428.8599853515625,413.4842834472656,54048300,394.52419921875,409.9935237769751,414.0772846040272,8.877892744627786,6.993135699924574,1.8847570447032125,427.50403793868605,72.97350612312708,4.403923563483243,167.56220746543795,-1.555480949393151,6.570741964149746,430.4167603463029,408.3839996337891,386.3512389212753,92487900.0,6307972697.374945,62256912.60855961,0.0019587438421893033,0
2022-08-16,427.7300109863281,431.7300109863281,426.8800048828125,429.7000122070313,414.2942199707031,59289000,394.9073992919922,411.8703321988852,416.107381039574,9.322867095228672,7.459081978985394,1.863785116243279,429.97050027447744,73.43429885032981,5.303145316352712,146.60116603643513,-6.045258326895819,6.447832259818737,432.8469746055791,410.255500793457,387.664026981335,151776900.0,6317630173.18429,64779284.77650452,-0.0070980177423811686,0
2022-08-17,425.9100036621094,429.5,424.5400085449219,426.6499938964844,411.3535461425781,63563400,395.20459899902346,413.277919027228,417.6687613351005,9.321943919556418,7.831654367099599,1.4902895524568187,431.04968506093866,68.84464401984508,2.943655767914124,98.767984749293,-20.352614654782432,6.355844502839501,434.344100560487,411.8495010375976,389.3549015147083,88213500.0,6308146641.712368,56904651.12446117,0.002906412210693654,0
2022-08-18,426.8599853515625,428.6099853515625,425.5,427.8900146484375,412.5491027832031,49023200,395.4475994873047,414.6695471816289,419.1964292980376,9.313906688976886,8.128104831475056,1.1858018575018292,432.105076267555,69.67449535910669,3.312649582511852,87.91825810731314,-15.415478817177595,6.12399742060543,435.9956549205353,413.3045013427735,390.6133477650116,137236700.0,6334471813.404483,56886250.97571182,-0.013438032679318979,-1
2022-08-19,424.9800109863281,425.260009765625,421.2200012207031,422.1400146484375,407.0052490234375,68016900,395.6659997558594,415.3810202737059,420.0379067557199,8.742778867993138,8.251039638778673,0.4917392292144651,431.3309266113489,61.49492599889636,2.096890560896212,35.18774327960924,-38.49857458061315,6.162998563971783,436.0306083261567,414.6570022583008,393.2833961904449,69219800.0,6297433294.077228,39922262.85839558,-0.020822495475209313,-1
2022-08-22,417.0499877929688,417.2300109863281,412.3999938964844,413.3500061035156,398.5303955078125,77695600,395.9041998291016,415.18759035273536,419.9134309314546,7.494483980527946,8.099728507128528,-0.6052445266005826,428.2785403414034,51.53482871341537,0.087173025413113,-63.84253087317112,-83.05468064802608,6.418500148827594,435.0690328391756,415.5460021972656,396.0229715553557,-8475800.0,6250301465.202519,14356661.90859604,-0.0024192572522898637,0
2022-08-23,412.8999938964844,415.4200134277344,411.7699890136719,412.3500061035156,397.5661926269531,49105200,396.3552001953125,414.9173442337621,419.6090503510975,6.351295860940866,7.750041977890996,-1.3987461169501303,425.4001815480229,50.53209189740896,0.2431019776740568,-76.52739522028806,-87.57343247521912,6.220751882058659,432.650306985662,416.6190017700195,400.587696554377,-57581000.0,6216802656.81484,-8065855.867728233,0.003201181774415529,0
2022-08-24,412.1099853515625,415.1099853515625,411.3900146484375,413.6700134277344,398.8389587402344,49177800,397.1286004638672,414.7985508236642,419.3281943184989,5.488555942843789,7.297744770881556,-1.809188828037767,423.2890404769416,51.8635312100932,-1.5047922459089484,-73.28045764375076,-81.60864696699744,6.042124654991969,431.6936968529326,417.2505020141601,402.8073071753877,-8403200.0,6227907763.81425,-12972001.28843689,0.014117523988503633,1
2022-08-25,415.239990234375,419.55999755859375,414.0899963378906,419.510009765625,404.4695434570313,50942300,398.0414007568359,415.247261199089,419.5433855329241,5.215941117239424,6.881384040153129,-1.665442922913705,422.9975904514261,57.33485005296459,-0.1142837876879273,-30.75269607135796,-56.8107655638159,6.031257474696784,431.4435939282387,417.9225021362305,404.4014103442223,42539100.0,6277918987.917552,2112874.280364037,-0.033849042636585946,-1
2022-08-26,419.3900146484375,419.9599914550781,405.25,405.30999755859375,390.7785949707031,103087000,398.5636004638672,414.3008551380895,418.3421946207682,3.810148572205094,6.267136946563523,-2.456988374358429,419.0093777710044,44.18423739527996,-5.1018516116903685,-112.41061550046042,-99.77342321109788,6.651167044724023,431.9812025645382,417.58850250244143,403.1958024403447,-60547900.0,6175672908.640265,-24440963.146115303,-0.006612204712255654,0
2022-08-29,402.2000122070313,405.8399963378906,401.2000122070313,402.6300048828125,388.19476318359375,65370800,399.28320068359375,413.18934558996784,416.9175757998512,2.4515350705096357,5.5040165713527465,-3.052481500843111,414.9990737542348,42.21618843887166,-6.116210736529242,-168.30112190650976,-95.31610634471788,6.507511122305115,432.7359279599276,417.1815032958984,401.62707863186927,-125918700.0,6150595248.691435,-41061246.336473465,-0.010977854044983193,-1
2022-08-30,403.8500061035156,404.1000061035156,396.0,398.2099914550781,383.9331665039063,85652400,399.9302008056641,411.76274043426406,415.1107651483445,1.0065629074758249,4.604525838577362,-3.597962931101537,410.544319527261,39.1212241993849,-7.328373250494848,-158.68272022554237,-93.81474733964184,6.621260763820152,433.9027527085706,416.68900299072266,399.47525327287474,-211571100.0,6111681349.795718,-56509307.62330437,-0.007609047598793439,0
2022-08-31,399.9299926757813,401.239990234375,395.0400085449219,395.1799926757813,381.0117492675781,76029700,400.3324005126953,410.18343112393234,413.06228797549295,-0.3787178967535283,3.607877091511184,-3.986594988264713,406.1111456261482,37.11258747785335,-7.376069769343172,-141.50881309781553,-99.6184679162042,6.591169401365364,435.3246022950692,415.72550201416016,396.1264017332511,-287600800.0,6039084870.088,-80790639.18189049,0.0031378631887633013,0
2022-09-01,392.8900146484375,396.7799987792969,390.0400085449219,396.4200134277344,382.2073669433594,78740100,400.7730004882813,408.8726294385801,411.22367001488095,-1.3608169523699305,2.6141382827349617,-3.974955235104892,402.82777266168273,38.50416011965565,-7.354693996904665,-135.73659908929267,-84.69655910483729,6.601799460866052,436.1694477172708,414.83800201416017,393.5065563110495,-208860700.0,6109413894.820858,-61001890.66068554,-0.010544430280438832,-1
2022-09-02,400.2799987792969,401.55999755859375,390.3299865722656,392.239990234375,378.1772155761719,99632100,401.05660034179687,407.2885685619892,409.0714784168062,-2.4482090375526013,1.6016688186774493,-4.049877856230051,399.0999334312661,35.64111703053746,-7.0829637979151405,-111.435339171916,-94.72299937486184,6.932385998399058,437.27720750031534,413.77650146484376,390.2757954293722,-308492800.0,6043672710.171756,-68278516.77575397,-0.003773150381391921,0
2022-09-06,393.1300048828125,394.1199951171875,388.4200134277344,390.760009765625,376.7503051757813,76637400,401.07020080566406,405.71442010519263,406.8794315883092,-3.3903157053590007,0.6032719138701593,-3.99358761922916,395.72576157429967,34.65848309966381,-5.465101246964393,-112.95307573768186,-94.3038045210306,6.844357119188634,438.2221838566985,412.6650024414063,387.1078210261141,-385130200.0,6029958752.777644,-69411712.37770367,0.017964962734754897,1
2022-09-07,390.4299926757813,398.5899963378906,390.2000122070313,397.7799987792969,383.5185546875,70964200,401.2540008544922,404.9587609312978,405.4618121919178,-3.5297982650241693,-0.2233421219087064,-3.306456143115463,394.8621214487252,42.72474978640695,-3.5334078109753007,-73.07753962612502,-76.71064471181408,6.954759048593682,438.354947130542,411.9865020751953,385.61805701984855,-314166000.0,6087220703.083003,-45345425.26518536,0.006536291697658347,0
2022-09-08,395.3900146484375,400.8599853515625,394.1199951171875,400.3800048828125,386.025390625,80821700,401.64860107421873,404.5226889266801,404.35643150692897,-3.391445957187728,-0.8569628889645107,-2.5344830682232167,394.9148853498142,45.41256065011383,-3.2127077413223133,-45.83087445587349,-67.53530769823382,6.939418419006633,437.5687656581659,411.0060028076172,384.4432399570685,-233344300.0,6156531158.673976,-9324487.825193403,0.01553524437995768,1
2022-09-09,402.739990234375,407.510009765625,402.4599914550781,406.6000061035156,392.0223693847656,76706900,402.1738012695312,404.72052865780734,403.93681277320496,-2.7482188840724007,-1.235214087986089,-1.513004796086312,396.6549091155404,51.30042344011301,-3.077400624915251,18.034195947446666,-42.3588923872426,6.9530317378499085,436.6334161361749,410.33650360107424,384.0395910659736,-156637400.0,6205593184.688757,21869675.57088757,0.010747651381183054,1
2022-09-12,408.7799987792969,411.7300109863281,408.4599914550781,410.9700012207031,396.2357177734375,69256300,402.8482012939453,405.3157165209402,403.9971458798363,-1.8643437161970269,-1.3610400136282763,-0.5033037025687506,399.2874969894815,54.97489474515196,1.3964628793276028,65.51239087508536,-28.5034765293149,6.822815533918665,434.6855812457536,409.53000335693366,384.37442546811377,-87381100.0,6242656732.42655,44435718.9157753,-0.043482480629019826,-1
2022-09-13,401.8299865722656,403.1000061035156,391.9200134277344,393.1000061035156,379.0064392089844,122947100,403.0854016113281,404.1523155288046,402.43238423665366,-2.5761295203301984,-1.604057914968661,-0.9720716053615376,396.8671887202995,41.26392017645619,-2.3669370547956627,-56.54997069633268,-85.16171231405454,7.696184980993672,432.22209138231017,407.7420043945313,383.2619174067525,-210328200.0,6145662543.437452,18765883.88617325,0.003815822886568565,0
2022-09-14,394.4700012207031,396.2000122070313,391.1199951171875,394.6000061035156,380.45263671875,85023700,403.33820190429685,403.2425717740152,401.180765351795,-2.98478073986098,-1.8802024799471249,-1.1045782599138554,395.3315203462408,42.5589442475704,-0.9065531827494944,-69.48737076666526,-80.40584343329766,7.509315845911538,428.9013261836705,405.9870040893555,383.0726819950405,-125304500.0,6177127983.086141,16570329.090812683,-0.011353296799374357,-1
2022-09-15,392.9599914550781,395.9599914550781,388.7799987792969,390.1199951171875,376.13323974609375,87633800,403.4756018066406,401.9928025686031,399.66962164016,-3.628314272706291,-2.229824838498958,-1.3984894342073328,392.9767529843653,39.74068624351844,-1.2804285774520967,-93.61568931557149,-94.6100733235156,7.485792762330803,425.993559688371,404.1605041503906,382.3274486124103,-212938300.0,6122204236.251387,-3309983.599330902,-0.011688705054002657,-1
2022-09-16,384.1400146484375,386.25,382.1099853515625,385.55999755859375,373.2637634277344,103084800,403.407001953125,400.4277735200308,397.8981448218936,-4.4549193897498185,-2.6748437487491303,-1.7800756410006882,389.9379623785285,37.05124001872268,-2.7395226026146022,-173.23141341250192,-88.35243341929488,7.523236833994674,422.4239406376863,402.0440032958985,381.6640659541106,-316023100.0,6190927436.251387,10724541.53645897,0.007754928554071894,0
2022-09-19,382.260009765625,388.5499877929688,382.1799926757813,388.5499877929688,376.1583862304688,73278500,403.4046014404297,399.2965558317392,396.6130004882813,-4.813258429822383,-3.102526684963781,-1.7107317448586024,388.308234151373,39.92222667395752,-0.9407512067296624,-130.87387516064808,-78.2579444028315,7.440862425651304,419.33043729615736,400.364501953125,381.39856661009264,-242744600.0,6264205936.251387,38806866.22505856,-0.011478552554876398,-1
2022-09-20,385.05999755859375,386.1199951171875,381.2000122070313,384.0899963378906,371.8406372070313,77274900,403.40180114746096,397.84831207042026,395.06304757254463,-5.394939236212281,-3.561009195213481,-1.8339300409987995,385.9077565908156,37.197010417620525,-1.7069334786164532,-139.73261895230803,-90.5339526812589,7.43437050852889,418.14708445724347,398.90150146484376,379.65591847244406,-320019500.0,6277713154.316367,51064944.23424721,-0.017443780763191308,-1
2022-09-21,386.1099853515625,389.30999755859375,377.3800048828125,377.3900146484375,365.3543395996094,106746600,403.3330017089844,395.8999027921362,393.0143345424107,-6.323662746517243,-4.113539905474234,-2.2101228410430096,382.301403468018,33.497663942720685,-5.125945043348572,-135.3306234310721,-99.97085949389692,7.755486377618343,417.5139245866012,397.1535018920898,376.7930791975785,-426766100.0,6171145684.090593,17529513.417601585,-0.008399833871300055,0
2022-09-22,376.5799865722656,378.2999877929688,373.4400024414063,374.2200012207031,362.285400390625,89472600,403.2408020019531,393.8351502615235,390.8301916213263,-7.232109157697835,-4.737253755918954,-2.4948554017788807,378.6344192936018,31.882057833115304,-6.533793731723982,-155.73715740766633,-97.96291824176085,7.548664875757211,416.3851008291211,395.1810012817383,373.9769017343555,-516238700.0,6110392725.707651,-17113605.349017143,-0.016754820675589643,-1
2022-09-23,370.5799865722656,370.6199951171875,363.2900085449219,367.9500122070313,356.21539306640625,122346900,403.0416021728516,391.3698990182385,388.2367640904018,-8.361607786833588,-5.462124562101881,-2.899483224731707,374.1273487366306,28.911847706077705,-9.505655021226064,-172.33399293161926,-90.3798442872784,7.790188290044642,413.8857344653416,392.6030014038086,371.32026834227565,-638585600.0,6143608730.61254,-19161279.1611681,-0.009892687940419087,0
2022-09-26,366.4100036621094,370.2099914550781,363.0299987792969,364.30999755859375,352.6914367675781,92581200,402.6252020263672,388.79276554589137,385.5421922956194,-9.441625171509545,-6.258024683983414,-3.183600487526129,369.6299508369675,27.320550465845145,-11.3536276427757,-142.7045078116908,-97.37166640974256,7.746602889025829,414.3006326463137,390.5530014038086,366.8053701613035,-731166800.0,6084036985.729553,-37211675.532437325,-0.0025527509044867003,0
2022-09-27,368.0199890136719,370.3999938964844,360.8699951171875,363.3800048828125,351.7911376953125,108294100,402.2538018798828,386.3725026255981,382.95428786504834,-10.254383220004511,-7.057296391187634,-3.197086828816879,365.8598610418136,26.91298404439329,-7.560417389786789,-124.39311261395528,-95.06486633412958,7.873988309759476,414.4177720689341,388.5905014038086,362.7632307386831,-839460900.0,6032787856.008054,-57519590.27457523,0.019676354781243965,1
2022-09-28,364.3800048828125,372.2999877929688,362.6000061035156,370.5299987792969,358.7131042480469,110802200,401.8190020751953,384.8636927354742,381.2342399960472,-10.203930517310823,-7.686623216412273,-2.5173073008985503,364.7943558602336,34.94789603846183,-6.09984970905055,-89.47047960706223,-81.00668374354441,8.004416408309027,413.77933608074096,387.20650177001954,360.6336674592981,-728658700.0,6103153139.121104,-38209366.1990633,-0.020888970555351105,-1
2022-09-29,366.80999755859375,367.1099853515625,359.70001220703125,362.7900085449219,351.2199401855469,112952300,401.1794024658203,382.7614370982788,378.9088596888951,-10.665553056491715,-8.282409184428163,-2.3831438720635543,362.0842925216465,30.97771996084309,-7.005533403653411,-102.66912952219064,-94.0611254845538,8.206242848591641,413.909116351513,385.5870025634766,357.2648887754401,-841611000.0,6084404201.683601,-32801721.33473492,-0.015463534653672784,-1
2022-09-30,361.7999877929688,365.9100036621094,357.0400085449219,357.17999267578125,345.78887939453125,153711200,400.3472021484375,380.32510905804094,376.2034301757813,-11.35320100630571,-8.896567548803674,-2.4566334575020363,358.5810920496138,28.454537674434413,-7.36072337963421,-105.72048527837477,-99.6960830693026,8.253653724919916,414.0333088515302,383.6250015258789,353.21669420022766,-995322200.0,5935544668.105302,-74971925.36199284,0.02640123430525132,1
2022-10-03,361.0799865722656,368.5499877929688,359.2099914550781,366.6099853515625,354.9180908203125,89756500,399.77760192871096,379.01890680028106,374.582952444894,-11.010325186510158,-9.319319076344971,-1.691006110165187,358.33645498303304,37.64804454388556,-5.646635730457571,-67.60166219419308,-75.56185926534941,8.47624953865332,413.3459968571154,382.3435012817383,351.3410057063611,-905565700.0,5988014680.438133,-68712738.96160603,0.030986651545366062,1
2022-10-04,372.3999938964844,378.0,366.5700073242188,377.9700012207031,365.9158630371094,103602800,399.4256018066406,378.91901103079744,374.1664286295573,-9.710004401536535,-9.397456141383286,-0.3125482601532514,361.25948911509073,46.557271093198,-1.5933752962947867,3.604226057133601,-46.22301678781178,8.687231191305312,412.5127149831344,381.70400085449216,350.8952867258499,-801962900.0,6091073655.499677,-27114058.008994102,-0.0023282400189708063,0
2022-10-05,373.3900146484375,379.4599914550781,370.9500122070313,377.0899963378906,365.06390380859375,88065700,399.1496014404297,378.7448191552825,373.72699962797617,-8.6507790546558,-9.248120724037788,0.5973416693819882,363.5833804647348,46.00884004208629,-0.0794982111083042,28.38576967861813,-37.86800551907798,8.67457033821542,410.62724380379376,380.66950073242185,350.71175766104994,-890028600.0,6130087466.439055,4781983.862240791,-0.010315797736977661,-1
2022-10-06,375.6199951171875,378.7200012207031,372.6799926757813,373.2000122070313,361.29791259765625,82333500,398.5928015136719,378.2167423030681,373.0156197684152,-8.03262939383876,-9.005022457997983,0.9723930641592222,364.61285899910416,43.56581566896469,-0.2725640025505373,28.660888778440675,-49.92250026715875,8.486387352980161,408.00783036296434,379.3105010986328,350.6131718343013,-972362100.0,6061931107.996965,-4290475.2276678085,-0.027893899575583414,-1
2022-10-07,368.9700012207031,373.2900085449219,360.9400024414063,362.7900085449219,351.2199401855469,107789500,397.7272015380859,376.74752956419707,371.4422395252046,-8.287211810474105,-8.861460328493207,0.5742485180191021,362.8746277421593,37.78379282759734,-1.4023654004408883,-51.297941654458896,-82.18158674437761,8.762360120875547,403.7655536864669,377.1200012207031,350.47444875493926,-1080151600.0,5986434909.105234,-31633410.39112091,-0.00763532474987394,0
2022-10-10,363.9599914550781,364.2099914550781,357.6700134277344,360.0199890136719,348.5382995605469,76042800,396.6878015136719,375.154430464147,369.8136669340588,-8.613200027590494,-8.811808268312664,0.1986082407221694,360.8470438432212,36.39944461923148,-1.1775709076531429,-99.9905696311407,-90.76547417637028,8.603618542766133,397.2295968996589,374.57250061035154,351.9154043210441,-1156194400.0,5965040220.379977,-46750792.97137737,-0.006332978303630554,0
2022-10-11,358.239990234375,363.0299987792969,355.7099914550781,357.739990234375,346.3309936523437,92482800,395.627201538086,373.4959123470259,368.2105707077753,-8.952328020231391,-8.83991221869641,-0.1124158015349809,358.7126171440348,35.25448381774209,-1.5520982367360483,-116.8811300822151,-91.45263671875,8.511932027155606,394.91453586824287,372.8044998168945,350.6944637655462,-1248677200.0,5923852443.1280575,-61790306.51878548,-0.0032984645496529907,0
2022-10-12,358.1700134277344,359.82000732421875,356.29998779296875,356.5599975585937,345.1886291503906,76991800,394.5972015380859,371.88296808146094,366.6634752546038,-9.210136227687826,-8.913957020494694,-0.2961792071931324,356.77981487715107,34.64706025713779,-3.770275353339015,-123.73420797831396,-96.42102693256602,8.155366848876634,391.6907466355544,370.9024993896484,350.1142521437424,-1325669000.0,5858234795.853814,-83203876.51009464,0.026391080677980572,1
2022-10-13,349.2099914550781,367.510009765625,348.1099853515625,365.9700012207031,354.2984924316406,147254500,393.6276013183594,371.3198283804364,366.193713524228,-8.556508334812293,-8.842467283358214,0.2859589485459217,357.7620344988034,43.07084354933398,0.8765381076881263,-69.47899981971119,-43.03026350244384,8.958556674961338,388.59797514142144,369.6949996948242,350.792024248227,-1178414500.0,5982110646.070898,-44984941.3001852,-0.022788743093893893,-1
2022-10-14,368.5499877929688,370.260009765625,356.9599914550781,357.6300048828125,346.2244873046875,123737000,392.4968011474609,370.016035666377,365.04466639927455,-8.612195496011509,-8.796412925888873,0.1842174298773642,356.5213036724251,38.35243297740025,0.1259903175595096,-48.0488743107898,-69.63311745517518,9.268661077503165,386.417407984673,368.2985000610352,350.1795921373973,-1302151500.0,5870840614.096322,-60664483.31529713,0.02569695583685072,1
2022-10-17,364.010009765625,367.9800109863281,357.2799987792969,366.8200073242188,355.1214294433594,93168200,391.56380126953127,369.7116520147429,364.9038575671968,-7.824574752382887,-8.602045291187675,0.7774705388047884,358.0009359703095,45.44468079150417,0.0572875756384281,-13.635756736874772,-40.318920797408886,9.370900443898028,382.7678854842237,367.2120010375976,351.6561165909716,-1208983300.0,5943807817.85426,-38347050.82438183,0.011749625081884485,1
2022-10-18,375.1300048828125,375.4500122070313,367.5199890136719,371.1300048828125,359.2939453125,97162900,390.7266015625,369.84673324027335,365.2770007905506,-6.774506561077999,-8.23653754516574,1.4620309840877417,360.433748147851,48.44054653211818,-1.8096664591898748,80.070590040666,-26.57092488199385,9.317979332391918,380.216940082098,366.5640014648437,352.9110628475895,-1111820400.0,5935108621.512895,-28499022.65722465,-0.007086478722309053,0
2022-10-19,368.989990234375,371.8500061035156,365.5499877929688,368.5,356.7478332519531,79746900,389.8696014404297,369.7184729316759,365.4613816034226,-6.084402167532687,-7.80611046963913,1.7217083021064423,361.82958383625726,46.753363048637816,-2.2779698271798168,38.22396531758321,-34.960093528814525,9.10241068797441,378.883571989563,366.1195007324219,353.3554294752808,-1191567300.0,5930045418.25043,-23490482.83987808,-0.008385336059404724,0
2022-10-20,368.0299987792969,372.6700134277344,364.6099853515625,365.4100036621094,353.75640869140625,88283100,388.7780017089844,369.3081425250505,365.393810453869,-5.720879605042228,-7.38906429671975,1.6681846916775225,362.2412648697047,44.77992831342412,-2.087354847298465,18.55638937152265,-44.81653925864202,9.027954787131373,377.89056955282007,365.6790008544922,353.4674321561643,-1279850400.0,5859287839.463102,-41819811.36148834,0.02430148270112431,1
2022-10-21,365.1199951171875,374.7999877929688,363.5400085449219,374.2900085449219,362.3531799316406,131038400,387.8640020751953,369.7826059555144,366.21390642438615,-4.662496813521386,-6.843750800080078,2.1812539865586915,364.9421781895648,51.15999911999232,3.1698778161295564,53.80253924194169,-16.491170346459615,9.1873851057682,378.7442886629011,365.9960006713867,353.2477126798723,-1148812000.0,5978456437.001635,-7599090.961569786,0.012236464954195947,1
2022-10-24,375.8900146484375,380.05999755859375,373.1099853515625,378.8699951171875,366.787109375,85436900,386.8994018554688,370.6480715899595,367.44000113351007,-3.414790605698784,-6.15795876120382,2.743168155505036,368.3888261517177,54.10528141811882,5.235822087311877,126.68548273938146,-3.72457585836028,9.027572755858415,380.6156648385352,366.7240005493164,352.83233626009763,-1063375100.0,6034635800.019664,24966372.97700405,0.015968586556123432,1
2022-10-25,378.7900085449219,385.25,378.6700134277344,384.9200134277344,372.6441955566406,78846300,386.0206024169922,372.00730414593806,369.1729547409784,-1.915705471028275,-5.309508103168711,3.393802632140436,372.8070028268117,57.73143301235245,7.597703341902664,172.13750853479692,-0.8884933821088459,8.852745171316075,383.68562034795406,367.8010009765625,351.9163816051709,-984528800.0,6105573810.242146,58590123.02475548,-0.007534096209333541,0
2022-10-26,381.6199951171875,387.5799865722656,381.3500061035156,382.0199890136719,369.8366394042969,104087300,385.067001953125,372.96089318096034,370.527144077846,-0.9507181481657768,-4.437750112168124,3.4870319640023477,375.6754258606493,55.469062562202765,7.140450872056764,155.4541546551435,-14.086641466018946,8.665404835418498,385.4033415779952,368.37550048828126,351.3476593985673,-1088616100.0,6023873967.960227,41023514.31597519,-0.00533997718970336,0
2022-10-27,383.0700073242188,385.0,379.3299865722656,379.9800109863281,367.8617248535156,81971800,384.1336022949219,373.6293805909953,371.63233555385045,-0.3465728444215301,-3.619514658618805,3.2729418141972757,377.4776005523034,53.86985187911037,3.8281852935743976,108.48097416107254,-19.255068028604715,8.451448306298204,386.7759754711505,369.2350006103516,351.6940257495527,-1170587900.0,5960697069.222371,10006023.489793776,0.023790667313994707,1
2022-10-28,379.8699951171875,389.5199890136719,379.6799926757813,389.0199890136719,376.6133728027344,100302000,383.35620178222655,375.0951528217264,373.5166201636905,0.8518477671823348,-2.725242173458577,3.577089940640912,381.2681056948933,59.44917053969358,8.777223304052796,123.26761201883122,-1.20743771017221,8.550630308554801,389.4488278177734,370.8270004272461,352.2051730367188,-1070285900.0,6050805772.745851,25078362.592027664,-0.007223272936998093,0
2022-10-31,386.4400024414063,388.3999938964844,385.260009765625,386.2099914550781,373.89300537109375,96631300,382.6376013183594,376.1537088820456,374.9816669282459,1.5569142785262784,-1.8688108830616064,3.4257251615878848,383.5982078435188,57.13588866392544,5.28596688940176,105.4782403813564,-7.993231745648055,8.208440947089949,391.47172784298135,371.8070007324219,352.14227362186244,-1166917200.0,6012644810.048433,16822343.858124733,-0.004375864112264538,0
2022-11-01,390.1400146484375,390.3900146484375,383.2900085449219,384.5199890136719,372.25689697265625,85407600,382.0610009765625,376.95049746601006,376.1924277169364,1.9567591934724649,-1.1036968677547925,3.060456061227257,385.0084476526424,55.73130364967693,3.607895873330796,87.10602943335321,-13.883683933964274,8.129267029691784,392.40763426891647,372.1345001220704,351.8613659752242,-1252324800.0,5956828643.732074,-5844111.620779991,-0.025096208707478307,-1
2022-11-02,383.8999938964844,388.6300048828125,374.760009765625,374.8699951171875,362.9146728515625,126990400,381.311400756836,376.7523543851698,376.4529510498047,1.477928668500283,-0.5873717605037772,2.0653004290040604,383.5934202009972,48.412780363099394,1.728628254324966,27.57029424028141,-46.425392652234045,8.539319035941478,392.2110180388966,372.0235000610352,351.83598208317375,-1379315200.0,5831852243.545492,-54350687.86508179,-0.010296863984421645,-1
2022-11-03,371.4700012207031,374.2000122070313,368.7900085449219,371.010009765625,359.17779541015625,87100100,380.45820068359376,376.2054644214037,376.35642816452753,0.7780149964629004,-0.3142944091104416,1.092309405573342,381.3702567922887,45.82080836764607,1.5325267637428692,-54.73346436426491,-58.53215220254593,8.363652431393202,392.0985613002972,371.9139999389648,351.7294385776325,-1466415300.0,5816235395.831489,-74222312.61356258,0.014393132792465568,1
2022-11-04,377.0,378.8699951171875,370.0,376.3500061035156,364.3474731445313,103505200,379.5950006103516,376.2192302958905,376.7789049421038,0.6467659299808588,-0.1220823412921815,0.7688482712730403,380.8840742208378,49.82314575987271,0.5503747125396513,-29.661074097296453,-52.2905227313283,8.399819766092795,392.41279617723706,372.59199981689454,352.77120345655203,-1362910100.0,5860928395.055303,-61383630.92913151,0.009565580032236065,0
2022-11-07,377.7099914550781,380.5700073242188,375.5299987792969,379.9500122070313,367.8326416015625,68286900,379.0878009033203,376.5745428588563,377.4796680268787,0.8237448869493846,0.0670831043561316,0.756661782593253,381.3776131370717,52.37727226505616,0.2850627137970503,5.021069590808902,-38.88268181823327,8.159833250294877,392.774664956178,373.5885009765625,354.40233699694704,-1294623200.0,5912414710.615609,-34169103.38638973,0.00539541446797398,0
2022-11-08,381.1099853515625,385.1199951171875,377.7200012207031,382.0,369.8172607421875,84641100,378.6752008056641,377.09125306277474,378.280763171968,1.116547997552459,0.2769760829953971,0.8395719145570619,382.2726714519506,53.818844760476686,-0.7586026514265889,32.94115936558954,-31.247719706622146,8.105559010736984,392.8608207247056,374.8015014648437,356.742182204982,-1209982100.0,5925682827.770626,-15707931.807182312,-0.02060208145860598,-1
2022-11-09,379.9299926757813,381.1400146484375,373.6099853515625,374.1300048828125,362.1982727050781,78495500,378.1936010742188,376.8092294265878,378.21681111653646,0.7054220720378339,0.3626652808038845,0.3427567912339494,380.9213853753303,47.83260478071997,-2.065332798744467,-55.38030329841749,-60.55868182277986,8.125877270572735,391.6984801962262,375.6800018310547,359.6615234658832,-1288477600.0,5858029036.748352,-28253846.77666855,0.054954153075837286,1
2022-11-10,388.0499877929688,395.0400085449219,385.6400146484375,394.6900024414063,382.10260009765625,141455800,378.1838012695313,378.5121601899039,380.0272873651414,2.015389632824053,0.6932101512079183,1.3221794816161352,385.1082074780017,60.2665577911173,3.8712540212036193,164.57868182647266,-1.3333565848212103,9.039029155682496,394.48731349210425,377.11600189208986,359.74469029207546,-1147021800.0,5988950703.657863,10839159.004901886,0.009678500343534235,0
2022-11-11,395.5899963378906,399.3500061035156,393.6099853515625,398.510009765625,385.8007507324219,93839900,378.22560119628906,380.41671729235344,382.06481192452566,3.323480019613441,1.219264124889023,2.1042158947244185,389.4804470546065,62.07522594430797,2.4394686699812755,191.1746387166636,-2.7486793357233474,8.803385698273255,396.4992817464697,379.1600021362305,361.8207225259912,-1053181900.0,6055325486.107129,46965623.1489563,-0.00850672396016161,0
2022-11-14,396.6600036621094,400.1799926757813,394.8299865722656,395.1199951171875,382.5188598632813,71903500,378.2832012939453,381.8170294661472,383.5848112560454,4.040034225118745,1.7834181449349675,2.256616080183778,392.1136968207712,59.48731612218872,2.3070360320146555,143.8850015258621,-16.11978374216294,8.556715727219142,398.2705067492279,380.5750015258789,362.87949630253,-1125085400.0,5991217352.694128,37076986.65384579,0.008529042212070292,0
2022-11-15,401.1499938964844,402.30999755859375,394.489990234375,398.489990234375,385.7813720703125,93194500,378.4378009033203,383.4049304916927,385.2910006568545,4.824228335929888,2.391580183133952,2.4326481527959363,395.0614236770716,61.21821236020499,3.633101430315086,128.8370814543917,-11.396206969700009,8.504093698433401,400.7044769851853,381.943000793457,363.1815246017288,-1031890900.0,5993362405.342754,30343516.961877823,-0.007628743762310597,0
2022-11-16,396.7799987792969,397.7799987792969,394.7900085449219,395.4500122070313,382.8384094238281,68508500,378.391201171875,384.5520811312487,386.5773826962426,5.141143100498937,2.941492766606949,2.199650333891988,396.5932480077384,58.77857687304703,5.489907796811083,90.8269057850036,-20.46535680177116,8.160942840649096,401.8666951665764,383.2905014038086,364.7143076410408,-1100399400.0,5955098727.125643,12655607.476820946,-0.0030598607543418366,0
2022-11-17,390.4599914550781,394.9500122070313,390.1400146484375,394.239990234375,381.66693115234375,74496300,378.2684008789063,385.47473914107024,387.6201911562965,5.234323649274245,3.400058943140408,1.8342647061338369,397.43354742502,57.79135521886148,6.261281328615602,57.01887221221221,-24.075208738664024,7.957303891930861,401.95985941208,384.73200073242185,367.50414205276377,-1174895700.0,6007601664.660378,20974614.859729767,0.004540403280391958,0
2022-11-18,397.739990234375,397.80999755859375,393.0400085449219,396.0299987792969,383.3998718261719,92922500,378.0570007324219,386.4800019637585,388.6961909702846,5.3904706452112805,3.798141283554583,1.5923293616566978,398.4847829849173,58.89131232476718,5.229172939183702,67.28340854957159,-18.73508603101104,7.72963854348379,403.0176849245757,385.8190002441406,368.6203155637056,-1081973200.0,6031173088.129538,29971060.360221863,-0.0036360943510462818,0
2022-11-21,394.6400146484375,395.8200073242188,392.6600036621094,394.5899963378906,382.0057373046875,51243200,377.7294006347656,387.25238238034257,389.5315239315941,5.336506180659967,4.10581426297566,1.2306919176843074,398.8711915027957,57.5910758623543,3.853134270431902,50.597880716804006,-23.03103744322336,7.418235441605484,403.8981177337272,386.6050003051758,369.3118828766244,-1133216400.0,6042524119.819494,34538474.47902584,0.01345699994392846,1
2022-11-22,396.6300048828125,400.0700073242188,395.1499938964844,399.8999938964844,387.14642333984375,60429000,377.865400390625,388.4569168104513,390.79771379743306,5.6570009930997,4.416051609000468,1.240949384099232,400.4656951260707,61.00964287783365,4.68586227656659,71.92204352997562,-7.189750751786949,7.279790837657105,405.5636519066385,387.35399932861327,369.14434675058806,-1072787400.0,6098776813.565268,51165685.13046265,0.006301624330362854,0
2022-11-23,399.5499877929688,402.9299926757813,399.30999755859375,402.4200134277344,389.5860900878906,68261600,378.02180053710936,389.7867355359068,392.2325722830636,6.044660868665346,4.7417734609334445,1.3028874077319017,402.32551870022985,62.55242572763338,7.56154496450587,93.21030099712628,-1.548677077058691,7.018376857623566,407.5348058562557,388.3740005493164,369.2131952423771,-1004525800.0,6147805238.761692,68916253.40214348,-0.0002237136634978265,0
2022-11-25,401.8299865722656,402.9100036621094,401.5400085449219,402.3299865722656,389.4988708496094,30545400,378.26600036621096,390.98133087270287,393.5617138090588,6.272316339755832,5.0478820366979225,1.22443430305791,403.7217919370504,62.457346864790864,1.9356923366695895,99.11953977339236,-2.046405026031717,6.614921019020989,409.1638998669651,389.49149932861326,369.8190987902614,-1035071200.0,6152486526.118014,71402236.0901022,-0.015957008238070003,-1
2022-11-28,399.0899963378906,400.80999755859375,395.1099853515625,395.9100036621094,383.2836608886719,67881600,378.4730004882812,391.4507282812178,394.1729999360584,5.867064110999365,5.211718451558212,0.6553456594411537,403.09388339308464,55.92872902483028,-0.6524318184742115,39.92494599529603,-23.94265777646415,6.658141033426856,409.7036520386391,389.8360000610352,369.9683480834312,-1102952800.0,6103659805.64344,50392341.93962097,-0.0017175435565947028,0
2022-11-29,396.0499877929688,397.2999877929688,393.2999877929688,395.2300109863281,382.6253356933594,52310000,378.6066009521484,391.8106599674188,394.6867152622768,5.428453244122181,5.255065410071006,0.1733878340511756,402.3017585787687,55.269736998254025,0.0278436602804663,-0.4500575047284788,-26.261868233207675,6.468273816753508,410.2143558713453,390.2870010375976,370.35964620385,-1155262800.0,6101829562.265753,36633913.08155823,0.03150059798946758,1
2022-11-30,395.489990234375,407.6799926757813,393.4800109863281,407.6799926757813,394.6782836914063,144566700,379.0784008789062,393.3220249872628,396.3431906563895,6.0161104690138245,5.40727442185957,0.6088360471542549,404.7902436587314,63.70251874943812,2.306206596557453,152.16082847746168,0.0,7.020538664803485,412.5539367472084,391.4450012207032,370.33606569419794,-1010696100.0,6246396262.265754,73673604.63220978,-0.0007358413421267862,0
2022-12-01,408.7699890136719,410.0,404.75,407.3800048828125,394.3878784179688,76398200,379.6782006835937,394.6608802154104,397.8608100527809,6.384035360085136,5.602626609504684,0.7814087505804519,406.6578786965881,63.392401327003,3.016814339996895,201.017600638804,-13.192331569274652,6.894071617317523,413.8275933787849,393.0705017089844,372.3134100391838,-1087094300.0,6246541924.7564535,82174952.4561348,-0.0011537169597666264,0
2022-12-02,402.25,407.8599853515625,402.1400146484375,406.9100036621094,393.932861328125,85342700,380.3320007324219,395.8274634008103,399.1788578578404,6.562050087790453,5.794511305161838,0.7675387826286153,407.96698175401,62.87594432671225,3.213781894678436,124.54104981452376,-15.55890542309749,6.810207266303771,413.81126770861454,394.8655014038086,375.91973509900265,-1172437000.0,6303536926.302614,96317099.56187056,-0.017989253786685366,-1
2022-12-05,403.9500122070313,404.9299926757813,398.1700134277344,399.5899963378906,386.8463439941406,77289800,380.9648004150391,396.1857998710085,399.6288097563244,6.042806910268155,5.844170426183101,0.1986364840850534,407.0395002148634,55.31712785160593,0.8989211851543845,30.828627538904907,-52.41697553060058,6.948048906880288,413.0404532357089,396.02750091552736,379.0145485953458,-1249726800.0,6258717697.9130535,79085759.83918667,-0.014414799715742554,-1
2022-12-06,399.4200134277344,399.989990234375,391.6400146484375,393.8299865722656,381.2699890136719,77972200,381.5552001953125,395.9614366996996,399.41952267601374,5.107640600019749,5.696864460950431,-0.5892238609306819,404.6908058770544,50.20274610323434,-0.1926074590533201,-66.95943254620818,-81.42006724321269,7.0481865268129456,412.1092445949059,396.72149963378905,381.3337546726722,-1327699000.0,6221645480.6930485,53051255.39725208,-0.0017011983165312605,0
2022-12-07,392.9400024414063,395.6400146484375,391.9700012207031,393.1600036621094,380.6213684082031,65927900,382.1508001708984,395.6946335532624,399.08033258347285,4.263307781778224,5.41015312511599,-1.146845343337766,402.5133877432626,49.62798764288269,-1.6854189390459635,-87.83248902433193,-84.79359898704924,6.806888448307332,411.2340538616757,397.27949981689454,383.32494577211344,-1393626900.0,6198471844.949362,30204505.352809902,0.007833926502128774,0
2022-12-08,395.1400146484375,397.3599853515625,393.2699890136719,396.239990234375,383.6031494140625,60737900,382.665,395.7465722847969,398.981331670852,3.798905695966028,5.087903639285997,-1.28899794331997,401.4657760904408,52.32991463631716,-1.53571467301518,-58.96725999215639,-74.94564675376483,6.620680822674889,407.4886992640731,398.3849990844727,389.2812989048722,-1332889000.0,6225945093.439524,26853731.64033413,-0.007470198687737906,0
2022-12-09,394.9400024414063,397.6199951171875,393.1499938964844,393.2799987792969,380.7375183105469,81447700,383.2747998046875,395.5116605223684,398.4951411655971,3.15564086085368,4.701451083599534,-1.545810222745854,399.7890339253166,49.57761173175855,-2.249394301944037,-73.11556012959088,-91.06761743293109,6.467060851105478,407.552414328643,398.3144989013672,389.07658347409136,-1414336700.0,6149235020.196673,-1366038.332069397,0.014417243300787197,1
2022-12-12,394.1099853515625,398.9500122070313,393.4100036621094,398.9500122070313,386.2267150878906,75405800,384.1102001953126,395.8391225875744,398.555666242327,3.068005484435673,4.374761963766762,-1.3067564793310886,399.8463535711235,54.512902464725926,0.7678534305277208,-36.398127345254025,-60.18516671653171,6.41012889229326,407.5782670335502,398.3364990234375,389.0947310133248,-1338930900.0,6224640820.196674,11206450.163952827,0.007569843141412402,0
2022-12-13,410.2200012207031,410.489990234375,399.0700073242188,401.9700012207031,389.150390625,123782500,384.8174005126954,396.4230157907295,398.9017140706381,3.205293068282117,4.140868184669833,-0.9355751163877164,400.6429018445325,56.93092757668706,1.705333615115617,72.37684149893667,-45.19893924970373,6.7765466876540055,407.92628748700224,398.67899932861326,389.4317111702243,-1215148400.0,6163725050.789123,-4051317.55043602,-0.006393530155021865,0
2022-12-14,401.6099853515625,405.5,396.30999755859375,399.3999938964844,386.662353515625,108111300,385.24600036621104,396.7065375150871,398.9703802199591,3.071312179981589,3.9269569837321847,-0.8556448037505953,400.5948919452625,54.2862304224516,-2.031004446637593,16.559903864468186,-58.832948018054765,6.948936384350594,407.9765738177038,398.7244995117188,389.4724252057337,-1323259700.0,6128315259.458902,-21191581.80680752,-0.024461665405543398,-1
2022-12-15,394.2999877929688,395.25,387.8900146484375,389.6300048828125,377.2039184570313,117705900,385.49680053710944,396.0325820262991,398.10423787434894,2.1519683469748543,3.571959256380719,-1.4199909094058647,397.9886344376185,45.61166021783583,-4.357111244354271,-122.39420335161547,-92.30091984941043,7.2747251603289,408.4164680025293,398.4334991455078,388.45053028848633,-1440965600.0,6066263577.978465,-46020717.49120617,-0.01632321892420352,-1
2022-12-16,385.1799926757813,386.5799865722656,381.0400085449219,383.2699890136719,372.7506103515625,119858000,385.6982000732423,394.81709697747743,396.66009405226936,0.8998091680555262,3.0375292387156803,-2.137720070660154,394.1823148929881,41.016832740951294,-5.809642042634011,-185.81087825288492,-92.42790541513776,7.368673101583308,409.7562063709516,397.8849990844727,386.01379179799375,-1560823600.0,6042897296.069842,-59429115.65200329,-0.008479662100243535,0
2022-12-19,383.4700012207031,383.8200073242188,378.2799987792969,380.0199890136719,369.5898742675781,79878100,386.0427996826173,393.40784859997217,394.9586645217169,-0.3507407204773471,2.359875246877075,-2.710615967354422,390.2193234626398,38.86240069921627,-4.897521835774508,-176.90277397185497,-94.59797983243276,7.2380542046789245,411.27977492499616,397.0844985961914,382.8892222673866,-1640701700.0,6013194972.086589,-68962462.016819,0.001368400469142994,0
2022-12-20,379.2300109863281,382.2300109863281,377.8500061035156,380.5400085449219,370.0955810546875,74427200,386.4532000732423,392.1823400233007,393.38299880254834,-1.2850361893936793,1.6308929596229242,-2.915929149016604,387.127473998806,39.41078746285056,-3.3745470077111848,-149.3818960336907,-91.75856694469717,7.033907824545609,412.28895901630176,396.38199920654296,380.47503939678415,-1566274500.0,6030187464.558928,-61186450.46878815,0.014952442091866303,1
2022-12-21,383.25,387.4100036621094,382.6900024414063,386.2300109863281,375.6294250488281,78167400,387.0230004882813,391.615451543589,392.4161427815755,-1.5484864481829843,0.9950170780617426,-2.543503526244727,386.1080965204737,45.20261832422604,-1.7626392845740848,-80.58618788609365,-74.32595295017424,7.022199774020029,412.1088626925748,395.69850006103513,379.28813742949546,-1488107100.0,6069271417.257987,-40007147.11591149,-0.014266135745262032,-1
2022-12-22,383.0499877929688,386.2099914550781,374.7699890136719,380.7200012207031,370.2706298828125,100120900,387.5062005615235,390.5777896080761,390.9896190824963,-2.1767917154531915,0.3606553193587558,-2.5374470348119478,383.8898252946034,41.10492869204123,-3.916815413934328,-106.89686525934415,-83.34263156860517,7.339187073922616,411.9463132301889,394.6134994506836,377.2806856711783,-1588228000.0,6073297449.084293,-26424863.152646065,0.005752265272075174,0
2022-12-23,379.6499938964844,383.05999755859375,378.0299987792969,382.9100036621094,372.4004821777344,59857300,387.8450006103516,389.8475242798887,389.8750004359654,-2.4695458843366964,-0.2053849213803347,-2.2641609629563617,382.6941227134748,43.304806823059785,-2.636796976549777,-83.88612717990236,-77.21160590633018,7.174245052877921,411.3100016618429,393.64250030517576,375.9749989485086,-1528370700.0,6129584875.589696,-556578.2657136917,-0.0039435108803203,0
2022-12-27,382.7900085449219,383.1499938964844,379.6499938964844,381.3999938964844,370.9319763183594,51638200,388.3204003906251,389.04299757670736,388.7090474446615,-2.7912253326076666,-0.7225530036258012,-2.068672328981865,381.38257113611496,42.13613072054788,-4.399051954769591,-71.18531786727164,-81.43895672945895,6.911798977672355,411.3284820682638,392.9169998168945,374.5055175655253,-1580008900.0,6129584875.589696,10076499.9394598,-0.01242787181496774,-1
2022-12-28,381.3299865722656,383.3900146484375,376.4200134277344,376.6600036621094,366.3220520019531,70911500,388.5172003173829,387.8636648229361,387.16076209658667,-3.3895634337660567,-1.2559550896538525,-2.133608344112204,379.1424245796561,38.6134072146054,-6.296489161313608,-81.83306038136388,-94.70880575630537,6.915956280745982,411.6690026869739,391.9884994506836,372.3079962143933,-1650920400.0,6063556607.877901,-7498644.152127266,0.018000315173837933,1
2022-12-29,379.6300048828125,384.3500061035156,379.0799865722656,383.4400024414063,372.91595458984375,66970900,388.76340026855473,387.4423636437429,386.34661952427456,-3.278864739359165,-1.6605370195949152,-1.6183277197642494,379.136589455426,45.61704331033159,-3.995991912612433,-45.50802604906644,-75.72784677647397,6.971245292221715,409.3995288189532,390.7764999389648,372.1534710589765,-1583949500.0,6107399030.3102665,-56919.2200126648,-0.002634075107433076,0
2022-12-30,380.6400146484375,382.5799865722656,378.4299926757813,382.4299926757813,371.9336853027344,84022200,389.0420001220704,386.9649949801274,385.551714070638,-3.2353395926872395,-1.9754975342133805,-1.2598420584738592,378.94172784311417,44.79710601188237,-1.8479100985040189,-50.70219848872934,-78.55542161160473,6.8311570403219495,406.8318816026271,389.5289993286133,372.22611705459946,-1667971700.0,6185347574.549057,27794406.802742004,-0.004209882546862387,0
2023-01-03,384.3699951171875,386.4299926757813,377.8299865722656,380.8200073242188,370.3678588867188,74850700,389.3502001953126,386.3797580605171,384.7222862606957,-3.2928006073260576,-2.238958148835916,-1.0538424584901418,378.4334937132885,43.45623607891692,-0.6392312885644885,-40.66263138700359,-83.06265928389618,6.957503401978645,403.9513015362119,388.2244995117188,372.4976974872257,-1742822400.0,6162544546.051693,29405857.76264,0.007720189025948843,0
2023-01-04,383.1799926757813,385.8800048828125,380.0,383.760009765625,373.2272338867188,85934100,389.53960021972665,386.1302582229083,384.2970967610677,-3.065765018257707,-2.4043195227202743,-0.6614454955374329,378.8472688051066,46.599579423563526,0.9841642176929202,-8.819799030801313,-70.74514305916514,6.880539222038206,402.3654429600351,387.4330001831055,372.5005574061759,-1656888300.0,6186512754.515643,35018076.05179691,-0.011413395797773451,-1
2023-01-05,381.7200012207031,381.8399963378906,378.760009765625,379.3800048828125,368.9674072265625,76970500,389.5498004150392,385.487376952423,383.53014482770647,-3.2023527380636665,-2.5639261657889527,-0.6384265722747138,378.1139642338935,42.783680713915984,-0.3048309339522284,-73.35927516562988,-77.49016896417614,6.74621499189262,401.7330071234848,386.7105010986328,371.6879950737808,-1733858800.0,6140530268.942198,19499731.210191727,0.022932103899730993,1
2023-01-06,382.6099853515625,389.25,379.4100036621094,388.0799865722656,377.4286193847656,104189600,389.6129998779298,385.7342921543128,383.6605720156715,-2.5788562272081776,-2.5669121780727977,-0.0119440491353799,379.8317789143274,51.31202927864724,0.4789828685795693,159.87240927932766,-8.080197099567743,6.9693421436993965,401.20348308673,386.4565002441406,371.7095174015512,-1629669200.0,6219942780.24332,36646231.80623913,-0.0005668965891446609,0
2023-01-09,390.3699951171875,393.7000122070313,387.6700134277344,387.8599853515625,377.2146606445313,73978100,389.7297998046876,385.93673912547945,383.7942372639974,-2.0785230898451914,-2.4692343604272766,0.3907112705820852,381.236474608933,51.1045874424668,1.8753898161290277,234.8801298196013,-30.850605917469043,6.902246189099221,400.1095246216676,386.0375,371.9654753783325,-1703647300.0,6150625962.108386,18273882.47930336,0.007012843096556365,0
2023-01-10,387.25,390.6499938964844,386.2699890136719,390.5799865722656,379.8599548339844,65358100,389.94179931640633,386.3789531680305,384.2268550327846,-1.4458571658739745,-2.2645589215166164,0.8187017556426421,383.1361235865955,53.60208086406469,2.0030771817924244,156.83443746974277,-16.481890185217384,6.722086095793026,399.7439247292533,385.9024993896484,372.06107405004354,-1638289200.0,6213894774.1649065,29227645.001787186,0.01264786371867066,1
2023-01-11,392.2300109863281,395.6000061035156,391.3800048828125,395.5199890136719,384.6644287109375,68881100,390.0717993164063,387.2495280104726,385.1428064255487,-0.5396274618427697,-1.9195726295818472,1.3799451677390775,386.0054822644912,57.8163577067967,3.7021487527920094,194.7017612314521,-0.3841431790411964,6.600509912611382,398.9944483101999,385.73099822998046,372.467548149761,-1569408100.0,6280163711.334148,52137241.9510355,0.003640782972808232,0
2023-01-12,396.6700134277344,398.489990234375,392.4200134277344,396.9599914550781,386.06488037109375,90157700,390.2867993164063,388.174334052816,386.2122343517485,0.2914031558647139,-1.477377472492535,1.768780628357249,388.74624001549785,58.985801976625176,5.389472626666056,168.213367786182,-6.450247472843607,6.562614690756328,397.6519857442105,385.4804977416992,373.3090097391879,-1479250400.0,6324871098.972722,70994678.41063404,0.0038795056884117773,0
2023-01-13,393.6199951171875,399.1000061035156,393.3399963378906,398.5,387.5626220703125,63903900,390.5663995361329,389.1577308096907,387.45218694777714,1.062024370975564,-0.9694971037989152,2.0315214747744794,391.3916379416006,60.25481070684669,3.927602092297352,141.0903440013042,-2.645530411287744,6.505285767532661,397.4057960162367,385.435498046875,373.4652000775134,-1415346500.0,6375461573.614565,88351991.76554489,-0.0018318970798698597,0
2023-01-17,398.4800109863281,400.2300109863281,397.05999755859375,397.7699890136719,386.8526611328125,62677300,391.0243994140626,389.97794587673656,388.6269003731864,1.595450094777334,-0.4565076640836654,2.051957758861,393.3556121606987,59.31788109752894,4.011190709849894,125.29996104710972,-10.331886706844085,6.26705202897564,398.8630424041191,385.842497253418,372.8219521027168,-1478023800.0,6340860083.665107,76411146.62994957,-0.015788015568668268,-1
2023-01-18,399.010009765625,400.1199951171875,391.2799987792969,391.489990234375,380.7450256347656,99632300,391.4339990234376,390.1219501012736,389.1647568475632,1.4942259006065228,-0.0663609511456277,1.5605868517521506,393.3105785643649,51.84877566785169,2.8018441008725907,68.8598000190844,-36.70735677500557,6.450833765326711,399.44115015664,386.2534973144531,373.06584447226624,-1577656100.0,6245961254.325067,34384705.49992466,-0.007279817254666643,0
