Date,open,high,low,close,adj_close,volume,SMA_50,EMA_20,WMA_20,MACD,MACD_signal,MACD_hist,TEMA_20,RSI_14,ROC,CCI_14,WILLR_14,ATR_14,Upper_BB,Middle_BB,Lower_BB,OBV,AD,Chaikin_AD
2018-01-02,248.33999633789065,248.47000122070312,247.22999572753903,248.0200042724609,215.3882751464844,4454900,,,,,,,,,,,,,,,,4454900.0,1221541.0902600274,
2018-01-03,248.32000732421875,249.22000122070312,248.07000732421875,248.9499969482422,216.1958923339844,5528600,,,,,,,,,,,,,,,,9983500.0,4154047.9713469897,
2018-01-04,249.9600067138672,250.9199981689453,249.6199951171875,250.6000061035156,217.62876892089844,4932900,,,,,,,,,,,,,,,,14916400.0,6658509.272801051,
2018-01-05,251.3800048828125,252.8500061035156,250.97000122070312,252.72000122070312,219.46987915039065,3349200,,,,,,,,,,,,,,,,18265600.0,9544505.844452286,
2018-01-08,252.75,252.97000122070312,252.22000122070312,252.58999633789065,219.35699462890625,3847500,,,,,,,,,,,,,,,,14418100.0,9493155.746796329,
2018-01-09,253.1999969482422,254.2899932861328,252.72000122070312,253.82000732421875,220.42523193359372,5031400,,,,,,,,,,,,,,,,19449500.0,11512199.925587477,
2018-01-10,253.1699981689453,253.92999267578125,252.4499969482422,253.6199951171875,220.2515411376953,2357600,,,,,,,,,,,,,,,,17091900.0,12882161.609420331,
2018-01-11,254.0,255.6699981689453,253.8500061035156,255.6100006103516,221.9796295166016,2760400,,,,,,,,,,,,,,,,19852300.0,15460563.826146431,
2018-01-12,256.6300048828125,257.9700012207031,256.4800109863281,257.9100036621094,223.97706604003903,3678400,,,,,,,,,,,,,,,,23530700.0,18842726.9590319,
2018-01-16,260.2699890136719,260.75,256.9100036621094,257.8099975585937,223.8901824951172,8102900,,,,,,,,,,,,,,,,15427800.0,14538039.197863724,4900653.829050196
2018-01-17,259.260009765625,261.19000244140625,258.5400085449219,261.0799865722656,226.72999572753903,6144400,,,,,,,,,5.2656971513708015,,,,,,,21572200.0,20172263.301047925,5549900.873467868
2018-01-18,261.239990234375,261.32000732421875,259.3800048828125,260.1600036621094,225.9310607910156,4860200,,,,,,,,,4.502914983444566,,,,,,,16712000.0,19220254.32826202,5008053.548164319
2018-01-19,260.04998779296875,260.54998779296875,259.2699890136719,260.5400085449219,226.38629150390625,4057600,,,,,,,,,3.966481324545679,,,,,,,20769600.0,23214585.835307296,5602034.7993123345
2018-01-22,259.70001220703125,262.010009765625,259.6300048828125,261.9800109863281,227.6376190185547,3359900,,,,,,,,,3.6641380661984617,104.76217205315167,-0.20296854400525532,,,,,24129500.0,26489786.094321504,6377860.4118035585
2018-01-23,261.8299865722656,262.2900085449219,261.2699890136719,261.8699951171875,227.5419158935547,3483300,,,,,,,,89.58253924100583,3.673937572287287,98.99733924620354,-2.953680672846015,2.001847399630837,,,,20646200.0,27104449.312368415,6311012.785219122
2018-01-24,263.0,263.760009765625,260.8699951171875,262.57000732421875,228.1502227783203,7106400,,,,,,,,90.2837634871307,3.4473247764204524,97.80596730736525,-8.41585013165278,2.096397239454756,,,,27752600.0,28358537.557352576,6108965.671818707
2018-01-25,263.5799865722656,264.3900146484375,262.4200134277344,263.75,229.1755523681641,5918900,,,,,,,,91.34175743029051,3.9941665002129807,107.24047095117373,-4.769105872240176,2.083397100316885,,,,33671500.0,30431569.17633233,6130550.488574032
2018-01-26,264.32000732421875,265.92999267578125,264.04998779296875,265.9100036621094,231.0523834228516,3861700,,,,,,,,92.87186185374806,4.02957749194601,127.28561547846543,-0.14579887768253474,2.093029503708063,,,,37533200.0,34211150.69376626,6784651.988378007
2018-01-29,265.5599975585937,265.8999938964844,264.1199951171875,264.1600036621094,229.53179931640625,4605600,,,,,,,,80.46488526426951,2.423325932013165,107.86718409408391,-13.130486458952372,2.0636439181190767,,,,32927600.0,29812588.312707745,5035909.845381193
2018-01-30,261.4800109863281,262.44000244140625,260.0899963378906,260.6199951171875,226.45590209960935,9409500,,257.71450119018556,260.4440965198335,,,,257.71450119018556,62.32627766079163,1.0899490264938874,18.456380534898983,-39.391685768458,2.2533650793682316,268.17336120863445,257.71450119018556,247.25564117173667,23518100.0,24647352.620220244,2219221.262420006
2018-01-31,263.0,263.1600036621094,260.2900085449219,261.44000244140625,227.1683807373047,5360500,,258.06931083315897,260.79890616280693,,,,258.68077416345335,64.33201574205869,0.13789485508533011,22.597348435597194,-37.16883464658424,2.310355196050655,267.9545139627677,258.3855010986328,248.8164882344979,28878600.0,23582708.209093537,526441.6874482967
2018-02-01,259.95001220703125,262.8999938964844,259.7699890136719,261.6199951171875,227.3246612548828,5182000,,258.40747124116166,261.1069532121931,,,,259.5158093033615,64.77532264756677,0.5611898195444112,1.0025376453963764,-45.608528145657935,2.3845511536796904,267.6356918599988,259.0190010070801,250.40231015416134,34060600.0,24526405.76379109,86350.02077742666
2018-02-02,259.6099853515625,259.8500061035156,254.72999572753903,254.92999267578125,221.51168823242188,9486600,,258.0762828063635,260.71752384730746,,,,258.45691882988876,43.25600608944186,-2.153226255142828,-197.18431661718589,-98.21431247556184,2.7847503052300584,267.187102451434,259.23550033569336,251.28389821995273,24574000.0,15780933.577944234,-2884187.7220644206
2018-02-05,252.22000122070312,255.0200042724609,239.05999755859372,243.2700042724609,211.3802490234375,19888200,,256.66616104122994,259.1970004127139,,,,254.55972796808214,26.64275695237732,-7.141768810309588,-356.1774382645326,-84.33194090469249,3.935038782651551,269.00136065724206,258.76300048828125,248.52464031932044,4685800.0,6385142.137394689,-6826778.827759629
2018-02-06,238.32000732421875,249.3300018310547,237.5399932861328,248.9600067138672,216.32432556152344,20493100,,255.93224158148112,258.2633819580078,,,,252.85284459316537,38.9625534677801,-4.929922726558672,-215.36500283369543,-59.77452034782945,4.610111552650692,269.3653218532714,258.5815010070801,247.79768016088875,25178900.0,25592009.492669255,-1707764.7736148871
2018-02-07,248.2400054931641,252.7899932861328,247.57000732421875,248.75999450683597,216.1505279541016,12657100,,255.24917043151493,257.32800038655597,-1.6898359920244843,,,251.42563147163906,38.71641223481424,-5.259554569128805,-111.77771892303095,-60.47903676674896,4.6617756244448465,269.7649678415336,258.32850036621096,246.89203289088837,12521800.0,18705724.540448237,-1649461.9841155522
2018-02-08,248.9600067138672,249.0800018310547,238.5,238.6699981689453,207.38316345214844,15829100,,253.67020164460354,255.4557620820545,-2.865298642372977,,,247.6693837648392,28.82386105205372,-9.509005433575236,-150.5207045106295,-96.01970797074225,5.156551557696805,271.77307935237883,257.5810005187988,243.3889216852188,-3307300.0,3385304.606675409,-6350338.823328491
2018-02-09,241.41000366210935,244.02999877929688,233.75999450683597,242.02999877929688,210.3028106689453,19858000,,252.5616108955267,253.97471429734003,-3.4855579505966148,,,245.50748706630873,34.79840111004795,-8.980483830595826,-131.6834714713513,-74.2928046528638,5.578905245018144,272.6233457899628,256.9020004272461,241.1806550645294,16550700.0,15508935.86712221,-3838602.2361981217
2018-02-12,244.02999877929688,247.8500061035156,243.05999755859372,246.1699981689453,213.9001007080078,10458400,,251.95288587394754,252.95261884416854,-3.6015382783714642,,,244.86643676581218,41.332872768395355,-6.8102684902197845,-70.34366765844302,-61.42367308528753,5.598599505700116,272.7044596651574,256.3150001525879,239.92554064001843,27009100.0,18631150.631487552,-1468677.8222378045
2018-02-13,244.72000122070312,247.25,244.3300018310547,246.57000732421875,214.2476348876953,6234000,,251.44023077397335,252.02452428908575,-3.6194533230350885,,,244.50470674598122,41.93834741644458,-5.390986131609429,-57.954111776953596,-60.18025008857882,5.382020939089186,272.6614891275928,255.75300064086915,238.84451215414552,33243100.0,21961673.23488943,694064.6138499975
2018-02-14,245.1699981689453,249.4900054931641,245.0399932861328,249.3000030517578,216.6197509765625,5764000,,251.2363995623338,251.40995309012277,-3.3744645584176,,,244.97536830390845,46.03202804958225,-4.643512575077047,-36.558535233249174,-51.694095649893114,5.307367011189422,272.10986180129726,255.16400146484375,238.21814112839027,39007100.0,27233461.518914685,3193113.2813621312
2018-02-15,251.6199951171875,252.5,248.4900054931641,252.5,219.40023803710935,6111500,,251.35674246115914,251.15623866489955,-2.888795945727395,,,246.2457401205532,50.44269743421793,-3.4859702191731863,-1.8487263835449106,-41.69257669867977,5.204340821363511,271.6036883189352,254.78100128173827,237.95831424454136,45118600.0,33344961.51891473,5869736.528856918
2018-02-16,251.42999267578125,254.1199951171875,251.1999969482422,251.9600067138672,219.4917449951172,6399000,,251.41419619951228,250.88757251557848,-2.5184419848698383,,,247.19294831897815,49.70447476838659,-1.1650202201556081,22.00694894383318,-38.09521585211232,5.024374575743569,271.0020763844955,254.35200119018555,237.7019259958756,38719600.0,30276992.71061645,5454934.461204704
2018-02-20,250.44000244140625,251.58999633789065,248.58999633789065,249.3500061035156,217.2180938720703,8685200,,251.21760666656021,250.41119203113374,-2.407783608557992,-2.939018920441495,0.5312353118835031,247.33013816805234,46.18613614196916,2.4992813434759196,2.2243360844005347,-46.97276618404288,4.894991091322164,270.12161426259087,253.72050094604492,237.31938762949895,30034400.0,25992350.58822029,3426044.3526568636
2018-02-21,249.6000061035156,252.50999450683597,247.7100067138672,247.72000122070312,215.79812622070312,5894800,,250.8845013860024,249.83971586681548,-2.4236752005772644,-2.835950176468649,0.4122749758913846,247.05331828539235,44.0872534272319,-0.4980741724469891,8.36565546084852,-52.09331844109008,4.887611159686268,269.16579181790433,253.01300125122071,236.86021068453707,24139600.0,20122098.825189922,416777.89704518765
2018-02-22,248.6300048828125,251.3600006103516,248.52999877929688,249.4900054931641,217.33999633789065,6342300,,250.75169225335114,249.50419246128627,-2.26730872585955,-2.722221886346829,0.4549131604872789,247.3178126284584,46.908688655954734,0.2934599623928132,37.09828557079718,-39.70868534098313,4.7912978591329205,267.960821739925,252.35900115966797,236.7571805794109,30481900.0,18082729.314171936,-1501064.8516694196
2018-02-23,250.7899932861328,252.9499969482422,250.0500030517578,252.91000366210935,220.31935119628903,5119000,,250.95724572085192,249.5566688900902,-1.8461407367391303,-2.547005656425289,0.7008649196861589,248.4514180286311,51.953629587326105,5.966399464705272,96.0666362218934,-9.924739610247958,4.689113050653277,266.52589321292896,251.81700134277344,237.10810947261788,35600900.0,23060538.926176846,-565327.9312629737
2018-02-26,254.32000732421875,257.17999267578125,253.9600067138672,256.9200134277344,223.81260681152344,6120900,,251.52512835960263,250.0426700410389,-1.1752403567032843,-2.272652596480888,1.0974122397776038,250.4438613485121,57.10098539720048,6.152135984603899,153.47374684755655,-1.1100737334454824,4.657113516349268,264.8222000587028,251.36750183105468,237.91280360340662,41721800.0,28193045.188941922,1501937.1589888185
2018-02-27,257.1000061035156,257.8599853515625,253.9199981689453,253.9600067138672,221.23410034179688,7219200,,251.75702153619926,250.2895752679734,-0.8723389950269791,-1.9925898761901064,1.1202508811631273,251.32160264975232,52.61968746623878,3.1644833256957776,121.23918375100173,-16.18249012135492,4.602629983931459,263.0477891301215,250.85750198364258,238.6672148371637,34502600.0,21120459.720468465,-39271.33123961836
2018-02-28,255.17999267578125,255.7700042724609,250.1999969482422,250.1999969482422,217.95846557617188,5299300,,251.60873348020337,250.22695574079242,-0.9250257272104818,-1.7790770463941816,0.8540513191836998,251.07074555176652,47.51815404209724,1.4721943124454335,53.28069280844938,-31.784196320541103,4.675793668341018,261.67416255842613,250.3365020751953,238.99884159196452,29203300.0,15821159.72046844,-2352336.501674935
2018-03-01,250.2100067138672,251.8699951171875,244.3699951171875,245.97999572753903,214.28240966796875,8144800,,251.07266321804485,249.81205037434896,-1.2924011762740122,-1.6817418723701478,0.38934069609613564,249.77452813483237,42.53394319582374,-1.331731762365644,-48.43597942820764,-49.294581481648144,4.888497261490037,259.8246280223244,249.56350173950196,239.3023754566795,21058500.0,11173195.179452753,-4563639.470660284
2018-03-02,243.5500030517578,245.9199981689453,242.16000366210935,245.3500061035156,213.7335968017578,6393400,,250.52764825475634,249.4107650756836,-1.615758308068962,-1.6685451595099108,0.052786851440948857,248.55742876029223,41.82857572871761,-2.8316807510829323,-133.63599585004846,-79.68148941505319,4.808334865358344,257.5319434038931,248.75000228881837,239.96806117374365,14665100.0,15628194.86291345,-3635887.1977204084
2018-03-05,243.83999633789065,249.6300048828125,243.8000030517578,248.83999633789065,216.77377319335935,4891000,,250.36691950076911,249.4193359375,-1.5722838107722055,-1.64929288976237,0.07700907899016451,248.47970534866337,47.06569530371223,-1.2382958774563397,-67.4120849585914,-57.45222632795326,4.884708804244146,256.75903197171317,248.44550247192382,240.13197297213446,19556100.0,19193661.21637813,-1791350.4101680256
2018-03-06,250.17999267578125,250.17999267578125,247.0500030517578,248.83999633789065,216.77377319335935,4408500,,250.22149824716163,249.4569067818778,-1.5203048307160998,-1.6234952779531162,0.10319044723701642,248.4318799971803,47.06569530371223,-0.20453569406098865,-42.691081287434905,-57.45222632795326,4.753970894353967,256.6913412412724,248.7240020751953,240.75666290911818,19556100.0,19827468.923310988,-672251.0530390441
2018-03-07,245.8600006103516,248.5800018310547,245.3999938964844,248.1100006103516,216.1378326416016,5362600,,250.0204032341321,249.39843045189266,-1.5204884248266524,-1.6028939073278237,0.0824054825011713,248.21843244190364,46.05976025710264,0.15743556746594745,-76.32928573008984,-62.1018860662793,4.6563721575445305,256.65241942142063,248.68150177001954,240.71058411861844,14193500.0,23604897.692294586,1048585.2061938718
2018-03-08,249.1300048828125,249.7100067138672,247.22000122070312,249.13999938964844,217.0352020263672,5846600,,249.9365552489432,249.44209689185732,-1.4211396181621865,-1.5665430494946961,0.14540343133250966,248.32554759975667,47.75643781935366,-0.14028862712307866,-36.3819162553325,-55.54137663594809,4.495916305483542,256.6738887450169,248.70050201416015,240.72711528330342,20040100.0,26774712.576015517,2665815.2110463716
2018-03-09,250.94000244140625,253.55999755859372,250.33999633789065,253.55999755859372,220.8856201171875,3904000,,250.28164499271944,249.90490599132718,-0.974514464213911,-1.4481373324385394,0.4736228682246284,249.57355837711836,54.386930576694645,0.2570060049316097,64.82003467095319,-27.388489222617373,4.490308087626906,256.2242728185529,249.44500198364258,242.6657311487323,23944100.0,30678712.576015517,4327244.2847545445
2018-03-12,254.0500030517578,254.72000122070312,251.6999969482422,251.9600067138672,219.4917449951172,5512800,,250.44148896616207,250.14443025134858,-0.7411234911646716,-1.3067345641837658,0.5656110730190942,250.1894419523675,51.822947098500556,-1.9305645549727959,62.14691688624719,-37.579525596891415,4.381958668916231,255.87792030128756,249.9415023803711,244.00508445945465,18431300.0,26115170.727077316,3161497.9279953167
2018-03-13,253.1000061035156,253.97000122070312,249.6499938964844,250.22000122070312,217.9759979248047,6100900,,250.42039489516597,250.17095395042782,-0.6886253209520987,-1.1831127155374324,0.49448739458533364,250.24589808891054,49.1113784603413,-1.4726749859389745,21.438775050502827,-48.662376058640376,4.377403668539986,255.82270801942667,250.14400253295898,244.4652970464913,12330400.0,21624248.406897575,968262.9594461434
2018-03-14,251.41000366210935,251.6199951171875,246.9199981689453,247.8800048828125,215.93746948242188,6222800,253.0180014038086,250.17845298922754,249.95533512660435,-0.826313068441209,-1.1117527861181877,0.28543971767697873,249.68660398998477,45.65192989012261,-0.9272550334641348,-36.612822886278934,-63.56682871454746,4.401072852609577,255.75034925839827,250.20950241088866,244.66865556337905,6107600.0,17943547.835828908,-1188125.432977289
2018-03-15,248.83999633789065,250.8000030517578,247.8000030517578,249.0,216.9131317138672,5069600,253.03760131835938,250.06621937120588,249.84014442080544,-0.8354270713030019,-1.0564876431551506,0.22106057185214878,249.52173490874233,47.55609841901998,1.2277438510918948,-22.989773914460724,-56.43309353357024,4.2984732537201324,255.7467293041612,250.1945022583008,244.64227521244038,11177200.0,16929617.521701302,-2284887.1086477228
2018-03-16,248.57000732421875,250.1300048828125,248.33999633789065,249.1000061035156,217.3966522216797,3430100,253.04060150146483,249.9741990599973,249.73590669177827,-0.8250694405433308,-1.0102040026327868,0.185134562089456,249.4167299520015,47.73219486050739,1.5284287371967042,-13.773353984680654,-55.79611123961777,4.11511030162523,255.49150777501555,250.02450256347657,244.5574973519376,14607300.0,16412251.65860341,-2690461.740712438
2018-03-19,248.3000030517578,248.3800048828125,244.32000732421875,245.91000366210935,214.6126708984375,5739500,252.94680145263672,249.587132831627,249.34404965355282,-1.062025116150977,-1.020568225336425,-0.04145689081455206,248.50769263638858,42.795840392873174,-1.1774605043004331,-100.73365995973812,-72.44673158098314,4.163631120660269,255.3928670356497,249.72200241088868,244.05113778612767,8867800.0,15168214.451188907,-3007621.225215122
2018-03-20,246.4900054931641,247.8500061035156,246.32000732421875,247.1000061035156,215.6512451171875,3258400,252.83440155029297,249.3502636194259,249.0943357195173,-1.1406423297353854,-1.0445830462162171,-0.09605928351916826,248.0788220951555,45.07768107572542,-0.6992405802853285,-60.98835383848859,-60.668762725784056,4.001610565241692,255.3935647609158,249.60950241088867,243.82544006086152,12126200.0,15232102.098540936,-2843620.2878801096
2018-03-21,247.13999938964844,249.6499938964844,246.32000732421875,246.6199951171875,215.23236083984372,4341400,252.7150015258789,249.09023804778414,248.8096207391648,-1.2275297144475132,-1.0811723798624764,-0.14635733458503686,247.61284056677448,44.30988421375159,-0.6005422955538557,-44.39328309974557,-64.4905069903732,3.952744038055859,255.42959061202492,249.55450210571288,243.67941359940085,7784800.0,11672907.657711398,-3650489.0185179003
2018-03-22,244.08999633789065,245.02999877929688,239.1699981689453,239.3600006103516,208.8962860107422,7449700,252.42580139160157,248.16354876802868,247.8387158348447,-1.8607597945884038,-1.2370898628076619,-0.6236699317807419,245.359652646775,34.68672170076345,-3.925503252491056,-245.69246025138688,-98.77811958766914,4.206861790326849,256.4151746675352,249.04800186157226,241.6808290556093,335100.0,4706300.162938777,-5865356.882250294
2018-03-23,239.97999572753903,240.8999938964844,234.8500061035156,235.1300048828125,205.2046813964844,7598700,252.05600158691405,246.92225887419858,246.51319231305803,-2.673110544535632,-1.524293999153256,-1.148816545382376,242.43591131537005,30.52678609093041,-7.268493789728145,-253.53311007944293,-98.59084626017494,4.340622204613477,257.4795742218648,248.15900192260742,238.83842962335,-7263600.0,-2189050.740484177,-8432200.215570822
2018-03-26,239.02999877929688,242.1499938964844,237.1999969482422,241.82000732421875,211.04318237304688,6589700,251.78020172119142,246.4363301551529,245.90947854178293,-2.7454294781480826,-1.7685210949522214,-0.9769083831958612,241.80822726331164,42.31070206610241,-4.024447975651828,-132.39085328720097,-64.92197819075402,4.534848576833475,256.19481910657953,247.40400161743165,238.61318412828376,-673900.0,3522057.802593381,-6898537.932261741
2018-03-27,243.0500030517578,244.25999450683597,236.8500061035156,238.2899932861328,207.96246337890625,6513100,251.3878015136719,245.66048854857954,245.0414777483259,-3.05239922714307,-2.025296721390391,-1.027102505752679,240.4168293086771,38.59111746685493,-4.7678074799654455,-111.68425914818134,-82.68752879741963,4.743045553169667,255.722136399465,246.62050094604493,237.51886549262485,-7187000.0,-459653.48027944565,-6910898.95798013
2018-03-28,239.0399932861328,240.72000122070312,237.0500030517578,238.27999877929688,207.9538116455078,7983700,250.99720153808593,244.9575847610288,244.2471442086356,-3.2589146979591703,-2.272020316704147,-0.9868943812550235,239.3164415227521,38.580775937063954,-3.872844083593638,-103.80284134075578,-82.73782829058504,4.6654195715595845,255.65617489608312,246.02450103759764,236.39282717911217,-15170700.0,-3091897.464280577,-7125224.376321637
2018-03-29,239.57000732421875,242.94000244140625,239.05999755859372,241.3999938964844,210.6766662597656,6614500,250.60360168457032,244.61876658345315,243.806714957101,-3.1346874398433613,-2.44455374133199,-0.6901336985113713,239.27029357010636,43.65671956494906,-3.052211286552448,-56.73028139890908,-67.03578559361057,4.665028133319387,255.63603925772404,245.7955009460449,235.95496263436578,-8556200.0,-1728105.557720792,-6131221.497526718
2018-04-02,240.3300018310547,241.02999877929688,233.1999969482422,236.1499938964844,206.0948486328125,9217400,250.12340148925782,243.81221680374185,242.88809523809525,-3.4204388764780163,-2.6397307683611952,-0.780708108116821,237.9165708536198,37.97021270683274,-5.198720148424929,-102.70384880298735,-85.79683995465696,4.9203039812974625,256.0386428711924,245.33550033569335,234.63235780019428,-17773600.0,-4000091.6338353665,-5890104.844281005
2018-04-03,237.3800048828125,240.25,236.3999938964844,240.1499938964844,209.5857391357422,9874500,249.71560119628907,243.46343366971732,242.3942374819801,-3.2862505276706884,-2.769034720223094,-0.5172158074475943,237.89274670534928,43.95958341821099,-2.342324297444783,-63.01615543630009,-62.26928534683911,4.861113133893078,255.70487431837012,244.90100021362304,234.09712610887595,-7899100.0,5361416.831806866,-2277340.3521324117
2018-04-04,235.0500030517578,242.8999938964844,234.94000244140625,242.4600067138672,211.601806640625,6437500,249.32520111083986,243.3678691977316,242.16176191057477,-2.959392530749284,-2.8071062823283324,-0.1522862484209515,238.52005154350246,47.13422422168185,-1.8777819809946148,-38.73656164144515,-47.38632639578858,5.084558283397648,255.2780376038509,244.58200073242188,233.88596386099286,-1461600.0,11087253.382396687,1229496.7836735398
2018-04-05,243.8000030517578,246.08999633789065,243.3800048828125,244.91000366210935,213.7399444580078,4786400,248.98600128173828,243.51473914671996,242.19300028483073,-2.474140582523745,-2.740513142367415,0.26637255984367014,239.71219541898043,50.346959371374126,-0.6933709711029754,52.08138842188689,-30.832833870350097,4.97974727732742,254.99720610793207,244.42200088500977,233.84679566208746,3324800.0,11705435.8533147,2749033.963279566
2018-04-06,242.3000030517578,244.25,237.2400054931641,239.1300048828125,208.6955718994141,6985500,248.51720123291017,243.09714540730022,241.68900066557384,-2.526844621635405,-2.697779438221013,0.17093481658560794,239.2246305168512,43.61309843317649,-0.09608778699557888,-28.24174921630929,-63.95131285903387,5.173475486345445,254.50366105102069,243.92150115966797,233.33934126831525,-3660700.0,8486726.461642379,2096615.8245608788
2018-04-09,241.16000366210935,243.63999938964844,239.42999267578125,239.72999572753903,209.2192840576172,5052000,248.03680114746095,242.7764644854182,241.28980967203776,-2.4914784923385866,-2.6565192490445275,0.16504075670594087,239.01282861776815,44.44376223311738,1.9563606299498628,-2.955394607249021,-60.30395142416961,5.12572524228338,252.976951332212,243.23000106811523,233.48305080401846,1391300.0,4154732.637636396,260754.38521397673
2018-04-10,243.3500061035156,245.0,242.1999969482422,244.00999450683597,212.95448303222656,5977500,247.59880096435546,242.89394353507703,241.36409476143973,-2.093952665141188,-2.5440059322638597,0.4500532671226716,239.9810459305575,50.09185927037803,0.9056269606679002,94.41671733167199,-34.28571693596032,5.136103287832933,251.7347524620474,242.83250045776367,233.93024845347995,7368800.0,5905267.362242923,43003.53738196008
2018-04-11,242.1300048828125,243.5800018310547,241.38999938964844,241.8800048828125,211.0955352783203,4733100,247.15320098876953,242.7973779491471,241.27338089715866,-1.9285517999924764,-2.4209151058095832,0.49236330581710686,240.24855831344348,47.503562738990894,1.506572536753102,75.303153418514,-32.660912757366454,4.9552094437378695,250.65084832133698,242.41550064086914,234.1801529604013,2635700.0,3290196.964260704,-882053.6213056594
2018-04-12,243.66000366210935,245.82000732421875,243.44000244140625,244.80999755859372,213.6526336669922,4742400,246.83700103759764,242.98905600718965,241.50142822265624,-1.543254819827979,-2.2453830486132627,0.7021282287852837,241.24981256749302,51.23621886615159,2.7404728943889056,138.5592251775405,-9.930169432939284,4.882255820375411,250.1930319694779,242.2620002746582,234.3309685798385,7378100.0,4007504.1192075056,-952065.3077124609
2018-04-13,246.4199981689453,246.4600067138672,242.3300018310547,243.5800018310547,212.5792236328125,5222500,246.47980102539063,243.04533656184344,241.6269521804083,-1.3219163342055822,-2.060689705731727,0.7387733715261446,241.76776124946534,49.64053677002485,0.9030687612631428,100.07886478977161,-21.71947784140077,4.828221796484651,249.33094570003408,241.99100036621093,234.65105503238777,2155600.0,1946319.9942407573,-1549986.3730308036
2018-04-16,245.1199951171875,246.6699981689453,244.72000122070312,245.6199951171875,214.35955810546875,4018400,246.15980102539064,243.2905421385429,241.97257072812036,-0.9707039100042039,-1.8426925465862223,0.8719886365820184,242.73290826163648,52.2942260185125,4.010163652536126,120.39713942525245,-7.795122172253244,4.703415507817119,248.6199418866743,241.81699981689454,235.01405774711478,6174000.0,1637192.9517117068,-1752041.1975538405
2018-04-17,248.1499938964844,248.47999572753903,247.2700042724609,247.8000030517578,216.26214599609372,3821900,246.01720123291017,243.72001460646814,242.54238056001208,-0.5105715611057065,-1.576268349490119,1.0656967883844126,244.09546472720143,55.021850475861996,3.185512950115215,146.6128620534104,-4.450214202258684,4.571105787584411,248.98631634047496,241.91149978637696,234.83668323227897,9995900.0,1163419.6282989378,-1826169.5743487969
2018-04-18,247.8800048828125,248.22000122070312,247.0800018310547,247.3800048828125,215.8955535888672,3645600,246.09940124511718,244.06858510897712,243.06319056919642,-0.17775465665832257,-1.2965656109237598,1.1188109542654372,245.10203065540162,54.3767888702972,2.0291998815093324,117.47870128123219,-7.198893537982032,4.324925800891192,249.04231329029668,241.9254997253418,234.80868616038694,6350300.0,-563422.983900069,-2239929.3256147085
2018-04-19,246.9199981689453,247.5800018310547,245.4900054931641,246.57000732421875,215.1886749267578,3721800,246.05160125732422,244.30681579614298,243.50552462623233,0.020409832541247397,-1.0331705222307583,1.0535803547720057,245.7093996326432,53.08422364601975,0.6778014933190035,80.25370082561767,-12.499925104105136,4.16462228529297,249.03324949454316,241.92300033569336,234.81275117684356,2628500.0,-438756.134224956,-2165898.0148164355
2018-04-20,246.3699951171875,246.66000366210935,243.58999633789065,244.47999572753903,213.47901916503903,3396500,245.96600128173827,244.32330912294262,243.74904799688431,0.008709748474814205,-0.8247944680896439,0.8335042165644581,245.65374094040718,49.79513560563985,2.237272920789818,33.67541966795499,-29.54211213750504,4.086132838884753,249.27035758989447,242.17900009155272,235.08764259321097,-768000.0,-1865955.994063213,-2392821.7053641845
2018-04-23,245.05999755859372,245.17999267578125,243.13999938964844,244.3500061035156,213.3654937744141,2491000,246.07960144042968,244.32585169252098,243.9558104742141,-0.010925783105875553,-0.6620207310928903,0.6510949479870147,245.56253195621795,49.58933672748415,1.9271724266108756,3.7534331672563686,-30.50215414990817,3.9394548083473735,248.99942258504336,242.6400001525879,236.28057772013244,-3259000.0,-1401920.0684725633,-2120477.0837763124
2018-04-24,245.38999938964844,245.55999755859372,238.1199951171875,240.08999633789065,209.64566040039065,7088900,246.04080139160158,243.9224368968419,243.71295296805246,-0.3660150750995399,-0.6028195998942203,0.2368045247946804,244.3717656595943,43.27687742158288,-1.6064908229959791,-108.51315422825942,-74.64418753665359,4.19032805497416,249.00162728016875,242.5534996032715,236.10537192637423,-10347900.0,-4736750.963408411,-2877375.2884448334
2018-04-25,240.2899932861328,241.3300018310547,238.08999633789065,240.6999969482422,210.17823791503903,5269200,245.9314013671875,243.61553785411812,243.5364289056687,-0.5913868070311992,-0.6005330413216161,0.009146234290416944,243.547839413057,44.368901676137995,-0.48784848302860334,-121.25501277068524,-69.21713112795682,4.122237648797745,248.8846250814852,242.67399978637695,236.4633744912687,-5078700.0,-1516696.7043767488,-1900873.1726223514
2018-04-26,241.42999267578125,243.8800048828125,241.1199951171875,243.1199951171875,212.29144287109372,3845800,245.86240112304688,243.5683433077438,243.5789046514602,-0.5681723635058802,-0.5940609057584689,0.025888542252588742,243.49914197958432,48.59686500526031,-0.6903322814672755,-46.812367865503745,-51.588074352456026,4.054742024274676,248.79102677833268,242.91599960327147,237.04097242821027,-1232900.0,211106.76311551128,-778832.7335272211
2018-04-27,242.97000122070312,243.44000244140625,241.7700042724609,242.9499969482422,212.1430206298828,3209800,245.73540100097657,243.50945317826745,243.58214249383835,-0.5570706179417471,-0.5866628481951246,0.02959223025337754,243.41542696836282,48.31905626159743,-0.2586439272832697,-54.87903802564596,-53.22424546825688,3.883948507033059,248.8272374699149,242.99349975585938,237.15976204180384,-4442700.0,1537288.372142854,172953.66111377947
2018-04-30,244.1000061035156,244.83999633789065,241.50999450683597,241.5399932861328,210.91180419921875,3475700,245.51620086669922,243.32188556949274,243.44371330624534,-0.6545032106402005,-0.6002309206841399,-0.05427228995606059,242.98155916308642,45.97164912577672,-1.6611032945864534,-52.76150483179655,-66.79502260915038,3.8442828355458465,248.24273832332437,243.26299972534179,238.2832611273592,-7918400.0,-1875788.9852929974,-539381.3967275621
2018-05-01,240.69000244140625,240.88999938964844,237.91000366210935,240.75999450683597,210.230712890625,4396600,245.2922006225586,243.0778959444778,243.20533185686384,-0.785602686337711,-0.6373052738148541,-0.1482974125228569,242.42563900113842,44.678562747190334,-2.8410042204282804,-132.7526328620534,-73.03696325328545,3.8289409620392396,248.20358340723078,243.2934997558594,238.383416104488,-12315000.0,2137200.0836635605,495103.6376169359
2018-05-02,240.6100006103516,241.6999969482422,238.72000122070312,239.1100006103516,208.78990173339844,2729400,245.08740051269533,242.7000011507515,242.80690336681548,-1.0109866583406415,-0.7120415507200117,-0.29894510762062976,241.54652554521093,41.98804299435994,-3.343036667971015,-109.16572770583149,-88.64713482456656,3.768172492918232,248.3564953109641,243.1259994506836,237.89550359040308,-15044400.0,122206.70127678616,232158.38112417184
2018-05-03,237.9199981689453,239.8300018310547,235.1199951171875,239.1000061035156,208.78118896484372,6177500,244.91500061035157,242.35714447958617,242.42347542898995,-1.1768456095054205,-0.8050023624770934,-0.37184324702832705,240.83165739185122,41.97155545784928,-3.0295660456710505,-132.7487232039484,-70.20949996630746,3.835579777392752,248.2784506573324,242.83549957275392,237.39254848817544,-21221900.0,4384826.79522666,1459772.7714408035
2018-05-04,238.1100006103516,243.22000122070312,237.67999267578125,242.5200042724609,211.7674560546875,3600900,244.7756005859375,242.37265493605042,242.3934282575335,-1.0205603684850075,-0.8481139636786763,-0.17244640480633122,241.14452899746055,49.30701298389308,-0.8016980895493958,-45.609316656323394,-44.61071244607753,3.9575488460056993,248.1803801879435,243.00499954223633,237.82961889652915,-17621000.0,7075757.4367007185,2685477.2469083713
2018-05-07,243.5,244.6699981689453,242.4900054931641,243.4199981689453,212.5533142089844,2983800,244.5858004760742,242.47240191061184,242.43295193626767,-0.8146899643364804,-0.8414291638102371,0.026739199473756692,241.64533953142154,51.06027247439272,-0.38060483377941834,32.348151475766095,-36.64122759812795,3.8303635008749213,248.14305580334076,243.18949966430665,238.23594352527255,-14637200.0,6637756.949537737,2803403.718510667
2018-05-08,243.1699981689453,243.97999572753903,241.83999633789065,243.4199981689453,212.5533142089844,2927200,244.31580017089843,242.56264917331026,242.45490417480468,-0.644111272033939,-0.8019655854549776,0.15785431342103862,242.06362035075824,51.06027247439272,1.386980666353204,32.58005126534279,-33.386849282188244,3.709431572792708,248.10066994574694,243.1599998474121,238.21932974907727,-14637200.0,8032970.668191293,3040723.1202367675
2018-05-09,244.22999572753903,245.8500061035156,243.2100067138672,245.3999938964844,214.2822723388672,3670500,244.14459991455078,242.83287248027924,242.668236941383,-0.3451783209159487,-0.7106081325471719,0.36542981163122323,242.92483553723915,55.02877859941613,1.9526368956510034,105.96037237292326,-10.918620733425776,3.6329309923216937,248.33221336878086,243.33599929809571,238.33978522741057,-10966700.0,10452129.61683747,3631111.348217886
2018-05-10,246.0,248.1100006103516,245.97000122070312,247.4600067138672,216.0811309814453,3877800,244.0898001098633,243.27355193109713,243.06099955240884,0.057293570046539344,-0.5570277920284297,0.614321362074969,244.16550449206156,58.774391841307505,1.7851314922031554,176.11109223422258,-5.003800012451565,3.56691763196689,248.7466512138567,243.46849975585937,238.19034829786204,-7088900.0,11974278.167608589,4026852.7668902567
2018-05-11,247.6999969482422,248.94000244140625,247.3800048828125,248.5399932861328,217.024169921875,3293500,244.14100006103516,243.77511777443385,243.5439989362444,0.4581204069637579,-0.3539981522299922,0.8121185591937501,245.4567480636232,60.62592595867724,2.3008834773031555,181.10098623723292,-2.894420718377222,3.423384088948123,249.439644481777,243.71649932861328,237.99335417544955,-3795400.0,13578762.507762741,4333187.203951614
2018-05-14,249.41000366210935,250.1999969482422,248.8500061035156,249.2700042724609,217.66156005859372,4286300,244.21940002441406,244.29844029805548,244.0729041689918,0.8251722763128839,-0.118164066521417,0.9433363428343009,246.69195656864105,61.87244614180086,3.200302724680041,166.4824516124563,-6.16705943540482,3.2972797766959085,250.0686666302746,243.89899978637695,237.7293329424793,490900.0,11959500.078546902,3549359.8640033472
2018-05-15,248.07000732421875,248.17999267578125,246.4900054931641,247.30999755859372,215.95016479492188,4755900,244.1888000488281,244.5852552752496,244.39776109967912,0.9469910426305148,0.09486695530896937,0.8521240873215454,247.17731416446188,56.68372654463349,2.7205529162660698,91.26930845927434,-19.16444985899807,3.2602906687037123,249.98562083075404,243.87449951171874,237.76337819268343,-4265000.0,11818783.322644072,2861260.6331460346
2018-05-16,247.17999267578125,248.27999877929688,246.97000122070312,247.97000122070312,216.52639770507807,2034400,244.1714001464844,244.90761203195945,244.78780888148717,1.084291040083201,0.29275177226381577,0.7915392678193853,247.72465135503282,57.96215614542492,3.7054077988103877,83.88719256341709,-14.787768280947866,3.1208423610943496,250.08778749505996,243.90399932861328,237.7202111621666,-2230600.0,12890343.309598366,2660601.795176586
2018-05-17,247.8000030517578,248.88999938964844,246.8800048828125,247.7400054931641,216.3256072998047,2058200,244.16400024414062,245.1773637901694,245.15314280192058,1.1611584325848128,0.4664331043280152,0.6947253282567976,248.09013902532132,57.32719878962167,3.6135504680447,73.33237104718508,-16.31293870278029,3.0414211695175024,250.2670226974579,243.96249923706054,237.6579757766632,-4288800.0,12593395.144074272,2242157.691051729
2018-05-18,246.97000122070312,247.52999877929688,246.4199981689453,247.0,216.28793334960935,2408800,244.12120025634766,245.35094819110566,245.4424285888672,1.1491178211859676,0.6029700476996057,0.5461477734863619,248.17318587207097,55.23076596538662,1.8472685339828736,48.58877619489606,-21.220136337466087,2.9183552441290534,250.52862627403175,244.0884994506836,237.64837262733545,-6697600.0,12701906.211501587,1901669.7434500959
2018-05-21,249.22000122070312,250.6699981689453,249.2100067138672,249.94000244140625,218.8623809814453,4060300,244.0488003540039,245.78800097684856,245.99971458798362,1.3611190432371245,0.7545998468071096,0.606519196430015,248.979533832198,61.287866323485225,2.6784998445097914,97.92779849338915,-4.694505365106938,2.9720877270761554,251.29599271549827,244.3679992675781,237.44000581965796,-2637300.0,12701906.211501587,1589500.151844874
2018-05-22,250.3699951171875,250.42999267578125,247.9199981689453,248.17999267578125,217.3211669921875,2329300,243.9732000732422,246.01580971008025,246.36276157924107,1.3713058992303218,0.8779410572917521,0.49336484193856966,249.1577551560894,56.370953002554266,1.955465673585401,67.86308449998067,-16.01289391954548,2.939056121655992,251.59808402222765,244.77249908447266,237.94691414671766,-4966600.0,10855161.215605056,729693.7155079432
2018-05-23,246.8300018310547,248.6999969482422,246.47000122070312,248.6300048828125,217.71522521972656,3489400,243.94140014648437,246.2647806789119,246.73014308384487,1.399558046233409,0.9822644550800835,0.4172935911533254,249.3937356359481,57.31392367789175,1.3162229285509244,39.5694892562444,-15.704329664882366,2.888373407089834,251.9231667097357,245.16899948120118,238.41483225266666,-1477200.0,14125520.15638305,1352187.6803896595
2018-05-24,248.1300048828125,248.42999267578125,245.8500061035156,247.91000366210935,217.08477783203125,3448100,243.9420001220703,246.42146858207357,246.9911911010742,1.3483075449833564,1.055473073060738,0.29283447192261836,249.37382576259967,55.25615412793704,0.18184633315818224,10.46475594291977,-31.257009450770536,2.8806273179715483,252.19468220334676,245.40849990844725,238.62231761354775,-4925300.0,16183710.505444353,2138796.8970526233
2018-05-25,247.41000366210935,248.1000061035156,246.7100067138672,247.3699951171875,216.6119384765625,4207000,243.90940002441405,246.51180444256062,247.17800016857328,1.2497110854918674,1.0943206755469639,0.1553904099449035,249.1919742349805,53.698918898161665,-0.47074845117515823,-2.9179434502213075,-37.372620242861935,2.7740894723166942,252.36875434771525,245.62949981689454,238.89024528607382,-9132300.0,15971778.752878347,2198722.664684415
2018-05-29,245.3800048828125,246.2100067138672,242.30999755859372,243.4499969482422,213.17935180664065,6439600,243.79639984130858,246.220203728816,246.97042846679688,0.8455150187323568,1.0445595441840425,-0.19904452545168572,248.00282395208944,44.00415627534919,-2.3348205658380174,-219.91521530998293,-86.36364466006275,2.937460353498839,252.2813941544998,245.725,239.1686058455002,-15571900.0,13296857.130442522,1172242.4475147128
2018-05-30,245.1699981689453,247.16000366210935,244.5800018310547,246.6999969482422,216.02525329589844,4185900,243.81219970703125,246.2658983211423,247.06328531901042,0.7784609491204151,0.9913398251713171,-0.21287887605090206,247.8537741683084,51.77743321941632,-0.24665424623887686,-99.89381288034757,-47.48804941218972,2.9926710226464817,252.17775644599243,246.02200012207032,239.86624379814822,-11386000.0,15990089.89245884,1502688.9240855053
2018-05-31,246.0,246.0200042724609,243.50999450683597,244.17999267578125,213.81854248046875,5357800,243.75379943847656,246.06724064063172,246.88785603841146,0.5160283776996835,0.8962775356769905,-0.3802491579773071,247.06412883244406,46.398957965701555,-1.528414133267926,-163.84333143434984,-77.63163898729807,3.0067729513987422,251.6383104212837,246.2754997253418,240.9126890293999,-16743800.0,13492610.389005812,706610.9203034565
2018-06-01,246.13999938964844,246.8300018310547,245.6499938964844,246.3600006103516,215.7274932861328,3565300,243.74859954833985,246.0951225425098,246.8959037417457,0.4784419147836161,0.8127104114983157,-0.3342684967146996,246.97248010939242,51.12846740656355,-0.5570375604317077,-55.19632472401225,-51.55499095606476,2.9812783616172993,250.87365584622037,246.63849945068358,242.4033430551468,-13178500.0,14217767.872874467,547437.2163232416
2018-06-04,247.72000122070312,248.6699981689453,247.5399932861328,248.1999969482422,217.3386993408203,3062500,243.92539947509766,246.29558677162717,247.04461778913225,0.5903218364357485,0.7682326964858024,-0.17791086005005385,247.36696269475937,54.75705257986023,0.4858287239846913,56.32040346741366,-29.54546699009446,2.933309708141189,250.7577540834336,246.92249908447266,243.0872440855117,-10116000.0,14732705.892751317,596397.5968082212
2018-06-05,248.16000366210935,248.47999572753903,247.16000366210935,248.1499938964844,217.294921875,2816400,244.18579925537108,246.47219697399453,247.16152205694289,0.6672608838983649,0.748038333968315,-0.08077745006995007,247.66884206558478,54.63832735674065,-0.7161752930451701,40.519088350860955,-30.14358957510802,2.8180280463952125,250.67087849311443,247.15899887084962,243.6471192485848,-12932400.0,16140889.614300106,1010267.3368804883
2018-06-06,249.2400054931641,251.52999877929688,248.5500030517578,251.5200042724609,220.24595642089844,4102500,244.37979919433593,246.9529405262294,247.57685590471542,0.9887693882971291,0.7961845448340779,0.19258484346305127,248.78062444556636,60.8062529660209,1.3458021175151704,157.8592636918923,-0.10840027671062957,2.8581837029152264,251.12557830126153,247.5639991760254,244.00242005078925,-8829900.0,20215871.1424341,2384320.2315999176
2018-06-07,252.22000122070312,253.3699951171875,251.7400054931641,252.52999877929688,221.1303253173828,4286800,244.6645993041992,247.48408893128345,248.0498082478841,1.309964850826674,0.8989406060325971,0.41102424479407684,249.94005000315255,62.45398423075818,1.568593419898202,193.42092334006884,-7.5949052740788,2.7861458496325784,251.94195721690974,247.920499420166,243.89904162342228,-4543100.0,20084365.34686573,2687833.641613392
2018-06-08,251.9600067138672,253.41000366210935,251.7700042724609,253.2700042724609,221.7783203125,4451000,244.9643994140625,248.03512848758606,248.55928490048362,1.6057171203449627,1.0402959088950703,0.5654212114498924,251.06316466629778,63.65946833751236,2.1620751608140076,156.91879174334338,-1.2612550690769164,2.70425282880946,252.8494895504426,248.21099929809571,243.57250904574883,-92100.0,23775441.547798004,3742083.0422234125
2018-06-11,253.6199951171875,254.16000366210935,253.0200042724609,253.38999938964844,221.8833770751953,4200200,245.20419952392578,248.54511619254438,249.05252300444104,1.828705350878863,1.1979777972918288,0.6307275535870343,251.99071941201163,63.86208448012631,2.4336032628407738,147.53475772728146,-6.497923003030914,2.5924882304191303,253.61325998626444,248.4534996032715,243.29373922027855,4108100.0,22301652.6412115,3364244.686538767
2018-06-12,253.7400054931641,253.7700042724609,252.55999755859372,253.3000030517578,221.80455017089844,6531000,245.54719970703124,248.99796256008852,249.51409476143974,1.97539208743828,1.3534606553211193,0.6219314321171607,252.69960071195607,63.57578507549949,4.046007897716158,110.21029988059054,-7.25738537886822,2.4937131175909073,254.22501762735678,248.65499954223634,243.0849814571159,-2422900.0,23758998.194119155,3367534.881816689
2018-06-13,253.4199981689453,253.75,252.02999877929688,252.17999267578125,220.82391357421875,3819000,245.7877996826172,249.30101304729737,249.8498083932059,1.9784604454916916,1.4784606133552338,0.4999998321364578,252.9595340810263,59.97239999773631,2.221319738681946,80.15833001738396,-16.708944864937013,2.438434245644979,254.63533136773677,248.89849929809571,243.16166722845466,-6241900.0,20606075.268691998,2059538.5870838612
2018-06-14,253.16000366210935,253.5200042724609,251.5399932861328,251.9900054931641,220.6574859619141,5007000,245.97839965820313,249.55710756595136,250.144237554641,1.9431621992507644,1.57140093053434,0.37176126871642445,253.0923406600642,59.35781243005518,3.1984654974385496,63.01327378371887,-18.312211403009037,2.4056821697710484,254.9722074243125,249.09949951171876,243.22679159912502,-11248900.0,17875033.469089754,468250.5678120926
2018-06-15,250.2700042724609,251.1999969482422,248.7700042724609,250.7400054931641,219.8909912109375,6340800,246.09499969482422,249.6697645114002,250.30047621954054,1.793647479839791,1.6158502403954302,0.17779723944436077,252.84688231638626,55.33954946340262,1.777887998035855,13.464357805862983,-28.860729176591903,2.463860281651823,255.12889619882665,249.24949951171874,243.37010282461083,-17589700.0,21815238.72867843,1028402.5454507619
2018-06-18,248.8000030517578,249.8999938964844,248.13999938964844,249.72999572753903,219.0052795410156,4075500,246.30699951171874,249.67550081769915,250.34623776390438,1.5754953111934356,1.6077792545550313,-0.03228394336159579,252.35609523850934,52.26105160749689,0.6164378719214494,-19.887116918530936,-41.59628287621502,2.4735869184057457,255.17624129214835,249.3859992980957,243.59575730404305,-21665200.0,25103432.25147547,2210307.8803337514
2018-06-19,246.6000061035156,247.22999572753903,245.52999877929688,246.8800048828125,216.5059967041016,5511100,246.4499996948242,249.4092631096147,250.1075716291155,1.159274310410325,1.5180782657260903,-0.35880395531576537,251.19087886679046,44.70400285664854,-0.5117828107631058,-93.03794708132382,-68.35673728686078,2.596924706788368,255.11754563924111,249.232999420166,243.3484532010909,-27176300.0,28345311.06685282,3524384.4240119755
2018-06-20,247.9600067138672,247.97999572753903,246.1199951171875,246.4600067138672,216.13755798339844,4711700,246.49899993896486,249.12838154811493,249.8434770856585,0.7864600050329216,1.3717546135874568,-0.5852946085545352,250.1097612007474,43.701108588881915,-2.011767443003238,-96.38971395025352,-89.22355262599541,2.5442782397996657,255.13986535970355,249.14700012207032,243.1541348844371,-31888000.0,25356226.243600354,2790490.1641171016
2018-06-21,245.8300018310547,245.94000244140625,243.92999267578125,244.5,214.4187164306641,4676600,246.55139984130858,248.6875833054373,249.4009056454613,0.32905270592411284,1.163214232054788,-0.8341615261306752,248.70519667829018,39.27318877718181,-3.179819751361436,-145.05342713878198,-94.42808688103526,2.5432592059197328,255.26579272210165,248.94049987792968,242.6152070337577,-36564600.0,23332047.43879044,1592522.8777099475
2018-06-22,245.9199981689453,246.50999450683597,245.44000244140625,245.69000244140625,215.4623260498047,3584900,246.56899993896485,248.40209941362482,249.0913344610305,0.06186424518551803,0.942944234680934,-0.881079989495416,247.86029893827794,43.04633752945696,-2.9928541490054625,-103.08399054212659,-82.79562194041466,2.5051632351696465,255.29949268683953,248.82949981689453,242.35950694694952,-32979700.0,21422346.77709604,350038.51566698775
2018-06-25,244.17999267578125,244.3999938964844,240.6999969482422,242.30999755859372,212.49810791015625,9536000,246.54359985351562,247.8218992369552,248.47042948404948,-0.417806468212234,0.6707940941023005,-1.0886005623145345,246.2945795741275,36.17174356751934,-4.372706838369154,-153.70104606640476,-88.03863441841501,2.682676349833721,255.62487018532065,248.57649993896484,241.52812969260904,-42515700.0,20185254.06544189,-583692.6330284514
2018-06-26,242.9199981689453,243.69000244140625,242.2700042724609,242.6699981689453,212.8139495849609,3829900,246.48459991455078,247.33124199238281,247.90790550595239,-0.7601375315219059,0.3846077689774592,-1.144745300499365,245.11535514962588,37.31992610679288,-4.196606693542135,-116.23278932868021,-85.36403983607576,2.592473546550539,255.70650168767085,248.5375,241.36849831232914,-38685800.0,18513014.064797185,-1444686.954697311
2018-06-27,243.2700042724609,245.5800018310547,241.00999450683597,241.1199951171875,211.4546356201172,6149300,246.35099975585936,246.73969467093565,247.20147646949405,-1.1433300606765897,0.07902020304664942,-1.222350263723239,243.76410116536238,34.4467624359975,-4.385755365142385,-102.51421494226986,-96.87965854792175,2.7337426900115744,256.09506887947964,248.25849990844728,240.4219309374149,-44835100.0,12659742.804029204,-3527981.2188337184
2018-06-28,240.47000122070312,242.9600067138672,239.8300018310547,242.0800018310547,212.29640197753903,5524000,246.24499969482423,246.2959144004708,246.61304808117094,-1.353940993116879,-0.2075720361860563,-1.1463689569308229,242.92910191366656,37.64855025119888,-3.9326971094408103,-104.07824373224312,-84.2986761165375,2.7620502454060394,256.2575510244531,248.15350036621095,240.0494497079688,-39311100.0,15077583.449869849,-3290199.4651371595
2018-06-29,243.47999572753903,244.9600067138672,242.58999633789065,242.72999572753903,212.866455078125,3966200,246.1681994628906,245.9563030982868,246.09652382986886,-1.4516686664702831,-0.45639136224290167,-0.9952773042273815,242.44105968934798,39.79275783650201,-3.194547974054118,-65.07841643049655,-79.196604099075,2.770476437109182,256.38528841828054,247.9720001220703,239.5587118258601,-35344900.0,11579959.946286809,-4006696.27475252
2018-07-02,240.9199981689453,243.0399932861328,240.6199951171875,242.72999572753903,212.866455078125,5700300,246.13319946289062,245.64903572964414,245.59728531610398,-1.511692699251796,-0.6674516296446806,-0.8442410696071154,242.07064849021452,39.792757836502005,-2.803027317406098,-81.42931607480881,-79.16670777332384,2.7454399010531687,256.41455056143445,247.69850006103516,238.98244956063584,-35344900.0,15819862.904728513,-2586503.4578407593
2018-07-03,244.05999755859372,244.3000030517578,241.3500061035156,241.66000366210935,211.9281311035156,3143800,246.0793994140625,245.26912791368844,245.0221904209682,-1.626848300533652,-0.859330963822475,-0.7675173367111771,241.51984662932506,37.34116268433581,-2.114388009341199,-66.73603398511672,-86.63256753322621,2.7600524053421167,256.47346509446226,247.3740005493164,238.27453600417056,-38488700.0,13336789.232115187,-2560447.705131937
2018-07-05,243.1300048828125,243.6699981689453,241.69000244140625,243.5500030517578,213.5856170654297,3294600,246.14859954833983,245.10540173636173,244.65800018310546,-1.5477611616169327,-0.9970170033813666,-0.5507441582355661,241.59005678593962,43.9141637776171,-1.1807204344872892,-46.5383084007469,-67.28229711304124,2.7064724604231425,256.011637263009,246.97550048828126,237.93936371355352,-35194100.0,16232059.165300041,-1395798.3089075163
2018-07-06,243.30999755859372,245.1999969482422,242.80999755859372,244.6000061035156,214.50640869140625,3546000,246.2265997314453,245.0572688189478,244.4317626226516,-1.3843990724494404,-1.0744934171949814,-0.309905655254459,241.9504084017451,47.22633090765631,0.04090229182641987,2.141749052263841,-52.63149919614798,2.6838655247464294,255.2957103503191,246.5790008544922,237.8622913586653,-31648100.0,17997667.46761557,-230675.61345099285
2018-07-09,245.77999877929688,248.0,245.75999450683597,247.83999633789065,217.34780883789065,3679300,246.32099975585936,245.32229048741854,244.5518574305943,-0.9821714446051146,-1.0560290226770082,0.07385757807189353,243.11352257037836,55.883866888643105,0.8750839981765834,130.11119819875236,-1.958429595707023,2.7350211576610515,254.49592467411446,246.30750045776367,238.11907624141287,-27968800.0,21151342.44053823,1270378.0363885239
2018-07-10,248.5200042724609,249.47999572753903,248.4499969482422,249.22999572753903,218.5668029785156,3474700,246.4465997314453,245.69445289123954,244.83019031343005,-0.5449598595744192,-0.9538151900564904,0.40885533048207123,244.44837034040094,58.99201055216346,2.855845090449463,176.17638228008605,-2.5906752137022537,2.6568001965658556,253.7514982058246,246.0995002746582,238.4475023434918,-24494100.0,22939292.86867355,2337849.8442397006
2018-07-11,247.33999633789065,248.16000366210935,246.63999938964844,247.0800018310547,216.68130493164065,4409800,246.55739990234375,245.8264099331267,244.92357141403926,-0.36771428629756997,-0.8365950093047064,0.46888072300713646,244.99778734527595,52.7960023204845,1.8172842524353416,109.2756062484905,-24.87041880263473,2.6520282023023767,252.71591075426048,245.78850021362305,238.86108967298563,-28903900.0,21082541.963689327,1971226.673662044
2018-07-12,249.07000732421875,249.44000244140625,248.1699981689453,249.3000030517578,218.62815856933597,3175400,246.7282000732422,246.1572283253773,245.25800025576638,-0.04756208123771444,-0.678788423691308,0.6312263424535935,246.03193120432448,57.73257207958045,3.392505018339404,131.31071063475213,-1.8652102551774297,2.6311679111424535,252.14080496281858,245.64450073242188,239.14819650202517,-25728500.0,23557859.182033453,2429642.975747768
2018-07-13,249.2400054931641,250.4600067138672,248.92999267578125,250.1999969482422,219.4174041748047,3018100,246.95,246.5422539085073,245.69185703822544,0.2756058213775816,-0.4879095746775301,0.7635153960551118,247.1157555311555,59.578155416053015,3.3542610111405926,128.4802122011923,-2.4459985530712824,2.552509940384868,251.7410612787446,245.55500030517578,239.36893933160695,-22710400.0,25550170.589120246,3030217.549242474
2018-07-16,250.38999938964844,250.75,249.8300018310547,250.6699981689453,219.82960510253903,1881400,247.1813998413086,246.93537240950138,246.1789996919178,0.5631522148630381,-0.2776972167694165,0.8408494316324546,248.12282852131318,60.546995343467046,3.271125357872464,114.3437503113421,-0.7326176233453885,2.4358962812403675,251.72588948189434,245.55149993896484,239.37711039603533,-20829000.0,27104362.44887179,3494948.416571036
2018-07-17,250.5500030517578,251.57000732421875,249.8999938964844,251.27999877929688,220.36456298828125,2960100,247.3565997314453,247.3491463494819,246.72457101004466,0.8306811790764073,-0.05602153760025175,0.886702716676659,249.0978822409043,61.82585015401969,3.522433651486196,104.85497363464445,-2.4702590223721788,2.38118789071601,252.0454037193604,245.62900009155274,239.2125964637451,-17868900.0,29036381.74057732,3982076.4172416553
2018-07-18,251.38999938964844,252.1699981689453,251.0200042724609,252.02999877929688,221.0222625732422,2119600,247.52879974365234,247.79494181898812,247.33418993268694,1.0906462515617932,0.17331202023215725,0.917334231329636,250.07811496445242,63.39684706584888,4.291150773831372,105.69866139671753,-1.1345172706296647,2.2932417719331375,252.87123781912769,245.88649978637696,238.90176175362623,-15749300.0,30639904.72972358,4329560.967040569
2018-07-19,251.22000122070312,251.6199951171875,250.6100006103516,250.7899932861328,219.93490600585935,2537400,247.6761996459961,248.08018481585904,247.80118931361608,1.182975756173306,0.37524476742038704,0.807730988752919,250.54186023970362,59.06862209233798,2.972691498113593,82.54289975597578,-11.948091066542831,2.230864798211169,253.40656983144453,246.10299911499024,238.79942839853595,-18286700.0,29006892.649531364,3558522.5330752768
2018-07-20,249.82000732421875,251.0399932861328,249.67999267578125,250.44000244140625,219.90676879882807,2687800,247.77699981689454,248.30492935162545,248.2142372494652,1.2139129843531293,0.5429784108069355,0.6709345735461938,250.81071594155068,57.86775062389577,2.3875699886201747,60.45931428934323,-14.978314029759254,2.168657962486837,253.89915300654323,246.39999923706054,238.90084546757785,-20974500.0,29323141.66612529,3020220.357817065
2018-07-23,250.2100067138672,250.6000061035156,249.6199951171875,250.25999450683597,219.74868774414065,1792000,247.83299957275392,248.49112603307407,248.58185584658668,1.209958179920278,0.6763743646296041,0.533583815290674,250.96322760638486,57.22338424308739,0.9764356862102385,48.679845332704495,-17.652542169710827,2.0837517542657666,254.30362441520933,246.62849884033204,238.95337326545476,-22766500.0,29871684.6238061,2699976.740126502
2018-07-24,251.25999450683597,252.66000366210935,251.05999755859372,252.2100067138672,221.4609832763672,5485300,247.9063998413086,248.84530514553055,249.1134280250186,1.3486275185475165,0.8108249954131866,0.5378025231343299,251.57294736321768,62.14141273644855,1.1956871313298638,95.9749968194574,-4.102068351577792,2.1063422734309905,254.89705743718378,247.1234992980957,239.34994115900764,-17281200.0,32271536.068617374,3087104.6525906324
2018-07-25,251.57000732421875,254.16000366210935,250.92999267578125,254.0200042724609,223.05030822753903,4687600,248.0013998413086,249.33813363380963,249.7702380225772,1.5862898823336309,0.9659179727972755,0.6203719095363553,252.51968046747783,66.04378934254967,2.8088078314616376,129.3249366500876,-1.233474135358159,2.186606649670888,255.73373554740792,247.69099960327148,239.64826365913504,-12593600.0,36552783.80437191,4327044.473375984
2018-07-26,254.5200042724609,255.67999267578125,254.4499969482422,255.1199951171875,224.0161895751953,4175000,248.15759979248048,249.88878710841706,250.4777614048549,1.8421637688412886,1.141167132006078,0.7009966368352105,253.55515900149254,68.18977715928942,2.3345334914502125,199.28137981801424,-5.645137721364013,2.1489900487064353,256.46119020480216,248.3909996032715,240.32080900174083,-8418600.0,36926161.156776726,4559726.787337348
2018-07-27,255.1100006103516,255.6000061035156,253.47999572753903,254.25999450683597,223.2610626220703,5852900,248.28339965820314,250.30509257493316,251.03671330043247,1.953037405947839,1.3035411867944304,0.6494962191534086,254.15100348106847,64.74464219430021,1.62270088253984,143.10178267598587,-15.707956012794122,2.146920020373822,256.9099762148173,248.99999923706054,241.09002225930382,-14271500.0,35380084.28092683,3748460.83824772
2018-07-30,254.52999877929688,254.7899932861328,252.6699981689453,252.8699951171875,222.0405120849609,4484200,248.38599945068358,250.5493690075288,251.40528433663505,1.9067642369175246,1.4241857968190494,0.48257844009847517,254.24677080263947,59.51121352880827,0.8776466925888133,83.98467121116815,-31.084066875406158,2.1449967683923883,257.0351015393343,249.50699920654296,241.97889687375164,-18755700.0,31741948.791204944,1918221.5815952085
2018-07-31,253.69000244140625,254.67999267578125,253.6000061035156,254.1699981689453,223.1820373535156,3743100,248.5293994140625,250.8941908324256,251.84937947591146,1.9524847697329335,1.5298455914018263,0.4226391783311072,254.63081168950262,62.55938823974928,1.1501111921712355,97.02489796564704,-20.106466195966878,2.1210677380048746,257.1872160394467,250.0789993286133,242.9707826177799,-15012600.0,31949892.91508524,1061267.5995088033
2018-08-01,253.8999938964844,254.63999938964844,252.55999755859372,253.1100006103516,222.25125122070312,3159000,248.5927993774414,251.10522033508522,252.13804626464844,1.881496951512645,1.6001758634239902,0.28132108808865475,254.6391941680973,58.68019159830769,0.42852114283445897,56.16558704498234,-38.07395652488383,2.1181344002694096,256.72416059046975,250.6514991760254,244.57883776158107,-18171600.0,30461525.714117,140645.26111912727
2018-08-02,251.4499969482422,253.41000366210935,251.02999877929688,253.1000061035156,222.2424774169922,4132600,248.6911996459961,251.2951999320786,252.37123740059988,1.8036408717176755,1.6408688650827274,0.16277200663494806,254.61314138816385,58.64326760607736,0.9210944930913693,8.453141272111605,-42.57405299787531,2.1368397821274194,256.33264986124817,251.12899932861328,245.92534879597838,-22304200.0,33517576.737351283,723620.9699779749
2018-08-03,253.0399932861328,254.5,253.0399932861328,254.38999938964844,223.37518310546875,2469400,248.8063995361328,251.58994273756144,252.6818088349842,1.824993654000366,1.6776938228662552,0.14729983113411071,254.89786108535378,61.969551682614956,1.5772228516753595,68.52700760640224,-21.287026498937422,2.0884937292312613,256.0593111881502,251.6184989929199,247.1776867976896,-19834800.0,35614875.01395214,1563649.4870679602
2018-08-06,254.22000122070312,255.2400054931641,253.6300048828125,254.8500061035156,223.77908325195312,2305400,248.94519958496093,251.9004249628904,252.9895714169457,1.857621085624345,1.7136792754178731,0.1439418102064718,255.22265662180857,63.10900081210149,1.83409721786526,86.09500452109582,-13.696153574990145,2.0543151019969876,256.26580314933847,251.96899948120117,247.6721958130639,-17529400.0,36803375.321970955,2143306.752331853
2018-08-07,255.97999572753903,256.760009765625,255.6499938964844,256.1199951171875,224.894287109375,2394500,249.12019958496094,252.3022887871092,253.38490433465867,1.9633240820258209,1.7636082367394628,0.1997158452863581,255.79034021564075,66.12648011923041,1.550290749469034,141.2840527915313,-8.963772204270748,2.0440069887281287,256.7781971434849,252.3134994506836,247.8488017578823,-15134900.0,36436626.37357516,2068900.3543291613
2018-08-08,255.97000122070312,256.1199951171875,255.3800048828125,255.6199951171875,224.45510864257807,1876800,249.36359954833983,252.61826081854522,253.6998086838495,1.9838797164483424,1.8076625326812388,0.1762171837671036,256.0970192627723,63.91008097481273,0.6298680488999783,107.26046402685321,-15.96655895778838,1.950861648748117,256.72959599102904,252.74049911499023,248.7514022389514,-17011700.0,35777176.68700307,1640554.6226615682
2018-08-09,255.75999450683597,256.2300109863281,255.0,255.16000366210935,224.0513153076172,1677300,249.5327996826172,252.86033156555135,253.93023768833706,1.9406817673264527,1.8342663796102818,0.10641538771617087,256.1997978553952,61.855994125585596,0.015682245879421935,86.22516647283648,-22.409003094493563,1.8993716555554487,256.8246593417237,253.03349914550782,249.2423389492919,-18689000.0,34536253.508737266,921341.7554710135
2018-08-10,253.67999267578125,253.8999938964844,252.3999938964844,253.3000030517578,222.41807556152344,4796900,249.71519989013672,252.90220504042816,253.9556190127418,1.7363450716920283,1.8146821180266313,-0.07833704633460292,255.77320518214555,54.26164749381633,-0.37756291820117355,-58.898295346646464,-59.348140160596316,1.9608465381568432,256.7501357573523,253.1884994506836,249.62686314401486,-23485900.0,35495692.06464529,848635.8725482449
2018-08-13,253.57000732421875,253.9600067138672,251.6999969482422,252.0399932861328,221.3116455078125,3686700,249.82879974365235,252.82008963525718,253.8462374732608,1.455951211225539,1.742935936666413,-0.28698472544087394,255.0714964961775,49.801053808296835,-0.32823262826024097,-108.44086705821431,-80.9605942273265,1.9822155763535791,256.67192641741417,253.25699920654296,249.84207199567177,-27172600.0,32918247.889966667,-78352.0326404646
2018-08-14,252.75999450683597,253.5500030517578,252.22999572753903,253.2100067138672,222.33908081054688,2815800,249.92899993896484,252.8572245951248,253.84176199776786,1.3130117796112586,1.6569511052553823,-0.34393932564412366,254.77945025473312,53.614223552510126,-0.3776966054191905,-78.11860755324864,-61.9545592535191,1.948486243629309,256.6464031958901,253.35349960327147,250.06059601065283,-24356800.0,34283507.92603266,-16050.524865709245
2018-08-15,251.83999633789065,252.1999969482422,249.8600006103516,251.75999450683597,221.06576538085935,5804000,250.00119995117188,252.75272649147823,253.68999960763114,1.0703886097843451,1.5396386061611749,-0.46924999637682974,254.1471668537898,48.67908406645977,-0.533367350266765,-159.75513921538578,-72.4638931090072,2.0485957593054396,256.65662506335207,253.33999938964843,250.02337371594479,-30160800.0,37904791.54432777,1163122.200032927
2018-08-16,254.3699951171875,256.4100036621094,254.27999877929688,255.94000244140625,224.7361602783203,7919200,250.08959991455077,253.05627658194757,253.93761894589377,1.2015489973240108,1.4720206843937422,-0.27047168706973146,254.70023496198286,60.08531680478728,1.1220846580023869,93.17933552143204,-11.884148350615597,2.2344126465866947,256.8817466202221,253.5974998474121,250.31325307460213,-22241600.0,42329132.2629936,2947517.4343366846
2018-08-17,255.22999572753903,257.1199951171875,255.02999877929688,256.510009765625,225.7111053466797,3902500,250.16920013427733,253.38520355182163,254.21500084286643,1.336087788384532,1.4448341051919003,-0.10874631680736835,255.2883943642005,61.34691203565938,0.8333701722013642,109.24573849135567,-8.402008444884446,2.224097111181957,257.0822596822145,253.90100021362304,250.71974074503154,-18339100.0,43953668.62132024,3926439.1047160923
2018-08-20,257.1099853515625,257.7200012207031,256.9700012207031,257.42999267578125,226.5207061767578,2930700,250.25239990234374,253.7704215636273,254.551095363072,1.4996585515540062,1.4557989944643215,0.0438595570896847,255.99390843394218,63.35984214094541,1.0123549187664953,133.39636501241972,-3.6896758575303057,2.1516604400559936,257.3328852455618,254.2595001220703,251.1861149985788,-15408400.0,44617893.8410468,4181302.4393555596
2018-08-21,257.92999267578125,258.70001220703125,257.760009765625,258.07000732421875,227.0838623046875,3290900,250.34600006103517,254.17990592177887,254.91400081089566,1.6617774570287338,1.496994686977204,0.16478277005152986,256.72043051795566,64.73570315969114,0.7613666422799296,137.84218647015928,-7.126742718857204,2.0886856431367056,257.8940878631287,254.5525001525879,251.21091244204715,-12117500.0,43497564.726054266,3548977.9542690367
2018-08-22,258.0,258.20001220703125,257.04998779296875,257.17999267578125,226.30075073242188,3850600,250.4235998535156,254.46562846977912,255.1642381940569,1.6988577391404078,1.537367297409845,0.16149044173056293,257.0646336794394,61.28909161289399,0.6102799422551347,96.53096129599426,-17.194768520676206,2.0216379712741466,258.23049760962306,254.71049957275392,251.19050153588475,-15968100.0,40517549.377365164,2019478.694489926
2018-08-23,256.79998779296875,257.5599975585937,255.97999572753903,256.489990234375,225.6936187744141,2811900,250.5097998046875,254.65842482831206,255.3337134951637,1.6535061102650843,1.5605950599808929,0.09291105028419144,257.14620335647066,58.68064757900353,0.5212363039572856,57.55208634780129,-25.000215763137035,1.9900923399254424,258.3805819524231,254.77899932861328,251.17741670480348,-18780000.0,39520904.93667658,893071.3394075632
2018-08-24,257.239990234375,258.17999267578125,256.989990234375,257.8500061035156,226.8902587890625,3631500,250.62699981689454,254.96238494976,255.62619033086867,1.7076221272285181,1.590000473430418,0.11762165379810008,257.544736664551,62.10413108502685,1.7962901685508832,87.0777941969324,-9.615441045743545,1.968657225549194,258.78927775175526,254.95849990844727,251.12772206513927,-15148500.0,41138381.77926774,865731.7495703697
2018-08-27,259.25,260.6499938964844,259.25,260.5799865722656,229.29244995117188,4111600,250.82379943847656,255.49739462809387,256.16157001313707,1.948336854524939,1.6616677496493224,0.2866691048756167,258.5581129219404,67.86056157542437,3.3883484818370215,152.39020225466672,-0.6488171249255825,2.028038293232,259.7630798393843,255.34399948120117,250.92491912301801,-11036900.0,44838776.96618872,1953242.9541508853
2018-08-28,261.29998779296875,261.32000732421875,260.3500061035156,260.6400146484375,229.34527587890625,2713600,251.04199981689453,255.98716796336467,256.66595241001676,2.1195163095711393,1.7532374616336859,0.36627884793745347,259.37985498490366,67.97575293163565,2.9343263447587136,139.07468192452728,-5.9336149860926835,1.9524638468778728,260.6115431441604,255.6675003051758,250.7234574661912,-8323300.0,43747787.68193514,1873433.4061121494
2018-08-29,260.79998779296875,261.7699890136719,260.44000244140625,261.3299865722656,229.9524383544922,2433900,251.3309994506836,256.496007830879,257.2052368164062,2.284517730558605,1.8594935154186698,0.42502421513993505,260.20473093825984,69.33616283492954,3.801236206799253,125.52442254555675,-3.6943985712327487,1.9080009824108581,261.45181023162394,256.0784996032715,250.70518897491905,-5889400.0,44571262.48746966,1932486.628574364
2018-08-30,260.739990234375,261.1499938964844,259.45001220703125,260.010009765625,228.79095458984372,3867200,251.60199951171876,256.83067468180724,257.579666355678,2.2824606629329196,1.9440869449215197,0.3383737180113999,260.50814735136373,63.756181808363614,1.5902193035066956,88.1563387517124,-14.777338049768595,1.905999072738914,261.874876351516,256.42399978637695,250.97312322123793,-9756600.0,43251881.175199665,1361161.0176253319
2018-08-31,259.5899963378906,260.489990234375,258.9800109863281,259.8500061035156,228.6501617431641,3081800,251.90899963378905,257.1182300553033,257.90595267159597,2.2420742276398755,2.003684401465191,0.2383898261746844,260.6844131982249,63.09334777909223,1.3020920083946834,68.75894860588923,-16.12077900614072,1.8777118315976387,262.25883533443175,256.69700012207034,251.13516490970892,-12838400.0,43721323.29407838,1153062.940278016
2018-09-04,259.2200012207031,259.9200134277344,258.2099914550781,259.7300109863281,228.5445098876953,2945000,252.1897998046875,257.36697109635327,258.19481084914435,2.1753094700974316,2.038009415191639,0.13730005490579256,260.7675940575219,62.567992558598796,0.8934539004721257,44.48795344131751,-17.128295664629213,1.865733940962273,262.5848837856772,256.9410003662109,251.29711694674464,-15783400.0,46011878.84963393,1691921.136287421
2018-09-05,259.2200012207031,260.3099975585937,258.9200134277344,259.9200134277344,228.7117462158203,3282400,252.5420001220703,257.6101179850562,258.4785263788132,2.1133679377749672,2.0530811197083048,0.06028681806666247,260.85616245715147,63.09203905665083,0.7168621114469237,47.99823460082021,-24.699305714006325,1.8317516968919372,262.9058703279836,257.1310012817383,251.356132235493,-12501000.0,47452410.4675232,2216903.0825026333
2018-09-06,260.1400146484375,261.04998779296875,259.0400085449219,260.2900085449219,229.03732299804688,3878500,252.89440032958984,257.86534565742437,258.7793842134022,2.0702695621096154,2.0565188081885672,0.013750753921048187,260.99718143317597,64.14473072994684,1.2092759770241244,57.13457697599914,-21.958199007498102,1.844482276187205,263.2526476458739,257.364501953125,251.47635626037612,-8622500.0,48397965.24790065,2530990.1194832623
2018-09-07,259.3299865722656,260.3399963378906,258.4599914550781,259.5400085449219,228.3773651123047,3796400,253.26280059814454,258.02483736099555,258.9865753173828,1.9530811531170684,2.0358312771742675,-0.08275012405719906,260.8917811475888,60.38497214485443,1.1891373646822765,16.815718616346448,-38.51438781614568,1.8470196126213259,263.45317156738133,257.5835021972656,251.71383282714987,-12418900.0,48963444.216798775,2609315.38658081
2018-09-10,260.5199890136719,260.6499938964844,258.8599853515625,258.94000244140625,227.84947204589844,2247600,253.60000061035157,258.11199594008224,259.11576581682476,1.7911458027356275,1.9868941822865396,-0.19574837955091207,260.62518400534884,57.48220956920987,0.42272496105857704,12.12699368777416,-48.87719954776985,1.8429473824875338,263.41827338298594,257.86550216674806,252.31273095051017,-14666500.0,46916788.96831186,1752938.5634584427
2018-09-11,258.1000061035156,260.510009765625,257.82000732421875,260.0299987792969,228.80853271484372,3072900,253.9460006713867,258.2946628771503,259.3219083513532,1.7308127340607484,1.9356778926413813,-0.20486515858063292,260.66757840366677,61.137081093369474,-0.21106294470401474,4.764371940012118,-30.051679654660646,1.9034514671996288,263.19902358805666,258.26500244140624,253.3309812947558,-11593600.0,48893016.536210574,1872044.2198344767
2018-09-12,260.1499938964844,261.7699890136719,259.5799865722656,260.25,229.0020904541016,4971200,254.29640075683594,258.48088546027884,259.510955737886,1.6813688290973232,1.8848160799325697,-0.2034472508352465,260.7393193224408,61.84990424361341,-0.1496372876450182,77.06474561118874,-26.25199958888176,1.9239194416546994,263.03587032295394,258.6170021057129,254.1981338884719,-6622400.0,46963612.918697126,1136682.2718854472
2018-09-13,261.4200134277344,262.2200012207031,260.989990234375,261.7799987792969,230.34832763671875,2472300,254.69880065917968,258.79508672875676,259.81219351632257,1.745521013254006,1.8569570665968569,-0.1114360533428509,261.1759211413581,66.45766898318877,0.1722007538950407,161.96304885831245,-8.413030920135146,1.9272110044278696,262.4526073055901,259.1180023193359,255.78339733308172,-4150100.0,47667118.903066315,956360.4453069046
2018-09-14,262.010009765625,262.4700012207031,261.0199890136719,261.8900146484375,230.4452209472656,3077700,255.0656008911133,259.08984176872633,260.0761946905227,1.784666913328067,1.842499035943099,-0.05783212261503201,261.5428389377769,66.76847815645728,0.723050964271395,153.98160382337852,-12.47284588274672,1.893125307512004,262.6221269780329,259.4155029296875,256.20887888134206,-1072400.0,48282736.63257761,991528.935159564
2018-09-17,261.7200012207031,262.19000244140625,260.6400146484375,260.9800109863281,229.64447021484372,2473500,255.39320098876954,259.2698578846884,260.2251954578218,1.7224058088494303,1.8184803905243654,-0.0960745816749351,261.58734003259394,61.67751510290264,0.43486813787579576,83.91614044204921,-32.042842798170255,1.868615439286597,262.6195713366715,259.63900299072264,256.65843464477376,-3545900.0,46894381.877704605,474027.810352467
2018-09-18,261.25,263.5299987792969,261.17999267578125,262.9100036621094,231.3427276611328,2998900,255.69460113525392,259.616538434919,260.5367193312872,1.807956714703721,1.8163756553602366,-0.008418940656515606,262.1048022862842,67.3615328590644,1.2243454900360518,156.21804982512043,-10.858074343283185,1.9172849774931449,263.0350903781826,259.9130035400391,256.7909167018956,-547000.0,48310900.15184265,669939.727397807
2018-09-19,263.1000061035156,264.989990234375,263.1000061035156,264.4200134277344,232.6714782714844,4001000,255.99840148925782,260.07401224375855,260.9659583682106,1.9748369018507788,1.848067904658345,0.12676899719243373,262.9003166325274,70.98729095500696,1.7313018496173385,202.36384645728282,-7.949486264928963,1.9289065386846396,263.7980661873489,260.23050384521486,256.6629415030808,3454000.0,49898676.49971367,1194383.4652937055
2018-09-20,266.0,267.3099975585937,265.989990234375,267.0400085449219,234.9768829345703,5247100,256.39760162353514,260.737440462917,261.61448262532554,2.2920806828743707,1.9368704603015503,0.3552102225728204,264.20917971115506,75.97439865557541,2.5932612771938413,231.7954126021607,-2.8449872655701536,1.997555040738922,265.1016377005734,260.7235046386719,256.3453715767704,8701100.0,52999334.84345079,2286921.4251407757
2018-09-21,267.54998779296875,267.6099853515625,266.5899963378906,267.1199951171875,235.5287170410156,3944500,256.7540014648437,261.34530281094277,262.22367219470794,2.520893620405502,2.053675092322341,0.4672185280831611,265.27530790394866,76.10941567732921,2.920546475574944,180.68352796149188,-5.005018734530764,1.9277287990300056,266.0127951593695,261.2550048828125,256.4972146062555,12645600.0,53154055.82899967,2575196.2291036993
2018-09-24,266.67999267578125,266.70001220703125,265.25,265.4200134277344,234.02989196777344,3778600,257.0584017944336,261.7333704887324,262.6203396751767,2.53582380853868,2.150104835565609,0.38571897297307123,265.6764566915675,67.4355091237343,2.502514453244605,108.55499924146015,-22.369528488332225,1.9236049592976658,266.45161422509125,261.6335052490234,256.8153962729556,8867000.0,50261534.90464053,1538670.515783012
2018-09-25,266.0299987792969,266.1199951171875,264.5299987792969,264.7300109863281,233.42149353027344,1820400,257.33960205078125,262.0187648218368,262.91524498349145,2.4635800425645584,2.212799876965399,0.2507801655991595,265.79329040252276,64.23556098512282,1.8074884548303343,74.20332756191847,-29.417577416318053,1.8997757435357185,266.8147009029089,261.84100646972655,256.8673120365442,7046600.0,48899126.17544147,541264.4450627565
2018-09-26,264.8099975585937,265.8399963378906,263.2699890136719,263.7799987792969,232.5838165283203,3365900,257.58960205078125,262.18650138921396,263.0999109177362,2.303119365612986,2.2308637746949165,0.07225559091806932,265.610633763067,60.01311856329571,1.3563876193263689,42.172212364216975,-39.12150325126716,1.9476494810725824,267.00824551839315,261.99800567626954,256.98776583414593,3680700.0,46869130.43839063,-561878.9042992294
2018-09-27,264.25,265.3699951171875,263.5899963378906,264.25,232.9982452392578,2440100,257.8340020751953,262.3830250664317,263.3143865676153,2.188648911355301,2.2224208020269938,-0.03377189067169262,265.5533336667633,61.36615842959504,0.943540848124745,37.14391499665538,-34.32066284702523,1.9356744185883583,267.23736322437145,262.1440063476563,257.0506494709411,6120800.0,46238554.079243064,-1162722.852012515
2018-09-28,263.5599975585937,264.94000244140625,263.5,264.3999938964844,233.1305084228516,3288800,258.1062020874023,262.5751173359605,263.5292425246466,2.085987539660948,2.195134149553785,-0.10914660989283664,265.5181887781247,61.81027691691633,0.9584096787410105,25.81167705767328,-32.788546063254756,1.9002692434351978,267.4484512125676,262.3635055541992,257.2785598958308,9409600.0,47060719.22992335,-1041222.5688594505
2018-10-01,266.1000061035156,267.1499938964844,265.739990234375,266.7300109863281,235.1848907470703,5828100,258.43200225830077,262.9708214931384,263.9451001848493,2.1676532124274672,2.189637962128521,-0.021984749701053907,266.06863135024196,67.96996324533474,2.2032338715401556,95.53660502504981,-10.958586538059567,1.960964351480447,267.99267994085676,262.70750579833987,257.422331655823,15237700.0,49416909.951305084,-147164.26268814504
2018-10-02,266.1099853515625,268.0199890136719,266.04998779296875,267.57000732421875,235.92550659179688,4553400,258.77820251464846,263.40883919133654,264.40819556826636,2.273941943544287,2.206498758411674,0.06744318513261272,266.7122372060658,69.85749554120517,1.7724710346504686,109.5348164883003,-6.0973340445855895,1.9616098426725264,268.60169603702747,263.09950561523436,257.59731519344126,19791100.0,51890162.38264058,1018909.3873239607
2018-10-03,268.7699890136719,269.2799987792969,267.6700134277344,267.95001220703125,236.2605438232422,5827700,259.0930026245117,263.8413318594979,264.87014857700893,2.3616165019537334,2.237522307120086,0.12409419483364736,267.31128176208995,70.69873529525084,1.3349968232497722,128.86214855124095,-15.393391378061915,1.9436370869127497,269.1854527004972,263.5010055541992,257.8165584079012,25618800.0,48089498.07526322,194009.11113394052
2018-10-04,267.69000244140625,267.7099914550781,264.5799865722656,266.25,234.7616729736328,8720900,259.3376025390625,264.07072882526,265.1319575718471,2.2677808773323704,2.243574021162543,0.02420685616982743,267.33280439559513,62.31937117914801,-0.29583902023766545,38.25642173040282,-35.06949472829063,2.0455220557710687,269.40320160026675,263.79900512695315,258.19480865363954,16897900.0,48674666.68998183,25102.729090861976
2018-10-05,266.3399963378906,266.6199951171875,262.8999938964844,264.32000732421875,233.0599670410156,7477100,259.52160278320315,264.09446963468463,265.18157682872953,2.0144597514005227,2.1977511672101393,-0.1832914158096166,266.8221403743088,54.43184557700898,-1.0482134786429502,-46.007705724834416,-61.234416266987154,2.1651277895302594,269.29205231627276,264.03800506591796,258.78395781556316,9420800.0,46905942.451485395,-609053.2966384366
2018-10-08,263.25,265.2099914550781,262.0799865722656,264.8299865722656,233.50965881347656,6236400,259.7330026245117,264.1645188668352,265.2570036388579,1.833714082763663,2.124943750320844,-0.29122966755718105,266.5118397769462,56.015987516556585,-0.22229930887611682,-87.47595908546255,-61.80562031110923,2.2340476242426375,269.04266500939093,264.33250427246094,259.62234353553094,15657200.0,51628055.70759865,689378.3012936562
2018-10-09,264.3800048828125,265.32000732421875,263.1400146484375,264.2300109863281,232.98065185546875,4559100,259.9602029418945,264.1707562115488,265.2472423735119,1.6233459015315361,2.0246241805629825,-0.4012782790314464,266.0814994896302,53.65283847408381,-0.18887167274201574,-77.54068608825324,-70.13860043233163,2.2301865542930823,268.8214070099152,264.5425048828125,260.2636027557098,11098100.0,51628055.70759865,1157884.109421
2018-10-10,264.0400085449219,264.1199951171875,255.8000030517578,256.0599975585937,225.77687072753903,12292000,259.9980029296875,263.39830300650544,264.4393845331101,0.7882888946326716,1.7773571233769205,-0.9890682287442489,263.59291182428944,33.146425689143356,-2.926681801663992,-274.6624715935831,-98.07125675637477,2.6730311731500445,269.70319178504826,264.3330047607422,258.96281773643614,-1193900.0,40104290.209000565,-2422369.274028197
2018-10-11,254.72999572753903,256.7300109863281,248.8600006103516,250.2700042724609,220.6716461181641,15270300,259.9412030029297,262.14798884135837,263.1000511532738,-0.33682120362215073,1.3545214579771063,-1.691342661599257,260.0459297976708,25.661079542576257,-5.290443037857744,-323.6153169439895,-93.09498634405536,3.044244155920171,271.86701411912253,263.7575050354004,255.6479959516783,-16464200.0,30305693.013162747,-6784538.468294159
2018-10-12,254.3600006103516,254.6100006103516,249.92999267578125,253.3000030517578,223.34326171875,8634400,259.94520294189454,261.30532352806307,262.1040985834031,-0.9727699967426133,0.8890631670331625,-1.861833163775776,257.9370792855438,34.053993358677445,-4.198181203087446,-187.9457680185989,-78.25659725984416,3.161084479183055,272.6124333591209,263.32800445556643,254.04357555201193,-7829800.0,34106322.18283169,-6742994.905754283
2018-10-15,252.8699951171875,254.7400054931641,252.33999633789065,252.33999633789065,222.4967803955078,5500900,259.9042028808594,260.45148284328474,261.05762161981494,-1.5365165098749003,0.40394723165154994,-1.9404637415264503,255.98542807006146,32.79081346497617,-5.394973964581386,-130.4004626262273,-82.95790382179644,3.1067219329933864,273.3122780737178,262.89600372314453,252.47972937257128,-13330700.0,28605422.18283169,-7863286.638737574
2018-10-16,254.6199951171875,258.1099853515625,253.97999572753903,257.9200134277344,227.4169006347656,7099800,259.9656030273438,260.2103905179942,260.5837177821568,-1.515558522855713,0.02004608075009734,-1.5356046036058102,255.86859294363228,45.45549099303479,-3.606530490090142,-65.92454617275214,-55.631666847251516,3.2969553708081403,273.2861389798454,262.6465042114258,252.00686944300617,-6230900.0,35052066.709050596,-5555538.485821307
2018-10-17,256.9200134277344,258.0199890136719,254.6699981689453,256.9700012207031,226.5791931152344,6822400,259.98260314941405,259.9017820134903,260.04309844970703,-1.5576515749217492,-0.295493450384272,-1.262158124537477,255.56395322489533,43.93746626492033,-4.097783349919922,-57.23154930687399,-60.284028709242406,3.3007436203303366,273.15804106146476,262.27400360107424,251.38996614068373,-13053300.0,37597776.383149296,-3296412.2100676745
2018-10-18,256.1099853515625,256.8599853515625,252.32000732421875,253.67999267578125,223.6783142089844,8694600,259.9438031005859,259.3092306479942,259.2246212187267,-1.8353302708655406,-0.6034608144805257,-1.2318694563850148,254.49806931810912,39.07114123047253,-4.721129511443662,-73.34718731983162,-76.39572723978057,3.3971186727778835,272.87125093319355,261.6060028076172,250.34075468204085,-21747900.0,34112245.046688005,-3181583.0488545373
2018-10-19,254.22999572753903,255.97999572753903,253.33999633789065,254.32000732421875,224.37973022460935,6618300,259.9270031738281,258.83406652192036,258.5307168869745,-1.980914060451937,-0.8789514636748079,-1.1019625967771292,253.8303177725021,40.45281313062219,-3.783292873374453,-61.515704961010805,-73.26147304865711,3.343038706932684,272.3591479467904,260.96600341796875,249.57285888914708,-15129600.0,32407587.630278986,-3387763.656410709
2018-10-22,255.07000732421875,255.44000244140625,252.1999969482422,253.0399932861328,223.25045776367188,4662600,259.92180297851564,258.28225002327395,257.7758587791806,-2.174510296807682,-1.138063230301383,-1.0364470665062993,252.99319264936634,38.569033322280426,-4.4519102382371685,-66.4345592728466,-79.52990670617125,3.3356791895089364,272.0460527807319,260.34700241088865,248.64795204104544,-19792200.0,30162617.435729757,-3878440.452639289
2018-10-23,249.0399932861328,252.92999267578125,247.5200042724609,251.6699981689453,222.0416717529297,7360500,259.9144030761719,257.6525117514331,256.94947742280505,-2.4106948754169366,-1.3925895593244937,-1.018105316092443,251.9960399591098,36.604304832863725,-4.7534391610166855,-97.56920110019182,-79.44528711708453,3.4917013622204554,271.7926821896641,259.69400177001955,247.59532135037497,-27152700.0,34094574.201931305,-2475509.22070146
2018-10-24,252.3999938964844,252.88999938964844,245.17999267578125,245.63999938964844,216.7215881347656,7624300,259.7630029296875,256.5084629550727,255.61100100562686,-3.0492930105627636,-1.7239302495721478,-1.3253627609906158,249.6619304578885,29.48486504657926,-4.069358067755534,-129.73016178947302,-97.85444654157878,3.7930089633969715,272.175481713793,258.7870018005371,245.39852188728125,-34777000.0,27380060.48842818,-3812972.696414117
2018-10-25,247.3300018310547,250.92999267578125,246.25,249.7700042724609,220.36538696289065,5920200,259.723203125,255.86670498530015,254.75223933628627,-3.1854103279533774,-2.0162262652483935,-1.1691840627049839,248.87514162525662,38.331802141101946,-0.1997842296177316,-105.54586303014302,-77.20949226302693,3.8999364400846233,271.7541331085496,258.06300201416013,244.37187091977069,-28856800.0,30365485.23509269,-3063575.0901383944
2018-10-26,247.3800048828125,249.0399932861328,244.30999755859372,246.52999877929688,217.5067443847656,5882900,259.5350030517578,254.97749487044268,253.6538580758231,-3.5142159541049978,-2.3158242030197145,-1.1983917510852833,247.44887862793223,34.6581667559549,-2.672721749268039,-139.52002034089708,-89.43360214741381,4.011370055323281,271.41113990600894,257.1695022583008,242.92786461059265,-34739700.0,30004808.05877771,-2593257.435476873
2018-10-29,248.72000122070312,250.2400054931641,241.0500030517578,244.47000122070312,215.6894073486328,6833300,259.29420288085936,253.97678118951512,252.44438178652808,-3.8961094441787054,-2.631881251251513,-1.2642281929271926,245.808041771997,32.52391673244921,-3.1188060677663536,-147.98008745256197,-85.17555550411234,4.381272443375561,270.61136221023014,256.0565017700195,241.50164132980885,-41573000.0,28257442.1783508,-2721084.135480553
2018-10-30,244.44000244140625,248.94000244140625,244.08999633789065,248.6999969482422,219.4212951660156,6151100,259.1196029663086,253.47423030939387,251.74376227969216,-3.8134780812797544,-2.8682006172571612,-0.9452774640225932,245.62786526881416,40.61119195772762,-3.5747580643157453,-89.35868082063227,-55.15825419952542,4.414753425383317,268.9908490716633,255.1130012512207,241.2351534307781,-35421900.0,33799760.35107382,-762540.7182083167
2018-10-31,250.94000244140625,253.22000122070312,250.38999938964844,251.19000244140625,221.61817932128903,5376400,258.98200286865233,253.25668479815695,251.3701433454241,-3.506647052986523,-2.9958899044030334,-0.5107571485834894,246.19324437695266,44.80489775311384,-2.2492893146436277,4.164072268630413,-40.56266172231301,4.422271344341848,266.9203910190907,254.27500076293944,241.62961050678823,-30045500.0,31463030.75712988,-635501.3984692618
2018-11-01,252.1499938964844,253.8300018310547,250.91000366210935,253.72999572753903,223.85922241210935,3267900,258.9130029296875,253.30176202952669,251.3182381039574,-3.023670035880258,-3.0014459306984786,-0.022224105181779308,247.3771336360627,48.77831488288359,0.01971107426737081,30.000913599586926,-25.67405725897858,4.3149661001636925,265.0383672750278,253.6490005493164,242.25963382360507,-26777600.0,34507088.18821698,442805.814812541
2018-11-02,255.3800048828125,255.6000061035156,250.5800018310547,252.4600067138672,222.73880004882807,6413400,258.8324032592773,253.2215948566067,251.20500059581937,-2.7121211257237405,-2.943580969703531,0.23145984397979058,248.07097291012667,46.95808567009211,-0.7313622824728645,31.773152814760085,-33.11831476964661,4.365325977180634,263.3428728529006,253.05600051879884,242.76912818469705,-33191000.0,32897358.727532633,331489.77231803164
2018-11-05,252.83999633789065,254.92999267578125,252.5,254.47999572753903,224.5209197998047,2833700,258.7650030517578,253.34144255860025,251.34061918712797,-2.2759840112543657,-2.8100615780136984,0.5340775667593327,249.20892439332312,50.144802368777725,0.5690809672832603,62.70644535091226,-20.860319472730794,4.229944528629186,261.3378601729304,252.53850097656246,243.73914178019453,-30357300.0,34681544.163194284,823511.3233428001
2018-11-06,254.52999877929688,256.3800048828125,254.3300018310547,256.2300109863281,226.06483459472656,2193300,258.6780035400391,253.61654431362194,251.69219156901042,-1.7687416472367374,-2.6017975918583063,0.8330559446215688,250.63280807726198,52.79102482434035,1.811901637286813,104.23984192183568,-3.9846620526713505,4.074234402964254,259.3617890253291,252.1385009765625,244.91521292779595,-28164000.0,36553886.96961636,1545673.639592424
2018-11-07,258.4599914550781,261.8599853515625,257.5,261.7799987792969,230.96142578125,4462300,258.70080322265625,254.39401616749575,252.6104294549851,-0.9084388697526435,-2.263125847437174,1.3546869776845303,253.26719685427173,60.035757566805636,6.570590876792111,180.39075315299567,-0.3843663637636774,4.185358699352646,260.63210574197126,252.42450103759765,244.21689633322404,-23701700.0,40852459.776683025,3068315.6039800793
2018-11-08,261.5299987792969,262.9700012207031,260.9700012207031,262.1000061035156,231.2437744140625,4023400,258.71620361328127,255.12791997092623,253.5319061279297,-0.19853224762940158,-1.8502071274756196,1.651674879846218,255.5232922645396,60.41298487721403,4.9365422669427375,174.47811146415384,-3.96895615812618,4.029261631960626,262.16804974921104,253.0160011291504,243.86395250908976,-19678300.0,41375521.42219084,3578705.5126202404
2018-11-09,261.1600036621094,261.45001220703125,259.0400085449219,260.0899963378906,229.47042846679688,4386500,258.7178033447266,255.60049867254187,254.2056199573335,0.19958221572366597,-1.4402492588357625,1.6398314745594285,256.85122458983983,56.78717726567928,5.500343822551665,119.12891290341125,-13.138709504513946,3.960028476681117,263.0142328054731,253.35550079345703,243.69676878144094,-24064800.0,40811232.588315114,3282618.0724107325
2018-11-12,259.70001220703125,259.9200134277344,253.67999267578125,254.22000122070312,224.29150390625,10153000,258.60520324707034,255.4690227247477,254.28795333135696,0.040959096857363875,-1.1440075876971374,1.1849666845545013,256.40831148012023,47.770290763490294,3.9882193935107297,45.76320327204818,-39.917886546160275,4.135026721068413,263.103463034324,253.44950103759766,243.79553904087126,-34217800.0,32415504.55087252,191703.5556468591
2018-11-13,253.8300018310547,255.3699951171875,252.22999572753903,253.05999755859372,223.26809692382807,3937900,258.4718029785156,255.23959175654255,254.25085776192802,-0.176320950478015,-0.9504702602533129,0.774149309775298,255.73527989512345,46.208807317686556,1.753116471191155,3.1267776204549707,-45.20987449784183,4.063953333895569,262.6402710213914,253.20650024414059,243.77272946688976,-38155700.0,30559429.293441094,-1680758.469998069
2018-11-14,255.0200042724609,255.2899932861328,249.6699981689453,250.91000366210935,221.3711395263672,5610300,258.29160278320313,254.8272500332632,254.03214380173455,-0.5160547348565672,-0.8635871551739638,0.3475324203173966,254.62032337396593,43.37860408819268,-0.11146891857776754,-28.34368741575506,-55.01824163324758,4.175099184790579,262.2228773176894,252.9035003662109,243.5841234147324,-43766000.0,27424861.984746236,-3291331.763255894
2018-11-15,250.1999969482422,254.0,248.3500061035156,253.22000122070312,223.4091796875,5667000,258.15020263671875,254.67417871778127,254.06228674025763,-0.5920736525889367,-0.8092844546569584,0.21721080206802168,254.30525724906127,47.125713386579314,-0.20099890254345515,-39.98606802896491,-44.47993072286431,4.280448815179322,262.19436773147874,252.88050079345697,243.56663385543519,-38099000.0,31527168.93790033,-2345711.1923799887
2018-11-16,251.7899932861328,254.9600067138672,251.33999633789065,254.0500030517578,224.6747131347656,4529500,258.0404025268555,254.6147334162552,254.17366790771484,-0.5786743833482149,-0.7631624403952098,0.1844880570469949,254.26471131327537,48.44588780909821,0.6298012737093417,-23.58455079077335,-47.24574079462071,4.233274637572202,262.1732618920966,252.86700057983393,243.56073926757128,-33569500.0,33779403.86988934,-1028999.7357178889
2018-11-19,253.6100006103516,253.77999877929688,248.83999633789065,249.8600006103516,220.9691925048828,4249600,257.8588024902344,254.16190172045486,253.88728695824034,-0.8958270095157275,-0.7896953542193133,-0.10613165529641422,253.14745825316143,42.65580418107399,-1.8154649460674608,-91.55448484025665,-89.6717167500226,4.303041219089827,262.1052239691482,252.70800094604488,243.31077792294155,-37819100.0,31284705.899863306,-1190567.15429914
2018-11-20,246.3600006103516,246.92999267578125,243.52999877929688,244.5,216.22901916503903,7341100,257.54820251464844,253.24172060422106,253.10557258242653,-1.5616779532417695,-0.9440918740238046,-0.6175860792179649,250.8481580833724,36.625410502615715,-4.57792236794386,-192.93626582811947,-95.01028241314893,4.447824128884682,262.40198718588533,252.3495010375976,242.29701488930988,-45160200.0,28132363.984792084,-2151447.420850575
2018-11-21,245.83999633789065,246.6300048828125,244.5800018310547,244.6499938964844,216.3615875244141,4257600,257.23620239257815,252.42346091776994,252.3722861880348,-2.0535938182278812,-1.16599226286462,-0.8876015553632612,249.01902691385527,36.89427269684136,-6.54366451321384,-155.73595586736343,-94.23870896846189,4.282265601815222,262.49292361279936,252.30000076293945,242.10707791307956,-40902600.0,24165493.52055354,-3611134.7302565575
2018-11-23,243.25,244.02999877929688,242.7100067138672,242.80999755859372,214.73439025878903,1928000,256.85680236816404,251.50789297880078,251.46847635904948,-2.5623755420432985,-1.4452689187003558,-1.1171066233429428,247.06864035953458,34.93624488038929,-7.3597894298802,-151.87691206832272,-99.50646163949948,4.114959991536103,262.91298190720283,251.95200042724605,240.99101894728926,-42830600.0,22529589.743980464,-4400509.401172571
2018-11-26,244.8699951171875,246.72999572753903,244.67999267578125,246.38999938964844,217.90049743652344,3435500,256.54680206298826,251.02047454173868,250.93876197451638,-2.646208649198684,-1.6854568648000217,-0.9607517843986622,246.4333523762224,41.4473867753948,-5.267406336706666,-91.48137248775271,-81.83616153232627,4.101034146376841,262.9199933844146,251.94500045776363,240.97000753111263,-39395100.0,24825523.226924174,-3592864.803685885
2018-11-27,245.17999267578125,247.52999877929688,244.13999938964844,247.5,218.88217163085935,2932000,256.2772018432617,250.68519125204926,250.5154285975865,-2.5931865773499396,-1.8670028073100053,-0.7261837700399343,246.23881374381335,43.34066382046266,-2.643380217305995,-73.87176484985427,-76.35738112112213,4.050245947136064,262.73300094479913,252.09650039672846,241.45999984865782,-36463100.0,27705631.523835957,-2019442.5735434107
2018-11-28,249.1199951171875,253.83999633789065,248.58999633789065,253.83999633789065,224.48907470703125,5132500,256.09580169677736,250.98564887927225,250.6814758300781,-2.016338390658376,-1.8968699239796796,-0.11946846667869648,247.76153137819367,52.740268873771676,0.3082268184707187,12.488408552395716,-45.064202163193634,4.213799553447842,262.89729742685785,252.35350036621094,241.80970330556406,-31330600.0,32838131.523835957,440884.0272915475
2018-11-29,253.6000061035156,254.97000122070312,252.22000122070312,253.58999633789065,224.26792907714844,3471100,255.87920135498047,251.23368197056925,250.79923735119047,-1.5613566103084793,-1.8297672612454396,0.26841065093696037,248.9748866352931,52.371319038002824,1.0681091374062341,49.74159245603613,-41.94244164980504,4.1092424383484625,263.016227209286,252.47350006103517,241.9307729127843,-34801700.0,32825497.015668415,1403280.8361896724
2018-11-30,253.1000061035156,255.83999633789065,252.8300018310547,255.50999450683597,225.96592712402344,2991800,255.64860107421876,251.6409498311661,251.08842729840958,-1.033933918661944,-1.6706005927287406,0.6366666740667966,250.48864013156546,54.97634025459798,0.9043492911671357,81.35286838259391,-25.624736783774637,4.03072472606865,263.17596857524956,252.5625,241.94903142475044,-31809900.0,35161282.876169406,2412622.2285174318
2018-12-03,260.1700134277344,260.29998779296875,257.0199890136719,258.7300109863281,228.8135528564453,9544200,255.48080139160157,252.3160985126101,251.67580929710752,-0.35206087791198115,-1.4068926497653889,1.0548317718534077,252.5767506175986,59.02408683441872,1.8421601568006478,144.45865067965468,-8.925403612320515,4.0849581964957205,263.82397368091824,252.87600021362306,241.92802674632787,-22265700.0,35568788.8429164,2735866.312205799
2018-12-04,257.6400146484375,258.0400085449219,250.3800048828125,250.72999572753903,221.7386779785156,5376900,255.18700103759767,252.16504110450808,251.47142791748047,-0.45199562870465115,-1.2159132455532413,0.7639176168485902,252.21430006862718,47.579294363370444,0.34819303412400604,46.378500750228596,-54.40592586423929,4.389604485223846,263.64860991972205,252.6885002136231,241.72839050752413,-27642600.0,30683237.37381041,1064893.7597076967
2018-12-06,246.3600006103516,249.8699951171875,242.82000732421875,249.72000122070312,220.84536743164065,8232800,254.88680084228517,251.93218016319332,251.18871372767856,-0.6057105009113855,-1.0938726966248702,0.48816219571348474,251.65395426005648,46.35718908686293,2.134969824418456,-44.940219773856235,-60.14779961779251,4.641060486773836,263.2696096496856,252.3629997253418,241.456389800998,-35875400.0,38565719.107385,2792567.9253042378
2018-12-07,249.66000366210935,251.41000366210935,243.2899932861328,244.30999755859372,216.06097412109372,5963700,254.4974008178711,251.2062580103743,250.42176114036923,-1.1508069407753965,-1.1052595454549754,-0.04554739532042107,249.79269339979973,40.37492499238459,-0.13897255114363097,-55.47606467268446,-90.90396494725363,4.8895569142219495,262.03162113763307,251.48949966430663,240.9473781909802,-41839100.0,34100292.92675644,1824656.4878206253
2018-12-10,243.94000244140625,245.4900054931641,239.25,244.7100067138672,216.41477966308597,6021000,254.10660095214843,250.58756741070698,249.77609514508927,-1.5328526298119982,-1.19077816232638,-0.3420744674856182,248.37968970182268,40.98137448089983,0.7825086175930482,-93.49212971428395,-74.06171078307716,4.986017529451268,260.35590950974967,250.61999969482423,240.8840898798988,-35818100.0,38616046.60756925,2699645.572034076
2018-12-11,248.44000244140625,248.5,242.66000366210935,244.22999572753903,215.99020385742188,5646500,253.70320098876954,249.98208439326243,249.16752333868118,-1.8529992440086005,-1.323222378662824,-0.5297768653457764,247.1134629248491,40.449698653447136,-0.876660443792408,-54.856202537404336,-76.34204933267237,5.047016017205673,258.9101052228258,249.82699966430658,240.7438941057874,-41464600.0,36005493.784430176,1981542.8834831417
2018-12-12,247.38999938964844,248.75999450683597,245.6499938964844,245.8800048828125,217.449462890625,3734800,253.28620086669923,249.59141015417197,248.79161907377699,-1.9510849009327274,-1.448794883116805,-0.5022900178159224,246.525945841246,43.1786260786087,-0.6545434816919192,-31.532084873332316,-68.5035214840975,5.010086213689885,258.4135165061499,249.4099998474121,240.40648318867431,-37729800.0,32823134.210891098,495064.3844514042
2018-12-13,246.4199981689453,247.8600006103516,245.1699981689453,246.2700042724609,217.7943420410156,4455300,252.86020080566405,249.2750857844852,248.49257187616257,-1.9745869896514137,-1.5539533044237266,-0.42063368522768707,246.17075949886987,43.83378317780213,-2.9821904249294118,-38.79640100156521,-66.65079171777109,4.844365940874109,258.00972218055733,249.07050018310548,240.13127818565363,-33274500.0,32011590.89865903,-416264.635812819
2018-12-14,244.05999755859372,244.8300018310547,240.82000732421875,241.4199981689453,213.505126953125,6591200,252.32960052490233,248.52698220205284,247.76395263671876,-2.357392964971808,-1.714641236533343,-0.6427517284384652,244.64763461318768,37.97047417557472,-4.799084484677259,-104.10259244036985,-89.69121412189061,4.88762529935938,258.08485492267334,248.59599990844725,239.10714489422116,-39865700.0,27392792.43138937,-2220856.507705547
2018-12-17,240.0399932861328,241.3999938964844,235.0500030517578,236.42999267578125,209.09207153320312,7036700,251.73320037841796,247.37488796145556,246.60528528122674,-3.0285104155752833,-1.977415072341731,-1.0510953432335524,242.13561716067323,33.069279213574234,-7.467418982134667,-155.58149062376089,-94.5346912555906,4.9935088596305715,258.3652408948432,247.75649948120116,237.14775806755912,-46902400.0,23414545.02598801,-4023008.5835888647
2018-12-18,238.44000244140625,239.80999755859372,235.6699981689453,237.3600006103516,209.91455078125,5349600,251.19400024414062,246.42108916611232,245.615142531622,-3.44561307963707,-2.271054673800799,-1.174558405836271,240.35857519288422,34.75950043133989,-8.259579278998205,-133.233910858374,-90.8514892889278,4.932543896497273,258.0330583942712,246.92199935913087,235.81094032399054,-41552800.0,22432499.805417456,-4706993.495396413
2018-12-19,237.5500030517578,241.1999969482422,232.07000732421875,233.4199981689453,206.4300994873047,9545700,250.56580047607423,245.18289002352498,244.32923765636625,-4.047438859288974,-2.626331510898434,-1.4211073483905396,237.92915304011868,31.168403519514527,-6.903839928830849,-137.59184687544794,-95.21788246994724,5.232361452992184,258.56945524111933,246.09999923706056,233.63054323300182,-51098500.0,15709718.151917707,-6697963.894940656
2018-12-20,232.58999633789065,233.3699951171875,226.9499969482422,228.88999938964844,202.4239654541016,11912800,249.85900024414062,243.63118615363197,242.6901900518508,-4.834197548142043,-3.067904718347156,-1.7662928297948874,234.82114141759226,27.633512937334896,-8.341342995848011,-166.7032835993209,-94.1828996282528,5.320764294782913,259.8720052204386,245.31949920654296,230.7669931926473,-63011300.0,10996565.402839296,-8403185.488102734
2018-12-21,229.00999450683597,232.47000122070312,223.8500061035156,224.08999633789065,198.7137756347656,10242700,249.21960021972657,241.77012045689472,240.6683326357887,-5.778419584299456,-3.6100076915376165,-2.16841189276184,231.09915360018815,24.467071110870357,-8.27637076777983,-160.3609819210886,-99.34159024709606,5.556423642309671,261.5424995090769,244.29149932861327,227.04049914814962,-73254000.0,1324201.6826666258,-11414420.460987367
2018-12-24,222.5,223.30999755859372,217.8800048828125,218.1000061035156,193.4020538330078,7024000,248.57620025634765,239.51582385181098,238.17390470958892,-6.930177727229903,-4.274041698676074,-2.6561360285538296,226.5802651471379,21.202072410642064,-10.874095819655608,-180.3754205673077,-99.45218824541426,5.603107058072006,263.7502275603078,243.05599975585938,222.36177195141096,-80278000.0,-5130630.487287958,-13662424.962063232
2018-12-26,219.19000244140625,228.7400054931641,216.97000122070312,228.7100067138672,202.8105316162109,9761100,248.08440032958984,238.48669841010204,236.8076196579706,-6.907194141210255,-4.8006721871829106,-2.106521954027344,225.7318458071851,37.19034119296618,-6.35466129679903,-114.92524061087934,-65.91171701239664,6.043599721189418,263.7141364036187,242.1720001220703,220.6298638405219,-70516900.0,4580712.337129702,-10250051.81727381
2018-12-27,225.5399932861328,231.3699951171875,222.52999877929688,231.25999450683597,205.07177734375,7952000,247.66280029296874,237.79844089550525,235.7683810279483,-6.607054765360203,-5.1619487028183695,-1.445106062541834,225.805962829926,40.32428806531737,-5.945994015635593,-70.16118206133481,-58.50757179693926,6.24334233875098,263.2589293773722,241.3599998474121,219.46107031745197,-62564900.0,12334810.704576734,-5455044.975920098
2018-12-28,232.7100067138672,233.80999755859372,229.6699981689453,230.47999572753903,204.3801422119141,7266800,247.11399993896484,237.1014461176037,234.73219015938895,-6.358830886158245,-5.401325139486345,-0.9575057466718997,225.76745561341883,39.67222107409646,-6.411665355498428,-36.861313148006346,-57.50236753673954,6.09310355521745,261.7936445163664,240.19199981689454,218.5903551174227,-69831700.0,7911532.987940468,-4404944.634666929
2018-12-31,232.3300018310547,233.25999450683597,231.0500030517578,233.1999969482422,206.7921295166016,5079600,246.63859985351561,236.72987953004548,234.0662851242792,-5.87490802432103,-5.496041716453282,-0.37886630786774766,226.5384958167467,43.126034526717625,-3.4048551416816686,-20.210539856129497,-48.9462121572112,5.856453211952443,260.06148957020247,239.17249984741207,218.28351012462167,-64752100.0,12715327.75988622,-2046428.4644745346
2019-01-02,229.2700042724609,234.0,229.13999938964844,233.3600006103516,206.9340667724609,5319500,246.23220001220704,236.40893868055082,233.51271376836868,-5.416051837308004,-5.480043740624227,0.06399190331622329,227.30055409869007,43.33156124860815,-1.2984782644051294,-16.244466775200863,-48.442897605775926,5.7852780255295535,257.6817774737873,238.06500015258788,218.4482228313885,-59432600.0,16633808.695821354,351247.3997175824
2019-01-03,231.25,231.4199981689453,226.3600006103516,226.72000122070312,201.0458984375,7350200,245.68019989013672,235.4861827319939,232.43223767961774,-5.524514299223483,-5.488937852344079,-0.03557644687940442,226.2821541528735,37.306492524638166,-4.482642131061926,-51.88577392468153,-68.43638655665588,5.8720438815215505,254.21005715959927,236.46449966430663,218.71894216901399,-66782800.0,10329489.234523175,-705736.6116821151
2019-01-04,230.0,235.17999267578125,229.72999572753903,234.27999877929688,207.74981689453125,7343700,245.305,235.37130806983228,232.22418997628347,-4.943457855318201,-5.379841852938903,0.4363839976207027,227.4852243499432,46.438184545991,0.36843484581347186,24.77785080512634,-37.867921107790245,6.056897280963503,252.14812958919626,235.64199981689453,219.1358700445928,-59439100.0,15247762.123139527,490923.7220034022
2019-01-07,234.83999633789065,236.8800048828125,232.9499969482422,235.3600006103516,208.7076110839844,5101600,244.97880004882813,235.37023116892937,232.19733290899367,-4.345724508410058,-5.173018384033135,0.8272938756230772,228.82075400336345,47.612127437663695,2.8266858482047597,70.08579052901675,-24.72368029860513,5.904976612348426,250.11505320245516,234.92399978637695,219.73294637029875,-54337500.0,16403083.171295932,1303439.308196934
2019-01-08,237.94000244140625,238.66000366210935,235.7899932861328,237.9199981689453,210.9775848388672,4845800,244.82440002441408,235.61306612131185,232.4826660882859,-3.6236746506493773,-4.8631496373563845,1.2394749867070072,230.6373870533321,50.38787068161888,6.171628389069767,110.8593510113128,-13.536935029538322,5.7189070711512375,249.25153342079543,234.60449981689453,219.95746621299364,-49491700.0,18749994.213408995,2264081.98793054
2019-01-09,238.92999267578125,239.8800048828125,237.77999877929688,238.9199981689453,211.86441040039065,4872000,244.60739990234376,235.92801203061026,232.89366593133835,-2.9368985552454205,-4.477899420934192,1.5410008656887717,232.43096308722733,51.46957303235204,9.546075874728787,130.51472644829573,-9.409819155293942,5.460414143401608,248.3684972702708,234.31499938964845,220.2615015090261,-44619700.0,19167576.00754673,2584113.4743262455
2019-01-10,237.63999938964844,240.16000366210935,237.0399932861328,240.0,212.82208251953125,3052200,244.47679992675782,236.3158204086474,233.43509456089564,-2.27920319420096,-4.038160175587546,1.7589569813865857,234.21359480210742,52.66981089072023,4.936379237773104,123.23028171363562,-0.6899682848832134,5.293242444833644,247.67274018459992,234.10349960327153,220.53425902194314,-41567500.0,21906723.729739904,3351663.041792661
2019-01-11,238.8699951171875,239.94000244140625,237.9600067138672,239.8800048828125,212.7156524658203,2047200,244.385,236.65526654904406,233.98523792085194,-1.7475132404038618,-3.5800307885508094,1.8325175481469476,235.66397415063355,52.51440930013413,3.7274109576793792,106.60855716108699,-1.2074115990471146,5.060867503771552,246.55891716927343,233.80349960327152,221.0480820372696,-43614700.0,23829855.783284497,3972869.605357416
2019-01-14,237.92999267578125,239.6499938964844,237.63999938964844,238.94000244140625,211.88211059570312,2330700,244.18980010986328,236.87286044355474,234.47442866734096,-1.386018306225992,-3.141228292085846,1.755209985859854,236.61921726099482,51.23901473633867,3.670603466978617,86.72876277834744,-5.2608930239901985,4.859377359226864,245.11421547111962,233.4369995117188,221.75978355231797,-45945400.0,24514006.92086448,4083514.051922314
2019-01-15,238.94000244140625,241.02999877929688,238.88999938964844,240.63999938964844,213.3895721435547,3940300,243.97880004882813,237.23163558127794,235.1604286557152,-0.9513884068681477,-2.7032603150423067,1.751871908174159,237.8461834474374,53.44128640933534,3.1903955998153504,95.68135952028918,-1.620945258613038,4.665136074853163,244.97307091238565,233.39799957275395,221.82292823312224,-42005100.0,27018124.64673384,4554313.869937085
2019-01-16,241.3600006103516,242.8999938964844,241.13999938964844,241.8600006103516,214.47146606445312,3718500,243.74140014648438,237.67243225071354,235.9663335164388,-0.5027023381200877,-2.263148719657863,1.760446381537775,239.16436922448742,55.01163279193563,3.6424408543744877,110.95717296896899,-5.1055156378280175,4.493340247882608,245.7595753428029,233.66949996948247,221.57942459616206,-38286600.0,26342048.391564604,4117770.0897586346
2019-01-17,241.22999572753903,244.80999755859372,241.0399932861328,243.8000030517578,216.19175720214844,4108400,243.5682000732422,238.2560104222416,236.93114333379836,0.009319162214865173,-1.8086551432833173,1.8179743054981825,240.73668647760846,57.468233654936846,7.533522291413526,117.1965481074035,-5.474225874775218,4.441673392304435,246.7804267768561,233.99150009155278,221.20257340624946,-34178200.0,28249145.08684654,4171644.756388195
2019-01-18,245.6499938964844,247.3999938964844,244.50999450683597,247.0500030517578,219.23020935058597,5393200,243.41960021972656,239.09353352981455,238.17481028238933,0.6696286663266733,-1.3129983813613193,1.9826270476879926,242.84900828392483,61.28247143938312,5.450744553098151,151.01662340556277,-1.6634551160112032,4.381553210128313,248.66365623360753,234.67300033569342,220.6823444377793,-28785000.0,32336067.562677883,5114828.384465877
2019-01-22,245.3500061035156,245.7400054931641,242.3500061035156,244.0,216.52366638183597,5218500,243.175,239.5608160507846,239.06309596470425,0.9360289897347513,-0.8631929071421053,1.7992218968768565,243.7598814250751,56.189716465510486,3.6709718589575857,100.81711294044425,-16.159671964939715,4.404299191494632,249.7171425630258,235.42850036621098,221.13985816939618,-34003500.0,32197505.43823996,4991603.885043241
2019-01-23,246.1499938964844,246.9199981689453,242.97999572753903,245.72000122070312,218.0499725341797,4330300,242.85380004882813,240.14740511458638,240.04323890322732,1.271288269387071,-0.43629667183627,1.707584941223341,244.91737674905113,58.29457183186213,3.2784142198164803,109.92492587765882,-7.984758611536913,4.371135137818779,250.47271481511314,236.51000061035157,222.54728640559,-29673200.0,33890067.58794639,5025954.193363916
2019-01-24,245.47000122070312,246.1999969482422,244.1300048828125,245.47000122070312,217.82814025878903,2840400,242.52119995117187,240.65431902945463,240.89657229468935,1.4995251606316344,-0.04913230534268914,1.5486574659743235,245.76160255648185,57.85944447213258,2.7415047304354023,96.93922340064265,-10.922427140786006,4.2067677750537396,249.52912113404386,237.87850036621097,226.22787959837808,-32513600.0,34727097.720853165,4849429.435114168
2019-01-25,247.38999938964844,248.5500030517578,246.67999267578125,247.38999938964844,219.5319061279297,4110600,242.26720001220704,241.29581239709213,241.80242934454054,1.8144168790937272,0.3235775315445941,1.490839347549133,246.90850084923625,60.30973596365748,3.0791664123535156,123.76851486081505,-7.435918001647169,4.126284493134218,250.36797535050584,238.81250000000006,227.25702464949427,-28403000.0,33737928.09954646,4021621.7513131276
2019-01-28,244.72999572753903,245.22999572753903,243.13999938964844,245.1000061035156,217.49984741210935,3560300,242.0848001098633,241.65811655960866,242.40123944963727,1.857772272395664,0.6304164797148082,1.2273557926808558,247.20775144312904,56.11850435020792,2.17608850860796,51.40227175545617,-27.03757294556609,4.135121315074134,250.82315907462393,239.50450057983397,228.18584208504402,-31963300.0,36855354.54037286,4309279.588992637
2019-01-29,245.3500061035156,246.6499938964844,244.9499969482422,245.7100067138672,218.04104614257807,2432900,241.93780029296875,242.04401086001423,242.9922400338309,1.9192299964933568,0.8881791830705179,1.0310508134228389,247.56356679832828,56.97622040249132,2.8333490429762187,71.57789471923465,-24.67414359953335,3.9611838599178535,251.09216487654186,240.26600112915042,229.439837381759,-29530400.0,36597785.22046729,3953251.2308922447
2019-01-30,248.41000366210935,251.0,247.77999877929688,250.17999267578125,222.0077362060547,5686200,241.92320007324219,242.81886627103964,243.9364297049386,2.3020891448537384,1.170961175427162,1.1311279694265763,248.96730589305847,62.725741847817744,3.964425411539954,145.85271419122483,-5.873975142176646,4.056098819127059,252.25027736457315,241.1150009155274,229.97972446648163,-23844200.0,39387883.432062075,4335975.312550224
2019-01-31,248.9499969482422,250.42999267578125,248.33999633789065,250.1199951171875,221.95445251464844,5649600,241.86119995117187,243.51421187543468,244.79404820033483,2.571029251916599,1.4509747907250494,1.1200544611915495,250.05142769679412,62.60480937362993,3.4151965955475077,129.9784763856741,-6.586862594382348,3.9156629273438335,253.15011569813794,241.95300064086913,230.75588558360033,-29493800.0,43361535.799733885,5362708.616346769
2019-02-01,250.6699981689453,251.8500061035156,249.75,250.47999572753903,222.27392578125,3971400,241.7897998046875,244.17761986134937,245.60614297049386,2.781155831758383,1.7170109989317162,1.064144832826667,250.97866762737655,63.06494956654824,2.7399477408386597,138.50576556133234,-9.641166282065205,3.7859731539848576,252.51453155732204,243.14100036621093,233.76746917509982,-25522400.0,42151180.18669552,4910103.762265265
2019-02-04,250.42999267578125,252.3500061035156,249.67999267578125,252.32000732421875,223.90675354003903,2576100,241.83899993896483,244.95308533400362,246.48033410935176,3.0608723868481036,1.9857832765149936,1.07508911033311,252.15869621646564,65.40785074788305,2.1331731258294515,133.63257668797377,-0.22287343486939726,3.7062617448366164,253.303456064668,244.04300079345703,234.78254552224604,-22946300.0,44669392.94572219,5079823.675989017
2019-02-05,253.3600006103516,254.1999969482422,252.80999755859372,253.9600067138672,225.36209106445312,3090500,242.02820007324217,245.81088737018112,247.42481086367653,3.375967959533085,2.263820213118612,1.1121477464144731,253.49102958539063,67.39317564383435,4.081969964699667,152.0004506179658,-1.8236334923369846,3.5758137360090267,254.2943171220665,244.9730010986328,235.6516850751991,-19855800.0,46692712.8809546,5331236.013178229
2019-02-06,253.6300048828125,254.3500061035156,253.0500030517578,253.8699951171875,225.2822265625,1913500,242.21260009765626,246.5784214413246,248.2721436273484,3.577184728602049,2.5264931162152995,1.0506916123867494,254.4957021286654,67.16533108325487,3.3167808302117563,127.55684689974541,-3.6063901133228438,3.413255829761878,255.26919763718305,245.77050094604493,236.2718042549068,-21769300.0,47193137.70225114,5108654.7748792395
2019-02-07,252.3999938964844,253.33999633789065,250.1699981689453,251.8999938964844,223.5340118408203,3884800,242.39440002441407,247.08523786562552,248.8559048607236,3.5369164619350215,2.7285777853592443,0.8083386765757772,254.74165403775808,62.208277293424246,2.619461703591244,72.94932808745267,-20.41676839192661,3.433737338251573,255.72910303571382,246.41950073242188,237.10989842912994,-25654100.0,47548521.47786505,4666252.308281422
2019-02-08,250.50999450683597,251.3699951171875,249.1300048828125,251.32000732421875,223.0193328857422,2942300,242.49300018310547,247.4885492426344,249.32261977422806,3.4187937747423973,2.866620983235875,0.5521727915065222,254.72727252021545,60.785891553489726,1.5885880368108187,40.26205360692752,-25.24998982747372,3.3863267435811,256.03802916695673,246.98550109863282,237.93297303030891,-28596400.0,50359500.29530374,4955467.07674177
2019-02-11,252.1199951171875,252.32000732421875,250.3500061035156,250.94000244140625,222.6821746826172,2677600,242.5618002319336,247.81725907108887,249.69923894973027,3.256973117204808,2.944691410029662,0.31228170717514603,254.5545914810543,59.82078067111777,2.3826993849295084,47.2810420931334,-29.991209764542226,3.285160634689897,256.1265758392558,247.5385009765625,238.95042611386916,-31274000.0,49285730.97087267,4281631.326361872
2019-02-12,252.72000122070312,254.8800048828125,252.6699981689453,254.52999877929688,225.8679351806641,3080600,242.5756002807617,248.4565676147277,250.36509588332405,3.379455522245479,3.031644232472826,0.3478112897726531,255.28595119061677,65.40848609933794,3.5895941656542685,108.51584179253527,-2.9813112414591725,3.331935049504383,256.461336896209,248.31800079345703,240.17466469070504,-28193400.0,51390561.26327437,4286450.764574103
2019-02-13,255.52999877929688,256.5599975585937,255.1199951171875,255.8000030517578,226.99484252929688,2918200,242.61980041503907,249.1559424182544,251.07766752697174,3.5382160889865304,3.132958603775567,0.4052574852109636,256.1573373745696,67.14899606679748,2.246386817693999,142.90466809653546,-5.663149109770793,3.238939601541893,257.03975613473386,249.0760009765625,241.1122458183912,-25275200.0,51228466.527547784,3847169.4129684567
2019-02-14,254.5399932861328,256.1700134277344,253.6199951171875,255.16000366210935,226.42694091796875,3811000,242.61280059814453,249.727757774812,251.65709635416667,3.5712255151622685,3.220611986052907,0.3506135291093613,256.6468887659255,65.36413056549578,2.015036239929749,104.04845109700766,-10.432146702702417,3.1897309378549137,257.39876717977194,249.7410011291504,242.08323507852884,-29086200.0,52020549.21163918,3569747.040161729
2019-02-15,256.1700134277344,258.67999267578125,256.1499938964844,258.6499938964844,230.1535186767578,4751100,242.61120025634764,250.5774945483046,252.50557185581752,3.8347936539092586,3.3434483196241778,0.49134533428508087,257.8947558002288,70.04069610371121,3.261736788686431,155.7577264653428,-0.21849081305032048,3.213320800433069,258.56131580914115,250.4835006713867,242.40568553363227,-24335100.0,56658979.43370593,4607597.772838235
2019-02-19,257.9599914550781,259.4800109863281,257.9599914550781,258.8099975585937,230.29591369628903,2744500,242.77280029296875,251.3615424540464,253.29857155936105,4.010355380629619,3.4768297318252666,0.5335256488043525,258.89835571741526,70.2390941864704,2.5721266827785185,155.15654284055108,-5.726604518684009,3.0923707096828728,259.75346167246926,251.07150039672848,242.3895391209877,-21590600.0,56983968.61215096,4716706.195453115
2019-02-20,258.82000732421875,259.760009765625,258.32000732421875,259.5,230.90994262695312,2454000,242.9684002685547,252.13663364889914,254.10128580729167,4.157244616199279,3.612912708700069,0.5443319074992097,259.83693385834636,71.12707170966144,2.181443195650344,141.6632222162312,-2.2767903669320355,2.9743444047205574,260.63175219356094,251.84650039672846,243.061248599896,-19136600.0,58551770.16345855,4831395.935079515
2019-02-21,258.94000244140625,259.239990234375,257.5,258.5299987792969,230.04684448242188,3197200,243.25280029296874,252.7455255660799,254.73780946277438,4.147573753342215,3.7198449176284982,0.42772883571371656,260.290178612421,68.05303084685134,1.835586619820234,101.25012634139735,-11.571123436800224,2.904748375765178,261.26006817901344,252.48700027465816,243.71393237030287,-22333800.0,59139777.726247944,4626189.968079716
2019-02-22,259.260009765625,260.4100036621094,259.010009765625,260.1700134277344,231.5061187744141,3938500,243.5620004272461,253.45261964814225,255.46952500116257,4.223558448092092,3.8205876237212175,0.4029708243708745,261.0231327854045,70.3836254206115,3.283056662021376,115.25036331667204,-2.1275732300208627,2.83155241193717,261.98350189471057,253.22200088500972,244.46049987530884,-18395300.0,61727983.92788282,4945199.503183655
2019-02-25,261.8500061035156,262.3599853515625,260.75,260.8900146484375,232.14675903320312,3585000,243.89520080566408,254.16094298150372,256.1998120262509,4.292394890951158,3.914949077167206,0.37744581378395203,261.7470054302835,71.37106921780386,3.8078971213274055,125.32513141367777,-11.110906071230852,2.785725234188542,262.8356052609281,253.89700164794917,244.95839803497023,-14810300.0,58766533.0976455,3683860.003088519
2019-02-26,259.9599914550781,261.5,259.6000061035156,260.5400085449219,231.83538818359372,3080200,244.18840087890624,254.7684730351626,256.83247934977214,4.269489681047958,3.9858571979433566,0.2836324831046011,262.18578819540824,70.1466933426782,3.8256180800656514,90.72345353802166,-13.756458756228085,2.722458710032776,263.087028842971,254.6690017700195,246.250974697068,-17890500.0,58734127.64622482,2822650.2909531593
2019-02-27,259.82000732421875,260.4200134277344,258.7699890136719,259.8699951171875,231.23912048339844,2777200,244.4604006958008,255.25433228106974,257.3278120495024,4.149440486107437,4.0185738555761725,0.13086663053126468,262.30890208155546,67.75062906294596,2.0979830917773032,63.321751703655295,-18.820815648643663,2.6544273400857317,263.006907805692,255.3770011901855,247.74709457467904,-20667700.0,59659826.73625959,2508273.274549462
2019-02-28,259.8599853515625,260.3699951171875,259.0599975585937,259.2799987792969,230.7141571044922,2772900,244.8176007080078,255.6377290904247,257.69952610560824,3.961032543047594,4.0070655930704575,-0.04603305002286362,262.1966568171905,65.62488815444347,1.3604361555988451,54.31405085122417,-23.28035615427201,2.5583966413631862,263.25037546725525,255.83200149536128,248.41362752346728,-23440600.0,57818289.36496954,1565695.9429238886
2019-03-01,261.1499938964844,261.5400085449219,259.2300109863281,260.4200134277344,231.72857666015625,3676900,245.29740112304688,256.09318474159704,258.1364796229771,3.8592208497216234,3.977496644400691,-0.11827579467906757,262.34411087883177,67.73166872452207,2.061455435856826,70.66859009894954,-16.152999799259504,2.540653849729155,263.5342088181348,256.34700241088865,249.15979600364253,-19763700.0,57929722.35305314,1073216.0813833103
2019-03-04,261.5,261.67999267578125,256.20001220703125,258.2799987792969,229.8242950439453,4823900,245.71580108642578,256.30145274518753,258.3205745152065,3.564760709494351,3.894949457419423,-0.3301887479250718,261.8568061482106,60.26493177661309,-0.1430485698505671,8.52781748049021,-42.10518027913071,2.75060575117177,263.438530521476,256.73700256347655,250.03547460547708,-24587600.0,56767750.45048698,404463.61617445946
2019-03-05,258.2200012207031,258.8599853515625,257.3900146484375,258.19000244140625,229.7442169189453,2107200,246.211201171875,256.4813146210179,258.4589554559617,3.28625507171256,3.7732105802780507,-0.48695550856549064,261.38587971650406,59.96554429933016,-0.23955609251419216,-34.28852498922807,-47.711528254979186,2.659131819134452,263.44035262066274,257.03050231933594,250.62065201800914,-26694800.0,56954112.184418224,153410.55791492015
2019-03-06,258.239990234375,258.45001220703125,256.45001220703125,256.8699951171875,228.56961059570312,3222000,246.7708010864258,256.51833181112926,258.4436690557571,2.9253027191343506,3.6036290080493107,-0.6783262889149602,260.6150056384349,55.60240829422939,-1.0134893575385358,-93.44079783754592,-62.81460375988156,2.612050974894324,263.43068513837136,257.17600173950194,250.92131834063252,-29916800.0,55085297.12094166,-557862.3550169766
2019-03-07,256.3999938964844,256.489990234375,253.6100006103516,254.80999755859372,226.73663330078125,4104600,247.38520111083983,256.3556333108878,258.218335324242,2.444838219202211,3.3718708502798913,-0.9270326310776804,259.4128225246644,49.54394347543611,-1.4389050548361553,-222.6845858167243,-86.28572524714983,2.658332655762117,263.3911367152904,257.22300186157224,251.05486700785414,-34021400.0,54401200.74544685,-1015789.9065995589
2019-03-08,252.8800048828125,254.8999938964844,252.7400054931641,254.7100067138672,226.6475982666016,5495800,248.11740112304688,256.1989069683144,257.97900245303197,2.0325680368361247,3.104010287591138,-1.0714422507550134,258.373723380457,49.26335412699555,-2.0986302925274574,-205.15437196255183,-79.52177395690437,2.6227366377199735,263.1568669840284,257.36350250244135,251.57013802085433,-39517200.0,58930207.075052455,330268.10050021857
2019-03-11,252.8500061035156,256.8299865722656,252.4600067138672,256.760009765625,228.47174072265625,5469400,248.67840118408202,256.252345329963,257.9215269542876,1.849934171170048,2.8531950643069206,-1.0032608931368725,258.03381418462834,54.90248500641187,-1.58304444437166,-117.06903066579196,-56.56553201655351,2.747539724945757,262.73797356061,257.6355026245117,252.5330316884134,-34047800.0,64224443.27172065,2535433.520480901
2019-03-12,256.239990234375,256.9700012207031,255.42999267578125,255.8600006103516,227.6708984375,6570500,249.17040130615234,256.2149791661905,257.7524315243676,1.6139674871515126,2.6053495488758394,-0.9913820617243267,257.5064137232473,52.16143442357762,-1.7962722733861294,-74.26328902343023,-65.65655320165507,2.661287497779077,262.059741728358,257.88150253295896,253.70326333755995,-40618300.0,61323230.87848228,2283939.6562170684
2019-03-13,256.8399963378906,258.07000732421875,256.010009765625,257.3500061035156,228.9968414306641,5272800,249.70780151367188,256.32307696974533,257.7018128168015,1.529561349701055,2.3901919090408823,-0.8606305593398274,257.44912508979644,56.071607530445576,-0.969711417639999,-32.338835353201,-50.605960188346266,2.6290531560634074,261.9196994004542,258.02250289916987,254.12530639788554,-35345500.0,62910179.48444951,2478363.1176244393
2019-03-14,257.3299865722656,257.94000244140625,256.6199951171875,257.5400085449219,229.1658172607422,3409600,250.19460174560547,256.43897521500026,257.6558609735398,1.4611571763725522,2.2043849625072163,-0.7432277861346641,257.442182872439,56.55921627174559,-0.6710854067290036,-19.294436051752843,-48.68673946717427,2.5355498823395437,261.87998370348043,258.1095031738281,254.33902264417574,-31935900.0,64253398.23878437,2759982.035704501
2019-03-15,257.5799865722656,259.1499938964844,256.3299865722656,258.3399963378906,230.3651428222656,4225100,250.69420166015624,256.62002484575174,257.6778127034505,1.4547294892850289,2.054453867862779,-0.5997243785777502,257.63584236410713,58.640860598577575,-0.7987162977475797,11.337362192267863,-36.225611966086376,2.5558682710493725,261.7878942089987,258.2685028076172,254.74911140623573,-27710800.0,66051326.752084374,3196350.4804504886
2019-03-18,257.94000244140625,259.1199951171875,257.7099914550781,258.989990234375,230.94476318359372,2786200,251.33960144042967,256.8457358351444,257.74652579171317,1.4849668032319414,1.9405564549366117,-0.45558965170467025,257.9552300162058,60.305241196860216,0.27489215519348853,48.56911689643896,-29.17577589074558,2.474020798966626,261.8153697030626,258.2855026245117,254.75563554596087,-24924600.0,68323741.41347,3807328.5564283207
2019-03-19,260.1099853515625,260.9599914550781,258.0,258.8800048828125,230.8467254638672,4761400,251.8316015625,257.0394757444461,257.8031450544085,1.4829605476157894,1.8490372734724472,-0.36607672585665774,258.1799411165289,59.86623229177821,0.26724599515151226,81.72148741421402,-30.36867739858765,2.5087329886950207,261.8210817245326,258.2890029907227,254.75692425691278,-29686000.0,66393467.99786269,3096975.4501416236
2019-03-20,258.4599914550781,259.1700134277344,256.54998779296875,257.2900085449219,229.42892456054688,4382600,252.2702017211914,257.06333601115807,257.708002726237,1.3376515449210729,1.7467601277621725,-0.40910858284109963,257.9427408994667,53.771982140695364,0.16351206280155817,15.61900746569045,-47.613783242116966,2.5166824634156564,261.6903454971017,258.1785034179687,254.66666133883578,-34068600.0,64486580.37599741,1918096.2587816045
2019-03-21,256.3800048828125,259.9700012207031,256.3500061035156,259.5799865722656,231.47093200683597,3800000,252.7034014892578,257.30301701697783,257.8414773123605,1.3912378778125003,1.675655677772238,-0.2844177999597377,258.3347348251533,60.07568456020305,1.871978752550728,76.71977608130202,-22.77667354582029,2.595490510125675,261.79332385626844,258.2310028076172,254.66868175896593,-30268600.0,67467763.98753004,2210013.533369109
2019-03-22,257.9200134277344,258.6400146484375,254.8699951171875,254.9600067138672,227.3512420654297,6226500,253.02420166015625,257.07987317858635,257.5299538748605,1.0488215074385607,1.5502888437055027,-0.501467336266942,257.4499562689838,46.34513225524308,0.09815083562101341,-48.688282094756396,-70.5881824954448,2.7465262919294005,261.6862285390818,257.97050247192385,254.25477640476586,-36495100.0,61538587.22529069,241967.67286337912
2019-03-25,254.69000244140625,255.88999938964844,253.57000732421875,255.07000732421875,227.4492950439453,4982500,253.32560180664063,256.8884573829323,257.25371624174574,0.7773691689976658,1.3957049087639355,-0.6183357397662697,256.7490243307948,46.65774046748567,-0.658203137999922,-98.22298626907444,-69.29405534462485,2.716059561461125,261.3463480943285,257.6795021057129,254.01265611709732,-31512600.0,62998997.19155024,-120463.16015759856
2019-03-26,257.04998779296875,257.8299865722656,255.3000030517578,256.4599914550781,228.68875122070312,3278700,253.65720153808593,256.84765110408904,257.1375723702567,0.6667158525214063,1.2499070975154298,-0.5831912449940235,256.53545577824343,50.57629573853499,0.23449966516659956,-11.741098899574373,-52.94127150819937,2.7191966819319195,260.9309658997654,257.4755012512207,254.02003660267596,-28233900.0,62726841.65884616,-344374.0649667755
2019-03-27,256.6300048828125,257.42999267578125,254.1000061035156,256.1099853515625,228.3766326904297,3166200,254.00060119628907,256.77739722289607,257.00752323695593,0.544503042437384,1.1088262864998206,-0.5643232440624366,256.27234653222723,49.58845795983237,-0.48184213038422974,-50.097701743092244,-57.05899776503218,2.762824531246423,260.6079022089364,257.28750076293943,253.96709931694244,-31400100.0,63382877.068544,-195928.7079424262
2019-03-28,256.9200134277344,257.2799987792969,255.58999633789065,257.0799865722656,229.24163818359372,2434400,254.3294009399414,256.80621525616937,256.98775998070124,0.5199261171861735,0.9910462526370912,-0.4711201354509177,256.3125578162274,52.365252985599575,-0.17862155680406056,-22.173617425088445,-45.64719821202574,2.686194381964048,260.3698766943348,257.17750015258787,253.98512361084096,-28965700.0,65241053.38404839,473848.55740460753
2019-03-29,258.5799865722656,259.3399963378906,257.57000732421875,259.1300048828125,231.0696563720703,4255900,254.67480102539062,257.0275285539449,257.1737128121512,0.6582798316662206,0.9244929684429172,-0.26621313677669656,256.8818962377177,57.671819189433876,0.30580187199840286,89.80473567133359,-24.763064979042348,2.655752623651137,260.08525530658744,257.1129997253418,254.1407441440962,-24709800.0,68487113.63163887,1737608.5576976761
2019-04-01,261.2300109863281,262.6600036621094,260.5799865722656,262.3900146484375,233.9766845703125,6051700,255.04660125732423,257.5382415153251,257.67628566196987,1.0192326111330203,0.9434408969809378,0.07579171415208252,258.1966301709371,64.45343532658801,1.3128014758352713,217.1729209966607,-2.970177364609672,2.7181987776315064,261.05512745724604,257.3185005187988,253.5818735803516,-18658100.0,72967776.04544209,3522302.184236996
2019-04-02,262.0,262.07000732421875,261.0799865722656,261.69000244140625,233.3524169921875,2320000,255.3394012451172,257.93364731780906,258.09261917840865,1.2345737567511037,1.001667468934971,0.23290628781613276,259.089522748892,62.15081760948295,1.0854440302818114,156.87156160378834,-10.671084834872646,2.6176151560901895,261.6779937460344,257.49350051879884,253.30900729156323,-20978100.0,73506780.39179392,4103696.2158207446
2019-04-03,262.5799865722656,262.7200012207031,261.2200012207031,262.0,233.62876892089844,3265500,255.6994012451172,258.32091900182724,258.52180960518973,1.4139482629009308,1.084123627728163,0.32982463517276783,259.8936033097381,62.78488078303648,1.83061576378928,137.01338629556201,-7.86887104897157,2.537785502077493,262.35768670986016,257.75000076293946,253.14231481601874,-17712600.0,73637395.07685252,4010035.1543672383
2019-04-04,262.2200012207031,263.94000244140625,262.1099853515625,263.7799987792969,235.21612548828125,4397000,256.06060119628904,258.84083136158625,259.0960951305571,1.6803646787411708,1.2033718379307645,0.47699284081040627,261.0024057031909,66.2781607678386,1.6180030912598842,146.86220016559795,-1.5429482878365208,2.4950867120264406,263.2945396791641,258.1985008239746,253.10246196878512,-13315600.0,77265510.34216952,4761570.926885545
2019-04-05,264.5599975585937,264.8399963378906,263.6099853515625,264.1600036621094,235.5549774169922,3112700,256.4344012451172,259.3474191997313,259.66385730561757,1.9002598136694928,1.3427494330785101,0.5575103805909827,261.99328614460404,66.99053246405482,3.608407870245715,134.90940411300605,-6.033658728117086,2.4047241601847427,264.12540921649514,258.6710006713867,253.21659212627824,-10202900.0,76936593.59982987,4531491.967909008
2019-04-08,262.8299865722656,263.3999938964844,262.3699951171875,263.2200012207031,234.7167816162109,3231700,256.7510012817383,259.7162365350619,260.0970954531715,1.9759009945562411,1.4693797453740565,0.5065212491821847,262.5407676924309,63.42145408687348,3.195198832658103,85.76176379130285,-14.374416117196276,2.3608159019489268,264.7160245041479,258.99400024414064,253.27197598413332,-13434600.0,79038812.00817332,4694302.617536157
2019-04-09,262.1199951171875,262.1400146484375,260.95001220703125,261.510009765625,233.19195556640625,4161200,257.07920135498046,259.88707208082985,260.3367154075986,1.8762370629990528,1.5507512088990558,0.325485854099997,262.5228244507989,57.4275150466932,1.9691251964466523,44.23787422991115,-29.547380820211487,2.3543282670716166,264.90890743784666,259.2765007019043,253.64409396596193,-17595800.0,78794010.4284431,4256260.7790571
2019-04-10,261.8999938964844,262.07000732421875,261.0,261.6000061035156,233.2721405029297,3602600,257.3970013427734,260.05020865441895,260.55800163632347,1.7839503622319057,1.597391039565626,0.18655932266627984,262.5089732242792,57.6543450825975,2.1436183928623347,39.42245518322857,-28.748832234392562,2.262591056862879,265.13531275685034,259.4890007019043,253.84268864695824,-13993200.0,79231722.9377124,3829401.209077984
2019-04-11,261.9200134277344,262.25,260.5799865722656,261.3999938964844,233.0938720703125,2731700,257.6214013671875,260.17875962985374,260.7400009881882,1.675360658651357,1.6129849633827722,0.062375695268584774,262.424795131869,56.92837834691021,1.680413703851034,30.109892049364515,-30.523565171475376,2.2202640833515743,265.3124981592555,259.68199996948243,254.05150177970938,-16724900.0,79182652.87393665,3291036.254787162
2019-04-12,263.8699951171875,264.3900146484375,263.0799865722656,264.07000732421875,235.47476196289065,3395200,257.9004016113281,260.54935464836467,261.1579064505441,1.784183350552496,1.647224640816717,0.13695870973577895,263.0290841964214,63.53014721412316,1.9063799437816122,88.80063253158124,-7.169364188129368,2.2752467025399636,265.8731517841664,259.9685005187988,254.0638492534312,-13329700.0,80919126.79477902,3324125.3615010083
2019-04-15,264.0199890136719,264.19000244140625,263.1499938964844,263.8099975585937,235.24288940429688,2190300,258.16700164794923,260.85989206838644,261.52376331147696,1.8283692007892682,1.6834535528112273,0.1449156479780409,263.4368630411154,62.52510473609184,0.5411726174331569,84.73258030861567,-9.590313927849381,2.187015405563422,266.32444203644854,260.2095008850098,254.09455973357103,-15520000.0,81508815.53271122,3223096.8343622983
2019-04-16,265.2799987792969,265.32000732421875,263.92999267578125,264.5299987792969,235.88487243652344,2536000,258.4112014770508,261.2094260408541,261.935239301409,1.899587622987724,1.7266803668465267,0.17290725614119729,263.9365876535726,64.21341800132237,1.0852521347377475,113.7175398873378,-8.119297563301187,2.1386578598515946,266.85227647496566,260.492000579834,254.1317246847023,-12984000.0,81162167.24958134,2778460.998231292
2019-04-17,265.1000061035156,265.19000244140625,263.9200134277344,264.5299987792969,235.88487243652344,2873600,258.6226013183594,261.525671063563,262.31981055850076,1.9337378099182843,1.7680918554608784,0.16564595445740582,264.3237915509355,64.21341800132237,0.9656483890446088,100.10227435548879,-10.193658644153224,2.076610085122155,267.2680058734102,260.85400009155273,254.43999430969527,-12984000.0,81048990.9814088,2307966.525556311
2019-04-18,264.9800109863281,265.92999267578125,264.3599853515625,265.5599975585937,236.9449462890625,3469200,258.8564013671875,261.9098926345183,262.768000793457,2.0206219010480027,1.8185978645783034,0.20202403646969924,264.8851177915754,66.70227535741128,0.6748043018933109,127.40712061260606,-6.915788693108659,2.0404241736278004,267.85274132228585,261.15300064086915,254.45325995945245,-9514800.0,82883055.85720065,2489242.472163379
2019-04-22,264.6000061035156,265.44000244140625,264.44000244140625,265.07000732421875,236.5077667236328,1604200,259.1198016357422,262.2108559382993,263.14104904901416,2.026578912141929,1.8601940740910285,0.16638483805090032,265.19369565719694,64.4074415873487,0.3444895705230883,95.82823183331584,-16.074474214101954,1.9746792410228011,267.9244688799179,261.6585006713867,255.39253246285554,-11119000.0,83300163.52321628,2469822.1193109304
2019-04-23,265.45001220703125,266.8599853515625,265.0599975585937,266.4800109863281,237.7657928466797,3399200,259.4230017089844,262.61744213334964,263.60024050758,2.120630094310968,1.9122812781350165,0.2083488161759517,265.7874190423999,67.83661774174882,1.2385114164981583,137.17524534160918,-6.05054839321032,1.962201280447143,268.05379434275545,262.2290008544922,256.40420736622895,-7719800.0,85264232.83249702,2862279.2897959948
2019-04-24,266.3800048828125,266.70001220703125,265.7300109863281,265.9200134277344,237.2661590576172,1899800,259.72260192871096,262.93197273281487,263.9517655145554,2.1254780233098813,1.9549206271699895,0.17055739613989185,266.1027764916975,65.15184289835179,1.6863613236303208,119.5998639277287,-14.967708702856896,1.8913298476063172,268.0966029482631,262.702001953125,257.30740095798683,-9619600.0,84108693.00553462,2394950.979161322
2019-04-25,264.0599975585937,265.25,262.9800109863281,264.5299987792969,236.02584838867188,2333800,259.92260192871095,263.0841656896227,264.1258604503813,1.9941699270854656,1.9627704871530849,0.0313994399323807,265.9742230360654,58.91860028478998,1.1200277551300386,16.979222205110027,-37.10170422240904,1.9662350328796716,267.63633083546193,263.12300262451174,258.60967441356155,-11953400.0,84962011.08359009,2257558.6969955713
2019-04-26,264.4200134277344,265.3399963378906,263.8599853515625,265.3399963378906,236.74855041503903,1883100,260.11340179443357,263.29900670374343,264.33700270879837,1.9331828201640064,1.9568529537552692,-0.0236701335912628,266.05411205843996,61.24540302896548,1.507269523107376,45.27694377881178,-24.203651419213447,1.9315047438394441,267.1921291431658,263.53600311279297,259.87987708242014,-10070300.0,86845111.08359009,2595288.336382702
2019-04-29,265.32000732421875,265.9100036621094,265.0799865722656,265.44000244140625,236.83775329589844,1522500,260.31900177001955,263.5029110597113,264.5183359781901,1.8713480202048913,1.9397519670451937,-0.06840394684030238,266.12222051395725,61.535075152539704,0.5187999693980594,69.95100705416937,-22.611197232035686,1.8528270542665746,266.9838464371267,263.8515029907227,260.71915954431864,-8547800.0,86643364.99931918,2433323.222374633
2019-04-30,266.010009765625,266.0599975585937,264.1000061035156,265.7900085449219,237.15011596679688,2259200,260.4618020629883,263.7207298678266,264.7029555547805,1.8294967633071337,1.9177009262975817,-0.08820416299044798,266.24666923427014,62.589016395788185,0.750544332910814,55.735532434668194,-17.037850551308907,1.8604816543246963,267.18699585456096,264.02150268554686,260.85600951653277,-6288600.0,88280154.95961507,2666650.370158702
2019-05-01,266.4700012207031,266.8099975585937,264.1400146484375,264.1499938964844,235.68673706054688,2902500,260.56860198974607,263.7616121562702,264.71519281296503,1.6450309716935294,1.8631669353767715,-0.21813596368324206,265.9020526578507,54.9863921036648,-0.14365285017429963,28.568006605929806,-43.152738564410086,1.9183031725994826,267.12375631662763,264.1445022583008,261.165248199974,-9191100.0,85399351.55351146,1603060.358659342
2019-05-02,263.760009765625,264.45001220703125,261.67999267578125,262.8800048828125,234.55368041992188,3660200,260.63620208740235,263.677649558798,264.59476449148997,1.3804500344760982,1.766623555196637,-0.3861735207205388,265.27147908859405,49.9286979511105,-0.6237454746525746,-173.65680576875917,-76.83370842121387,1.9791400553613163,267.0639543614492,264.1885025024414,261.3130506434336,-12851300.0,84910453.87150899,866664.2407125086
2019-05-03,264.32000732421875,265.25,263.6000061035156,264.9700012207031,236.4185028076172,2161600,260.76500213623046,263.8007306694557,264.66919294084823,1.3241490076620153,1.6781286456897127,-0.3539796380276974,265.2822263229283,56.946985369986386,-0.22217063688607325,-25.95248085070589,-36.48623172183011,2.0070582740636476,267.136399295042,264.24800262451174,261.3596059539815,-10689700.0,86338420.4167214,940976.6167825311
2019-05-06,260.3500061035156,264.70001220703125,260.0799865722656,264.2699890136719,235.79396057128903,3282600,260.84700164794924,263.8454219403334,264.671286882673,1.2091070697662758,1.5843243305050252,-0.3752172607387494,265.0970361697823,54.20643443566316,-0.30181396930673393,-174.01941398016479,-38.20054283489447,2.2129837293792254,267.14162624456145,264.25350189208984,261.36537753961824,-13972300.0,89009944.09545632,1735864.066882968
2019-05-07,261.9800109863281,262.489990234375,257.8099975585937,259.5199890136719,231.55572509765625,6758100,260.8196011352539,263.433475947318,264.22047613234747,0.7262781204773319,1.4127150884994866,-0.6864369680221547,263.702460464169,40.103197068896705,-2.611836417634093,-275.87782861084884,-81.10504130837919,2.5163414240763307,267.600068282164,264.0685012817383,260.5369342813126,-20730400.0,87190438.68444651,1324305.9323406667
2019-05-08,259.4100036621094,261.1099853515625,258.8099975585937,259.6600036621094,231.6806182861328,4115200,260.8020010375977,263.074097634441,263.80061921619233,0.35088591711519257,1.2003492542226277,-0.8494633371074352,262.5913638403062,40.59383827048334,-2.3540950095981406,-186.1377555652234,-79.55791603439505,2.5008875932827315,267.8509893297727,263.9760009765625,260.1010126233523,-16615200.0,86116946.23427007,693984.0129407942
2019-05-09,257.739990234375,259.0899963378906,255.3699951171875,258.44000244140625,230.5921173095703,7175400,260.77340118408205,262.63275523510436,263.27338126046317,-0.04454551813478247,0.9513702997511457,-0.9959158178859282,261.36682766163176,37.69629137659795,-2.3021949744806225,-191.84983958796983,-73.28102755880415,2.628681946972812,268.28074256673614,263.81800079345703,259.3552590201779,-23790600.0,90784838.34482242,1858273.9890037924
2019-05-10,257.5799865722656,260.5400085449219,255.0399932861328,259.9200134277344,231.91262817382807,5456100,260.7862014770508,262.3743988724977,262.9021443684896,-0.23578527598095889,0.7139391846047249,-0.9497244605856838,260.75615640717234,43.01067864367937,-2.0426558321250248,-128.51475821651536,-58.71384587579958,2.833777183533455,268.40915668095187,263.7440017700195,259.07884685908715,-18334500.0,95010848.89971368,3510280.1567673385
2019-05-13,254.6699981689453,255.6999969482422,252.58999633789065,253.47000122070312,226.15765380859372,6326000,260.64720123291016,261.5263610008982,261.92366812569753,-0.8974608717093133,0.39165917334191724,-1.2891200450512306,258.5959004069761,30.71464422879941,-4.509494089288749,-181.64493777111886,-93.81149924564518,3.1549371768447334,269.6738645115535,263.21400146484376,256.754138418134,-24660500.0,92264855.19948256,2993259.215618238
2019-05-14,254.3999938964844,257.2300109863281,254.2400054931641,255.80999755859372,228.24546813964844,4308800,260.5978012084961,260.9819454349645,261.2185248965309,-1.2189738286253373,0.06953257294846632,-1.2885064015738037,257.45406672570783,37.675849885010074,-3.7548480625604124,-114.42614455610882,-77.35583020896625,3.19815664747232,270.0239004296174,262.8140014648437,255.60410250007004,-20351700.0,92480984.55294989,2578404.6052861065
2019-05-15,254.1699981689453,257.6300048828125,253.7400054931641,256.9200134277344,229.2359161376953,4151400,260.57240142822263,260.5950947676092,260.65719270252043,-1.368431730338898,-0.21806028770900654,-1.1503714426298914,256.83480133412456,40.71855915093645,-2.737073873105331,-90.95457440621783,-69.54981210873873,3.247573986199635,270.03366100819903,262.4335021972656,254.8333433863322,-16200300.0,95116981.47373363,3013017.229919046
2019-05-16,258.0,260.0799865722656,257.8500061035156,259.1600036621094,231.2344665527344,3889400,260.6182015991211,260.4584194242283,260.3454309372675,-1.2912450337217365,-0.43269723691155254,-0.858547796810184,256.93978671443665,46.40487525845482,-1.415094777695793,-29.629054793611317,-53.797420814188236,3.2413167832232688,269.82908388826354,262.1650024414063,254.50092099454898,-12310900.0,95797221.94888143,3133342.797550544
2019-05-17,256.3599853515625,259.3900146484375,256.2099914550781,257.44000244140625,230.2720184326172,3652900,260.67080169677735,260.17095114015,259.89543093726746,-1.3532641575823732,-0.6168106210457167,-0.7364535365366565,256.6104085757413,42.99457060534643,-2.841830676909295,-50.1390731847206,-65.89306830399968,3.2369386696615274,269.52036389656416,261.7590026855469,253.9976414745296,-15963800.0,94970154.8807548,2634559.844673097
2019-05-20,256.2099914550781,257.4100036621094,255.4900054931641,256.6700134277344,229.5833282470703,2613300,260.7100018310547,259.83752850087234,259.4107652936663,-1.4478564505001827,-0.78301978693661,-0.6648366635635727,256.17100772329894,41.523400350131205,-2.875837553216956,-67.18379345821526,-71.30789915894252,3.1450142609880434,269.2459708585616,261.33900299072263,253.43203512288372,-18577100.0,95569060.79354121,2381567.8048668057
2019-05-21,258.20001220703125,258.8800048828125,257.67999267578125,258.7699890136719,231.46165466308597,2376700,260.7502014160156,259.7358580735199,259.16609729585196,-1.337948012734273,-0.8940054320961428,-0.4439425806381303,256.3865018513399,46.86358160493015,-0.2889950800516137,-11.868834857053304,-51.18490609700549,3.07822691770831,268.56662676926925,260.95350189208983,253.34037701491044,-16200400.0,97509974.03294918,2679128.200678885
2019-05-22,257.9100036621094,258.8599853515625,257.4700012207031,257.6000061035156,230.4151763916016,2942600,260.7850015258789,259.5324436001862,258.84671674455916,-1.3299221125855638,-0.981188768194027,-0.3487333443915368,256.2889941312953,44.42918045199712,-0.7933441922285366,-17.4638835829588,-60.42647459400317,2.9576381472183404,267.9255584159437,260.5375015258789,253.14944463581404,-19143000.0,95117815.3792508,1796158.9545453638
2019-05-23,255.32000732421875,255.3500061035156,253.27999877929688,254.75999450683597,227.87486267089844,4616900,260.7332012939453,259.07792463891474,258.2964779808408,-1.53503183827155,-1.0919573822095316,-0.44307445606201834,255.50031865073498,39.117272807149554,-1.4239312412189822,-125.17008484397036,-82.08096345707506,3.054950231290368,267.6065647677157,260.0490013122559,252.49143785679604,-23759900.0,97102816.92281574,1903248.4854845703
2019-05-24,256.2099914550781,256.67999267578125,255.0200042724609,256.1199951171875,229.0913543701172,2258900,260.7048010253906,258.7962170654169,257.9222869146438,-1.5697470238006872,-1.187515310527763,-0.38223171327292427,255.2361731059653,42.65313681997537,-1.461995273251013,-56.844198645427355,-64.34342469089391,2.973882226836707,266.9197932164991,259.5880012512207,252.25620928594228,-21501000.0,97837635.81167397,2007841.2595523447
2019-05-28,256.1199951171875,257.2099914550781,253.4600067138672,253.47000122070312,226.7210235595703,4580100,260.6074011230469,258.2889584135394,257.3396202450707,-1.7904522005154035,-1.308102688525291,-0.48234951199011245,254.3626023471653,38.01972520286101,0.0,-93.83714881552082,-89.67129087372828,3.02931812072086,266.2668060084942,258.98950119018554,251.71219637187687,-26081100.0,93281949.69275258,418561.69660034776
2019-05-29,252.0800018310547,252.27999877929688,249.47999572753903,251.2700042724609,224.7532196044922,5192100,260.45300140380857,257.6204865905795,256.60443006243025,-2.1184636801315833,-1.4701748868465496,-0.6482887932850336,253.10834575067378,34.65409527693781,-1.7747520931401124,-205.30362756710582,-83.81549303352934,3.0979386473242694,265.57921055623007,258.2635009765625,250.94779139689493,-31273200.0,94728344.86171612,190567.45673561096
2019-05-30,251.7700042724609,252.33999633789065,250.82000732421875,251.8699951171875,225.2898406982422,3454700,260.31280120849607,257.07282073597077,255.99552474248978,-2.303448177344052,-1.6368295449460502,-0.6666186323980017,252.27267732642565,36.31000193086624,-1.9655994265185293,-144.00932384855727,-78.39062730657831,2.9852279592057522,264.94722990412566,257.64950103759764,250.35177217106963,-27818500.0,96046564.66013801,499406.34385830164
2019-05-31,249.38999938964844,250.07000732421875,248.22000122070312,248.22000122070312,222.02511596679688,4891100,260.1314010620117,256.22969506785006,255.09747714088076,-2.7132965338272754,-1.8521229427222954,-0.86117359110498,250.68095956137557,31.14022891952642,-4.221331334625899,-181.05331812264083,-100.0,3.0327112404401317,264.8801149084268,256.9165008544922,248.95288680055762,-32709600.0,91155464.66013801,-975910.1426695287
2019-06-03,248.33999633789065,249.6100006103516,247.0399932861328,248.5,222.2755126953125,5479600,259.9098013305664,255.4935336328167,254.29590563092913,-2.9811459528508237,-2.0779275447480012,-0.9032184081028225,249.49402088550818,31.94076507068588,-3.4726547376571784,-152.96330926280706,-88.80362373023758,2.9996609607099107,263.9607999199563,256.093000793457,248.22520166695773,-27230000.0,91901724.57416655,-1253283.2651791573
2019-06-04,250.72999572753903,253.6999969482422,250.50999450683597,253.6499938964844,226.88206481933597,3796100,259.88360107421875,255.31795841983268,254.06323830740791,-2.746200589085902,-2.2115821536155815,-0.5346184354703203,249.9065156527381,44.679748671361416,-1.1766156439229938,-44.12832483666561,-49.30978517158518,3.156827816962764,262.5330446754667,255.56200103759767,248.59095739972864,-23433900.0,95578817.40206295,-82835.16413158178
2019-06-05,255.22000122070312,255.8000030517578,254.07000732421875,255.72999572753903,228.74249267578125,2792400,259.89680084228513,255.35720006818565,254.07923780168807,-2.364904780934239,-2.2422466790793134,-0.12265810185492576,250.8313082998402,48.8444349159022,-1.1747858774968785,17.35073699349185,-33.358842671740675,3.0849121982704344,262.10483526202563,255.37250137329102,248.6401674845564,-20641500.0,98145218.63335316,1220097.1929921955
2019-06-06,256.1199951171875,258.3500061035156,255.52999877929688,257.7200012207031,230.5225067138672,2796200,259.9220010375977,255.5822287493778,254.3028092157273,-1.8804713901250523,-2.1698916212884614,0.2894202311634091,252.14585354615025,52.52676103708558,0.04658195432622793,69.89437901632586,-13.522352542900595,3.0659904215524003,261.8109659956802,255.2755012512207,248.74003650676121,-17845300.0,99692046.23762128,2134369.4683561325
2019-06-07,258.4599914550781,261.1199951171875,258.3999938964844,260.25,232.78549194335935,3124900,260.0048013305664,256.0267783922942,254.77657100132532,-1.2776764218818926,-1.9914485814071476,0.7137721595252551,253.9111469569038,56.78575488742052,2.154971585625749,126.87560873097051,-6.17894179011148,3.0898478126190363,262.1206922781398,255.3660011291504,248.61130998016097,-14720400.0,100817941.44232458,2672595.739923686
2019-06-10,261.8800048828125,262.5,260.94000244140625,260.989990234375,233.44749450683597,3495900,260.08300140380857,256.4994652343971,255.31218901134673,-0.7318101867909945,-1.739520902483917,1.0077107156929226,255.57097253765386,57.97336298131853,1.901450573962114,139.17672087578276,-9.767199934464221,3.0298586831460925,262.33270827695986,255.41949996948242,248.50629166200497,-11224500.0,97546083.23582198,1608770.1725938022
2019-06-11,262.6600036621094,262.8699951171875,256.95001220703125,260.8800048828125,233.34909057617188,2792100,260.1180014038086,256.91665948662717,255.83223709833055,-0.3045712535904386,-1.4525309727052216,1.147959719114783,256.91347016207243,57.71946336485501,2.923424320993823,106.11704673411835,-12.571004448471468,3.236296127933029,263.03200824891405,255.79000015258788,248.5479920562617,-14016600.0,98461065.74486902,1318447.768601656
2019-06-12,260.79998779296875,261.260009765625,259.989990234375,260.45001220703125,232.9644317626953,1725500,260.07920135498046,257.2531692695228,256.2760477701823,-0.0006704082267674494,-1.1621588598095307,1.1614884515827633,257.9043574042624,56.674426575494174,3.653443617812867,103.32406724753021,-15.287319205540584,3.095847799598213,263.54359954474563,256.0220008850098,248.50040222527397,-15742100.0,97985574.73179713,928528.0293000191
2019-06-13,261.3399963378906,261.8800048828125,260.3699951171875,261.5599975585937,233.95730590820312,1882700,260.0766012573242,257.66334339229144,256.80347602480936,0.325982024683924,-0.8645306829108398,1.1905127075947637,259.000240779457,58.75061900583553,3.847223817548306,96.89248158291556,-8.275410025688712,2.982573654314177,264.1490458796873,256.2540000915527,248.35895430341813,-13859400.0,99070296.06566925,1029742.3758813888
2019-06-14,261.239990234375,262.1300048828125,260.42999267578125,261.510009765625,233.91262817382807,2260900,260.0668014526367,258.0296925707042,257.304048374721,0.5742037704063705,-0.5767837922473977,1.1509875626537682,259.87559927653604,58.614393334569115,5.3541247601176,83.38183862350434,-8.591188845566233,2.8909621223652198,264.50247075076663,256.3715003967285,248.24053004269035,-16120300.0,99682093.83610691,1172198.2286328971
2019-06-17,261.6400146484375,262.17999267578125,260.9700012207031,261.67999267578125,234.06460571289065,1319500,260.0248013305664,258.37734019975915,257.8096190679641,0.7756957546696981,-0.30628788286397857,1.0819836375336767,260.6225140903596,58.96285072111212,5.303819990254024,75.4891904914779,-7.517386631451606,2.7708927889873554,265.0298353539425,256.58349990844727,248.1371644629521,-14800800.0,99911090.26729055,1196774.6484412253
2019-06-18,263.2300109863281,265.79998779296875,262.94000244140625,265.3299865722656,237.3293914794922,6147700,260.0482009887695,259.0394969971407,258.6426177978516,1.2158876115224189,-0.0018527839866990803,1.217740395509118,262.1631115588779,65.65074285349117,4.604767576122188,107.8353877823169,-2.5053377309458225,2.8672572410018113,266.2841487523963,257.0164985656738,247.74884837895138,-8653100.0,104038201.9429916,2411202.839863956
2019-06-19,265.3999938964844,266.2099914550781,264.6300048828125,265.5599975585937,237.5351104736328,3920800,260.09500091552735,259.66049705061243,259.45628436860585,1.5652594571223517,0.3115696642351111,1.2536897928872406,263.4609947347137,66.02648822755113,3.843898641255906,107.83493847654685,-3.3906831432952256,2.7753093360919423,267.32653694637145,257.3559989929199,247.3854610394684,-4732300.0,104733030.13529232,2909895.8120994866
2019-06-20,268.04998779296875,268.5,265.8999938964844,268.0799865722656,239.789306640625,3471800,260.22640045166014,260.46235319553176,260.4776165190197,2.022170887590505,0.6536899089061899,1.3684809786843153,265.1476614192455,69.9100681555054,4.019860818908867,138.35469316963037,-1.9571915020090258,2.7870731293286997,268.8937258685133,257.87999801635743,246.8662701642016,-1260500.0,107083138.44661784,3597132.3259721845
2019-06-21,267.2900085449219,268.9599914550781,266.8999938964844,267.1000061035156,239.4817352294922,4446800,260.33640045166015,261.09451061533974,261.3557125273205,2.2789301659477132,0.9787379603144947,1.3001922056332185,266.2382652661,66.71613276326013,2.632086879352786,140.52970777903258,-10.081223085187075,2.73513915999042,270.10881446559193,258.4969985961914,246.88518272679093,-5707300.0,103499848.48187606,2411124.790504813
2019-06-24,267.3299865722656,267.9100036621094,267.1000061035156,267.1700134277344,239.5444183349609,1654200,260.45180084228514,261.6731299308059,262.1817139398484,2.459708758433692,1.274932119938334,1.1847766384953577,267.1077171534792,66.83270822771101,2.367915791639968,111.92640957666495,-12.021356178842623,2.5976290456047737,271.1955872309814,259.04949951171875,246.9034117924561,-4053100.0,102131590.37020399,1271391.8731447905
2019-06-25,267.3900146484375,267.3999938964844,265.1300048828125,265.260009765625,237.8319549560547,7240300,260.4756008911133,262.014737534122,262.7731911068871,2.420948574276565,1.5041354108059806,0.9168131634705845,267.279508072722,60.596816228755046,1.678934682932102,66.2264844249373,-27.55013929475497,2.5742261861809683,271.78911644688435,259.63899993896484,247.48888343104537,-11293400.0,95720610.9945402,-1350300.6555904895
2019-06-26,266.1199951171875,266.489990234375,265.2099914550781,265.2200012207031,237.79605102539065,2141400,260.5038009643555,262.3200007423678,263.3047150384812,2.3598001862476394,1.6752683658943124,0.684531820353327,267.3648085679695,60.46953937670681,1.8314412709185128,49.795774075369124,-31.140688565163146,2.481781371403435,272.0796171057101,260.336499786377,248.59338246704388,-13434800.0,93612703.07665163,-2970754.6043476164
2019-06-27,265.45001220703125,265.9100036621094,264.5,265.1499938964844,237.7333526611328,1991500,260.5162008666992,262.5895238999027,263.7631430489676,2.279414965361468,1.7960976857877435,0.4833172795737246,267.3732246794232,60.23114492563996,1.3725326393178545,31.758074307657633,-31.723598183680057,2.405225820739498,272.2448238734073,261.0004997253418,249.7561755772763,-15426300.0,93457315.8182485,-3413040.383390367
2019-06-28,265.94000244140625,266.260009765625,265.07000732421875,265.8500061035156,238.36099243164065,2176200,260.54260101318357,262.9000460145325,264.2250007992699,2.24630028214699,1.886138205059593,0.360162077087397,267.5204965460373,61.85068981401202,1.659590905059539,40.39192424288159,-25.89501020218883,2.3184241507870436,271.64734527019084,261.8819999694824,252.116654668774,-13250100.0,94133939.11414017,-3068409.8458159417
2019-07-01,268.45001220703125,268.75,266.0,266.9700012207031,239.3651123046875,3970200,260.5708010864258,263.28766079607254,264.70957234700523,2.2841012059894297,1.9657308052455604,0.31837040074386924,267.89218190705134,64.35206844924978,2.021556363873848,78.3940005359006,-22.184949426562195,2.359964846908317,270.6357315788808,262.8055000305176,254.97526848215438,-9279900.0,92964538.2751842,-3020560.361401826
2019-07-02,266.8399963378906,267.7300109863281,266.1400146484375,267.6600036621094,239.9837646484375,2775300,260.6226010131836,263.70407440236175,265.17190602620445,2.3427306008386495,2.041130764364178,0.3015998364744714,268.3368219606286,65.83818497933005,0.8781582209929157,72.45630169557032,-15.133740945086105,2.3049670962641526,270.38337683193015,263.5060005187988,256.6286242056675,-6504600.0,95495446.10612795,-1921100.3205319643
2019-07-03,268.3399963378906,269.6000061035156,268.2799987792969,269.5599975585937,241.68731689453125,1262900,260.6842007446289,264.26178136962193,265.74847717285155,2.5135339919547164,2.135611409882286,0.37792258207243057,269.1549947524123,69.59677106119688,1.5062509552544456,138.193815013401,-0.43629756092752325,2.278898192345712,270.57108212899414,264.19750061035154,257.82391909170894,-5241700.0,96681790.78638862,-919202.4218629897
2019-07-05,268.7099914550781,269.4800109863281,267.32000732421875,269.2699890136719,241.42727661132807,2157000,260.75120025634766,264.73875352619814,266.2315713065011,2.595575465833008,2.2276042210724305,0.3679712447605774,269.7097213710245,68.36044865347576,0.44389827701123974,105.84671209718859,-3.824066084840938,2.2761190524906554,270.77857787043627,264.775,258.7714221295637,-7398700.0,98419330.94660564,127082.44419455528
2019-07-08,267.8999938964844,268.42999267578125,267.4700012207031,268.0599975585937,240.3424072265625,1423400,260.8218002319336,265.0550624816644,266.54442821684336,2.5337502313914797,2.2888334231362406,0.2449168082552391,269.80881127552027,63.307401725398755,0.3594127417226714,66.20106889483039,-23.123238710565154,2.2421096768104976,270.9530817062699,265.1654998779297,259.3779180495894,-8822100.0,98745531.49338362,647346.2048115879
2019-07-09,266.7200012207031,268.1199951171875,266.69000244140625,267.8599853515625,240.1630401611328,1407000,260.87220001220703,265.32219799308325,266.80104588099886,2.4404816211525713,2.3191630627395066,0.12131855841306471,269.7975269462497,62.48518862060483,0.2582520077668643,34.98406953267029,-34.11801312852673,2.1841013195940886,271.0757948812788,265.5089996337891,259.94220438629935,-10229100.0,99640873.29200925,1086213.2060074657
2019-07-10,268.8399963378906,269.8800048828125,268.1700134277344,268.69000244140625,240.9072265625,1978600,260.93720001220703,265.6429412738759,267.10399852934336,2.405808356808677,2.3364921215533405,0.0693162352553367,269.96516858499365,64.54318605594979,1.293068140505566,114.69375092362831,-22.118984412225174,2.1723811918552185,271.20209189661153,265.8994995117188,260.596907126826,-8250500.0,98865612.94542778,920329.3047655374
2019-07-11,269.6600036621094,270.9200134277344,269.2300109863281,270.9200134277344,242.90667724609372,2238500,261.0398001098633,266.1455195742434,267.58214271182106,2.5291186887043864,2.37501743498355,0.1541012537208366,270.64421912464206,69.40016092221944,2.1491637813122466,168.21501807249868,0.0,2.1764976057461425,271.53406662025986,266.4229995727539,261.3119325252479,-6012000.0,101104112.94542778,1481051.408369705
2019-07-12,271.6600036621094,273.3900146484375,271.6000061035156,273.3900146484375,245.12132263183597,2411200,261.22460052490237,266.8354714860714,268.2456679571243,2.7939446166137714,2.458802871309594,0.3351417453041772,271.8040431460001,73.69782664108514,3.1076827990311258,212.98755257814992,0.0,2.1974621496716513,272.46441927211515,267.0145004272461,261.56458158237706,-3600800.0,103515312.94542778,2342996.686355993
2019-07-15,273.54998779296875,273.6000061035156,272.9599914550781,273.6000061035156,245.30958557128903,2624500,261.4390005493164,267.47971287820894,268.87285897391183,2.9863409483824626,2.564310486724168,0.4220304616582946,272.76852880703865,74.03174886981277,2.91517766487556,174.56340297638246,0.0,2.0862158995834488,273.1736225368641,267.61900024414064,262.06437795141716,-976300.0,106139812.94542778,3317679.1467725635
2019-07-16,273.6199951171875,273.989990234375,272.8999938964844,273.4200134277344,245.148193359375,1780400,261.60800079345705,268.04545578768756,269.4253364199684,3.08868804958189,2.6691859992957125,0.4195020502861775,273.46868269937085,73.17421816552267,2.416006359343366,142.10840647265618,-6.006084227315989,2.015057359462504,273.6052175724697,268.2060012817383,262.80678499100685,-2756700.0,106058212.73264395,3388841.9813506156
2019-07-17,273.3399963378906,273.45001220703125,272.17999267578125,272.2799987792969,244.1260528564453,1550800,261.76820098876954,268.44874559641227,269.81333618164064,3.0427344611922535,2.743895691675021,0.29883876951723254,273.70159457419675,67.81618603552512,1.7260685399301285,96.65728042142688,-18.01889583494122,1.9618403717330193,274.0611065309074,268.55350189208986,263.0458972532723,-4307500.0,104751644.35509685,2694151.2043356895
2019-07-18,271.6600036621094,272.75,270.75,272.2699890136719,244.11712646484372,2119000,262.02320098876953,268.8126735409132,270.167287336077,2.9712574011085167,2.78936803356172,0.18188936754679652,273.8453233483413,67.7692638587658,1.0053388780318255,63.07214361900344,-19.28256183926922,1.964566059466376,274.4436131227636,268.8890014648438,263.3343898069239,-6426500.0,105853501.07506755,2515627.460607931
2019-07-19,273.17999267578125,273.3399963378906,271.3599853515625,271.45001220703125,243.58140563964844,2364300,262.25900115966795,269.063848651972,270.41119312104723,2.8159851170246952,2.7946914502543154,0.021293666770379804,273.707642696921,63.87066483710518,0.8096049624188483,56.69850205567513,-31.789501023619636,1.96566926852793,274.7073694819615,269.05750274658203,263.40763601120256,-8790800.0,103704200.38149008,1530033.2119802982
2019-07-22,271.7699890136719,272.1600036621094,270.79998779296875,271.6499938964844,243.7608337402344,1623500,262.52320098876953,269.3101481990684,270.6580970400856,2.678194999399466,2.7713921600833458,-0.09319716068387995,273.60674750291537,64.40843442856294,1.3392510522223537,33.22574552862518,-29.8089632543891,1.9224083114288237,274.9675907795626,269.28500213623045,263.6024134928983,-7167300.0,104110066.27400663,1116880.784071505
2019-07-23,272.7900085449219,273.6099853515625,271.95001220703125,273.3500061035156,245.28640747070312,1722900,262.79180084228517,269.69489657092055,271.0452402750651,2.675332547696712,2.752180237606019,-0.0768476899093069,273.92813258871496,68.67668994933977,2.0495859972319304,71.82560209871009,-8.76692056219326,1.925092821689489,275.45233827435226,269.59400177001953,263.7356652656868,-5444400.0,105293297.0053373,1222811.7704348117
2019-07-24,272.25,272.8500061035156,271.8299865722656,272.6099853515625,244.62237548828125,2355400,263.17460052490236,269.9725240738388,271.3324768066406,2.583568771446778,2.7184579443741708,-0.13488917292739266,273.9640401084235,65.02128568867373,1.4589239921612225,46.46469032808921,-18.90420808842588,1.896159015229518,275.60440930640755,269.9615005493164,264.3185917922252,-7799800.0,106540198.86029182,1551723.9668476284
2019-07-25,272.4800109863281,272.5799865722656,270.5199890136719,271.3900146484375,243.52752685546875,2348600,263.4862008666992,270.10752317618153,271.4685257684617,2.384912095543598,2.6517487746080564,-0.2668366790644585,273.643087470622,59.40748001006875,0.17348338897395407,4.588792971651222,-35.616163474160345,1.9100045382767434,275.50196986677724,270.27000122070314,265.038032574629,-10148400.0,106175428.59570707,1429149.8751170188
2019-07-26,271.6499938964844,272.04998779296875,271.1099853515625,271.8599853515625,243.94924926757807,1731300,263.7850003051758,270.2744243357416,271.61995282854355,2.239581455748578,2.569315310836161,-0.329733855087583,273.4712917911897,60.81116683385209,-0.559650760779439,1.0560225454356298,-29.178197871290855,1.8407186742145498,275.3156994057767,270.60550079345705,265.8953021811374,-8417100.0,107206834.18625315,1577257.7186630666
2019-07-29,271.8599853515625,272.67999267578125,271.69000244140625,272.1300048828125,244.1916046142578,1346000,264.04440032958985,270.45114629260553,271.7651436941964,2.1217361426670323,2.4797994772023353,-0.35806333453530304,273.3730682181584,61.632087997161946,-0.5372811359320493,14.237341763214754,-31.958638554027342,1.7799523570831408,275.13061266578336,270.91950073242185,266.70838879906034,-7071100.0,107057297.0715799,1446880.2346574217
2019-07-30,271.0899963378906,272.1499938964844,270.6199951171875,271.9100036621094,243.994140625,1670600,264.3338003540039,270.5900850897011,271.8594773065476,1.9876779094824428,2.381375163658357,-0.39369725417591406,273.2105494391598,60.51971462153428,-0.5522674608543604,-61.91263566786587,-43.697387401827214,1.7620985300984042,274.98303559247375,271.1665008544922,267.34996611651064,-8741700.0,108203808.17559905,1626808.412055999
2019-07-31,272.29998779296875,272.67999267578125,267.1000061035156,268.5199890136719,240.9521942138672,5058800,264.5707998657227,270.3929330824602,271.6074285598028,1.5895664111350811,2.223013413153702,-0.6334470020186207,272.1756255966039,46.57133992334835,-1.3809349869553829,-245.9037035997334,-79.390621470428,2.0348048188246834,274.8837676859331,271.2095001220703,267.53523255820755,-13800500.0,105719713.13335015,762129.8428165764
2019-08-01,268.82000732421875,271.7099914550781,265.3999938964844,265.760009765625,238.4755859375,7225300,264.7106002807617,269.9517022903807,271.0884294782366,1.0393716913761182,1.9862850687981852,-0.946913377422067,270.5948073774092,38.74241170530014,-2.3910013996144026,-270.3700474769317,-95.80889379949339,2.340175728808239,275.349750187846,271.0195007324219,266.68925127699777,-21025800.0,99318889.73104997,-1697512.4583147317
2019-08-02,265.2099914550781,265.6700134277344,262.42999267578125,264.8099975585937,237.6231384277344,5691500,264.8548001098632,269.4620161254486,270.4970482235863,0.5206783110454012,1.6931637172476286,-1.1724854062022274,269.04490276575683,36.46980112016947,-2.4461279608907542,-265.9599887419414,-79.41171811889237,2.410878683167929,275.86123933560106,270.79650115966797,265.7317629837349,-26717300.0,101988939.75035861,-1699849.0791507363
2019-08-05,260.989990234375,261.1499938964844,255.1300048828125,257.1000061035156,230.7046661376953,6608200,264.90160034179684,268.28468183764545,269.1926201230004,-0.5066811008557579,1.2531947536269514,-1.7598758544827093,265.77620554489994,24.10936979679089,-5.356152446119032,-274.1248700015119,-89.33980896768568,2.9301011112118087,278.02484157669727,270.2485015869141,262.4721615971309,-33325500.0,99705718.4295838,-2272752.746180102
2019-08-06,258.54998779296875,260.3599853515625,257.04998779296875,260.2900085449219,233.56719970703125,4991000,264.9850006103515,267.5232843811956,268.2441922142392,-1.0513450481778364,0.7922867932659938,-1.8436318414438302,263.9409422726464,34.06638003265574,-4.777756453990356,-168.40974669626968,-72.07787275081247,2.957236571739094,278.7352005966214,269.87000274658203,261.0048048965427,-28334500.0,104485688.52049121,-779608.9677506536
2019-08-07,257.1300048828125,260.69000244140625,254.3600006103516,260.239990234375,233.5222930908203,5089500,265.120400390625,266.82963731959364,267.3270481654576,-1.4700849855457818,0.3398124375036387,-1.8098974230494205,262.4518779903379,33.99107424229407,-4.537616295028571,-136.59231483366133,-69.45457514345266,3.1981483759759497,279.2529421523828,269.44750213623047,259.64206212007815,-33424000.0,108851543.50779969,1291231.7982732505
2019-08-08,261.4599914550781,264.1300048828125,260.5799865722656,264.1300048828125,237.01287841796875,3637100,265.377600402832,266.5725294684716,266.82061985560824,-1.4710899219496696,-0.02236803438702295,-1.4487218875626466,262.27589628947845,44.30302627316811,-2.675120444291114,-60.60020164740561,-49.246690821811356,3.247567395437495,279.1532547798263,269.1080017089844,259.06274863814247,-29786900.0,112488643.50779969,3178268.311803639
2019-08-09,263.44000244140625,264.44000244140625,261.25,263.17999267578125,236.16043090820312,3773000,265.60380035400385,266.2494307263106,266.25604756673175,-1.530897157334664,-0.32407385897655117,-1.2068232983581129,261.9222984485159,42.55459984460737,-3.192817311660082,-50.98520929381249,-54.18182308192914,3.243455613006691,278.757510208145,268.5975006103516,258.43749101255816,-33559900.0,113281070.96403235,3913440.320521593
2019-08-12,261.4200134277344,262.1700134277344,258.5599975585937,259.3999938964844,232.76849365234372,3072700,265.8274002075195,265.5971034091843,265.38009454636347,-1.8618469206448367,-0.6316284713102083,-1.2302184493346284,260.68903436329,36.399240056510585,-4.677915245623156,-76.86016230709467,-72.74206712379763,3.3417798633053346,278.52343932236136,267.8875,257.2515606776386,-36632600.0,111638313.01470317,3335729.4928904176
2019-08-13,259.07000732421875,264.6300048828125,258.6300048828125,263.1700134277344,236.1514587402344,4326300,266.1208004760742,265.3659519823795,264.9308101109096,-1.7991781182308841,-0.8651384006943434,-0.9340397175365407,260.6964755475808,44.95163895944847,-3.2142952141017225,-41.98910295818104,-51.91038955738673,3.5316527302121137,277.8822249055229,267.375,256.8677750944771,-32306300.0,113859159.337335,3502778.0303432196
2019-08-14,259.17999267578125,259.7300109863281,255.05999755859372,255.0800018310547,228.8919982910156,6148000,266.1494006347656,264.3863376822533,263.7598579043434,-2.374932225268651,-1.167097165609205,-1.207835059659446,258.6447394796584,34.29450527232981,-5.005209195779045,-107.33282871093087,-96.06986063022505,3.8586786687070376,278.0417069526646,266.5150001525879,254.9882933525112,-38454300.0,107763829.96408719,1313258.7196002156
2019-08-15,256.239990234375,256.95001220703125,253.92999267578125,256.3599853515625,230.0406036376953,4034800,266.1620004272461,263.6219231745685,262.792713637579,-2.6968499231606984,-1.4730477171195038,-1.2238022060411946,257.3412250479069,36.845666785266,-3.5370349445548355,-109.93282616943878,-87.0400390625,3.7987744446029583,277.7334324336349,265.7194999694824,253.7055675053299,-34419500.0,110222057.14274523,1080322.3111783415
2019-08-16,257.3900146484375,259.25,256.8699951171875,258.8800048828125,232.91429138183597,2743200,266.18520050048824,263.170311908687,262.1413331531343,-2.7173041121995993,-1.7218989961355229,-0.9954051160640764,256.97848097566936,41.64926635781681,-2.2393386694054414,-61.48070337729241,-73.59993489583334,3.7338630305911353,277.1550995249019,265.0909996032715,253.02689968164105,-31676300.0,112112342.41740286,1488273.4304715395
2019-08-19,262.0400085449219,262.25,260.82000732421875,261.3399963378906,235.1275177001953,1971800,266.20700042724604,262.9959961400397,261.78409474690756,-2.506124410760094,-1.8787440790604373,-0.6273803316996569,257.37203761163005,45.96958999882208,1.6491599119868794,5.223130629727368,-60.47998046875001,3.7078724653480166,276.35214909153245,264.5754997253418,252.79885035915112,-29704500.0,111574555.82813315,1348751.0253718793
2019-08-20,261.010009765625,261.5599975585937,259.4700012207031,259.69000244140625,233.6430206298828,1975200,266.1810006713867,262.6811395973127,261.31880929129466,-2.4437338511095277,-1.9917420334702554,-0.4519918176392723,257.315826839125,43.63587880063938,-0.23051445841881923,-8.353314069551399,-67.60399234485895,3.5923098848153345,275.1263206908863,263.89249954223635,252.6586783935864,-31679700.0,110015190.44301228,672898.2348043025
2019-08-21,261.8299865722656,262.6600036621094,261.489990234375,262.0299987792969,235.74827575683597,2156300,266.2040005493164,262.6191261860731,261.1414282662528,-2.180337165157141,-2.0294610598076326,-0.15087610534950846,257.92281253307755,47.6915770031031,0.6878299308687238,59.08996782989258,-31.005180700655323,3.547859265950174,273.878929186917,263.36350021362307,252.84807124032915,-29523400.0,109849329.86501077,282466.61522579193
2019-08-22,262.7099914550781,263.82000732421875,260.95001220703125,262.5599975585937,236.2252197265625,2329200,266.2462002563476,262.61349488821793,261.06490420386905,-1.9068459881832496,-2.004938045482756,0.09809205729950632,258.5992398024137,48.59381811745508,-0.5944070325957014,80.1206582791089,-19.345840772579237,3.499440398181409,272.77282120216455,262.92199935913084,253.07117751609712,-27194200.0,110133359.31505534,187438.81266459823
2019-08-23,261.2699890136719,263.19000244140625,255.0399932861328,256.2900085449219,230.5840606689453,6293900,266.14080047607416,262.01125809361827,260.4332860310872,-2.1710118991867944,-2.0381528162235636,-0.1328590829632308,257.5630937022698,39.83918375792873,-2.6179741327629484,-63.6315481925766,-77.94380208660137,3.8316238808308567,271.49409359717436,262.1435005187988,252.79290744042328,-33488100.0,105770124.88546194,-1256777.953496024
2019-08-26,259.0,259.4200134277344,257.17999267578125,259.1000061035156,233.11216735839844,3145200,266.092600402832,261.73399599932276,260.1434294201079,-2.129079267530358,-2.0563381064849224,-0.07274116104543538,257.47913585355315,44.651831642911525,-0.11564680031891693,-47.51148685157384,-51.68217262091507,3.7815082381152574,269.716494485489,261.492000579834,253.26750667417892,-30342900.0,108016684.0713041,-1018527.07565777
2019-08-27,260.510009765625,260.5599975585937,257.239990234375,257.79998779296875,231.9425811767578,3077200,266.01500030517576,261.3593285510986,259.79180915469215,-2.175668218868509,-2.0802041289616398,-0.09546408990686928,257.1095437900638,42.94038064892522,-2.040515773367248,-49.053610602958116,-63.83186259690032,3.7485438871226444,267.61808880834667,260.78649978637696,253.95491076440726,-33420100.0,105977568.82174069,-1477276.8345252275
2019-08-28,257.0199890136719,260.4599914550781,256.3399963378906,260.3900146484375,234.2728271484375,2741700,265.91620086669917,261.26701294132135,259.75404866536456,-1.980763765277004,-2.0603160562247127,0.07955229094770866,257.5142381284057,47.27620180130564,2.0817048687727997,-24.091182892127478,-39.626031749653464,3.775076117841564,266.21778426899607,260.38000106811523,254.5422178672344,-30678400.0,108626135.01681639,-687923.6888537109
2019-08-29,262.94000244140625,264.239990234375,262.0,263.8999938964844,237.43072509765625,3740600,265.883000793457,261.51777303228926,260.0892860775902,-1.525489694781072,-1.9533507839359847,0.4278610891549126,258.7891733439029,52.53951950179593,2.941179971820403,125.90351194212421,-6.822524799069074,3.7804260798484166,265.83085157997385,260.2870002746582,254.7431489693426,-26937800.0,111231203.0113668,526417.2952646613
2019-08-30,265.2699890136719,265.3999938964844,263.1700134277344,264.1300048828125,237.6376495361328,2442400,265.8040011596679,261.7665570180534,260.4552865164621,-1.1330605330070398,-1.7892927337501958,0.656232200743156,259.91929216461165,52.87153997187889,2.027966587213456,125.56674068850836,-11.072265723734798,3.6696799647699545,265.69284433279813,260.2530006408691,254.8131569489401,-24495400.0,110891676.2541958,867305.7937346101
2019-09-03,262.07000732421875,262.20001220703125,260.0299987792969,261.4200134277344,235.19949340820312,3082900,265.6904013061523,261.73355286659444,260.5664305914016,-1.0288710718169796,-1.6372084013635528,0.6083373295465733,260.1603146389991,48.56106655998376,0.03061800373651748,37.66269564247474,-34.69904137033756,3.7004175461089317,265.73107128580426,260.46900100708007,255.20693072835587,-27578300.0,111758315.09566006,1203662.9205078036
2019-09-04,263.5799865722656,263.95001220703125,262.7699890136719,263.92999267578125,237.45774841308597,1963100,265.62560089111327,261.9427376103265,260.8960488455636,-0.7352898608202736,-1.4568246932548972,0.7215348324346236,261.0226194902836,52.429438141187724,1.6327121546897698,95.83555204253929,-12.81605112691533,3.6168162056223534,266.1233099434689,260.65100021362304,255.1786904837772,-25615200.0,113654805.65608627,1835268.4760953784
2019-09-05,266.7300109863281,268.7099914550781,266.70001220703125,267.67999267578125,240.83164978027344,3614800,265.67400054931636,262.48914285465554,261.5654766991025,-0.19775142074223595,-1.205010038752365,1.007258618010129,262.71118671198707,57.564138158339524,2.1562393324450086,192.77752701663766,-7.534739701990345,3.6999006751705354,267.2872000916153,261.0230003356934,254.75880057977147,-22000400.0,113564851.3995234,1898188.1693752557
2019-09-06,268.07000732421875,268.94000244140625,267.4100036621094,268.32000732421875,241.40745544433597,2470100,265.7360006713867,263.0444632803282,262.2604297456287,0.27670580678102397,-0.9086668696456872,1.1853726764267112,264.26190676466325,58.389646619410115,2.193788017666185,167.56943349848663,-4.460393588678202,3.544907682608127,268.1450400869055,261.23250045776365,254.3199608286218,-19530300.0,114033054.4572675,1900339.1832378507
2019-09-09,268.8500061035156,269.3999938964844,268.0299987792969,268.79998779296875,241.83924865722656,2243400,265.80900054931635,263.59260847200824,262.98114282517207,0.6835672525553491,-0.59022004520548,1.273787297760829,265.64932290816205,59.03327922783586,4.881181017969398,141.36522138764704,-4.178315306498693,3.3895567850780783,269.1399140759265,261.51350021362305,253.88708635131954,-17286900.0,114311405.56659655,1817027.2979465425
2019-09-10,268.4800109863281,269.4200134277344,267.54998779296875,269.3900146484375,242.3701019287109,2654300,265.8798007202148,264.1447423935729,263.73128705705915,1.041611071731495,-0.26385382181808503,1.30546489354958,266.9239305436908,59.85532774145433,3.971442802981182,117.21914866050324,-0.20861430652721058,3.2810188457700438,270.3002624025748,262.0130012512207,253.72574009986664,-14632600.0,116880545.49348593,2435214.4763424993
2019-09-11,269.7200012207031,271.739990234375,269.2200012207031,271.69000244140625,244.4394073486328,1899800,265.9742007446289,264.8633385886047,264.6529062180292,1.4937343315310727,0.08766380885174652,1.4060705226793262,268.54318133054784,62.97427647090635,5.387903532250026,128.5356505745102,-0.2993281563085093,3.2266595720487445,271.73491002990784,262.4390007019043,253.1430913739008,-12732800.0,118704974.68149683,3047226.293113172
2019-09-12,272.6199951171875,273.44000244140625,271.4599914550781,272.32000732421875,245.0061492919922,3272200,266.06740081787103,265.573497515806,265.5939544677734,1.8811961430339466,0.44637027568818655,1.4348258673457601,270.0046129755299,63.80383297058296,4.581586084200805,124.3745000112594,-6.086926956047245,3.1376132444972704,272.89983620997657,263.3010009765625,253.70216574314838,-9460600.0,118275328.53239308,2883868.5986124277
2019-09-13,273.0199890136719,273.2799987792969,272.4599914550781,272.6000061035156,245.258056640625,2182700,266.1282009887695,266.2426888098736,266.47957400367375,2.1856610416421063,0.7942284288789705,1.3914326127631358,271.2391911796471,64.187866826784,3.2967079985776193,110.26802908342707,-4.912257532574382,2.9820688309673287,273.96992926289823,264.11300201416014,254.25607476542203,-7277900.0,116838012.05304809,2097542.607560307
2019-09-16,271.6000061035156,272.2099914550781,270.79998779296875,271.1700134277344,243.9715576171875,4077500,266.1662014770507,266.7119578210984,267.15167032877605,2.285220608675729,1.0924268648383224,1.1927937438374068,271.8390883071143,60.64877892543756,2.6653573674998947,78.93450571654125,-13.274784815457952,2.897636650937295,274.73410036025456,264.7275024414063,254.720904522558,-11355400.0,114900619.29716644,968734.9518439025
2019-09-17,270.5899963378906,271.5799865722656,270.3699951171875,271.5599975585937,244.32257080078125,1756200,266.23620147705077,267.173675891336,267.8023841494606,2.368290563557764,1.3475996045822107,1.0206909589755533,272.3886561172516,61.275851900561264,3.878809429279738,69.00675056602883,-10.994176677083423,2.7770905655187814,275.5403992231912,265.2385025024414,254.9366057816916,-9599200.0,116598794.58027555,959211.6871452034
2019-09-18,271.239990234375,272.1300048828125,269.4800109863281,271.9700012207031,244.69134521484372,3052600,266.3184017944336,267.63046877984715,268.4434792654855,2.439091640131494,1.5658980116920675,0.8731936284394264,272.90135826598276,61.96213218129699,3.046265588617069,64.34040057778552,-10.961974789437868,2.7680122320163236,276.2220027552175,265.8525024414063,255.48300212759503,-6546600.0,119282769.44524935,1722106.746156022
2019-09-19,272.4700012207031,273.20001220703125,271.1300048828125,271.4200134277344,244.19656372070312,2965600,266.37300201416014,267.99137779393163,268.97371840704056,2.4228929828498735,1.7372970059236288,0.6855959769262447,273.1343445367431,60.415392431589275,1.3971984661861165,72.34498781635183,-15.063299493194426,2.7181547386022102,276.80636971999405,266.32200317382814,255.83763662766225,-9512200.0,117148132.05176564,1198442.2136287093
2019-09-20,271.3900146484375,271.760009765625,269.0899963378906,269.25,242.82308959960935,4076900,266.3396017456055,268.11124657546196,269.25257524762833,2.209483926837322,1.8317343901063676,0.37774953673095446,272.71854889306434,54.62176364180143,0.346598334226159,19.95520975774078,-31.24534897216552,2.714716073540222,277.06604105608295,266.65650329589846,256.24696553571397,-13589100.0,113559858.00643526,-266457.03806747496
2019-09-23,268.25,269.9700012207031,268.07000732421875,269.3599853515625,242.92221069335935,1898300,266.25900115966795,268.2301740779477,269.51004972912017,2.0258775557060744,1.870563023226309,0.15531453247976534,272.36590173535353,54.85805099639484,0.20833243453309352,-25.809882453747743,-38.23816265534057,2.6565216323219465,276.6169432988307,267.3100021362305,258.0030609736303,-11690800.0,114239213.9597914,-625351.9251418859
2019-09-24,270.4200134277344,270.6099853515625,266.8800048828125,267.9700012207031,241.66860961914065,3733300,266.1464010620117,268.20539571059106,269.5729067847842,1.7480575615523435,1.846061930891516,-0.09800436933917256,271.68017420938844,51.22763141202767,-0.5271217753143291,-77.62716681575384,-81.15740573043068,2.73319726349538,276.26459456325586,267.75350189208984,259.24240922092383,-15424100.0,112687846.74058732,-1208939.228224367
2019-09-25,268.3999938964844,270.1300048828125,267.4200134277344,269.5799865722656,243.12054443359372,3391800,266.06960052490234,268.33630912598863,269.7468577067057,1.6389033199718597,1.8046302087075847,-0.16572688873572505,271.5046985469647,54.9467445576394,-0.7766262468916866,-60.769343791280185,-58.84172722113157,2.7315397057512905,275.5469265421525,268.3425018310547,261.13807711995685,-12032300.0,114702851.17747429,-696638.1470009536
2019-09-26,270.010009765625,270.010009765625,267.8999938964844,268.8800048828125,242.48928833007807,2401100,266.00160064697263,268.38808967425757,269.7980484735398,1.4788676589484453,1.739477698755757,-0.2606100398073117,271.1518389954376,53.05256406115552,-1.2632206040265899,-71.30545448707517,-69.5121837754352,2.6871451459933855,274.97927206323243,268.7670013427734,262.5547306223144,-14433400.0,114532165.09396379,-478038.899708271
2019-09-27,269.5799865722656,269.9700012207031,267.0,267.989990234375,241.6865997314453,3171000,265.9160006713867,268.3501754418878,269.7240474155971,1.2656320818160793,1.6447085753678214,-0.3790764935517421,270.60750651870893,50.66117724997233,-1.6911283073816377,-98.18241232104694,-83.07948529480178,2.7073491513297956,274.7859851230048,268.971501159668,263.15701719633114,-17604400.0,113475143.37203327,-681478.9464565814
2019-09-30,268.510009765625,269.8299865722656,268.510009765625,269.17999267578125,242.7598876953125,2128800,265.8706002807617,268.4292056546396,269.74390375046505,1.1790729830146347,1.5515814568971842,-0.3725084738825495,270.4497810102395,53.668338439434976,-0.7338646064873455,-58.83912358639403,-64.93919742461318,2.645395378941283,274.59744232303166,269.22400054931643,263.8505587756012,-15475600.0,113507380.76597126,-692494.4360136539
2019-10-01,269.760009765625,270.2900085449219,265.45001220703125,265.5,239.44097900390625,3558400,265.747600402832,268.15023368753106,269.38923703148254,0.8042586268200012,1.4021168908817476,-0.5978582640617465,269.34851964314805,44.61285350322411,-2.23155015947669,-134.3489424220367,-99.37436978641489,2.8021525902948086,273.82124544478654,269.42799987792966,265.0347543110728,-19034000.0,110022483.53336282,-1742877.6706611812
2019-10-02,264.0599975585937,264.0599975585937,259.57000732421875,260.7200012207031,235.13021850585935,6690100,265.4950003051758,267.4425925002141,268.5599038260324,0.1201248710332834,1.145718486912055,-1.0255936158787715,267.19410031677245,36.09379461805567,-4.136485623232632,-287.5614498774382,-91.61200136227349,3.0255697392581276,274.58894725531695,269.26750030517576,263.94605335503456,-25724100.0,106759372.79849246,-3052398.9849610776
2019-10-03,260.3099975585937,262.0299987792969,257.3800048828125,262.010009765625,236.2936248779297,5610300,265.283000793457,266.9252036683485,267.86871425083706,-0.31433963913099205,0.8537068617034456,-1.1680465008344376,265.76153798277204,39.45400539602141,-3.46695276566803,-226.88415576632087,-70.73323173672333,3.14160003620286,275.1505648926402,268.98400115966797,262.81743742669573,-20113800.0,112321438.6003839,-1540873.2233945727
2019-10-04,262.8800048828125,265.8500061035156,262.7200012207031,265.6600036621094,239.5854034423828,2937500,265.1684005737305,266.80470842965906,267.5521430605934,-0.35998223923667183,0.6109690415154221,-0.9709512807520939,265.54184860275535,47.814924814214336,-1.3333319732184308,-82.80803312662842,-47.66122031674994,3.191485486323415,275.1816696922699,268.8510009765625,262.52033226085507,-17176300.0,114902305.18125047,38742.42964878678
2019-10-07,264.9200134277344,266.5,264.19000244140625,264.739990234375,238.755615234375,2104200,265.0260006713867,266.6080686015368,267.16061822800407,-0.4650311339622135,0.395769006419895,-0.8608001403821085,265.133856500822,46.08734921712737,-1.7151749957060578,-59.17485392165585,-53.47672601709138,3.128522062914153,275.2276737334813,268.6480010986328,262.06832846378427,-19280500.0,113800084.0012362,330720.055012092
2019-10-08,262.6400146484375,264.2099914550781,261.3500061035156,261.5799865722656,235.90577697753903,3505200,264.8150003051758,266.12920364636807,266.4874739873977,-0.7941149631723192,0.15779221250145214,-0.9519071756737714,263.9920329686309,40.65413959715035,-2.3846007461016545,-103.9115803803756,-73.45145546789097,3.14719792491024,275.507560083789,268.2574996948242,261.00743930585946,-22785700.0,110858612.44035012,-515822.7817132324
2019-10-09,263.44000244140625,264.239990234375,262.4800109863281,263.42999267578125,237.5742034912109,2020800,264.64540008544924,265.8721359348836,266.02771141415553,-0.8953155964533153,-0.05282934928950134,-0.8424862471638139,263.55262891544453,44.75995142701784,-2.2813243574503117,-67.19729975172099,-57.92777650444394,3.112398334710178,275.205589330504,267.844499206543,260.483409082582,-20764900.0,111019341.5693751,-764101.6937098801
2019-10-10,263.2300109863281,266.0299987792969,263.1099853515625,265.010009765625,238.9991455078125,2100800,264.5752005004883,265.7900286806685,265.75776003883,-0.8383595658289664,-0.20993539259739438,-0.6284241732315721,263.621669015451,48.06474391639754,-1.439301936517809,-28.90673146716835,-42.32792028049456,3.0986565556404777,274.638057832765,267.47899932861327,260.3199408244615,-18664100.0,111652481.93495728,-594752.7965041995
2019-10-11,267.7699890136719,270.1400146484375,267.6199951171875,268.1600036621094,241.83990478515625,4177000,264.62320037841795,266.0157405836629,265.82261759440104,-0.5329003755538224,-0.27452838918868,-0.2583719863651424,264.5141839056423,53.976329799505066,0.06344021565346042,69.54385369125987,-18.518407455250042,3.243752864724194,274.0321592601357,267.25699920654296,260.4818391529502,-14487100.0,109265639.2445872,-1230855.2130828798
2019-10-14,267.6000061035156,268.7300109863281,267.44000244140625,267.8599853515625,241.56935119628903,1194600,264.6842001342773,266.1913829425105,265.88004484630767,-0.31144064298240437,-0.2819108399474249,-0.029529803034979485,265.18244826869034,53.35341779067221,-0.4903809198808683,55.3708661951215,-18.822792440341818,3.1041996990240284,273.63394484434775,267.09149780273435,260.54905076112095,-15681700.0,108848881.50997008,-1511787.734235689
2019-10-15,269.1199951171875,271.19000244140625,268.8599853515625,270.2200012207031,243.6977996826172,3168900,264.9466000366211,266.5750608737669,266.1779975527809,0.05388024979538386,-0.21475262199886314,0.268632871794247,266.35218907268734,57.5076079973189,1.777778237552966,103.15581446980475,-7.023905808727015,3.1203295126540085,273.40804450044175,267.02449798583984,260.64095147123794,-12512800.0,109379314.2801076,-1320505.3629148304
2019-10-16,269.7900085449219,270.5599975585937,269.3999938964844,270.0799865722656,243.571533203125,2415000,265.142399597168,266.90886332124296,266.4689964657738,0.3283170428394442,-0.10613868903120167,0.43445573187064584,267.2785869350802,57.18224289544357,3.590052664827637,96.60987562953984,-8.037770205468853,2.980306237615102,273.0691784855954,266.929997253418,260.7908160212406,-14927800.0,109795654.15540688,-989735.7631506324
2019-10-17,270.6700134277344,271.1499938964844,269.7099914550781,270.3800048828125,243.84202575683597,1883400,265.3451998901367,267.2394482318686,266.7975686209542,0.5635232041245217,0.02779368959994301,0.5357295145245787,268.11413151765004,57.73406001259222,3.194532577085389,97.37683339833951,-5.8652983474982605,2.870284537885898,272.88026235705564,266.87799682617185,260.87573129528806,-13044400.0,109664894.64199188,-806050.2481381744
2019-10-18,269.6099853515625,275.0,267.6199951171875,267.6400146484375,241.52549743652344,2232400,265.4154000854492,267.277597414399,266.8701417468843,0.5228048992082677,0.12679593152160795,0.3960089676866597,268.08221898063414,51.2393362214067,0.7453176838943674,86.5615556762097,-41.77064353657607,3.1924074196663703,272.712911778737,266.79749755859376,260.8820833384505,-15276800.0,107444606.17911744,-1364084.2985351086
2019-10-21,268.0599975585937,268.3699951171875,267.3999938964844,268.2099914550781,242.03997802734372,1379600,265.51600006103513,267.3663968468446,267.00466497512093,0.5304134380605205,0.20751943282939048,0.3228940052311301,268.1969437914258,52.43795737174931,1.3107204610951009,37.820952283522914,-38.53581399860055,3.0336641197404237,272.57649163999787,266.73999786376953,260.9035040875412,-13897200.0,108369070.56168784,-1174215.5339218974
2019-10-22,268.4800109863281,269.3800048828125,267.760009765625,267.82000732421875,241.6879730224609,2534300,265.68440032958983,267.40959784468976,267.1075230189732,0.4992201012174178,0.26585956650699594,0.23336053471042184,268.1829031610196,51.50505411266858,2.3855115346254596,37.50160758851372,-40.74911841932065,2.9326877624152146,272.56303305466383,266.7324981689453,260.9019632832268,-16431500.0,106022489.41482626,-1736434.537497729
2019-10-23,268.1199951171875,268.8999938964844,267.3599853515625,268.239990234375,242.0669403076172,1693400,265.78579986572265,267.4886828341836,267.2510936918713,0.5025946694443633,0.3132065870944694,0.18938808234989385,268.2736798115272,52.48541759887742,1.8259111309750125,25.33131501742964,-49.523903211166086,2.8332106754514044,272.393504076191,266.6654983520508,260.9374926279106,-14738100.0,106264403.70054054,-1731602.808278963
2019-10-24,269.0199890136719,269.1199951171875,267.0599975585937,267.9800109863281,241.83236694335935,1843700,266.04380004882813,267.5354759915307,267.3762853713263,0.47877190203502096,0.3463196500825797,0.13245225195244126,268.27408779627984,51.787494936835905,1.1207128452732014,16.87320026936434,-51.428513938602634,2.777981167104433,272.292070797632,266.62049865722656,260.94892651682113,-16581800.0,106067529.6879187,-1634849.485952884
2019-10-25,267.7200012207031,270.1199951171875,267.6300048828125,269.6000061035156,243.2943420410156,1825200,266.3086004638672,267.73209790695785,267.66004798525853,0.5838816303414092,0.39383204613434564,0.19004958420706353,268.6882800101072,55.73722142157727,0.5369937431909874,46.94200189463269,-39.56041253524055,2.7574103861951875,272.49247599137306,266.7009994506836,260.9095229099941,-14756600.0,107130410.27425069,-1108456.6233544946
2019-10-28,270.7799987792969,271.5799865722656,270.19000244140625,270.8099975585937,244.38619995117188,1809600,266.5472003173828,268.0252312071136,268.05138113839286,0.7561021702418884,0.4662860709558542,0.2898160992860342,269.3341081730516,58.473651468748805,1.1013262033742528,110.72936817468535,-33.46650254110294,2.7018796778062457,272.75429364390874,266.7824996948242,260.81070574573965,-12947000.0,106935135.41531362,-854478.21437563
2019-10-29,270.4700012207031,271.6000061035156,270.3099975585937,270.8699951171875,244.44046020507807,2884600,266.73780029296876,268.29616110331114,268.44066641671316,0.8872023737526433,0.550469331515212,0.3367330422374313,269.86887438671073,58.61029026165251,0.24054248151434587,104.37975392952913,-34.73506976171166,2.6010317397430804,273.2466848176838,267.0509994506836,260.8553140836834,-10062400.0,106554966.82218832,-793860.8526627272
2019-10-30,270.8699951171875,271.989990234375,269.8800048828125,271.739990234375,245.2253875732422,2144700,266.97880004882813,268.6241448300791,268.8872369675409,1.049206959939852,0.65021685720014,0.3989901027397119,270.5202374893497,60.633075073460276,0.614634087914991,108.77645292362747,-41.058044876968545,2.565956997730182,273.3945056803492,267.6019989013672,261.8094921223852,-7917700.0,108191440.54506943,-176197.4880759269
2019-10-31,271.57000732421875,271.6600036621094,269.07000732421875,270.4800109863281,244.08839416503903,3021000,267.1478002929687,268.8008939878171,269.1613333565848,1.0636656904709412,0.7329066238543003,0.3307590666166409,270.7121356112754,56.33874215316527,0.03698724081278474,52.440412212091786,-56.92679627024535,2.57338742004633,273.3394661989546,268.02549896240237,262.71153172585014,-10938700.0,108459727.87024117,177865.0816347748
2019-11-01,271.8599853515625,273.3399963378906,271.69000244140625,273.3399963378906,246.66940307617188,2989400,267.3634002685547,269.2331894497289,269.66747596377417,1.2910191889835687,0.844529136880154,0.44649005210341475,271.5951237460763,62.78223695009086,2.129719540234079,173.78968676944686,-20.906840701365837,2.5938587008689136,274.0820718908984,268.4094985961914,262.73692530148435,-7949300.0,111449127.87024117,1257712.0345496386
2019-11-04,274.7300109863281,275.04998779296875,273.9599914550781,274.54998779296875,247.76123046875,1543200,267.7285998535156,269.73955119670416,270.25228445870533,1.550956214844632,0.9858145524730496,0.5651416623715825,272.6138889441365,65.12709493189257,2.363818105170216,207.9629376726801,-6.257829926360447,2.5307253261695717,274.90531199253866,268.8999984741211,262.89468495570355,-6406100.0,111576543.29706873,1625671.4206826985
2019-11-05,275.0799865722656,275.510009765625,274.42999267578125,274.8099975585937,247.9958648681641,1706300,268.0427996826172,270.22245085021746,270.81514151436943,1.757677384901342,1.1401871189587083,0.6174902659426338,273.493366489273,65.6282361644961,2.6099581970039187,171.23786560587348,-8.284156163097878,2.427103309289156,275.09164925055956,269.5614990234375,264.0313487963154,-4699800.0,111070969.35527709,1467547.513468638
2019-11-06,275.0199890136719,275.2099914550781,273.989990234375,274.79998779296875,247.9869384765625,1605900,268.3827996826172,270.6584067495271,271.3140452067057,1.8988094042417742,1.2919115760153215,0.6068978282264528,274.1850001435907,65.58915900352014,2.44557030920779,128.10274375014572,-8.40261475676256,2.3408817315330106,275.3510209535768,270.1299987792969,264.908976605017,-6305700.0,111597485.38449389,1436974.8776801676
2019-11-07,276.5599975585937,278.04998779296875,276.5599975585937,277.04998779296875,250.01739501953125,3023800,268.7159991455078,271.2671287536644,271.9730917794364,2.16723124954558,1.4669755107213733,0.7002557388242066,275.30633407476745,69.92419601858084,3.384572145234877,158.1073638765761,-9.099189159169118,2.405818750709224,276.22233955755826,270.73199768066405,265.24165580376985,-3281900.0,110562466.83623897,964509.7269874066
2019-11-08,277.1600036621094,277.239990234375,276.04998779296875,277.07000732421875,250.03536987304688,1512000,268.9793994140625,271.81978385562195,272.5767117454892,2.3544324727232606,1.6444669031217507,0.7099655696015099,276.19780249844257,69.96045761377698,2.770771903408245,118.14360713726684,-8.917027657447473,2.318974728616155,277.1825802840743,271.17749786376953,265.1724154434648,-1769900.0,111642511.1507489,1027196.2902310342
2019-11-11,275.7900085449219,277.4100036621094,275.3900146484375,277.1600036621094,250.1165771484375,1729000,269.23999938964846,272.32837621814457,273.14647420247394,2.481448153475128,1.811863153192426,0.669585000282702,276.91572081668545,70.13477913499983,2.344819674591875,97.6448935019725,-8.098133955348175,2.297618606120135,277.9791389569141,271.6424987792969,265.3058586016797,-40900.0,112943538.52607182,1373422.568230629
2019-11-12,277.42999267578125,277.989990234375,276.6400146484375,277.2900085449219,250.23394775390625,1694000,269.55739929199217,272.8009126302186,273.6843322753906,2.5630540119127545,1.962101324936492,0.6009526869762625,277.49968870054124,70.40198122204382,2.370145657866926,97.92530269960503,-6.9151949350216295,2.2299298189642323,278.750799820189,271.9959991455078,265.24119847082665,1653100.0,112880811.96851689,1370245.5438056588
2019-11-13,276.3399963378906,278.3999938964844,276.1700134277344,278.04998779296875,250.9196929931641,2595600,269.8397991943359,273.3008245504805,274.26090262276784,2.658406758260355,2.101362411601265,0.5570443466590902,278.13609365235305,71.98019550228176,2.3220717543823395,92.59845196544136,-3.2498278602820507,2.229933436806073,279.57698191328484,272.39449920654295,265.21201649980105,4248700.0,114661628.2921429,1811001.4509850293
2019-11-14,277.8800048828125,278.32000732421875,277.0899963378906,278.2300109863281,251.08226013183597,1582600,270.05079956054686,273.7702708777041,274.81666564941406,2.7171789167407496,2.224525712629162,0.4926532041115874,278.66398830212273,72.35621660582264,2.865276429019273,93.75153446533972,-1.82189876523019,2.1585104046290766,280.33490213064067,272.78699951171876,265.23909689279685,5831300.0,116012639.78451358,2256541.48322317
2019-11-15,278.8699951171875,279.95001220703125,278.5,279.94000244140625,253.09298706054688,2363300,270.28319946289065,274.35786435996147,275.49790402367,2.868670052516677,2.3533545806066654,0.5153154719100117,279.4991005440211,75.69300423389609,2.4145775195507775,120.09581057020529,-0.09200148099944849,2.1271883200629373,281.17327527616635,273.40199890136716,265.630722526568,8194600.0,118343310.98458092,2975244.925230831
2019-11-18,279.760009765625,280.3599853515625,279.6099853515625,280.2699890136719,253.3912811279297,1790500,270.51259948730467,274.92092385079104,276.15199832008,2.9809920073649323,2.478882065958319,0.5021099414066135,280.2264957408254,76.28782949725353,2.0834097523313075,121.33131850249032,-0.7971347479389101,2.028817725772728,281.9410412725336,274.0049987792969,266.0689562860602,9985100.0,119704108.46993248,3431764.176370293
2019-11-19,280.8299865722656,280.8399963378906,278.8699951171875,279.3299865722656,252.54132080078125,1928300,270.7113989257812,275.3408345861696,276.6591400146484,2.960036170312037,2.5751128868290625,0.38492328348297455,280.5346289451505,70.96069824375046,1.6447687689048507,102.64336800205848,-12.829321793512216,2.0246165468391846,282.30553815393847,274.5804977416992,266.85545732945997,8056800.0,118676317.07216631,2979518.954695359
2019-11-20,278.6400146484375,278.8999938964844,276.7200012207031,278.20001220703125,251.5198516845703,2463600,270.84159912109374,275.61313721672786,277.0038556780134,2.819744768325279,2.6240392631283056,0.19570550519697338,280.45012337193276,65.07775083060223,1.2372724036014298,40.00879451108582,-28.852304829118125,2.0664286043194213,282.37671772555564,275.07849884033203,267.7802799551084,5593200.0,119557824.70158647,2804123.886580646
2019-11-21,278.3299865722656,278.4200134277344,277.1600036621094,277.7200012207031,251.0859375,1382100,270.94959899902346,275.8137909313922,277.25542733328683,2.6394045340322805,2.6271123173091007,0.012292216723179816,280.21481023330415,62.69975969103538,0.2418384613808596,23.02494325261091,-45.34873405368961,2.0088272586983913,282.17103586245753,275.5654983520508,268.95996084164403,4211100.0,119404243.15731211,2428584.150393635
2019-11-22,278.3800048828125,279.0299987792969,277.7900085449219,278.8599853515625,252.116455078125,1419300,271.0747985839844,276.10390468569415,277.569187999907,2.5589725485546637,2.6134843635582135,-0.054511815003549735,280.2795869355323,65.88777270653544,0.6460381780873067,54.79106134546396,-28.90524411813188,1.9589108515480598,282.1790227399085,276.02849731445315,269.8779718889978,5630400.0,120434346.45028317,2381934.01968123
2019-11-25,279.67999267578125,280.8099975585937,279.6400146484375,280.79998779296875,253.8704071044922,1811100,271.26739807128905,276.5511506959108,278.02361566452754,2.6215519849044995,2.6150978878274707,0.00645409707702882,280.8002919760452,70.50742512646131,1.3133150825387285,137.45727533016077,-0.5840658288076783,1.9582752340825693,282.52281461300043,276.5279968261719,270.53317903934334,7441500.0,122214456.78989409,2712709.163385898
2019-11-26,281.07000732421875,281.5799865722656,280.6099853515625,281.3599853515625,254.37680053710935,1300300,271.4633978271484,277.00913494883,278.48380504789804,2.6853783914493192,2.6291539885518405,0.056224402897478765,281.33691241413135,71.69886364965254,1.467769007616903,147.50468558730202,-3.5541553889160027,1.8876842331268946,282.80614451102656,277.0524963378906,271.29884816475465,8741800.0,122924927.4553023,2827475.191768959
2019-11-27,281.6099853515625,281.9100036621094,281.010009765625,281.9100036621094,254.8739776611328,1786300,271.6621978759766,277.4758843500947,278.94642479306174,2.7486583371169786,2.653054858264868,0.09560347885211051,281.88334768237456,72.85861951684706,1.3882452935098586,135.27254896597717,0.0,1.8171349233667147,283.141741299246,277.56099700927734,271.9802527193087,10528100.0,124711227.4553023,3185749.9132193923
2019-11-29,281.29998779296875,281.57000732421875,280.8399963378906,280.95001220703125,254.0060577392578,811900,271.8527978515625,277.8067536698029,279.2691881452288,2.690332385458703,2.660510363703635,0.029822021755067762,282.0455194055188,67.64796427390006,0.9776088535743122,95.37886689209216,-14.723820133210385,1.7637686662847172,282.80863823724263,278.0844970703125,273.3603559033824,9716200.0,124144041.26325347,2862234.8824136406
2019-12-02,281.45001220703125,281.489990234375,278.20001220703125,278.20001220703125,251.5198516845703,2544300,272.03179809570315,277.84420686382464,279.28018958682105,2.394603136889259,2.60732891834076,-0.21272578145150112,281.4292807249933,55.42060499093583,-0.6215582693435155,1.1943459404469199,-64.63410743907107,1.8727836206460768,282.5205782984825,278.3274978637695,274.1344174290565,7171900.0,121599741.26325347,1660134.6532282382
2019-12-03,275.42999267578125,275.6400146484375,273.6199951171875,275.510009765625,249.08770751953125,3834300,272.15479858398436,277.62190237828185,279.01185738699775,1.9210304181897868,2.4700692183105657,-0.5490388001207789,280.1949225495358,46.556019260992244,-1.698354955804661,-194.80498614618168,-77.20129432682856,2.066157439874482,282.4136221006598,278.37549896240233,274.3373758241449,3337600.0,124940503.73605984,2080414.9232518524
2019-12-04,277.0,277.760009765625,276.6099853515625,277.04998779296875,250.48013305664065,1928500,272.3363983154297,277.56743432253774,278.8856182280041,1.6509528268807117,2.3062459400245947,-0.655293113143883,279.55874168982837,51.353219222311864,-0.8162384594920729,-88.1796025962214,-58.62498021329152,2.0792890513120192,282.23784496973656,278.4874984741211,274.7371519785056,5266100.0,124487702.3349347,1919145.9585169852
2019-12-05,277.8599853515625,277.8599853515625,276.1499938964844,277.3599853515625,250.76040649414065,1453000,272.49199829101565,277.54767727768296,278.7782360258557,1.445268447174385,2.134050441454553,-0.6887819942801681,279.0998622650591,52.2817618697397,-0.30195068965116284,-82.97477674630967,-54.885568403111385,2.0529106515810267,282.0117128808698,278.6154983520508,275.21928382323176,6719100.0,125090990.48655963,1870659.7976863831
2019-12-06,279.45001220703125,280.94000244140625,279.3900146484375,280.70001220703125,253.77999877929688,2686400,272.7283984375,277.8478996519066,278.9767611549014,1.534090309696353,2.0140584151029133,-0.4799681054065603,279.57627890616794,60.93391192682034,1.0730271400077953,53.14453266652784,-14.595780553438843,2.161989682885507,282.23018856576266,278.7979995727539,275.36581057974513,9405500.0,126945500.36645725,2270835.893887982
2019-12-09,280.44000244140625,280.7200012207031,279.70001220703125,279.760009765625,252.9301300048828,1206100,272.963798828125,278.03000537702263,279.0683811732701,1.5112116276318375,1.9134890576086983,-0.4022774299768608,279.70925177465654,57.759752939469486,0.3227513667577036,41.274976450148706,-25.93476092134277,2.0804182065131047,282.2933718186071,278.93249969482423,275.57162757104135,8199400.0,125881290.23870091,1889492.3567854464
2019-12-10,279.69000244140625,280.1400146484375,278.6300048828125,279.4599914550781,252.65907287597656,1406900,273.1693988037109,278.1661945273136,279.11861848377043,1.4521318647441603,1.8212176190357907,-0.3690857542916304,279.7265508429844,56.74375885441646,-0.4772066937832604,14.781657917735707,-29.553795918968362,2.0396747464496685,282.31397471857315,279.04749908447263,275.7810234503721,6792500.0,126021013.49254085,1606173.5490302593
2019-12-11,279.1300048828125,279.8999938964844,278.6499938964844,279.7200012207031,252.8942108154297,1921700,273.453798828125,278.31417611716023,279.18266630626863,1.4100373097140277,1.7389815571714382,-0.32894424745741047,279.7951145120192,57.44242437984537,-0.5828775292301057,11.449022447089797,-26.417372545987995,1.9832694074175492,282.3444532761878,279.1689987182617,275.99354416033566,8714200.0,127389286.41246273,1779614.1886482686
2019-12-12,279.5199890136719,282.95001220703125,279.239990234375,281.95001220703125,254.9101409912109,3768600,273.8783990478516,278.66044622095745,279.4475247337705,1.538881058275365,1.6989614573922238,-0.1600803991168589,280.41741397641545,62.96713876074352,0.014191956440761247,90.03465792142158,-10.718093979576482,2.1066088763631705,282.71478788509177,279.36399993896487,276.01321199283797,12482800.0,129126308.14808829,2241472.803586662
2019-12-13,281.92999267578125,283.6099853515625,281.0,282.1099853515625,255.05484008789065,3065500,274.2803985595703,278.98897375720554,279.70904715401787,1.63505129949516,1.6861794258128113,-0.05112812631765129,280.95522187720167,63.33485358370699,0.4128752782101569,109.8728327754279,-15.015029692807747,2.1425643388774085,283.06914360402953,279.55799865722656,276.0468537104236,15548300.0,128668225.15384106,2080891.0293839872
2019-12-16,282.92999267578125,284.1099853515625,282.92999267578125,283.07000732421875,255.92271423339844,2117200,274.6285986328125,279.3776436207306,280.04352416992185,1.7683482407254587,1.702613188795341,0.06573505193011764,281.6293280995164,65.5458315603171,1.7505373484898845,133.83841849255134,-9.914003770335377,2.1323811718147363,283.54435857620854,279.71449890136716,275.8846392265258,17665500.0,127053467.27870528,1312239.9769957066
2019-12-17,283.19000244140625,284.0,282.9100036621094,283.3999938964844,256.22119140625,1697900,275.0017987060547,279.7607245993738,280.39452369326636,1.8789547646538836,1.7378815039670497,0.1410732606868339,282.2495013455329,66.29812086590778,2.8637740376733847,120.54773005548782,-6.768275653408429,2.057925112248728,284.0212662022338,279.8709991455078,275.72073208878186,19363400.0,126882094.27705342,823969.5025843829
2019-12-18,283.7900085449219,283.9100036621094,283.1499938964844,283.2099914550781,256.04937744140625,1592600,275.43439880371096,280.089226204679,280.71252296084447,1.9290428178229035,1.7761137667382205,0.15292905108468302,282.6884608986583,65.41249271738455,2.2234267942695465,107.95039797991306,-8.579549421649169,1.965216873204176,284.45195816208195,280.06499938964845,275.67804061721495,17770800.0,125540943.97188155,122586.52935378253
2019-12-19,283.6499938964844,284.5400085449219,283.57000732421875,284.4599914550781,257.1794738769531,1815100,275.85499877929686,280.50548956185986,281.1310936337426,2.0460173003020827,1.8300944734509932,0.21592282685108954,283.3511196590463,68.40291629490737,2.5598523501925285,113.24174879976545,-0.7327563319704744,1.9198454601070025,285.07066171968586,280.3779983520508,275.6853349844157,19585900.0,127056582.45229684,306761.5086776018
2019-12-20,284.760009765625,285.0599975585937,284.32000732421875,284.4599914550781,257.96484375,3637000,276.24399841308593,280.8821087897854,281.5198548816499,2.1143475381384746,1.8869450863884896,0.22740245174998508,283.87117355705755,68.40291629490737,1.3395009207458421,104.21661301545129,-5.2448074778716265,1.835570086840427,285.56127051261336,280.71499786376955,275.86872521492575,19585900.0,124795606.78420033,-365182.94041860104
2019-12-23,285.3399963378906,285.6600036621094,285.1499938964844,285.3299865722656,258.75372314453125,2564700,276.58739807128904,281.3057161976406,281.9593776157924,2.2131888160122344,1.9521938323132386,0.26099498369899576,284.49851385434494,70.46420258194524,1.990983919148056,112.8549275057475,-3.470207686185911,1.7901730954254857,286.1998116433063,281.0384979248047,275.87718420630307,22150600.0,124041174.92685232,-846917.3568942696
2019-12-24,285.6300048828125,285.6300048828125,284.8699951171875,285.010009765625,258.4636535644531,611600,276.93039855957034,281.65850606125815,282.3376168387277,2.2398818233207862,2.0097314305147482,0.230150392806038,284.9035761223526,68.68933087174635,1.9859795606696045,95.5944707320671,-6.834839421867378,1.7165900004397368,286.690057771002,281.2489990234375,275.80794027587297,21539000.0,123654921.92331874,-1089896.7232227772
2019-12-26,285.2300109863281,286.1000061035156,285.20001220703125,286.0599975585937,259.41571044921875,931600,277.2471984863281,282.077695727671,282.7958071754092,2.319029139331292,2.071590972278057,0.24743816705323463,285.4809515544853,71.2485561587463,2.266550947455566,105.44176619669315,-0.535589536599379,1.6718333102576575,287.31588585824807,281.48399963378904,275.65211340933,22470600.0,124503694.7828351,-820151.761127159
2019-12-27,286.8299865722656,286.8500061035156,285.8999938964844,286.3299865722656,259.6605224609375,1930200,277.57219848632815,282.4826758081086,283.25732974097843,2.376149047389333,2.1325025873003125,0.2436464600890207,285.99618551270055,71.8849150193566,1.5534577675486079,112.37484838904103,-6.3262707302313315,1.6202746600271998,287.90789781449985,281.7049987792969,275.5020997440939,24400800.0,124320781.51589003,-693441.974195376
2019-12-30,286.3399963378906,286.4100036621094,284.1199951171875,284.5299987792969,258.0282287597656,2552900,277.85519836425783,282.67765894822173,283.52637736002606,2.2502337206750553,2.156048813975261,0.09418490669979418,285.92255001215494,62.028051832237104,0.8578262214712392,58.94744359059494,-28.2239291932891,1.6681127946625336,288.1950928986327,281.88399810791014,275.5729033171876,21847900.0,122682025.13454166,-1099988.4577709138
2019-12-31,283.9100036621094,285.3099975585937,283.5599975585937,285.1000061035156,258.54522705078125,1341300,278.2043981933594,282.9083586772974,283.832663835798,2.1714090920397666,2.159120869588162,0.012288222451604547,285.98228165370733,63.724385577672216,0.7171366541040088,35.58914685803745,-21.341431644448416,1.673961880758067,288.4505739182983,282.2289978027344,276.0074216871705,23189200.0,123701426.23317456,-841949.0825985372
2020-01-02,286.44000244140625,288.6300048828125,286.1499938964844,288.6199951171875,261.7373046875,3865500,278.61259826660154,283.452324052525,284.44133024669827,2.365703345999691,2.200437364870468,0.16526598112922297,286.91815929487336,72.03316600316543,1.8419200187455897,173.9619940234005,-0.10660010660010766,1.8065359449394105,288.8952625364307,282.8844970703125,276.87373160419423,27054700.0,127535722.5415484,560156.6765089929
2020-01-03,285.3399963378906,287.1099853515625,285.17999267578125,286.32000732421875,259.651611328125,3296700,278.98259826660154,283.72543674506727,284.76852169945124,2.30749379685966,2.2218486512683064,0.08564514559135361,287.0607496120236,62.03484426835669,1.0981307026499896,81.04967011784923,-30.275177985761136,1.9232121232584705,288.89977391654395,283.347998046875,277.796222177206,23758000.0,128133634.51460429,1273066.7806153893
2020-01-06,284.2900085449219,287.0299987792969,284.1600036621094,286.9800109863281,260.25018310546875,1645100,279.35739868164063,284.0353961966159,285.1144276936849,2.288241663919848,2.235127253798615,0.0531144101212333,287.3206455492348,63.59635499766205,0.8858959456335219,63.24981919270584,-28.846040985312083,1.9908394799676867,288.8652490012894,283.8289993286133,278.7927496559372,25403100.0,129721427.85389228,1954185.451103717
2020-01-07,286.29998779296875,286.7900085449219,285.5799865722656,285.739990234375,259.1256408691406,1413000,279.71259826660156,284.1977384859263,285.29642682756696,2.1481622215585503,2.2177342473506023,-0.06957202579205202,287.18451956138296,58.71047628456055,0.4499749763576198,52.770477204113305,-50.52472083357786,1.948638403831602,288.9679259097548,284.0809982299805,279.19407055020616,23990100.0,128682115.57142065,1724481.4126894474
2020-01-08,285.32000732421875,288.6700134277344,285.0799865722656,287.3999938964844,260.6310119628906,3136700,280.06859802246095,284.5027151916937,285.6125216529483,2.146354834104045,2.203458364701291,-0.05710353059724582,287.47787946702266,62.827616367237525,0.7254783659741555,108.7919223993442,-23.00751879699248,2.0658804360913985,289.1285442166107,284.46299743652344,279.7974506564362,27126800.0,129599517.26305091,1765641.0795214772
2020-01-09,288.95001220703125,289.8399963378906,288.42999267578125,289.5599975585937,262.58984375,1783100,280.44359802246095,284.9843611313985,286.0979502360026,2.292786890094476,2.2213240697799277,0.0714628203145482,288.25377350347156,67.38488665911933,1.5964308750806078,220.87522223606004,-4.458580154824155,2.092603436471031,289.543704660097,284.9679977416992,280.39229082330144,28909900.0,130674440.62949884,1963987.3707751483
2020-01-10,289.9599914550781,290.0400085449219,287.8399963378906,288.239990234375,261.3926696777344,2989600,280.7909979248047,285.2944210459677,286.4095685686384,2.276084504792152,2.2322761567823726,0.04380834800977951,288.5208472049843,62.35388531343459,0.7620753318837524,145.78221388231066,-27.778013252518164,2.1002754915110464,289.4981518133359,285.3939971923828,281.28984257142974,25920300.0,128771945.28201653,1261245.3002004474
2020-01-13,288.7900085449219,289.0799865722656,288.1400146484375,289.0199890136719,262.1000366210937,1463300,281.1365979003906,285.64923704289185,286.75490112304686,2.2992824302708073,2.2456774114800595,0.05360501879074775,288.91505814928706,64.06136585942654,0.9394763271597931,116.61195644233536,-15.741015461271335,2.0173966652479804,289.8220016780627,285.7474960327148,281.67299038736695,27383600.0,130048443.04832283,1265259.6242264211
2020-01-14,288.8699951171875,290.489990234375,288.7200012207031,289.2200012207031,262.28143310546875,2198500,281.51139770507814,285.989309821731,287.0856159028553,2.3072101840668893,2.2579839659974255,0.04922621806946381,289.26292334018194,64.50593428510017,1.6483332026596509,123.99998432476325,-18.325979161712358,1.9997246901354016,290.08563849501417,286.1029968261719,282.1203551573296,29582100.0,129092041.15346257,847568.5516700149
2020-01-15,289.010009765625,291.239990234375,288.95001220703125,290.3500061035156,263.3061828613281,2195100,281.85159790039063,286.40461422952006,287.49009297688804,2.377271233287388,2.281841419455418,0.09542981383197002,289.81386813408477,66.9903617070151,1.8414590977222927,127.66108130771894,-11.5883460887394,2.0204570713645693,290.6020981347177,286.46699676513674,282.33189539555576,31777200.0,129580920.27070984,755195.6909601688
2020-01-16,291.6300048828125,292.9700012207031,291.4700012207031,292.92999267578125,265.6459655761719,2522000,282.21919799804687,287.0260788434497,288.1056163969494,2.6108818533042495,2.3476495062251845,0.26323234707906495,290.9065175279047,71.83729211838524,1.4933121860956913,175.156161969492,-0.4251703438009735,2.0632812174947786,291.70412864516925,286.94349670410156,282.1828647630339,34299200.0,131968384.87031922,1408400.4668218493
2020-01-17,293.5199890136719,293.6099853515625,292.7900085449219,293.2699890136719,266.07958984375,2147400,282.5883978271484,287.6207369548994,288.70813947405134,2.7912786924847524,2.4363753434770983,0.3549033490076541,291.85904109116206,72.41218223769641,2.4273475522732886,160.11997855339334,-3.3830522473718205,1.9744737595766249,292.6299963330912,287.4464965820313,282.26299683097136,36446600.0,132334982.94989046,1664229.039826855
2020-01-21,292.44000244140625,293.2799987792969,291.3699951171875,291.8299865722656,264.773193359375,4476900,282.9289978027344,288.02161787083907,289.12561471121654,2.785933813981444,2.506287037577968,0.27964677640347624,292.23171917536695,66.24434484217666,1.6900046694083357,110.78928685224815,-17.711452152630493,1.9698687526146783,293.14272152911417,287.81499633789065,282.4872711466671,31969700.0,130014451.32351439,879241.6622249782
2020-01-22,292.5,293.07000732421875,291.5799865722656,291.8099975585937,264.7549743652344,2077000,283.22419799804686,288.38241593633956,289.50609101795015,2.7484031324225953,2.554710256546893,0.19369287587570216,292.4967097147849,66.16010253168271,2.1243114480545193,95.59897494239983,-19.047526779630964,1.9355938954245673,293.5476830530549,288.18249664306643,282.81731023307793,29892700.0,128578694.4981174,21347.684922918677
2020-01-23,290.75,291.8599853515625,289.6000061035156,291.5400085449219,264.51007080078125,1872600,283.51359802246094,288.6831390419188,289.8258540562221,2.6661403337297997,2.5769962719834747,0.08914406174632505,292.60924611950077,64.95851080067054,1.4405061713148988,49.62131323478032,-21.9045589151868,1.958764277754732,293.88064991851365,288.49299774169924,283.10534556488483,28020100.0,129921034.25910586,95558.46498449147
2020-01-24,292.5400085449219,292.7699890136719,288.3399963378906,289.79998779296875,262.9313049316406,3612500,283.76639770507813,288.7895055896378,289.9503292992001,2.4325009832165847,2.548097214230097,-0.11559623101351235,292.2169203014968,57.686894713264415,0.08288100441998858,18.933182263875143,-40.317512602653906,2.1352805918994835,293.9009355402419,288.7324966430664,283.56405774589086,24407600.0,128689675.50130424,-274565.68110759556
2020-01-27,284.8500061035156,286.6499938964844,283.8599853515625,285.3599853515625,258.90301513671875,4129100,283.92779724121095,288.462884614583,289.62913774762836,1.867541172152869,2.4119860058146516,-0.5444448336617826,290.71395875644623,44.11609575038789,-0.999169088394257,-153.69383756669396,-84.61538461538461,2.407046438292824,293.9467032751372,288.69749603271487,283.4482887902925,20278500.0,129000454.3764232,-302135.40050673485
2020-01-28,286.2200012207031,288.19000244140625,285.75,287.2900085449219,260.6540222167969,2999200,284.11259765625,288.35118213175815,289.4950913202195,1.5575882852095901,2.241106461693639,-0.683518176484049,289.9611297763578,49.65988211696074,-0.5985677581172991,-98.05717337547152,-64.82027493990384,2.4372586276893187,293.92431400864837,288.74549713134763,283.5666802540469,23277700.0,129787147.00468445,-35635.77667719126
2020-01-29,288.989990234375,289.2799987792969,287.2099914550781,287.2900085449219,260.6540222167969,2126300,284.2937976074219,288.2501179806309,289.3564733596075,1.2969974104225912,2.0522846514394297,-0.7552872410168385,289.3293490303377,49.659882116960745,-0.6673095455485034,-72.07606709713662,-64.82027493990384,2.411026391727135,293.7428773993298,288.8834976196289,284.02411783992795,23277700.0,127825233.22317185,-547618.881348446
2020-01-30,285.6700134277344,288.7699890136719,284.8500061035156,288.5400085449219,261.7881774902344,3433200,284.4657977294922,288.27772660580143,289.3237601143973,1.1777652730775685,1.8773807757670578,-0.6996155026894892,289.12576776273806,53.15079359802808,-0.6233847151869697,-81.07515807807246,-51.99976211939102,2.5188090001863577,293.6003707887475,289.05549774169924,284.51062469465097,26710900.0,130855590.16828668,256921.50212697685
2020-01-31,286.9599914550781,287.2300109863281,281.6099853515625,282.4200134277344,256.23565673828125,4885700,284.50879821777346,287.7198491602712,288.6918092273531,0.5827232156888158,1.6184492637514096,-1.0357260480625938,287.364325687063,38.92014237643643,-3.5878808967436315,-163.51773002294462,-93.24976603190103,2.8338957282701447,294.13432702648026,288.74549865722656,283.35667028797286,21825200.0,127378266.01172462,-543726.1637325436
2020-02-03,283.69000244140625,286.260009765625,283.5,283.9800109863281,257.6509094238281,3157400,284.6017987060547,287.3636740960862,288.23795325869605,0.23432570285677912,1.3416245515724836,-1.1072988487157045,286.32567835372316,43.10200274469534,-3.167722022491249,-113.84662530787838,-80.24978637695312,2.9057600575287506,294.31621264041536,288.62849884033204,282.9407850402487,24982600.0,125319113.34918593,-1477019.1320526153
2020-02-04,287.67999267578125,289.0,287.4200134277344,288.0400085449219,261.3345642089844,3004100,284.7985986328125,287.4280869007372,288.1819065638951,0.28256875926814473,1.1298133931116159,-0.8472446338434712,286.53497011910196,52.262476484500176,-1.2986938291912784,-20.542413418259475,-46.416473388671875,3.056776411538974,294.32637374327464,288.6814987182617,283.03662369324877,27986700.0,124672662.91942525,-1930235.1074662507
2020-02-05,290.760009765625,293.0400085449219,289.95001220703125,292.8599853515625,265.70758056640625,3305900,285.10139831542966,287.94541056272055,288.5798576718285,0.7016454432054502,1.0441798031303828,-0.34253435992493264,287.9650686339165,60.41131777237422,0.3598189924106269,68.04289158554185,-6.25,3.1955780964290477,294.792420404096,289.0374984741211,283.2825765441462,31292600.0,127593359.4370593,-1010853.1956640631
2020-02-06,294.0199890136719,294.1400146484375,292.45001220703125,293.739990234375,266.50604248046875,2857200,285.39899841308596,288.4972752933543,289.0277140299479,1.09218573673445,1.0537809898511963,0.03840474688325379,289.36805037343225,61.696885265059564,0.7546071293724824,99.512133114955,-3.192525768174115,3.088036978213134,295.4045869174042,289.3544982910156,283.30440966462703,34149800.0,129097958.12968092,-64110.72085045278
2020-02-07,292.760009765625,292.8099975585937,290.6600036621094,291.19000244140625,264.1924133300781,3839300,285.6067987060547,288.75372549793065,289.20252394903275,1.182300208445099,1.079484833569977,0.10281537487512216,289.8517703282276,56.02006495832182,0.4796462066901526,60.79816087276664,-23.543537984919038,3.087461949216883,295.5386514283988,289.4359985351563,283.33334564191375,30310500.0,127151523.32960705,-290298.8974638134
2020-02-10,290.20001220703125,292.9599914550781,290.1600036621094,292.95001220703125,265.7891540527344,2877700,285.8385992431641,289.15337185117835,289.53719191778276,1.379828847545241,1.1395536363650298,0.2402752111802111,290.6963744621372,58.83538411014797,2.6598076973258404,72.71888706613969,-9.497203982619872,3.066928080913445,295.93281742732813,289.67149963378904,283.41018184024995,33188200.0,130008710.89581959,552665.5193041712
2020-02-11,294.3500061035156,294.4200134277344,292.2799987792969,292.94000244140625,265.7801513671875,1994500,286.05919921875,289.51400333596195,289.8484778994606,1.518064707729934,1.2152558506380107,0.3028088570919234,291.37445041351,58.81232540493693,1.9666517207127021,97.20818641767598,-11.55353428991397,3.0007199785937346,296.27859727543046,289.8675003051758,283.4564033349211,31193700.0,129244461.63736314,604102.0603545457
2020-02-12,294.6300048828125,295.8699951171875,294.5299987792969,295.7200012207031,268.3023681640625,2804400,286.35459899902344,290.1050507535563,290.4058589390346,1.830835558271815,1.3383717921647715,0.49246376610704345,292.6366447006884,63.13378320689243,2.934314603726673,126.94533089310603,-1.0518498861476822,2.9956680283928425,297.0806180990567,290.19250030517577,283.3043825112948,33998100.0,131421034.72260761,1262771.8942388892
2020-02-13,294.3900146484375,295.8399963378906,293.9200134277344,294.82000732421875,267.48583984375,2638000,286.6869989013672,290.55409423647654,290.84657389322916,1.9832253376574158,1.4673425012633006,0.5158828363941153,293.4183286726051,60.9058525341552,2.1764741780407766,98.73119286564251,-7.36316321114897,2.918833377090229,297.59403354112766,290.41600036621094,283.2379671912942,31360100.0,131256164.96388936,1364971.7308504134
2020-02-14,294.9700012207031,295.1300048828125,293.3999938964844,294.5400085449219,267.2318420410156,1861700,287.0675988769531,290.93370512299515,291.23933657691595,2.057682095948337,1.5854104202003079,0.4722716757480292,293.9632936585999,60.19415503839381,4.29147884035802,78.35193454952699,-9.326687667996369,2.833917492035793,297.8201406902781,290.49650115966796,283.1728616290578,29498400.0,131848050.85180412,1471019.7437234223
2020-02-18,293.1499938964844,293.8800048828125,291.760009765625,292.95001220703125,265.7891540527344,2397800,287.3855993652344,291.12573436909383,291.4730042957124,1.9657304796670587,1.6614744320936583,0.3042560475734004,293.9726418224696,56.17958009802623,3.1586734536519807,42.85496679530759,-20.47672447739218,2.830066155411585,297.7811987545668,290.4805023193359,283.17980588410506,27100600.0,132142132.3857478,1474245.3512696177
2020-02-19,293.7699890136719,294.7200012207031,293.3900146484375,294.1000061035156,266.8326416015625,1474400,287.72039978027345,291.40899834380065,291.81771894182475,1.9630245329591958,1.7217844522667658,0.24124008069242997,294.2543185060104,58.34355180812463,2.1038735518745306,62.09761384222283,-12.412256672773037,2.754346359573034,298.04414279335936,290.59400329589846,283.14386379843756,28575000.0,132241900.76187502,1373287.096645385
2020-02-20,293.5599975585937,294.2900085449219,290.1700134277344,292.7799987792969,265.635009765625,3493900,287.9619995117188,291.5395698138479,292.02590898786275,1.833234109726618,1.7440743837587362,0.0891597259678818,294.1190474244427,54.98694752426465,-0.02731222299612064,20.23273940822599,-21.668963687103016,2.851892699402639,298.13617777935497,290.6425033569336,283.14882893451227,25081100.0,133174718.54208894,1503947.3683085144
2020-02-21,290.79998779296875,291.04998779296875,288.75,289.739990234375,263.600830078125,3271800,288.16159912109373,291.36818128246955,291.9399553571429,1.468147095237498,1.6888889260544886,-0.22074183081699061,293.19751159874016,48.12065976823654,-1.361748530327247,-72.44434064648155,-49.55543494350422,2.936043133680798,298.0441350114709,290.55250244140626,283.0608698713416,21809300.0,132719498.75067106,1275834.14869152
2020-02-24,280.3299865722656,282.7799987792969,278.9700012207031,279.5599975585937,254.33921813964844,6595200,288.1635992431641,290.24359235638616,290.89305013020834,0.3533000516838456,1.4217711511803601,-1.0684710994965145,289.7847921540982,33.179375212123986,-3.9939574797568014,-310.1951937175545,-96.50889614810274,3.495610696537304,298.9359940136784,290.0405029296875,281.14501184569656,15214100.0,128166895.2551644,-382025.4759667665
2020-02-25,280.79998779296875,281.3599853515625,269.8800048828125,270.70001220703125,246.2785186767578,9903700,287.98319946289064,288.38229900882857,289.0510986328125,-1.2309612788795334,0.8912246651683815,-2.122185944047915,284.6881027614112,25.700074860961774,-7.595152439958139,-279.74397045010227,-96.8449109952562,4.065922823123925,301.44875959545703,289.30750427246096,277.1662489494649,5310400.0,119678024.58505253,-3726515.4923655987
2020-02-26,271.989990234375,275.3099975585937,268.8299865722656,269.739990234375,245.40501403808597,7477600,287.7389990234375,286.60684103030917,287.1875258672805,-2.5347465666965263,0.20603041879539996,-2.740776985491926,280.28521744946727,25.041380581936085,-7.919714621997284,-199.27821426135378,-96.63460290481206,4.238357691924222,303.26555230920314,288.4300033569336,273.594454404664,-2167200.0,114300619.59958129,-6466934.313327253
2020-02-27,264.8599853515625,267.7300109863281,257.3900146484375,257.5,234.26931762695312,11188900,287.2467993164062,283.8347609321845,284.24181126185823,-4.503754243179117,-0.7359265135995033,-3.767827729579613,273.5491577886972,18.522936741868783,-12.924388293972243,-198.842445268747,-99.71417513672644,4.817758970068027,306.9977253326481,286.9405029296875,266.88328052672694,-13356100.0,103349749.6839031,-10484479.321133971
2020-02-28,250.5200042724609,255.1199951171875,247.0,254.55999755859372,231.5944976806641,17541400,286.6765991210938,281.0466882299378,281.15795360746836,-6.2296293497870465,-1.8346670808370122,-4.394962268950034,267.34306324426785,17.354389428450904,-13.655792946694552,-181.9147811904306,-84.53039019041178,5.223633329348883,309.7350423660564,285.2415023803711,260.7479623946858,-30897500.0,118471655.32890666,-6363370.5444506705
2020-03-02,256.7099914550781,267.25,254.05999755859372,267.0299987792969,242.93951416015625,8544500,286.34919921875,279.71176542511483,279.42352469308037,-6.516059841919059,-2.770945633053422,-3.7451142088656373,265.5985163448222,35.84232976699883,-9.339990822139635,-99.1478848387239,-59.01370824517975,5.79265969449584,310.2072807065099,284.47200164794924,258.7367225893886,-22353000.0,126731121.1996639,-1470962.3092528582
2020-03-03,267.79998779296875,271.0199890136719,257.17999267578125,259.29998779296875,235.9069366455078,11482600,285.8709991455078,277.7677866030057,277.02619004022506,-7.282853156978376,-3.673327137838413,-3.609526019139963,262.2825852742815,31.185225831980077,-11.486609664409785,-84.83010632291267,-74.83120723979188,6.367469454738325,311.21819344892015,283.2380004882813,255.2578075276424,-33835600.0,118766304.77970311,-1870058.5003637522
2020-03-04,265.45001220703125,271.1099853515625,262.9599914550781,270.8900146484375,246.45135498046875,5408100,285.599599609375,277.1127607025706,275.85019138881137,-6.876061125811077,-4.313873935432946,-2.562187190378131,262.698759076484,43.118957333201614,-7.8918704431814275,-47.92551786206815,-51.08514242474798,6.75622146215657,310.7676927960676,282.38050079345703,253.99330879084644,-28427500.0,123882472.3992179,-235448.29048496485
2020-03-05,264.2699890136719,266.5299987792969,259.5599975585937,261.4599914550781,237.87203979492188,5872900,285.139599609375,275.62202077423797,273.8577619280134,-7.231242311964365,-4.89734761073923,-2.3338947012251356,260.7189612201194,37.43119696860557,-10.697454557962605,-67.60214878866884,-69.95638897131742,7.082921149848515,310.1625486677686,280.8105010986328,251.458453529497,-34300400.0,121211429.55858795,-395216.9911454469
2020-03-06,253.6699981689453,260.1000061035156,252.42999267578125,258.8500061035156,235.49757385253903,7372400,284.61,274.024686043693,271.7662862141927,-7.6353148099360055,-5.444941050578585,-2.1903737593574206,258.5443071227693,36.01517948453512,-10.661277411472268,-85.90942206141351,-75.16763243841966,7.221998123380541,309.2717615547461,279.06600189208984,248.8602422294336,-41672800.0,126180835.0692492,1156526.3838988692
2020-03-09,241.5,247.07000732421875,237.1699981689453,238.72000122070312,217.18353271484372,10406900,283.68419982910154,270.66233510817017,267.9238099597749,-9.470696047603269,-6.250092049983523,-3.2206039976197465,251.67038745419228,27.404351347301137,-14.608669585973512,-152.26181285746173,-97.30668467495333,8.254713109894096,310.80845275181764,276.4425018310547,242.07655091029176,-52079700.0,119032664.73431139,-588226.104144901
2020-03-10,247.2899932861328,250.5399932861328,237.08999633789065,250.47000122070312,227.87355041503903,9407100,282.97239990234374,268.73925569031616,265.45023847307476,-9.863422703352796,-6.972758180657378,-2.8906645226954186,249.23567197253283,36.8894143109235,-7.473221305529983,-113.33128061364067,-76.60838806400157,8.625804812633243,309.5802035546384,274.3185012817383,239.05679900883817,-42672600.0,128341858.04165752,1713502.6670968533
2020-03-11,243.5399932861328,244.91000366210935,233.6000061035156,235.83999633789065,214.56341552734372,7687200,281.96260009765626,265.6059928948471,261.7856189546131,-11.225776766704541,-7.8233618978668105,-3.402414868837731,243.60920584593327,31.39004534005224,-12.567655936751871,-145.80018507431086,-96.10097310999443,9.214675548672835,309.3785447938558,271.4635009765625,233.54845715926922,-50359800.0,123699619.42922284,1022270.0907304585
2020-03-12,220.5,229.0,211.8300018310547,212.1100006103516,192.97422790527344,17322600,280.51420013427736,260.5111364867999,256.1329046340216,-14.058210216066357,-9.07033156150672,-4.987878654559637,233.02243473010913,24.9047334236249,-17.627184228989673,-205.48498470156537,-99.60535758796274,10.271484045684486,311.4931385388211,267.2830009460449,223.07286335326876,-67682400.0,106941994.07936823,-4685412.21916683
2020-03-13,225.6499938964844,232.47999572753903,213.2899932861328,232.1100006103516,211.1699066162109,13676000,279.45440002441404,257.80626640332866,252.78309507824125,-14.521704112676701,-10.160606071740716,-4.361098040935985,229.75103099741153,36.7631378229737,-8.819137792093462,-130.43054306935548,-70.83272891425993,10.992806265077556,308.99146857729545,264.1475006103516,219.30353264340775,-54006400.0,120090630.60058747,-2410769.523812607
2020-03-16,206.5,218.30999755859372,201.50999450683597,202.4900054931641,184.22216796875,12407000,277.7318002319336,252.5380510785511,246.91095268612816,-17.082199464239068,-11.544924750240387,-5.537274713998681,219.62289469233522,29.36689182644065,-24.16956655850333,-168.6532227230182,-98.67207188915586,12.393320539251704,309.5633757364211,259.54500045776365,209.5266251791062,-66413400.0,109131129.89804752,-4748186.869811073
2020-03-17,207.00999450683597,214.47000122070312,199.3500061035156,213.47000122070312,194.21148681640625,16128100,276.2748001098633,248.8172844254227,242.52285752069383,-18.017719531052762,-12.839483706402863,-5.178235824649899,214.43522998879604,34.618088230169874,-17.674503945159216,-131.36624477863765,-80.323301002666,12.588083009104263,306.95260452525565,255.57099990844728,204.18939529163887,-50285300.0,123125882.64826345,-819873.8299407363
2020-03-18,199.07000732421875,205.44000244140625,189.6699981689453,199.38999938964844,181.4017639160156,13369800,274.5229998779297,244.10992394582516,237.17228604271298,-19.66853774050884,-14.20529451322406,-5.46324322728478,206.81806810469234,31.394842092591443,-26.39448166872528,-137.96243106420224,-88.06482962858595,13.388934440722375,304.54521507622076,250.83549957275392,197.12578406928708,-63655100.0,126237304.85661699,1851695.2826587707
2020-03-19,198.3699951171875,204.97999572753903,192.32000732421875,201.30999755859372,183.14854431152344,13532100,272.83440002441404,240.03374048037455,232.45557156517393,-20.584608703209454,-15.481157351221139,-5.103451351988316,201.38030629199642,32.320247302491445,-23.005429458532998,-108.2327073573608,-85.70726765520305,13.336866866622225,300.4814867413447,246.26199951171876,192.0425122820928,-50123000.0,131923776.46584213,4585605.860506684
2020-03-20,203.2899932861328,205.2899932861328,191.0,191.8999938964844,175.1111602783203,12206000,270.92440002441407,235.44957413905166,227.27823769705637,-21.81840124585588,-16.74860613014809,-5.069795115707791,194.8054868804873,30.172144728774438,-25.86440433779921,-100.43106380790087,-97.26179263444791,13.404947325158696,296.66018455665903,241.36999969482423,186.07981483298943,-62329000.0,121255261.51296933,1892623.0791206956
2020-03-23,190.1300048828125,191.1999969482422,182.1000061035156,186.1300048828125,169.84593200683594,15712300,268.8558001708984,230.75247230512412,222.0172858101981,-22.996689099494517,-17.998222724017378,-4.99846637547714,188.25786644190487,28.903610154955675,-22.02999165087543,-111.47025327523474,-95.47241914519901,13.147450215716562,294.0422802358821,236.69850006103516,179.35471988618818,-78041300.0,119459579.87014945,47538.4113727808
2020-03-24,196.2700042724609,207.2100067138672,196.2100067138672,206.63999938964844,188.5615997314453,14123600,267.2238003540039,228.45604631317406,219.15457146054223,-22.021653649811412,-18.802908909176185,-3.218744740635227,188.56453563677138,38.75977864527646,-17.499102334588013,-54.74424946265141,-70.93450738487138,13.71406104538357,290.0353473081735,233.49549942016603,176.95565153215853,-63917700.0,132119442.51663382,3316547.4883233905
2020-03-25,210.57000732421875,220.1699981689453,205.32000732421875,212.05999755859372,193.5073699951172,17556100,265.68460052490235,226.8945178603569,217.11309509277345,-20.57441344470439,-19.157209816281828,-1.4172036284225626,190.5643254315581,41.08417823109892,-10.083106830288045,-17.059996649861688,-61.589754544771644,13.795198888193784,285.3166010913145,230.61149978637695,175.90639848143937,-46361600.0,130499775.58126839,3837016.495975703
2020-03-26,214.42999267578125,225.8699951171875,214.00999450683597,225.07000732421875,205.379150390625,16071900,264.40160064697267,226.72075495215327,216.58533390590122,-18.168234004189458,-18.959414653863355,0.7911806496738976,195.89242281768418,46.34824220980055,6.110040392520123,32.264033473830025,-37.21506535930953,13.796255936079499,282.31611386367695,228.9900001525879,175.66388644149882,-30289700.0,144403492.92559597,8125026.018121719
2020-03-27,217.6100006103516,223.25999450683597,214.57000732421875,216.3500061035156,197.422119140625,10545600,262.92160064697265,225.73306458561635,215.38152494884673,-16.771617913082082,-18.5218553057071,1.7502373926250172,198.27048536712437,43.54020234598827,-6.789881722198028,26.853691863995554,-49.95615661263739,13.56080908350239,279.3314221282471,227.079500579834,174.8275790314209,-40835300.0,138178073.08984324,7159757.600521803
2020-03-30,217.3600006103516,223.72000122070312,215.1000061035156,223.1000061035156,203.58154296875,7691800,261.52500091552736,225.48229711113058,215.00252547491164,-14.947811939558335,-17.80704663247735,2.8592346929190136,202.208870463097,46.25465794819795,10.178280434214955,57.93950962708475,-34.72376756303453,13.207893800194187,273.8209583709,224.88300094604492,175.94504352118983,-33143500.0,144763404.146984,8209320.62054649
2020-03-31,221.9499969482422,224.75,218.44000244140625,219.22999572753903,200.05014038085935,8426600,260.0442010498047,224.88683983650282,214.46414402553015,-13.657277466766487,-16.97709279933518,3.319815332568691,204.63809430499813,44.92117468300223,2.698268831169746,74.80049443743034,-26.300124511502098,12.715186925794155,269.2298317747296,222.87950134277344,176.5291709108173,-41570100.0,138446775.6210174,5882549.086790249
2020-04-01,210.6499938964844,214.77999877929688,207.7700042724609,209.3800048828125,191.06182861328125,8570300,258.39520141601565,223.40999841234182,213.17847769601005,-13.276290725363424,-16.23693238454083,2.960641659177405,204.2506531872132,41.6314327242007,5.01028412846402,9.52772581306341,-45.85151965515972,12.625530106457296,260.8644894231597,219.8040008544922,178.74351228582466,-50140400.0,133813194.32099369,2921589.492356047
2020-04-02,208.30999755859372,214.7899932861328,207.17999267578125,213.9600067138672,195.24114990234372,8231900,256.8382015991211,222.5099992029633,212.62190682547433,-12.461143807822623,-15.481774669197188,3.020630861374565,205.28305987492948,43.696162559320776,6.283845466538008,29.022470627563806,-27.210398429846837,12.2672779995926,253.80464427723126,217.42900161743165,181.05335895763204,-41908500.0,140249465.95929825,3492593.407515675
2020-04-03,212.72999572753903,214.5500030517578,208.69000244140625,210.6000061035156,192.17518615722656,6664500,255.21940155029296,221.37571414587302,211.97152630033946,-11.948522837836379,-14.775124302925025,2.826601465088647,205.405575434497,42.508166603485826,9.74466534747179,21.145601984928255,-34.88689249819596,11.809615328932525,246.09855218254097,215.01650161743163,183.9344510523223,-48573000.0,137929408.9901204,2670477.481932044
2020-04-06,218.9499969482422,227.91000366210935,218.1199951171875,226.52999877929688,206.7114715576172,10322500,253.95400177001954,221.8665983966753,213.06804983956474,-10.139962572823748,-13.84809195690477,3.7081293840810226,209.7731295703058,49.516036225538365,21.70525591611101,104.64470227232871,-3.0124535174824274,12.202499773908327,244.05069982110328,214.40700149536133,184.76330316961938,-38250500.0,145341778.65929022,4449867.908753514
2020-04-07,235.4600067138672,236.16000366210935,226.4499969482422,226.6000061035156,206.77532958984372,10857700,252.7788021850586,222.31739913066008,214.22928837367468,-8.60185964334255,-12.798845494192328,4.196985850849778,213.48026099032688,49.54514308974282,9.659314156418377,129.51116263887124,-17.684051036502545,12.024464555333958,238.5645760006757,213.21350173950196,187.86242747832824,-27392800.0,134819558.22242707,1425287.6799282432
2020-04-08,229.13999938964844,235.25,226.83999633789065,234.3300018310547,213.8290557861328,7010200,251.71960205078125,223.46145653069766,216.2403836204892,-6.682128519263387,-11.57550209920654,4.8933735799431535,218.60365948857753,52.78232448167817,10.501746924856773,123.75162704055154,-3.3851311759146574,11.783430936844704,238.22672117282914,213.13800201416015,188.04928285549116,-20382600.0,140296020.20683083,1800898.4286347032
2020-04-09,237.83999633789065,240.19000244140625,235.1100006103516,237.13999938964844,216.39317321777344,9393200,250.7166018676758,224.76417489821677,218.52628813244047,-4.877756710604018,-10.235953021486036,5.358196310882018,223.57991491076967,53.93925268527906,5.362772325342565,141.14665909238687,-5.250478987839724,11.360328770666623,241.55909228605037,214.389501953125,187.21991162019964,-10989400.0,138409976.76615536,1190734.6011965573
2020-04-13,236.41000366210935,236.69000244140625,230.9600067138672,233.9600067138672,213.49139404296875,6761900,249.62500183105467,225.6399684044692,220.39014572870164,-3.6621627524789915,-8.921194967684627,5.259032215205636,226.85009463037767,52.3752665043314,8.139588682020118,111.12652404326177,-14.165521447829544,10.990304763889096,241.90371136657944,214.48200225830078,187.06029315002212,-17751300.0,138728605.60582078,934255.4297566414
2020-04-14,238.6999969482422,240.47000122070312,236.8800048828125,239.67999267578125,218.7110137939453,5391900,248.77020141601562,226.97711357316558,222.78995433989024,-2.2117450988382927,-7.579304993915361,5.367559895077068,231.00683239502126,54.90795316114289,7.431638780221614,128.6274687994541,-2.24753536870711,10.670282602671012,245.261137263226,216.34150161743165,187.4218659716373,-12359400.0,141747440.7486755,1704938.2750980258
2020-04-15,234.47999572753903,236.5800018310547,232.38999938964844,235.0800018310547,214.5134735107422,6828000,247.79220123291014,227.74881721677409,224.57457340785436,-1.4171237555499943,-6.346868746242288,4.929744990692294,233.19084898464604,52.490402974069994,7.229852854266429,79.34490356102633,-16.19104237349509,10.428833365775427,247.4262110154232,217.42200164794923,187.41779228047525,-19187400.0,143686660.7810139,2482247.788018286
2020-04-16,235.6999969482422,236.05999755859372,232.17999267578125,235.33999633789065,214.75071716308597,6126400,246.73820098876953,228.47178665688043,226.2810490926107,-0.7576673150431645,-5.229028460002464,4.4713611449593,235.00307826655705,52.61738759706221,12.398505516134481,66.9249989031736,-15.4100437549903,9.961059902706644,248.99379985173758,219.21950149536133,189.44520313898508,-13061000.0,147539344.32356554,3800433.0079322457
2020-04-17,241.6000061035156,242.66000366210935,238.25,242.42999267578125,221.34271240234372,5924500,245.72960113525392,229.80113961106144,228.49157206217447,0.33321897515767773,-4.116578972970435,4.449797948128113,238.27216352430636,56.06594602364614,13.30621848408685,100.43104217999475,-0.6482833007484978,9.772413289957504,251.49462791870044,221.2755012512207,191.05637458374096,-7136500.0,152845840.26147863,5682627.213784665
2020-04-20,238.2400054931641,241.1100006103516,236.25999450683597,236.63999938964844,216.0562896728516,7357400,244.58760131835936,230.4524595899745,229.9548575991676,0.7222247925163003,-3.1488182198730885,3.871043012389389,239.38055746464883,52.693154351824305,12.364668818353918,69.3066064945101,-16.96731231222184,9.515097924170917,251.22185752289587,223.51250152587892,195.80314552886196,-14493900.0,146641365.78987244,3961862.310323715
2020-04-21,231.3300018310547,233.33999633789065,229.41000366210935,230.22000122070312,210.19476318359372,6571400,243.3682012939453,230.43032069766295,230.59366709391276,0.5066343420122905,-2.4177277074960126,2.924362049508303,238.5471095601951,49.161660662965154,1.6289244079329808,13.694448734968404,-35.06200278855569,9.351876338697215,247.577400043989,225.71700134277344,203.85660264155788,-21065300.0,142778784.04764944,1668740.4490802288
2020-04-22,234.3999938964844,236.2700042724609,233.38999938964844,234.7700042724609,214.3490447998047,4318000,242.2046011352539,230.84362389526274,231.4558578491211,0.6949140405666014,-1.79519935788349,2.4901133984500916,238.9711723985916,51.63561334434431,3.6054712925352206,38.15791028800459,-22.237871889861527,9.11602824677297,247.45989830152692,227.12350158691407,206.78710487230123,-16747300.0,142598875.00683215,521697.67930418253
2020-04-23,235.50999450683597,238.9199981689453,234.8300018310547,235.07000732421875,214.6228790283203,6364800,241.04720123291017,231.24613660278237,232.2126679193406,0.8584392439551891,-1.2644716375157543,2.1229108814709434,239.32579119536788,51.802156316133484,0.31579630750721605,46.9864026576237,-22.343232455537432,8.761311507466644,247.6523917349254,228.2740020751953,208.89561241546522,-10382500.0,136981061.96559235,-1782460.1195717752
2020-04-24,236.6100006103516,238.3300018310547,234.1999969482422,237.8300018310547,217.14280700683597,3568500,239.8894012451172,231.87317138642737,233.12276313418434,1.1969449993610226,-0.772188310140399,1.9691333095014216,240.2619505608549,53.39226161008943,0.2909683913225015,47.992164285714956,-19.682152197351822,8.430503891419919,248.66305546863614,228.9120018005371,209.16094813243805,-6814000.0,139685519.40359667,-1702519.114331305
2020-04-27,239.1199951171875,242.19000244140625,238.4499969482422,241.32000732421875,220.3292388916016,3632500,238.81940124511718,232.7728700471694,234.30447794596355,1.7269206590412125,-0.27236651630407677,1.9992871753452892,241.8625352209608,55.396148535796854,3.1458370657993844,119.40535955627787,-8.266476143679025,8.139753657057893,249.7334445229928,230.16050186157227,210.58755920015173,-3181500.0,141628044.73967713,-896965.2675863206
2020-04-28,245.00999450683597,245.16000366210935,240.3600006103516,241.08999633789065,220.1192779541016,4709900,237.75040100097655,233.56497731295235,235.3453821818034,2.104115291971965,0.20292984535113162,1.9011854466208333,243.03804446863614,55.227617982183155,0.5882859250654003,137.53112025688665,-22.216188302710027,7.901200042393597,250.90400139275772,231.06000137329102,211.2160013538243,-7891400.0,138350730.0276707,-1528660.1688666642
2020-04-29,245.47999572753903,247.6699981689453,244.1999969482422,246.4499969482422,225.0129852294922,5015300,236.82040069580077,234.79212204012282,236.81109604608446,2.8032380269517887,0.722991481671263,2.0802465452805254,245.31109485021625,58.403448693090134,4.836649237972523,184.96186131929133,-6.681279231745629,7.806828741583673,252.5643784638052,232.42100143432617,212.27762440484713,-2876100.0,139839419.09411457,-1174437.910170406
2020-04-30,244.1999969482422,245.1699981689453,241.91000366210935,243.22000122070312,222.06396484375,4928900,235.80280059814453,235.5947772001781,237.8395722162156,3.061374550144251,1.1906680953658606,1.8707064547783903,246.24870574411833,55.83327746474941,3.3483491992150425,103.61692845563455,-24.370198723642822,7.573483351908614,251.76095749238704,234.1130012512207,216.46504501005438,-7805000.0,138871781.57662076,-1230646.3862544894
2020-05-01,239.5800018310547,240.3300018310547,236.5,237.27999877929688,216.64065551757807,4723500,234.69280059814454,235.7552744934275,238.14119102841332,2.7548844570330573,1.5035113676993,1.2513730893337573,245.38553914406293,51.35723159035706,-2.12432209383095,-6.089095876066936,-56.90034236187065,7.512520342536794,250.33853192603797,235.27900085449218,220.2194697829464,-12528500.0,136072209.76074606,-2032536.6691349447
2020-05-04,235.2100067138672,237.75,233.63999938964844,237.4199981689453,216.76852416992188,3845500,233.64640075683593,235.91381960538158,238.34509553455172,2.494530239017223,1.7017151419628846,0.7928150970543384,244.62923508430154,51.45600978414355,0.3296140894644522,-38.114022332516946,-56.133642297442776,7.2694832188092775,246.55491736065267,236.62000045776367,226.68508355487467,-8683000.0,139300180.87857285,-1148724.9138107002
2020-05-05,240.0200042724609,241.7400054931641,238.6999969482422,238.8000030517578,218.0284881591797,3143500,232.83120086669922,236.18869421932217,238.55271482921782,2.3722071786420713,1.8358135492987222,0.5363936293433491,244.2903068022309,52.4803753293881,3.726870726071002,26.18588116269712,-48.57611054519679,7.05880636919567,246.05313214364898,237.2335006713867,228.41386919912443,-5539500.0,136363502.13039237,-1617133.805252701
2020-05-06,240.33999633789065,240.5399932861328,236.6000061035156,236.8600006103516,216.2571563720703,3082300,232.15440063476564,236.252628161325,238.5171433948335,2.094578293522119,1.8875664981434017,0.20701179537871717,243.43846076433647,50.85570406595517,0.890231417922176,-16.71897868814336,-59.20044255515411,6.836033570154352,245.1049569976637,237.74650039672852,230.38804379579335,-8621800.0,133687995.87426856,-2513040.905495405
2020-05-07,239.2400054931641,241.17999267578125,238.5500030517578,238.91000366210935,218.12887573242188,3411500,231.53780090332032,236.50571154235206,238.6279532296317,2.016725954112246,1.9133983893371707,0.10332756477507554,243.2081953025055,52.52811113009265,1.6335543532758336,21.43704931630871,-47.973697382857914,6.656316319816873,245.17781781397454,237.97550048828126,230.77318316258797,-5210300.0,131210447.91042557,-3439400.807226956
2020-05-08,242.2700042724609,243.8000030517578,241.33999633789065,243.6199951171875,222.4291839599609,3894800,231.26020080566406,237.18326235900307,239.16552414667038,2.3084737136223055,1.9924134541941978,0.31606025942810767,244.18260224668674,56.21487846021658,2.4345092047074033,84.55966804139807,-22.179650986431675,6.530150824804844,245.8946252189682,238.29950027465821,230.70437533034823,-1315500.0,134535253.60950574,-2447800.6984800994
2020-05-11,241.67999267578125,243.94000244140625,241.0,242.55999755859372,221.4613800048828,2743000,231.02020080566408,237.6953323780117,239.57128579275948,2.426185415531563,2.079167846461671,0.34701756906989223,244.6473916020043,55.17631898827944,0.5138364813278898,66.2351260725903,-35.784321058626865,6.273711654562088,246.2667706122714,238.72949981689453,231.19222902151768,-4058500.0,134703185.41211733,-1766185.9260272384
2020-05-12,243.80999755859372,244.13999938964844,237.94000244140625,238.0800018310547,217.3710479736328,6433900,230.4412008666992,237.7319675640158,239.50942884172713,2.133382270209154,2.0900107312111675,0.04337153899798629,243.80704635977807,50.89649972614082,-1.2484941526223348,-3.5526332626309225,-68.35350799917343,6.268446318396381,246.1786790829727,238.6495002746582,231.1203214663437,-10492400.0,128559847.51418884,-3281479.584271282
2020-05-13,236.9600067138672,237.5,231.0200042724609,232.82000732421875,212.568603515625,7531300,229.9116012573242,237.2641618268923,238.95423903692335,1.4600653464601123,1.9640216542609565,-0.5039563078008442,241.70007233629843,46.35059439468577,-5.530529435099128,-162.6675936003581,-89.18916689730494,6.324985692696195,246.33943535360189,238.5365005493164,230.73356574503092,-18023700.0,125212612.92216158,-4668085.306991503
2020-05-14,230.0800018310547,236.75999450683597,228.3000030517578,236.75,216.1567840576172,6964500,229.22880096435546,237.2151940338549,238.78409612746466,1.22940261000727,1.8170978454102193,-0.5876952354029494,240.95055312848243,49.947657159284454,-2.6601435688803017,-141.92176591410967,-56.37584368441949,6.477486104294907,246.3180771465464,238.60700073242188,230.89592431829738,-11059200.0,132160657.41077517,-2600220.2829098552
2020-05-15,234.16000366210935,237.25,233.41000366210935,236.91000366210935,216.7257080078125,4811100,228.73780120849608,237.18612828416488,238.62247735886348,1.0474374805898776,1.663165772446151,-0.6157282918562734,240.34421817175144,50.094365750136554,-0.15593186070928589,-80.53706569853117,-55.54980495213621,6.289093978123175,245.86816938447345,238.33100128173828,230.79383317900312,-6248100.0,136119800.14973032,-258164.60312616825
2020-05-18,243.50999450683597,247.1999969482422,243.3600006103516,245.92999267578125,224.97720336914065,5207700,228.4794009399414,238.01887727384263,239.3461908249628,1.6124788819308264,1.6530283943430863,-0.0405495124122599,242.15848226378554,57.633397057472564,3.5843629738301677,120.85652246508924,-8.9829939689562,6.574872500123865,246.97614271902714,238.7955009460449,230.61485917306268,-1040400.0,137882808.71373385,1284375.8637979329
2020-05-19,245.4499969482422,246.0200042724609,242.07000732421875,242.22000122070312,221.5833740234375,4404700,228.5494009399414,238.41898431640078,239.67233370826358,1.7408455745201366,1.6705918303784966,0.07025374414163998,242.65066439429776,54.01877977084076,1.4321600189444126,86.93994910778706,-26.349192252730834,6.387381389275172,246.68388218855836,239.39550094604493,232.1071197035315,-5445100.0,133812629.53716825,503596.69283255935
2020-05-20,245.3999938964844,246.5800018310547,244.72999572753903,245.72999572753903,224.7943115234375,3280600,228.45460083007814,239.1152711174616,240.27561892554874,2.101578635361676,1.7567891913751326,0.34478944398654354,243.92884024415457,56.78053807782366,3.744826097412327,126.4974821620936,-7.777786748262338,6.242568476494914,247.40442592662566,239.94350051879883,232.482575110972,-2164500.0,134078612.43088484,223036.43518087268
2020-05-21,245.5500030517578,247.3800048828125,243.8800048828125,245.0200042724609,224.14480590820312,3378200,228.63820098876954,239.67762665603294,240.75909547351657,2.303617143759965,1.8661547818520992,0.4374623619078657,244.75305249260558,56.04722295028214,2.5574486278075415,100.48036966255387,-12.36897475822274,6.046670728173849,247.862548347402,240.44100036621094,233.0194523850199,-5542700.0,132901067.25266212,-286687.7210366875
2020-05-22,244.91000366210935,245.1000061035156,243.1699981689453,244.8800048828125,224.0166931152344,2521100,229.29360107421874,240.17309124905955,241.18185780843098,2.424489332718167,1.9778216920253129,0.44666764069285425,245.35001586289297,55.893933059569605,0.5172029352594407,68.95600848262768,-13.10272410944422,5.752623385773594,248.3539131104758,240.79350051879882,233.23308792712186,-8063800.0,134847407.87724215,150141.47933493555
2020-05-26,250.83999633789065,252.0200042724609,249.8800048828125,250.25,228.92922973632807,4872300,229.65640106201172,241.13279684438723,242.0824768066406,2.919935936461428,2.166244540912536,0.7536913955488922,247.18859714171188,60.371105343646434,3.170350642648177,151.97309671847336,-7.462074963621957,5.851721671764653,249.8534794419839,241.2400001525879,232.6265208631919,-3191500.0,131659900.1423173,-699011.8979286551
2020-05-27,253.72999572753903,255.7899932861328,250.3300018310547,255.7700042724609,233.97889709472656,5326100,230.72200103759766,242.52681659944187,243.466286722819,3.715172950457003,2.4760302228214295,1.2391427276355733,250.0783050930612,64.37440257961777,7.430276505944975,172.54774806660532,-0.07271378964299746,5.8294553585052356,252.66309325426963,241.9740005493164,231.28490784436318,2134600.0,136947002.4674697,699413.541914612
2020-05-28,257.8699951171875,257.94000244140625,253.88999938964844,254.3500061035156,232.67996215820312,4957600,231.53960113525392,243.6528346474489,244.64495391845702,4.182607532555295,2.8173456847682026,1.3652618477870924,252.01844771753946,62.621874460945044,9.247486514041194,157.4523470942302,-12.11199869033882,5.70235162230899,254.21209162361362,242.36900100708007,230.52591039054653,-2823000.0,133115588.9199357,-11172.501629829407
2020-05-29,253.2700042724609,255.32000732421875,250.67999267578125,254.2899932861328,232.62503051757807,5082300,232.6376010131836,244.66589737494263,245.78028651646204,4.4963788176267485,3.153152311339912,1.3432265062868365,253.52443371501025,62.54437815935037,7.408656087067714,108.51421370086024,-12.314471087837397,5.626470409889598,255.85735736328346,242.92250061035156,229.98764385741967,-7905300.0,135941499.3425765,598302.2060904205
2020-06-01,253.77999877929688,255.5500030517578,252.6999969482422,255.2700042724609,233.52151489257807,2060800,233.71680114746093,245.6758123175634,246.95623924618675,4.769147751362738,3.4763513993444777,1.29279635201826,254.93937183731987,63.34217663082516,7.749778534695116,102.88601725943661,-9.008091173840638,5.428151530862886,257.5405547518318,243.82200088500977,230.10344701818775,-5844500.0,137597372.85230458,1320110.5026994348
2020-06-02,256.54998779296875,257.9200134277344,255.7100067138672,257.8500061035156,235.88172912597656,3045800,235.03580139160155,246.83525934479695,248.2922397431873,5.134318455184655,3.807944810512513,1.3263736446721417,256.69106440177325,65.42979856651851,4.846913260981948,108.36190545052655,-0.3036313756539899,5.229712789749356,259.51267734181806,244.84350128173827,230.17432522165848,-2798700.0,140450206.6438605,2403105.5120164156
2020-06-03,260.3500061035156,264.0,259.6600036621094,263.1700134277344,240.74839782714844,5184500,236.5766015625,248.39095020983862,250.0376218523298,5.786298155493512,4.203615479508713,1.582682675984799,259.4249451137027,69.3108304709478,8.649166914974238,136.01489511650084,-2.324892558027214,5.295447154516142,262.4666714875707,246.0620018005371,229.65733211350351,2385800.0,143651725.5310227,3646349.887923509
2020-06-04,262.3699951171875,264.42999267578125,261.3900146484375,263.3299865722656,240.8948211669922,3937100,237.71040130615233,249.8137155776888,251.68219183058966,6.243929132729505,4.6116782101528715,1.6322509225766337,261.61706066322427,69.42199697721443,7.1623290403020805,129.09575736354722,-3.5461202227724975,5.134342216860971,264.84424906081307,247.3855010986328,229.9267531364525,6322900.0,144739572.0224797,4169596.4809924066
2020-06-05,270.3999938964844,273.95001220703125,269.7900085449219,271.5400085449219,248.4053955078125,7866800,238.9000015258789,251.88288633647292,253.98262111118862,7.18624656134304,5.126591880390905,2.0596546809521348,265.4455403025736,74.52264230757984,10.823607791211556,191.65345611233448,-7.559608823675812,5.526176746711304,268.92885567268644,249.01700134277343,229.1051470128604,14189700.0,143491468.11902082,3607473.7106025517
2020-06-08,272.8999938964844,276.3800048828125,272.8999938964844,276.2799987792969,252.74151611328125,4667600,239.92420135498048,254.20642085483712,256.57909705752417,8.220753778396727,5.74542425999207,2.4753295184046564,269.70287263530145,76.91668552495237,12.822604243049923,176.54145436836072,-0.2914780257411431,5.47716386036697,273.6422579412149,250.6500015258789,227.65774511054292,18857300.0,147890799.71952242,4449349.567366064
2020-06-09,273.239990234375,275.0199890136719,272.1300048828125,273.3800048828125,250.08843994140625,4632600,241.0648013305664,256.03247647654905,258.74385928199405,8.706242782597911,6.337587964513238,2.368654818084673,272.314246973806,72.43219055132138,9.24275919393107,128.5008865107332,-9.033421841337109,5.382366005803926,276.87674887768895,252.19100189208984,227.50525490649073,14224700.0,147265661.1710689,4190359.2826826572
2020-06-10,273.20001220703125,274.17999267578125,270.010009765625,270.4599914550781,247.4172821044922,6531200,242.01200103759766,257.4065255221233,260.4837630498977,8.754459674473622,6.820962306505315,1.9334973679683074,273.56185178022713,68.1252065342018,5.743436265876039,93.12951127320957,-17.825992866368235,5.295767213257664,278.82656785117734,253.81000137329102,228.79343489540472,7693500.0,142144021.10139778,2073854.2092638612
2020-06-11,262.1400146484375,263.510009765625,251.3800048828125,252.02999877929688,230.55755615234372,14257800,242.6680010986328,256.8944753561398,260.3142389933268,7.2222716734652295,6.901224179897299,0.3210474935679306,269.6677399080789,48.51626995834639,-0.9121318138575247,-37.66880034736375,-73.32129232406335,6.2803543103296615,277.8931321206403,254.77050094604493,231.64786977144954,-6564300.0,129414247.35807744,-3030903.5308515728
2020-06-12,259.0,260.32000732421875,251.42999267578125,256.739990234375,234.86624145507807,9817200,243.61520080566407,256.87976248740034,260.5018094017392,6.315260202727387,6.784031384463317,-0.4687711817359297,267.5816009746337,52.29535381588532,0.9634657331896642,-44.282252992969184,-74.11326282429245,6.466758620194508,277.36833747899647,255.77000045776367,234.17166343653088,3252900.0,131324656.38769557,-4235819.412306517
2020-06-15,250.2899932861328,259.6000061035156,249.1000061035156,258.3500061035156,236.339111328125,7421300,244.50300079345703,257.01978568893514,260.74752422514416,5.661104217177865,6.559445951006227,-0.8983417338283619,266.19429574326307,53.550494312201636,1.2065662943176412,-54.14115743093143,-66.09237384929813,6.754847290180616,276.6430817380911,256.842000579834,237.04091942157692,10674200.0,136978980.19721937,-2544562.0232980847
2020-06-16,267.0899963378906,267.1400146484375,258.69000244140625,263.82000732421875,241.34310913085935,9238000,245.5674008178711,257.6674258446764,261.41209629603793,5.5204282094424,6.351642402693463,-0.8312141932510624,266.3953285574148,57.62935342117234,2.3153000113974898,11.887328469113672,-46.04104882924581,6.900215951233563,277.0964192129079,257.7365013122559,238.3765834116039,19912200.0,138957765.20209494,-991746.7695798576
2020-06-17,264.6099853515625,264.70001220703125,261.260009765625,261.82000732421875,239.51348876953125,3669300,246.27320098876953,258.062909795109,261.8010016305106,5.187756941735785,6.118865310501927,-0.9311083687661421,265.9673085366883,55.70331089047139,-0.5129786961409767,0.4496499296050724,-53.372427456424575,6.653057843388755,276.77605498896116,258.7165016174316,240.6569482459021,16242900.0,136483114.9599062,-1053734.0819751918
2020-06-18,260.0400085449219,262.260009765625,259.1099853515625,261.45001220703125,239.17507934570312,3268700,246.97020111083984,258.38549097719687,262.0613359723772,4.838482042398141,5.86278865688117,-1.024306614483029,265.45251955464823,55.33486673252823,-0.7139233893206666,-25.201459961506007,-54.72871460357904,6.402841169865451,276.5741405520568,259.50250244140625,242.4308643307557,12974200.0,138070787.34122765,-478130.03553688526
2020-06-19,264.2099914550781,264.4599914550781,257.6099853515625,258.79998779296875,237.43453979492188,5852600,247.45960083007813,258.42496686441325,261.99442981538317,4.298296261540031,5.549890177812943,-1.2515939162729115,264.28233402974917,52.648794646339425,-4.691765615027406,-39.43778706632836,-64.44288077895891,6.434781522269034,275.9297385913215,260.19150161743164,244.45326464354176,7121600.0,134251647.80340147,-1414370.0480716527
2020-06-22,257.8800048828125,260.5799865722656,256.67999267578125,260.32000732421875,238.8290863037109,2823500,247.92320098876954,258.60544690820427,262.0066684541248,3.9473454697817942,5.229381236206713,-1.2820357664249187,263.6658662374312,54.02728251380804,-5.776745159112145,-55.53781428298672,-58.870961426808655,6.253725263284416,275.0497745817017,260.96350173950196,246.87722889730227,9945100.0,136698710.59537297,-890187.3422929645
2020-06-23,262.8299865722656,263.1499938964844,261.0199890136719,261.5,239.91168212890625,2948000,248.47400085449217,258.8811186312324,262.0577635265532,3.721530499152834,4.927811088795937,-1.2062805896431028,263.42286238615554,55.11958666464675,-4.345601240260787,-21.499642179165306,-54.54547488508359,6.009172499640216,274.7267289829963,261.52600173950196,248.3252744960076,12893100.0,135079414.01677248,-1110053.5701843202
2020-06-24,259.2200012207031,259.5199890136719,252.94000244140625,254.6300048828125,233.6088104248047,5903500,248.77300109863282,258.4762506551924,261.4010019211542,2.954165535617733,4.533081978160296,-1.578916442542563,261.403156534469,47.97295099769008,-5.85298642032047,-86.83340531925226,-79.72874257056903,6.191374289565469,274.7780534617227,261.46900177001953,248.15995007831634,6989600.0,132208421.54646689,-2012582.488493055
2020-06-25,253.33999633789065,257.7099914550781,252.05999755859372,257.44000244140625,236.1868896484375,4312300,249.22020111083984,258.3775603491175,261.0172876993815,2.543447314894138,4.135155045507064,-1.5917077306129261,260.4487881092523,50.7838027574763,2.146571316237209,-79.84586257859165,-69.42816454881967,6.152704261488251,274.6675011045773,261.6235015869141,248.57950206925085,11301900.0,136108588.84509113,-957874.4974668026
2020-06-26,255.6499938964844,256.04998779296875,249.6999969482422,250.3800048828125,229.70965576171875,5331400,249.52100128173828,257.6158883999456,259.9464784894671,1.6294836921043725,3.6340207748265256,-2.004537082722153,257.8168191250798,44.30695167000778,-2.477208691079462,-120.64500035504022,-95.06172984861283,6.266082920893665,275.0118240939952,261.42800216674806,247.8441802395009,5970500.0,131919046.96458083,-1772359.599712357
2020-06-29,252.17999267578125,256.1199951171875,250.9499969482422,255.91000366210935,234.783203125,3759000,249.79060150146483,257.4534231868183,259.4209548223586,1.3359852157075238,3.1744136630027255,-1.8384284472952017,257.08853221759784,49.71659397064229,-0.9444561191257022,-78.93351769205896,-72.84688514895583,6.228504871856618,274.98854958395015,261.46000213623046,247.93145468851077,9729500.0,135372685.97455952,-845549.3111184835
2020-06-30,255.07000732421875,259.04998779296875,254.72000122070312,257.8699951171875,236.58132934570312,3667900,250.21520141601562,257.49309670399634,259.07904939197357,1.2471639589275583,2.788963722187692,-1.541799763260134,257.0026948258145,51.51420572943762,-2.2553301652057978,-15.514530853879563,-51.3858932392769,6.092896421885833,274.9884850135426,261.46100158691405,247.93351816028556,13397400.0,137041459.62011755,141441.9042673707
2020-07-01,258.8699951171875,260.260009765625,257.1400146484375,257.3099975585937,236.06761169433597,3575300,250.75700134277344,257.47565869014846,258.6837156749907,1.118689790577605,2.454908935865675,-1.3362191452880698,256.79195749099335,50.953721036028654,-1.722561163952681,3.5279050237273646,-54.49009109594278,5.880546328693094,274.78825896252476,261.16800079345705,247.54774262438931,9822100.0,133855737.08793697,-481286.30461108685
2020-07-02,261.1499938964844,262.1700134277344,257.8800048828125,258.4200134277344,237.08596801757807,3830000,251.23000152587892,257.56559723658523,258.42200259254093,1.0938330637325748,2.182693761439055,-1.08886069770648,256.9134091694377,52.0669877101732,-1.158920878878195,28.113653116861204,-48.337012695915405,5.807651295867921,274.5550295849516,260.9225021362305,247.28997468750933,13652100.0,130989946.2289649,-1604127.9993151277
2020-07-06,262.1600036621094,263.04998779296875,260.8699951171875,263.0,241.287841796875,2989100,251.78860137939452,258.0831594045295,258.61985953194755,1.427248140331244,2.0316046372174927,-0.6043564968862487,258.20738088394364,56.458519555180345,1.622879600130089,83.81419979506167,-23.738592010667148,5.723531515108382,273.27960895930636,260.49550170898436,247.7113944586624,16641200.0,133841964.56477137,-1010182.1312724203
2020-07-07,261.1000061035156,261.8500061035156,258.7799987792969,259.0400085449219,237.6547698974609,2828700,252.21280151367188,258.1742878940907,258.48124113537017,1.3563090883686186,1.896545527447718,-0.5402364390790995,258.24264707691026,52.02067558076953,-0.4917020372170952,34.26079307328974,-37.733319363078444,5.616136494079435,270.1717586029765,259.6335021972656,249.09524579155473,13812500.0,131492409.75652468,-1422955.1577632278
2020-07-08,259.6400146484375,261.19000244140625,258.25,260.7200012207031,239.19607543945312,2837800,252.60080139160155,258.4167367823395,258.5847172328404,1.4192900549745673,1.801094432953088,-0.38180437797852074,258.7073786404517,53.68397947351436,-0.2982786918917304,45.90427193156321,-25.338696654953786,5.4249840617456355,267.47958922647825,259.00050201416013,250.52141480184204,16650300.0,133422884.34391491,-848215.3764522821
2020-07-09,260.8699951171875,261.19000244140625,255.3500061035156,257.239990234375,236.00344848632807,3995600,252.92380126953125,258.30466568253337,258.41704944428943,1.174852157480359,1.6758459778585424,-0.5009938203781834,258.1845577564728,49.83035520434593,1.0250109183965515,-6.899593044766201,-48.91601563509565,5.454627795755994,265.01056905872304,258.339501953125,251.668434847527,12654700.0,132013457.4016841,-984438.0951301157
2020-07-10,257.20001220703125,261.1600036621094,256.4599914550781,260.82000732421875,239.28781127929688,3110100,253.2112014770508,258.5442220293606,258.65328805106026,1.2555377645310841,1.5917843351930507,-0.3362465706619666,258.6852885188706,53.52626538744564,1.312929168256124,40.86201550387682,-17.3233241704946,5.400726682275655,264.8616916823402,258.7790023803711,252.69631307840194,15764800.0,134673591.5020672,-104264.89400094748
2020-07-13,263.0599975585937,266.5199890136719,260.5799865722656,261.0400085449219,239.4896545410156,4876000,253.56760162353515,258.78191598322354,258.86862197149367,1.3219948159855335,1.5378264313515473,-0.2158316153660138,259.1529312722564,53.75174144925504,4.257529936185866,117.35447432972009,-32.58016084331611,5.439246379356412,265.07718693923056,258.99400329589844,252.91081965256635,20640800.0,130552832.65248695,-1045865.9553144723
2020-07-14,260.5400085449219,267.04998779296875,260.1000061035156,266.5899963378906,244.58151245117188,7614300,254.15380157470702,259.525542683668,259.5920498802548,1.8017309074076593,1.5906073265627698,0.21112358084488947,260.97381129043396,59.137746995894226,4.173339268863675,150.7617902950687,-2.6512489787159588,5.547156044363319,266.31852943902464,259.4060028076172,252.49347617620975,28255100.0,137159212.60523948,766042.318688944
2020-07-15,270.4700012207031,270.5400085449219,267.04998779296875,268.9100036621094,246.7100372314453,5220600,254.7836016845703,260.41930087209096,260.4971928187779,2.342131780882255,1.740912217426667,0.6012195634555881,263.05907314950355,61.17330662695125,4.281230369553002,203.30455688939367,-7.821516198542799,5.433074341696743,267.5149576072996,259.6605026245117,251.8060476417238,33475700.0,137503277.99641305,1547112.6626374722
2020-07-16,267.1600036621094,268.92999267578125,266.0199890136719,267.4700012207031,245.3888397216797,2478100,255.35700164794923,261.09079614338737,261.24095458984374,2.6239598285250167,1.9175217396463369,0.7064380888786799,264.3759578315429,59.20199001294259,3.948546017842091,137.39382821005623,-14.731312936063222,5.252855007440503,268.4658070408763,259.94300231933596,251.4201975977956,30997600.0,137494779.87151137,1723290.885180682
2020-07-17,267.95001220703125,268.07000732421875,266.1700134277344,266.739990234375,244.91229248046875,3415100,255.95460144042968,261.62881462824333,261.8882867722284,2.756628108212965,2.0853430133596627,0.6712850948533022,265.2403241466486,58.17844398203254,3.21955590679019,106.4979574037492,-19.3977338491772,5.013364928086494,269.2154951610501,260.20750122070314,251.19950728035616,27582500.0,136128663.0771523,1204027.4611813128
2020-07-20,266.3900146484375,267.6400146484375,265.0299987792969,266.82000732421875,244.9857635498047,4017400,256.5128015136719,262.1232139326219,262.51804925827753,2.8355390569222436,2.235382222072179,0.6001568348500648,265.9403008975312,58.26362128359393,1.4524742677637832,83.87601114371631,-23.514535388414124,4.8416971381617895,270.0345075166184,260.60850219726564,251.18249687791283,31599900.0,137621712.58314472,1357205.679526329
2020-07-21,268.82000732421875,270.2699890136719,267.6499938964844,268.3399963378906,246.38136291503903,3173200,257.00720153808595,262.7152884474094,263.25438203357515,2.9863027237318533,2.385566322404114,0.6007364013277394,266.87696825541497,59.93299270802405,3.5901742920750315,107.46084927677443,-14.483290674359983,4.742288891825456,271.0167454499969,261.0095016479492,251.0022578459015,34773100.0,136119901.76452664,818638.2647866011
2020-07-22,267.82000732421875,270.3500061035156,267.7699890136719,269.9800109863281,247.8872985839844,2039300,257.55560180664065,263.4071667844493,264.1087162562779,3.2012178451961404,2.5486966269625193,0.6525212182336211,268.0361958749933,61.71245070497227,3.5517067053809472,101.08183303447247,-3.686619279712944,4.58784090596962,272.17927869231966,261.4335021972656,250.6877257022116,36812400.0,137574297.85404426,986655.9631680548
2020-07-23,269.6400146484375,269.7799987792969,265.6199951171875,266.69000244140625,244.8664093017578,2838000,258.1278018188477,263.71981779939756,264.6093353271484,3.070666699224887,2.653090641414993,0.41757605780989415,268.09550354901654,56.3096647753486,3.6736170757980555,56.04479762624357,-25.34565822728857,4.571567689053263,272.5382124545716,262.0365020751953,251.53479169581905,33974400.0,136196239.25447708,527221.2887192965
2020-07-24,265.1499938964844,266.3399963378906,264.04998779296875,264.69000244140625,243.03009033203125,2637700,258.76520172119143,263.81221633673175,264.86204964774,2.773845525609488,2.677241618253892,0.09660390735559599,267.58819498092885,53.25726455628029,1.4837800047972574,7.794627417222691,-38.51221305645844,4.4335996147235655,272.740324377218,262.3990020751953,252.05767977317268,31336700.0,135032915.09637263,-78807.0637447238
2020-07-27,264.7699890136719,266.3099975585937,264.3500061035156,265.95001220703125,244.18701171875,2637900,259.34920196533204,264.01581594342696,265.2002410888672,2.610196148375394,2.6638325242781926,-0.05363637590279868,267.46622945723624,54.91538288030463,1.8809391286333879,11.260079725090657,-30.217219224262927,4.256913317606029,272.0177157625161,263.17750244140626,254.33728912029642,33974600.0,136701825.81182617,211453.57095927
2020-07-28,264.9200134277344,265.6099853515625,263.6300048828125,263.92999267578125,242.332275390625,1989300,259.8896017456055,264.00764229888927,265.27190682547433,2.2910938400908663,2.589284787440728,-0.2981909473498616,266.8128368739053,51.74620758537981,-0.9977882511157478,-24.954022474336053,-43.515568181361495,4.118562889506938,271.76728140640597,263.57850189208983,255.3897223777737,31985300.0,135315325.41108635,-130185.712438941
2020-07-29,264.19000244140625,266.07000732421875,263.79998779296875,265.5,243.7738800048828,1917900,260.2810018920898,264.14977160375696,265.4549066452753,2.1402183270980117,2.499471495372185,-0.3592531682741731,266.65967100383256,53.96965698443684,-1.268083602569918,-24.395206689794822,-35.795471786446576,3.9865240782028715,271.7506992337234,263.96000213623046,256.1693050387375,33903200.0,136270046.872691,45662.83781224489
2020-07-30,262.4800109863281,263.82000732421875,259.94000244140625,263.2799987792969,241.7354431152344,3055600,260.7022018432617,264.06693609666553,265.3901444208054,1.8205269494310414,2.3636825861839563,-0.5431556367529149,265.93689558912706,50.43106753420268,-1.5665317315151412,-135.98450285498,-68.49061872914514,4.098915041087934,271.4408779083868,264.2585021972656,257.0761264861444,30847600.0,138475106.6493152,815059.6429488659
2020-07-31,263.760009765625,264.489990234375,260.17999267578125,264.3500061035156,242.71788024902344,3306800,261.07460205078127,264.093895144937,265.3988590785435,1.6346664606047625,2.2178793610681176,-0.583212900463355,265.60511987138466,52.0625182437978,-0.8959976825219872,-113.96040136712458,-58.396215822491435,4.11399236376692,271.21975667237774,264.5550018310547,257.8902469897317,34154400.0,141567103.96433327,2039533.8777424097
2020-08-03,265.6700134277344,267.1499938964844,265.3500061035156,266.7200012207031,244.8939208984375,2569300,261.50860198974607,264.34400048548616,265.60504949660526,1.6594800304384307,2.1061994949421803,-0.44671946450374955,265.9347432993001,55.55200795219349,-0.03748073636551004,7.214125948705245,-36.03778419478265,4.020134894424194,271.42938071932724,264.74100189208986,258.05262306485247,36723700.0,142908862.10410473,2781966.0293813944
2020-08-04,266.2900085449219,268.4200134277344,266.0299987792969,268.4100036621094,246.4455718994141,1909800,261.97920196533204,264.7312388832598,265.95447823660714,1.7948244177372317,2.0439244795011904,-0.2491000617639587,266.6305263336166,57.90510942067845,0.026089038225445,60.82690381956333,-18.635943889890505,3.903697733996573,271.5378895169461,265.2095016479492,258.8811137789523,38633500.0,144802665.0051722,3435355.9209023416
2020-08-05,269.989990234375,272.2699890136719,269.8999938964844,272.0,249.7418365478516,2122900,262.41420196533204,265.4235018467589,266.6011923653739,2.1667911023445185,2.068497804069856,0.09829329827466271,268.1171684196946,62.45248723894203,0.748199470876445,177.5621974358887,-2.1896943041217365,3.9005754209655676,272.4042753013798,265.77350158691405,259.1427278724483,40756400.0,146441884.95624095,3911916.6863280237
2020-08-06,271.6300048828125,274.0299987792969,271.57000732421875,273.8999938964844,251.4864044189453,1948100,262.7768017578125,266.2307868038756,267.3751440139044,2.585091680575772,2.1718165793710393,0.41327510120473265,269.80816971404863,64.63023091929394,2.7035102137592175,178.24864084793825,-0.9226750645980886,3.797676566259322,272.9180320981534,266.6065017700195,260.29497144188565,42704500.0,148184079.75955075,4305579.283570915
2020-08-07,273.2300109863281,274.82000732421875,272.4800109863281,274.6199951171875,252.1475372314453,2311300,263.18220153808596,267.02975902419104,268.13833385649184,2.940796314396266,2.325612526376085,0.6151837880201811,271.35333516453045,65.4480621824843,3.751555625142822,154.16716138723282,-1.344167616922487,3.6935565499472722,273.93559221062196,267.29650115966797,260.657410108714,45015800.0,150100261.00946924,4684900.808910608
2020-08-10,275.510009765625,278.2799987792969,275.4800109863281,278.1400146484375,255.3794708251953,2313900,263.65920196533204,268.0878786074526,269.1710494268508,3.466768211598719,2.553843663420612,0.9129245481781072,273.4985168605805,69.1978680527266,4.583569047523423,172.26374857613564,-0.7632724035509519,3.691159915101708,275.69080149097385,268.15150146484376,260.61220143871367,47329700.0,152182796.22908777,5076802.565618157
2020-08-11,280.8999938964844,281.7799987792969,276.4700012207031,277.19000244140625,254.5072326660156,4546400,264.09760192871096,268.9547475440196,270.0318590436663,3.7635626762351535,2.79578746598352,0.9677752102516335,274.96775523565145,67.08189329504204,5.024063249194249,147.71137436668687,-21.01647027260418,3.80679117535114,277.14132942301717,268.6815017700195,260.22167411702185,42783300.0,148869320.92017618,3721310.9072886407
2020-08-12,279.8399963378906,280.739990234375,278.7200012207031,280.0400085449219,257.1239624023437,2641600,264.54140197753907,270.0104866869627,271.113621593657,4.180555263040048,3.072741025394826,1.1078142376452225,276.8622374919025,70.04153174337735,5.476462728784134,130.1902227042357,-7.966989588529638,3.7884480766095407,279.04221572254454,269.23800201416014,259.43378830577575,45424900.0,149680146.97205633,3086480.708362192
2020-08-13,279.1300048828125,280.2200012207031,278.2300109863281,279.4200134277344,256.5546875,1668300,264.86640197753906,270.9066320908457,272.08333696637834,4.410158901324792,3.3402246005808194,1.0699343007439723,278.19875955435816,68.5966448594483,6.130361107289201,103.11526636188987,-10.80579554616553,3.6599868021642163,280.5501694157045,269.8355026245117,259.12083583331895,43756600.0,150007114.12332612,2650223.2925361395
2020-08-14,278.2300109863281,280.1600036621094,277.8999938964844,279.79998779296875,256.9036560058594,2247000,265.1958020019531,271.75361834819074,273.03233555385043,4.570100915995852,3.586199863663826,0.9839010523320257,279.3325939701373,69.01846935541455,5.8445172433259325,89.16664386488641,-9.065985889809724,3.559988442411415,281.93578176989035,270.4885025024414,259.04122323499246,46003600.0,151538227.25393,2717997.3192052543
2020-08-17,280.1400146484375,280.25,278.5,278.95001220703125,256.1232604980469,2436900,265.3440020751953,272.43898919188985,273.83819362095426,4.575526368885676,3.784065164708196,0.7914612041774798,279.97849553065066,66.85511712191172,4.585337031476745,77.86541579072168,-12.95781614832887,3.4307035536677426,282.97762410569476,271.09500274658205,259.21238138746935,43566700.0,150354624.10800368,2122031.391029209
2020-08-18,279.1000061035156,279.3699951171875,277.1099853515625,278.20001220703125,255.4345245361328,1678300,265.38240234375,272.98765805047475,274.51486118861607,4.467805269367602,3.9208131856400774,0.5469920837275248,280.24994023229374,64.92141581663047,3.647408222998322,58.63038720622001,-16.39188265821564,3.3470825688075463,283.7864752090176,271.58800354003904,259.38953187106046,41888400.0,150295248.14926976,1666422.8525392115
2020-08-19,278.67999267578125,279.739990234375,276.9700012207031,277.42999267578125,254.72747802734372,3374300,265.46340209960937,273.41073753859916,275.0712411063058,4.271067177287989,3.9908639839696596,0.28020319331832955,280.2110570122391,62.909561382124785,1.996320836684283,48.7506005887092,-20.138911455250085,3.3058616005835697,284.39257116474306,271.9605026245117,259.5284340842804,38514100.0,148041637.91317073,611486.7523491383
2020-08-20,276.0400085449219,278.3399963378906,275.8699951171875,277.8699951171875,255.13145446777344,2063700,265.6116021728516,273.83542873655995,275.6340499151321,4.103354426086696,4.0133620723930665,0.08999235369362957,280.23514073735896,63.603633550192676,1.4494345780100735,30.177246180384035,-23.797963512624953,3.2461572877349663,284.95876235265047,272.5195022583008,260.08024216395114,40577800.0,149319960.5530017,531071.3010949492
2020-08-21,277.0400085449219,279.6099853515625,276.8599853515625,279.2900085449219,256.9939270019531,2601200,266.15680236816405,274.3549125278325,276.2788600376674,4.038471097573449,4.018383877429144,0.02008722014430564,280.56859843053775,65.82621551107164,1.7005365635308378,47.185632793674905,-15.809461805555557,3.210717481468183,285.47698503173376,273.24950256347654,261.0220200952193,43179000.0,151315834.24795908,1084945.5829687715
2020-08-24,281.7200012207031,283.25,280.4700012207031,283.17999267578125,260.5733642578125,2622800,266.6856024169922,275.1953963514467,277.22462100074404,4.251926242680668,4.065092350479448,0.1868338922012196,281.7984025344815,71.04290318665922,1.8120291083302649,147.67192385557078,-0.5243991925989788,3.26423705101175,286.58533604304245,274.1110015869141,261.6366671307857,45801800.0,153806536.91660172,2005395.4034881294
2020-08-25,284.2300109863281,284.2300109863281,281.0199890136719,282.6199951171875,260.05816650390625,3346000,267.17100219726564,275.90250099580294,278.0350013369606,4.326036009897621,4.117281082363083,0.20875492753453795,282.6068740847973,69.4004720423918,1.958942468326962,159.01004109298572,-12.71734125922337,3.2603645454149284,287.1229958158216,275.0455017089844,262.96800760214717,42455800.0,153796103.13263807,2196314.5439405143
2020-08-26,282.6099853515625,283.6099853515625,281.57000732421875,283.42999267578125,260.8034362792969,2647500,267.5632019042969,276.6194049653247,278.83352428617934,4.399414852022005,4.173707836294867,0.2257070157271377,283.4237631434499,70.46412173744577,1.2105356475575095,149.93586353007822,-6.808666472739366,3.1731940798384155,287.71007827600124,275.94200134277344,264.17392440954563,45103300.0,155976411.22885925,2768487.264383167
2020-08-27,284.44000244140625,286.45001220703125,283.67999267578125,285.0400085449219,262.2850341796875,3432800,268.02760192871096,277.42136721100064,279.7000011625744,4.535203930404009,4.246007055116696,0.2891968752873133,284.4542147886333,72.50960532057431,2.0113072962259317,181.4696003406464,-12.85326805113154,3.1622530406535283,287.90392199275067,277.0300018310547,266.1560816693587,48536100.0,155914462.89464456,2731166.4287338555
2020-08-28,286.2300109863281,287.45001220703125,285.0,286.70001220703125,263.8124389648437,2715500,268.53260192871096,278.3050476868131,280.62095453171503,4.722330093858375,4.341271662865032,0.3810584309933427,285.6710782647885,74.47258800794262,2.4660560096836055,164.95876153474453,-6.476674379503178,3.111378695394794,288.1371104247914,278.14750213623046,268.1578938476695,51251600.0,156967420.15779197,2802642.813448429
2020-08-31,286.260009765625,286.3399963378906,283.8900146484375,284.2799987792969,261.5854797363281,4070100,269.0422021484375,278.87409064800204,281.2050018310547,4.622073679607524,4.397432066213531,0.22464161339399347,285.97996314837815,66.96536763521723,1.910731793877755,99.05021676861331,-27.374859666784378,3.0898514713375764,287.86364017764663,279.02550201416017,270.1873638506737,47181500.0,154193064.05485353,1694347.7732195854
2020-09-01,283.7300109863281,286.92999267578125,283.1700134277344,286.7900085449219,263.8952331542969,3023600,269.57160217285156,279.62798759056585,281.9444786435082,4.691080701830003,4.456161793336825,0.23491890849317798,286.82404626408317,70.30852493330907,3.0877052339947815,99.3026340510087,-5.6995050783494206,3.1377177411025263,287.96037349496146,279.94450225830076,271.92863102164006,50205100.0,156991526.63246682,1977342.6429829597
2020-09-02,288.0799865722656,292.0599975585937,287.6000061035156,291.2099914550781,267.9622497558594,3464300,270.1658020019531,280.7310355776623,283.0173823765346,5.044277652793653,4.5737849652281914,0.4704926875654616,288.602322939325,75.08934447939522,4.967018398548163,168.4201309229935,-5.250191323885556,3.290022832000333,289.4678973756585,280.9050018310547,272.34210628645087,53669400.0,159135341.52657887,2595477.770287007
2020-09-03,290.9700012207031,292.3599853515625,281.1000061035156,283.3399963378906,260.7205810546875,6118500,270.7400018310547,280.97950803101736,283.2492866152809,4.6357083867611095,4.586169649534775,0.049538737226334284,287.9544480567166,57.37478973902753,1.9685469164802174,62.251209857612196,-54.69978384140474,3.8593054331465146,289.36473355000805,281.377001953125,273.3892703562419,47550900.0,155451194.1922644,1440170.0096034408
2020-09-04,284.9100036621094,285.7900085449219,277.010009765625,281.7699890136719,259.2759704589844,7145800,271.2266015625,281.0547919341273,283.28671395438056,4.137532925837661,4.496442304795353,-0.3589093789576916,286.9556673490682,54.607127074800005,0.8879588932201676,-28.581919413792782,-64.22075566676043,4.210783529300112,289.0960294395437,281.73450164794923,274.37297385635475,40405100.0,156053427.09425014,1028239.1209007502
2020-09-08,278.82000732421875,278.8299865722656,275.010009765625,275.4200134277344,253.43295288085935,4780100,271.72740173339844,280.5181463620899,282.68533412388393,3.193522384915866,4.235858320819456,-1.0423359359035897,284.43819084973524,45.12574778363631,-2.7402992615129556,-133.38390953748439,-97.63686317552117,4.392868937782024,289.31268283308174,281.59850158691404,273.88432034074634,35625000.0,152299437.25378934,-428205.6574333906
2020-09-09,278.0899963378906,282.489990234375,277.3900146484375,279.8500061035156,257.5092163085937,3488900,272.2062017822266,280.4545139565114,282.5188107445126,2.7709092983880055,3.9428685163331663,-1.1719592179451608,283.48643448059,51.45796503445601,-0.9801107711870519,-64.6108842511189,-72.10372825069831,4.584090928414781,289.2256535200047,281.7315017700195,274.23735002003434,39113900.0,152176304.0277667,-1024274.942537874
2020-09-10,281.1300048828125,282.1700134277344,274.8500061035156,275.7900085449219,253.7733612060547,3455800,272.5646020507813,280.0102753458838,281.9529542468843,2.0843504162531303,3.5711648963171596,-1.4868144800640293,281.6262793615879,46.19653237064642,-2.695545400376466,-117.00487671362487,-94.63161875813701,4.779513528115064,289.4227808619775,281.51900177001954,273.61522267806157,35658100.0,149608060.63614985,-1992173.9162734747
2020-09-11,276.95001220703125,278.82000732421875,274.9599914550781,277.0899963378906,254.96946716308597,2787500,272.9602020263672,279.73215353559874,281.53114420572916,1.626397606996818,3.1822114384530917,-1.5558138314562737,280.42243833468234,48.02889548607889,-2.789086433029046,-124.02500568140177,-87.2073507190201,4.713835123902604,289.4930819545775,281.40250091552736,273.3119198764772,38445600.0,149896915.1445896,-2115117.615000516
2020-09-14,278.9200134277344,281.42999267578125,278.6700134277344,280.5299987792969,258.1350402832031,2371700,273.40240173339845,279.80813879690334,281.4480487641834,1.5234843744780164,2.850466025658077,-1.3269816511800605,280.3206616214313,52.62658970249202,-2.1520799319948747,-48.274200733724456,-67.56139687364383,4.687132353473177,289.5068893373285,281.4390014648437,273.37111359235894,40817300.0,150721853.13483718,-1710649.0753100216
2020-09-15,282.4200134277344,282.8999938964844,279.8800048828125,280.5799865722656,258.1810607910156,2331800,273.7540014648437,279.8816481088426,281.3662378220331,1.4294803339154214,2.566268887309546,-1.1367885533941244,280.2462878365436,52.692083753150506,-1.301537998775561,-26.610916854895134,-67.27591513628354,4.568050686344512,289.51880090080215,281.52050018310547,273.5221994654088,43149100.0,149470995.67871898,-1787671.220082432
2020-09-16,281.5400085449219,284.2300109863281,280.7799987792969,281.0299987792969,258.5951232910156,2651800,274.19380126953126,279.9910148393621,281.3195234026228,1.3754384800877801,2.3281028058651927,-0.9526643257774126,280.29942017955585,53.31778023925995,-2.0084415753705627,-7.639371096933911,-64.70588235294117,4.502477381181511,289.5192074366939,281.66199951171876,273.80479158674365,45800900.0,147203513.1594797,-2378136.4245125055
2020-09-17,277.69000244140625,281.1499938964844,277.0899963378906,279.57000732421875,257.2516174316406,3305300,274.57080139160155,279.9509188855389,281.1202860514323,1.200956928905157,2.102673630473186,-0.901716701568029,279.962340235729,50.96276572336291,-3.997110151577664,-55.40650675335112,-73.04393595309595,4.470871679568099,289.44905425696925,281.7690002441406,274.088946231312,42495600.0,147936235.44634512,-2170357.241911918
2020-09-18,279.0199890136719,279.3999938964844,274.7699890136719,276.5199890136719,255.05355834960935,3156700,274.9564013671875,279.6241636596468,280.6203802199591,0.8072624360670488,1.8435913915919586,-1.0363289555249098,278.8949011123092,46.356307091807516,-2.4070048042513936,-93.27509934318466,-90.05116336363116,4.494382153209441,289.5395468933206,281.70149993896484,273.86345298460907,39338900.0,147165807.22783157,-2133187.7147467434
2020-09-21,271.5799865722656,272.1700134277344,267.04998779296875,271.44000244140625,250.3679656982422,5936900,275.16880126953123,278.84471973410007,279.64309474400113,0.084371668835729,1.4917474470407128,-1.4073757782049838,276.70745277147995,39.88914539835174,-3.6661060350768584,-190.44072395385945,-82.65501749546034,4.849783515173275,290.2931725022397,281.3089996337891,272.32482676533846,33402000.0,151409746.08509704,-573711.6613449752
2020-09-22,271.6700134277344,273.239990234375,269.7900085449219,272.8099975585937,251.63153076171875,3169800,275.40420104980467,278.26998428881376,278.8336659749349,-0.3736698821122104,1.1186639812101282,-1.4923338633223386,275.28514147531075,42.229865087623864,-0.947649314462584,-133.35932259929064,-77.24215598089147,4.749797670478979,290.45416783606527,280.7904998779297,271.1268319197941,36571800.0,153789402.30673534,873574.7638720274
2020-09-23,274.17999267578125,274.5899963378906,267.0799865722656,267.5799865722656,246.80755615234372,3575900,275.4240008544922,277.25188926819015,277.5755218505859,-1.1454848524808767,0.6658342144719273,-1.8113190669528039,272.78670918690506,36.40222524649039,-4.384498575537411,-151.02983883731827,-97.90597064235229,4.946955677275123,291.2348641119705,280.0384994506836,268.8421347893967,32995900.0,150689653.48517558,399946.8797034323
2020-09-24,266.8599853515625,270.8800048828125,265.2699890136719,268.1000061035156,247.2872772216797,4432100,275.4078009033203,276.380281347745,276.438522484189,-1.6956461931260378,0.19353813295233424,-1.889184326078372,270.9085288220329,37.328300374107606,-2.7883542561889687,-149.88982509442036,-86.20850684116597,4.99431711955123,291.48730102570556,279.2720001220703,267.0566992184351,37428000.0,150729169.62191135,182404.52698644996
2020-09-25,266.760009765625,272.3099975585937,266.2300109863281,271.70001220703125,250.6078338623047,3606800,275.4924011230469,275.93454142958177,275.7173807779948,-1.8201807031160229,-0.2092056342613372,-1.6109750688546858,270.34726268713973,43.465702314342785,-1.945210654334374,-92.2912113032925,-66.08641486474741,5.071864937602253,290.94384292137295,278.6050003051758,266.26615768897864,41034800.0,153612252.50843894,994172.2532258928
2020-09-28,275.260009765625,277.1199951171875,274.7200012207031,275.8999938964844,254.48167419433597,2790200,275.67560119628905,275.9312511883344,275.45976112002415,-1.5619664014923842,-0.4797577877075466,-1.0822086137848377,271.02417151232333,49.659531065506386,-1.6504491152317342,3.2924920342401145,-43.93463837677576,5.096730507070396,289.87339477378833,278.06499938964845,266.25660400550856,43825000.0,153565739.1226322,1221080.0409102738
2020-09-29,275.6000061035156,275.9800109863281,273.2900085449219,274.4200134277344,253.11663818359372,1971100,275.82760131835937,275.78732378256296,275.1126195998419,-1.4599226823257823,-0.6757907666311938,-0.7841319156945885,271.23890829584894,47.67730947568479,-2.195442811080433,-13.094413124935208,-51.74043349074977,4.924821359522958,289.1218031284722,277.57200012207034,266.02219711566846,41853900.0,153250661.87579173,1102646.8263400495
2020-09-30,275.0,280.1700134277344,275.0,277.5,255.95755004882807,4028500,276.01080139160155,275.95043580327126,275.105762445359,-1.1176396694381765,-0.7641605471925903,-0.3534791222455862,272.2536125092746,51.97372260674125,-1.2560932265701328,38.084374988751755,-35.49579739957056,4.983762690985603,287.8565279227993,277.10749969482424,266.3584714668492,45882400.0,153118186.57312542,911805.021682024
2020-10-01,279.3299865722656,280.3500061035156,276.57000732421875,278.1400146484375,256.5478515625,2968000,276.17400146484374,276.1589671218585,275.20409720284596,-0.7856772837455992,-0.7684638945031922,-0.017213389242407007,273.2851120771177,52.840310619794494,-0.5114971700533242,48.917054721148226,-32.12019662568688,4.897779554436408,285.07203587210626,276.45400085449216,267.8359658368781,48850400.0,152615680.352543,590953.6658019125
2020-10-02,274.1700134277344,278.510009765625,273.6000061035156,276.79998779296875,255.3118438720703,4771600,276.376201171875,276.22001670958326,275.23704833984374,-0.6235359354625984,-0.7394783026950735,0.11594236723247509,273.80971049207864,50.77451291866614,0.10125806105215458,20.546660407955482,-39.187840626317836,4.898652704984477,284.150924970759,276.1270004272461,268.10307588373325,44078800.0,154063640.93952423,866687.9646357298
2020-10-05,278.7900085449219,281.5899963378906,278.75,281.510009765625,259.6562194824219,1862500,276.71260131835936,276.72382557206345,275.74971589587983,-0.11366804442542389,-0.6143162510411436,0.5006482066157197,275.4831322449215,57.120080879710954,3.7098464609660797,98.69679285967095,-14.34598137399764,4.890892407837149,284.1020790219286,276.11400146484374,268.1259239077589,45941300.0,155821228.83885908,1459931.058071047
2020-10-06,282.5400085449219,283.5199890136719,277.239990234375,277.7200012207031,256.16033935546875,4364400,276.9480010986328,276.81869944336245,275.9026682535807,-0.015240400678692367,-0.4945010809686534,0.47926068028996105,275.8853693139667,51.380493306755746,1.7997887562954393,85.32370613841121,-31.780755029965757,4.990114291512844,284.23999372576344,276.2290008544922,268.21800798322096,41576900.0,152124013.66559404,393513.7631583512
2020-10-07,280.2799987792969,283.6700134277344,280.2300109863281,282.9200134277344,260.9567565917969,2422600,277.3278015136719,277.3997769656836,276.53990754627046,0.4768647429963835,-0.30022791617564604,0.7770926591720295,277.57259517368055,57.665870738261944,5.732875261702673,126.77202083043167,-4.076081548167954,5.058678428335588,284.77376759606136,276.38250122070315,267.99123484534493,43999500.0,153490248.13623863,356189.1319756806
2020-10-08,284.5199890136719,284.67999267578125,282.69000244140625,284.2900085449219,262.2203369140625,2148000,277.7036016845703,278.0559894970396,277.2930034819103,0.9662702097197098,-0.04692829099657486,1.0131985007162847,279.31228124172924,59.16371406658863,6.038792268865207,131.56522314095565,-2.0091914336969996,4.83948641448126,285.8698616353281,276.8075012207031,267.7451408060781,46147500.0,154796348.61470753,724116.5594614446
2020-10-09,285.6099853515625,286.8099975585937,284.4100036621094,285.92999267578125,263.73309326171875,2549100,278.1566015625,278.80589456168167,278.16181219191776,1.4695208597884175,0.25636153916042365,1.2131593206279938,281.15572639992286,60.945094425870195,5.237386760920339,136.58004937745082,-4.085443517708864,4.673808028709156,287.14762865363554,277.24950103759767,267.3513734215598,48696600.0,155476093.48837715,1025086.0069221854
2020-10-12,286.95001220703125,289.6099853515625,286.67999267578125,288.4599914550781,266.0666198730469,2534800,278.63880126953126,279.7253323610527,279.22947794596354,2.048882145116181,0.6148656603515752,1.434016484764606,283.30579893233147,63.58425022593814,4.552373264388751,145.37217253263424,-4.724708584668735,4.602821217785734,288.61535655304266,277.64600067138673,266.6766447897308,51231400.0,156021124.3309977,1228439.1392697394
2020-10-13,287.6600036621094,288.1099853515625,286.0199890136719,286.739990234375,264.4801330566406,2430600,279.03920104980466,280.39339501565485,280.0955721900577,2.342240523193084,0.9603406329198769,1.381899890273207,284.59479310324446,60.586743449385175,4.489460026167137,109.88499599452011,-11.791271770734468,4.448334162330056,289.5628675773159,277.95400085449216,266.34513413166843,48800800.0,155265201.87498543,959431.9902017117
2020-10-14,287.2200012207031,287.95001220703125,284.5799865722656,285.1300048828125,262.99517822265625,2264000,279.37360107421875,280.8445007172889,280.7790011451358,2.416955628704841,1.2516636320768697,1.1652919966279711,285.19975318505317,57.83819617038796,2.7495513091216215,83.23462710322393,-19.161614117984893,4.371312124646883,290.11744337443866,278.159001159668,266.2005589448973,46536800.0,153740211.95385963,276938.455206424
2020-10-15,282.0299987792969,285.3999938964844,281.6600036621094,285.0400085449219,262.9122009277344,3128000,279.6344012451172,281.2440728913492,281.4343351818266,2.440770255599375,1.4894849567813708,0.9512852988180043,285.6358263955717,57.68067333516814,2.480762757277412,45.09361968810402,-28.002348660085687,4.326217703913176,290.7522656631902,278.4325012207031,266.112736778216,43408800.0,156266053.06620377,776237.0488899946
2020-10-16,286.239990234375,288.3699951171875,285.8900146484375,285.9700012207031,263.87841796875,2409300,279.87580139160156,281.69416130366864,282.15219232468377,2.5058008433357486,1.6927481340922466,0.813052709243502,286.1974475603531,58.92558779473871,3.3128662688356196,81.00707654355374,-22.30385602863271,4.255058337366923,291.6138495078833,278.9050018310547,266.19615415422606,45818100.0,154012166.90997222,192782.96487870812
2020-10-19,286.6400146484375,287.0599975585937,281.2799987792969,282.0299987792969,260.2427673339844,2837600,280.02400146484376,281.72614582515706,282.4498110816592,2.2138924099875794,1.7969769892713132,0.4169154207162662,285.5981272774167,51.95273037274915,0.1847142181923829,13.227877694648242,-47.34538661685236,4.3639826546476295,291.7308916489325,279.4345016479492,267.1381116469659,42980500.0,151910968.44957906,-731991.6673308909
2020-10-20,283.1600036621094,285.6600036621094,282.25,282.95001220703125,261.0916748046875,3339000,280.1202014160156,281.8427045281927,282.7846216110956,2.0333510628817635,1.8442518039934033,0.1890992588883602,285.31129103620293,53.34115778068034,1.8831956514978745,8.81757629520699,-41.598886802702935,4.31155567094512,291.9359994560223,279.9415023803711,267.94700530471994,46319500.0,149942841.32297152,-1669986.1328525841
2020-10-21,282.5400085449219,284.4700012207031,281.8299865722656,281.9700012207031,260.1871643066406,2907100,280.2158013916016,281.8548280227175,282.9778119768415,1.7905516830446686,1.8335117798036564,-0.04296009675898782,284.79180126846256,51.62966438080963,-0.335788265920576,-22.994567322458646,-47.72013762473433,4.192159883623147,291.2467851706393,280.66100311279297,270.0752210549466,43412400.0,147344100.66083622,-2728766.249167919
2020-10-22,282.1000061035156,284.1600036621094,280.29998779296875,283.6499938964844,261.73748779296875,2324200,280.28800109863283,282.0257962011715,283.2624777657645,1.713935611063107,1.8095965460555465,-0.09566093499243955,284.77574534695594,54.33462499901295,-0.22512738021053896,-46.07394773668032,-48.181033206690685,4.16843531116011,290.375607435259,281.4385025024414,272.5013975696238,45736600.0,149054124.58620286,-2369735.3887559175
2020-10-23,284.45001220703125,284.5400085449219,281.510009765625,283.3399963378906,261.4514465332031,2161000,280.36640075683596,282.15095811895424,283.44357241675965,1.609647594311582,1.7696067557067536,-0.15995916139517163,284.6586590470566,53.73745972226543,-0.9058148512693618,-40.181969308595505,-50.687077515172454,4.087118416027022,289.78403501470405,282.0205017089844,274.25696840326475,43575600.0,149503423.31614736,-1864469.9509908557
2020-10-26,280.1400146484375,280.3900146484375,273.70001220703125,277.0,255.60128784179688,5140600,280.3104010009766,281.6603906790538,282.9654293968564,1.003842202730823,1.6164538451115678,-0.6126116423807448,282.89670709636454,43.26458648431792,-3.9728183438093145,-243.89986716722134,-79.25836980998892,4.4837516813721905,289.67874563515176,282.0755020141602,274.4722583931686,38435000.0,149434246.65182236,-1510283.9422821105
2020-10-27,276.95001220703125,277.07000732421875,274.6000061035156,274.6600036621094,253.44210815429688,3029800,280.22460083007815,280.99368715363056,282.25919145856585,0.331102177213495,1.3593835115319532,-1.0282813343184583,280.832225653076,40.154092381948814,-4.2128712365483825,-225.7811627967937,-93.96610260521965,4.339912362752972,289.6429869285184,282.0875015258789,274.53201612323943,35405200.0,146551637.35076103,-2145284.99430418
2020-10-28,269.0,270.75,265.0199890136719,265.4800109863281,244.97119140625,5815200,279.97020080566404,279.516194185316,280.67752569289433,-0.9320536935784958,0.9010960705098635,-1.8331497640883594,276.75725719063314,30.799046251061142,-6.891591049689933,-259.20637520848453,-98.12923122746706,4.718491097444724,291.8109038818315,281.4865020751953,271.1621002685591,29590000.0,141670159.74039465,-3763229.6648566723
2020-10-29,265.1300048828125,268.94000244140625,262.8099975585937,266.5899963378906,245.99542236328125,5479400,279.75340087890623,278.28512772365644,279.2588108607701,-1.8225381945749177,0.35636921749290734,-2.178907412067825,273.72230525700127,32.83659688104072,-6.47277983929879,-181.62898360782037,-85.89552051852559,4.819313510685284,293.0498670452609,280.909001159668,268.76813527407506,35069400.0,142948380.88662001,-3676297.604933113
2020-10-30,265.0299987792969,266.32000732421875,261.4100036621094,265.0599975585937,244.58370971679688,5271200,279.49720092773435,277.02559151746,277.7493819463821,-2.6214927553043594,-0.23920317706654598,-2.3822895782378133,270.87236338888545,31.4614970360645,-7.3119570489394485,-151.12395253768827,-86.46144268047676,4.845076308192137,294.2102605598772,280.32200164794915,266.4337427360211,29798200.0,145514180.26632416,-2490134.904610038
2020-11-02,268.8999938964844,270.5,266.92999267578125,269.20001220703125,248.40380859375,5062900,279.29540100097654,276.2802982498001,276.6901448567708,-2.8873221656266423,-0.7688269747785652,-2.118495190848077,269.6586772096921,38.915699332622864,-4.549156695315152,-86.61953797406761,-71.1053003933554,4.887571031993149,294.3975137288013,279.70650177001954,265.0154898112378,34861100.0,146889856.34811452,-1340795.509852767
2020-11-03,272.6600036621094,276.42999267578125,272.20001220703125,274.6499938964844,253.4327087402344,4343000,279.12480102539064,276.12503116853196,276.2085726783389,-2.627932740758922,-1.1406481279746368,-1.4872846127842854,270.1326513995883,47.075852008387216,-2.9333868006599864,-26.969959466687808,-50.89022837252738,5.054885991761496,294.38728603138327,279.5530014038086,264.7187167762339,39204100.0,147577740.32306546,-529848.5372537673
2020-11-04,275.8999938964844,283.0599975585937,275.5599975585937,278.510009765625,256.9945373535156,6766400,279.0426013183594,276.3521719873027,276.10924014136907,-2.0868379625891293,-1.3298860948975353,-0.7569518676915941,271.5748839936595,51.969825095706305,-1.2270778593819014,23.975088855816796,-36.57265755440473,5.294537253929198,294.0909473247654,279.33250122070314,264.57405511664086,45970500.0,146134263.68244055,-609217.4761844575
2020-11-05,282.2900085449219,284.9599914550781,282.07000732421875,283.9100036621094,261.9774169921875,4316200,279.0522015380859,277.07196548014144,276.5451927548363,-1.2083529342455108,-1.3055794627671304,0.09722652852161962,274.2012640313121,57.84292079512087,0.09166570464298629,77.01548010902083,-12.280680881238215,5.377068999323764,294.0473265936818,279.3135009765625,264.57967535944323,50286700.0,147314143.82267433,-210886.77238315344
2020-11-06,283.95001220703125,284.3800048828125,281.8900146484375,283.2200012207031,261.3406982421875,3078200,279.01580139160154,277.6574926935283,276.9172403971354,-0.561353714381994,-1.156734313090103,0.5953805987081091,276.2041842805665,56.88573049138827,-0.0423502219024534,72.2138867540954,-10.061865737757735,5.1708490875417095,293.7144635982059,279.1780014038086,264.6415392094113,47208500.0,147524281.75286356,38100.290812432766
2020-11-09,298.6099853515625,299.489990234375,291.3900146484375,291.7200012207031,269.1842346191406,10839300,279.116201171875,278.9967792199259,278.111716570173,0.630014377697762,-0.7993845749325301,1.4293989526302922,280.0663715588845,64.64692037648186,5.31407986306972,165.55099399471894,-20.404390109031457,5.963644796551007,294.3553863453881,279.3410018920898,264.3266174387915,58047800.0,137568150.6994388,-3031364.9085893035
2020-11-10,293.29998779296875,294.9599914550781,291.3999938964844,294.510009765625,271.7586364746094,4354500,279.32080139160155,280.4742297480877,279.55638398670015,1.7788075602304616,-0.28374614789993174,2.0625537081303933,283.9528613873441,66.76193924055957,7.227119288884662,136.74171369968687,-13.077684413830681,5.791955708125489,295.85087882580643,279.72950286865233,263.60812691149823,62402300.0,140821837.99691683,-2976212.449275255
2020-11-11,296.07000732421875,296.1400146484375,292.92999267578125,294.1099853515625,271.3894958496094,2910400,279.4672009277344,281.7728731388948,280.9259537469773,2.626677108269803,0.29833850333401524,2.3283386049357877,287.01113823967296,66.15087309677446,10.784229765121104,122.67650730475017,-14.128169064877927,5.607531869877686,297.34296905967136,280.17850189208986,263.01403472450835,59491900.0,140051143.4025792,-2928306.318729162
2020-11-12,292.2200012207031,293.32000732421875,289.19000244140625,291.04998779296875,268.5658569335937,4361900,279.4640008544922,282.6564078678542,281.9613333565848,3.0169263550992014,0.8420560736870525,2.174870281412149,288.6841071751009,61.51273592760833,9.175134772902808,86.24664800674978,-22.163879772881177,5.558421229897584,298.17557471478676,280.4790008544922,262.78242699419764,55130000.0,139618086.26605567,-2780289.597969681
2020-11-13,292.9700012207031,295.9200134277344,292.4200134277344,295.1499938964844,272.3490600585937,3090400,279.70020080566405,283.8462732039142,283.3585707891555,3.6153622763416706,1.3967173142179763,2.2186449621236943,291.0695746254536,65.04878580298893,11.352145406716469,92.25747213095542,-11.397053225463916,5.509250115959587,299.6287306532823,280.93800048828126,262.24727032328025,58220400.0,141348675.77498424,-1916341.5868208408
2020-11-16,299.2799987792969,300.0799865722656,297.57000732421875,299.9800109863281,276.8060913085937,4615000,280.0644012451172,285.3828196593822,285.1720955984933,4.428322127486808,2.003038276871743,2.4252838506150654,294.2192995187761,68.6974199982352,11.433877185572033,105.03274413086446,-0.2585353765730325,5.467874584518277,302.29039062232823,281.8355010986328,261.38061157493735,62835400.0,145596033.42936677,-37263.45706361532
2020-11-17,297.3099975585937,299.1499938964844,295.6000061035156,298.3099975585937,275.26495361328125,4049200,280.5222009277344,286.61397945930713,286.74109526134674,4.881570829989357,2.578744787495266,2.3028260424940914,296.29695910038583,66.12700703899057,8.614601925324193,84.11542903300118,-4.5771652337789455,5.390169605825007,304.284750183652,282.60350036621094,260.92225054876985,58786200.0,147728994.06757307,1413507.2042721212
2020-11-18,299.20001220703125,299.75,294.760009765625,294.760009765625,271.9893798828125,3566400,280.8204010009766,287.38979186943266,287.8988580612909,4.897859866072338,3.04256780321068,1.8552920628616576,296.9992444329001,60.90976506662622,5.834619737249261,67.1664872474093,-13.757380806194753,5.36158536500715,305.55704637875226,283.24300079345704,260.9289552081618,55219800.0,144162594.06757307,743740.0017029345
2020-11-19,294.0599975585937,295.8099975585937,292.8999938964844,295.3299865722656,272.51531982421875,3266600,281.2112005615234,288.14600088875005,289.0499995640346,4.9002740998172385,3.4141090625319923,1.4861650372852462,297.6411704801066,61.43585599878018,4.022395393910652,48.32066361143958,-14.32881108464924,5.186472386228734,306.75598480204593,283.8270004272461,260.8980160524463,58486400.0,146351529.52140355,1098611.0630795062
2020-11-20,294.2200012207031,294.5899963378906,292.20001220703125,292.5299987792969,270.52886962890625,3090200,281.5200006103516,288.5635244973735,289.8788565499442,4.622961164425419,3.6558794829106778,0.9670816815147414,297.36050406448794,57.352400971500934,3.287196355648203,26.908975019120234,-27.080325448158927,5.039579670443422,307.5242879757827,284.28650054931643,261.04871312285013,55396200.0,144114661.13348296,432181.0044788718
2020-11-23,294.260009765625,296.6499938964844,293.4800109863281,295.8900146484375,273.6361694335937,2855600,281.8272009277344,289.2612854641415,290.9839531308129,4.621045330936738,3.8489126525158897,0.7721326784208484,297.92586542195363,60.72590993769185,1.4294574970125267,47.021301043412315,-17.087984507219268,4.973895059496571,308.74134215085616,285.23100128173826,261.72066041262036,58251800.0,145601044.45173392,593201.4904513061
2020-11-24,298.94000244140625,301.1099853515625,298.29998779296875,300.42999267578125,277.83453369140625,4022700,282.22420104980466,290.32497186525006,292.43147612072175,4.92904632590114,4.06493938719294,0.8641069387082005,299.49332431296386,64.77983548610977,2.010112632459403,124.90489824573746,-3.5379485550968592,4.991471891184316,310.393081825104,286.5195007324219,262.64591963973976,62274500.0,147676834.1930402,1265624.6532691717
2020-11-25,299.95001220703125,300.0400085449219,298.04998779296875,298.739990234375,276.27178955078125,2629200,282.5784008789062,291.1264021861191,293.5953322637649,4.979371169069907,4.247825743568334,0.7315454255015732,300.26367509034924,62.20577580539154,1.5742426688703048,102.66773438251752,-12.33089869799936,4.804938533443472,310.548135365901,288.18249969482423,265.8168640237475,59645300.0,146870885.9527666,1169211.9931285977
2020-11-27,299.44000244140625,300.20001220703125,298.1700134277344,299.239990234375,276.734130859375,1518000,282.9718005371094,291.89912485738154,294.648426600865,5.001940534298171,4.3986487017143014,0.6032918325838699,300.94766245929304,62.678282265884896,2.8139504500622095,96.18833793012807,-15.687900991822712,4.60672855100443,310.3276251874236,289.81499938964845,269.3023735918733,61163300.0,146953108.385455,1049640.1340966225
2020-11-30,297.5199890136719,297.79998779296875,294.75,296.6199951171875,274.3110656738281,4159300,283.37380065917966,292.34873154879165,295.29652143205914,4.753618454581158,4.469642652287673,0.28397580229348485,300.7522979994004,58.54773518471086,0.49805226193522706,10.394764885167254,-37.66775731322037,4.598390099816614,308.6413920303787,291.39299926757815,274.1446065047776,57004000.0,147894071.87427852,1204700.016927719
2020-12-01,299.7300109863281,301.010009765625,298.17999267578125,298.44000244140625,275.9942932128906,2841100,283.9138006591797,292.9288525861835,295.96766459147136,4.6500775979931745,4.505729641428774,0.1443479565644008,300.99189093202347,60.49531998467547,-0.5133703875329421,83.08463873017045,-22.399217601908884,4.58350613900382,307.0106901584998,292.85499877929686,278.6993074000939,59845100.0,145575027.90550762,420737.79557448626
2020-12-02,297.1000061035156,299.3399963378906,296.3500061035156,299.17999267578125,276.6786193847656,2481700,284.44120056152343,293.5241992613833,296.5700449625651,4.574994066964223,4.519582526535864,0.055411540428359274,301.31157612184927,61.29164500944609,0.2916412873546665,47.40098946000432,-16.19123693656328,4.469683574387475,305.74696309065547,294.08149871826174,282.416034345868,62326800.0,147791120.95890847,766897.6042325199
2020-12-03,299.3800048828125,301.3999938964844,299.04998779296875,300.0599975585937,277.49249267578125,3140900,285.09080078125,294.14665624207,297.1394258045015,4.534231073852936,4.522512235999278,0.01171883785365857,301.73576485347877,62.265783992923865,1.798068807631984,95.24868607101642,-14.565206574561508,4.318278040753771,304.6507458564111,295.1589981079102,285.66725035940925,65467700.0,147350077.49809408,698458.4607669413
2020-12-04,300.739990234375,302.5899963378906,300.6000061035156,302.5899963378906,279.83209228515625,2747300,285.7806005859375,294.9507838702434,297.8471399216425,4.652445371343788,4.54849886306818,0.10394650827560792,302.6754747605655,64.99341644857878,2.4582704417820826,136.92111603017224,0.0,4.190543807792569,304.598279970289,296.0929977416992,287.5877155131094,68215000.0,150097377.49809408,1481105.314734012
2020-12-07,301.7699890136719,302.1600036621094,300.0,301.1000061035156,278.454345703125,2589900,286.3686004638672,295.53642408293604,298.3239978608631,4.573184470381136,4.553435984530771,0.01974848585036515,302.99479491255886,62.14436641289307,2.929616572652607,98.10146942406304,-14.34064013581665,4.076218988513858,303.39122305238914,296.9869979858398,290.5827729192905,65625100.0,150145348.77347237,1681896.6776378453
2020-12-08,300.010009765625,302.8699951171875,299.9800109863281,302.20001220703125,279.4714660644531,2205400,286.8946008300781,296.17105152332607,298.8204754057385,4.546719186199368,4.552092624864491,-0.005373438665122521,303.47865046156875,63.41927593137106,2.1325483274895203,100.42503265608322,-6.279137612474761,3.9914879272528236,303.81993226991375,297.51099853515626,291.2020648003988,67830500.0,151328196.23120686,1987499.455592364
2020-12-09,303.2200012207031,303.6000061035156,299.9700012207031,300.8800048828125,278.25079345703125,3074500,287.4238006591797,296.61952327184855,299.1413331531343,4.368870083712409,4.515448116634075,-0.14657803292166616,303.4712910726179,60.774224042277176,0.1497893745638423,84.14026436835638,-23.859672605105008,3.9656677097928004,304.1434297545945,297.8294982910156,291.51556682743677,64756000.0,149795185.20958397,1444060.7710035443
2020-12-10,299.989990234375,301.1499938964844,299.20001220703125,300.5400085449219,277.9363098144531,2413000,287.8846008300781,296.99290282166504,299.39947698683966,4.152619710550823,4.442882435417425,-0.29026272486660165,303.3186156192515,60.07916865621896,0.6025367775953528,42.75212611840069,-26.8420982184685,3.8216901369113954,304.3279482451981,298.15099945068357,291.974050656169,62343000.0,150698535.49206984,1377896.328916967
2020-12-11,299.42999267578125,301.17999267578125,298.67999267578125,300.92999267578125,278.2969970703125,2454300,288.340400390625,297.36786376015226,299.6641430082775,3.9669793236631676,4.347701813066574,-0.38072248940340625,303.2404735440051,60.63528351324396,0.5647649032746533,31.039301066671694,-26.383544624440614,3.7272836985605813,303.9964704087159,298.6449996948242,293.29352898093254,64797300.0,152661975.49206984,1850296.663616389
2020-12-14,303.0199890136719,303.79998779296875,299.0,299.1000061035156,276.60467529296875,3646100,288.7864007568359,297.53282969761545,299.7074769519624,3.6303449996967743,4.204230450392614,-0.5738854506958395,302.6516791363232,56.647502172548194,0.8360902930189624,39.843878055318726,-51.93356938121734,3.803905419589736,303.94941776070493,298.8425003051758,293.7355828496467,61151200.0,149167805.9842942,763561.351372391
2020-12-15,300.95001220703125,302.94000244140625,299.4800109863281,302.6199951171875,279.85986328125,4211500,289.2086004638672,298.0173216423366,300.06723836263023,3.6060255503899157,4.084589470392075,-0.4785639200021592,303.0375896497232,61.84543348700331,1.40061407371216,88.19345383809181,-13.03861068959703,3.8064833423255138,304.3229589194814,298.97449951171876,293.62604010395614,65362700.0,152600280.45001477,1341724.1126043797
2020-12-16,302.5400085449219,302.8699951171875,301.32000732421875,302.1499938964844,279.4252624511719,1977300,289.6972003173828,298.41090947606494,300.36966639927454,3.5083845676530245,3.969348489844265,-0.46096392219124027,303.19003145353884,60.797237200651,0.9927138489911287,99.92696398687947,-18.23200134884505,3.6453050888000305,304.67894004631074,299.16649932861327,293.6540586109158,63385400.0,152740587.38445067,1500913.438373953
2020-12-17,303.2200012207031,303.7099914550781,302.8500061035156,303.489990234375,280.66455078125,3002900,290.1085998535156,298.8946314530469,300.7814274379185,3.4987979264499245,3.875238377165397,-0.3764404507154726,303.6222524823258,62.736378040361295,1.143102280773538,141.06463522393776,-3.4253920080930755,3.4963545509281535,305.0325436133944,299.6029983520508,294.1734530907072,66388300.0,154207085.24818382,1896202.6247971654
2020-12-18,303.07000732421875,303.1400146484375,300.2300109863281,301.8999938964844,279.7362060546875,4442100,290.4607995605469,299.18085644766,301.00018891834077,3.3245773694766285,3.765106175627644,-0.4405288061510153,303.5247618354637,59.00670114990699,-0.2280321391179604,49.913265354079336,-25.50333646019801,3.479470600722348,305.0746323500829,299.9314987182617,294.78836508644054,61946200.0,154863419.44041285,2094363.38724339
2020-12-21,298.7900085449219,302.9700012207031,297.4200134277344,302.1400146484375,279.9585266113281,6340800,290.785,299.46268103821023,301.2105237688337,3.169339815086687,3.6459529035194524,-0.4766130884327655,303.47015847722423,59.399097363362785,0.3454030301694278,-20.251801843893297,-22.28157348200278,3.6273646858828053,304.3550145710596,300.41199951171876,296.4689844523779,68287000.0,159307718.38356754,3399127.6004076004
2020-12-22,301.8399963378906,301.8800048828125,299.8599853515625,300.07000732421875,278.0404663085937,2698200,291.0172003173828,299.5205216368777,301.1779530843099,2.846468328489266,3.4860559885134155,-0.6395876600241497,302.8545321855082,54.54945073527081,-0.7048328248753596,-62.352903246604804,-58.463878617997786,3.5311264438108187,303.98349326163753,300.6209991455078,297.2585050293781,65588800.0,157170583.53947762,2943885.728090912
2020-12-23,301.20001220703125,302.7900085449219,301.1400146484375,301.2799987792969,279.16162109375,2714400,291.30800048828127,299.6880908885367,301.2407149541946,2.6575914869335406,3.320363088197441,-0.6627716012639002,302.6346504834258,56.77121697523067,0.13294133541381908,35.10288893146574,-39.49841910656801,3.473188927874555,304.03673246760053,300.6634994506836,297.2902664337667,68303200.0,154916758.4853781,1772898.2878305316
2020-12-24,301.6600036621094,302.1000061035156,300.92999267578125,302.0199890136719,279.8471374511719,1955700,291.64580017089844,299.91017642426385,301.36990443638393,2.5383556726513348,3.16396160508822,-0.6256059324368852,302.62123482816554,58.11955530392291,0.4924404161413959,32.19177809852114,-27.899779488087095,3.308676392150256,304.1288858124035,300.82749938964844,297.5261129668934,70258900.0,156604958.26888835,1669839.876310885
2020-12-28,303.69000244140625,305.1499938964844,303.3500061035156,304.0,281.68182373046875,2382400,292.025,300.2996834314768,301.6720473516555,2.573959763816447,3.0459612368338655,-0.4720014730174187,303.1010352710356,61.573263695833354,1.020173262532307,221.20105715763904,-14.877060830017053,3.2959141414832738,304.555699061871,301.0654998779297,297.5753006939884,72641300.0,155943176.00311235,1265308.9073685706
2020-12-29,305.42999267578125,305.70001220703125,302.6400146484375,303.4599914550781,281.1814880371094,2319600,292.3747998046875,300.60066514801025,301.9000941685268,2.529444227512556,2.9426578349696038,-0.4132136074570476,303.3315239451011,60.1171657337553,1.4577015254401402,155.22815556187416,-27.053394712497102,3.2790629569911647,304.39210189806886,301.4074996948242,298.42289749157953,70321700.0,154866726.14572728,642284.1102361679
2020-12-30,304.1099853515625,305.1300048828125,303.8599853515625,304.1300048828125,281.80230712890625,2081300,292.8167999267578,300.93679274180096,302.1593803769066,2.519190172193305,2.857964302414344,-0.3387741302210392,303.6716804468837,61.33880027760922,0.4989788480567053,138.39998390677997,-18.96144390919914,3.164130847758537,304.57388946497224,301.6919998168945,298.8101101688168,72403000.0,153670438.75626168,-51616.031624019146
2020-12-31,304.0,306.2900085449219,303.3500061035156,305.7900085449219,283.3404846191406,2797000,293.27359985351563,301.39900377066965,302.54966692243306,2.6148695928130223,2.80934536049408,-0.19447576768105757,304.3586332993082,64.25974389613366,1.2047045248938701,140.3063834054835,-5.636981682561959,3.1481216758762307,305.17924956733134,302.0225006103516,298.86575165337183,75200000.0,155516079.00206292,256457.26415395737
2021-01-04,306.5899963378906,306.6600036621094,298.739990234375,302.32000732421875,280.125244140625,5106600,293.68059997558595,301.48671839481716,302.5780008951823,2.383223803979604,2.7241210491911847,-0.3408972452115808,303.9979126211837,54.919105361351,-0.38550955478060805,5.49446646741693,-46.96970697809601,3.4889710867232413,305.1622825475177,302.1355010986328,299.1087196497479,70093400.0,155026065.94040748,203259.70515877008
2021-01-05,301.92999267578125,305.04998779296875,301.3800048828125,303.8399963378906,281.5336303710937,3355200,294.08440002441404,301.7108401036813,302.7403337751116,2.29582837730635,2.638462514814218,-0.3426341375078681,304.0748067089062,57.811933930569985,0.642597708058066,42.00158563508375,-30.519592041641342,3.501900502682742,305.31015928210337,302.1980010986328,299.08584291516223,73448600.0,156168850.55348936,526632.1983541548
2021-01-06,303.75,310.239990234375,303.0599975585937,308.2099914550781,285.58270263671875,7290300,294.5817999267578,302.3298068990524,303.31290428524926,2.5497964896621284,2.6207293097838003,-0.0709328201216719,305.2515826948197,64.80457950239186,2.0089946754333408,189.33315382783994,-15.834652510801384,3.7646213721897825,306.5744078072356,302.5535003662109,298.53259292518624,80738900.0,159336778.63224006,1619022.4071407616
2021-01-07,309.7200012207031,311.9800109863281,309.0599975585937,310.5,287.70465087890625,4107900,295.2517999267578,303.1079205277141,304.06971377418154,2.9023955899384646,2.677062565814733,0.22533302412373146,306.78741592921295,67.8151209749407,3.475853108008853,239.90310529747546,-10.164912324827814,3.765006954979798,308.26785624376254,302.9684997558594,297.66914326795626,84846800.0,159280494.26720133,1900816.7939374447
2021-01-08,311.25,311.42999267578125,307.989990234375,311.0400085449219,288.2050170898437,3234900,295.9794000244141,303.8633574817339,304.8384288969494,3.188650317784777,2.7793801162087424,0.4092702015760348,308.15771193362815,68.49938807431442,3.2395146724541477,168.50290684339217,-6.4560618064900215,3.7417923468674013,309.7381619468647,303.4764999389648,297.21483793106495,88081700.0,161781929.8662858,2639206.116068661
2021-01-11,308.489990234375,311.0,308.4200134277344,310.1700134277344,287.3989562988281,2811400,296.8732000732422,304.46399138135297,305.4759063720703,3.307184749708881,2.8849410429087703,0.4222437068001108,309.0210283327786,66.06253210932282,2.6985049700447354,124.7886113515688,-12.431303997887245,3.6616639733188365,310.7046341130115,303.95800018310547,297.21136625319946,85270300.0,162784464.44477436,3020334.9213624597
2021-01-12,310.17999267578125,311.25,308.9100036621094,310.739990234375,287.9270324707031,2290900,297.7561999511719,305.06170555783126,306.1218101864769,3.4078331268206057,2.989519459691137,0.4183136671294685,309.83916276577327,66.89349486254281,2.21710205078125,108.89855289629173,-9.365700969692226,3.5672591422168214,311.65405491693525,304.44850006103513,297.242945205135,87561200.0,164076746.32460794,3312855.9469876587
2021-01-13,310.6300048828125,311.6000061035156,309.9200134277344,310.6300048828125,287.8250427246094,1854400,298.66760009765625,305.59201977925807,306.7105249314081,3.4390792275462445,3.0794314132621587,0.35964781428408577,310.44192836279564,66.55485024366831,2.3627541124464075,97.54693265805176,-10.196404739897979,3.4324543946142807,312.2714843139614,305.025,297.77851568603853,85706800.0,163789743.81779596,3040035.9373952746
2021-01-14,311.5899963378906,312.2699890136719,309.8900146484375,310.04998779296875,287.2876892089844,3232400,299.484599609375,306.0165881615162,307.18909519740515,3.378098835163712,3.1391648976424698,0.23893393752124226,310.7452731960785,64.69481824439899,1.946530370272851,83.88809960367223,-16.40799276419812,3.357277249658573,312.86997123455774,305.39649963378906,297.9230280330204,82474400.0,160991883.95397252,1761832.7097640932
2021-01-15,308.010009765625,309.32000732421875,306.0299987792969,308.1199951171875,285.6172180175781,4009100,300.15399963378906,306.2169126334849,307.44847571963356,3.137865791950844,3.138905076504145,-0.0010392845533009343,310.45360625169246,58.80558402423666,0.7619564103329229,14.642121541519034,-30.67253710942346,3.404613804230952,313.10255625896144,305.6949996948242,298.287443130687,78465300.0,162076390.37099552,1423835.0029892027
2021-01-19,310.3599853515625,310.739990234375,308.6000061035156,309.32000732421875,286.7296447753906,2781700,300.77019958496095,306.51244546117385,307.79371454148065,3.0096173353853715,3.113047528280391,-0.10343019289501942,310.4893091576247,61.17229763363992,2.315427305640725,48.36996531863977,-21.803266486373097,3.348569612299277,313.48234779807456,305.9865005493164,298.4906533005583,81247000.0,161166505.55574232,866614.8632744253
2021-01-20,310.42999267578125,312.3399963378906,309.94000244140625,311.7699890136719,289.00079345703125,2398400,301.3273992919922,307.0131638947451,308.3445229666574,3.0702802767177104,3.104494077967855,-0.034213801250144726,311.12033428367374,65.52690935615935,2.6099238978934696,82.70938892199382,-4.191228444165196,3.3250995695401766,314.13267293500405,306.4800003051758,298.82732767534753,83645400.0,162425648.0197887,960514.2389263809
2021-01-21,312.010009765625,312.7099914550781,311.20001220703125,311.8699951171875,289.09344482421875,1930000,301.90039916992185,307.4757192492634,308.8578558058966,3.090796968050938,3.1017546559844718,-0.010957687933533578,311.6296819167051,65.69603149470458,1.1875032489473412,88.77728314570594,-6.01285801353958,3.1954481180049408,314.69048708719146,306.9664993286133,299.2425115700351,85575400.0,162208343.1025511,842465.669942379
2021-01-22,309.8599853515625,311.0199890136719,309.0899963378906,309.9700012207031,287.3321838378906,2049700,302.26539916992186,307.71326991321007,309.14390360514324,2.920082076720064,3.0654201401315904,-0.14533806341152644,311.519952989973,59.703248080044524,-0.17069203842089373,31.552541861729644,-19.613385790649872,3.1657731652400787,314.60095085344415,307.4614990234375,300.3220471934309,83525700.0,162027817.04391918,660145.1757985353
2021-01-25,308.989990234375,309.7799987792969,305.6199951171875,309.6499938964844,287.0355834960937,4546400,302.56819885253907,307.89771981637904,309.3523316882906,2.7275261550648224,2.997841343118237,-0.2703151880534147,311.31455183304405,58.73150166446356,-0.44689255730802474,-45.803997087965584,-27.007953973080934,3.2503612322597606,314.4820376430554,307.8799987792969,301.2779599155384,78979300.0,166290056.62136847,1881713.4595828056
2021-01-26,310.5400085449219,311.19000244140625,309.2099914550781,309.3900146484375,286.7947082519531,2256100,302.87379943847657,308.0398431337179,309.4961427234468,2.5248412490227565,2.903241324299141,-0.3784000752763843,311.0495035638241,57.90689149065986,-0.2514745931358721,3.0305188155841147,-34.40392649212056,3.15962192897893,314.3009236313394,308.24850006103514,302.1960764907309,76723200.0,164444207.20012033,1623065.3544080555
2021-01-27,306.5400085449219,306.7200012207031,302.1000061035156,303.260009765625,281.1122436523437,5743100,303.11799987792966,307.58462090818523,309.0210484095982,1.8482661753008074,2.6922462944994745,-0.8439801191986671,309.21648199363915,42.68781422364648,-2.4071508990871244,-295.6510760169865,-89.06686839168401,3.4546495444034258,314.37538015153626,308.2115005493164,302.0476209470965,70980100.0,161585100.30525416,459987.5398875475
2021-01-28,304.9800109863281,309.4200134277344,304.8299865722656,306.07000732421875,283.7171325683594,6392100,303.3364001464844,307.4403719954265,308.81709667387463,1.521282476343174,2.4580535308682148,-0.9367710545250407,308.42626542867333,49.26976660147332,-1.4679836097334007,-115.34668366868019,-62.58240620361954,3.647889124239565,314.20093647079733,308.3420013427734,302.4830662147495,77372200.0,158646721.55706593,-992572.7622841597
2021-01-29,303.9200134277344,304.7799987792969,298.5899963378906,299.8099975585937,277.9141845703125,5929900,303.3329998779297,306.7136696681091,308.00452488490515,0.7483881157841665,2.1161204478514053,-1.3677323320672388,306.145631242106,38.627039254030485,-3.302690094351062,-228.5297454806874,-91.35976173803327,3.921612114388748,314.84547499470455,308.1260009765625,301.4065269584205,71442300.0,155054295.6718592,-2639612.6891670823
2021-02-01,302.2799987792969,303.3500061035156,300.1400146484375,302.0199890136719,279.9627380371094,3138600,303.4071997070312,306.2666524629246,307.42299993605843,0.31061107625521345,1.755018573532167,-1.4444074972769536,304.8511055491613,43.284750345140964,-1.9797501623338678,-152.8669182305062,-75.7082587684035,3.8943547165696897,315.10510105599366,307.9375,300.76989894400634,74580900.0,155592021.6841233,-2902342.319974512
2021-02-02,304.5400085449219,308.42999267578125,304.5199890136719,306.82000732421875,284.41229248046875,3090500,303.6483996582031,306.319352925905,307.3165720621745,0.3469910834342045,1.4734130755125747,-1.1264219920783702,305.0455529454341,51.83475294578982,-0.8082244732975145,-31.793986389171764,-41.7137830571189,4.074043926965381,314.87893641237497,308.1625,301.4460635876251,77671400.0,156137429.57731968,-2572434.4465628266
2021-02-03,306.1000061035156,307.94000244140625,305.17999267578125,307.260009765625,284.8201599121094,2087800,303.88700012207033,306.4089392915926,307.2306206112816,0.40663953357631044,1.260058367125322,-0.8534188335490116,305.3308348813966,52.541040392956766,-1.4465726038336235,-20.822779893306173,-38.597617380328685,3.980184344012497,314.76931012365117,308.33350067138673,301.8976912191223,79759200.0,157196473.28364432,-1866646.005739957
2021-02-04,307.8500061035156,310.6700134277344,307.7699890136719,310.6700134277344,287.9810485839844,2638800,304.2498004150391,306.8147558759871,307.4531456356957,0.7207616651826356,1.1521990267367848,-0.43143736155414913,306.4593221384062,57.71601314084584,-0.3847698426397906,55.01785537665583,-14.447441450320309,3.9394571524479884,314.9717096478704,308.45650177001954,301.9412938921687,82398000.0,159835273.28364432,-568601.0976087749
2021-02-05,312.3599853515625,312.54998779296875,310.8699951171875,311.5400085449219,288.7874755859375,1955600,304.56280029296875,307.2647799396952,307.74681294759114,1.028056260089329,1.1273704734072938,-0.09931421331796475,307.6152975904358,58.94597666355249,0.5065029899783373,89.82781894905338,-8.286000812649675,3.7923512390755874,315.10422378909027,308.5085021972656,301.91278060544096,84353600.0,159439535.15467066,-111808.39462774992
2021-02-08,312.70001220703125,313.8900146484375,312.4100036621094,313.8900146484375,290.9658508300781,1690000,304.8320007324219,307.8957546738611,308.2593379429409,1.4445632670905297,1.190809032143941,0.25375423494658866,309.1716006795903,62.14879883897004,1.3692946344350838,114.79587979230833,0.0,3.68932658653559,315.574350561274,308.65100250244143,301.72765444360886,86043600.0,161129535.15467066,622953.0197397172
2021-02-09,313.260009765625,314.5,312.57000732421875,313.9200134277344,290.9936828613281,1798700,305.1356011962891,308.46949360280144,308.76114850725446,1.7568172262850794,1.3040106709721688,0.4528065553129106,310.44696768121725,62.18935067419497,1.4641709702377923,111.84358855897256,-3.645420733917859,3.5636598786245655,316.11058196650674,308.83850250244143,301.5664230383761,87842300.0,161847172.1427482,1095244.183665663
2021-02-10,315.1700134277344,315.239990234375,312.29998779296875,314.5,291.5312805175781,3048000,305.44080139160155,309.04382754539176,309.3003387451172,2.0277066675865285,1.4487498702950408,0.5789567972914877,311.6281771965966,63.014367744136614,3.7063872163896074,111.26551992343774,-4.444387421254536,3.5191129188232573,316.670398768488,309.02650299072263,301.3826072129573,90890300.0,163360826.31867048,1670503.7900047004
2021-02-11,315.0899963378906,315.760009765625,312.79998779296875,314.67999267578125,291.6982421875,1937100,305.80200134277345,309.58060517685743,309.8387663341704,2.231192606644754,1.6052384175649834,0.6259541890797706,312.6230649789369,63.282129080687845,2.8130771214188184,103.33474928423067,-6.290135382766914,3.4791778512399,317.23795138197755,309.22900238037107,301.2200533787646,92827400.0,163884354.98436114,1920550.5871354342
2021-02-12,314.2799987792969,315.1400146484375,313.8299865722656,315.0400085449219,292.031982421875,2479500,306.1340014648438,310.1005483547683,310.39219549269905,2.393911430434912,1.7629730201389693,0.6309384102959426,313.5076596093453,63.845927097583456,5.0798876322834055,91.49138163814808,-4.193364342628425,3.324238581592184,317.87570629503654,309.47850341796874,301.08130054090094,95306900.0,165985290.37467492,2516726.3931401074
2021-02-16,316.3299865722656,316.5400085449219,314.8699951171875,315.5799865722656,292.5325012207031,1836300,306.4620013427734,310.62239961357756,310.9732891264416,2.5371918167203376,1.917816779455243,0.6193750372650946,314.3451995565371,64.72091587348729,4.489768244438919,93.05529128797438,-5.34830818822617,3.206079642030912,318.62834819895744,309.8515029907227,301.0746577824879,97143200.0,165710363.81911325,2444346.5558142066
2021-02-17,314.69000244140625,316.9100036621094,313.8699951171875,316.6000061035156,293.47802734375,2007400,306.79280151367186,311.1916954697622,311.61600370861237,2.7019037421807752,2.0746341720003496,0.6272695701804256,315.2658801260421,66.37633288233526,3.1875361925020376,83.91611700153007,-1.692125735036898,3.194217420808838,319.4650969375898,310.2155029296875,300.96590892178517,99150600.0,167308364.24675968,2700977.9806307256
2021-02-18,314.75,316.0,313.3800048828125,315.5599975585937,292.5139465332031,2609600,307.0522015380859,311.6077242401271,312.1250031970796,2.717196976582784,2.203146732916837,0.5140502436659471,315.71751751363047,63.12398051805016,2.701291261202473,63.56502962617649,-7.369026003231971,3.196059120801287,319.92554886829686,310.4050033569336,300.88445784557035,96541000.0,169041450.87956953,3111856.7666196525
2021-02-19,315.6099853515625,316.3399963378906,314.5799865722656,314.9200134277344,292.4776611328125,2314900,307.3286016845703,311.9231803532325,312.5550041562035,2.6471607825375827,2.291949542840986,0.3552112396965965,315.88737138519485,61.13871931822474,1.3680110137145893,64.26656143838727,-11.866377686667795,3.093484166860124,320.2629452069758,310.55750427246096,300.8520633379461,94226100.0,167621009.74348962,2545088.9297151864
2021-02-22,312.8999938964844,316.489990234375,312.7699890136719,315.2099914550781,292.7470703125,2978000,307.58880126953125,312.23620998197975,312.9980981735956,2.5852541964208626,2.3506104735569617,0.2346437228639009,316.0682559592064,61.72608255793808,1.1780133560685397,50.860269437101984,-13.720824835712664,3.1382353849917672,320.7281416414491,310.8195037841797,300.9108659269103,97204100.0,168549636.02633497,2377329.638276428
2021-02-23,314.7699890136719,316.489990234375,311.6000061035156,315.3900146484375,292.9141845703125,5723400,307.8790014648437,312.5365723311662,313.43338492257254,2.5216511236182555,2.3848186035692205,0.136832520049035,316.23083020126757,62.10897261464626,0.47787439230267553,36.03243277667437,-12.95812097229485,3.263360295410882,321.19392218405403,311.1065048217773,301.0190874595006,102927500.0,171698140.0348225,3094376.690999627
2021-02-24,314.67999267578125,320.0400085449219,314.17999267578125,319.5299987792969,296.7592163085937,4290300,308.25880126953126,313.2026129452739,314.2356224423363,2.7733380357233273,2.462522490000042,0.31081554572328507,317.4066456735535,69.632688893439,1.7870747679659935,183.21619148656572,-4.156552190696006,3.448835693534435,322.30600507561803,311.61350402832034,300.92100298102264,107217800.0,175241651.98976493,4233888.226322681
2021-02-25,319.7099914550781,319.9200134277344,312.9599914550781,313.9800109863281,291.60467529296875,7648600,308.51980163574217,313.27665085394574,314.4610040573847,2.4961895755606065,2.469255907112155,0.026933668448451353,316.8970102944565,54.11875710202356,-0.16533831913255168,59.53574618480503,-66.0849365854308,3.6996347134717076,322.16670390476435,312.14950408935545,302.13230427394654,99569200.0,169834918.8739125,2594828.933336079
2021-02-26,314.4200134277344,314.44000244140625,308.7799987792969,309.45001220703125,287.3975524902344,7925600,308.7268017578125,312.9122090780491,314.20390959240143,1.8892364397563597,2.3532520136409962,-0.46401557388463655,315.27266236348265,45.255884450736126,-1.6619996791910805,-243.78219886494992,-94.04961947919602,3.8396610669458267,322.0290884000101,312.3185043334961,302.6079202669821,91643600.0,163785734.0636767,-236329.48371857405
2021-03-01,313.4800109863281,316.9200134277344,313.45001220703125,315.5899963378906,293.1000671386719,4749700,308.98620178222654,313.16723643612926,314.5154802594866,1.8819729000379652,2.25899619092039,-0.3770232908824247,315.5110906721608,55.817509293291444,0.17457712609550247,34.00336874276138,-39.5205004228009,4.098971077928491,321.02289074044216,313.1075042724609,305.19211780447966,96393300.0,164894408.15628478,-1020286.2172548473
2021-03-02,315.7200012207031,316.42999267578125,314.010009765625,314.19000244140625,291.7997436523437,4075700,309.227001953125,313.26464272234614,314.61857532319567,1.7431546831596734,2.155827889368247,-0.4126732062085736,315.3239875506967,53.292833134375826,-0.44045382787323184,-2.5819245581575236,-51.95382797424166,3.979043351659045,319.78395453193497,313.7160049438477,307.6480553557604,92317600.0,161424990.24662754,-2352148.196114719
2021-03-03,313.94000244140625,315.8699951171875,312.8299865722656,312.989990234375,290.685302734375,5148100,309.417001953125,313.2384853425394,314.54943106515066,1.5188014917891905,2.0284226098524356,-0.5096211180632451,314.84170268157493,51.15691889886633,-1.1402450409177483,-75.05165537065585,-62.61112074759871,3.9119694368921043,319.22390676179214,314.02450408935545,308.82510141691876,87169500.0,156818806.38977867,-4148773.1240898073
2021-03-04,313.19000244140625,314.9200134277344,305.67999267578125,309.5799865722656,287.5183410644531,8577600,309.57060180664064,312.8900568882276,314.12614368257067,1.0536948361394138,1.8334770551098314,-0.7797822189704176,313.5477075831467,45.5679882332943,-1.89504722797372,-234.28116589028735,-72.84129814323269,4.292544530825034,318.807304374692,314.1405029296875,309.473701484683,78591900.0,155482009.96468693,-4931939.173146069
2021-03-05,312.5,316.04998779296875,307.8999938964844,315.239990234375,292.77496337890625,7016100,309.83260131835937,313.11386006405115,314.2308567592076,1.128797379987816,1.6925411200854283,-0.5637437400976124,313.94764589804794,54.461094481165546,0.1016057389169555,-65.9826881722157,-33.4262744156294,4.56807662837213,318.7738972099778,314.3690017700195,309.9641063300612,85608000.0,161103501.83539715,-3015310.673157096
2021-03-08,316.75,321.7300109863281,315.8299865722656,318.25,295.57037353515625,8230700,310.196201171875,313.6030162484272,314.60047563825333,1.4148893557024849,1.6370107672088396,-0.22212141150635478,315.0500049147421,58.35756247964295,0.9644391444854055,165.68156323067575,-21.682286705189124,4.705358351485057,319.217222573072,314.7045013427734,310.1917801124749,93838700.0,159624775.42797366,-2427620.082509339
2021-03-09,319.4700012207031,321.7699890136719,318.44000244140625,318.6099853515625,295.9047241210937,5829900,310.5428009033203,314.0798704487258,314.97242649623325,1.651628175481619,1.6399342488633954,0.01169392661822366,316.0366475388707,58.811469014918856,1.020948842249896,171.9655836371853,-19.639554887081147,4.62068911306983,319.7425572517577,314.9404998779297,310.1384425041017,99668600.0,154390063.0339379,-3632098.77693668
2021-03-10,320.5299987792969,324.3099975585937,320.4700012207031,323.3299865722656,300.2884216308594,6472200,310.9690008544922,314.96083388906294,315.77142522902716,2.1948096481797847,1.7509093287266735,0.44390031945311126,318.05468579708236,64.3053076748524,1.1892428903345147,198.66206626509063,-5.260390389012725,4.697783619781356,321.41455564370546,315.41099853515624,309.407441426607,106140800.0,157558704.0991932,-2786445.287808746
2021-03-11,324.7099914550781,326.9700012207031,323.8299865722656,325.3299865722656,302.1458435058594,5745900,311.3956005859375,315.94837223984416,316.71609075637093,2.7549112618528397,1.9517097153519067,0.803201546500933,320.2045419353714,66.35323918068983,3.6148720264971645,185.17106405589988,-7.70321272993889,4.622228693256795,323.3268515936846,315.9524978637695,308.57814413385444,111886700.0,157302491.86500588,-2268704.9996970594
2021-03-12,325.6700134277344,328.489990234375,325.5,328.3099975585937,304.9134521484375,4257200,311.8926007080078,317.1256698892489,317.89299548921133,3.40006398643942,2.24138056956941,1.1586834168700104,322.7068181942812,69.18972078567332,6.0946791428609,166.65791328478574,-0.7890955504004205,4.517784048174836,325.73020767309083,316.63399810791014,307.53778854272946,116143900.0,161047138.47233814,-659177.7795277238
2021-03-15,329.17999267578125,330.239990234375,326.8099975585937,330.0899963378906,306.5665588378906,4456000,312.4118005371094,318.3603676462624,319.17451913016185,4.008772559476029,2.5948589675507336,1.413913591925295,325.17587893830427,70.77455682550517,4.594568956005621,150.42420079400443,-0.6107243949293073,4.440084664432441,328.1652091207382,317.3864974975586,306.607785874379,120599900.0,165113415.88928205,1353005.9686171412
2021-03-16,329.8500061035156,330.0,328.32000732421875,328.8599853515625,305.4243469238281,3270600,312.8732000732422,319.3603312372434,320.26723225911456,4.341876433350592,2.9442624607107053,1.3976139726398866,326.82632675088195,68.16524678511016,4.669143765289628,119.47856057002997,-5.618912947854204,4.249363546520972,329.8865664183452,318.0504974365234,306.21442845470165,117329300.0,163945268.07456815,1681488.1092113256
2021-03-17,329.2099914550781,331.0299987792969,328.3800048828125,330.7699890136719,307.1981506347656,4338200,313.44219970703125,320.44696531118893,321.47861240931917,4.7057401430975005,3.2965579971880645,1.409182145909436,328.6132533541977,70.01399203683654,5.680692461117607,107.47769032434078,-1.0256793018639243,4.135122857232644,331.79820487703563,318.7589965820313,305.7197882870269,121667500.0,167432164.70611075,2772471.7213805616
2021-03-18,330.29998779296875,332.8599853515625,328.7699890136719,329.3599853515625,305.888671875,5376500,313.95259948730467,321.2958243626531,322.4882303873698,4.824712955259713,3.6021889888023946,1.2225239664573184,329.6451589558989,66.92419832058167,6.389301517292885,94.2112782276653,-12.877118996130843,4.1318995344225,333.18020239928853,319.44899597167966,305.7177895440708,116291000.0,163606822.72612253,1749586.048964411
2021-03-19,328.0899963378906,328.17999267578125,324.9800109863281,326.010009765625,303.3954162597656,5628800,314.3085998535156,321.74479440103136,323.113088843936,4.5957082689843105,3.800892844838778,0.7948154241455323,329.55223207879635,60.13416346977495,3.4164509151401425,45.734797134474675,-25.20227164020237,4.1496191651947765,333.85352082804843,320.00349578857424,306.15347074910005,110662200.0,161601579.1658452,534047.500254631
2021-03-22,325.54998779296875,327.9800109863281,325.0299987792969,327.239990234375,304.5402526855469,3807600,314.6433996582031,322.2681463851593,323.8022787911551,4.462033999250195,3.933121075721062,0.5289129235291332,329.7280480153699,61.67178236179567,2.824820183621367,43.18557898656603,-20.676955966199362,4.063932953897382,334.6140577411621,320.60499572753906,306.595933713916,114469800.0,163498879.94171262,591918.5680807531
2021-03-23,326.32000732421875,327.4800109863281,323.44000244140625,324.0599975585937,301.5806579589844,5068400,314.90379943847654,322.4387988778673,324.1313265845889,4.052779426327845,3.957052745842419,0.09572668048542621,328.9838153430661,55.69115631605972,1.710559134239785,15.619982440460907,-32.37671142130234,4.0622240675419885,334.9111418614322,321.0384948730469,307.16584788466156,109401400.0,159986111.92467102,-555916.5976018608
2021-03-24,325.2799987792969,327.7300109863281,324.0799865722656,324.0799865722656,301.59942626953125,6099000,315.1819989013672,322.59510246781,324.420992460705,3.6875474238316883,3.9031516814402734,-0.21560425760858504,328.3218105842359,55.72022433860852,0.23196116387193547,7.067925954709684,-35.17628920305812,4.034209021841449,335.18139338861,321.2659942626953,307.3505951367806,115500400.0,153887111.92467102,-2915538.5655991137
2021-03-25,322.7099914550781,326.6199951171875,320.6199951171875,326.19000244140625,303.5630187988281,5557900,315.4909991455078,322.9374738938668,324.88994562058224,3.527694016293708,3.82806014841096,-0.30036613211725216,328.2765061497299,58.79329140424244,0.26435185953865015,-30.609114293637056,-39.1660797901222,4.174622663138489,335.5285835937346,321.8764938354492,308.2244040771638,121058300.0,158648393.16042948,-2100836.38062039
2021-03-26,327.6000061035156,330.8900146484375,326.67999267578125,330.6099853515625,307.67645263671875,4956600,315.89059875488283,323.6681892707902,325.7217067173549,3.7148423306705354,3.8054165848628756,-0.09057425419234022,329.3402020304225,64.3713774645213,0.7005536870860372,81.43249696961954,-15.603347202410934,4.2121504877022575,335.8291966697259,322.93449249267576,310.03978831562563,126014900.0,162945617.40329304,-209265.37488880754
2021-03-29,329.2900085449219,332.4599914550781,328.8999938964844,331.6600036621094,308.653564453125,5200900,316.32279907226564,324.42931445091585,326.5527077811105,3.9028962617994125,3.8249125202501832,0.07798374154922927,330.4378273139017,65.56396798399692,0.47563008320059497,113.75743733075001,-9.685094644022707,4.1655681356230785,336.7044699725705,323.73799285888674,310.771515745203,131215800.0,165809068.32139271,1494681.2718411684
2021-03-30,331.04998779296875,331.6000061035156,329.7799987792969,330.82000732421875,307.87188720703125,4568800,316.77679931640625,325.0379518674209,327.22718534923735,3.93874625767495,3.8476792677351366,0.09106698993981333,331.07021652712274,63.7262622496081,0.5960050051577178,92.04545387911179,-16.66650044878827,4.00231361756518,337.1059247999114,324.56949310302736,312.0330614061433,126647000.0,166461775.92392802,2263549.9306882024
2021-03-31,330.6099853515625,331.6199951171875,329.94000244140625,330.17999267578125,307.2762756347656,3763700,317.1939990234375,325.52767003964567,327.76151864188057,3.8708925644522765,3.852321927078565,0.018570637373711563,331.37216811465345,62.29357562739741,-0.1783705769831006,76.55554691363463,-21.895382467338187,3.8364335502948994,336.99124740001685,325.42899322509766,313.86673905017847,122883300.0,163773379.7132105,1516911.0485620499
2021-04-01,330.7799987792969,331.6000061035156,329.7200012207031,331.45001220703125,308.45819091796875,5936100,317.5875994873047,326.0917026270157,328.3349490211124,3.8749302025746033,3.856843582177773,0.018086620396830178,331.8997528940424,64.0220932825914,0.6345721849719638,77.32676767968209,-11.5193976264087,3.696688645474728,335.7915329107182,326.5224945068359,317.25345610295363,128819400.0,168762270.7170414,2660941.275405526
2021-04-05,333.94000244140625,336.1499938964844,333.9100036621094,335.20001220703125,311.9480895996094,5632700,318.05419982910155,326.9591606822553,329.1613792782738,4.133080144663893,3.9120908946749973,0.2209892499888957,333.25620581130386,68.59932596785902,2.8189325990367973,171.25885742294167,-6.117075107047343,3.768352434330328,335.97815073658995,327.52049560546874,319.0628404743475,134452100.0,169617305.36826757,3159106.368558407
2021-04-06,334.69000244140625,335.4200134277344,333.7799987792969,334.3699951171875,311.17559814453125,2987500,318.5421997070313,327.66495443796316,329.81371256510414,4.222021554864114,3.9740770267128207,0.24794452815129286,334.1013136330632,66.58024859607822,2.17883055115173,129.62808059252907,-11.461680097939231,3.6163283067665546,336.1449414249143,328.3264953613281,320.50804929774193,131464600.0,168779315.5096892,2809076.554522544
2021-04-07,334.1400146484375,335.1700134277344,333.44000244140625,334.3699951171875,311.17559814453125,2658500,319.03659973144534,328.30352974074646,330.3892839704241,4.2435907901507335,4.027979779400404,0.2156110107503295,334.7405263044598,66.58024859607822,3.181508867576179,107.05916116491748,-11.461680097939231,3.4815913553066666,335.97503404110154,329.1144958496094,322.25395765811726,131464600.0,168979046.52452454,2474062.7212716043
2021-04-08,334.29998779296875,335.1499938964844,333.42999267578125,335.1300048828125,311.88287353515625,2665000,319.5513995361328,328.953670230467,330.96218959263393,4.272757314312344,4.076935286382792,0.19582202792955172,335.40775864767846,67.59315964330398,3.4096577290751227,97.08630808754693,-6.567862806477665,3.355763488549271,336.50300691261805,329.7044967651367,322.90598661765534,134129600.0,171582103.86914226,2940342.333568096
2021-04-09,335.7200012207031,338.0799865722656,335.3599853515625,337.8599853515625,314.4234619140625,3034700,320.24339904785154,329.8018907181904,331.73890279134116,4.464692408364158,4.154486710779065,0.31020569758509264,336.6088134722169,70.99396313553372,3.5776641904445055,131.67108041700814,-1.2600305175930582,3.3267790743281176,337.687956841446,330.33099670410155,322.9740365667571,137164300.0,174125894.01264215,3673177.008478582
2021-04-12,337.260009765625,337.8599853515625,336.6499938964844,337.54998779296875,314.1349792480469,2951500,320.87299865722656,330.53980472531214,332.42642575218565,4.539460071014162,4.231481382826085,0.3079786881880766,337.4568067488406,70.09444102696114,2.099150887419938,113.59677605419728,-3.0355042306892344,3.175579958667404,338.72249602515024,330.7929962158203,322.8634964064904,134212800.0,175565056.400092,4096963.134359807
2021-04-13,336.6300048828125,337.4200134277344,335.489990234375,336.7900085449219,313.4276733398437,3391700,321.61259887695314,331.1350622319417,332.99756978352866,4.485681860186219,4.282321478298112,0.2033603818881069,337.8971717386735,67.8255588400372,1.5467662142459837,84.89105787668123,-7.388193921300967,3.0958955015192857,339.46598550449386,331.12799682617185,322.79000814784985,130821100.0,176742495.38148126,4272518.667720556
2021-04-14,336.8099975585937,339.1099853515625,336.739990234375,337.5299987792969,314.1163024902344,3966800,322.32279907226564,331.74410380788026,333.60728425525485,4.451459612733402,4.31614910518517,0.13531050754823148,338.393131775692,68.88177339021934,2.028290703863635,98.3047115501629,-8.545091437248297,3.044045474067015,340.27577970914825,331.5614974975586,322.84721528596896,134787900.0,175420262.767523,3535215.6753158867
2021-04-15,338.8299865722656,340.7200012207031,338.8299865722656,340.44000244140625,316.8244934082031,3881800,322.99519897460937,332.5722846301208,334.4528561546689,4.606055470393301,4.374130378226797,0.23192509216650414,339.49857078308827,72.67994768872704,3.107398992433733,142.031085200757,-1.9942920860838598,3.054470971734103,341.56570695232256,332.0449981689453,322.52428938556807,138669700.0,178151913.73309815,3781370.151531875
2021-04-16,341.7300109863281,342.42999267578125,340.9800109863281,341.8599853515625,318.250732421875,3748900,323.6871984863281,333.4568275559724,335.3876168387277,4.787961910448189,4.456896684671076,0.33106522577711317,340.7157466572822,74.32665628329208,3.1407369923489226,157.1432495705604,-4.212914823694991,2.97843663335131,343.00954997987816,332.6699981689453,322.33044635801247,142418600.0,178953327.60509107,3793304.110024214
2021-04-19,341.07000732421875,341.3099975585937,339.6499938964844,340.75,317.21734619140625,3222800,324.28879821777343,334.15141540778455,336.15714082263764,4.7873716925835765,4.522991686253576,0.2643800063300006,341.365644243468,70.73741051977628,1.6557242216151482,109.09403034452171,-13.217889891735757,2.9235476920460823,343.8434652507459,333.40699768066406,322.9705301105822,139195800.0,180001722.6046315,3786920.5828953683
2021-04-20,339.3999938964844,339.8599853515625,336.75,338.1199951171875,314.7690124511719,3762900,324.8203979492188,334.52937538010866,336.6059977213542,4.522551369501457,4.5229036229031525,-0.00035225340169553476,341.1557743943046,62.977320326550036,1.1215121137546231,47.38915789341537,-33.91031043432954,3.0004371426142193,344.1770520551959,333.9509979248047,323.72494379441355,135432900.0,179554050.19814724,3297602.4121980965
2021-04-21,337.6300048828125,341.5400085449219,337.5599975585937,341.29998779296875,317.7294006347656,4191200,325.36859741210935,335.17419560990487,337.3059015183222,4.517206641855523,4.521764226693627,-0.004557584838103423,341.75176041324687,67.60487463815923,2.0725521957651964,87.20221920691037,-8.890681687760072,3.0704067028795023,344.4480980178604,334.81299743652346,325.17789685518653,139624100.0,183239736.5304505,3970363.137900412
2021-04-22,341.1199951171875,341.2099914550781,337.0899963378906,338.1199951171875,314.7690124511719,4962500,325.85259704589845,335.4547479439318,337.6208536783854,4.207866409399912,4.458984663234884,-0.25111825383497166,341.3604763722533,59.58438601653981,0.8921881630445274,39.52627155436464,-47.88886176215278,3.151805613750833,343.8822965379292,335.5149978637695,327.1476991896098,134661600.0,180758486.5304505,3095152.694969505
2021-04-23,337.75,341.5899963378906,337.1300048828125,340.42999267578125,316.9195251464844,3613900,326.3711968994141,335.9285807755365,338.0889484223865,4.101826244379197,4.387552979463747,-0.28572673508455004,341.58804689491564,63.016783534555614,0.7606723008480899,60.70566951539906,-22.22222222222222,3.245247459559925,343.67174322466593,336.2269973754883,328.78225152631063,138275500.0,182492500.76083812,3007466.3420784473
2021-04-26,341.1499938964844,341.4800109863281,339.3900146484375,339.8699951171875,316.3981018066406,2090900,326.8749969482422,336.30395356997946,338.43590058826265,3.9273297144679304,4.295508326464583,-0.3681786119966528,341.58164522530507,61.649873645969855,0.6873077790308474,69.3048127194308,-28.444417317708336,3.162729522297832,343.8251842414386,336.6899978637695,329.55481148610045,136184600.0,181361976.7614222,2338476.4395290017
2021-04-27,339.6000061035156,340.42999267578125,338.70001220703125,339.8299865722656,316.36090087890625,2732700,327.37079650878906,336.63976623686386,338.73494713192895,3.7426684499628777,4.184940351164242,-0.44227190120136406,341.5212382121433,61.54715649794739,0.9026330800244836,38.73904328332459,-28.888956705729164,3.0603903041872726,343.96545673834987,337.09849700927737,330.23153728020486,133451900.0,182199121.62806064,2118574.260641098
2021-04-28,339.2300109863281,339.489990234375,338.0599975585937,338.3699951171875,315.0017395019531,3025100,327.8265966796875,336.80454993975184,338.85604218982513,3.4388727739488445,4.035726835721162,-0.5968540617723175,341.0515948771777,57.76485054402443,0.2488656833254929,-21.31161809589836,-57.4256485518194,2.968218783436177,343.7229610783978,337.47599639892576,331.2290317194537,130426800.0,180485599.83455694,1290805.1385593414
2021-04-29,339.8900146484375,340.8599853515625,337.3699951171875,340.57000732421875,317.0499267578125,3688400,328.3059967041016,337.1631649287487,339.1507098969959,3.337166334624669,3.896014735501864,-0.5588484008771948,341.2005890447181,61.59484099102427,0.038187311091585185,22.418002122136098,-26.800932236928897,3.00548817278895,343.4004291677534,337.99549713134763,332.5905650949419,134115200.0,183561072.6432313,1813385.924235046
2021-04-30,338.9200134277344,339.6499938964844,337.8500061035156,338.94000244140625,315.5323791503906,2909600,328.77359680175783,337.33238754900185,339.24066278366814,3.089422537270309,3.7346962958555534,-0.6452737585852444,340.86610725754934,57.438820620108146,-0.8541458594966572,-33.6581218893226,-50.28802603227651,2.9850962476399623,342.87133358427747,338.36999664306643,333.8686597018554,131205600.0,184175333.590639,2057762.3721652925
2021-05-03,340.7900085449219,342.17999267578125,340.54998779296875,341.1099853515625,317.55242919921875,2698400,329.2973962402344,337.6921587682933,339.5016140892392,3.0332182269080477,3.5944006820660523,-0.5611824551580047,341.12446175331525,61.19284608162922,0.1056450041269259,124.38883284005351,-23.19871279163315,3.003302960978179,343.07054964640696,338.66549530029295,334.26044095417893,133904000.0,183331035.2906315,1702024.8806648254
2021-05-04,339.989990234375,341.5299987792969,337.6199951171875,341.489990234375,317.9062805175781,4478300,329.8229962158203,338.0538570031582,339.77061360677084,2.984930701157282,3.4725066858842983,-0.48757598472701646,341.40633048486046,61.82780875802293,0.9966861368312478,33.05339135181092,-16.549360097140585,3.0680672967732643,343.1206230670165,339.02149505615233,334.9223670452882,138382300.0,187717688.1812132,2797519.5647210777
2021-05-05,342.25,343.29998779296875,340.3699951171875,342.2799987792969,318.6416931152344,3506100,330.3607958984375,338.4563466961238,340.08094729468934,2.9761029144670488,3.3732259316008486,-0.3971230171337998,341.81452924008494,63.17672837725735,0.28714064499838066,147.44275587114447,-15.572380375529981,3.0582048238452635,343.1551027599718,339.4169952392578,335.6788877185438,141888400.0,188782701.20485657,3330224.300746888
2021-05-06,342.92999267578125,345.6400146484375,341.9100036621094,345.510009765625,321.64874267578125,4276700,330.8803961181641,339.12812413131434,340.66123439243864,3.1929355487106363,3.3371678550228063,-0.14423230631217,342.9592806746482,68.13479730224212,2.1856189385890143,254.71429321912038,-1.46236972551389,3.1061909783083252,344.01586199631305,339.9359954833984,335.8561289704838,146165100.0,192761283.11117688,4511313.72651875
2021-05-07,345.1700134277344,348.2900085449219,344.8099975585937,347.8800048828125,323.8550109863281,3526500,331.55839599609374,339.96163658383796,341.41780671619233,3.5154913763556124,3.372832559289368,0.1426588170662444,344.4818297333183,71.19905356853852,2.1884124099860065,245.18561369340193,-3.5528887219914207,3.1328924074526006,345.6715734536861,340.43699645996094,335.20241946623577,149691600.0,195456821.41587812,5442038.522510469
2021-05-10,349.260009765625,351.0899963378906,347.5899963378906,347.739990234375,323.724609375,6092500,332.32419555664063,340.7024321696034,342.1133299328032,3.716974216642484,3.4416608907599913,0.2753133258824927,345.65770490339366,70.76609698574237,2.3155898520767972,208.4459135787912,-23.92861502511161,3.1591143783488436,346.89311029160154,340.9464965820313,334.999882872461,143599100.0,189886514.45263872,3555688.403248161
2021-05-11,344.989990234375,345.2200012207031,340.8900146484375,342.9100036621094,319.2282409667969,8396400,332.870595703125,340.9126770736516,342.3003306070963,3.4471743881208567,3.4427635902321647,0.004410797888692031,345.3286626263867,57.72556150753799,0.9063405854529489,38.61847355310596,-58.42851911272322,3.4227473217480338,346.9361100350628,341.25249633789065,335.56888264071847,135202700.0,189324150.6425108,2281821.378213942
2021-05-12,341.54998779296875,342.2300109863281,335.7099914550781,336.0,312.79541015625,7034100,333.3067956542969,340.4448030666372,341.80009286063057,2.645283354118021,3.2832675430093365,-0.6379841888913154,343.2287530623979,44.960604396018276,-0.7004152706763201,-94.1921550237036,-98.11437937028248,3.6925519564111204,347.0943071069911,341.1759963989258,335.2576856908605,128168600.0,182915800.02748048,-485764.9984655082
2021-05-13,336.29998779296875,342.0400085449219,336.2699890136719,340.45001220703125,316.9381103515625,5741300,333.85599609375,340.44529917524613,341.73095150902157,2.3418621975072824,3.094986473908926,-0.7531242764016435,342.63487601807367,52.2791819881732,-0.03523361265141179,-51.06551657854851,-69.18062908256807,3.8602274270190313,347.0945602379596,341.176496887207,335.2584335364544,133909900.0,185492935.35687882,-753801.3660743833
2021-05-14,342.3099975585937,344.92999267578125,341.8800048828125,344.260009765625,320.48492431640625,4677300,334.5495965576172,340.8086049457584,342.0246194022042,2.381382609993409,2.952265701125823,-0.5708830911324139,343.1170642819952,57.49092356656886,1.569601488729097,49.31532683944822,-44.408221091647945,3.904495501428386,347.3606593598669,341.29649810791017,335.23233685595346,138587200.0,188115334.6304575,39474.558412879705
2021-05-17,343.3299865722656,345.1300048828125,342.0400085449219,343.6499938964844,319.91705322265625,3262200,335.1177966308594,341.07921341725614,342.24876185825894,2.336545398192243,2.829121640539107,-0.49257624234686403,343.33560566688107,56.42831528340386,0.7446303696750577,40.14011965285878,-48.37451286976261,3.8463169897471174,347.5846247339246,341.4414978027344,335.29837087154414,135325000.0,188252552.3899313,404068.1274981499
2021-05-18,343.8500061035156,344.5,340.8699951171875,341.1099853515625,317.55242919921875,3462300,335.57499633789064,341.08214407766627,342.2171892438616,2.0721674662950704,2.6777308056902998,-0.6055633393952293,342.8374619468489,52.10945485477889,-0.11127848360992691,-3.6571069460252192,-64.88951767161669,3.8308661249660734,347.54617255618507,341.59099731445315,335.6358220727212,131862700.0,185248057.9385744,-439488.9312621355
2021-05-19,337.5599975585937,339.5599975585937,335.20001220703125,339.44000244140625,315.9978942871094,7223900,335.9915966796875,340.9257496361177,342.01233258928573,1.7082013049808324,2.4838249055484063,-0.7756236005675738,341.9806483778415,49.430715170836535,-0.8297289786195958,-110.5600871166423,-73.31658609941174,3.9793737692207287,347.5260935326078,341.497998046875,335.46990256114225,124638800.0,192074326.91133255,1427367.757055521
2021-05-20,339.739990234375,342.94000244140625,339.3399963378906,341.5199890136719,317.9342041015625,4532800,336.35539672851564,340.98234386255143,342.0144269670759,1.5695008048159025,2.3009600854019054,-0.731459280586003,341.8078945292369,52.69265358830497,-1.1548205954032231,-31.17473001204496,-60.22666382424623,3.952276078813221,347.4938239974401,341.6679977416992,335.8421714859583,129171600.0,193031223.60441947,2365788.2812535167
2021-05-21,342.2900085449219,344.07000732421875,341.2799987792969,342.0400085449219,319.0750427246094,4481000,336.68959716796877,341.083073832301,342.0498565673828,1.4844293122528711,2.1376539307720988,-0.6532246185192276,341.7943317274876,53.500229877571336,-1.6787387190758196,0.6528228806711559,-56.954039213878694,3.8692569692495535,347.54810862118677,341.7484985351563,335.9488884491258,133652600.0,190991509.14525712,1885615.869487077
2021-05-24,343.3699951171875,344.69000244140625,343.04998779296875,343.9599914550781,320.8661804199219,2531800,337.0025970458984,341.35706598685124,342.2604749407087,1.5540223144765264,2.0209276075129843,-0.4669052930364579,342.2755852816005,56.4558408548189,-1.087018716699559,36.16761412348219,-44.871063583792825,3.7821667497663265,347.7616627095651,341.95299835205077,336.14433399453645,136184400.0,191269375.84417784,1606174.208013147
2021-05-25,344.67999267578125,345.0,342.6600036621094,343.17999267578125,320.138427734375,2623200,337.26439697265624,341.5306780524636,342.37733154296876,1.5286149655685222,1.922465079124092,-0.39385011355556987,342.46114773801384,54.92836490991198,0.07873465655376798,24.00775986340044,-49.779808443909246,3.679154577489491,347.8674999117935,342.12049865722656,336.3734974026596,133561200.0,189812019.70348376,882137.1010062993
2021-05-26,343.5599975585937,344.1199951171875,342.6700134277344,343.2699890136719,320.2225646972656,2064500,337.55259704589844,341.6963267154358,342.48680681501116,1.4984680044544803,1.8376656641901699,-0.3391976597356896,342.6293752781373,55.07938225026636,2.163687206449963,18.81800966501452,-49.213436966446,3.5199279426297503,347.8644922848791,342.3654983520508,336.8665044192225,135625700.0,189456023.48139718,392474.2955662906
2021-05-27,345.3500061035156,346.1600036621094,343.8699951171875,344.6000061035156,321.46319580078125,3026200,337.82919738769533,341.97286760953864,342.69961707705545,1.5638702614102158,1.7829065836341793,-0.21903632222396352,343.1049445741744,57.35355477174704,1.2189730496942146,75.58457767723199,-40.843277003474284,3.4749341359017323,348.08337144225715,342.56699829101564,337.0506251397741,138651900.0,188359213.00417867,-192506.9399165511
2021-05-28,346.3800048828125,346.4800109863281,345.3500061035156,345.6400146484375,322.4334716796875,2641400,338.1547979736328,342.3221197084814,342.9922853015718,1.680253107207875,1.7623758883489187,-0.08212278114104365,343.7559880901104,59.097342368154195,0.40086122223490855,124.70262164027173,-7.446776851007653,3.36101061782393,348.30932145841666,342.90199890136716,337.49467634431767,141293300.0,187073609.92542747,-823372.339497
2021-06-01,348.5400085449219,348.6499938964844,345.6000061035156,345.8699951171875,322.6478576660156,2584300,338.55199768066404,342.6600126045487,343.2749516078404,1.7706340852436142,1.7640275277278579,0.006606557515756339,344.33843838659146,59.491792858529756,0.6460064775592118,131.72096203337878,-20.669164044117817,3.3387947017628457,348.62927057088706,343.13999938964844,337.6507282084098,143877600.0,184946841.3356454,-1683300.7052108347
2021-06-02,346.75,347.3500061035156,345.75,346.3599853515625,323.10498046875,2576700,338.9343975830078,343.01239096140716,343.5816169375465,1.8603547666719464,1.7832929755166758,0.07706179115527068,344.9298652665182,60.3687135078934,1.5390930273088095,118.27534577472868,-17.026109014836777,3.2145955161737585,348.9892181407172,343.3834991455078,337.77778015029844,146454300.0,184334820.41020337,-2076796.1760788858
2021-06-03,344.6099853515625,346.9599914550781,343.5599975585937,346.0199890136719,322.7878723144531,4436400,339.37359741210935,343.29882887114667,343.832711210705,1.8823259087379824,1.8030995621609374,0.07922634657704508,345.31131963285037,59.407695602435396,1.938482949840732,76.1421491410183,-19.553966269521638,3.227838257624521,349.2653106240136,343.57049865722655,337.8756866904395,142017900.0,186318141.40005174,-1417915.2650204897
2021-06-04,347.07000732421875,347.989990234375,346.5400085449219,347.8999938964844,324.5416564941406,2594200,339.84999755859377,343.7370350640359,344.2450440906343,2.028060658458685,1.848091781420487,0.17996887703819797,346.0952843598598,62.922487154559875,1.868120487248286,124.85808348653033,-5.5762157697814345,3.1379927549872786,349.6372937394625,343.6899978637695,337.74270198807653,144612100.0,188590311.81656933,-296508.3720573485
2021-06-07,348.5,348.5400085449219,346.0199890136719,346.5899963378906,323.31964111328125,2224300,340.25799743652345,344.00874566154584,344.521234421503,2.0146272735547655,1.8813988798473427,0.1332283937074228,346.3794689176319,59.08348659531747,1.3302501693661304,91.47672247402075,-15.315987829255617,3.0938518104346158,349.41552796136784,343.62549743652346,337.8354669116791,142387800.0,187372247.89969274,-198361.49193704128
2021-06-08,346.69000244140625,346.9100036621094,344.75,346.3399963378906,323.0863647460937,2748700,340.57259765625,344.23076953548343,344.7797581263951,1.9612008064812585,1.897359265174126,0.06384154130713249,346.5279855340201,58.351807222824334,0.6919423601402588,50.370959982889794,-17.17472641918276,3.027148371268527,349.1762400690007,343.55549774169924,337.9347554143978,139639100.0,188670228.9406795,272816.3349658847
2021-06-09,346.5400085449219,346.8800048828125,344.69000244140625,344.7900085449219,321.6403503417969,2591200,340.83519775390624,344.2840303935252,344.89733058384485,1.7733468467255307,1.872556781484407,-0.0992099347588764,346.22852990943,53.89545233012925,0.4691461925234333,20.163813953390335,-41.460648375782604,2.9673522334212215,349.2867731245591,343.64949798583984,338.0122228471206,137047900.0,186315682.38958,-308404.48710238934
2021-06-10,346.5400085449219,347.7300109863281,344.79998779296875,344.9800109863281,321.8177185058594,3089400,341.11839782714844,344.35031425950643,345.0240461077009,1.621115627465258,1.8222685506805774,-0.2011529232153193,346.015477608395,54.3556328552497,0.49815656112837253,28.346981608133515,-49.796273291925466,2.9653986768487237,348.5283466249104,344.09849853515624,339.6686504454021,140137300.0,183605913.27770743,-1380339.1328986287
2021-06-11,346.0299987792969,346.54998779296875,343.57000732421875,345.1199951171875,321.94830322265625,3003000,341.41719787597657,344.4236171983332,345.12133149646576,1.4945387267746923,1.7567225858994004,-0.2621838591247081,345.8628219816468,54.714265806488314,0.15089640291987505,-29.673669542658896,-58.931628286121864,2.966440233413101,348.44926221559564,344.3319976806641,340.2147331457325,143140300.0,183726835.3242419,-1654897.2792907953
2021-06-14,344.8299865722656,344.8699951171875,342.4700012207031,344.29998779296875,321.18341064453125,2527000,341.6741973876953,344.41184296925087,345.1182829357329,1.3129233202928958,1.6679627327780997,-0.3550394124852039,345.51272349578153,52.13035628155549,-0.3876943636956323,-111.78682925628216,-70.38853169782624,2.9438369236324777,348.45115819445044,344.33399658203126,340.2168349696121,140613300.0,185053491.8480266,-1194653.3289478421
2021-06-15,344.510009765625,344.5299987792969,342.3699951171875,343.4100036621094,320.3530578613281,2138500,341.83839721679686,344.31642970190404,345.03028361002606,1.0846740732052922,1.5513050008635383,-0.4666309276582461,344.98522027698147,49.40337259794358,-0.7112474310599368,-139.24732291091067,-83.43935116117464,2.8878488335236843,348.44845129132335,344.3219970703125,340.1955428493016,138474800.0,184974301.57266244,-922963.7706099749
2021-06-16,343.4100036621094,343.6400146484375,339.489990234375,340.760009765625,317.88104248046875,4032000,341.9661975097656,343.97772304130604,344.6910467238653,0.6820898329105489,1.3774619672729405,-0.6953721343623915,343.85923851931983,42.306790653279165,-1.6168078943222641,-231.14087232020702,-86.13516349885893,2.9780042321335998,348.48786373817234,344.30449829101565,340.12113284385896,134442800.0,183410103.31987542,-1225611.6889394224
2021-06-17,340.5599975585937,341.2799987792969,336.6199951171875,338.6499938964844,315.91265869140625,5169100,342.0517974853516,343.47032026560873,344.1525224958147,0.1905813720882179,1.140085848235996,-0.949504476147778,342.3885426086336,37.66718260636011,-2.1299333423469644,-231.8421653833204,-83.12552796937587,3.098147048560441,348.6417918210897,344.2649978637695,339.8882039064493,129273700.0,182744547.71636787,-1449770.6485593915
2021-06-18,334.3500061035156,335.25,332.67999267578125,332.9599914550781,311.0575256347656,7126600,342.0083972167969,342.4693365693677,343.0758552187965,-0.6505788004868691,0.781952918491423,-1.432531718978292,339.71448744710256,28.568634289746917,-4.294338230385701,-253.84681260160835,-98.24672036384136,3.3032794894277755,350.35445216868527,343.83699798583984,337.3195438029944,122147100.0,177170814.34186956,-3183135.3286025524
2021-06-21,335.260009765625,339.0899963378906,334.4100036621094,338.7799987792969,316.4946594238281,5435700,342.02679748535155,342.11797106555144,342.5942362467448,-0.8379193337577249,0.4579784680415935,-1.2958978017993183,339.05181365146086,43.58048067926878,-2.253382279094917,-124.48122564776438,-61.53846153846154,3.5051884460981126,350.5179544212695,343.6739974975586,336.8300405738477,127582800.0,181886404.78359264,-2102447.9818353355
2021-06-22,338.7300109863281,340.4100036621094,337.45001220703125,339.45001220703125,317.1207580566406,4042100,342.06479797363284,341.8638797456924,342.1919519333612,-0.921698801956893,0.1820430140418962,-1.1037418159987893,338.70805980772394,45.01315867149214,-1.9893700420720337,-73.06441035644649,-57.313917040759975,3.466245803882399,350.53287564846704,343.44849853515626,336.3641214218455,131624900.0,183306617.849484,-1017331.0024800897
2021-06-23,339.5899963378906,340.1600036621094,338.67999267578125,338.7799987792969,316.4946594238281,3082700,342.10459777832034,341.5701767965119,341.74733290899366,-1.030282660998239,-0.06042212096613084,-0.9698605400321081,338.2794244326774,43.814966775402794,-1.7430927859506027,-59.91933800882017,-61.53846153846154,3.324371888342808,350.6000223284244,343.228498840332,335.8569753522396,128542200.0,180640521.2641282,-1329238.3333134353
2021-06-24,340.6700134277344,342.32000732421875,340.3699951171875,341.9800109863281,319.4841003417969,3704700,342.19359802246095,341.6092086241134,341.62842930385045,-0.8483427430367101,-0.2180062453802467,-0.6303364976564634,338.78596220586434,50.58099352570764,-0.8696156021975698,-8.778505818946075,-41.36185999257265,3.339774506669884,350.55548951819105,343.1639999389648,335.7725103597386,132246900.0,183053347.88154972,-568279.378264457
2021-06-25,343.69000244140625,344.9800109863281,343.0899963378906,344.45001220703125,321.7917175292969,3638000,342.27379821777345,341.87976134629605,341.75090666271393,-0.4990923652837864,-0.27422346936095465,-0.22486889592283177,339.8671764277291,55.077800980876695,-0.1941304240945974,52.187810338525416,-21.793985306969965,3.3155048990506066,350.5424487944568,343.1565002441406,335.7705516938244,135884900.0,184651008.60621548,303030.36830964684
2021-06-28,344.3299865722656,344.4200134277344,341.82000732421875,342.79998779296875,320.2502746582031,3606300,342.29259826660154,341.96740196026485,341.71695309593565,-0.3514013688466662,-0.28965904925809693,-0.06174231958856924,340.3447647565731,51.69382818593005,-0.4356665852982737,33.90563054964167,-32.75758933731312,3.2665406121764557,350.31267880657765,343.0144989013672,335.7163189961567,132278600.0,183763243.42786413,349456.31076818705
2021-06-29,343.9800109863281,344.7300109863281,342.6099853515625,342.8599853515625,320.306396484375,2375800,342.3347979736328,342.05240990229316,341.70223751976374,-0.226898345666541,-0.27710690853978576,0.050208562873244766,340.7667141646802,51.80976921969737,-0.1601637414989382,48.58587280853471,-32.35893494795796,3.1846466852185396,350.04361062410595,342.86399841308594,335.6843862020659,134654400.0,181947766.84118518,-240971.65496647358
2021-06-30,342.3800048828125,345.510009765625,342.3500061035156,344.95001220703125,322.25885009765625,3778900,342.47139831542967,342.3283720265539,341.9009055001395,0.03995828313776428,-0.21369387020427577,0.25365215334204005,341.6665632107064,55.79041855504832,1.2296050948842667,75.35052659913352,-11.535516576749426,3.1828864692821703,349.8612332704205,342.7934997558594,335.7257662412983,138433300.0,184387317.27045885,315616.73699888587
2021-07-01,345.7799987792969,346.3999938964844,344.9200134277344,346.3599853515625,323.5761413574219,3606900,342.5725982666016,342.71233520036424,342.2405707949684,0.36105511457799366,-0.0987440732478219,0.4597991878258156,342.77714264846315,58.29332241176533,2.2766843626268747,113.03086576572511,-0.29160744433099905,3.061250326387015,349.910754383144,342.8104995727539,335.71024476236374,142040200.0,187799205.4797957,1600220.3515010476
2021-07-02,347.0400085449219,348.2900085449219,346.17999267578125,347.94000244140625,325.0521850585937,3013500,342.7689984130859,343.2102082709397,342.72909487769715,0.7345533672940974,0.06791541486056195,0.6666379524335354,344.0986242533663,60.96059028301111,4.4990423386496206,134.45027259293104,-2.2421892869920135,2.993305008012273,349.918509555811,342.8125,335.706490444189,145053700.0,189812956.2282662,2621004.309083402
2021-07-06,347.75,348.1099853515625,343.6000061035156,345.82000732421875,323.0716857910156,3910600,342.8767987060547,343.4587605617282,343.0155241466704,0.8496928053183979,0.22427089295212915,0.6254219123662688,344.6265516031262,55.803766279653225,2.07804727855501,87.87921305446237,-15.823181996797707,3.101638882300459,349.80568365657854,342.7740005493164,335.74231744205423,141143100.0,189752279.3858689,2781018.3592330813
2021-07-07,345.6499938964844,347.1400146484375,344.42999267578125,346.9200134277344,324.0992126464844,3347000,343.01779907226563,343.788403691824,343.4103825160435,1.017968432480302,0.3830104008577637,0.6349580316225383,345.3354628897902,57.798592199150505,2.2006189282877844,81.27879672286728,-8.776385166243406,3.0736662458973014,349.8977757122335,342.8030014038086,335.7082270953837,144490100.0,192555856.42242214,3485706.0405400395
2021-07-08,342.5599975585937,345.0,341.5299987792969,344.3800048828125,321.7264404296875,6379900,343.1087994384766,343.8447466623943,343.5605733235677,0.9355857671862395,0.49352547412345893,0.4420602930627806,345.2456514055614,51.96597363581484,1.6529919486669076,25.002013901265315,-25.048044120435808,3.2391197032216015,349.8565304810503,342.7825012207031,335.70847196035595,138110200.0,196655926.1880437,4761672.650087059
2021-07-09,346.57000732421875,349.07000732421875,345.8399963378906,348.7300109863281,325.79022216796875,5063100,343.31599975585937,344.3100099313404,344.1270028250558,1.2073880317840917,0.6362979856555855,0.5710900461285062,346.28813708378664,59.503124441742905,1.9737995739961116,118.01793519547417,-2.3192104567435257,3.3427541845205053,350.45398609673583,342.9700012207031,335.4860163446704,143173300.0,200653125.50494358,6122615.804816514
2021-07-12,348.010009765625,350.2900085449219,347.3699951171875,350.0299987792969,327.0047302246094,3999800,343.50519958496096,344.85477077400293,344.79938354492185,1.510281846144153,0.811094757753299,0.699187088390854,347.46455992505327,61.44990822701056,1.619969915667119,138.93531958075326,-2.024998752201468,3.3125584161786388,351.2661638995014,343.2155014038086,335.1648389081158,147173100.0,203940608.87607533,7168781.276673555
2021-07-13,349.5299987792969,350.25,348.8500061035156,349.0,326.0423889160156,3310200,343.70639953613284,345.2495545098122,345.3502881731306,1.648215480742806,0.9785189023512004,0.6696965783916056,348.1412237871768,59.02864966009637,1.8086383978448963,122.79841572019089,-11.111169523469066,3.1759466647719057,351.8795665012967,343.4505020141602,335.02143752702364,143862900.0,201339711.67716524,6117492.472173333
2021-07-14,350.19000244140625,350.69000244140625,348.3599853515625,349.4100036621094,326.42547607421875,3933300,343.8723999023438,345.64578776241194,345.91785975864957,1.7702069056167034,1.1368565030043012,0.6333504026124022,348.77848983617446,59.709201966857634,1.9104061688127891,115.61004163975345,-12.403080144071254,3.115523123705609,352.57047548823505,343.75050201416013,334.9305285400852,147796200.0,200951481.8304069,5007756.421620727
2021-07-15,347.8999938964844,350.0,347.6400146484375,349.94000244140625,326.9205322265625,5082600,344.04140014648436,346.05476058898284,346.50733598981583,1.8878900396285871,1.2870632103291584,0.6008268292994288,349.4124535267397,60.619808728361264,1.4465835795883724,91.3899055391998,-8.187769652346288,3.0615561399811013,353.31019303696905,344.2095016479492,335.10881025892934,152878800.0,205775653.45405558,5633486.606499165
2021-07-16,350.7200012207031,350.739990234375,346.3399963378906,346.739990234375,324.122802734375,5710400,344.13059997558594,346.12002055521066,346.7483349028088,1.7033058797934473,1.3703117442220163,0.332994135571431,349.0743350886586,52.85278975337191,0.1097138523166258,43.210758190716014,-43.43109349786112,3.157158836874192,353.40417510136524,344.61400146484374,335.82382782832224,147168400.0,201103493.59721097,3890735.6725444496
2021-07-19,341.7900085449219,350.0299987792969,337.3800048828125,339.8800048828125,317.7102355957031,9715300,344.0179998779297,345.52573334831555,346.29747808547245,0.9920424686322349,1.29465788910406,-0.3026154204718252,346.992036918167,40.78781361765655,-2.3164906311544526,-134.07840453868772,-81.2874046324638,3.8352184839892054,352.3157646098284,344.96000213623046,337.6042396626325,137453100.0,195228234.97568944,954688.3952111602
2021-07-20,340.2900085449219,346.1199951171875,339.75,345.0799865722656,322.57110595703125,5802200,343.9619995117188,345.483281274406,346.3089051746187,0.838292837181541,1.2033848787195565,-0.36509204153801544,346.61800800767986,50.08863507369859,-0.2139901498698798,-96.126092063039,-42.36534332313035,4.016273957789084,352.0628387411275,345.2750015258789,338.4871643106303,143255300.0,199135822.038526,910111.4476400018
2021-07-21,346.9700012207031,348.1499938964844,346.3699951171875,347.989990234375,325.29132080078125,3056800,343.96699951171877,345.7220154610697,346.56747552780877,0.9404175737667515,1.1507914177289955,-0.210373843962244,347.0559490748187,54.40486998322863,0.30842175868401084,23.297421846733005,-20.583854904289822,3.9486834839626312,352.0292079027566,345.7020004272461,339.3747929517356,146312100.0,201643072.00509378,1606899.372301519
2021-07-22,347.7699890136719,348.8099975585937,346.67999267578125,348.260009765625,325.543701171875,2429300,344.0739996337891,345.9637292043607,346.81109546479723,1.0312528419743785,1.1268837025780722,-0.09563086060369375,347.4743392614805,54.79550714373012,1.1266638096868629,33.207421005835926,-18.562748412444606,3.818777869594761,351.73124258673147,346.1760009765625,340.6207593663935,148741400.0,202817834.6505176,2119655.331179619
2021-07-23,350.0,350.989990234375,349.2099914550781,350.57000732421875,327.7030334472656,4142300,344.36539978027344,346.40242235863286,347.22957225981213,1.2749412152787158,1.1564952051182011,0.1184460101605147,348.40425062531983,58.10257745158016,0.5276277578423733,101.39192048759178,-3.0858439543289706,3.7410066266772777,352.1248323592832,346.60550079345705,341.08616922763093,152883700.0,205005419.5923113,2832772.947547734
2021-07-26,350.0,351.45001220703125,349.489990234375,351.4100036621094,328.4882507324219,2466600,344.584599609375,346.87933486372583,347.68714396158856,1.5183441647332074,1.2288649970412024,0.289479167692005,349.3687810602839,59.269474118409164,0.39425331760853716,106.33419505793174,-0.2843534050832264,3.6137934371043468,352.75574385271807,346.95350036621096,341.15125687970385,155350300.0,207371321.66312373,3619765.090634346
2021-07-27,350.0199890136719,350.67999267578125,348.7300109863281,350.6199951171875,327.7497253417969,3902600,344.71179931640626,347.2355882211984,348.03633393787203,1.6287207891868434,1.3088361554703307,0.31988463371651266,349.9347714039224,57.64342394744405,0.464181982002149,73.44823910018484,-5.899194440467981,3.5470933827241256,353.02717684001226,347.34450073242186,341.66182462483147,151447700.0,211033769.18022156,4777971.078188688
2021-07-28,351.0199890136719,351.2300109863281,348.7099914550781,349.3599853515625,326.5719299316406,3697700,344.8259991455078,347.43791175742354,348.22828485398065,1.5961236812965467,1.366293660635574,0.2298300206609727,350.04972369912934,55.049352757659506,-0.01431507685030229,58.52533565824997,-14.854483066765567,3.4737309647616876,353.0230572842429,347.66950073242185,342.3159441806008,147750000.0,209243580.13497838,4247816.006139129
2021-07-29,350.95001220703125,351.7099914550781,350.3800048828125,350.82000732421875,327.9366760253906,2425700,345.02019958496095,347.76001609711835,348.52833310081843,1.6688641822633485,1.426807764961129,0.2420564173022195,350.50047529333466,57.43941845285795,0.2514730744336231,90.75967287763999,-6.210641764185998,3.3934649032441113,353.3316142866313,347.96300048828124,342.5943866899312,150175700.0,208422879.68065196,3383637.3315477967
2021-07-30,349.8800048828125,351.010009765625,348.6700134277344,349.4800109863281,326.6841125488281,3576700,345.2209997558594,347.92382513418596,348.67281029110865,1.599941913248756,1.4614345946186544,0.13850731863010157,350.4996933032032,54.57148817326931,0.7902234611303527,43.61900954638512,-15.56163683409113,3.318217148576005,353.473532672045,348.1190017700195,342.764470867994,146599000.0,207322353.01555032,2372338.722905576
2021-08-02,350.45001220703125,351.9100036621094,348.0599975585937,348.3500061035156,325.6278686523437,2827100,345.35760009765625,347.9644137979317,348.69481070382255,1.4375671886027703,1.4566611134154777,-0.01909392481270733,350.1839473324567,52.20433419767834,2.492056343127188,33.35765947325039,-24.50101760274217,3.356202073928839,353.49427408639144,348.139501953125,342.7847298198585,143771900.0,204921165.6688316,978944.3433318436
2021-08-03,349.0899963378906,351.19000244140625,347.1099853515625,351.0899963378906,328.1890869140625,3819300,345.5385998535156,348.2620883255468,348.9758101690383,1.512542711481501,1.4678374330286825,0.044705278452818575,350.61634450989783,57.06731081762854,1.7416280281343994,44.90898750300994,-5.6435470964191765,3.40790314649419,353.79382036880526,348.4030014038086,343.012182438812,147591200.0,208553234.4378115,1475582.674242407
2021-08-04,349.5899963378906,350.0799865722656,347.8800048828125,347.989990234375,325.29132080078125,3118500,345.61919982910155,348.2361742216257,348.9364757719494,1.306753329849812,1.4356206123929085,-0.12886728254309654,350.14735132192135,50.773044829910674,0.0,5.811581244309059,-26.978759511802718,3.393766597107328,353.8084854447442,348.4565002441406,343.10451504353705,144472700.0,205746545.50468716,651571.6332351267
2021-08-05,348.8500061035156,350.6499938964844,348.6700134277344,350.6099853515625,327.7404479980469,2261400,345.7677996826172,348.46225147209583,349.14156959170384,1.3396330164969186,1.4164230932137105,-0.07679007671679194,350.42542956024465,55.26398806732644,0.6747761787289349,48.086782177485325,-8.947132964658,3.3413549588931883,353.85322844200704,348.76799926757815,343.68277009314926,146734100.0,207916555.38754782,945700.1125300825
2021-08-06,351.6199951171875,352.489990234375,351.4599914550781,352.0899963378906,329.1239013671875,2123700,345.94419982910154,348.8077509831239,349.457950265067,1.4681905360956762,1.4267765817901037,0.04141395430557249,351.0209778191281,57.61623681876089,0.4335764560332564,131.67121767469533,-3.1396719238066084,3.236972810601711,354.2231059698475,348.9359985351563,343.64889110046505,148857800.0,208390802.87354824,1130949.5893753767
2021-08-09,351.6000061035156,352.0599975585937,350.54998779296875,351.1499938964844,328.2450866699219,2322500,346.07519958496096,349.03082173677734,349.66880696614584,1.4771947736623474,1.4368602201645526,0.0403345534977948,351.2474449819565,55.61603094230448,-0.07399042796601964,104.19643512664577,-21.895382467338187,3.1157610773388655,354.34755138294764,348.99199829101565,343.63644519908365,146535300.0,207914005.07645848,952211.4772494435
2021-08-10,351.4100036621094,352.94000244140625,351.010009765625,352.7300109863281,329.7221069335937,2841000,346.21699951171877,349.3831254748298,350.0248081752232,1.5934564966019593,1.468179475452034,0.12527702114992523,351.8243595306972,58.240278999975246,0.6017956472891387,149.94661244796492,-3.3544908544908547,3.0310633343704643,354.77647651780774,349.17849884033205,343.58052116285637,149376300.0,210136779.18227425,1499772.9671165943
2021-08-11,353.94000244140625,355.1199951171875,353.70001220703125,354.94000244140625,331.7878723144531,3422500,346.3983996582031,349.912351852599,350.57352280389694,1.8426813073261314,1.5430798418268536,0.2996014654992778,352.8505662138309,61.65533037545804,1.597211278855692,234.5326017333057,-2.247096833186013,2.9852719626911006,355.5917577826361,349.4549987792969,343.3182397759577,152798800.0,212691627.9894954,2400338.8364402354
2021-08-12,355.19000244140625,355.25,353.739990234375,355.2300109863281,332.05908203125,3118600,346.57580017089845,350.4187955796208,351.12352396647134,2.0400782787723983,1.6424795292159626,0.3975987495564357,353.74352427323106,62.093416182581464,1.2570559175759222,177.52843800132044,-0.24556483661503092,2.8798960914720935,356.35298069433145,349.719499206543,343.08601771875453,155917400.0,215727661.98302814,3516550.3412475586
2021-08-13,355.8500061035156,356.3699951171875,355.0,355.3900146484375,332.2086181640625,2414900,346.76320068359377,350.8922450147462,351.6635730561756,2.184249095215989,1.750833442415968,0.43341565280002126,354.48999402354855,62.34900067679821,1.691084890786666,159.09235061110505,-10.582931266313377,2.772046021880337,357.07372721739773,350.1520004272461,343.23027363709446,158332300.0,214687725.09449565,3322606.915840447
2021-08-16,354.4100036621094,356.6000061035156,352.6600036621094,356.57000732421875,333.3116149902344,3634600,346.9366009521484,351.43298428231503,352.2748118082682,2.3664421808655334,1.873955190105881,0.4924869907596523,355.3783539009606,64.2627082073724,2.3596960174188917,117.53880421609571,-0.31610867964331213,2.8554714804179024,356.6663001897536,350.9865005493164,345.30670090887924,161966900.0,218266978.14237878,4080064.4919694364
2021-08-17,353.9100036621094,354.6700134277344,351.510009765625,353.8299865722656,330.75030517578125,5019600,347.08140075683593,351.6612702146913,352.54562000093006,2.2636408953255795,1.9518923311498209,0.3117485641757587,355.36354033016244,57.015788985579064,0.7804238978481235,45.63667132119027,-29.188761580736344,3.0129376288590346,356.53616252208633,351.4240005493164,346.3118385765465,156947300.0,220617847.8150878,4767022.533341467
2021-08-18,352.6199951171875,354.0400085449219,349.8900146484375,350.1199951171875,327.28228759765625,4038000,347.15700073242186,351.51448211016714,352.42142900739395,1.8613483658469931,1.9337835380892554,-0.07243517224226226,354.3574565255889,48.96427637002471,0.612087974535681,-21.883630013382163,-68.28236898211719,3.094155933689416,356.4366633970207,351.530500793457,346.6243381898933,152909300.0,217027396.0071944,3472268.653814733
2021-08-19,347.3299865722656,350.4800109863281,347.3099975585937,349.4800109863281,326.6841125488281,5442200,347.25080078125,351.3207229555158,352.22614426385786,1.4738970987983748,1.8418062502310792,-0.3679091514327044,353.3409001114179,47.71258778792507,-0.3222881299576596,-94.67853376307234,-75.0261280063286,3.099574326121203,356.3619543801042,351.5915008544922,346.82104732888024,147467100.0,219036045.8825253,3266051.694903195
2021-08-20,348.9800109863281,351.75,348.5299987792969,351.1600036621094,328.8294982910156,3394800,347.3744006347656,351.3054163561437,352.18504929315475,1.2875583754033073,1.730956675265525,-0.4433982998622177,352.92457440734125,51.23657268667992,-0.264134932958664,-53.0565911531831,-57.32339879537831,3.1081762471627687,356.37308379799185,351.6210006713867,346.86891754478154,150861900.0,221186796.93310675,3569106.30099684
2021-08-23,352.9599914550781,354.3099975585937,352.9200134277344,353.45001220703125,330.97381591796875,3569200,347.5410009765625,351.5096635800378,352.35924086797803,1.3095722125045768,1.6466797827133355,-0.3371075702087587,353.1629139802217,55.62666229693359,0.6549959705324381,44.334169452396935,-33.907330453492555,3.111163222114308,356.5397251290763,351.72300109863284,346.90627706818935,154431100.0,220339457.70988676,3099011.0414654315
2021-08-24,354.0799865722656,354.489990234375,353.6199951171875,353.739990234375,331.245361328125,1981400,347.7298010253906,351.7220756423556,352.5513350713821,1.3350277712467005,1.5843493804200086,-0.24932160917330815,353.4199088273316,56.16482620359581,0.28633210007356646,48.34512170911554,-30.785933676067025,2.9632214224878397,356.74457495071755,351.8790008544922,347.0134267582668,156412500.0,218904631.64001164,2168435.500200033
2021-08-25,353.7799987792969,355.0400085449219,352.9200134277344,354.17999267578125,331.6574401855469,2434700,347.94520080566406,351.9561629788723,352.7704771496001,1.3748575032365693,1.5424510049833209,-0.16759350174675158,353.7307488153887,57.016683928671796,-0.21412344632821795,44.43105233521678,-26.049636187441326,2.9029909721092437,356.93988829731944,352.1200012207031,347.30011414408676,158847200.0,219363967.99919862,1736767.4839509428
2021-08-26,354.4700012207031,355.0,352.07000732421875,352.1600036621094,329.7657775878906,3008900,348.17320068359373,351.9755763772759,352.7742869059245,1.229256517200838,1.4798121074268245,-0.2505555902259864,353.4471066348393,52.01883043164804,-0.8642308445996998,1.5844024129525907,-47.79330847691444,2.9049196652286726,356.96985361136177,352.18700103759767,347.40414846383356,155838300.0,216539908.03877783,503723.5368105173
2021-08-27,352.6499938964844,354.8500061035156,352.6499938964844,354.57000732421875,332.0225524902344,3163700,348.4916009521484,352.2226650388895,353.0012398856027,1.2934240536977768,1.442534496681015,-0.14911044298323817,353.826806915833,56.87570565486655,-0.23073448617568107,36.78076931498738,-21.85141993659957,2.8895684349556423,357.16238878792655,352.4415008544922,347.7206129210578,159002000.0,218898310.56339982,703904.2220136821
2021-08-30,354.9599914550781,355.2200012207031,353.8800048828125,354.0799865722656,331.5637512207031,2482000,348.9140008544922,352.39955280397294,353.1572861444382,1.2898679148578935,1.4120011803163908,-0.12213326545849723,353.9980096806146,55.64239249667035,-0.6983259109869613,48.49527493431212,-27.12612716193338,2.7788847137367125,357.1037646508969,352.7279998779297,348.35223510496246,156520000.0,217157140.2794034,167796.30086940527
2021-08-31,353.79998779296875,354.79998779296875,353.17999267578125,353.9200134277344,331.4140014648437,2913800,349.21680114746096,352.5443585776645,353.27081124441963,1.2596210262901764,1.381525149511148,-0.12190412322097166,354.08361660850073,55.22140296591491,0.025443534715891884,30.670023719268634,-28.84811852241166,2.6961068854117687,357.2071032409744,352.8695007324219,348.5318982238694,153606200.0,216905413.07723325,-146869.80400457978
2021-09-01,354.2900085449219,354.3500061035156,353.2900085449219,353.54998779296875,331.0673828125,2739200,349.49880065917966,352.64013278864593,353.3356195359003,1.192050951547344,1.3436303099183873,-0.1515793583710432,354.04494822601595,54.19991438745414,0.9796620369062923,23.2515414099856,-32.83116797792467,2.579241933496196,356.86722476430316,353.1475006103516,349.4277764564,150867000.0,215509867.41016352,-706282.3042475283
2021-09-02,354.7799987792969,355.17999267578125,353.9200134277344,354.8699951171875,332.30352783203125,2390000,349.8206005859375,352.85250062945937,353.4996666317894,1.2308265376375402,1.321069555462218,-0.09024301782467781,354.3437050480061,57.2387400409184,1.5422868151020617,76.36202088171689,-18.62227551204758,2.511439287018789,356.9605666087254,353.3605010986328,349.76043558854025,153257000.0,216723825.55679563,-484665.9800323546
2021-09-03,353.67999267578125,354.6499938964844,353.0899963378906,354.1400146484375,331.61993408203125,2465400,350.06380065917966,352.9751210122192,353.5739060174851,1.1889476968946724,1.294645183748709,-0.10569748685403657,354.38714972636853,55.06294244566402,0.8486191352234776,46.538092975590146,-13.653426956538418,2.4591935364672235,357.0291116215159,353.46300201416017,349.89689240680445,150791600.0,217577296.3185625,-78385.33410647511
2021-09-07,353.6400146484375,353.69000244140625,350.989990234375,351.44000244140625,329.0915832519531,3168500,350.2036004638672,352.82891924357034,353.38123939150853,0.927201788664604,1.2211565047318882,-0.2939547160672842,353.7106173348858,47.821996563262324,-0.5686828960830955,-50.236573177285976,-47.78757306275164,2.5085385991526006,357.0080549230866,353.4775024414063,349.94694995972594,147623100.0,215464986.86041662,-577152.1398099065
2021-09-08,350.82000732421875,352.1700134277344,349.6400146484375,350.7300109863281,328.42681884765625,3075700,350.36220092773436,352.6290232190711,353.119573538644,0.6549263110005086,1.1079104659856123,-0.4529841549851037,352.9634663243019,46.105051210506886,-0.8509016031952097,-105.23545038268884,-56.76344065278997,2.510071469162906,357.09540426770036,353.37750244140625,349.65960061511214,144547400.0,215039487.14026174,-864111.0040278435
2021-09-09,350.5599975585937,352.510009765625,348.9200134277344,349.3099975585937,327.0971984863281,3484700,350.491201171875,352.3129255371208,352.73219212123325,0.32086409567801866,0.9505011919240935,-0.6296370962460749,351.9788740142537,42.79562887327712,-1.3750057083674918,-152.02945732092283,-88.34082967639604,2.5872089597863144,357.1366039327125,353.09600219726565,349.0554004618188,141062700.0,212311878.55367747,-1770823.1802094877
2021-09-10,351.25,351.6600036621094,346.57000732421875,346.70001220703125,324.6529846191406,4539000,350.526201171875,351.77836236282656,352.12305021740144,-0.1527260907611776,0.7298557353870393,-0.8825818261482169,350.4963837634346,37.4716448394284,-1.5504291794354024,-210.3514019833188,-98.49705231739715,2.765979486793765,357.45173944202793,352.6695022583008,347.88726507457363,136523700.0,208004742.0458742,-3351219.4883839786
2021-09-13,348.9100036621094,349.94000244140625,347.4700012207031,349.29998779296875,327.087646484375,5439700,350.58500122070313,351.54232668950675,351.802144077846,-0.31462660501034634,0.5209592673075621,-0.8355858723179085,349.96441552750593,44.83411884793932,-1.4863128359390803,-136.64242214082876,-68.43950988382144,2.7998373973352817,357.1909097650454,352.36500091552733,347.5390920660093,141963400.0,210625425.07217863,-2859235.2435053587
2021-09-14,350.3999938964844,350.57000732421875,345.7099914550781,346.4700012207031,324.43768310546875,3902200,350.55560119628905,351.0592480734302,351.2407155354818,-0.6636401634774529,0.28403938115055916,-0.9476795446280121,348.8073187650913,39.396550203838004,-2.149227756483025,-142.94978556274205,-92.00831771622211,2.946993002464235,356.92784862424384,351.86000061035156,346.7921525964593,138061200.0,207943677.92141852,-3251321.669160038
2021-09-15,346.4100036621094,349.4599914550781,345.7799987792969,348.82000732421875,326.6382141113281,3267300,350.61560119628905,350.84598704969574,350.95119236537386,-0.7420561094207301,0.07882028303630131,-0.8208763924570314,348.4861020705506,45.326392496652375,-1.4410052865114327,-105.45426139113188,-67.29744820681334,2.999350121986879,356.7577273101722,351.60950164794923,346.4612759857263,141328500.0,210074551.66463912,-2438140.6823430955
2021-09-16,348.9100036621094,350.0799865722656,346.0,348.17999267578125,326.03887939453125,3646000,350.64080078125,350.5920828236086,350.62457246326267,-0.8460919238166866,-0.10616215833429628,-0.7399297654823903,348.0768118808934,44.06190462022847,-1.5188786034782875,-87.33410641450668,-74.02735347726748,3.0765384398639326,356.839336589164,351.5125015258789,346.1856664625938,137682500.0,210324767.0835466,-1804212.5833253264
2021-09-17,346.8500061035156,347.70001220703125,345.0599975585937,345.6400146484375,324.3462219238281,5380900,350.6660009765625,350.12045728311614,350.0652879987444,-1.1205787216208023,-0.3090454709915975,-0.8115332506292048,347.10371285147266,39.36802573418283,-2.600946993476305,-119.36089674376508,-94.29117243326482,3.0796424882441915,357.177013720341,351.32050170898435,345.4639896976277,132301600.0,207308258.47856218,-2340657.2277380824
2021-09-20,340.2200012207031,342.1600036621094,335.989990234375,339.3999938964844,318.490478515625,10010600,350.4794006347656,349.0994607701036,348.93000154041107,-1.8206417859066164,-0.6113647339746013,-1.209277051932015,344.71217515607805,30.712016616246867,-4.162201429450401,-226.8661572875198,-82.23031147327208,3.5489554829454995,358.56386789704067,350.7325012207031,342.90113454436556,122291000.0,208362847.5773311,-2011773.7574133575
2021-09-21,341.4100036621094,343.07000732421875,339.010009765625,339.1099853515625,318.2183837890625,6071100,350.26100036621096,348.14808215881396,347.8230952671596,-2.3715107739202494,-0.963393941963731,-1.4081168319565185,342.71067299247824,30.37771489339098,-3.5084273287584753,-166.47855382046552,-83.74155956095404,3.5854584883489458,359.2249266869452,350.0154998779297,340.8060730689142,116219900.0,202590743.70776,-3530920.500106424
2021-09-22,341.1600036621094,344.3299865722656,340.44000244140625,342.5,321.3993835449219,6862700,350.1310003662109,347.61016957226025,347.1073333740234,-2.5056490031277576,-1.2718449541965364,-1.2338040489312212,341.9930253171526,38.76812693847046,-2.3465374300829196,-107.43576840563559,-66.07603471910791,3.7022115406599583,359.0489341941264,349.45350036621096,339.85806653829553,123082600.0,202996528.49833325,-3702283.5069251657
2021-09-23,344.8099975585937,348.6700134277344,344.5299987792969,347.5599975585937,326.147705078125,5592200,350.0940002441406,347.60539128524437,346.926999773298,-2.178542123865384,-1.453184388130306,-0.725357735735078,342.7644955547025,48.70487970229661,-0.5009876648911123,-9.4618376810008,-37.99568567227821,3.8784831040224166,358.49710629050645,349.12250061035155,339.74789493019665,128674800.0,205589980.295473,-2610626.119086057
2021-09-24,346.5,348.42999267578125,346.3099975585937,347.8699951171875,326.43865966796875,3121600,350.05260009765624,347.6305916501914,346.8077135358538,-1.8727059645114537,-1.5370887034065357,-0.33561726110491796,343.5202888921566,49.24826821787212,0.3374626100265601,15.206950084824623,-32.881374634910024,3.752876819248498,358.19065384299336,348.90800018310546,339.62534652321756,131796400.0,207062436.5170426,-1458200.5609173775
2021-09-27,348.2900085449219,350.5,348.1700134277344,348.6099853515625,327.13311767578125,3426000,350.09,347.72386724079814,346.77933117094494,-1.5527188014263515,-1.540214723010499,-0.012504078415852549,344.36839454960364,50.593722467184364,-0.19753863885481057,60.159787387667755,-23.607868057813373,3.672671680931641,357.5217069985059,348.60999908447263,339.69829117043935,135222400.0,204930301.3220826,-1532596.707252264
2021-09-28,347.3099975585937,347.82000732421875,342.4100036621094,342.9200134277344,321.7936096191406,7493800,350.15080017089844,347.2663573538397,346.2374277750651,-1.7382227011786995,-1.5798163186441392,-0.1584063825345603,343.61805712157394,41.48636692908061,-1.0246162093287234,-46.2573593396242,-58.050756657701065,3.8531938243974615,356.9212801426812,348.05200042724607,339.18272071181093,127728600.0,198849406.5326312,-3358534.6812826395
2021-09-29,343.8699951171875,345.6700134277344,342.8800048828125,343.7699890136719,322.59130859375,4116600,350.1246002197266,346.9333698928713,345.82961716424853,-1.795947388417801,-1.6230425325988718,-0.17290485581892923,343.2536277709239,43.13314796208034,-1.44774330729631,-42.581752330403816,-50.35103948585618,3.777252018720634,356.17087166250514,347.544499206543,338.9181267505808,131845200.0,197359112.9500535,-4274372.294089556
2021-09-30,345.0799865722656,345.44000244140625,338.1099853515625,338.2900085449219,317.4488830566406,7926000,349.9306005859375,346.110192621638,344.948237101237,-2.257856085175945,-1.7500052431142863,-0.5078508420616585,341.56462434775085,36.08245078103904,-2.8404803087203074,-106.17187002376119,-84.2248586104262,4.031020952372286,355.83697223246565,346.7815002441406,337.72602825581555,123919200.0,189822433.6878028,-6658488.146945834
2021-10-01,340.0299987792969,344.7799987792969,337.67999267578125,343.17999267578125,322.0375671386719,6219800,349.8290002441406,345.8311259601279,344.60523638044083,-2.203935605414415,-1.8407913155743123,-0.3631442898401027,341.48479206113427,44.75983792603741,-0.7117295071169419,-66.09453345964245,-50.685912114501484,4.250234177453953,354.57222745338885,346.19700012207034,337.8217727907518,130139000.0,193238935.26311022,-5941422.481248677
2021-10-04,342.6099853515625,344.0299987792969,338.07000732421875,340.010009765625,319.0629272460937,7037700,349.61780029296875,345.2767339416038,344.0159992036365,-2.389450269597546,-1.9505231063789592,-0.43892716321858694,340.6343844881081,40.88489018628814,0.17973361228953863,-80.96777367945238,-72.29485302777918,4.372359697284251,353.43942033622534,345.49049987792966,337.541579419634,123101300.0,190782837.53042614,-5889433.761931241
2021-10-05,341.1300048828125,344.8699951171875,340.4700012207031,343.1300048828125,321.9906616210937,3826100,349.4522003173828,345.0722835550523,343.7911901564825,-2.2586778145854396,-2.0121540480202555,-0.24652376656518404,340.78502826535225,45.85344255114773,1.1854618574803573,-25.72863089887214,-50.792489021250816,4.407190101161269,352.5936333220808,345.075,337.5563666779192,126927400.0,191582853.04378107,-5078212.189603776
2021-10-06,340.4800109863281,344.29998779296875,338.4700012207031,344.1199951171875,322.9197998046875,6276300,349.3222003173828,344.9815894181128,343.70023731050037,-2.0515072648726687,-2.0200246913907383,-0.0314825734819304,341.20232426289164,47.36514555665192,0.4729912750912409,-31.319946501251767,-43.969680144027734,4.5088184205258655,351.80704130894065,344.74449920654297,337.6819571041453,133203700.0,197471609.08737472,-2410998.0607260466
2021-10-07,346.8699951171875,349.7699890136719,346.7699890136719,347.6300048828125,326.2134704589844,5310400,349.2876007080078,345.23381946236987,343.975047374907,-1.5858143769295907,-1.9331826284985087,0.34736825156891804,342.4878366193336,52.43552468776366,0.020142514878169947,112.4539016657592,-19.779415476250573,4.590330954522901,351.5414697627252,344.6604995727539,337.7795293827826,138514100.0,195205894.60169762,-1821592.520652771
2021-10-08,347.9200134277344,348.4599914550781,346.5799865722656,347.5299987792969,326.11968994140625,3658300,349.2218005371094,345.4525032068391,344.24833301362537,-1.2108610128452142,-1.78871830536785,0.5778572925226357,343.5411879373038,52.28099436481676,-0.09773660926866944,84.67916045433527,-23.166922963393212,4.396736235115015,351.641432938835,344.7019989013672,337.76256486389934,134855800.0,195244850.5915684,-1402477.6646954417
2021-10-11,347.6600036621094,349.5599975585937,344.8599853515625,344.9800109863281,323.72674560546875,4098400,349.13180053710937,345.4075039477428,344.27481035505025,-1.1067129758894794,-1.652317239472176,0.5456042635826965,343.761202634425,48.366888881096614,-1.0412709095448476,48.10251238615631,-43.057612012778335,4.418398804537599,351.10085308575805,344.48600006103516,337.87114703631227,130757400.0,191355774.75493437,-2340956.838487774
2021-10-12,345.489990234375,346.1000061035156,343.19000244140625,343.7799987792969,322.6006164550781,5100300,349.040400390625,345.25250345550984,344.2075721377418,-1.1082308668595715,-1.5434999649496552,0.43526909809008374,343.64462466921765,46.59883305625374,0.25078307415374285,-11.316937441326825,-52.418076298662655,4.310656294364154,350.90866051721724,344.3514999389648,337.7943393607124,125657100.0,188323622.2018433,-3476841.691160172
2021-10-13,343.95001220703125,344.5599975585937,341.1199951171875,343.8900146484375,322.7038879394531,4189100,348.89640075683593,345.12274261674105,344.1636211576916,-1.0880144913991217,-1.4524028702395486,0.36438837884042696,343.5910410760937,46.79087156249474,0.03491451802119106,-37.87790732778462,-51.55991868331722,4.248466733438585,350.3341566409419,344.1050003051758,337.8758439694097,129846200.0,190880964.40123653,-2811745.550068319
2021-10-14,347.2099914550781,349.2200012207031,346.6000061035156,349.1300048828125,327.6210632324219,4473900,348.9192010498047,345.5043866420812,344.6421930222284,-0.6417715062717093,-1.2902765974459807,0.6485050911742714,344.91908776966505,55.07723339574814,3.2043501327504242,105.24234410215495,-10.686383264379195,4.325718150497659,350.5182204397002,344.15250091552736,337.7867813913545,134320100.0,195047509.159658,-958328.7464812994
2021-10-15,351.6499938964844,353.0799865722656,350.9200134277344,352.8500061035156,331.22283935546875,4206800,348.96400146484376,346.2039694479321,345.47052684965587,0.011914935650793268,-1.029838290826626,1.0417532264774192,346.97950618747086,59.85678532125719,2.8177672457934064,186.92562160860197,-1.4933802590824552,4.298879831851621,351.90822362017605,344.51300048828125,337.11777735638645,138526900.0,198358481.5069976,940499.2151833773
2021-10-18,351.3399963378906,353.1300048828125,350.25,352.5,330.8943786621094,3310600,348.9722015380859,346.80359140527185,346.2311934698196,0.49600593533068604,-0.7246694455951636,1.2206753809258495,348.5740791895079,59.21838300698646,3.6734183922951487,136.69302496978707,-4.077698285091236,4.197531621205969,352.9463739221955,345.16800079345705,337.3896276647186,135216300.0,200220685.23691747,2224311.9121858478
2021-10-19,353.6700134277344,354.510009765625,352.79998779296875,354.4599914550781,332.7342224121094,2380900,349.0384014892578,347.53277236239626,347.11614496140254,1.0259796159940606,-0.3745396332773187,1.4005192492713794,350.37660674575704,61.68292731431013,3.3019515667640604,139.91558990779603,-0.29719702766706213,4.041280060093042,354.18626891310856,345.9355010986328,337.68473328415706,137597200.0,202462302.11952445,3260539.577044904
2021-10-20,354.510009765625,356.5799865722656,354.3699951171875,356.0299987792969,334.2079467773437,2873800,349.1044012451172,348.34203202114867,348.07752569289437,1.5547518347877372,0.01131866033569251,1.5434331744520446,352.23954321711403,63.581496668454236,3.461003089359429,142.60201922451586,-2.9099892623301593,3.910473731163405,355.79153283306306,346.6120010375977,337.4324692421323,140471000.0,203905730.1460928,3847310.759573132
2021-10-21,355.3900146484375,356.0899963378906,354.29998779296875,355.9599914550781,334.1421813964844,2243800,349.12480102539064,349.0675519672372,348.96781049455916,1.9457294637079485,0.39820082101014376,1.5475286426978048,353.71766400214676,63.4305723382292,2.3962219760269825,118.07067451624182,-3.3495181646566174,3.759011932146153,357.0746821720399,347.03200073242186,336.9893192928038,138227200.0,205823604.37676367,4347830.702223301
2021-10-22,355.9700012207031,357.6199951171875,355.32000732421875,356.739990234375,334.8744812011719,3872300,349.1550006103516,349.79826037363125,349.8923809233166,2.292099537549973,0.7769805643181096,1.5151189732318633,355.09372715344523,64.44328279863925,2.6501284744995615,112.14173163746179,-4.595327223441337,3.65479592220491,358.3739979755539,347.4755004882812,336.57700300100856,142099500.0,206732720.90411022,4446595.873624712
2021-10-25,357.3599853515625,357.8900146484375,356.2900085449219,357.54998779296875,335.63482666015625,2518200,349.19820007324216,350.53652012785386,350.8518559047154,2.6019664999344627,1.1419777514413803,1.4599887484930825,356.3882162491279,65.51139584662438,3.6436826501054242,104.03995232471009,-1.7509094766286148,3.508025220869961,359.67067743712033,347.92250061035156,336.1743237835828,144617700.0,208180605.4527379,4543454.357068211
2021-10-26,358.5599975585937,358.92999267578125,357.3699951171875,357.5,335.5877990722656,3182200,349.2167999267578,351.19970868710584,351.76399870372956,2.8111000909682957,1.4758022193467635,1.3352978716215322,357.38789408335657,65.38086559812753,3.990924797667249,101.70343477101095,-8.02915705674111,3.3688803878502314,360.86766226507405,348.65149993896483,336.4353376128556,141435500.0,205528792.87008598,3326278.4278996587
2021-10-27,358.0899963378906,358.29998779296875,354.9599914550781,354.9800109863281,333.2222595214844,3542100,349.23980041503904,351.55973747750795,352.3667140415737,2.7418911017592222,1.7290199958292551,1.012871105929967,357.5019356347731,58.99885841669515,3.2248672149518645,65.13536253617727,-22.178451605385895,3.366817241424545,361.50924286998213,349.21200103759764,336.91475920521316,137893400.0,202029154.70205638,1412432.637239486
2021-10-28,355.75,357.3800048828125,355.75,357.29998779296875,335.4001159667969,2490500,349.3834002685547,352.1064279837423,353.1369984944661,2.8414902873615233,1.9515140541357088,0.8899762332258145,358.14607242709576,62.61673335415373,2.3400976128930977,68.0437443979224,-9.152190377622949,3.2977584310716757,361.8600846020894,350.1625,338.46491539791066,140383900.0,204275136.9532359,1215723.4721411765
2021-10-29,356.6499938964844,358.5199890136719,356.3900146484375,358.2300109863281,336.2731628417969,2979600,349.5584002685547,352.689626364941,353.9053328741164,2.9613320660089357,2.153477656510354,0.8078544094985816,358.8642815922269,63.988540753050735,1.524728578645445,75.11571354473627,-3.9302739214322147,3.214345283511868,362.6552871133981,350.91500091552734,339.17471471765657,143363500.0,206443442.18426964,1714646.5260988772
2021-11-01,359.45001220703125,360.04998779296875,357.9800109863281,359.1300048828125,337.1180114746094,2548400,349.7178002929688,353.30299574759545,354.6877142043341,3.093272208361043,2.3414365668804917,0.7518356414805512,359.6344123619164,65.31498278446689,1.8808524490248226,95.52086394782627,-4.859922166442576,3.1326046780210652,363.0016821202343,351.8710006713867,340.7403192225391,145911900.0,206726614.43802541,1852974.7174493968
2021-11-02,359.4100036621094,360.8800048828125,358.7900085449219,360.5700073242188,338.4697265625,2629000,349.8602001953125,353.9950920882263,355.51619102841335,3.2762651390526116,2.528402281314916,0.7478628577376956,360.58593210133455,67.38499698854105,1.7237533195379044,126.8615664794016,-2.170851436227905,3.058132653726034,363.7295414017737,352.74300079345704,341.7564601851404,148540900.0,208575724.47672015,2329464.470091194
2021-11-03,359.9100036621094,361.8399963378906,358.8999938964844,361.55999755859375,339.3990173339844,3557400,350.0166003417969,354.7155592758803,356.35590500604536,3.4612728938857913,2.714976403829091,0.7462964900567002,361.56751038103255,68.76513771658571,1.5532395579746985,142.36708847536264,-2.415865985923471,3.049694781417478,364.49338216915714,353.61500091552733,342.7366196618975,152098300.0,211455527.99350482,3228923.717867881
2021-11-04,361.3399963378906,361.6499938964844,359.8699951171875,361.3500061035156,339.2018127441406,3870900,350.1600006103516,355.34741135470273,357.0925721668062,3.550025829103504,2.881986288883974,0.6680395402195298,362.26032293655834,68.10679537058836,1.514219231887389,129.90664535543158,-4.227699647955008,2.959002209837435,365.31275923370225,354.3010009765625,343.2892427194227,148227400.0,214021682.4382731,4119849.4863966107
2021-11-05,362.9599914550781,364.9400024414063,361.8900146484375,363.2999877929688,341.0323486328125,4489000,350.38280029296874,356.1047995869186,357.9496185302734,3.7346595646395144,3.0525209440350825,0.682138620604432,363.2756996978823,70.89347724314713,1.8388736161269577,175.47343579117015,-13.50916531759353,3.0040732189840953,366.3055136660076,355.0895004272461,343.8734871884846,152716400.0,213683105.24350032,4002058.2400582433
2021-11-08,365.05999755859375,365.6400146484375,363.3299865722656,364.3200073242188,341.9898681640625,3056000,350.57780029296873,356.88720032380434,358.8287144252232,3.9181244817017387,3.225641651568414,0.6924828301333248,364.3126140740821,72.25892520696425,1.8934470038830162,163.1176172591857,-11.640248661158303,2.9566413358758523,366.9495574161373,356.05650024414064,345.163443072144,155772400.0,213246556.8849563,3451145.6851959825
2021-11-09,364.1900024414063,364.2999877929688,361.8200073242188,363.2799987792969,341.0135498046875,3680600,350.76180053710937,357.4960382719465,359.51666666666665,3.9342501654838316,3.3673633543514976,0.566886811132334,364.83075197085867,68.71914978091634,1.6167828753277973,105.15586934509865,-20.811378131811942,2.9240240975990055,366.78595989737676,357.0315002441406,347.27704059090445,152091800.0,213899575.3285474,3119810.446149856
2021-11-10,362.5199890136719,363.7300109863281,360.2799987792969,361.0700073242188,338.9391174316406,3529000,350.90480041503906,357.8364162769248,359.90128638857885,3.7257538738483618,3.4390414582508706,0.28671241559749117,364.620165603697,61.79199631873702,1.7155885259480808,56.24277120321508,-42.790237825140984,2.961594676844166,365.6956354179426,357.8904998779297,350.0853643379168,148562800.0,211986766.80134714,2092024.1855081916
2021-11-11,361.1900024414063,361.260009765625,359.3800048828125,359.4599914550781,337.4275817871094,2461200,351.02300048828124,357.991042484368,360.05076177687874,3.39150903045487,3.4295349726916706,-0.03802594223680078,363.9714581658178,57.26325699765314,0.6045350506311664,2.6081575402298265,-57.86526004177585,2.884338262984761,365.1149393391319,358.406999206543,351.69905907395406,146101600.0,209734994.92939076,764909.2845770121
2021-11-12,360.6900024414063,361.739990234375,359.5799865722656,361.2799987792969,339.1361999511719,3099800,351.1512005615234,358.3042764172183,360.32438078380767,3.2361723837970544,3.3908624549127477,-0.15469007111569333,363.85950515650296,60.763979690417884,0.8514048793877164,22.30270546668752,-40.82402996888243,2.8411711570070546,365.13409983443665,358.82849884033203,352.5228978462274,149201400.0,211514536.5081076,718679.2106444538
2021-11-15,362.6000061035156,362.7300109863281,360.6700134277344,361.239990234375,339.0986022949219,2555000,351.2932000732422,358.5838682093285,360.5540466308594,3.0743988606520247,3.3275697360606036,-0.25317087540857885,363.70966715588537,60.646374784597505,0.5875268907845804,38.654608599727645,-41.19864099919134,2.7853730428346752,364.9355784430352,359.26549835205077,353.59541826106636,146646400.0,210373412.68955407,271347.5826191604
2021-11-16,361.8200073242188,363.5400085449219,361.7000122070313,361.9299926757813,339.7463684082031,2728600,351.5029998779297,358.9025467299431,360.8078079950242,2.9676602682072826,3.2555878424899394,-0.2879275742826568,363.7217766307007,62.01192923182986,0.37717650496083077,61.88269639405977,-37.51280563818307,2.750704847671261,364.9675184467046,359.6389984130859,354.3104783794672,149375000.0,208326906.11996898,-587480.863042742
2021-11-17,361.4400024414063,361.5799865722656,359.5400085449219,359.8500061035156,337.7937927246094,2976000,351.6853997802734,358.9927809559976,360.8279039655413,2.6842888208608997,3.141328038164132,-0.45703921730323227,363.1511123868711,55.733705588934065,-0.4729481874722623,-41.28384655121795,-62.59468697212838,2.7249390821847017,364.89469327816374,359.8299987792969,354.76530428043003,146399000.0,206255379.32704195,-1544534.5828318596
2021-11-18,360.0299987792969,360.04998779296875,357.1300048828125,359.3500061035156,337.32440185546875,3438100,351.8861999511719,359.0268023986184,360.78219037737165,2.3917979282578017,2.991422016182866,-0.5996240879250645,362.5173095932761,54.310270518411485,-0.5534799961860418,-123.76345076331158,-73.91305906991423,2.7388707841826694,364.7520667789488,359.99949951171874,355.2469322444887,142960900.0,208045108.6888864,-1226184.9819012582
2021-11-19,357.8900146484375,357.8900146484375,355.3800048828125,355.9100036621094,334.748291015625,3542200,352.0703997802734,358.7299644237128,360.39271458217075,1.860965291396667,2.7653306712256267,-0.9043653798289597,361.0748776942141,45.6683796905673,-2.0341272719972427,-213.21660764595575,-94.83432480666269,2.826808672505559,364.8365165525995,359.95800018310547,355.07948381361143,139418700.0,205998808.58675626,-1635575.1792981923
2021-11-22,357.4800109863281,359.239990234375,356.0899963378906,356.20001220703125,335.02105712890625,4929200,352.20840026855467,358.48901659355266,360.0348109654018,1.4469977784491448,2.5016640926703304,-1.0546663142211856,359.9456251186066,46.44210540851192,-2.228808452444211,-148.16815657973655,-92.00773349196906,2.8627499510598495,364.93495257495175,359.89050140380857,354.8460502326654,144347900.0,201413920.50607345,-3113192.3603325486
2021-11-23,356.2799987792969,358.3699951171875,355.3399963378906,358.0199890136719,336.7328186035156,5789300,352.43940002441406,358.4443473002307,359.8566669282459,1.2513575887384718,2.2516027918839585,-1.0002452031454867,359.47807878048656,51.1441889955302,-1.4479216536280073,-115.28511853158695,-73.98069988829994,2.874696295933923,364.9165656201041,359.9165008544922,354.9164360888803,150137200.0,205865734.59754565,-2018168.3270751834
2021-11-24,356.0599975585937,358.20001220703125,355.79998779296875,358.0299987792969,336.7422180175781,4246700,352.6235998535156,358.4048855363322,359.6770000639416,1.084616252305807,2.0182054839683286,-0.9335892316625216,359.08820148398615,51.16958117838548,-0.8419443551821212,-93.05557293436921,-73.88351787052866,2.8407911615145354,364.62373568949727,360.0690002441406,355.514264798784,154383900.0,209510777.36495322,-226947.76683339477
2021-11-26,350.3299865722656,351.4599914550781,347.3599853515625,349.0199890136719,328.2680053710937,9075000,352.6403997802734,357.5110858675074,358.6247132800874,0.22287093616415632,1.6591385744074942,-1.436267638243338,356.42562715341074,34.026546093060915,-2.9043572830304654,-237.80429832254478,-90.91903171953255,3.400021323387381,366.20806638317237,359.6550003051758,353.10193422717924,145308900.0,207784319.22235447,-22871.69512194395
2021-11-29,352.5899963378906,352.7699890136719,348.9200134277344,351.19000244140625,330.3090209960937,5243000,352.7513995361328,356.90907792216444,357.8185230073475,-0.28171900602114874,1.2709670583217658,-1.5526860643429146,354.81140039717275,39.30101932417134,-2.792846648578109,-158.38028680476208,-77.39069340107018,3.4321609135695326,366.8111405714982,359.30299987792966,351.79485918436114,150551900.0,208723983.0512647,361677.16115164757
2021-11-30,348.70001220703125,350.010009765625,344.3599853515625,344.8999938964844,324.3929748535156,9543500,352.8613995361328,355.76535563400444,356.4468081519717,-1.1756095967182318,0.7816517273137663,-1.957261324031998,351.87266794325956,31.45176514456691,-4.523307712218994,-195.58052588840698,-97.21214336468064,3.674864926160548,368.380808566468,358.5914993286133,348.8021900907586,141008400.0,201004748.28298125,-1970007.2931131423
2021-12-01,348.0400085449219,350.3800048828125,340.32000732421875,340.4599914550781,320.2169189453125,8415000,352.8883996582031,354.3077019026781,354.7199978783017,-2.2167421961889318,0.18197294261322666,-2.3987151388021584,348.34136962501617,27.306044544147422,-5.932086772354374,-171.1453942009152,-99.39713986434005,4.130945828477206,370.10613690290796,357.58599853515625,345.06586016740454,132593400.0,192823936.5030719,-5347772.20045501
2021-12-02,341.8099975585937,347.95001220703125,341.1700134277344,346.6099853515625,326.001220703125,8326400,352.97059936523436,353.5745860406671,353.67466328938804,-2.5165845522234918,-0.35773855635411705,-2.158845995869375,347.08793079729736,39.250672781036805,-3.6793165283827887,-116.10342241918578,-72.91137942863001,4.3708797515826285,370.08443600148945,356.8384979248047,343.59255984811995,140919800.0,197859008.59208602,-4641355.616003573
2021-12-03,347.8599853515625,348.5,343.0799865722656,346.239990234375,325.6533508300781,11365300,352.94419921875,352.8760531067345,352.6652816045852,-2.752340030804305,-0.8366588512441546,-1.9156811795601505,346.0187281421314,38.83721760181867,-3.6482581456709666,-89.00075668265406,-74.50481223541905,4.445817871307753,369.92375872813886,356.08299713134767,342.24223553455647,129554500.0,199746218.05532706,-3329949.855332792
2021-12-06,349.260009765625,354.0199890136719,348.8299865722656,352.82000732421875,331.842041015625,7026500,353.04319946289064,352.8707154131616,352.3545206705729,-2.380781392544634,-1.1454833595042506,-1.2352980330403833,346.9065914954453,49.104911588356714,-0.8681959782238035,-14.608608452109056,-46.16710015994785,4.683973650449833,369.0564353212204,355.55899810791016,342.0615608945999,136581000.0,203523520.60845348,-1288873.9722151458
2021-12-07,355.92999267578125,358.6099853515625,355.7900085449219,357.739990234375,336.4695129394531,5271500,353.2257995605469,353.3344558723248,352.5622342064267,-1.6700655162598537,-1.2503997908553712,-0.41966572540448244,348.9635261435443,55.165555054989476,0.43233519780136365,60.971214718490224,-18.06208883408671,4.762973963085112,368.16630792963923,355.229997253418,342.29368657719675,141852500.0,205542384.4524013,305647.74597227573
2021-12-08,358.1700134277344,358.8699951171875,356.4200134277344,357.989990234375,336.70477294921875,3355600,353.5271990966797,353.77784009728197,352.82509068080356,-1.0742617326606023,-1.2151721792164176,0.1409104465558153,350.7556138165119,55.455820225618055,-0.008379079441770895,70.89865372166737,-10.440950825352047,4.597760229254256,367.4407242527688,354.9654968261719,342.49026939957497,145208100.0,206487399.59172443,1230852.5617451668
2021-12-09,356.75,359.17999267578125,356.3500061035156,358.1099853515625,336.8175354003906,3774500,353.8139990234375,354.1904253595944,353.12456577845984,-0.5856493374991487,-1.089267610872964,0.5036182733738153,352.2847801191717,55.60439032132952,0.02234074589792453,74.50936447059073,-5.97254705872865,4.471490682326497,367.067729765207,354.81749572753904,342.5672616898711,148982600.0,207407650.9639436,1790257.0082906485
2021-12-10,359.5899963378906,360.3299865722656,357.6099853515625,360.2300109863281,338.8114624023437,3855200,354.25279907226565,354.7656239907119,353.640043422154,-0.027040437804316753,-0.8768221762592345,0.8497817384549178,354.10708246182395,58.253630718330385,3.2118567203946387,88.45625163958064,-0.4996286337841105,4.346384292210542,367.1690310842264,354.8559967041016,342.5429623239768,152837800.0,210979449.70958194,2992835.063826859
2021-12-13,359.42999267578125,359.989990234375,356.6099853515625,357.0400085449219,335.8111572265625,4563000,354.5299993896484,354.9822320434938,353.8480445498512,0.1564511314489323,-0.6701675147176012,0.8266186461665335,354.78211979902085,53.117311401010674,1.665766696901248,67.19560388827334,-16.441686353397277,4.294501530964476,366.6494735047164,354.6439971923828,342.6385208800492,148274800.0,207577510.65436146,2130287.744991809
2021-12-14,355.7099914550781,358.4100036621094,354.9700012207031,356.1700134277344,334.99298095703125,4079700,354.85319946289064,355.09535408008816,353.9933794294085,0.22902809366433985,-0.49032839304121295,0.7193564867055529,355.1126458137442,51.77648647130508,3.267619521800426,50.57222372993831,-20.789492547511234,4.233465881710317,366.0369027373498,354.39049835205077,342.74409396675173,144195100.0,206344139.91395587,1191328.8112491667
2021-12-15,355.8299865722656,359.9700012207031,354.44000244140625,359.8099975585937,338.4163818359375,9274900,355.1867993164062,355.54436774470776,354.509522210984,0.5736494836889392,-0.27753281769518257,0.8511823013841218,356.32807658462167,56.701182057621324,5.6834889823078365,69.71581306139562,-2.598648440490947,4.326075374395071,365.69060181821135,354.2844985961914,342.8783953741714,153470000.0,215082324.4371805,3479238.0674487054
2021-12-16,361.2699890136719,362.510009765625,358.3099975585937,359.44000244140625,338.0684814453125,9493700,355.49319946289063,355.91538057296475,355.00052257719494,0.8075994011839498,-0.06050637391935609,0.8681057751033059,357.22363277709496,56.07432890947939,3.7015716892375194,83.2051517333256,-13.835092322883913,4.3170708624405165,365.631424634449,354.2639984130859,342.89657219172284,143976300.0,210697146.4257583,2703622.66249159
2021-12-17,356.29998779296875,356.92999267578125,352.7099914550781,353.6300048828125,333.2176513671875,10638300,355.61319946289063,355.69772574533124,354.94014224097845,0.5182144953884631,0.055237799942207746,0.46297669544625536,356.4409852389456,47.242147678787454,2.1343619618967438,8.733578801682395,-40.01804373956502,4.489423728432489,365.10445733379095,353.9779983520508,342.85153937031066,133338000.0,204697413.2585119,231535.56520426273
2021-12-20,349.3800048828125,349.6400146484375,346.5400085449219,349.2699890136719,329.1092529296875,7303400,355.64799926757814,355.08556034231606,354.49176039922804,-0.06222468242140167,0.03174530346948586,-0.09396998589088754,354.66094154293535,41.907644896983214,-1.0061839569332127,-73.87470655982155,-59.666603403555385,4.6751789148223555,364.91736546073247,353.64599761962893,342.3746297785254,126034600.0,210257303.64549372,968234.5516987443
2021-12-21,352.1600036621094,354.9800109863281,351.510009765625,354.9100036621094,334.4237060546875,4693300,355.84659912109373,355.06884065848686,354.6121419270833,-0.06635991037524036,0.012124260700540616,-0.07848417107578098,354.665471003535,49.80374232616812,-0.7910735868281168,-13.761328744733463,-35.6139053783308,4.749096276096205,364.80834162621886,353.5814971923828,342.35465275854676,130727900.0,214761228.85634637,2614657.1994724274
2021-12-22,354.95001220703125,357.5599975585937,354.1700134277344,357.3900146484375,336.7606201171875,2999500,356.1187994384766,355.289904848006,354.97485787527904,0.1289921111957142,0.03549783079957533,0.09349428039613886,355.3159338676977,52.83925616703213,-0.16759563180654793,19.72349165430756,-26.350947017589597,4.652016837150713,364.73029303095774,353.5499984741211,342.3697039172844,133727400.0,217459922.88243502,3909173.000092387
2021-12-23,358.3900146484375,360.5,358.1600036621094,359.3599853515625,338.6168212890625,2655000,356.4281988525391,355.6775315626304,355.52818995884485,0.43772435385875497,0.11594313541141126,0.3217812184473437,356.36092285839754,55.15893389678263,0.3490547739887382,81.75088436722493,-19.724634773220206,4.541871731037269,364.91775466607226,353.6164978027344,342.3152409393965,136382400.0,217527962.51622352,4105017.2565430403
2021-12-27,360.0599975585937,362.9599914550781,359.70001220703125,362.9200134277344,341.9713439941406,2594300,356.7039990234375,356.36729174025936,356.4142390659877,0.9586111215217556,0.28447673263348017,0.6741343888882755,358.1366818195173,59.076350025736055,0.7467457900136877,140.48267968685627,-0.24347179630146432,4.4745956147857235,366.0958870810062,354.3114990234375,342.52711096586876,138976700.0,220058633.27907422,4617165.399039626
2021-12-28,363.1099853515625,365.1199951171875,362.8900146484375,363.989990234375,342.9795227050781,3048500,356.9267987060547,357.09326302541325,357.3360001336961,1.441143221827076,0.5158100304721993,0.9253331913548768,359.8574361636098,60.20171592074168,1.946555434439134,164.96297757355572,-6.081839071397721,4.3142659614974574,367.36194946282956,354.9514984130859,342.5410473633423,142025200.0,220017581.65875453,4393876.3600465655
2021-12-29,363.8999938964844,365.6400146484375,363.7900085449219,364.8399963378906,343.780517578125,3012200,357.1735986328125,357.83104715041105,358.2777618408203,1.8705789072832317,0.7867638058344059,1.0838151014488258,361.4673850478849,61.11649692148298,2.4342259548234986,148.2484548739187,-4.188576203646455,4.138247400213041,368.1711491444463,355.94849853515626,343.7258479258662,145037400.0,220424584.6808096,4032588.5001990497
2021-12-30,365.6900024414063,366.7200012207031,363.6000061035156,364.0700073242188,343.054931640625,2863200,357.3657989501953,358.42523383363084,359.0512388683501,2.124290603831639,1.0542691654338525,1.0700214383977866,362.5586417254535,59.77611777618753,1.1839609223007728,119.65678655398601,-13.131788197647232,4.065515094282645,367.57083202750357,357.1289993286133,346.68716662972304,142174200.0,218424019.04052642,2881646.3537895977
2021-12-31,363.510009765625,364.739990234375,362.9100036621094,363.3200073242188,342.3482666015625,3133800,357.51159912109375,358.8914027374964,359.64085867745536,2.2390300743030593,1.2912213472076939,0.9478087270953655,363.2247975183117,58.43186671572637,1.0794582841249152,84.54625851294138,-16.848340587183543,3.905834485567144,367.544448587795,357.9645004272461,348.3845522666972,139040400.0,216694458.28008303,1598523.7470456064
2022-01-03,364.3399963378906,365.8500061035156,362.2999877929688,365.6799926757813,344.572021484375,5624100,357.7059991455078,359.5379351125711,360.37566746303014,2.4916705983093266,1.5313111974280205,0.9603594008813061,364.3467320345859,61.375276899555026,3.4075128316563483,86.6426724799489,-5.153661657023145,3.8804190444942637,367.4458604597025,358.9365005493164,350.4271406389303,144664500.0,221779872.31551787,2546375.8967391253
2022-01-04,367.3399963378906,369.2099914550781,367.2099914550781,367.8699951171875,346.6356506347656,5462200,357.92859924316406,360.3314646368203,361.22647646949406,2.8359142737162983,1.7922318126856762,1.0436824610306221,365.7948444361828,63.927872402638066,5.325394877481886,120.91787352886504,-5.9108837584976754,3.855389025551589,368.5559809315637,359.68899993896486,350.82201894636603,150126700.0,219922744.3186917,2111740.513829112
2022-01-05,367.7099914550781,369.5,363.9800109863281,364.0899963378906,343.07391357421875,7638000,358.0593994140625,360.68942003692223,361.6456189836775,2.7717643814705184,1.9881383264426447,0.7836260550278737,365.95681046461743,56.93396619419444,2.5865691530411254,75.225613105451,-23.56274248923046,3.974289024703038,369.02504515132597,360.0065002441406,350.9879553369553,142488700.0,212589117.42999816,-591468.0177482665
2022-01-06,364.1099853515625,364.6499938964844,361.9599914550781,362.3900146484375,341.47186279296875,7019800,358.1571997070312,360.8513814284951,361.87262035551527,2.5543063609629257,2.1013719333467007,0.45293442761622504,365.6036361052584,54.06902721367101,1.3990318126035142,29.926530349414765,-30.966846679683602,3.8825542687532675,369.2522156057679,360.22650146484375,351.2007873239196,135468900.0,207813684.7705468,-3163012.0797873437
2022-01-07,361.8900146484375,363.8699951171875,361.1300048828125,362.30999755859375,341.3966369628906,5806300,358.3037994384766,360.99029725040924,362.07104855492,2.3484412339000755,2.1507857934573757,0.19765544044269978,365.25200062364803,53.93146178011321,0.8209072593725892,15.519304124083478,-31.31535329825228,3.8009425520119624,369.4509004373305,360.43650207519534,351.42210371306015,129662600.0,207008418.26872018,-4183681.9848583937
2022-01-10,361.0700073242188,361.2200012207031,356.44000244140625,360.7900085449219,339.9642639160156,8091800,358.3735998535156,360.97122213560095,362.10471583775114,2.039135344268516,2.128455703619604,-0.08932035935108829,364.5324036386772,51.2633143300788,-0.5869075289331301,-63.605456528724126,-48.415765331741014,3.9487320209530723,369.4796396397874,360.464501953125,351.4493642664626,121570800.0,213644395.83254853,-2109446.631636739
2022-01-11,360.6900024414063,362.75,357.70001220703125,362.5400085449219,341.6132507324219,7310900,358.4597998046875,361.12063036506004,362.302383132208,1.9131648000355312,2.0853975229027895,-0.17223272286725821,364.3647809523529,54.08008196479297,-0.39835757255837567,-51.6409005792956,-45.40115819585813,4.027393147525621,369.65501214668296,360.739501953125,351.82399175956704,128881700.0,220347283.85633418,1063609.1687618196
2022-01-12,363.7300109863281,364.55999755859375,361.6700134277344,362.9500122070313,341.9996337890625,4493200,358.53619995117185,361.2948572071525,362.5129079182943,1.8253743261747672,2.0333928835571853,-0.20801855738241803,364.3057082374701,54.740080808884244,-0.5180309587299031,-8.099794946427107,-50.15305526346492,3.946149646335175,369.7864215183126,361.07850189208983,352.3705822658671,133374900.0,219834237.55595103,2101743.7034609616
2022-01-13,364.2099914550781,365.1300048828125,360.4500122070313,361.2000122070313,340.3506164550781,6418100,358.5488000488281,361.2858243499981,362.52448032924104,1.5961894896607873,1.9459522047779059,-0.34976271511711854,363.777579471886,51.34774788666937,-0.7883085833631045,-50.65389559083282,-63.55275148965958,3.998567005581319,369.8364820721501,361.1480026245117,352.45952317687335,126956800.0,215473224.10863316,947772.3068312109
2022-01-14,358.2099914550781,359.79998779296875,356.3999938964844,359.1400146484375,338.40966796875,8575400,358.500400390625,361.081461521278,362.33324337913876,1.2341082371233938,1.8035834112470035,-0.5694751741236097,362.78828541778626,47.60764881059106,-1.150498896707104,-171.72209314309777,-79.08382079900107,4.055813527364577,369.834251731636,361.1330032348633,352.43175473809055,118381400.0,220719480.6596021,2058795.42835176
2022-01-18,355.3299865722656,355.3599853515625,352.6199951171875,353.8500061035156,333.4248962402344,8166100,358.350400390625,360.39275148149113,361.6396246047247,0.5143674489351042,1.5457402187846239,-1.0313727698495196,360.58924173661563,39.62563778490425,-3.2350653055154615,-227.57752865677077,-92.71320716512031,4.231828241927821,369.8077584855426,361.1440032958984,352.48024810625424,110215300.0,219885080.30541873,2060650.6446107626
2022-01-19,354.9100036621094,355.54998779296875,350.2099914550781,350.3500061035156,330.1268920898437,7386500,358.0914007568359,359.4362995407315,360.6116248721168,-0.3345960455022805,1.1696729659272431,-1.5042690114295236,357.8738981137444,35.397018146274874,-4.762549065218207,-192.82368999720268,-99.27415973864689,4.310983105925164,369.5737203382681,361.1980041503906,352.8222879625131,102828800.0,212885928.21176285,-352925.2189565897
2022-01-20,351.4800109863281,355.04998779296875,346.8099975585937,347.3299865722656,327.2811889648437,8968700,357.75160034179686,358.28331735325855,359.29086129324776,-1.236838563061383,0.6883706601295179,-1.9252092231909008,354.87416206508027,32.20361750977521,-4.603260164849741,-173.54234426659374,-97.70829018192163,4.591626472243013,370.8257333987022,360.8190032958984,350.81227319309465,93860100.0,205049177.48215488,-3801724.64811334
2022-01-21,347.0899963378906,348.8500061035156,342.1400146484375,342.3500061035156,322.8285827636719,16301600,357.33300048828124,356.7658591389973,357.5319091796875,-2.3268920992480844,0.08531810825399744,-2.4122102075020817,351.14841218138497,27.756717136078265,-5.529956051455536,-184.44934168266687,-99.23248696086698,4.742938256731236,372.8631666535375,360.06700286865237,347.2708390837672,77558500.0,189767905.66797122,-9729208.660180122
2022-01-24,338.42999267578125,344.1199951171875,331.3500061035156,343.8099975585937,324.20526123046875,29707000,356.98780029296876,355.5319675599112,355.9836229596819,-3.0379388038411435,-0.5393332741650307,-2.4986055296761127,348.5157081890471,30.774754436048323,-5.106124623847341,-174.86775900255643,-67.33946671423638,5.316299025084139,373.9210398297207,359.2895034790039,344.65796712828705,107265500.0,218032602.5519252,-2276302.3238420486
2022-01-25,340.260009765625,345.7900085449219,335.3399963378906,342.9599914550781,323.4037780761719,18657900,356.6578002929688,354.33463650230806,354.42843133835567,-3.628213047277484,-1.1571092287875215,-2.4711038184899623,346.1936421487258,29.989249107690906,-4.941937600143863,-127.62868318119642,-69.56753025160407,5.682992823794647,374.44056747099455,358.29150238037107,342.1424372897476,88607600.0,226584834.76618463,3700715.275000781
2022-01-26,346.0400085449219,348.0,338.5299987792969,341.4599914550781,321.9892578125,19047300,356.2614001464844,353.1084798311433,352.82543029785154,-4.168989585043505,-1.7594853000387185,-2.4095042850047865,343.9677770924304,28.60184649243385,-5.8145353872665755,-98.35886603356441,-70.0710902400662,5.953493423573824,374.65447624974144,357.1650024414063,339.6755286330711,69560300.0,219323900.616149,3499132.9472432733
2022-01-27,344.3999938964844,347.6300048828125,339.8900146484375,341.54998779296875,322.0740966796875,12854100,355.86760009765624,352.0076710656029,351.33828604561944,-4.537985858788716,-2.3151854117887183,-2.2228004469999973,342.2418856481891,28.81463388945673,-5.896135471640571,-81.36258303246059,-69.8046712313545,6.0811003386310505,374.3700986168125,356.00050201416013,337.63090541150774,82414400.0,211983363.3341883,762938.9555146694
2022-01-28,341.8599853515625,347.17999267578125,337.8999938964844,347.1099853515625,327.3171691894531,12008900,355.5711999511719,351.5412248071229,350.4915701729911,-4.331837996122488,-2.718515928655472,-1.6133220674670157,342.3507071151829,40.59403981802134,-3.900893239004858,-62.36497863973267,-53.34523440626686,6.309593084392896,373.51960547794584,355.15250091552736,336.78539635310887,94423300.0,223811075.604361,3337591.7761793137
2022-01-31,345.7799987792969,351.3599853515625,344.7200012207031,351.0799865722656,331.0607604980469,8379100,355.3957995605469,351.49729735618405,350.103711664109,-3.80426520866547,-2.9356657846574716,-0.8685994240079982,343.5490088152031,47.299767587290425,-2.244257879217899,-12.39745807874414,-41.59271408605812,6.333192444854787,372.5912004558779,354.5404998779297,336.4897992999814,102802400.0,231483505.91197342,6528669.230129778
2022-02-01,351.6600036621094,354.2699890136719,349.67999267578125,353.94000244140625,333.757568359375,7636000,355.2875994873047,351.72993593572903,350.04652143205914,-3.1194218419381627,-2.97241699611361,-0.14700484582455253,345.3434587727347,51.543342184997414,0.02543347077526894,30.64047504788351,-33.12611854877979,6.20867843721449,371.26546088844185,353.95350036621096,336.64153984398007,110438400.0,238021562.7850827,9320885.445450664
2022-02-02,353.5899963378906,356.6600036621094,352.760009765625,356.0299987792969,335.7284240722656,8856400,355.2899993896484,352.1394657303545,350.24428318568636,-2.3805913271840495,-2.8540518623276983,0.4734605351436487,347.41429787708597,54.431030301195065,1.6212337881629777,69.76245854070154,-26.939036211845124,6.04377239859091,369.4993667617865,353.3615005493164,337.2236343368463,119294800.0,244016637.6690766,11523326.319766313
2022-02-03,354.82000732421875,355.2200012207031,350.5799865722656,350.9800109863281,330.9664306640625,9339900,355.1855993652344,352.0290414690187,350.017474655878,-2.1774542939562025,-2.718732348653399,0.5412780546971967,347.84589262230173,47.123598616687744,1.0508808784648584,49.8370445167464,-31.001695898842474,6.001360956336648,368.0951592464559,352.7060012817383,337.31684331702064,109954900.0,236287158.45779565,8917369.990236402
2022-02-04,350.3999938964844,353.25,347.82000732421875,350.8699951171875,330.8627014160156,8532300,355.0425994873047,351.91865610217764,349.84261692592077,-2.0022632484361225,-2.575438528609944,0.5731752801738215,348.2076952251596,46.97563988402829,2.4886779207755305,39.68894426648364,-22.87636943274195,5.960548936296977,366.87507524947483,352.13000030517577,337.3849253608767,101422600.0,237339921.42188266,7375596.981253117
2022-02-07,351.260009765625,353.1600036621094,349.8299865722656,350.8999938964844,330.8910522460937,4746200,354.8999993896484,351.8216406540164,349.72547345842634,-1.8397944269771642,-2.428309708283388,0.5885152813062238,348.54439903964266,47.02448377848115,2.062184458927019,53.763464285190594,-22.757844019108752,5.772653804407461,365.5484767685039,351.5595001220703,337.57052347563666,106168800.0,235643837.15714175,5534699.667773932
2022-02-08,351.6000061035156,355.3500061035156,350.7900085449219,354.5400085449219,334.323486328125,4568400,355.0103997802734,352.08053283410266,350.00933140345984,-1.401166182631414,-2.2228810031529935,0.8217148205215796,349.7930527406134,52.71606211706363,3.376492121052707,84.40149234393783,-8.37611743059089,5.686035501135053,364.6647894913119,351.2470001220703,337.82921075282866,110737200.0,238589256.9694853,5215629.828207761
2022-02-09,357.3500061035156,358.1000061035156,356.6600036621094,357.6700134277344,337.2748413085937,4781700,355.14,352.6128643192104,350.6210469563802,-0.791856870254378,-1.9366761765732705,1.1448193063188925,351.6498867292878,56.994704811754204,4.747268312044344,121.24884037680542,-1.6074492552570097,5.534175648096388,363.75279505925755,351.0035003662109,338.2542056731643,115518900.0,240515272.95303977,5223776.358770043
2022-02-10,354.7799987792969,358.0599975585937,351.0299987792969,352.54998779296875,332.44683837890625,10298500,355.2929998779297,352.606876078616,350.7683314732143,-0.7138888628148266,-1.6921187138215819,0.9782298510067553,351.85501621896015,49.15854621843147,3.220612031369087,65.34796883165534,-20.747732002044394,5.641020157467848,362.03327861230565,350.48349914550784,338.93371967871,105220400.0,234670146.9432029,2892407.4491637945
2022-02-11,352.4599914550781,354.4200134277344,346.2300109863281,347.2900085449219,327.4868469238281,8211500,355.4296002197266,352.1005077420737,350.4641895112537,-1.0642668156585842,-1.5665483341889825,0.5022815185303984,350.6654381636015,42.668177366751365,0.051863444140635304,-6.896178021335519,-47.49557522123894,5.823090320606305,360.3014888547505,349.78799896240236,339.2745090700542,97008900.0,228584206.73751673,-260716.02922654152
2022-02-14,346.7200012207031,347.54998779296875,343.20001220703125,345.8900146484375,326.16656494140625,7315100,355.4152008056641,351.50903220934646,350.0929529099237,-1.4383314848067243,-1.540904964312531,0.10257347950580664,349.33740504341847,41.11232225306459,-1.4782876046281923,-78.89946383829128,-60.445465725154634,5.717867839558533,358.8375873876854,349.12549896240233,339.41341053711926,89693800.0,230316346.875022,-975793.2239775658
2022-02-15,348.92999267578125,350.760009765625,348.3500061035156,350.2200012207031,330.24981689453125,4932200,355.49480102539064,351.38626735328523,350.1971912202381,-1.3695988182912515,-1.506643735108275,0.13704491681702358,349.3881850028102,47.489863783461175,-1.051025935198992,-15.995356931581528,-39.00990158842388,5.657305502246317,358.429160062141,348.9439987182617,339.45883737438237,94626000.0,233038234.76044828,-313561.0924693644
2022-02-16,348.760009765625,350.7200012207031,346.7099914550781,349.6700134277344,329.7311706542969,4496500,355.43180114746093,351.22281459847085,350.2663354782831,-1.344014144895766,-1.4741178170657734,0.1301036721700073,349.3042200942489,46.79660654500189,-1.786362209187057,-46.745634334260934,-41.73261178944697,5.53964152105908,358.37961945369693,348.90999908447264,339.44037871524836,90129500.0,235179992.30991554,667325.9172935188
2022-02-17,347.42999267578125,347.7099914550781,342.8599853515625,343.67999267578125,324.08270263671875,4433500,355.1506011962891,350.50445060583377,349.76823962983633,-1.786489185611856,-1.53659209077499,-0.24989709483686617,347.6979326210813,39.95545071587221,-2.079895743929199,-153.62498073755737,-94.6193818396628,5.630383417852851,358.44921687587623,348.7274993896484,339.0057819034206,85696000.0,232245666.7003513,74282.82576304674
2022-02-18,342.8999938964844,344.20001220703125,339.6700134277344,340.9800109863281,322.0229187011719,6193700,354.81040161132813,349.5973611182618,349.0303835914249,-2.328181968401452,-1.6949100663002825,-0.6332719021011697,345.70230909177866,37.3079636795941,-2.81870329993769,-180.65083970589595,-92.89203429627398,5.551784515098853,358.57682465769415,348.65899963378905,338.74117460988396,79502300.0,229634189.24563926,-1006003.3405226171
2022-02-22,338.7900085449219,340.260009765625,333.5799865722656,336.010009765625,317.32928466796875,7942700,354.3684020996094,348.3033276561059,347.82571788969494,-3.122520491402156,-1.9804321513206573,-1.1420883400814987,342.80753322107336,32.97642903080966,-4.243369732075836,-203.29537716011097,-90.08963597984746,5.683801650739113,359.4516510846625,348.2690002441406,337.0863494036187,71559600.0,227470195.29476875,-2045027.271050781
2022-02-23,338.1600036621094,338.260009765625,330.82000732421875,331.5199890136719,313.0887756347656,5732600,353.79420166015626,346.70491445206454,346.2305739629836,-4.067459502553902,-2.3978376215673065,-1.6696218809865955,339.3125515201134,29.629537371613726,-6.492925756313693,-180.1589228680535,-97.43408460126344,5.8092445643581945,360.89592825421926,347.69700012207034,334.4980719899214,65827000.0,222816281.77761903,-3764961.6098098457
2022-02-24,322.82000732421875,332.739990234375,322.69000244140625,332.3399963378906,313.8632507324219,14167100,353.3002014160156,345.33682701261944,344.76800217401416,-4.6960298301277135,-2.857476063279388,-1.8385537668483254,336.71819674207353,31.006742858766433,-7.081951558391284,-172.77925707443515,-72.74783140785046,6.112154794973234,361.82754959319703,347.2410003662109,332.6544511392248,79994100.0,235855668.26241487,22593.824933737516
2022-02-25,333.67999267578125,341.0199890136719,333.0599975585937,340.5400085449219,321.607421875,9496300,352.9876013183594,344.879987158553,344.1298124767485,-4.480851422621697,-3.18215113514785,-1.2987002874738471,336.78823410804875,43.01660699069655,-3.406603223341936,-69.1966753520082,-49.59049913170131,6.295571786459521,361.8622549195445,347.1905014038086,332.51874788807265,89490400.0,244206731.22262308,4227150.733310193
2022-02-28,335.95001220703125,339.82000732421875,334.7900085449219,339.3399963378906,320.47412109375,8217300,352.5782012939453,344.3523689851566,343.38214532761344,-4.356927986844653,-3.4171065054872107,-0.9398214813574421,336.6039679788515,41.8680050076086,-2.289156615918859,-60.72314634400888,-52.97940645428181,6.256602373140984,361.8679042933384,346.802001953125,331.7360996129116,81273100.0,250855683.21658024,7678485.945422381
2022-03-01,337.2699890136719,339.0199890136719,331.3299865722656,333.1600036621094,314.6376647949219,8532900,352.0526013183594,343.2864294305807,342.0829073951358,-4.703176243641792,-3.674320453118127,-1.0288557905236653,334.91619158004784,36.46758655676238,-3.6803638287352425,-80.52673749258881,-70.43208094353687,6.3818457583184145,361.9475347931831,345.9060028076172,329.8644708220513,72740200.0,246383992.02500612,6969540.794383585
2022-03-02,335.2699890136719,340.45001220703125,334.69000244140625,339.0,320.1530456542969,6836200,351.76000122070315,342.8781980562397,341.4251928420294,-4.45498726410824,-3.83045381531615,-0.6245334487920902,335.11646443369006,43.83957774133451,-3.2037008684813686,-38.40499129300556,-53.88747579818527,6.446714528790091,361.02494913216816,345.15900268554685,329.29305623892554,79576400.0,249778332.07925949,7125940.450368047
2022-03-03,340.7099914550781,342.0899963378906,336.67999267578125,338.1300048828125,319.3314208984375,7790700,351.5372015380859,342.42598918258,340.7557644798642,-4.279169443176841,-3.9201969408882884,-0.35897250228855215,335.1218094581823,43.03838982160502,-3.3002568426722774,-19.48906195793285,-51.33943556445959,6.372663752598611,359.58620288630584,344.26400299072264,328.94180309513945,71785700.0,246163825.22324482,5392038.996323526
2022-03-04,334.6099853515625,336.8699951171875,332.79998779296875,336.4700012207031,317.763671875,6025000,351.1684014892578,341.8587522338298,340.0134785970052,-4.225076918989373,-3.9811729365085053,-0.24390398248086775,334.7581743277147,41.48066529631475,-2.0978793088720304,-58.22403057972256,-50.908460335856354,6.298188990973264,358.89404696836726,343.5385025024414,328.1829580365156,65760700.0,251004570.24071553,5732767.361925691
2022-03-07,335.20001220703125,335.3299865722656,328.3399963378906,328.4700012207031,310.2083435058594,6590800,350.59000122070313,340.5836330897225,338.57838323683967,-4.7727243496802885,-4.139483219142862,-0.6332411305374261,332.4453161711369,34.92093313582704,-3.6688396277066806,-113.39669415149042,-79.40863102550777,6.429032983247495,358.7107383191401,342.4185028076172,326.1262672960943,59169900.0,244658931.15021923,3331928.5861572027
2022-03-08,328.489990234375,334.3999938964844,326.0599975585937,326.5299987792969,308.3762512207031,8209800,349.9334014892578,339.2451917268248,337.0651923769996,-5.302160857944216,-4.372018746903134,-0.9301421110410821,330.1122037660979,33.535939296710005,-2.821347790484176,-124.8811352217094,-86.30040490502316,6.565530365722009,358.39301748135347,341.2000030517578,324.0069886221621,50960100.0,237374459.13968083,-270921.87875184417
2022-03-09,333.1199951171875,335.0400085449219,331.57000732421875,333.3999938964844,314.86431884765625,4669200,349.34300109863284,338.68850621917335,336.3223343622117,-5.1085042569742996,-4.519315848917367,-0.5891884080569323,330.0560384031788,42.26801211114498,0.567086433733855,-46.490433463588154,-57.19425996060279,6.704421751429366,356.5047755189576,340.14300231933595,323.7812291197143,55629300.0,237630083.518556,-1638850.9594132602
2022-03-10,329.32000732421875,332.8500061035156,328.67999267578125,332.1099853515625,313.6459045410156,3317400,348.70540100097656,338.06198042225805,335.55728512718565,-5.001469091627257,-4.615746497459345,-0.38572259416791166,329.74920642572175,41.174117167009676,-0.06920954109124815,-75.68063131193871,-56.206514953748375,6.5626774278060624,353.447220243374,338.86500091552733,324.2827815876807,52311900.0,239770055.73081714,-1368571.6103813648
2022-03-11,334.1000061035156,335.7300109863281,329.69000244140625,330.0199890136719,311.67236328125,6923400,348.0090008544922,337.2960764785832,334.71490304129463,-5.027336187422122,-4.698064435451901,-0.3292717519702215,329.02621675186674,39.39524312259162,-3.0892169105769742,-54.16253189915026,-62.21655217327697,6.525343936171478,351.36774108806935,337.7385009765625,324.1092608650556,45388500.0,233603154.3408546,-3095783.0816399157
2022-03-14,331.75,334.6000061035156,328.7900085449219,330.07000732421875,311.7193908691406,5640600,347.32900085449216,336.6078794162628,333.9845703125,-4.986320785423743,-4.755715705446269,-0.23060507997747415,328.51607948610314,39.462651283103874,-2.7317702344882093,-60.60013120460874,-61.95872574913599,6.474247766344496,350.1555203917223,336.8775009155273,323.59948143933235,51029100.0,230447912.05114233,-4524875.495550483
2022-03-15,332.0,336.8500061035156,331.1099853515625,336.19000244140625,317.4992370605469,6648500,346.7864007568359,336.5680816091336,333.9190942673456,-4.4091573040207095,-4.686404025161157,0.2772467211404477,329.7535577149258,47.20084309651336,0.9094725495230507,18.952329862315345,-30.41234924075702,6.496087124412523,349.010517142827,336.39250030517576,323.77448346752453,57677600.0,235567485.7502954,-3069196.624642402
2022-03-16,339.19000244140625,341.4200134277344,334.5400085449219,341.3599853515625,322.3818054199219,9577100,346.30000061035156,337.02445339412685,334.3921880812872,-3.4942965972220463,-4.447982539573335,0.9536859423512887,332.1689574316594,52.701178002714755,0.6961608706674042,103.83789984028078,-4.5540302053606485,6.523509821441093,347.13540918982113,335.9494995117187,324.7635898336163,67254700.0,244977465.26183707,799410.6330052912
2022-03-17,339.94000244140625,345.5899963378906,339.6099853515625,345.45001220703125,326.2444152832031,6032900,345.85160095214843,337.8268875667844,335.2969988141741,-2.411434395764445,-4.0406729108115575,1.6292385150471125,335.25479434731665,56.55689165227833,2.1648499744220224,172.3124713078948,-0.7167646677365247,6.48468847607588,346.00241386451614,335.7384994506836,325.47458503685107,73287600.0,250727920.8767039,4139039.4219546914
2022-03-18,343.6199951171875,347.44000244140625,342.6499938964844,347.19000244140625,328.6220703125,5903900,345.51360107421874,338.7186127929389,336.3876181466239,-1.3967547104469986,-3.511889270738646,2.1151345602916476,338.26205350163303,58.12096268507363,3.186019907216477,171.68568682545552,-1.1693168517514008,6.3636399095648795,346.81531447572524,335.9139999389648,325.0126854022044,79191500.0,256015548.4896474,6811401.855920136
2022-03-21,346.6099853515625,347.92999267578125,343.29998779296875,345.44000244140625,326.96563720703125,4329900,345.17460083007813,339.358745140412,337.2948564801897,-0.7254614560194454,-2.954603707794806,2.2291422517753605,340.28134447955426,55.93958559623152,5.166377799384111,130.2405117481978,-11.385417422512933,6.239808836225424,347.6111354068742,336.1369995117187,324.66286361656324,74861600.0,255688257.41158047,7181284.612619221
2022-03-22,347.1199951171875,348.7200012207031,346.8599853515625,348.1400146484375,329.5213317871094,4430800,344.891201171875,340.1950565221287,338.43800077892485,0.0241335086201957,-2.3588562645118056,2.3829897731320013,342.631503850986,58.52593342442959,6.618079793564981,131.12232027492107,-2.5595166749043385,6.028393832159099,349.3528484127594,336.7434997558594,324.13415109895936,79292400.0,257355850.33681303,7210353.979059309
2022-03-23,345.75,346.44000244140625,343.3500061035156,343.4100036621094,325.04425048828125,4098700,344.54360107421877,340.50124196403164,339.0729059128534,0.23382517136735714,-1.8403199773359733,2.07414514870333,343.3132844249037,52.69075814300115,3.0024025041622995,78.00069193297796,-23.43334819258118,5.939937740213583,350.02710569863905,337.33800048828124,324.64889527792343,75193700.0,253416316.86422455,5313271.344137609
2022-03-24,344.489990234375,347.0599975585937,343.44000244140625,347.0599975585937,328.4990234375,3550000,344.2340008544922,341.12588535398993,339.99881039574035,0.6866164410868691,-1.334932693651405,2.021549134738274,344.7950814659464,56.31065166668714,4.501524454678928,79.7353677031388,-7.325699001916675,5.77637032280435,351.21759377908916,338.0740005493164,324.93040731954363,78743700.0,256966316.8642245,5183712.871293485
2022-03-25,347.79998779296875,349.32000732421875,346.19000244140625,348.5400085449219,329.8998413085937,3206200,343.94580078125,341.83199232455485,340.99557306198847,1.1516063015590134,-0.8376248946093213,1.9892311961683347,346.3637835695569,57.72321914428964,5.611787209193187,88.82361904180901,-3.3533897326629702,5.58734421994779,352.35943423270095,338.47400054931643,324.5885668659319,81949900.0,258574543.58315122,5171173.5546709
2022-03-28,347.75,349.489990234375,345.3800048828125,349.489990234375,330.7990417480469,2962400,343.7116003417969,342.5613254588235,342.04471493675595,1.5785728933774408,-0.3543853370119689,1.9329582303894097,347.8589979449725,58.64743011419447,5.883595140191133,79.68272498165915,0.0,5.4818185864916975,353.6748817753534,338.98150024414065,324.2881187129279,84912300.0,261536943.58315122,5638518.9656279385
2022-03-29,352.6600036621094,353.7099914550781,350.1300048828125,352.9700012207031,334.0928955078125,4711800,343.5882000732422,343.5526279123359,343.376953125,2.1727091577471356,0.151033561939852,2.0216755958072836,349.94350624845515,61.93061356166227,4.991224800690325,111.61619374709363,-2.9564133857931663,5.391688774649657,355.60301954539693,339.9720001220703,324.3409806987437,89624100.0,264300867.0110212,6196543.273011923
2022-03-30,352.1499938964844,353.4700012207031,350.44000244140625,352.1199951171875,333.28839111328125,3909800,343.5535998535156,344.3685676461313,344.5339050292969,2.545633559947248,0.6299535615413313,1.915679998405917,351.3795766506028,60.66369809106308,3.152100488445767,104.52586837995807,-6.380407015618839,5.222996632124458,357.11839784542843,340.6279998779297,324.137601910431,85714300.0,264726669.6578934,5996986.488854557
2022-03-31,351.07000732421875,351.57000732421875,346.760009765625,346.8299865722656,328.2812805175781,3978900,343.48319946289064,344.60298849623933,345.12457042875747,2.386805745438494,0.9813239983207639,1.4054817471177299,351.1261845608902,53.34913112768174,0.39947150570871715,54.53391346767192,-27.608385236927766,5.232781540655746,357.72496944325303,341.06299896240233,324.40102848155163,81735400.0,260863541.32411593,4140991.835601479
2022-04-01,348.1499938964844,348.3500061035156,345.239990234375,348.010009765625,329.3981628417969,3560200,343.49679992675783,344.9274667123713,345.7861905052548,2.329300837866981,1.2509193662300073,1.0783814716369737,351.1675751011682,54.66235141616421,0.236184025591906,26.607402098691136,-25.22115110653198,5.081155421261808,358.42459376966076,341.63999938964844,324.8554050096361,85295600.0,263645317.6677166,3890378.147179872
2022-04-04,347.6400146484375,349.2799987792969,346.0299987792969,349.239990234375,330.5625305175781,3829900,343.634599609375,345.33818323827643,346.50999915713356,2.3558204965318055,1.471899592290367,0.8839209042414384,351.4665369855817,56.0510832068512,1.100042776202014,35.665776471284595,-23.31771103632503,4.950358605457394,358.6243724720667,342.67849884033205,326.7326252085974,89125500.0,267380923.06698042,4622785.342847705
2022-04-05,347.82000732421875,351.04998779296875,345.5,346.3399963378906,327.8175354003906,4331700,343.6851995849609,345.43359400966824,346.8587132045201,2.118412505207459,1.6012021748737855,0.5172103303336737,350.90688656419917,52.00626849943014,-0.5170386151573495,5.223779280389,-52.269446290167934,4.993189261708205,357.8419669249295,343.6689987182617,329.4960305115939,84793800.0,264360437.5317944,3541089.6759846807
2022-04-06,343.5899963378906,346.0599975585937,342.70001220703125,344.75,326.3125,5431300,343.7209997558594,345.36848981827126,346.9616657075428,1.7814303254468769,1.6372478049884038,0.14418252045847302,349.9875056761668,49.88090757396311,0.3902030586182587,-118.0798487611356,-81.01259885103777,4.89653175236186,357.60541903030446,344.2364990234375,330.8675790165705,79362500.0,265556606.1276164,3157259.6676672697
2022-04-07,343.7699890136719,347.1000061035156,341.8900146484375,345.9700012207031,327.4673156738281,4599900,343.8111999511719,345.4257766185029,347.12676115490143,1.5944337825515618,1.6286850005010356,-0.03425121794947383,349.50890413954517,51.51812088495553,-0.3140656790059896,-93.81808043817094,-65.48227937322658,4.918921731127308,357.0949246330625,344.9294998168945,332.76407500072656,83962400.0,268161144.13700014,3541931.3338261247
2022-04-08,345.7099914550781,349.1199951171875,344.6499938964844,347.3699951171875,328.7924499511719,4535900,343.92760009765624,345.6109402850443,347.3591892787388,1.5414367588339815,1.6112353521676248,-0.06979859333364336,349.4436712462591,53.39936212533025,-0.3356898488121707,-22.4729741032278,-53.637976128081135,4.886855980382723,355.88262527987723,345.7970001220703,335.71137496426337,88498300.0,269145445.5543262,3690490.0724197626
2022-04-11,345.3599853515625,347.0799865722656,342.739990234375,343.20001220703125,324.8454895019531,5344400,343.84940063476563,345.38132808713834,347.1118570963542,1.149700433927876,1.518928368519675,-0.36922793459179903,348.2754705685479,47.48855464559201,-1.7997591356266212,-106.99148079479951,-88.91708858635174,4.868509473413421,353.6560744404571,346.45350036621096,339.25092629196484,83153900.0,264934014.91155794,2075764.345289141
2022-04-12,344.4100036621094,346.75,341.0,342.2200012207031,323.9178771972656,4501400,343.67220092773437,345.080249337954,346.7086667015439,0.7515049960302349,1.3654436940217871,-0.6139386979915522,347.0368706093243,46.19441376138228,-3.045584600057357,-134.835779746937,-90.40124279378891,4.9314730824553195,352.5885317840254,346.75500030517577,340.92146882632613,78652500.0,262342776.12716597,402003.81231194735
2022-04-13,341.69000244140625,346.04998779296875,341.5400085449219,345.760009765625,327.2684936523437,3605000,343.50860107421875,345.1449884263036,346.61390569777717,0.7133581978873167,1.235026594794893,-0.5216683969075764,346.9209043057172,51.351668730522576,-1.8061982959660843,-88.30492304366325,-62.54907186642368,4.901366379997574,352.286616283286,346.9750015258789,341.6633867684718,82257500.0,265484194.93041128,680280.1396437287
2022-04-14,346.7099914550781,348.7300109863281,344.25,344.2900085449219,325.9959716796875,4179600,343.27380126953125,345.0635617709339,346.3581920805432,0.5580766125295895,1.0996365983418324,-0.5415599858122429,346.4291280134239,49.24101821308242,-0.7323409525359824,-39.8618889747627,-74.11478554844038,4.871269566164042,352.31853022108015,346.91700134277346,341.51547246446677,78077900.0,261379246.40553746,-573843.1788752675
2022-04-18,343.8699951171875,346.07000732421875,342.6300048828125,344.1000061035156,325.8160400390625,3939000,343.136201171875,344.9717945645131,346.08990681966145,0.41490051343316736,0.9626893813600994,-0.547788867926932,345.96422811856246,48.96090257681035,-1.123531953791402,-74.21213807218592,-75.609691678612,4.769036200109913,352.2990365402293,346.7625015258789,341.22596651152855,74138900.0,260806717.74209997,-1216894.276738137
2022-04-19,344.2900085449219,349.739990234375,344.25,349.1199951171875,330.5693664550781,4261200,343.101201171875,345.3668612838154,346.3144300188337,0.6984522600928926,0.9098419571066582,-0.21138969701376553,346.8759297470763,56.07120237138989,-0.034358928113292886,45.37676548216334,-34.88376646101361,4.8312467665920185,352.53931359574307,346.94650115966795,341.3536887235928,78400100.0,264105466.77932146,-319731.9161353409
2022-04-20,351.0599975585937,353.07000732421875,350.2799987792969,351.5299987792969,332.85125732421875,5677000,343.1138012695312,345.9538267595756,346.7509536016555,1.1048996214322528,0.9488534899717771,0.15604613146047575,348.23687372309456,59.02260774070204,1.4985281793278256,187.04937721231644,-12.758969431872769,4.768301440909107,353.0389579228119,347.1160003662109,341.19304280960995,84077100.0,263515368.76241106,-111402.8725297451
2022-04-21,353.9599914550781,354.8800048828125,347.17999267578125,347.7099914550781,329.23419189453125,5369600,342.9772009277344,346.1210805400996,346.8075241815476,1.1060199086244324,0.9802867737023082,0.12573313492212423,348.34425868375126,52.94998170177405,0.8585907048812546,115.54703802198603,-51.657139087990856,4.977709352774974,353.00728463557334,347.33099975585935,341.65471487614536,78707500.0,258884957.57634926,-1489362.470935315
2022-04-22,346.3399963378906,346.4100036621094,337.739990234375,338.2699890136719,320.2957763671875,6855100,342.5892004394531,345.3733575375827,345.94457077752975,0.34124478322274854,0.8524783756063963,-0.5112335923836477,345.96494369030927,41.568164912040096,-2.2256300199043024,-153.7739092479993,-96.90782773429432,5.334301629055555,353.8091045666485,346.8914993286133,339.9738940905781,71852400.0,252867963.4598617,-3832174.7554440796
2022-04-25,336.45001220703125,341.0799865722656,333.20001220703125,340.5599975585937,322.4642639160156,6806600,342.34940063476563,344.9149423014885,345.3415706089565,-0.07914809244834942,0.6661530819954472,-0.7453011744437966,344.5997016402713,44.67499103959296,-1.9604449590691937,-185.95480021389224,-66.05171661434971,5.516135395925471,353.8878028894313,346.49249877929685,339.0971946691624,78659000.0,258776246.52216336,-2562310.192424923
2022-04-26,338.0299987792969,339.04998779296875,332.2699890136719,332.45001220703125,314.7851257324219,7619800,342.0526007080078,343.7278061020164,344.0041909354074,-1.0545641559341448,0.32200963440952884,-1.3765737903436737,341.37775539923996,37.14296745753778,-3.1322842708744405,-220.15694089987952,-99.20379006188544,5.7142691922823525,355.09714881883053,345.6404998779297,336.18385093702886,71039200.0,251561089.87783724,-4105614.5132549405
2022-04-27,333.8800048828125,337.0,331.0799865722656,333.0299987792969,315.3341979980469,6894400,341.795400390625,342.7089673093765,342.8031908307757,-1.7604944602401247,-0.0944911845204019,-1.6660032757197227,338.9022921880528,37.94868119009505,-2.6854077519213937,-168.79622080110073,-91.80667770256667,5.728965209100354,354.9640037078368,344.64349975585935,334.3229958038819,77933600.0,249208626.92722714,-5112239.536674529
2022-04-28,335.239990234375,340.5400085449219,332.489990234375,339.2900085449219,321.2616577148437,5976600,341.57680053710936,342.38335218895224,342.2933345249721,-1.7941371451566965,-0.43442037664766087,-1.3597167685090357,338.52570065527806,45.99508676700206,-1.8712404667875977,-86.08082718673023,-65.50413589800469,5.894754716346533,353.9729127887032,344.0020004272461,334.03108806578905,83910200.0,253329144.19255507,-3748217.9584987164
2022-04-29,337.6199951171875,339.2300109863281,329.1000061035156,329.69000244140625,312.1717834472656,6495600,341.1772003173828,341.17446173680503,340.9302870977493,-2.565861819429813,-0.8607086652040913,-1.7051531542257217,335.7598158597989,37.8823251920758,-4.240612780260413,-125.60857583006043,-97.71141828616209,6.2015581252793694,354.80040592847035,343.14500122070314,331.4895965129359,77414600.0,247590183.55388543,-4675494.97441268
2022-05-02,330.3500061035156,332.3399963378906,324.4599914550781,330.739990234375,313.1659545898437,9221700,340.9184002685547,340.1807025460974,339.7488574800037,-3.057489112718258,-1.3000647547069248,-1.7574243580113333,333.80720303434674,39.14659446296214,-3.882596812602651,-137.0243312851604,-79.35570017345454,6.321447179388879,354.8874163568827,342.2815002441406,329.6755841313985,86636300.0,253067018.79701898,-2887161.1786156595
2022-05-03,331.17999267578125,333.4200134277344,329.1099853515625,331.25,313.6488647460937,6051000,340.72380004882814,339.33015944646905,338.6982384091332,-3.367139471025837,-1.7134796979707074,-1.6536597730551295,332.39073978931606,39.78764012452762,-5.11858254099401,-94.59231498376192,-77.67914021125539,6.177774386301951,354.4329549693201,341.3820007324219,328.33104649552365,92687300.0,253024902.45570582,-1906501.536333263
2022-05-04,331.79998779296875,341.1700134277344,330.20001220703125,340.5899963378906,322.4925842285156,10569700,340.8153997802734,339.4501439123187,338.6228094191778,-2.8263001353835193,-1.93604378545327,-0.8902563499302494,333.7096830264031,50.145328369588825,-3.1121106248103665,-25.18005689412507,-46.97568125296573,6.520076303044892,353.9477451322235,341.09450073242186,328.24125633262025,103257000.0,262476898.54461572,1675449.0307384133
2022-05-05,337.8299865722656,338.239990234375,326.8900146484375,330.239990234375,312.6924133300781,9101200,340.7897998046875,338.5729864191812,337.58904651460193,-3.195998577136379,-2.188034743789892,-1.007963833346487,332.1579619977383,41.604563925188366,-5.024302335286829,-77.1401430414786,-80.99935493773594,7.032926687788337,353.93336651825865,340.36900024414064,326.8046339700226,94155800.0,258748185.48467746,1802070.1954020858
2022-05-06,327.739990234375,330.6499938964844,324.75,329.07000732421875,311.584716796875,10644200,340.7244000244141,337.66794079108956,336.51295195079985,-3.542558687272731,-2.45893953248646,-1.083619154786271,330.63526488224556,40.75944443812581,-2.7197156083158442,-105.81150261918707,-84.84545090654824,6.952002916980911,353.68009959864526,339.5240005493164,325.3679014999875,83511600.0,263691466.68117467,3262907.398431599
2022-05-09,324.9800109863281,326.3699951171875,321.3699951171875,322.6000061035156,305.4584350585937,7817200,340.36559997558595,336.232899392273,334.9011429559617,-4.289834555415496,-2.8251185370722673,-1.4647160183432284,327.7670488735994,36.36078877908555,-5.2736644302999895,-139.70045105245273,-96.32942217883242,7.0054321519845075,353.752627793191,338.28550109863284,322.8183744040747,75694400.0,259720363.43410435,2300361.8212002814
2022-05-10,326.5,327.6099853515625,319.0599975585937,321.8299865722656,304.7293701171875,7716500,340.0153997802734,334.86119340941514,333.33395109630766,-4.887846157673664,-3.2376640611925467,-1.6501820964811174,325.2844374732808,35.8647207649511,-3.194472926700351,-139.0995797311363,-92.26692225772084,7.115757554911957,354.0690482386082,337.21699981689454,320.36495139518087,67977900.0,257003781.73611104,833102.4701350331
2022-05-11,321.739990234375,326.07000732421875,318.1600036621094,318.4599914550781,301.5384521484375,9374700,339.7213995361328,333.2991741756688,331.54756934756324,-5.569503335085415,-3.7040319159711204,-1.8654714191142943,322.45372724184136,33.69790003941627,-4.374983448225178,-147.681872293159,-98.93809630807522,7.172489419711773,354.5682879690896,336.0289993286133,317.48971068813694,58603200.0,248340154.87409595,-2599485.126863301
2022-05-12,316.6000061035156,319.42999267578125,312.5299987792969,317.6400146484375,300.7620849609375,6790800,339.29419982910156,331.8078256492658,329.7962374732608,-6.105506357973809,-4.184326804371658,-1.9211795536021512,320.00940217182546,33.17273740522243,-6.3809700702158825,-163.1133057022227,-82.15777494576312,7.153025453766959,354.23142431135744,334.6229995727539,315.0145748341503,51812400.0,251607652.39863166,-2727750.374477327
2022-05-13,320.3299865722656,323.0299987792969,318.8500061035156,322.2300109863281,305.1081237792969,4236700,338.97619995117185,330.89565282422416,328.6159528459821,-6.089719772223077,-4.565405397941942,-1.5243143742811354,319.2937632485905,38.911833841317566,-2.2627290484502764,-87.85914421669587,-66.13125961665509,7.027093930702131,353.31017166309374,333.5199996948242,313.7298277265547,56049100.0,254222670.95305964,-1700193.856230706
2022-05-16,321.7099914550781,325.57000732421875,319.70001220703125,322.7799987792969,305.6289367675781,3692600,338.70239990234376,330.12273339137397,327.59309561593193,-5.964079178566408,-4.845140154066835,-1.1189390244995732,318.94834111181444,39.58138842319393,-2.406721802657541,-61.18328515655669,-64.21091215971427,6.944444015451086,352.1463251491491,332.4539993286133,312.7616735080775,59741700.0,254405085.56199762,-1067225.736264944
2022-05-17,326.8299865722656,327.3699951171875,323.4599914550781,327.1000061035156,309.71923828125,3316800,338.675,329.8348546020542,327.083191499256,-5.453060132845678,-4.966724149822603,-0.4863359830230749,319.88106106089776,44.7077504589957,-1.2528283461084906,-16.09674847667323,-49.12709541852962,6.776269181339624,349.6045987839552,331.3529998779297,313.1014009719041,63058500.0,257263829.94981244,198336.7758680284
2022-05-18,324.2099914550781,324.3900146484375,314.42999267578125,315.54998779296875,298.7830505371094,3659000,338.4553997802734,328.474391096427,325.5781427292597,-5.911914932249488,-5.15576230630798,-0.7561526259415077,317.7368051297386,35.930074834714475,-7.351950677987713,-102.6599415689652,-89.45535101590238,7.197250913224964,346.54517444921595,329.55399932861326,312.56282420801057,59399500.0,254427732.1773456,-204358.4673050046
2022-05-19,312.1199951171875,316.3500061035156,310.8299865722656,313.17999267578125,296.5389709472656,3836700,338.0509997558594,327.01778172303216,324.0187135242281,-6.393103745321525,-5.403230594110689,-0.9898731512108361,315.4530592609525,34.436044446566676,-5.1659393359617285,-140.5896477750574,-92.25443631045422,7.077448671655323,344.0900463173637,327.82749938964844,311.56495246193316,55562800.0,253857784.53802672,-531866.3640859127
2022-05-20,314.7900085449219,315.07000732421875,306.2799987792969,312.4200134277344,296.5248107910156,4654000,337.65720031738283,325.6275180758609,322.5513339088077,-6.757872769705671,-5.674159029229686,-1.083713740475985,313.4794264771667,33.94855903881966,-5.059711771325255,-144.57136909171058,-82.40179974039515,7.199774376888648,343.37118862967304,326.5350006103516,309.6988125910301,50908800.0,255705627.63130486,-29545.30453631282
2022-05-23,315.32000732421875,319.6499938964844,314.7799987792969,318.8399963378906,302.6181335449219,4484600,337.4336004638672,324.98108743414946,321.8184763590495,-6.454512282932058,-5.83022967997016,-0.6242826029618973,313.62773319063416,41.4844787114315,-1.1655330733064186,-57.68220895594973,-64.00116857171847,7.201931954878745,341.29962049815947,325.4490005493164,309.5983806004733,55393400.0,258698433.50672784,1130892.0260536969
2022-05-24,316.57000732421875,320.1499938964844,313.6199951171875,319.3900146484375,303.14013671875,5260500,337.2200006103516,324.4486043117007,321.2414300827753,-6.09940488780444,-5.884064721537016,-0.21534016626742325,313.989466286889,42.0940230699828,-0.75815555592432,-48.31618116459565,-58.97991434832635,7.153936728051468,340.51465031388057,324.7960006713867,309.07735102889285,60653900.0,262734470.54142815,2787001.6245129704
2022-05-25,317.9800109863281,322.5400085449219,317.45001220703125,321.2799987792969,304.9340209960937,4612800,336.9218005371094,324.1468323562337,320.9065727597191,-5.600909990723665,-5.827433775374346,0.22652378465068157,314.8662764976448,44.24332199566812,0.8855138478569416,6.9438285382766844,-38.44890026497828,7.00651241446855,339.5254204164363,324.20850067138673,308.89158092633716,65266700.0,265063507.38678366,3952194.3997219205
2022-05-26,322.95001220703125,327.7699890136719,322.8999938964844,326.45001220703125,309.84088134765625,3270200,336.62360107421875,324.3661828182144,321.12005004882815,-4.734100553012354,-5.608767130901948,0.8746665778895943,317.0066611736692,49.739016783717126,2.7735792571174054,111.73704668762034,-6.14228667507356,6.969617973033296,337.2950795959971,323.5665008544922,309.83792211298726,68536900.0,266560979.46849817,4546042.161060005
2022-05-27,327.04998779296875,332.1300048828125,326.82000732421875,332.07000732421875,315.175048828125,2773100,336.3560009765625,325.0998803902148,321.9299078078497,-3.552707787018278,-5.197555262125214,1.6448474751069364,320.28496318788797,54.938501387372284,3.053718152375362,170.3645010648505,-0.2320988179015937,6.877501880372436,337.66332997683946,323.6855010986328,309.70767222042616,71310000.0,269271413.0631372,5238114.010714382
2022-05-31,330.1700134277344,332.54998779296875,327.6600036621094,330.20001220703125,313.40020751953125,4354000,336.016201171875,325.58560722991166,322.550337437221,-2.7358018653225713,-4.705204582764686,1.9694027174421143,322.53324019455846,52.97474587935549,2.298783523079403,139.63956376741223,-8.945476089519811,6.735536326835788,337.5837092689309,323.65850219726565,309.7332951256004,66956000.0,269440616.7826741,5098879.6771788895
2022-06-01,332.4100036621094,332.95001220703125,326.1000061035156,328.3599853515625,311.6537475585937,3721400,335.67460083007813,325.84983371768794,322.9980977376302,-2.211381398158778,-4.2064399458435044,1.9950585476847262,323.92809577727303,51.04143430920267,0.38519695033210605,101.76776009429126,-17.210440736769716,6.743712739455777,337.1786452997308,323.5140014648438,309.8493576299567,63234600.0,268174772.77681115,4175617.113669038
2022-06-02,328.54998779296875,332.7799987792969,325.3599853515625,332.7699890136719,315.83941650390625,3718800,335.3672003173828,326.50889612682926,323.87962036132814,-1.4235145702336354,-3.649854870721531,2.2263403004878954,326.23332590026314,55.25612788137327,5.45713892785859,98.73269895600669,-0.6750022599245065,6.792019931475677,335.1615934959504,323.1230010986328,311.0844087013152,66953400.0,271883539.28650314,4598379.307710737
2022-06-03,329.8699951171875,331.7300109863281,328.7300109863281,329.3500061035156,312.59344482421875,4150900,335.08600036621095,326.7794780293708,324.47266845703126,-1.0628367512138084,-3.1324512468199868,2.0696144956061784,327.24125023395476,51.54987853390817,5.16316936135647,80.01341439528554,-13.498328800134562,6.5954455097519675,335.01770611958057,323.07850189208983,311.1392976645991,62802500.0,269448331.1077922,3578454.029527843
2022-06-06,331.5899963378906,332.739990234375,328.5299987792969,329.45001220703125,312.68829345703125,1957600,334.7338006591797,327.0338146177194,325.07947896321616,-0.7601646197786067,-2.657993921411711,1.8978293016331045,328.0903015668312,51.65200068340009,5.4509948298290025,72.12130291682716,-13.12335297274474,6.425055934418122,335.0759308653526,323.09750213623045,311.1190734071083,64760100.0,268346323.47910705,2485259.076641619
2022-06-07,326.82000732421875,332.4700012207031,326.82000732421875,332.1700134277344,315.2698974609375,2424000,334.4064007568359,327.5229764091494,325.94352765764506,-0.2973853354382072,-2.1858722042170107,1.8884868687788035,329.483313743017,54.46334158432803,4.180785736717067,68.227595909517,-2.924628371149407,6.369694360279997,336.18470965992526,323.5760025024414,310.9672953449575,67184100.0,270512917.74611723,2501481.2193603516
2022-06-08,330.5599975585937,331.92999267578125,328.5599975585937,329.3800048828125,312.62188720703125,2032900,334.0042010498047,327.699836263784,326.496289789109,-0.15398475060180772,-1.7794947134939703,1.6255099628921625,329.88622193250666,51.17615913370925,3.127834239079544,55.88655925856988,-13.385847494573323,6.17257446805576,336.780702754491,323.95350341796876,311.1263040814465,65151200.0,269469332.46702135,1948660.305363834
2022-06-09,328.1600036621094,329.989990234375,323.0,323.0,306.5664367675781,2591500,333.4048010253906,327.2522328100903,326.4054799397787,-0.5488253115315729,-1.533360833101491,0.9845355215699181,328.5428961802969,44.553910066909296,0.5353589477210746,-3.845008310622178,-37.30786350742571,6.230961308507135,336.7692696727029,324.18050384521484,311.5917380177268,62559700.0,266877832.46702135,720787.1764231324
2022-06-10,318.3099975585937,318.7699890136719,314.32000732421875,314.3699951171875,298.3757019042969,4484700,332.6498010253906,326.0253530298138,325.4711457752046,-1.5403523477945669,-1.5347591360401063,-0.005593211754460592,325.1895371648994,37.48749754964811,-3.7004186362789064,-143.50465230263728,-96.12002412354794,6.405892120455286,337.0194530722059,324.01700286865236,311.0145526650988,58075000.0,262493888.0524469,-1241942.0697284043
2022-06-13,307.5,309.6199951171875,304.1600036621094,305.5799865722656,290.03277587890625,6317200,331.8248010253906,324.07817527195203,323.715239461263,-3.0008331593015782,-1.827973940692401,-1.1728592186091773,320.16216975843355,31.932225960450737,-7.9772397891055,-217.21127480481152,-95.06779267557143,6.677613501499775,338.4697077031891,323.1845016479492,307.89929559270934,51757800.0,259462523.2460885,-2896498.1024745703
2022-06-14,306.6099853515625,307.42999267578125,301.92999267578125,304.29998779296875,288.8179016113281,3724000,330.9506005859375,322.1945383691917,321.9167143322173,-4.212995143197645,-2.3049781811934498,-1.9080169620041953,315.73434658353347,31.206995975358957,-7.843738175825236,-185.0250455966968,-92.35978844307324,6.593498251392648,339.6246787147547,322.2605010986328,304.8963234825109,48033800.0,258947927.5429635,-3473778.9211855233
2022-06-15,306.3999938964844,310.67999267578125,302.260009765625,307.2300109863281,291.5988464355469,7060900,330.11040100097654,320.76934528510947,320.48523908342634,-4.880949318652256,-2.8201724086852114,-2.0607769099670445,312.91284652165217,34.85435195990851,-6.435002834651524,-129.75356058748207,-82.9142006013002,6.7239614413043345,339.65355790155877,321.2670013427734,302.8804447839881,55094700.0,260222598.290247,-2988564.116414726
2022-06-16,301.3699951171875,301.6600036621094,298.0199890136719,299.8999938964844,284.6417236328125,4943500,329.1816009521484,318.7817880100023,318.45028599330357,-5.933382593555507,-3.4428144456592706,-2.4905681478962363,308.76158188530763,30.49799218203311,-9.87769216046614,-136.66263596808835,-94.61779663756447,6.901537193543757,340.98789628532654,320.48450164794923,299.9811070105719,50151200.0,260385563.53053004,-2466526.927426189
2022-06-17,298.2699890136719,301.5799865722656,296.3900146484375,298.7200012207031,284.177490234375,4738000,328.2610009765625,316.8711416491167,316.37747642880396,-6.7844521523761046,-4.111141987002638,-2.6733101653734668,305.1319051059332,29.851166810971332,-9.300137942971649,-114.48561668353712,-93.62695096319025,6.779282531421212,342.17502039856083,319.7615020751953,297.3479837518298,45413200.0,259901720.02363563,-2182686.7452676296
2022-06-21,303.0799865722656,306.4700012207031,302.6199951171875,305.2900085449219,290.4276733398437,3246500,327.44740112304686,315.76817659157433,314.9992389497303,-6.8498256993506175,-4.658878729472233,-2.190946969878384,303.95551645185003,37.765563018406326,-7.333435351924307,-69.47661032538187,-75.65647021113557,6.848619493462554,342.4909882258947,319.4050018310547,296.31901543621467,48659700.0,261158173.19309908,-1468363.6854400635
2022-06-22,301.5299987792969,307.67999267578125,301.3299865722656,304.6099853515625,289.7807922363281,6361200,326.5922009277344,314.70549171157325,313.5901897612072,-6.877230462982084,-5.102549076174204,-1.7746813868078801,302.9142487712874,37.29652477129111,-8.296964494709794,-61.88686095136209,-77.41144740935924,6.813004251323488,342.66541176005126,318.6935012817383,294.72159080342533,42298500.0,261368534.8246105,-975719.7613533139
2022-06-23,305.6700134277344,307.0599975585937,302.7799987792969,306.739990234375,291.8070678710937,3582600,325.8630004882813,313.94687252326867,312.4517601376488,-6.6504135154834785,-5.412121964036059,-1.2382915514474195,302.71255584377144,39.81780921743699,-6.873524291947355,-48.83332533814867,-71.52687059866545,6.6320752890358685,342.5871599704334,318.06100006103514,293.5348401516369,45881100.0,264415406.52240086,283977.36246576905
2022-06-24,309.20001220703125,315.1199951171875,309.1199951171875,315.0199890136719,299.68389892578125,3314800,325.3190002441406,314.04907409378325,312.1621400378999,-5.736407018490922,-5.476978974927032,-0.25942804356389004,304.7906846124939,48.48875784125469,-2.4705916366340945,3.3376043526550574,-48.748316704670245,6.756927402877056,342.26162439176255,317.7479995727539,293.2343747537452,49195900.0,267619706.44508967,1793041.8555685878
2022-06-27,315.3999938964844,315.8900146484375,313.3800048828125,314.3599853515625,299.0561218261719,1896500,324.69099975585937,314.0786846897622,311.83947201683407,-5.007582767186534,-5.383099733378933,0.37551696619239916,306.40546027765805,47.89637560523529,-0.0031840715655031475,23.747951758612892,-50.19407596748287,6.453576143073338,341.3634659749761,317.1434982299805,292.92353048498484,47299400.0,267204103.43954545,2115145.2959312797
2022-06-28,316.0,318.75,309.2300109863281,309.3399963378906,294.28045654296875,3025900,323.99199951171875,313.627381037203,311.09628136044455,-4.779955109651951,-5.262470808633537,0.48251569898158575,306.49512683231535,43.53940561489458,1.2304502686192138,21.05105969280161,-63.56221244850049,6.6726056338303765,339.4390077775834,316.0069976806641,292.57498758374476,44273500.0,264248120.46882248,1114088.9130376875
2022-06-29,310.3999938964844,311.4800109863281,308.8299865722656,310.04998779296875,294.9559631347656,2462800,323.3109991455078,313.28667691870453,310.52894708542595,-4.49050443443025,-5.10807753379288,0.6175730993626303,306.81366391271405,44.31099529855046,1.889582724502778,16.334111232304878,-59.345288482149016,6.385278403846957,337.6226643069831,314.99949645996094,292.3763286129388,46736300.0,264052936.56352973,541181.0671664774
2022-06-30,306.75,309.82000732421875,304.25,307.82000732421875,292.83453369140625,4117800,322.48499938964846,312.7660417192297,309.8451862153553,-4.390443180018053,-4.964550663037914,0.5741074830198611,306.5519487739667,42.35323216452638,0.1920373390595882,-2.910193927608973,-48.92758816767506,6.343471931641371,335.93148880651813,313.9724975585938,292.0135063106694,42618500.0,265213612.98338968,626917.5304321945
2022-07-01,307.3999938964844,311.3099975585937,304.7699890136719,310.8500061035156,295.71710205078125,3315000,321.6713995361328,312.5835621367807,309.5478060767764,-4.020304765477476,-4.775701483525827,0.7553967180483507,307.17568380617365,45.853831826362814,3.6512212170337137,37.840147170805906,-35.330943971000096,6.357510261161403,333.09216792204,312.8764984130859,292.66082890413185,45933500.0,268062291.97995064,1511396.897907406
2022-07-05,306.6000061035156,309.760009765625,303.5799865722656,309.7099914550781,294.632568359375,3767700,320.9113995361328,312.30988873852334,309.2462339855376,-3.775436181704549,-4.575648423161572,0.8002122414570225,307.4381407141879,44.75269982000216,3.679027246071572,11.541201300919958,-40.429402804998546,6.42268949473916,330.6707074706892,311.8944976806641,293.11828789063895,42165800.0,271769003.86299664,2915237.974852115
2022-07-06,310.0,312.2900085449219,307.94000244140625,310.4100036621094,295.2983703613281,2493300,320.35419982910156,312.1289473026744,309.1048536028181,-3.484721232812092,-4.357462985091676,0.872741752279584,307.8764889267699,45.61629930496408,1.677092264365448,51.6411568003521,-37.298755820999816,6.274640681080337,327.90487801987433,310.94249725341797,293.9801164869616,44659100.0,272107173.013627,3332114.2383617163
2022-07-07,312.5400085449219,314.2699890136719,311.6099853515625,313.95001220703125,298.666015625,2267500,319.82200012207034,312.30238205547033,309.3912835984003,-2.9348473435400138,-4.0729398567813435,1.1380925132413298,309.19056659429384,49.88279704654722,3.0662247807434984,92.02115418449952,-21.466864658000905,6.102165300400491,324.03471887435614,310.0314971923828,296.02827551040946,46926600.0,273829149.3969548,3747636.628278017
2022-07-08,313.5,315.1400146484375,312.1700134277344,313.4599914550781,298.20001220703125,2094300,319.44219970703125,312.4126305697187,309.71780686151413,-2.50967888807196,-3.760287663039467,1.2506087749675068,310.1688158644869,49.306164923397255,2.1907809332485413,87.63997609384707,-23.658372139998797,5.878439294707823,320.23702886024927,309.2354965209961,298.2339641817429,44832300.0,273554108.57020617,3489415.831252992
2022-07-11,311.6600036621094,313.739990234375,311.1700134277344,311.70001220703125,296.525634765625,2633200,319.0155999755859,312.34476215422467,309.9525226411365,-2.2883665750785553,-3.465903445447285,1.1775368703687294,310.5343808019501,47.19593216128995,-1.0538940138482888,53.06597649102243,-40.470622036056966,5.642120545560166,317.7852803366169,308.67049713134764,299.5557139260784,42199100.0,272006982.7962758,2574293.1379237175
2022-07-12,310.5599975585937,313.54998779296875,308.6000061035156,309.9700012207031,294.8797912597656,2806000,318.42919982910155,312.1185944462702,310.0762849353609,-2.2269020601032707,-3.218103168378482,0.9912011082752112,310.4007856648981,45.150353027009636,-1.3964831198060605,10.6884360698616,-50.401791110667304,5.592682055838235,317.2098672845032,308.45049743652345,299.6911275885437,39393100.0,270754203.2079872,1567286.4272950292
2022-07-13,306.19000244140625,309.94000244140625,305.1099853515625,307.75,292.7679443359375,3481200,317.99039978027344,311.7025378323397,310.0095708937872,-2.330462414294402,-3.0405750175616664,0.7101126032672642,309.72935488266194,42.59883592330978,-0.5139963653952719,-84.00322040986984,-68.87914313832277,5.540348756788406,317.2267338767418,308.55899810791016,299.89126233907854,35911900.0,271078546.2622615,1116048.6150074005
2022-07-14,302.6600036621094,306.8599853515625,301.4700012207031,306.3999938964844,291.4836120605469,2893100,317.50359985351565,311.19753364797253,309.80395144508,-2.492734262282454,-2.931006866505824,0.43827260422337,308.84406124745374,41.07856901591417,-1.177227556906599,-157.165045312047,-71.46994777749718,5.593180901253297,317.1722279096599,308.66399841308595,300.155768916512,33018800.0,273477840.9944251,1593404.3233956099
2022-07-15,310.8099975585937,312.7799987792969,309.1499938964844,312.6600036621094,297.563232421875,3027500,317.1317999267578,311.3368165064618,310.1845233735584,-2.092089099063344,-2.763223313017328,0.6711342139539842,309.76020893908,49.99096626462236,1.5723462486935698,34.57177053199789,-35.24303685245068,5.649382614221812,317.5886748371531,308.935498046875,300.2823212565969,36046300.0,276305184.1191519,2543440.441658795
2022-07-18,315.760009765625,316.3500061035156,309.7300109863281,310.6499938964844,295.6502380371094,2344900,316.5329998779297,311.27140482932106,310.34780869256883,-1.9146945040661763,-2.593517551227098,0.6788230471609218,310.00427466914067,47.506233486239154,-0.06434363940936977,65.29443990291622,-46.87503863264286,5.718712078719362,317.0875680095932,309.472998046875,301.85842808415674,33701400.0,274612027.17570627,2162137.967882991
2022-07-19,313.07000732421875,318.3999938964844,312.6600036621094,318.1099853515625,302.7500305175781,3004900,316.29039978027345,311.9226982123917,311.17037891206286,-1.158791220924627,-2.3065722851666037,1.1477810642419768,312.1498992691495,56.206334595393855,2.7122127565273435,166.40493552491733,-1.7129868303885298,5.86380407309655,317.2260127625564,310.44249725341797,303.6589817442795,36706300.0,277313286.7020982,2669084.2626554966
2022-07-20,318.239990234375,319.42999267578125,316.45001220703125,318.739990234375,303.3495788574219,3243000,316.08379943847655,312.5719641192473,311.96061633882067,-0.5030969062055988,-1.9458772093744028,1.442780303168804,314.072981574465,56.85664506702462,2.683543208656724,166.5556290388292,-3.8418862455035008,5.657816672786082,318.3722074112872,311.1149963378906,303.857785264494,39949300.0,279054479.59903413,3187843.28111881
2022-07-21,317.6300048828125,320.4599914550781,315.3800048828125,320.4100036621094,304.93896484375,2159800,316.0399993896484,313.3184440757104,312.8458551316034,0.14957745319361493,-1.5267862768607994,1.6763637300544143,316.0720656855436,58.611145924330096,2.0576496906832884,149.03960586836013,-0.26323232582955436,5.616543094177478,319.5853035899325,311.90499725341795,304.2246909169034,42109100.0,281171774.11847115,3783943.5647548437
2022-07-22,321.760009765625,322.20001220703125,317.3399963378906,319.0599975585937,303.6542053222656,3264100,315.984599609375,313.8652586931278,313.52728373209635,0.5515346273347745,-1.1111220960216848,1.6626567233564593,317.33950659331884,56.607085025296776,1.7865138314846485,134.4351100085477,-15.147192399022181,5.562505435246274,320.4186318217227,312.52099761962893,304.62336341753513,38845000.0,280218059.9837295,3380353.4047558904
2022-07-25,320.07000732421875,320.3900146484375,318.25,319.9599914550781,304.5106811523437,4002500,316.014599609375,314.4457094323612,314.2357593354725,0.9319674292750619,-0.7025041909623355,1.6344716202373974,318.58343013813123,57.64677931545599,2.6499771974858293,112.42117107612344,-10.805690134127111,5.318041807617076,321.2501745854194,312.7679977416992,304.285820897979,42847500.0,282612002.92765737,3669652.6028464437
2022-07-26,318.8900146484375,319.4800109863281,317.1000061035156,317.5400085449219,302.2075500488281,2101700,316.01259948730467,314.7404045859384,314.690236554827,1.0263595356344126,-0.3567314456429859,1.3830909812773986,318.94126742999214,53.90665018417817,2.442174176341921,71.21572395672152,-22.47950406385575,5.142466346470321,321.6386997137381,312.9269989013672,304.2152980889963,40745800.0,281287404.80486923,3032934.4536467195
2022-07-27,318.8800048828125,323.44000244140625,318.0400085449219,322.010009765625,306.4617614746094,3338100,316.0081994628906,315.4327479363847,315.55528520856586,1.4451983541129039,0.0036545143081920806,1.4415438398047118,320.3578781409841,59.17546378039509,4.63363436738424,104.12094433992371,-6.508842040635465,5.19657545718561,322.9528016566759,313.5604995727539,304.1681974888319,44083900.0,282857555.19509906,2996330.8391702175
2022-07-28,322.45001220703125,326.1199951171875,319.8099975585937,325.2300109863281,309.5262451171875,2688400,316.05719970703126,316.3658206078079,316.66666724795385,2.0137451229015824,0.40567263602687015,1.6080724868747123,322.31367944641636,62.50075836781618,6.1455670577478445,119.65070278216498,-3.6104841834719736,5.276105607286196,324.84004102887275,314.3195007324219,303.798960435971,46772300.0,284787592.51264644,3323065.70345217
2022-07-29,325.5199890136719,329.2699890136719,324.9200134277344,328.6600036621094,312.7906494140625,3225600,316.0883996582031,317.5366951844081,318.03242943173365,2.709856735001722,0.8665094558218406,1.8433472791798815,324.75802298213546,65.7052446345469,5.117379841551831,148.5192619067575,-2.194192875569456,5.209953462904146,327.15217633988243,315.3615005493164,303.5708247587504,49997900.0,287108558.1251061,3893122.142490864
2022-08-01,326.9100036621094,329.7200012207031,326.45001220703125,328.0400085449219,312.20050048828125,2745500,316.3382000732422,318.53701074255224,319.23990638369605,3.174903467498268,1.3281882581571263,1.8467152093411419,326.5422509278877,64.63013987237116,5.597944629038765,136.2051402793118,-5.946876728429206,5.07138457367327,329.0328416917443,316.2210006713867,303.40915965102914,47252400.0,287032996.72577244,3748364.591174066
2022-08-02,326.9700012207031,327.7799987792969,323.8999938964844,324.0400085449219,308.3937072753906,5394600,316.555400390625,319.06110577134933,319.9845738002232,3.18398676540869,1.6993479596074392,1.484638805801251,326.9009396076846,58.032638748355424,1.8641424244528977,90.9508137468329,-20.106168763827437,5.004858150442143,329.81533150826647,316.93750152587893,304.0596715434914,41857800.0,282027737.9999584,1755802.853678763
2022-08-03,325.70001220703125,329.1400146484375,325.1400146484375,328.1600036621094,312.3146667480469,2564600,316.8702001953125,319.92766747523126,321.0533835274833,3.483479139041151,2.0561741954941817,1.4273049435469694,328.196343163776,62.301303998447366,2.955391138968059,107.75748369603785,-7.583845421178037,5.0116544328045345,331.2173555094966,317.8250015258789,304.43264754226124,44422400.0,283335669.91218984,1197205.673715353
2022-08-04,327.69000244140625,328.3599853515625,326.54998779296875,327.3599853515625,311.5533142089844,2426400,317.04059997558596,320.63550727297707,321.9614772251674,3.6146072686634625,2.367860810128038,1.2467464585354247,328.981366412718,61.00375164761406,2.169090106431969,90.9262065450281,-11.805988104397958,4.782964656075193,332.3784734342548,318.4955001831055,304.6125269319562,41996000.0,283080961.323419,778808.1242382526
2022-08-05,325.07000732421875,328.19000244140625,324.92999267578125,327.9700012207031,312.1339416503906,2672400,317.21219970703123,321.3340305060938,322.86381065731956,3.7248131117045773,2.6392512704433457,1.0855618412612316,329.712309402114,61.659461708575634,2.792579367607234,73.04664068782577,-10.257914715342153,4.67418216390018,333.4868166946791,319.2210006713867,304.95518464809436,44668400.0,285392668.37801343,1272387.9055287242
2022-08-08,329.8099975585937,331.1199951171875,327.7099914550781,328.4200134277344,312.56219482421875,2528800,317.355,322.00888602244055,323.73990711030507,3.8046071179335286,2.8723224399413825,0.9322846779921461,330.35711238908635,62.16488117736238,2.644087447990829,95.6447181123467,-17.153642723084793,4.583883699486551,334.42116572884,320.0570007324219,305.6928357360038,47197200.0,283916948.51655054,889088.0505431294
2022-08-09,328.2799987792969,328.94000244140625,327.19000244140625,327.9100036621094,312.0767822265625,1655100,317.3841998291016,322.57089722621856,324.4878121512277,3.783081903699099,3.054474332692926,0.7286075710061728,330.6824817867378,61.180539342883556,3.265728676114359,67.91215701878689,-20.393859254548552,4.381463435237511,334.92164984568626,320.95400085449216,306.98635186329807,45542100.0,283623761.6827057,558170.6581399441
2022-08-10,332.6000061035156,333.8299865722656,331.9599914550781,333.20001220703125,317.1114501953125,2934400,317.4067999267578,323.5831938910579,325.65409894670756,4.1451003587662285,3.272599537907587,0.8725008208586416,332.2519198254919,67.01476225726844,3.4750480115667504,143.31875399137417,-3.765541546274409,4.491357683445992,335.7816487611312,322.22650146484375,308.6713541685563,48476500.0,284581047.6674306,676643.569283843
2022-08-11,335.82000732421875,336.79998779296875,333.17999267578125,333.7099914550781,317.5968017578125,2401600,317.47699951171876,324.547650801917,326.74776466006324,4.422177545813781,3.502515139488826,0.9196624063249552,333.5986039301933,67.52153107409198,2.607379449095944,155.3856942093356,-15.685275177412638,4.429117500141814,335.9436044236066,323.5920013427734,311.24039826194024,50878100.0,282882677.93551356,123206.33920693398
2022-08-12,334.79998779296875,337.9200134277344,334.19000244140625,337.8299865722656,321.517822265625,2606900,317.6663995361328,325.81263516099784,328.10376325334823,4.917526205460774,3.785517352683216,1.1320088527775582,335.6954033181294,71.3509227097134,2.790112215657302,178.83562440123856,-0.4324054937484445,4.413467819607131,337.61252024576936,324.8505004882812,312.0884807307931,53485000.0,285363738.62277067,675028.0238294005
2022-08-15,336.1099853515625,339.8500061035156,336.0599975585937,339.3699951171875,322.9834899902344,1936500,317.79839965820315,327.10381229968255,329.486572265625,5.372429384488896,4.102899759044353,1.2695296254445436,337.73200011879186,72.64905138273862,3.4538429085286695,165.9521852221947,-2.2008759287503343,4.368935014272474,338.7946191509442,326.28650054931643,313.7783819476887,55421500.0,286809716.6284232,1299490.9853526354
2022-08-16,338.82000732421875,343.0899963378906,338.75,341.739990234375,325.23895263671875,3897100,318.0461993408203,328.4977340077485,330.9583331880115,5.856670182141386,4.453653843663759,1.4030163384776264,339.9280405359219,74.5595261407593,5.462282811598977,159.67701746566888,-5.798995594089962,4.366867965959485,341.0790348532997,327.468000793457,313.85696673361434,59318600.0,288282340.4877047,1905379.698896885
2022-08-17,339.6700134277344,342.0599975585937,338.70001220703125,340.20001220703125,323.7734680175781,2960300,318.2611993408203,329.6122366933945,332.17090570359005,6.046471190290333,4.772217312989074,1.274253877301259,341.2340493343272,71.08497672775482,3.6689445424674285,118.65628594593744,-15.05984243453591,4.294947779216839,342.60656665183984,328.54100189208987,314.4754371323399,56358300.0,287965177.01086545,1879111.2755437493
2022-08-18,340.20001220703125,341.0,338.9700012207031,340.5799865722656,324.1350402832031,1850900,318.4293988037109,330.656784300906,333.31747567313056,6.156581374638904,5.04909012531904,1.1074912493198639,342.3054261908517,71.43864702453003,4.038368100030838,98.06607023816302,-13.079778250622597,4.133165707793984,344.02488130505446,329.5495010375977,315.0741207701409,58209200.0,289050162.4090224,2042759.4312634468
2022-08-19,338.3500061035156,338.6600036621094,336.260009765625,337.0400085449219,321.3849792480469,2010300,318.5825988769531,331.26471041938373,334.0308573404948,5.890298156495533,5.217331731554339,0.672966424941194,342.16721006160526,63.63012613630494,2.765499067128157,52.82042257117106,-31.52676927187199,4.146509357711602,344.4313278331722,330.44850158691406,316.46567534065593,56198900.0,288346558.68714,1700127.0897076726
2022-08-22,333.1099853515625,333.5199890136719,330.1600036621094,330.760009765625,315.3968200683594,2684500,318.7377990722656,331.21664369045436,334.0605247860863,5.1135772350261846,5.196580832248708,-0.0830035972225236,340.33134124305093,52.6380647344559,0.7125011394610147,-32.17353837864484,-67.89638813780633,4.341759038075952,344.1175033932146,330.9885025024414,317.85950161166824,53514400.0,286620822.61992836,856304.4658941627
2022-08-23,330.3099975585937,331.45001220703125,328.6400146484375,329.1099853515625,313.8232727050781,2897200,319.0325988769531,331.01600956294084,333.8816183907645,4.315134938906738,5.020291653580315,-0.7051567146735769,338.3174801241808,50.185017366034565,0.3659484846609409,-61.63513793211509,-76.9824238279051,4.232347503827223,343.21025639232914,331.56700134277344,319.92374629321773,50617200.0,284692733.1566472,-180224.56997305155
2022-08-24,328.92999267578125,331.0299987792969,328.3299865722656,329.8599853515625,314.53857421875,2581700,319.51819885253906,330.905912019,333.7190454392206,3.7002284682843083,4.7562790165211135,-1.0560505482368052,336.7955977288683,51.29604741549176,-1.0024089835247216,-66.4393591706401,-72.85246871360704,4.122894982627511,342.7883841873709,331.9595001220703,321.1306160567697,53198900.0,285036944.2604743,-478353.40888530016
2022-08-25,330.0899963378906,333.1499938964844,329.0,333.1499938964844,317.6757507324219,2498900,320.0951989746094,331.11963410257,333.83242579868863,3.438747117753053,4.492772636767501,-1.0540255190144485,336.3487895087054,55.938481325787265,-0.16780964697879994,-43.85550836877095,-62.51576262305403,4.124830619331573,342.7412452247312,332.3554992675781,321.96975331042506,55697800.0,287535844.2604743,238276.01236748695
2022-08-26,333.489990234375,333.6700134277344,322.82000732421875,322.92999267578125,307.9303894042969,4191000,320.4091986083984,330.33966825239963,332.93475850423175,2.3794240577906294,4.070102920972127,-1.690678863181498,333.2866253552717,42.413793617504425,-4.41050069227561,-123.44445490606648,-99.45739807017992,4.605200296773291,343.14022657138975,332.0689987182617,320.99777086513365,51506800.0,283429811.69809616,-796683.7680919766
2022-08-29,320.5400085449219,323.3299865722656,319.75,321.1000061035156,306.1853942871094,2896900,320.83319885253906,329.45970042869635,331.89009254092264,1.3763723149294265,3.531356799763587,-2.1549844848341606,330.2721867422691,40.524431746265996,-5.383501569537131,-176.9683947712993,-94.21591124535013,4.531970745022743,343.6763976722682,331.7219985961914,319.7675995201146,48609900.0,282717742.6198498,-1374218.0424408317
2022-08-30,322.0899963378906,322.1700134277344,316.57000732421875,318.0400085449219,303.2675170898437,2926300,321.21959899902345,328.3721107254798,330.5870458693731,0.33071804089189527,2.891229047989249,-2.560511007097354,326.9963310392289,37.515087619644,-6.935091697403925,-162.74383836316753,-94.4570066754353,4.608258984915092,344.3905927140267,331.42199859619143,318.45340447835616,45683600.0,281327749.7211735,-1927823.6185768247
2022-08-31,318.4599914550781,320.1700134277344,315.6000061035156,315.6499938964844,300.9886169433594,2981600,321.4267987060547,327.1604805512897,329.0849501836868,-0.6829520664589381,2.176392825099612,-2.85934489155855,323.69839684269544,35.30956530191912,-7.216348450806868,-147.1425043150585,-99.81816001918313,4.605526723436782,345.433524247441,330.79649810791017,316.1594719683793,42702000.0,278411376.57659924,-2906978.8440354466
2022-09-01,314.2900085449219,317.25,312.70001220703125,317.0599975585937,302.3330078125,3228000,321.6757989501953,326.19852979008056,327.77671203613284,-1.3568761938565785,1.469739021308374,-2.826615215164953,321.3858950384357,37.63885721064037,-6.905863509593322,-131.47005631663768,-85.65321609649965,4.601559656974779,346.0472210996599,330.28149871826173,314.51577633686355,45930000.0,281369781.18040615,-2101960.9855993986
2022-09-02,319.7699890136719,320.75,312.3099975585937,313.760009765625,299.1864013671875,3826200,321.81619934082033,325.0139088353705,326.20323689778644,-2.1326633404720496,0.7492585489522894,-2.881921889424339,318.67274378095624,34.507225601711426,-6.907191487385105,-108.33082198179025,-95.28910895212054,4.875734141577031,346.8932991931908,329.5709991455078,312.24869909782484,42103800.0,278858281.4414688,-2380661.689028442
2022-09-06,314.54998779296875,315.20001220703125,310.92999267578125,312.20001220703125,297.69879150390625,3320400,321.7597998046875,323.7935377279096,324.5488571893601,-2.8406141769336273,0.031284003775106095,-2.871898180708733,316.09495659310596,33.10498077111221,-5.611318481864019,-112.03441073331791,-95.92027198186787,4.832468812267957,347.6681052393682,328.75999908447267,309.85189292957716,38783400.0,277513035.3351223,-2706284.6752662063
2022-09-07,311.6400146484375,316.94000244140625,311.45001220703125,316.3299865722656,301.6369323730469,2520200,321.79919982910155,323.082723332134,323.36504647391183,-3.033448197140558,-0.5816624364080267,-2.4517857607325313,315.1157887241238,40.05053973475472,-3.8831999477758172,-81.26432323075855,-82.04192689991415,4.879434628132746,347.85158678685644,328.18099822998045,308.51040967310445,41303600.0,279473175.32489413,-1969787.2933208942
2022-09-08,314.69000244140625,318.3999938964844,313.67999267578125,318.239990234375,303.4581604003906,3301100,321.9771997070313,322.62151065615694,322.41828380766367,-2.997594807480368,-1.064848910622495,-1.9327458968578732,314.87606923320783,42.998174765829624,-3.5227052789694966,-57.1627398717505,-73.63867774088573,4.8680465276020595,347.4185083665662,327.43299713134763,307.4474858961291,44604700.0,282550466.8704927,-510283.1186236739
2022-09-09,320.0799865722656,322.94000244140625,319.5,322.2799987792969,307.310546875,2479300,322.2217999267578,322.5889857155036,321.9275220598493,-2.613064036414073,-1.3744919357808107,-1.2385721006332624,315.79415064778766,48.73940355639979,-3.2627931311218936,-1.5858932867871918,-50.08796945560932,4.856044076132717,346.7498045864633,326.8614974975586,306.9731904086539,47084000.0,284078402.9646003,619337.6299343705
2022-09-12,323.2900085449219,325.67999267578125,323.2099914550781,324.57000732421875,309.4942626953125,2486900,322.55679992675783,322.7776544401432,321.7092849004836,-2.09933623742063,-1.5194607961087747,-0.5798754413118552,317.20100411707074,51.70851278421168,0.507854546073105,41.65982412661587,-40.01758047091506,4.75204049187212,345.454020426097,326.19849853515626,306.94297664421555,49570900.0,284330144.0928853,1105251.237895608
2022-09-13,318.79998779296875,319.5899963378906,310.8299865722656,311.7300109863281,297.25054931640625,4301200,322.57440002441405,321.72549792073227,320.33133370535717,-2.697192100064626,-1.7550070568999452,-0.942185043164681,315.07450183840007,38.30975869521689,-2.918092475578097,-80.82503630894112,-96.05944240014324,5.3940390818779065,344.0598149995931,324.8164993286133,305.57318365763354,45269700.0,280912775.301603,116212.07684487104
2022-09-14,312.3599853515625,313.4800109863281,309.5299987792969,312.0599975585937,297.5652770996094,2868800,322.62140014648435,320.8049740767191,319.11642877487907,-3.1085367433791475,-2.0257129941957857,-1.0828237491833619,313.47103933407226,38.74902855158925,-1.8802700369955276,-104.35579284952007,-89.51948117620312,5.290894305103145,341.6835469934076,323.3324996948242,304.9814523962408,48138500.0,281718931.2853475,-42455.4102884531
2022-09-15,311.6300048828125,313.5199890136719,309.5299987792969,310.3599853515625,295.9442749023437,3294600,322.62039978027343,319.8102132457518,317.88095121837796,-3.5310038993188755,-2.326771175220404,-1.2042327240984716,311.7764936197476,37.27641260680967,-1.6759095983561791,-110.25369116582468,-96.56178099163107,5.19797258576542,339.2936154070304,321.84049835205076,304.3873812970711,44843900.0,279794998.1794306,-715665.7877903581
2022-09-16,305.9599914550781,308.5799865722656,305.3500061035156,308.04998779296875,294.5224914550781,4071000,322.50239929199216,318.6901917740582,316.5675692603702,-4.006030634153035,-2.66262306700693,-1.3434075671461048,309.8549155428005,35.31258931173533,-2.841736527787573,-164.29159882349865,-86.71921557913636,5.184544490214096,336.3951985933544,320.21399841308596,304.0327982328175,40772900.0,282529999.3699068,-55781.85545414686
2022-09-19,305.3699951171875,310.19000244140625,305.2900085449219,310.1499938964844,296.5303039550781,2730000,322.43619934082034,317.8768395952416,315.60909263974145,-4.165027952228058,-2.963104044051156,-1.2019239081769024,308.8975429945752,38.485372635054674,-1.150565960218214,-121.95115035252738,-76.16483995096829,5.164219447804831,333.64225721931103,318.86949768066404,304.09673814201705,43502900.0,285215418.3643202,1073693.2383107543
2022-09-20,307.69000244140625,307.989990234375,304.5799865722656,307.0199890136719,293.537841796875,2822800,322.3425988769531,316.8428538255683,314.4805680047898,-4.491820793767943,-3.2688473939945135,-1.2229733997734291,307.37679287388136,35.67662001304608,-1.659200189244167,-131.58782852152058,-88.4360107317708,5.19320429612011,332.25657823111004,317.68249664306643,303.1084150550228,40680100.0,286432284.93015665,1825327.57140702
2022-09-21,308.5199890136719,310.2699890136719,301.7200012207031,301.8099975585937,288.5565490722656,5110700,322.1793988037109,315.41115322871354,312.96890142531623,-5.112278084339323,-3.637533532063476,-1.474744552275847,304.8579892955819,31.549165040042425,-4.59013992666637,-133.7118909615843,-99.62438910690223,5.432974545895013,331.45753379897286,316.31749725341797,301.1774607078631,35569400.0,281429174.38997686,374976.6656703949
2022-09-22,301.5599975585937,302.9700012207031,299.8900146484375,300.5199890136719,287.3232116699219,3492500,322.03479858398435,313.9929471129953,311.46437683105466,-5.643038431426476,-4.038634511936076,-1.6044039194903998,302.54549670007736,30.60503507341647,-5.568125240216615,-149.62268444188354,-97.55729002728717,5.264903976350057,330.142482568904,314.8504974365234,299.5585123041429,32076900.0,279365372.4826199,-909101.7358964086
2022-09-23,297.82000732421875,298.0,292.3999938964844,295.8599853515625,282.867919921875,4949300,321.8239984130859,312.2659983738112,309.655756632487,-6.366306363797719,-4.504168882308405,-1.862137481489314,299.5360449137674,27.413584698381722,-8.197844584772781,-174.24246764576841,-89.60339067911701,5.468839057838446,327.9890952769126,312.98599700927736,297.9828987416421,27127600.0,280531971.4270398,-980570.3509586453
2022-09-26,294.6000061035156,296.239990234375,291.5,292.7200012207031,279.8657531738281,4143400,321.4251983642578,310.40447483542,307.72566179547994,-7.110901838472898,-5.025515473541304,-2.085386364931594,296.35940870948343,25.485136171850975,-9.8129849908467,-152.2368140186875,-96.4306568691351,5.416778427591057,328.15878335053225,311.4754974365234,294.7922115225146,22984200.0,278521467.40695226,-1560370.5770611167
2022-09-27,294.7799987792969,296.5299987792969,289.5,291.29998779296875,278.50811767578125,3681000,321.0381982421875,308.5849998789961,305.80418468656995,-7.7265158674140935,-5.565715552315862,-2.160800315098231,293.5028444559003,24.640929106216916,-6.553755645379744,-133.54452474680753,-95.02490835446284,5.532008452712901,328.2155711899244,309.9854965209961,291.7554218520678,19303200.0,276725462.06311935,-2227165.953771591
2022-09-28,292.3500061035156,298.0299987792969,291.04998779296875,296.7300109863281,283.6996459960937,3995700,320.6105987548828,307.45595331778964,304.54175749279204,-7.687618844835981,-5.990096210819887,-1.697522634016094,292.6947160748278,33.68690157288676,-4.912512559187323,-92.88309316157081,-80.01654933676129,5.6354372051139885,327.62724147063165,308.9199966430664,290.2127518155011,23298900.0,279232808.754066,-1499684.1195090413
2022-09-29,294.7699890136719,294.8500061035156,289.8500061035156,292.2099914550781,279.3782043457031,3351100,320.0799987792969,306.0039569499124,302.95032842726937,-7.930107136251024,-6.378098395906115,-1.5520087403449097,290.9854652616092,30.414111357506677,-5.848045738217457,-100.73582751822673,-92.50969595443787,5.724334896378168,327.52811163603644,307.7479965209961,287.9678814059557,19947800.0,279045127.5187144,-1125459.7513308525
2022-09-30,291.2099914550781,293.4599914550781,287.0400085449219,287.29998779296875,274.6837463378906,3827200,319.41779846191406,304.22262655401295,301.0028990246001,-8.421400452869818,-6.786758807298856,-1.6346416455709623,288.4370949308091,27.310207322419597,-6.73591976051155,-110.59680739992314,-99.20129233319395,5.77402404021946,327.4420146257383,306.25999603271487,285.07797743969144,16120600.0,275527894.8790795,-1989172.9177480936
2022-10-03,290.5599975585937,296.3699951171875,289.4700012207031,294.7900085449219,281.8449401855469,3457600,318.9323986816406,303.32428198171857,299.9105192638579,-8.11285196057355,-7.051977437953795,-1.0608745226197556,288.4222410181278,37.747252547800194,-4.95243774103992,-62.54111678256456,-70.73260681160222,6.0094514176479805,326.76240233032354,305.3114959716797,283.8605896130358,19578200.0,277402026.35599893,-1565361.6597400308
2022-10-04,298.6099853515625,303.17999267578125,298.44000244140625,303.1400146484375,289.8282470703125,4163800,318.5959991455078,303.30673271188226,299.7037115187872,-7.112560182447567,-7.06409398685255,-0.04846619559501697,290.70359339930206,46.90064056060176,-1.263753014160129,22.165766948795532,-39.19932787520053,6.179489468591652,326.0899181632249,304.85849609375,283.62707402427503,23742000.0,281495589.70907646,52818.709037065506
2022-10-05,299.7300109863281,304.54998779296875,298.79998779296875,302.7900085449219,289.4934997558594,2746900,318.30099914550783,303.2575208864575,299.5067127046131,-6.275721695792356,-6.9064195286405115,0.6306978328481554,292.5944850631383,46.59139563833325,0.3247112402689449,37.620764326735056,-32.19968470835523,6.148811649406533,324.7600462770625,304.18149719238284,283.6029481077032,20995100.0,282560929.0146556,1048971.4835813046
2022-10-06,301.4700012207031,303.3099975585937,298.6099853515625,299.2300109863281,286.0898132324219,3081700,317.84539916992185,302.8739485150166,299.03514258975076,-5.832549220086548,-6.691645466929719,0.8590962468431709,293.31532411704467,43.45303610539097,-0.42924866048929067,26.28658676002456,-47.52469784550709,6.045325974951152,322.85848118444653,303.23099822998046,283.6035152755144,17913400.0,280292304.77467114,639292.498301506
2022-10-07,296.7300109863281,296.8900146484375,291.44000244140625,292.9700012207031,280.1048278808594,3029300,317.20019897460935,301.9307154393677,298.0579047793434,-5.918240518485561,-6.536964477240888,0.6187239587553268,292.36530903874143,38.5373030836956,-0.9768080422992261,-50.05676266991754,-74.4726747241198,6.169946158520489,319.79691690684865,301.76549835205077,283.7340797972529,14884100.0,278963854.28695095,-9109.741614997387
2022-10-10,294.2799987792969,294.9200134277344,290.0899963378906,291.9599914550781,279.1390991210937,3154500,316.46619873046876,300.9811226789592,297.1240469796317,-5.998503818836866,-6.429272345560085,0.4307685267232184,291.40468930634256,37.79440217896141,-0.25963711480445534,-64.44315653017802,-78.8205465055176,6.074236939329293,315.29146122784795,300.13499755859374,284.97853388933953,11729600.0,278251954.17322123,-500050.7176207304
2022-10-11,291.17999267578125,296.1400146484375,290.7200012207031,292.2900085449219,279.45465087890625,3849900,315.75119873046873,300.1533975233366,296.3769051688058,-5.96670300346824,-6.336758477141716,0.37005547367347624,290.78299555966265,38.213522334832284,0.33986295689677387,-47.410268827591466,-70.01709753262213,6.027506688501084,313.70119392904815,299.1629974365234,284.6248009439987,15579500.0,276632443.9233944,-1170729.7675115466
2022-10-12,292.4599914550781,294.57000732421875,291.3699951171875,292.1600036621094,279.3302917480469,4378700,315.1135986328125,299.39212191750545,295.70995338076636,-5.884161979190537,-6.24623917755148,0.362077198360943,290.318561333448,38.104605636634346,-1.5401230596892046,-48.28030546821973,-70.7595591938888,5.825542796967524,311.73047987498194,298.1679977416992,284.60551560841645,11200800.0,274415742.1858064,-2043982.6801074743
2022-10-13,287.1400146484375,301.7300109863281,286.6199951171875,300.5599975585937,287.3614807128906,7389600,314.5615985107422,299.5033481690377,295.9377628871373,-5.082352125359478,-6.01346176711308,0.9311096417536024,292.19311393181096,48.34848490868018,2.8575361376030246,31.185439816724234,-22.253161540687604,6.488719444979889,310.1036148058602,297.6779983520508,285.25238189824137,18590400.0,280660944.81382954,-228295.97360682487
2022-10-14,302.5400085449219,304.3599853515625,296.19000244140625,296.82000732421875,283.78564453125,5519400,313.9507989501953,299.24779189810255,295.8560494559152,-4.694581778514873,-5.749685769393439,1.0551039908785658,292.8247994491703,44.79380686749654,3.3136164064546434,77.78823665736007,-43.11201130155056,6.608809692492486,308.5954546979906,297.11649932861326,285.6375439592359,13071000.0,275992770.32762414,-950089.1144121885
2022-10-17,300.8900146484375,303.2099914550781,299.9800109863281,302.0599975585937,288.79559326171875,3555700,313.43259887695314,299.51562100862554,296.3268588111514,-3.919268675783144,-5.38360235067138,1.4643336748882358,294.7571365120349,50.306475583066465,2.466158554544081,106.22736973427695,-13.887290861743551,6.593179295232978,306.8127507107387,296.7119995117188,286.6112483126988,16626700.0,277016545.8548349,-833249.6302280426
2022-10-18,308.260009765625,308.3800048828125,303.0400085449219,305.4700012207031,292.0558776855469,4685500,312.9735986328125,300.08270483834724,297.1609542120071,-2.9951425205311466,-4.905910384643334,1.910767864112187,297.26873825915465,53.556650110174814,0.7686172922330281,137.42545028887125,-13.373172592534422,6.573667011589108,306.43708852694374,296.63450012207034,286.83191171719693,21312200.0,276595367.38688695,-843713.0237517357
2022-10-19,304.3399963378906,306.6499938964844,302.2900085449219,304.3500061035156,290.9850158691406,2939800,312.5023986816406,300.489114482649,297.89576430547805,-2.3263237185506114,-4.389993051424789,2.063669332874178,299.0644078560815,52.345679257867765,0.5152077395454444,100.12678703407778,-18.52020666674147,6.415546893015779,306.88942604114976,296.7615005493164,286.63357505748303,18372400.0,276433549.5746407,-822779.8046578169
2022-10-20,304.8299865722656,308.3699951171875,302.739990234375,303.3099975585937,289.9906921386719,3574700,311.9045983886719,300.7577700136913,298.519430687314,-1.8587732166673163,-3.883749084473295,2.0249758678059786,300.28084594905204,51.18824590099176,1.3634951116089702,94.25625149031161,-23.299655555431155,6.35943674942983,307.30524764799844,296.9010009765625,286.49675430512656,14797700.0,273582687.3773769,-1646510.568279922
2022-10-21,303.0799865722656,311.20001220703125,302.010009765625,310.8800048828125,297.4068603515625,5357200,311.44799865722655,301.72179238217905,299.8507643926711,-0.8674008919873017,-3.2804794459760966,2.413078553988795,303.2465574507659,58.39874974904218,6.113255141306167,125.30246963572188,-1.3019003324899026,6.561620013142432,309.6877032733136,297.652001953125,285.61630063293643,20154900.0,278566798.6326818,-247954.9750483036
2022-10-24,312.5299987792969,316.0,311.6000061035156,315.04998779296875,301.39599609375,4331700,310.9923986816406,302.99114432606376,301.5077154250372,0.25184843661480727,-2.5740138694579158,2.825862306072723,306.7499094947063,61.750627507012865,7.908616595997991,173.3308894828805,-3.2335331829267733,6.458646806288508,312.7522375234363,298.7685012817383,284.78476504004027,24486600.0,281027965.1846762,1129821.2137308717
2022-10-25,314.3500061035156,318.7799987792969,314.1099853515625,318.489990234375,304.6869201660156,6024800,310.5747985839844,304.4672248887601,303.38595246814543,1.4002992627643494,-1.7791512430134626,3.1794505057778117,310.4862805327085,64.30562638120442,8.963693907938172,163.10711108889944,-0.9017677608773478,6.330887279248927,316.0899437513162,300.1280014038086,284.166059056301,30511400.0,286304483.18999547,3269638.000493884
2022-10-26,317.9800109863281,321.7200012207031,317.7699890136719,318.3800048828125,304.5816650390625,4991800,310.10759887695315,305.7922515548603,305.1242385137649,2.2753510869703177,-0.9682507770167066,3.243601863987024,313.4738440218905,64.15806305961762,8.974534806970786,145.12555564196512,-9.515657427638136,6.160824774090521,318.9422308386226,301.2105010986328,283.478771358643,25519600.0,282854489.6736087,2750052.567092657
2022-10-27,321.5599975585937,323.8699951171875,319.9200134277344,320.4599914550781,306.5715026855469,4262200,309.7127984619141,307.1891791644049,306.9575233096168,3.1009279283726983,-0.15441503593882555,3.2553429643115237,316.40012572121736,65.75833817058832,6.620972204594512,137.6082205759454,-9.15437224727349,6.112908021253698,321.71070278322225,302.6230010986328,283.5352994140434,29781800.0,279757608.6695371,1302118.8823972344
2022-10-28,321.7699890136719,328.8900146484375,321.4599914550781,328.5799865722656,314.339599609375,5251400,309.47279846191407,309.2263989175345,309.4296171642485,4.360158079237067,0.7484995870963529,3.611658492140714,320.8295412078422,71.16996948889648,10.700080339717534,142.61778530848517,-0.7334467303538261,6.278416247832675,325.54590906822733,304.68700103759767,283.828093006968,35033200.0,284570764.6972534,2122866.6672591567
2022-10-31,326.9200134277344,328.82000732421875,325.8599853515625,327.4200134277344,313.22998046875,5128200,309.2803985595703,310.9591241089821,311.5946659633091,5.204512526883434,1.6397021750537693,3.5648103518296645,324.0660500146441,69.48064127388766,8.39568829838891,122.86432801725742,-3.477644999942242,6.041388085320073,328.8621201223272,306.3185012817383,283.7748824411494,29905000.0,284848021.85542816,2353857.4325529337
2022-11-01,329.3699951171875,329.8299865722656,324.79998779296875,326.4100036621094,312.263671875,4376400,309.1933984375,312.4306364473752,313.50814238048736,5.7261625256233515,2.456994245167686,3.2691682804556654,326.3488094516172,67.9678360318934,6.8550110838140945,103.2026569826239,-7.914796543553415,5.9691459920327015,331.5965806513687,307.48200073242185,283.367420813475,25528600.0,283273242.1972494,1733300.360520482
2022-11-02,325.4599914550781,330.75,321.32000732421875,321.3599853515625,307.4326171875,7110300,309.0383984375,313.2810506287264,314.8298552013579,5.666756790169416,3.0989467541680322,2.5678100360013834,326.7934875333711,60.83555069284344,5.58895314832405,75.55816812468252,-27.17018319378487,6.216349326586169,333.1527965065795,308.4104995727539,283.66820263892834,18418300.0,276223229.787621,-921322.4229672551
2022-11-03,319.3500061035156,321.8500061035156,317.17999267578125,319.8699951171875,306.007080078125,4112700,308.8385986328125,313.908569151437,315.9212357293992,5.436775790246372,3.5665125613837008,1.8702632288626715,326.6554608378305,58.872581434912895,5.459759879954083,31.731699645993984,-35.35914451571056,6.10589676238247,334.28860313394085,309.4424987792969,284.59639442465294,14305600.0,276848491.7708005,-1724600.8922035694
2022-11-04,323.6099853515625,326.1400146484375,319.3399963378906,324.1400146484375,310.0920104980469,6263700,308.65839904785156,314.88299253210374,317.3209991455078,5.535262025959071,3.960262454298775,1.5749995716602956,327.5395078134528,62.59727400847225,4.265314448455253,54.75503563807443,-22.99926095192789,6.155476872965641,335.4253308358447,311.0009994506836,286.5766680655225,20569300.0,279427672.28044266,-1075784.568168342
2022-11-07,325.1400146484375,328.95001220703125,324.1499938964844,328.4200134277344,314.1866455078125,4518300,308.7681994628906,316.1722326174019,318.9799528576079,5.89076810156439,4.346363583751899,1.5444045178124917,329.26647316097035,65.92811296988268,4.243779131187135,84.276452456102,-8.107123743830646,6.0593712076533635,336.72854078916424,312.8240005493164,288.91946030946855,25087600.0,282948187.1348171,407602.7060714364
2022-11-08,329.4700012207031,333.5599975585937,328.2900085449219,331.7099914550781,317.3339538574219,6349000,308.9803991699219,317.65201917337106,320.77861865815663,6.364615631908748,4.750013993383269,1.614601638525479,331.4252808018335,68.26743291121645,4.150837271518204,116.14064136027885,-5.863730013638435,6.00298676522611,338.0951039547484,314.79499969482424,291.49489543490006,31436600.0,284839610.95363384,1579204.83278656
2022-11-09,329.7099914550781,330.8699951171875,324.9599914550781,325.3399963378906,311.2400207519531,4799200,309.12639892578125,318.38420747475385,321.78290405273435,6.15518470608481,5.0310481359235775,1.124136570161233,331.42751622515294,59.71813488760244,2.1860642466036517,62.817601467986265,-26.053896675468756,6.056344853424245,337.70621147568045,316.4539993286133,295.20178718154614,26637400.0,280657574.5081291,584284.5762560964
2022-11-10,334.2200012207031,337.489990234375,331.8800048828125,337.260009765625,322.6434936523437,6002300,309.55859924316405,320.1819029310273,323.7644288562593,6.871840354377184,5.399206579614299,1.472633774762885,334.40870911722453,67.83551398414296,5.242469811680654,166.97594270236195,-0.8882989946520481,6.491605499357112,340.0660926694448,318.2889999389648,296.51190720848484,32639700.0,286167747.8157863,1877391.9259067178
2022-11-11,337.8999938964844,338.3699951171875,334.1400146484375,337.7900085449219,323.1504821777344,5190700,309.97319946289065,321.8588653704458,325.62166777111236,7.397290233816534,5.798823310454747,1.5984669233617872,336.8722717473619,68.14290785070709,2.8029771589970713,164.32443313626922,-2.390710382513661,6.330060854313746,341.34537224692696,320.3375,299.329627753073,37830400.0,289935019.82461697,3434395.851218462
2022-11-14,336.7099914550781,339.8699951171875,335.5599975585937,335.7699890136719,321.218017578125,3303300,310.41339904785156,323.1837342888483,327.0914286295573,7.563526726795317,6.151763993722861,1.4117627330724556,338.24258860242566,65.57076995537822,2.550233719228786,145.66696434421783,-18.069659155406946,6.185770618905179,342.29085553821045,322.0229995727539,301.7551436072974,34527100.0,286953606.21277815,2810502.594059229
2022-11-15,338.489990234375,340.1199951171875,333.4200134277344,336.2099914550781,321.63897705078125,4824100,310.8935986328125,324.4243302094417,328.44257071358817,7.642674866457298,6.449946168269749,1.1927286981875493,339.3527283516918,65.87294362353622,3.0023552228850887,109.17077156522421,-17.04447796854588,6.222499981087175,343.226984422486,323.5599990844727,303.89301374645936,39351200.0,286147168.8350196,2043179.5873836875
2022-11-16,335.6700134277344,337.25,335.54998779296875,336.07000732421875,321.505126953125,3085500,311.28839904785156,325.5334423156109,329.63400006975445,7.606422682061748,6.681241471028149,0.9251812110335988,340.099950833376,65.67545558220395,4.577428006963508,87.26188001086291,-17.65469643394023,5.89946514008318,343.42779398839014,325.1459991455078,306.86420430262547,36265700.0,284949326.17893225,1162399.3679537177
2022-11-17,332.7300109863281,336.7799987792969,332.7300109863281,336.1000061035156,321.5337219238281,3606500,311.6455993652344,326.5397817239828,330.67723882765995,7.493730158937183,6.843739208609956,0.6499909503272265,340.59638280682327,65.69918830627827,5.073939798692935,62.60205867962457,-17.523925831916543,5.767359615289292,342.66340991070325,326.7854995727539,310.90758923480456,39872200.0,287344763.9680966,1458592.2685616016
2022-11-18,337.4599914550781,338.1499938964844,335.260009765625,337.3699951171875,323.4040222167969,3659100,311.9473992919922,327.57123061857374,331.6852860223679,7.421349326708764,6.959261232229719,0.46208809447904553,341.21291360324057,66.74740112475416,4.081563482095614,73.65269207330293,-11.987792970049139,5.56183279497287,342.8375310499265,328.10999908447263,313.38246711901877,43531300.0,289028701.8882436,1982961.2235333323
2022-11-21,337.6600036621094,338.6499938964844,335.5299987792969,337.04998779296875,323.09722900390625,2304100,312.1969989013672,328.4739693970875,332.5367135184152,7.254539266173765,7.018316839018528,0.2362224271552371,341.51933311734746,66.19844517563153,2.627724868275519,66.32621633590074,-13.382768079734152,5.3874158179882,343.13594962395956,329.20999908447266,315.28404854498575,41227200.0,288969609.6878445,1998404.5301190615
2022-11-22,338.8900146484375,341.1199951171875,338.3900146484375,340.9599914550781,326.8453369140625,4389400,312.7815985107422,329.6631143549914,333.6557604108538,7.353083935197219,7.085270258254266,0.26781367694295266,342.6733761718229,69.49922076770574,2.7885804583166083,94.78960452745866,-0.6683527393156585,5.293315211290382,344.24435228513505,330.3334991455078,316.42264600588055,45616600.0,292844485.8057125,3055964.235760331
2022-11-23,340.6099853515625,342.5799865722656,339.989990234375,341.95001220703125,327.7944030761719,3108500,313.37939880371096,330.8332951028047,334.76209498814177,7.425471483047261,7.153310503212866,0.27216097983439447,343.7665997185624,70.29031671708289,5.105433102633297,114.12603101458545,-2.7107342080658903,5.100221006047542,345.1636606833013,331.5119995117187,317.86033834013614,48725100.0,294440801.9576644,3718706.1422564387
2022-11-25,342.0899963378906,343.79998779296875,342.0299987792969,343.5199890136719,329.2992858886719,1498300,314.04259887695315,332.0415516657444,335.9057130359468,7.522804931230951,7.227209388816483,0.2955955424144676,344.96100077098583,71.55047991615042,1.8561285259990286,147.8062100483506,-1.42493061713862,4.868060618896825,346.2833401046059,332.6649993896484,319.04665867469095,50223400.0,295465062.66388345,3977664.770323992
2022-11-28,341.69000244140625,342.9800109863281,337.95001220703125,338.489990234375,324.47760009765625,3089800,314.6513989257812,332.65568867228063,336.4604740687779,7.1120798962033405,7.204183490293855,-0.09210359409051438,344.5268458292402,62.41599624423639,0.2072239177435694,77.30062796722632,-28.18470589569271,4.918197489449954,346.86910124569755,333.1604995727539,319.45189789981026,47133600.0,293038652.13258624,2949956.7881821394
2022-11-29,337.92999267578125,339.3699951171875,336.6099853515625,338.4800109863281,324.4681091308594,2943600,315.21799926757814,333.21038603552324,336.96709420340403,6.708441368674187,7.105035065969922,-0.3965936972957351,344.0662258577611,62.398976088190686,0.8071066686504562,25.92439643967814,-28.237674313880802,4.764041223462457,347.34329506423074,333.71349945068357,320.0837038371364,44190000.0,294083884.00343984,2593926.6827427745
2022-11-30,338.6499938964844,346.19000244140625,336.17999267578125,346.1499938964844,331.82049560546875,6940400,316.0005993652344,334.4427296413291,338.15152224586126,6.927601371349908,7.069548327045919,-0.14194695569601112,345.5845937878929,69.32304188272595,2.9564863311726888,133.78528147182857,-0.27958456846729485,5.138753262188353,348.91808402442615,334.7004989624023,320.4829139003785,51130400.0,300968804.47611123,4403123.000663698
2022-12-01,346.75,346.760009765625,341.69000244140625,344.4100036621094,330.1525573730469,5325900,316.8525994873047,335.3919938337844,339.07623697916665,6.881558262198723,7.0319503140764805,-0.15039205187775728,346.28527754354457,66.33858823878984,2.4816247079867297,138.95441848096422,-16.74986677107464,5.133842838047666,349.27267674353436,335.8529998779297,322.433323012325,45804500.0,301357473.9332964,4866632.412493527
2022-12-02,340.8599853515625,345.4100036621094,340.8599853515625,344.739990234375,330.4688415527344,3736500,317.73699951171875,336.2822792052692,339.92261701311384,6.793385999970894,6.984237451255363,-0.1908514512844688,346.8534256425817,66.63198260497609,2.5706587247720374,102.75114965125785,-14.397859636529741,5.092141086083324,348.869646701956,337.09649963378905,325.3233525656221,49541000.0,303993536.5276154,5452575.959844232
2022-12-05,342.45001220703125,343.3099975585937,339.0299987792969,340.0299987792969,325.953857421875,3827200,318.62039978027343,336.6392048789861,340.2019978841146,6.271161849387681,6.841622330881828,-0.5704604814941465,346.0083135219901,58.759590152044794,0.7884529450182453,26.798340248344633,-47.96872111107486,5.1362732552972385,348.1002622194457,337.89099884033203,327.68173546121835,45713800.0,301954748.2526434,4547886.0544653535
2022-12-06,339.7699890136719,340.6499938964844,334.7200012207031,336.4599914550781,322.5316467285156,5516300,319.4951995849609,336.622136933852,340.0657114664713,5.505758732903189,6.5744496112861,-1.0686908783829114,344.3085152978471,53.59124489868367,-0.17504713225298416,-65.85485866888361,-73.41424951330657,5.192967499617525,347.5694350841014,338.2929977416992,329.01656039929696,40197500.0,299675655.66744626,3039175.6292961836
2022-12-07,336.1400146484375,338.3299865722656,335.5400085449219,336.44000244140625,322.5124816894531,3577100,320.3979998779297,336.6047907917143,339.8892357235863,4.841745672083562,6.227908823445593,-1.3861631513620312,342.84202821281616,53.56283672788802,-1.32566551118869,-81.1682223518617,-73.55672289471109,5.021325394455112,347.3526543981493,338.5294982910156,329.70634218388193,36620400.0,298406364.6434039,1741821.8905047774
2022-12-08,337.739990234375,339.6499938964844,337.0599975585937,338.4599914550781,324.4488220214844,3278400,321.2325994873047,336.7814765691776,339.8826160249256,4.427469654901586,5.867820989736792,-1.4403513348352064,342.10877357174553,56.09562865620697,-1.0206230815514978,-48.606284287857804,-68.93698023202468,4.891944398785327,345.6147371043259,339.185498046875,332.7562589894241,39898800.0,298672170.41936445,1137313.3905771375
2022-12-09,337.6700134277344,339.1099853515625,335.25,335.3699951171875,321.4867553710937,3815500,322.0957995605469,336.64704976422615,339.5192347935268,3.805943498760257,5.455445491541486,-1.6495019927812287,340.6602216371057,51.47087090497915,-2.3724948058728574,-99.72847385687463,-94.60138342876407,4.818233038269411,345.6841380532197,339.09099731445315,332.49785657568657,36083300.0,295093894.8271947,-351919.90149974823
2022-12-12,336.1400146484375,340.6499938964844,336.0599975585937,340.6199951171875,326.5194396972656,5017300,323.1621997070313,337.02542551212724,339.66485363188247,3.6944236499456906,5.103241123222327,-1.4088174732766365,340.7986197484325,57.831933632887676,0.6292667270124166,-32.7836985981951,-50.99676321265718,4.851216305485658,345.82934960956914,339.2324966430664,332.63564367656363,41100600.0,300045611.82264024,646387.3322469592
2022-12-13,348.17999267578125,348.2200012207031,339.5,341.8099975585937,327.6601867675781,5274300,324.1025994873047,337.48109904036215,339.9103299095517,3.659877824690966,4.814568463516055,-1.1546906388250893,341.18944041436674,59.1393259826945,0.9838059750004182,78.07700065356387,-47.481508608218014,5.127558085144049,346.0217586194267,339.5344970703125,333.04723552119833,46374900.0,297565719.7166126,206966.68211203814
2022-12-14,341.7799987792969,344.6600036621094,337.6400146484375,340.2200012207031,326.135986328125,5498400,324.84419921875,337.7419468670613,339.97561601911275,3.4642666830819735,4.544508107429239,-1.0802414243472658,341.067074663105,56.61365707658765,-1.713128060188441,14.210570280484555,-59.25925925925925,5.262731722896036,346.0442983355664,339.73499755859376,333.4256967816211,40876500.0,296108863.981516,-455156.4706658721
2022-12-15,336.5799865722656,337.3699951171875,330.7799987792969,332.79998779296875,319.0231628417969,5865600,325.44439880371095,337.2712840981001,339.315138898577,2.6796213649869287,4.1715307589407775,-1.4919093939538488,339.01437913197736,46.609741995070245,-3.370986831303214,-158.26518129774533,-88.41749580908318,5.561108202789623,346.4003169357387,339.5714965820313,332.74267622832383,35010900.0,293839152.94748354,-1406827.9557520747
2022-12-16,329.2900085449219,330.5,326.45001220703125,328.9700012207031,316.0640563964844,6672200,326.03919860839846,336.48068572882426,338.3054726736886,1.7288077696606479,3.682986161084752,-1.954178391424104,336.3210087700999,42.4409421291111,-4.574458856064388,-210.95950104366344,-88.4244819228467,5.617455873014471,347.35087424243704,339.2149963378906,331.0791184333442,28338700.0,295470123.9971407,-1149309.3242371082
2022-12-19,328.8699951171875,330.3299865722656,325.7099914550781,327.3800048828125,314.5364074707031,3709600,326.72739868164064,335.6139542196803,337.17833063034783,0.8373295153749041,3.1138548319427826,-2.2765253165678785,333.69879901645135,40.80911163652663,-3.7202581954232516,-171.68289352432114,-92.58101864404942,5.546208676169687,348.3345980771377,338.7154968261719,329.0963955752061,24629100.0,294442380.42961884,-1266487.4442619085
2022-12-20,327.5899963378906,329.8699951171875,326.4100036621094,328.3800048828125,315.49713134765625,4721700,327.4557989501953,334.9250066637881,336.19399806431363,0.20910775471935494,2.5329054164980973,-2.3237976617787424,331.82189903804374,42.31145152749875,-2.401470242367408,-134.10448579157003,-88.13855055801997,5.397193160377433,348.89261111787965,338.28199768066406,327.6713842434485,29350800.0,295097430.56588984,-990863.682343781
2022-12-21,331.5400085449219,334.3299865722656,331.1199951171875,333.6000061035156,320.5123596191406,5086800,328.28199890136716,334.79881613423834,335.7480941045852,0.13093857802579123,2.0525120488036364,-1.9215734707778451,331.6618693676123,49.51477510670386,-0.8441315887771798,-50.6571939581834,-64.94886172601164,5.436678055311411,348.63749143377674,337.91399841308595,327.19050539239515,34437600.0,297870663.87862456,94362.42725133896
2022-12-22,331.5,331.8500061035156,325.6499938964844,330.260009765625,317.30340576171875,4876900,329.0439990234375,334.366548861037,335.019142804827,-0.19823571075983182,1.6023624968909427,-1.8005982076507745,330.6920018493094,45.592011517296996,-2.4227329363805947,-90.52247354916481,-79.5745929413419,5.616201923291399,348.3787321091639,337.3294982910156,326.2802644728674,29560700.0,300246196.8227775,1285591.5518388152
2022-12-23,329.6199951171875,332.19000244140625,328.0599975585937,331.92999267578125,318.9078369140625,3997900,329.67139892578126,334.13449589101265,334.50490417480466,-0.32065868822036236,1.2177582598686818,-1.5384169480890442,330.3609947151083,47.81802876645732,-1.0257335156665457,-58.39545665772021,-72.17546858056124,5.510044991828625,347.65452895082285,336.74999847412107,325.8454679974193,33558600.0,303740710.95690686,2767931.458953142
2022-12-27,332.3399963378906,333.82000732421875,330.57000732421875,332.3699951171875,319.3305358886719,3098900,330.3823986816406,333.9664481982674,334.08776099795386,-0.3778199864807448,0.8986426105987966,-1.2764625970795414,330.2364788802021,48.41685581477208,-2.4220539364289686,-30.048688471506612,-70.22596792207405,5.348613206698009,347.47874443944494,336.4439987182617,325.40925299707845,36657500.0,304074415.37021816,3228891.7834668756
2022-12-28,332.69000244140625,333.739990234375,328.57000732421875,328.57000732421875,315.6796569824219,3102400,330.9125988769531,333.452501448358,333.3378570556641,-0.7214317679018905,0.5746277348986591,-1.2960595028005497,329.181411454971,43.747606892101494,-3.8734941426355793,-53.99340019723399,-87.06241701303723,5.335853899802169,347.45303721816697,335.94849853515626,324.44395985214555,33555100.0,300972015.37021816,2136803.5722709894
2022-12-29,330.5299987792969,332.8500061035156,330.1300048828125,332.0599975585937,319.0328369140625,2458800,331.44439880371095,333.3198820302852,332.9675236293248,-0.7040180535335026,0.3188985772122268,-1.0229166307457294,329.25745097540533,48.645977133488884,-2.3984491308069744,-26.626578249850898,-71.59946131151202,5.2604356769089335,345.85432938174137,335.2439987182617,324.63366805478205,36013900.0,302002527.03308874,1823675.4174886346
2022-12-30,330.6199951171875,331.3999938964844,328.3500061035156,331.3299865722656,318.3314514160156,3881800,331.98399841308594,333.1303681771405,332.59476056780136,-0.7405863269003135,0.10700159638971873,-0.8475879232900322,329.1661146562269,47.71011698518024,-0.44170711376876515,-43.816696974323335,-74.83389086149595,5.1496896610638725,344.4454033453995,334.58999786376955,324.7345923821396,32132100.0,305706126.6928914,2708206.935243249
2023-01-03,332.4200134277344,333.8299865722656,328.3500061035156,331.2200012207031,318.22576904296875,3910700,332.5421984863281,332.94842846700357,332.2738085065569,-0.7695707135442831,-0.06831286559708162,-0.7012578479472015,329.09722239759105,47.561656413470445,0.6839529414995182,-23.165797120170918,-75.32119841963076,5.173281861612881,342.68714053140525,333.91399841308595,325.14085629476665,28221400.0,305891678.4838564,2882899.313700497
2023-01-04,332.5599975585937,334.0400085449219,330.20001220703125,332.5599975585937,319.5131225585937,4137300,332.9757983398438,332.911435047155,332.14485604422435,-0.6766149471965832,-0.18997328191698193,-0.4866416652796013,329.4218172450972,49.61860885195188,1.5822568875687446,25.634551921598707,-63.650709561420705,5.078047181347005,341.86489532797333,333.5404983520508,325.2161013761283,32358700.0,306839783.018582,2993952.2465093136
2023-01-05,330.9700012207031,331.1499938964844,328.1000061035156,329.2200012207031,316.3042297363281,4350100,333.25919860839844,332.55986992082626,331.73338012695314,-0.8625140979845014,-0.3244814451304858,-0.5380326528540156,328.8525913224966,44.891786934268765,0.25580008691162265,-51.39537081890592,-69.53918982608627,5.0339003437563665,341.592776083416,333.17849884033205,324.7642215972481,28008600.0,305684509.4178936,2399618.4600293636
2023-01-06,332.17999267578125,337.1199951171875,329.9100036621094,336.2799987792969,323.087158203125,4800800,333.61499877929685,332.9141679073473,332.0287610735212,-0.43514167187083785,-0.3466134904785562,-0.08852818139228164,330.2484994176446,54.712559932376465,0.8033551039413507,163.28406100479577,-7.323419777623464,5.238621311808367,341.5726522346184,333.1704986572266,324.7683450798348,32809400.0,309366679.9592955,3109934.496003747
2023-01-09,337.69000244140625,339.4100036621094,334.9200134277344,335.2900085449219,322.1361083984375,3864000,333.95319885253906,333.14043844425913,332.23061915806363,-0.17432042598409225,-0.3121548775796634,0.13783445159557117,331.16149645105986,53.27874090345008,1.5230420367475024,194.3935240307318,-29.941803729529283,5.185147663420269,341.12362169489967,333.0119995117187,324.9003773285378,28945400.0,306139501.4480672,2090967.4847839475
2023-01-10,334.95001220703125,337.3299865722656,334.2900085449219,337.2300109863281,323.9999084472656,2277500,334.2885992431641,333.5299215435038,332.63233453659785,0.18677129105913082,-0.21236964385190457,0.3991409349110354,332.43184998337955,55.72724001457097,1.596727752084689,151.17296078707187,-15.842958783556005,5.031921260843375,341.3639417238592,333.1050003051758,324.84605888649236,31222900.0,308267201.4199587,2161024.8362700343
2023-01-11,338.3999938964844,339.8099975585937,337.1300048828125,339.760009765625,326.4306640625,3265800,334.51219970703124,334.1232632789439,333.2661449614025,0.6693727236602172,-0.03602117034948024,0.7053938940096974,334.1411088024034,58.76239951070097,2.2234301402062235,182.2010929744349,-0.35302104548500246,4.863926361910361,341.17159525605376,333.06200103759767,324.9524068191416,34488700.0,311411172.6285948,2993582.334055841
2023-01-12,340.8800048828125,343.0,337.95001220703125,342.0,328.58282470703125,4332600,334.8037994384766,334.87342868094925,334.1173829578218,1.218539759652117,0.2148910156508392,1.0036487440012778,336.1259854461688,61.29256982914901,4.087406755458696,171.52624534533527,-5.763686733213136,4.877216464128817,341.22240502628597,333.07150115966795,324.9205972930499,38821300.0,314027887.2927798,3894621.2186583877
2023-01-13,339.1600036621094,343.489990234375,339.1099853515625,343.0400085449219,329.5819702148437,3473400,335.1363995361328,335.65119819180376,335.0667646135603,1.717875985056537,0.5154880095319788,1.2023879755245583,338.0153330504837,62.444703916833305,3.3066346645354963,148.44057451536466,-2.91627934574078,4.841701351177651,341.9309719595737,333.2125015258789,324.4940310921841,42294700.0,316787604.80065304,4787263.494986534
2023-01-17,342.3599853515625,342.75,338.6300048828125,339.1600036621094,325.85430908203125,3929700,335.4923999023438,335.98537014135667,335.63319338843934,1.7800008321427185,0.7683905740541268,1.0116102580885917,338.540535038875,55.77470152144309,2.3632081028488385,96.52714432248965,-28.135094457851395,4.810865801958489,342.6215831957103,333.53050231933594,324.4394214429616,38365000.0,313868942.9906326,3788564.4416609406
2023-01-18,339.57000732421875,340.20001220703125,332.70001220703125,332.9700012207031,319.9071044921875,5164300,335.75440002441405,335.69819214891345,335.5798123314267,1.314599867073639,0.8776324326580294,0.4369674344156096,337.3445447167188,47.126281326968225,0.5283497353874821,5.7456480661375595,-68.35607447169238,5.002946816104311,342.5843686918857,333.7305023193359,324.87663594678617,33200700.0,309076457.46084744,1510709.0293087363
2023-01-19,331.0599975585937,332.4599914550781,329.9700012207031,330.6300048828125,317.6588439941406,3454200,335.8841998291016,335.21550764738004,335.2845268612816,0.7483219117368094,0.8517703284737854,-0.10344841673697602,335.7413060838499,44.32802829780678,-0.5803442055417829,-75.38197984392153,-83.56074471692388,4.859879186382574,342.386657485134,333.89300231933595,325.3993471535379,29746500.0,307453416.9715838,-74900.0704473257
