Date,open,high,low,close,adj_close,volume,SMA_50,EMA_20,WMA_20,MACD,MACD_signal,MACD_hist,TEMA_20,RSI_14,ROC,CCI_14,WILLR_14,ATR_14,Upper_BB,Middle_BB,Lower_BB,OBV,AD,Chaikin_AD
2018-01-02,25.239999771118164,25.34000015258789,25.18000030517578,25.34000015258789,25.34000015258789,5181450,,,,,,,,,,,,,,,,5181450.0,5181450.0,
2018-01-03,25.31999969482422,25.31999969482422,25.1200008392334,25.280000686645508,25.280000686645508,7576250,,,,,,,,,,,,,,,,-2394800.0,9727257.802531065,
2018-01-04,25.280000686645508,25.479999542236328,25.239999771118164,25.420000076293945,25.420000076293945,6067350,,,,,,,,,,,,,,,,3672550.0,12760956.912036823,
2018-01-05,25.280000686645508,25.399999618530277,25.26000022888184,25.3799991607666,25.3799991607666,6636550,,,,,,,,,,,,,,,,-2964000.0,17501298.102772184,
2018-01-08,25.3799991607666,25.3799991607666,25.280000686645508,25.3799991607666,25.3799991607666,6468700,,,,,,,,,,,,,,,,-2964000.0,23969998.102772184,
2018-01-09,25.21999931335449,25.280000686645508,25.13999938964844,25.26000022888184,25.26000022888184,5104350,,,,,,,,,,,,,,,,-8068350.0,27615942.519742332,
2018-01-10,25.34000015258789,25.3799991607666,25.26000022888184,25.31999969482422,25.31999969482422,5813050,,,,,,,,,,,,,,,,-2255300.0,27615942.519742332,
2018-01-11,25.36000061035156,25.440000534057617,25.36000061035156,25.3799991607666,25.3799991607666,4295400,,,,,,,,,,,,,,,,2040100.0,25468088.904121228,
2018-01-12,25.520000457763672,25.739999771118164,25.459999084472656,25.71999931335449,25.71999931335449,6652700,,,,,,,,,,,,,,,,8692800.0,31170383.767916266,
2018-01-16,25.63999938964844,25.739999771118164,25.57999992370605,25.71999931335449,25.71999931335449,3647950,,,,,,,,,,,,,,,,8692800.0,33906324.52441891,9609816.143135428
2018-01-17,25.68000030517578,25.76000022888184,25.479999542236328,25.540000915527344,25.540000915527344,11110450,,,,,,,,,0.789268988694255,,,,,,,-2417650.0,27557593.260667384,6734944.55408746
2018-01-18,25.57999992370605,25.600000381469727,25.459999084472656,25.5,25.5,9280150,,,,,,,,,0.8702504247585314,,,,,,,-11697800.0,23580458.364003852,3681141.0228942186
2018-01-19,25.600000381469727,25.65999984741211,25.559999465942383,25.559999465942383,25.559999465942383,3459450,,,,,,,,,0.5507450402370274,,,,,,,-8238350.0,20121008.364003852,996474.4853247814
2018-01-22,25.6200008392334,25.65999984741211,25.559999465942383,25.6200008392334,25.6200008392334,3357950,,,,,,,,,0.9456331221547118,80.91590957464467,-21.87492549412341,,,,,-4880400.0,20792675.221086763,21325.403088685125
2018-01-23,25.6200008392334,25.780000686645508,25.559999465942383,25.76000022888184,25.76000022888184,5581100,,,,,,,,68.82753653525394,1.4972461807747357,102.44955224014086,-3.0303730890379854,0.18522498728594994,,,,700700.0,25359012.171426795,1073387.498819504
2018-01-24,26.0,26.15999984741211,25.959999084472656,26.100000381469727,26.100000381469727,7793800,,,,,,,,78.13734624125779,3.325416250897123,214.68924270625422,-5.882297942682346,0.2080888195311447,,,,8494500.0,28476591.633175064,2398152.9577366076
2018-01-25,26.059999465942383,26.21999931335449,25.780000686645508,25.8799991607666,25.8799991607666,9972400,,,,,,,,64.6771545102099,2.211688280773775,141.70389395955794,-31.481497833922777,0.23194130943173982,,,,-1477900.0,23037045.70494357,991323.9448802583
2018-01-26,25.959999084472656,26.020000457763672,25.899999618530277,25.940000534057617,25.940000534057617,7175400,,,,,,,,66.3782686176209,2.2064672648086123,119.96152937171425,-25.92581472932409,0.22277315360986882,,,,5697500.0,20645321.73768609,-435320.4540411085
2018-01-29,25.84000015258789,25.84000015258789,25.68000030517578,25.76000022888184,25.76000022888184,3987150,,,,,,,,57.44114816798325,0.15552455907952278,42.74550478502197,-42.5925108303851,0.22638326497316863,,,,1710350.0,20645321.73768627,-979373.1214142367
2018-01-30,25.8799991607666,25.899999618530277,25.65999984741211,25.65999984741211,25.65999984741211,4766100,,25.57599992752075,25.678666641598657,,,,25.57599992752075,53.1590008962053,-0.23327942280008532,24.89152752443713,-58.33333333333339,0.2276708379772075,26.039309877096983,25.57599992752075,25.11268997794452,-3055750.0,15879221.73768634,-2629392.565211013
2018-01-31,25.799999237060547,25.8799991607666,25.57999992370605,25.84000015258789,25.84000015258789,10424250,,25.601142806098576,25.703809520176478,,,,25.644472936980993,59.07327857098001,1.1746250051156373,25.57070526851266,-44.18601556487505,0.2343555656913977,26.064633569947354,25.600999927520753,25.137366285094153,7368500.0,23523733.595067073,-633020.1498511881
2018-02-01,25.76000022888184,25.940000534057617,25.71999931335449,25.940000534057617,25.940000534057617,6676000,,25.633414970666102,25.73609529222761,,,,25.72627467856248,61.94781772141342,1.7254922904220282,62.17277404311812,-36.84193354899722,0.23305618817714555,26.09549351261166,25.63399991989136,25.172506327171057,14044500.0,30199733.595066965,2365406.760964267
2018-02-02,25.68000030517578,25.68000030517578,25.5,25.600000381469727,25.600000381469727,7690350,,25.630232628837877,25.732857240949357,,,,25.704474776333463,49.275537184798814,0.15649810783698676,-76.56613507829496,-81.57878225865137,0.2514381442671821,26.09435826523157,25.642999935150147,25.191641605068725,6354150.0,31054235.037232015,3648885.795989994
2018-02-05,25.68000030517578,25.780000686645508,25.600000381469727,25.700000762939453,25.700000762939453,9007000,,25.63687721303803,25.738285891215007,,,,25.71186681381576,52.36218999929096,0.31225574194184313,-26.331992973701304,-68.42084129107371,0.24520114055279066,26.094334678809055,25.65900001525879,25.223665351708526,15361150.0,32055034.02421968,4160664.5519975014
2018-02-06,25.6200008392334,25.63999938964844,25.34000015258789,25.3799991607666,25.3799991607666,9767550,,25.612412636631227,25.71171438126337,,,,25.634294310810454,43.28514682877661,-1.4751594128061565,-134.4712113434977,-95.4546538267302,0.2550672505973811,26.094334678809055,25.65900001525879,25.223665351708526,5593600.0,24892106.06368927,1712672.9145593084
2018-02-07,25.3799991607666,25.459999084472656,25.18000030517578,25.239999771118164,25.239999771118164,5694150,,25.5769447446776,25.67180959610712,0.021144241347855086,,,25.534083421310747,40.01680353542174,-3.295021447440817,-182.059254389891,-94.23081508053968,0.2571792662338864,26.097072132363024,25.657999992370605,25.218927852378187,-100550.0,21638294.9812642,-479779.2737605944
2018-02-08,25.299999237060547,25.399999618530277,25.200000762939453,25.299999237060547,25.299999237060547,6061800,,25.550568982047405,25.63771428607759,-0.004874501918223473,,,25.467710972900285,42.03678400805236,-2.2411126063146067,-149.75665785953262,-88.46163016107937,0.25239886581457605,26.099226621626592,25.65699996948242,25.21477331733825,5961250.0,21638237.171103697,-1333093.6291461177
2018-02-09,25.239999771118164,25.34000015258789,25.18000030517578,25.26000022888184,25.26000022888184,5757000,,25.52289576746021,25.599904786972772,-0.02839481137549882,,,25.40353954063201,41.044448544727814,-2.621435201140337,-131.639415559113,-92.30769230769194,0.244767023240873,26.11099598333963,25.651000022888184,25.191004062436736,204250.0,21638237.171103954,-1560986.4446086474
2018-02-12,25.31999969482422,25.479999542236328,25.31999969482422,25.36000061035156,25.36000061035156,5811600,,25.50738194297367,25.57219055720738,-0.03852157825326685,,,25.37780150445983,44.567588674710144,-1.5527935363983623,-76.17079309000371,-82.69226184253749,0.24274388956813472,26.108693522811905,25.633000087738036,25.157306652664168,6015850.0,18732506.45084048,-2436858.1487809084
2018-02-13,25.479999542236328,25.540000915527344,25.399999618530277,25.520000457763672,25.520000457763672,4087050,,25.508583706287006,25.56142868768601,-0.0332531419308566,,,25.399279237689154,49.74256239326889,-0.5455938834019786,-38.202143488026884,-67.30764645792172,0.23767075106660976,26.099365822745316,25.623000144958496,25.146634467171676,10102900.0,21651811.970520124,-1644766.8034277707
2018-02-14,25.600000381469727,26.040000915527344,25.559999465942383,25.959999084472656,25.959999084472656,9757400,,25.551575647066592,25.593523824782597,0.006353109078368391,,,25.53198329841051,60.62804706872219,0.4643921485145489,82.51739732775563,-9.302531892620781,0.2602853691949023,26.14048384667964,25.64400005340576,25.147516260131884,19860300.0,28156680.68334184,898525.774062492
2018-02-15,26.020000457763672,26.040000915527344,25.899999618530277,25.979999542236328,25.979999542236328,6957300,,25.59237792279704,25.625523776099797,0.03890672562710762,,,25.64633204354206,61.04112042667257,0.15419817793062385,120.3703552443647,-6.97689891946559,0.25073344049770585,26.180468653557913,25.66800003051758,25.155531407477245,26817600.0,29150499.439217124,2173494.5440813266
2018-02-16,25.959999084472656,26.059999465942383,25.84000015258789,25.899999618530277,25.899999618530277,6809400,,25.621675227152586,25.647618974958146,0.0575865540733318,,,25.719033355162118,58.401749634028164,1.1718720023055216,97.52540251095485,-18.18181818181778,0.2483121288488099,26.204519071427907,25.685000038146974,25.16548100486604,20008200.0,26055296.15336558,1512644.8550379723
2018-02-20,25.76000022888184,25.799999237060547,25.5,25.540000915527344,25.540000915527344,6761000,,25.613896721283517,25.633809534708657,0.04284764502015648,0.006866026852108181,0.0359816181680483,25.684531710756207,48.2841296393557,-0.6225674811762507,2.5816403443169254,-59.090800718724324,0.2601752095180409,26.203681585545752,25.68100004196167,25.15831849837759,13247200.0,21097275.337781228,-472767.99135096744
2018-02-21,25.600000381469727,25.65999984741211,25.399999618530277,25.420000076293945,25.420000076293945,6948300,,25.595430374141653,25.608952395121257,0.0212390579311581,0.009740633067918166,0.011498424863239935,25.62446006755983,45.45714963726711,0.15760802541388078,-30.218109837540528,-72.72727272727273,0.2601616168833092,26.19730668671425,25.664000034332275,25.1306933819503,6298900.0,15217968.094264293,-3112692.097688105
2018-02-22,25.479999542236328,25.57999992370605,25.479999542236328,25.57999992370605,25.57999992370605,4083750,,25.5939608074335,25.600952384585426,0.016830733276854914,0.011158653109705517,0.005672080167149398,25.616369642096295,49.6869416688702,1.3470687625637194,-5.889697383769704,-54.545454545454945,0.25242931518600886,26.133079726126862,25.638000011444092,25.14292029676132,10382650.0,19301718.09426415,-2610314.0413998775
2018-02-23,25.540000915527344,25.559999465942383,25.479999542236328,25.540000915527344,25.540000915527344,3359000,,25.588821770109103,25.59161913735526,0.009994310365048165,0.010925784560774048,-0.0009314741957258833,25.59915712052564,48.67077766254699,0.9486232636530356,-11.492530893998186,-59.090800718724324,0.24072958824778146,26.104896764523247,25.62100009918213,25.137103433841013,7023650.0,20981338.221579794,-1633069.8831906356
2018-02-26,25.57999992370605,25.63999938964844,25.540000915527344,25.57999992370605,25.57999992370605,4613800,,25.587981594261194,25.58771435873849,0.007715047364470706,0.010283637121513381,-0.0025685897570426747,25.595305566195286,49.77691639354815,1.2668238001768886,13.985334650979743,-54.545454545454945,0.22998496442097294,26.06435018053338,25.60300006866455,25.141649956795717,11637450.0,20058543.020541884,-1378443.9385088608
2018-02-27,25.540000915527344,25.540000915527344,25.21999931335449,25.299999237060547,25.299999237060547,8454450,,25.56055470309923,25.558857136680967,-0.016494857879667535,0.004927938121277198,-0.02142279600094473,25.519456376074583,42.82042233970109,-0.23659846942795593,-71.1230511054372,-86.36374473582113,0.23986287759565234,26.05345541013532,25.580000019073488,25.106544628011655,3183000.0,15831292.82444363,-2493999.847305864
2018-02-28,25.31999969482422,25.3799991607666,25.280000686645508,25.31999969482422,25.31999969482422,4203650,,25.537644702311134,25.53409520103818,-0.03367927865811993,-0.0027935052346022273,-0.0308857734235177,25.46270183606649,43.42859226193293,-0.7837020350781736,-82.94699075778331,-84.09096327700148,0.22928479740937777,26.048019645585867,25.563000011444093,25.077980377302318,7386650.0,14990530.752649933,-2991151.5739930067
2018-03-01,25.13999938964844,25.3799991607666,25.0,25.239999771118164,25.239999771118164,6123700,,25.509297566007042,25.50333327338809,-0.05314080704333435,-0.012862965596348652,-0.04027784144698569,25.395985288842784,41.5260306273055,-2.773495141550842,-121.90630805653622,-77.35850075124382,0.24063576927920477,26.019994916714555,25.532999992370605,25.046005068026655,1262950.0,16602040.459068175,-2409855.867050763
2018-03-02,25.440000534057617,25.440000534057617,25.299999237060547,25.36000061035156,25.36000061035156,7766250,,25.495078808325566,25.486857141767228,-0.058210133479875026,-0.02193239917305393,-0.036277734306821095,25.373290949166545,45.39067208549681,-2.38644704699406,-68.47818378164614,-66.03766115754561,0.23758721182994647,25.958594239737586,25.503999996185303,25.04940575263302,9029200.0,15492666.864021393,-2305957.7792664766
2018-03-05,25.3799991607666,25.399999618530277,25.299999237060547,25.31999969482422,25.31999969482422,4704550,,25.47840460703972,25.469333303542363,-0.06470942086134102,-0.03048780351071135,-0.03422161735062967,25.345326535647846,44.338710165285825,-2.2393819777939092,-76.11421971998607,-69.81133433499177,0.22730201271297165,25.949129496745844,25.489999961853027,25.03087042696021,4324650.0,12669972.756752614,-2951951.4339160193
2018-03-06,25.520000457763672,25.700000762939453,25.520000457763672,25.600000381469727,25.600000381469727,6466300,,25.489985156985437,25.47980953398205,-0.046727788725679176,-0.03373580055370491,-0.012991988171974264,25.396128257830828,52.61682444217182,0.23492350740639728,20.359347353350724,-43.3961619087891,0.2386790783828103,25.936995385477513,25.48499994277954,25.03300450008157,10790950.0,11951479.752471684,-3176473.754551489
2018-03-07,25.559999465942383,25.559999465942383,25.3799991607666,25.420000076293945,25.420000076293945,7195650,,25.483319911205296,25.47361907050723,-0.04646610369067261,-0.036281861181098454,-0.010184242509574157,25.391974410963513,47.705020055746054,0.0,-29.080232337889548,-60.37733133001646,0.23729172748275315,25.937470679246513,25.486999988555908,25.036529297865304,3595300.0,7953964.194891045,-4251490.221809704
2018-03-08,25.459999084472656,25.459999084472656,25.31999969482422,25.3799991607666,25.3799991607666,6679200,,25.473479839734942,25.463428515479677,-0.04892250778005902,-0.03880999050089057,-0.010112517279168454,25.37897300195187,46.662543704013764,-0.7818638136667879,-47.21254785052482,-64.15100450746296,0.2300855951031843,25.933107984413287,25.49399995803833,25.054891931663374,-3083900.0,6999766.76709813,-4608378.847094018
2018-03-09,25.299999237060547,25.440000534057617,25.26000022888184,25.399999618530277,25.399999618530277,5040450,,25.466481723429737,25.454476102193198,-0.048694041330140436,-0.04078680066674054,-0.007907240663399893,25.374294041447936,47.28285360126751,-0.548164808059781,-46.846641730830115,-49.99999999999956,0.22638569900280917,25.931383851558486,25.498999977111815,25.066616102665144,1956550.0,9799969.291152129,-3444461.677320963
2018-03-12,25.31999969482422,25.420000076293945,25.26000022888184,25.399999618530277,25.399999618530277,3345350,,25.460150094391693,25.445047496614002,-0.0479601255493769,-0.042221465643267814,-0.005738659906109084,25.371242611674365,47.28285360126751,-0.7036759410189066,-43.380171686302354,-42.85725963346197,0.22149360231077006,25.927065089843534,25.505999946594237,25.08493480334494,1956550.0,12308961.851293478,-1856865.0498851053
2018-03-13,25.420000076293945,25.5,25.31999969482422,25.459999084472656,25.459999084472656,4770000,,25.460135712494644,25.44066646212623,-0.042052283987288774,-0.04218762931207201,0.00013534532478323702,25.385061081906706,49.332970699853085,0.6324104831502706,6.268463786400417,-34.28591669800165,0.2184427890478078,25.927360186057943,25.510999870300292,25.094639554542642,6726550.0,14958916.922712967,-195420.2659474071
2018-03-14,25.420000076293945,25.459999084472656,25.3799991607666,25.440000534057617,25.440000534057617,9817450,25.535999946594238,25.458218076453022,25.433904620579312,-0.03853973084226325,-0.04145804961811027,0.0029183187758470147,25.391866662370965,48.65379936179905,0.4739369695092389,14.046615404310746,-37.14284935776917,0.20828501494315044,25.924473096842295,25.50699987411499,25.089526651387683,-3090900.0,19867993.022419713,2064005.9288381077
2018-03-15,25.34000015258789,25.36000061035156,25.239999771118164,25.280000686645508,25.280000686645508,6718600,25.53479995727539,25.44124499170945,25.41228565034412,-0.048112051894367625,-0.042788850073361744,-0.005323201821005881,25.35652504164527,43.494591003373145,0.15848223411283993,-86.69586011850964,-59.999945504384165,0.20767836488131008,25.84572503090788,25.47299995422363,25.100274877539384,-9809500.0,17628530.88143578,2088123.6064974666
2018-03-16,25.280000686645508,25.280000686645508,25.13999938964844,25.21999931335449,25.21999931335449,9488000,25.53359992980957,25.420173974723262,25.388190351213726,-0.059849882475280225,-0.04620105655374544,-0.013648825921534782,25.312661354786226,41.70844635908512,-0.5520555742412875,-151.7731129646542,-68.57156091792467,0.20273132818876402,25.74247372656819,25.43499994277954,25.127526158990893,-19297500.0,18983848.65639753,2339397.9842552654
2018-03-19,25.21999931335449,25.34000015258789,25.18000030517578,25.280000686645508,25.280000686645508,5005800,25.5307999420166,25.406824137763476,25.3734285172962,-0.06357770420662234,-0.04967638608432083,-0.013901318122301512,25.293119442611566,44.17719956776396,-0.1579739678546968,-84.8480720022646,-59.999945504384165,0.19961296095051073,25.632596048541178,25.403999996185302,25.175403943829426,-14291700.0,20235328.493319064,2627717.63378983
2018-03-20,25.200000762939453,25.21999931335449,25.100000381469727,25.15999984741211,25.15999984741211,5434700,25.52639995574951,25.383317062491916,25.35019040788923,-0.07534654653661477,-0.05481041817477962,-0.020536128361835146,25.24692004241169,40.484308098892534,-1.7187520605511657,-144.2358697697231,-77.142903853385,0.19818392137591725,25.62794049423791,25.38499994277954,25.14205939132117,-19726400.0,20235328.493319064,2506783.160073079
2018-03-21,25.3799991607666,25.65999984741211,25.299999237060547,25.600000381469727,25.600000381469727,9498450,25.530799980163575,25.40395356906123,25.370666640145437,-0.048608741696124724,-0.053570082879048644,0.00496134118292392,25.324267460817623,55.254121406261234,0.7081050536409912,116.85286667809189,-16.666719648539452,0.22014368422752723,25.654184789076673,25.39399995803833,25.133815126999984,-10227950.0,26567662.042994816,4244253.990260959
2018-03-22,25.540000915527344,25.57999992370605,25.440000534057617,25.5,25.5,6592700,25.53559997558594,25.413100848198255,25.380761882237024,-0.035083611733828235,-0.049872788650004565,0.01478917691617633,25.362538907771167,52.09015196820281,0.4728165610773559,88.77749364536128,-33.33343929707889,0.21577350654321645,25.64091857566639,25.38999996185303,25.139081348039667,-16820650.0,25625822.09476591,4269519.892695803
2018-03-23,25.899999618530277,25.940000534057617,25.86000061035156,25.86000061035156,25.86000061035156,8026850,25.546399993896486,25.45566273030809,25.425523848760697,0.004630810706085953,-0.038972068778786464,0.04360287948487242,25.487773731400317,60.793919669062184,1.8110275540543455,244.9441332600878,-9.523798711177934,0.2320462410451406,25.72477293385682,25.40599994659424,25.08722695933166,-8793800.0,17598972.09476555,1337720.0443557836
2018-03-26,25.940000534057617,26.040000915527344,25.920000076293945,25.979999542236328,25.979999542236328,5914950,25.55840000152588,25.505599569539353,25.480190476917084,0.04526589053778807,-0.02212447691547156,0.06739036745325963,25.6214720373358,63.19417727631891,2.283464300853449,223.2749873264083,-6.383121191645813,0.2282734491756123,25.825820048590888,25.425999927520753,25.026179806450617,-2878850.0,17598878.079824757,16706.55215772614
2018-03-27,25.780000686645508,25.84000015258789,25.71999931335449,25.81999969482422,25.81999969482422,5158450,25.560400009155273,25.5355424386141,25.51771426427932,0.06382312034983073,-0.004934957462411103,0.06875807781224183,25.68877677076627,58.087764004669495,1.4139851661311207,112.9192038123532,-23.40437188407385,0.23057087469310167,25.882144173873044,25.451999950408936,25.02185572694483,-8037300.0,21037817.416230917,568981.1349188685
2018-03-28,25.6200008392334,25.63999938964844,25.399999618530277,25.459999084472656,25.459999084472656,7605400,25.555200004577635,25.528347833457772,25.518476086571102,0.04891693410215936,0.005835420850502991,0.04308151325165637,25.649355508723392,48.576587332094824,0.07861065249690599,7.602973171091663,-61.70228739669379,0.24427448921755104,25.884859096642064,25.458999919891358,25.033140743140653,-15642700.0,17235087.19505751,-466773.527499374
2018-03-29,25.3799991607666,25.479999542236328,25.36000061035156,25.459999084472656,25.459999084472656,4736900,25.553599967956544,25.521838428792524,25.518571245102656,0.03668084021464324,0.01200450472333104,0.0246763354913122,25.615928878525644,48.576587332094824,0.71201895940705,-18.134781336842405,-61.70228739669379,0.23529239564505958,25.883859799149974,25.469999885559083,25.056139971968193,-15642700.0,20392970.333945423,156723.6118392609
2018-04-02,25.6200008392334,25.81999969482422,25.600000381469727,25.780000686645508,25.780000686645508,7523750,25.559199981689453,25.546425310492808,25.54809513092041,0.05220333503206831,0.020044270785078495,0.03215906424698982,25.670657120870743,56.00317349192062,2.2204654581195302,76.44667614544528,-27.65958310252399,0.2442981314593738,25.922643444477057,25.49099988937378,25.0593563342705,-8118950.0,25180870.54245396,1920965.815926943
2018-04-03,25.6200008392334,25.63999938964844,25.520000457763672,25.57999992370605,25.57999992370605,6692350,25.559599990844728,25.549622892703596,25.55657132466634,0.04781544720403019,0.025598506068868834,0.02221694113516136,25.662658643770555,51.04162745487741,1.1867058105699413,20.134509150507,-48.936247922716284,0.24543115944546945,25.929882684441534,25.50399990081787,25.078117117194207,-14811300.0,25180870.542453565,2468068.007060237
2018-04-04,25.81999969482422,25.81999969482422,25.57999992370605,25.6200008392334,25.6200008392334,8125350,25.559599990844728,25.556325554277862,25.567619033086867,0.04702369419331376,0.02988354369375782,0.017140150499555938,25.66548703782719,51.95836523056566,1.8283028402665253,44.43698918791024,-44.68083379495202,0.24503952826443384,25.9318724694261,25.504999923706055,25.07812737798601,-6685950.0,19764035.116995282,743974.1765089259
2018-04-05,25.420000076293945,25.540000915527344,25.399999618530277,25.479999542236328,25.479999542236328,9915750,25.553999977111815,25.549056410273906,25.565238044375466,0.03469929769577007,0.03084669449416027,0.0038526032016098014,25.630555472944117,48.533035228364824,-0.4687532712704946,-27.236034540046962,-59.574580332811855,0.24323535753046105,25.933281192069263,25.507999897003174,25.082718601937085,-16601700.0,21180455.039748415,421708.11429494247
2018-04-06,25.6200008392334,25.63999938964844,25.540000915527344,25.6200008392334,25.6200008392334,6317950,25.54439998626709,25.55581302255576,25.575904800778343,0.035816192534262825,0.03184059410218078,0.0039755984320820476,25.637473575287256,51.944748156051354,0.4705915264054841,8.19379641555569,-44.68083379495202,0.23724146813071362,25.943698194745135,25.519999980926514,25.096301767107892,-10283750.0,24971369.64835437,1457734.999373395
2018-04-09,25.6200008392334,25.700000762939453,25.559999465942383,25.68000030517578,25.68000030517578,7015850,25.540400009155274,25.567640382805287,25.591142926897323,0.041069373038062906,0.0336863498893572,0.007383023148705703,25.658013351462717,53.37133085749368,-0.696056848133735,17.551674263841413,-38.29791551261994,0.230243163661306,25.95941296276368,25.53400001525879,25.108587067753902,-3267900.0,29982663.767644297,3343545.4903728887
2018-04-10,25.71999931335449,25.780000686645508,25.65999984741211,25.76000022888184,25.76000022888184,6102600,25.53680000305176,25.585960368145912,25.612666756766185,0.051098846001487175,0.0371688491117832,0.013929996889703977,25.694853801731572,55.277700413652106,-0.8468026067391968,43.85606852557948,-37.837844804032784,0.2223133913098203,25.98362971291837,25.552000045776367,25.120370378634366,2834700.0,34051031.43513254,5105535.359039586
2018-04-11,25.959999084472656,26.21999931335449,25.8799991607666,25.940000534057617,25.940000534057617,9584600,25.540400009155274,25.61967847918512,25.64961918422154,0.07273337086148146,0.044281753461722854,0.028451617399758607,25.77086000591956,59.30879489869215,0.464759258914528,147.69255057605977,-32.55804669462595,0.23940163863727718,26.036886434006266,25.576000118255614,25.11511380250496,12419300.0,27849307.343086116,3388933.9706575945
2018-04-12,25.799999237060547,25.799999237060547,25.600000381469727,25.63999938964844,25.63999938964844,6867750,25.54,25.62161380399115,25.655714352925617,0.06492291162955866,0.048409985095290015,0.01651292653426864,25.75417321326993,51.0497991542902,0.7069925830655743,-7.091661070847061,-67.4419533053728,0.2466307318968002,26.043314181297358,25.586000061035158,25.128685940772957,5551550.0,23728604.94601225,1067470.4608271308
2018-04-13,25.71999931335449,25.86000061035156,25.71999931335449,25.81999969482422,25.81999969482422,6162400,25.539599990844728,25.640507698356203,25.6780000323341,0.0724227424262125,0.05321253656147451,0.019210205864737984,25.786013214593876,55.09071065203761,1.4139851661311207,56.40490348745885,-46.51165369593671,0.24471793980550638,26.058470838322982,25.613000011444093,25.167529184565204,11713950.0,26369585.543007154,861050.0821378566
2018-04-16,25.8799991607666,25.940000534057617,25.81999969482422,25.86000061035156,25.86000061035156,4774300,25.537999992370604,25.661411785212902,25.701523898896717,0.08066430406194058,0.05870289006156773,0.021961414000372853,25.821287452985125,55.96076425098236,0.31031777182027964,104.27742489729113,-41.86037743381379,0.2357631299568632,26.064118425249138,25.645000076293947,25.225881727338756,16488250.0,24778202.79962294,191979.04685746506
2018-04-17,25.739999771118164,25.8799991607666,25.71999931335449,25.8799991607666,25.8799991607666,5104550,25.543599967956542,25.682229630503734,25.72390476408459,0.08779744265225276,0.06452180057970475,0.02327564207254801,25.854071134428743,56.415392309062625,1.1727882640942804,76.00972334980702,-39.53496108781095,0.23032527723516213,26.070550517372048,25.675,25.279449482627953,21592800.0,29882752.799622826,1524990.5281647705
2018-04-18,26.0,26.040000915527344,25.8799991607666,25.8799991607666,25.8799991607666,6278300,25.547199935913085,25.701064823862104,25.743428493681407,0.09238554334093152,0.0700945491319501,0.022290994208981424,25.879519850435262,56.41539230906263,1.014825577737892,111.92208268638164,-39.53496108781095,0.225279603385646,26.037551832039476,25.710999965667725,25.384448099295973,21592800.0,23604452.799622826,-65963.00476994738
2018-04-19,25.8799991607666,25.899999618530277,25.739999771118164,25.86000061035156,25.86000061035156,7090650,25.556799964904783,25.716201565432527,25.757619031270345,0.09333205645888043,0.07474205059733617,0.01859000586154426,25.893700981027152,55.74794848551797,1.4913699958484337,51.31180977410705,-43.902297192940395,0.22059731942402974,26.052536393853558,25.723999977111816,25.395463560370075,14502150.0,27149862.32683794,417273.8544861078
2018-04-20,25.65999984741211,25.71999931335449,25.6200008392334,25.63999938964844,25.63999938964844,6171500,25.56479995727539,25.708944215357853,25.74961897532145,0.0754600584586349,0.07488565216959592,0.0005744062890389867,25.84676270873881,48.894787612341794,0.07805835191237649,-42.4006909840043,-70.73172433684695,0.2219885736518542,26.04582720180589,25.73099994659424,25.416172691382588,8330650.0,23446821.07025779,-601212.726047013
2018-04-23,25.440000534057617,25.479999542236328,25.3799991607666,25.440000534057617,25.440000534057617,4951500,25.56759998321533,25.683330531424495,25.72190474555606,0.044643512474461744,0.06883722423056908,-0.024193711756107336,25.755156553313174,43.642389236045126,-0.9345785368615915,-148.49595956326937,-92.8569806676627,0.22471344875585259,26.04310667845536,25.70999994277954,25.37689320710372,3379150.0,24437234.400666535,-648079.1105853245
2018-04-24,25.479999542236328,25.57999992370605,25.440000534057617,25.57999992370605,25.57999992370605,5928650,25.573999977111818,25.673489521165596,25.709523791358585,0.031158779467656217,0.06130153527798651,-0.030142755810330296,25.71561786892016,47.86434108774301,-0.6987589424551864,-86.35341544110248,-76.19038968942044,0.21864225839623425,26.00330515596065,25.689999961853026,25.376694767745402,9307800.0,30365884.400666386,1278053.1967021674
2018-04-25,25.36000061035156,25.420000076293945,25.31999969482422,25.3799991607666,25.3799991607666,4680800,25.574399948120117,25.645538058270454,25.67999990554083,0.004284255088606415,0.04989807924011049,-0.04561382415150408,25.630915212948327,42.91793555098922,-2.158833314424063,-150.58588525070692,-93.33338984739082,0.22160554804352273,26.002759928541586,25.667999935150146,25.333239941758706,4627000.0,31301972.977599,2247676.124461774
2018-04-26,25.440000534057617,25.440000534057617,25.239999771118164,25.299999237060547,25.299999237060547,6874650,25.569999923706053,25.612629599107606,25.644952220008488,-0.023201867670263,0.0352780898580358,-0.0584799575282988,25.540732009856082,41.0888088472474,-1.3260536688045375,-143.87948070906268,-93.87760265627612,0.2200579122162218,26.02088813273052,25.659999942779542,25.299111752828566,-2247650.0,28552060.528381962,1565033.7133887596
2018-04-27,25.36000061035156,25.440000534057617,25.34000015258789,25.420000076293945,25.420000076293945,4509050,25.55919994354248,25.594283930268208,25.622095089867003,-0.03489945396505689,0.021242581093417263,-0.056142035058474156,25.498414928309494,44.88341463393085,-1.5491852178854049,-97.16557912426806,-81.63261334132596,0.21432431912563418,26.02371054042393,25.657999992370605,25.29228944431728,2261400.0,31257456.127191782,2004302.807263039
2018-04-30,25.200000762939453,25.36000061035156,25.13999938964844,25.239999771118164,25.239999771118164,6894700,25.544399948120116,25.560542581777728,25.582285544985815,-0.05802551368052988,0.0053889621386278355,-0.06341447581915771,25.417807239841274,40.65342200712587,-2.3975283240527587,-120.55312448119011,-90.74070476536988,0.21902711333216235,26.034480055375905,25.630999946594237,25.22751983781257,-4633300.0,30630654.34989949,1802357.5249583311
2018-05-01,25.100000381469727,25.1200008392334,25.0,25.059999465942383,25.059999465942383,7395850,25.52759994506836,25.512871808841027,25.5279045468285,-0.08984196072313821,-0.013657222433725375,-0.07618473828941284,25.30615383382977,36.9075446208091,-3.168468784447709,-147.21647614148614,-94.23082566115248,0.2205286068258869,26.07910993492258,25.604999923706053,25.130889912489526,-12029150.0,30630536.796851728,1555855.4585040882
2018-05-02,25.07999992370605,25.21999931335449,25.020000457763672,25.059999465942383,25.059999465942383,7750800,25.51799991607666,25.469741109517344,25.475999741327193,-0.11374553648902008,-0.03367488524478432,-0.08007065124423576,25.216238798756304,36.90754462080909,-3.168468784447709,-113.63640550739657,-94.23082566115248,0.2190590637937915,26.107098319153643,25.576999855041503,25.046901390929364,-12029150.0,25979997.662602145,-166144.69853425026
2018-05-03,25.26000022888184,25.280000686645508,25.15999984741211,25.18000030517578,25.18000030517578,5397250,25.513199920654298,25.4421467471991,25.438190260387604,-0.12160444728995046,-0.05126079765381755,-0.0703436496361329,25.175704557950997,41.103459268624775,-2.6295448148735883,-74.84508522566485,-82.69229358471189,0.2191264941731454,26.118546659070322,25.561999893188478,25.005453127306634,-6631900.0,22381859.59139496,-2000357.3582945615
2018-05-04,25.13999938964844,25.239999771118164,25.1200008392334,25.239999771118164,25.239999771118164,5254150,25.50639991760254,25.42289465423901,25.40752358209519,-0.12158962573640864,-0.06532656327033577,-0.05626306246607286,25.160275620472234,43.13959601529965,-1.5600609518413937,-69.61014138539825,-76.92311924586436,0.2120329173241035,26.116030631512178,25.542999839782716,24.969969048053255,-1377750.0,27636009.59139496,-897091.413806092
2018-05-07,25.21999931335449,25.26000022888184,25.15999984741211,25.239999771118164,25.239999771118164,4613650,25.500399894714356,25.405476093941786,25.37866643269857,-0.12019237664760851,-0.07629972594579032,-0.04389265070181819,25.149869623792064,43.13959601529965,-0.7861665044845559,-57.24153402083387,-76.92311924586436,0.20401691367977687,26.10498291762049,25.520999813079833,24.937016708539176,-1377750.0,30404164.39217306,516574.9468055032
2018-05-08,25.15999984741211,25.299999237060547,25.059999465942383,25.239999771118164,25.239999771118164,8403850,25.493599891662598,25.38971644414906,25.351904523940313,-0.11772795212906217,-0.08458537118244469,-0.033142580946617484,25.143526817624004,43.13959601529965,-1.3291640093899875,-56.35450985878092,-73.33334746184782,0.20659119711316928,26.080405825857483,25.49499979019165,24.909593754525815,-1377750.0,34606122.78610451,2384918.406324297
2018-05-09,25.21999931335449,25.299999237060547,25.15999984741211,25.200000762939453,25.200000762939453,7119150,25.491599922180175,25.37164828403386,25.323809378487724,-0.11764631018571947,-0.09119755898309966,-0.026448751202619816,25.13006388317185,41.932548678303846,-0.7092135688696043,-39.205698609419564,-72.2220897673296,0.20182763004836682,26.019269774811878,25.457999801635744,24.89672982845961,-8496900.0,31555169.347412407,1961672.0541504733
2018-05-10,25.34000015258789,25.399999618530277,25.26000022888184,25.34000015258789,25.34000015258789,6211450,25.49199993133545,25.3686341762771,25.31257131667364,-0.10507360452954018,-0.09397276809238778,-0.0111008364371524,25.157397425700452,47.47239169654855,0.15810639025138254,36.21717098366,-41.379276325524906,0.20169682457483915,26.00003125792221,25.442999839782715,24.88596842164322,-2285450.0,32442543.525886208,1892538.3255800754
2018-05-11,25.440000534057617,25.440000534057617,25.299999237060547,25.299999237060547,25.299999237060547,4773200,25.4931999206543,25.362097515399334,25.298952211652484,-0.09721673034492184,-0.0946215605428946,-0.0025951698020272446,25.17128881989887,46.11854719880043,-0.47207253687346845,51.81635782037487,-48.275986806407055,0.1972844028849382,25.949206592846576,25.41699981689453,24.884793040942487,-7058650.0,27669343.525886208,173461.952475816
2018-05-14,25.34000015258789,25.36000061035156,25.200000762939453,25.21999931335449,25.21999931335449,6928300,25.490399894714354,25.348564353299825,25.280190258934383,-0.09633493701620566,-0.09496423583755682,-0.0013707011786488338,25.16358792224976,43.449728546890455,-0.07924111705643404,9.00609342138124,-50.00021674390055,0.19461807907076276,25.882654185206878,25.384999752044678,24.887345318882478,-13986950.0,22472994.638109516,-2198949.5692208596
2018-05-15,24.8799991607666,24.8799991607666,24.71999931335449,24.799999237060547,24.799999237060547,6880850,25.47999988555908,25.296320056515132,25.22447592417399,-0.1280505188474521,-0.10158149243953589,-0.02646902640791622,25.04991648412783,32.73836216072729,-1.0375109115033598,-278.44253736249567,-88.88891832323102,0.2164549625227194,25.8364066949424,25.330999755859374,24.825592816776346,-20867800.0,22472994.638109516,-2969577.049076695
2018-05-16,24.799999237060547,24.84000015258789,24.700000762939453,24.780000686645508,24.780000686645508,5251600,25.463599891662597,25.247146783194214,25.171999822344098,-0.15303496995806043,-0.1118721879432408,-0.04116278201481963,24.953484958701367,32.32967315708796,-1.1173135884436285,-195.85825449065737,-89.18919615540257,0.2109882969280172,25.769736738997246,25.27599983215332,24.782262925309396,-26119400.0,23223243.651733495,-2776156.600221295
2018-05-17,24.76000022888184,24.799999237060547,24.700000762939453,24.76000022888184,24.76000022888184,5230300,25.450399894714355,25.200751873259705,25.122857002984908,-0.17246117221723267,-0.12398998479803919,-0.048471187419193484,24.871619277962647,31.900766074072266,-1.6679907514044399,-152.9278679259948,-91.89196155402519,0.20305296721887914,25.68652732152108,25.220999813079835,24.75547230463859,-31349700.0,24269343.55636498,-2111802.2105594054
2018-05-18,24.71999931335449,24.84000015258789,24.700000762939453,24.799999237060547,24.799999237060547,4817450,25.438799896240234,25.16258495552645,25.08276171003069,-0.1825249576970016,-0.13569697937783168,-0.04682797831916993,24.817583538497683,33.792512752176265,-1.743266790996982,-112.76330544278724,-86.48668850667444,0.19854519188411518,25.637253039504294,25.178999805450438,24.72074657139658,-26532250.0,26333889.975983508,-991137.7166773304
2018-05-21,24.76000022888184,24.81999969482422,24.700000762939453,24.81999969482422,24.81999969482422,2858300,25.427199897766112,25.129957787840524,25.048571223304386,-0.18673415530032145,-0.14590441456232964,-0.04082974073799181,24.781353713635042,34.76829935521389,-1.664025673940562,-92.48151017598735,-83.78392310805134,0.19293017784403038,25.61522985234602,25.14799976348877,24.68076967463152,-23673950.0,29192189.975983508,466878.4596087299
2018-05-22,24.86000061035156,24.86000061035156,24.780000686645508,24.799999237060547,24.799999237060547,3667750,25.41519989013672,25.098533163956716,25.015428316025506,-0.18949941324076036,-0.1546234142980158,-0.03487599894274457,24.749402917355717,34.22507794958641,-1.743266790996982,-68.99636874500028,-86.48668850667444,0.18485763440194025,25.555223877780477,25.108999729156494,24.66277558053251,-27341700.0,27358183.80689681,437348.7088701017
2018-05-23,24.71999931335449,24.86000061035156,24.71999931335449,24.81999969482422,24.81999969482422,6084600,25.40239990234375,25.07200616689648,24.987904503231956,-0.1879109102871297,-0.1612809134958386,-0.026629996791291105,24.731344476825964,35.31348627615054,-1.507940700835555,-62.6016614741158,-83.78392310805134,0.18165136175713167,25.525967240490388,25.080999755859374,24.63603227122836,-21257100.0,29965822.152423747,1215212.4927019551
2018-05-24,24.920000076293945,25.07999992370605,24.920000076293945,25.020000457763672,25.020000457763672,6663600,25.39399990081787,25.067053242217167,24.982095046270462,-0.16857044500023122,-0.16273881979671712,-0.005831625203514101,24.77130779883374,45.09717458135577,-1.2628243602892726,0.14404672991332074,-56.756784621610265,0.18725135614164967,25.501009145751798,25.06699981689453,24.63299048803726,-14593500.0,31631761.870612755,1953027.3607203998
2018-05-25,25.020000457763672,25.059999465942383,24.940000534057617,24.959999084472656,24.959999084472656,3963300,25.387599868774416,25.056857608146263,24.971904500325522,-0.1562830624311431,-0.16144766832360233,0.005164605892459234,24.791101000481987,42.99614298911491,-1.3438741614262324,-0.9327922782317741,-64.86508081747957,0.18244470502552926,25.44849461662905,25.043999767303468,24.639504917977888,-18556800.0,28989477.876589168,1236586.0485640466
2018-05-29,24.86000061035156,25.040000915527344,24.84000015258789,24.959999084472656,24.959999084472656,17877700,25.382399864196778,25.047632986844015,24.963904435294015,-0.14487519218549139,-0.15813317309598016,0.01325798091048877,24.809630419394612,42.996142989114915,-1.0309287706608188,-8.722718408705543,-64.86508081747957,0.18369941367663417,25.425676497426526,25.02999973297119,24.634322968515857,-18556800.0,32564745.08557656,1968664.528399337
2018-05-30,24.959999084472656,25.040000915527344,24.940000534057617,24.979999542236328,24.979999542236328,6747150,25.376399841308594,25.041191706405186,24.959142512366885,-0.13269092465364096,-0.15304472340751235,0.020353798753871388,24.832069007967306,44.004660044259516,0.7258077044889297,12.496795039408957,-62.162315418856465,0.17771779262162032,25.421999874501708,25.025999736785888,24.629999599070068,-11809650.0,31215160.65615773,1659768.449116934
2018-05-31,24.959999084472656,25.059999465942383,24.920000076293945,24.920000076293945,24.920000076293945,15764100,25.37159984588623,25.029649646394592,24.94904730660575,-0.12641898099698778,-0.14771957492540744,0.021300593928419653,24.836719152890254,41.6254640214654,0.5649692726759539,17.777718438042662,-70.27035386483081,0.1750223159726408,25.417291243572127,25.018999767303466,24.620708291034806,-27573750.0,15451060.656157728,-3633336.169600129
2018-06-01,24.81999969482422,24.940000534057617,24.780000686645508,24.81999969482422,24.81999969482422,9770400,25.35599983215332,25.009682984340273,24.93009491875058,-0.12804163128640056,-0.14378398619760607,0.015742354911205514,24.816244128299413,37.943280835426854,0.2423241736177029,-27.07321100141533,-81.81833945033658,0.17394879988828776,25.401094808992546,25.00099973678589,24.600904664579232,-37344150.0,10565744.183802389,-7022812.739406526
2018-06-04,24.899999618530277,24.899999618530277,24.780000686645508,24.780000686645508,24.780000686645508,15635000,25.34159984588623,24.987808479797916,24.90904739016578,-0.13104457867514085,-0.14123610469311304,0.010191526017972186,24.790699653461143,36.55053369723589,-0.08063931867043644,-32.98110384075361,-78.94734200342299,0.1700936285327444,25.373352774175217,24.977999782562257,24.582646790949298,-52979150.0,-5069255.816197148,-12745751.99619931
2018-06-05,24.84000015258789,24.959999084472656,24.76000022888184,24.8799991607666,24.8799991607666,5913400,25.321999816894532,24.977540925604455,24.899713997613816,-0.12392684346662719,-0.13777425244781588,0.013847408981188691,24.7973337480683,42.25697985029843,0.2417383830786052,0.394331196571314,-52.63189595892119,0.17223054452428532,25.33841752271169,24.959999752044677,24.581581981377663,-47065750.0,-3886598.374157015,-13551949.597310923
2018-06-06,24.940000534057617,24.979999542236328,24.84000015258789,24.8799991607666,24.8799991607666,11184700,25.299999809265138,24.968251233715133,24.89209489368257,-0.11693799857714282,-0.13360700167368128,0.01666900309653846,24.804314650779805,42.25697985029842,0.3225803474481751,21.32363925904438,-52.63189595892119,0.16992749019790215,25.299076774201726,24.9419997215271,24.584922668852474,-47065750.0,-8680171.842821864,-14174990.210767131
2018-06-07,24.8799991607666,24.940000534057617,24.86000061035156,24.8799991607666,24.8799991607666,5564150,25.281199798583984,24.9598462743867,24.886190078372046,-0.11012978108735538,-0.12891155755641612,0.018781776469060735,24.811439894256633,42.25697985029842,0.2417383830786052,7.709844129320411,-52.63189595892119,0.16350194493799625,25.263543590743307,24.925999641418457,24.588455692093607,-47065750.0,-11462445.83252205,-14026503.984743174
2018-06-08,24.940000534057617,24.940000534057617,24.8799991607666,24.920000076293945,24.920000076293945,4130700,25.27039981842041,24.956051398377866,24.88561869121733,-0.10034971109075741,-0.12319918826328438,0.022849477172526972,24.82892461825151,44.739994502387844,-0.3996817731420008,19.54880892199835,-42.10531599315307,0.15610675177114033,25.184105050291468,24.90499963760376,24.62589422491605,-42935050.0,-10085545.83252205,-12252518.348211266
2018-06-11,24.920000076293945,25.0,24.899999618530277,24.940000534057617,24.940000534057617,3522950,25.25999984741211,24.954522744633078,24.888952109927224,-0.08994819852434333,-0.11654899031549618,0.02660079179115285,24.849546908620514,45.990553545450155,-0.08012240043502222,45.90168974896551,-38.88865341414728,0.15209799859413578,25.10064407183004,24.886999702453615,24.67335533307719,-39412100.0,-10790082.076776208,-10637102.27023715
2018-06-12,24.8799991607666,24.959999084472656,24.84000015258789,24.86000061035156,24.86000061035156,5953900,25.24159984588623,24.945520636606265,24.886380767822267,-0.08715557491724368,-0.11067030723584569,0.023514732318602002,24.84661845155173,41.90549253450788,-0.4006349270393414,-31.83185556854074,-61.11081676768533,0.1498045943800914,25.018385067542326,24.868999767303468,24.71961446706461,-45366000.0,-14759285.65308708,-10272169.351688728
2018-06-13,24.8799991607666,24.979999542236328,24.799999237060547,24.940000534057617,24.940000534057617,8259050,25.22879985809326,24.944994912554012,24.893142745608376,-0.07759263572809516,-0.10405477293429559,0.02646213720620043,24.865793789748263,46.97744574963217,-0.16012413495476804,-18.58434730291164,-43.74985098824581,0.15196196695909067,25.02491582000224,24.87599983215332,24.7270838443044,-37106950.0,-10170827.30209314,-7729081.014085509
2018-06-14,25.020000457763672,25.100000381469727,24.979999542236328,25.0,25.0,5822000,25.216399841308593,24.950233492310772,24.904952285403297,-0.06442977571010289,-0.09612977348945706,0.03169999777935417,24.89776656756374,50.470058800513534,0.3210269801811017,147.57827551154347,-29.411863703172113,0.15253623378589862,25.03840658629438,24.886999797821044,24.73559300934771,-31284950.0,-14052129.789576253,-7221042.847984681
2018-06-15,24.76000022888184,24.76000022888184,24.459999084472656,24.57999992370605,24.57999992370605,8826500,25.19839984893799,24.914973152443658,24.87571420215425,-0.08688703077689652,-0.09428122494694496,0.00739419417004844,24.815523915485286,33.723923628690144,-0.9669612170390776,-306.46788759345344,-81.24990686793183,0.18021821369094862,25.073509426662877,24.877999782562256,24.682490138461635,-40111450.0,-15817407.342711791,-6918429.833487951
2018-06-18,24.57999992370605,24.600000381469727,24.5,24.520000457763672,24.520000457763672,4529700,25.176399841308594,24.87735670533128,24.84161902836391,-0.10827786287560315,-0.09708055253267661,-0.011197310342926536,24.733251340976516,32.086052346496224,-1.0492341472046682,-232.6501219578167,-90.62480442265569,0.1744872283068849,25.112708335739942,24.863999843597412,24.615291351454882,-44641150.0,-18535192.783975214,-7030435.346733293
2018-06-19,24.459999084472656,24.520000457763672,24.420000076293945,24.459999084472656,24.459999084472656,4923850,25.15199981689453,24.837608360487604,24.803142765590124,-0.12858956039067237,-0.10338235410427578,-0.025207206286396597,24.65133948638513,30.491220257371463,-1.6881032574801915,-190.74887398230962,-94.1177955547577,0.16916575612257378,25.150657046254334,24.845999813079835,24.541342579905336,-49565000.0,-19520075.481528096,-6750497.065306548
2018-06-20,24.459999084472656,24.479999542236328,24.34000015258789,24.36000061035156,24.36000061035156,4407900,25.123999824523924,24.792121908093694,24.75685712723505,-0.1510149616740719,-0.11290887561823501,-0.0381060860558369,24.559713917517865,27.99387513120326,-2.0900263985339316,-160.1497141912296,-97.368361613115,0.16708208677699876,25.195073831547074,24.823999881744385,24.452925931941696,-53972900.0,-22668541.165452026,-7024079.843670808
2018-06-21,24.299999237060547,24.3799991607666,24.26000022888184,24.299999237060547,24.299999237060547,6213400,25.091199798583986,24.745253082281014,24.70695230393183,-0.17165018662674214,-0.12465713781993645,-0.04699304880680569,24.470882102875674,26.58678448664765,-2.331189482597168,-142.16450592240508,-95.23821417704774,0.16371846847068044,25.2337796269595,24.7979998588562,24.362220090752903,-60186300.0,-24739740.33892699,-7156465.276955422
2018-06-22,24.36000061035156,24.3799991607666,24.31999969482422,24.36000061035156,24.36000061035156,3687600,25.065599822998045,24.708562370668684,24.665238089788527,-0.18107482384419882,-0.13594067502478893,-0.045134148819409886,24.415831292309957,30.356629692433067,-2.247188861267726,-103.99297622268925,-88.09519484471086,0.1577376877475747,25.227665862056266,24.764999866485596,24.302333870914925,-56498700.0,-23510384.036673557,-6168876.378313456
2018-06-25,24.299999237060547,24.36000061035156,24.26000022888184,24.280000686645508,24.280000686645508,3790950,25.034799842834474,24.667746972190287,24.61904769170852,-0.19277702841170452,-0.14730794570217204,-0.04546908270953248,24.352371720434242,28.27204492816434,-2.6463505744950786,-99.61963619314102,-97.61899355588798,0.15361302790781167,25.229874426932657,24.73099994659424,24.23212546625582,-60289650.0,-25784925.11413085,-5927773.410031471
2018-06-26,24.18000030517578,24.21999931335449,24.1200008392334,24.13999938964844,24.13999938964844,5432650,25.00039981842041,24.617485297662494,24.562761924380347,-0.21091672772319825,-0.1600297021063773,-0.05088702561682096,24.266637935863066,25.032411540446287,-2.896223664625791,-116.72692736292095,-97.9593306370933,0.1540692874932478,25.23910829612783,24.689999961853026,24.14089162757822,-65722300.0,-29044639.45951854,-6327433.722900249
2018-06-27,24.07999992370605,24.1200008392334,24.0,24.0,24.0,10120300,24.96279983520508,24.55867717407559,24.49704764229911,-0.23389317589962033,-0.1748023968650259,-0.05909077903459442,24.162915328839798,22.28271077985258,-3.769047770363795,-126.69311656701234,-100.0,0.15306417575277284,25.249535940859793,24.64099998474121,24.032464028622627,-75842600.0,-39164939.45951854,-9135805.330628362
2018-06-28,24.040000915527344,24.040000915527344,23.899999618530277,23.940000534057617,23.940000534057617,6838950,24.923999862670897,24.499755589311974,24.430285789853052,-0.25401549952157154,-0.19064501739633505,-0.0633704821252365,24.06555378867892,21.20753643900349,-4.239997863769531,-127.25196691478544,-96.66659249204505,0.15213101036201324,25.25790079199279,24.592000007629395,23.926099223266,-82681550.0,-42095864.78955498,-10386724.017835237
2018-06-29,24.0,24.100000381469727,23.940000534057617,24.040000915527344,24.040000915527344,4931300,24.887599868774416,24.455969429903913,24.377714447748094,-0.25890885085147985,-0.20429778408736401,-0.05461106676411584,24.015245829618536,27.487574230755662,-2.1969040270740936,-99.99989619867567,-88.3332326677753,0.15269312755318754,25.251486791317785,24.553000068664552,23.85451334601132,-77750250.0,-40863010.396688476,-9561943.99052278
2018-07-02,23.959999084472656,23.959999084472656,23.780000686645508,23.799999237060547,23.799999237060547,9344550,24.850799865722657,24.393496078204546,24.306000082833425,-0.27893757794375773,-0.21922574285864277,-0.05971183508511496,23.915453621973036,22.7922814134936,-2.936383390136332,-129.6704658199932,-98.48495795162269,0.16035864737430475,25.266480073090587,24.503999996185303,23.74151991928002,-87094800.0,-48131125.75575005,-10667848.503548846
2018-07-03,23.959999084472656,24.1200008392334,23.959999084472656,24.020000457763672,24.020000457763672,5456050,24.82239986419678,24.357925066733987,24.25990488869803,-0.2739008698494949,-0.2301607682568132,-0.04374010159268171,23.894648719431483,33.932849506016865,-1.7988497268108974,-71.58034906988702,-81.81819495419472,0.1717627197040063,25.230776604111867,24.461000061035158,23.69122351795845,-81638750.0,-49495089.47539672,-10584448.032988101
2018-07-05,24.07999992370605,24.18000030517578,24.059999465942383,24.100000381469727,24.100000381469727,4457850,24.792799873352052,24.333360810994535,24.225523966834658,-0.26045159329937917,-0.23621893326532642,-0.02423266003405275,23.90227744925289,37.46638392789134,-1.0673243939548493,-37.32059090109145,-67.3469546634697,0.17092244583882335,25.181884356627265,24.422000122070312,23.66211588751336,-77180900.0,-50980992.23864873,-10060894.353067249
2018-07-06,24.1200008392334,24.1200008392334,24.040000915527344,24.059999465942383,24.059999465942383,10642700,24.766399879455566,24.30732639718004,24.191047713870095,-0.25013725771615114,-0.23900259815549138,-0.01113465956065976,23.90185582314657,36.41756692468139,-0.9876534100961383,-42.70026152544987,-65.85379469477759,0.1644274868699969,25.12595404600477,24.381000137329103,23.636046228653434,-87823600.0,-56302722.851623476,-10625364.465130933
2018-07-09,24.239999771118164,24.26000022888184,24.1200008392334,24.1200008392334,24.1200008392334,5738200,24.742799911499024,24.289485867851788,24.16619063786098,-0.23441922418794192,-0.2380859233619815,0.003666699174039584,23.920537160356588,39.16839324101966,-0.9852207106110449,2.8036799147237406,-54.05401922298716,0.16696861430468207,25.050983469743382,24.341000175476076,23.63101688120877,-82085400.0,-62040922.85162333,-11716132.741417758
2018-07-10,24.07999992370605,24.100000381469727,24.020000457763672,24.07999992370605,24.07999992370605,5843250,24.715999908447266,24.269534825552192,24.14133347102574,-0.2226240376288473,-0.23499354621535468,0.012369508586507372,23.928654731838403,37.98842388887117,-0.8237263479545993,-34.00706064327185,-57.142896068403594,0.1621848559464314,24.960226849350015,24.298000144958497,23.63577344056698,-87928650.0,-59119367.508658394,-10167667.359735548
2018-07-11,24.0,24.020000457763672,23.799999237060547,23.799999237060547,23.799999237060547,5842050,24.687199897766114,24.22481715045775,24.093904813130695,-0.23318200563969071,-0.2346312381002219,0.0014492324605311913,23.865604878554567,30.957997305553544,-1.4084513719320593,-123.29577336065078,-96.66689978764798,0.17060078399897008,24.888226517859046,24.245000076293945,23.601773634728843,-93770700.0,-64961417.508658394,-10468704.943616875
2018-07-12,23.899999618530277,23.959999084472656,23.8799991607666,23.899999618530277,23.899999618530277,7196400,24.66399990081787,24.19388214741704,24.061047626677013,-0.23081933469744342,-0.2338688574196662,0.0030495227222227805,23.84282065072585,35.545840788192734,-0.4166682561238459,-92.64109583536492,-80.0001271568983,0.16984353150001086,24.767564362858714,24.193000030517577,23.61843569817644,-86574300.0,-68559531.72080281,-10785010.755103648
2018-07-13,23.81999969482422,23.86000061035156,23.780000686645508,23.799999237060547,23.799999237060547,6045150,24.638799896240233,24.15636948928785,24.023618979681107,-0.2343150578690789,-0.23395809750954877,-0.00035696035953014515,23.80116315780189,33.172000177945996,-0.5848007262902987,-136.54073760546683,-96.55197361281473,0.1662830163396033,24.59814974059231,24.132999992370607,23.667850244148905,-92619450.0,-71582322.91242014,-10895750.261217058
2018-07-16,23.799999237060547,23.84000015258789,23.739999771118164,23.81999969482422,23.81999969482422,4033850,24.611599884033204,24.124334270767505,23.99380942753383,-0.2327881371378595,-0.23372410543521094,0.0009359682973514305,23.775164023315195,34.119636531394946,-0.9151464738964592,-120.2471190333943,-84.61541283057635,0.16154831198699743,24.531142542850663,24.094999980926513,23.658857419002363,-88585600.0,-69162043.68813586,-9180441.191335082
2018-07-17,23.63999938964844,23.68000030517578,23.520000457763672,23.540000915527344,23.540000915527344,5448500,24.577599906921385,24.068683475030348,23.94095237368629,-0.25127506041613756,-0.2372342964313963,-0.014040763984741272,23.68416295623429,28.11003676589019,-1.0924299574276566,-197.31825203845,-97.29723460137691,0.17143811072411297,24.499978037149305,24.046000003814697,23.59202197048009,-94034100.0,-73248386.21251419,-8944338.175836913
2018-07-18,23.5,23.57999992370605,23.459999084472656,23.540000915527344,23.540000915527344,7856750,24.54359992980957,24.01833275507768,23.892761984325592,-0.26289558366360666,-0.24236655387783837,-0.020529029785768288,23.612701037819694,28.110036765890193,-1.9983327772218427,-173.1627325377333,-89.9997854235858,0.16776386571513466,24.4632063735569,24.000000095367433,23.536793817177966,-94034100.0,-70629303.04077446,-7201284.280685306
2018-07-19,23.299999237060547,23.57999992370605,23.299999237060547,23.459999084472656,23.459999084472656,7134050,24.50799991607666,23.96515811978196,23.841333316621327,-0.27538593360073094,-0.2489704298224169,-0.02641550377831403,23.53671887691254,26.55986382044932,-2.655606999447027,-160.2837922760395,-83.33336644699072,0.175781093904218,24.443733251915297,23.955000019073488,23.466266786231678,-101168150.0,-69610180.81034005,-5509288.406559125
2018-07-20,23.559999465942383,23.63999938964844,23.540000915527344,23.6200008392334,23.6200008392334,5074300,24.47639991760254,23.932285997824955,23.809428632827032,-0.2692698463215457,-0.25303031312224267,-0.016239533199303047,23.519469236184417,34.356703814369354,-1.828755762575203,-87.6479183357981,-66.66653421203746,0.17608247704307653,24.403572573210546,23.92100009918213,23.438427625153714,-96093850.0,-66565484.66705794,-3347496.920957826
2018-07-23,23.540000915527344,23.559999465942383,23.440000534057617,23.5,23.5,5738100,24.439599914550783,23.891115902794006,23.769333385285876,-0.27098215433143835,-0.2566206813640818,-0.01436147296735657,23.47769910169683,31.643318950391972,-2.5704843186610096,-101.04635462984926,-79.16660871776642,0.17636233131257947,24.349576265193523,23.87800006866455,23.40642387213558,-101831950.0,-66565484.66705794,-2158809.774942942
2018-07-24,23.520000457763672,23.57999992370605,23.479999542236328,23.5,23.5,4509250,24.40359992980957,23.853866769194575,23.733333378746394,-0.2692355904721637,-0.2591436631856982,-0.010091927286465519,23.44691826750175,31.643318950391976,-2.408637564550232,-80.47477783473646,-79.16660871776642,0.17090773614445756,24.300038003952704,23.839000034332276,23.37796206471185,-101831950.0,-69271000.26434198,-2337119.1075324267
2018-07-25,23.63999938964844,23.65999984741211,23.540000915527344,23.63999938964844,23.63999938964844,4741750,24.37199993133545,23.833498447333035,23.714380936395553,-0.25363094564782074,-0.2580411196781227,0.004410174030301972,23.461417972705426,38.24264821765642,-0.6722682879878396,-43.53119607231261,-64.58335402936892,0.17012857866223238,24.261052758704352,23.814000034332274,23.366947309960196,-97090200.0,-66109883.843513265,-1191788.690825127
2018-07-26,23.540000915527344,23.600000381469727,23.440000534057617,23.459999084472656,23.459999084472656,4391900,24.34519992828369,23.79792707944157,23.680666560218448,-0.2528737018747016,-0.2570076361174385,0.004133934242736892,23.429808891561294,33.73333968252944,-1.8410064480355772,-70.43419330974058,-83.33336644699072,0.1722622272695626,24.25077177029281,23.78699998855591,23.323228206819007,-101482100.0,-69403887.37687998,-1662992.0363501757
2018-07-27,23.459999084472656,23.540000915527344,23.440000534057617,23.459999084472656,23.459999084472656,4714200,24.318799896240236,23.765743460873104,23.649523616972424,-0.2493986681279594,-0.2554858425195427,0.006087174391583294,23.4069809096661,33.73333968252944,-1.4285721154917266,-71.66322871099696,-80.00004768364761,0.16710053791692872,24.24204515035926,23.76299991607666,23.283954681794057,-101482100.0,-72232551.24229796,-2604605.358847961
2018-07-30,23.440000534057617,23.5,23.420000076293945,23.440000534057617,23.440000534057617,3339850,24.29239990234375,23.734720324985915,23.61876177106585,-0.24542923923552706,-0.2534745218627396,0.008045282627212547,23.386097058078338,33.228484098185966,-1.5952945660581621,-80.86039402939443,-80.55540838384266,0.16087892115916663,24.21404474036899,23.732999897003175,23.25195505363736,-104821950.0,-73902436.42814542,-3284355.6081987023
2018-07-31,23.3799991607666,23.57999992370605,23.36000061035156,23.479999542236328,23.479999542236328,6170750,24.265999908447267,23.71046120281929,23.59466649918329,-0.23633156934559807,-0.2500459313593113,0.013714362013713233,23.382283618368945,35.31372091373007,-0.25489112556252197,-66.03512970463316,-72.7272201832211,0.16510189727368946,24.20922363870226,23.71699991226196,23.224776185821664,-98651200.0,-73341498.06387518,-3085377.0844654143
2018-08-01,23.399999618530277,23.440000534057617,23.31999969482422,23.31999969482422,23.31999969482422,4459100,24.235999908447265,23.673274392534044,23.55685695466541,-0.23927404863455948,-0.24789155481436095,0.008617506179801476,23.340440826433763,31.126299504799107,-0.9345845885588255,-130.95905397978416,-96.42849844347107,0.16473745785182642,24.182543732936445,23.68199987411499,23.181456015293534,-103110300.0,-77800598.06387518,-4142292.4988958538
2018-08-02,23.31999969482422,23.34000015258789,23.18000030517578,23.18000030517578,23.18000030517578,4190150,24.20359992980957,23.62629590802373,23.509047471909295,-0.2500206825949114,-0.24831738037047105,-0.001703302224440345,23.27259103509099,27.997914932180354,-1.1935157298543813,-211.2161474694037,-100.0,0.16439905082134015,24.14347990125061,23.635999870300292,23.128519839349973,-107300450.0,-81990748.06387518,-5531324.486717761
2018-08-03,23.31999969482422,23.399999618530277,23.26000022888184,23.280000686645508,23.280000686645508,4592400,24.172799949645995,23.593315410749618,23.475142787751697,-0.24761393310079427,-0.2481766909165357,0.0005627578157414437,23.245809099298356,33.1651234946629,-1.4394586812340078,-134.0252032757757,-79.99992370605469,0.16837056663450473,24.087758480102497,23.59699993133545,23.106241382568403,-102708050.0,-85270998.02572829,-6640433.061714739
2018-08-06,23.200000762939453,23.239999771118164,23.15999984741211,23.15999984741211,23.15999984741211,5827850,24.135599937438965,23.55204726186033,23.43352373213995,-0.2524792084718719,-0.24903719442760297,-0.003442014044268915,23.19564260985729,30.35035902146671,-1.4468091599484707,-176.1439653172325,-100.0,0.16491553077915821,24.01280561573476,23.548999881744386,23.085194147754013,-108535900.0,-91098848.02572829,-8344799.473148525
2018-08-07,23.26000022888184,23.280000686645508,23.18000030517578,23.200000762939453,23.200000762939453,3681450,24.1003999710083,23.518519023867864,23.400285720825195,-0.2502228217436482,-0.24927431989081203,-0.0009485018528361533,23.167845574342408,32.40963965589342,-1.2765924981299868,-118.41608422606599,-91.99981689453125,0.1617072908208416,23.923735689703562,23.504999923706055,23.08626415770855,-104854450.0,-93307689.93860093,-8986235.479817405
2018-08-08,23.26000022888184,23.299999237060547,23.18000030517578,23.26000022888184,23.26000022888184,5491600,24.066399993896486,23.49389818625015,23.37695241655622,-0.2408171730723616,-0.24758289052712196,0.006765717454760345,23.163558544283894,35.49057077782295,-1.6074414999054392,-84.82570870426744,-79.99992370605398,0.1587280811901829,23.886685308921056,23.47799997329712,23.069314637673184,-99362850.0,-91477098.4136618,-7849249.680990666
2018-08-09,23.299999237060547,23.31999969482422,23.239999771118164,23.239999771118164,23.239999771118164,2443400,24.03159999847412,23.46971738480901,23.354285730634416,-0.23229919797404364,-0.24452615201650632,0.012226954042462684,23.15765597132679,34.91917317552698,-0.9377635206307486,-63.55400196919523,-84.00001525878906,0.15310456926980787,23.81699431515793,23.444999980926514,23.073005646695098,-101806250.0,-93920498.4136618,-7447996.428653285
2018-08-10,23.26000022888184,23.34000015258789,23.21999931335449,23.21999931335449,23.21999931335449,6617300,23.99759998321533,23.445934711337152,23.332857095627556,-0.22457376456506495,-0.24053567452621807,0.015961909961153126,23.150268746695197,34.32404760784629,-1.0230169671106892,-58.794957430751026,-88.00010681152415,0.15073998897311153,23.762317687574484,23.415999984741212,23.06968228190794,-108423550.0,-100537798.41366199,-8712261.331910491
2018-08-13,23.059999465942383,23.059999465942383,22.84000015258789,22.899999618530277,22.899999618530277,6042950,23.95919998168945,23.393940892974594,23.283714203607467,-0.241488870574603,-0.2407263137358951,-0.0007625568387079062,23.063710776815725,26.532591350040594,-2.3037581195560772,-195.2770000079735,-92.68298923510596,0.16711582513609227,23.73342820262709,23.369999980926515,23.00657175922594,-114466500.0,-103284612.9195269,-9311423.286753595
2018-08-14,22.940000534057617,23.0,22.86000061035156,22.920000076293945,22.920000076293945,5390750,23.92199996948242,23.34880367233834,23.240857069832938,-0.2503939584747208,-0.24265984268366025,-0.007734115791060536,23.000610995955533,27.638207847603997,-2.385006289864034,-175.1793200451485,-89.47369741930788,0.16517891700391996,23.74267800525378,23.338999938964843,22.935321872675907,-109075750.0,-104054741.04622988,-8955082.737071842
2018-08-15,22.71999931335449,22.739999771118164,22.5,22.540000915527344,22.540000915527344,8177500,23.875200004577636,23.271774838356343,23.16476192474365,-0.2848307101559193,-0.2510940161781121,-0.03373669397780721,22.85318634777342,21.1314290612431,-3.3447632483030976,-239.61954747933703,-96.29621126360088,0.18338060188238064,23.811068507811672,23.288999938964842,22.766931370118012,-117253250.0,-109506342.72390355,-9729809.16081895
2018-08-16,22.559999465942383,22.65999984741211,22.5,22.520000457763672,22.520000457763672,5078450,23.82800003051758,23.200177278299897,23.09152387891497,-0.31016061525303584,-0.26290733599309685,-0.047253279259938996,22.730482523608565,20.853156776655876,-2.8472814440159446,-174.29034597651886,-98.14810563180045,0.1817105332094481,23.855305408926565,23.242000007629393,22.62869460633222,-122331700.0,-113315149.95395386,-10374107.801838875
2018-08-17,22.6200008392334,22.71999931335449,22.559999465942383,22.700000762939453,22.700000762939453,6630850,23.784400062561033,23.15254141969414,23.039904903230212,-0.312112389884863,-0.2727483467714501,-0.039364043113412905,22.680396786308943,29.811451303311102,-2.491408533500472,-113.05133800434167,-81.48140953073916,0.18301685268764012,23.826757662798485,23.196000003814696,22.565242344830907,-115700850.0,-108341893.88500303,-8112184.151059151
2018-08-20,22.76000022888184,22.84000015258789,22.71999931335449,22.81999969482422,22.81999969482422,5800150,23.74240005493164,23.120870779230337,23.004095349993026,-0.3005121573248637,-0.27830110888213283,-0.022211048442730863,22.67441225805812,35.08637771875872,-1.4680490277545581,-64.89158765423234,-65.95749861514393,0.17994415330558977,23.796841123921578,23.16199998855591,22.52715885319024,-109900700.0,-104475157.94842204,-5219055.391277209
2018-08-21,22.86000061035156,22.920000076293945,22.780000686645508,22.899999618530277,22.899999618530277,4497350,23.701600036621095,23.099835430592236,22.979142933800105,-0.28161725576626395,-0.27896433825895905,-0.002652917507304897,22.694052324484613,38.409604737766465,-1.293108338549752,-37.85196326998695,-55.5555791030793,0.17709093568130227,23.75674255631816,23.131999969482422,22.507257382646685,-105403350.0,-101262800.10373516,-2538929.2761226594
2018-08-22,22.979999542236328,23.0,22.899999618530277,22.940000534057617,22.940000534057617,4147350,23.663200035095215,23.0846130594937,22.96085727328346,-0.2604132882835124,-0.27525412826386975,0.014840839980357345,22.724012440788727,40.06191674431669,-1.3757510390171024,-10.898187283906806,-51.11103104952982,0.17158443128718914,23.681091963208434,23.09700002670288,22.512908090197325,-101256000.0,-102092206.82043779,-1475604.4319536686
2018-08-23,22.81999969482422,22.8799991607666,22.700000762939453,22.739999771118164,22.739999771118164,5920550,23.619200019836427,23.05179274631508,22.926857248942056,-0.2567872972619014,-0.27156076206347607,0.014773464801574654,22.699809801860827,35.005307759574286,-2.151463016025422,-55.12655533807954,-71.42860386646745,0.17647127113646335,23.639891737851865,23.061000061035156,22.482108384218446,-107176550.0,-105381443.08952469,-1953037.223870948
2018-08-24,22.959999084472656,23.18000030517578,22.940000534057617,23.1200008392334,23.1200008392334,5922600,23.581600036621094,23.058288755164444,22.93247637067522,-0.22070659462025688,-0.26138992857483223,0.04068333395457535,22.7814807427347,48.34578245829471,-0.4306566626967047,47.65499527636004,-26.190389689420122,0.1952948967235875,23.594287128125593,23.044000148773193,22.493713169420793,-101253950.0,-102420119.5552043,-1028562.4938378185
2018-08-27,23.13999938964844,23.26000022888184,23.1200008392334,23.200000762939453,23.200000762939453,7415250,23.554000053405762,23.0717851368573,22.94733357202439,-0.18354130268662772,-0.24582020339719132,0.062278900710563606,22.87164949224591,50.64264350369496,1.310048687365132,87.17789350077243,-16.666590978242603,0.1913451968366023,23.557113231886987,23.032000160217287,22.506887088547586,-93838700.0,-101360769.2622888,-219796.60254770517
2018-08-28,23.26000022888184,23.280000686645508,23.0,23.040000915527344,23.040000915527344,7751950,23.524400062561035,23.06875806815921,22.948095548720588,-0.16509507828504866,-0.2296751783747628,0.06458010008971415,22.905888427103548,46.21635884288763,0.5235638692580755,64.57892180989589,-35.714188400597635,0.19767776280477556,23.493404679919006,23.010000228881836,22.526595777844665,-101590650.0,-106897831.14299805,-1630748.7361049205
2018-08-29,23.1200008392334,23.13999938964844,23.059999465942383,23.13999938964844,23.13999938964844,5361800,23.498000068664552,23.075542955920085,22.960476421174548,-0.14078439652161379,-0.21189702200413302,0.07111262548251923,22.961304979594882,49.20453633494322,2.661927461182003,74.61630526637948,-23.809610310579455,0.1907006390588811,23.467386196224375,23.001000213623048,22.53461423102172,-96228850.0,-101536031.14299782,-353679.26927779615
2018-08-30,23.07999992370605,23.100000381469727,22.940000534057617,23.020000457763672,23.020000457763672,6744150,23.47120006561279,23.070253194190904,22.962285968235562,-0.12970574985991234,-0.19545876757528888,0.06575301771537653,22.97663670311619,45.908315941917,2.2202486227198417,50.13946414754269,-33.333333333333336,0.19136480018435387,23.45226472081189,22.99300022125244,22.53373572169299,-102973000.0,-101536031.14299782,200910.90072219074
2018-08-31,23.059999465942383,23.1200008392334,22.979999542236328,23.0,23.0,5830200,23.445200080871583,23.06356241379177,22.962952613830566,-0.12114324839545176,-0.18059566373932148,0.05945241534386972,22.98480541705912,45.36286113224111,1.3215824976989983,50.76546971024784,-35.897492327819144,0.1876959641566393,23.419086340603407,22.979000186920167,22.538914033236928,-108803200.0,-105700437.02030194,-915514.163485691
2018-09-04,22.86000061035156,22.920000076293945,22.799999237060547,22.899999618530277,22.899999618530277,13062250,23.416000061035156,23.04798500471925,22.955428750174388,-0.12103142442065007,-0.1686828158755872,0.04765139145493713,22.966214896869772,42.63524895085576,0.3505693460819938,-10.86159037368421,-48.71804276858701,0.18857488155236707,23.399238982619508,22.966000175476076,22.532761368332643,-121865450.0,-96992339.55944127,1481753.3353836238
2018-09-05,22.959999084472656,22.979999542236328,22.920000076293945,22.959999084472656,22.959999084472656,11179300,23.389600028991698,23.039605393267195,22.95485721769787,-0.11477825536896802,-0.15790190377426336,0.04312364840529534,22.967172546109367,44.78062810506791,0.2620064058596261,12.042783167767258,-41.02581031679077,0.18081950122617949,23.373733106206576,22.954000091552736,22.534267076898896,-110686150.0,-93266143.14846756,3513356.776105106
2018-09-06,23.07999992370605,23.13999938964844,22.940000534057617,23.020000457763672,23.020000457763672,7298850,23.367200050354004,23.037738256552572,22.961142966860816,-0.10378460020419311,-0.1470784430602493,0.0432938428560562,22.98410708300833,46.91858963282191,0.34873549190761216,39.688689578311475,-36.11108167676853,0.1821894594059835,23.339169836924203,22.942000102996825,22.544830369069448,-103387300.0,-94725885.30540508,3560607.7904560417
2018-09-07,22.959999084472656,23.020000457763672,22.899999618530277,22.920000076293945,22.920000076293945,5150900,23.345600051879885,23.02652509652794,22.959047726222447,-0.10196584553189325,-0.1380559235545781,0.03609007802268485,22.972503900212537,43.869985303460716,0.7915580782212573,-22.4298712794703,-62.0690789149158,0.17774740217138732,23.29890203471082,22.926000118255615,22.55309820180041,-108538200.0,-98159791.34847917,2163639.6653072983
2018-09-10,22.959999084472656,22.979999542236328,22.899999618530277,22.920000076293945,22.920000076293945,5132350,23.32520004272461,23.016379856505655,22.95847629365467,-0.09937889135237654,-0.1303205171141378,0.030941625761761266,22.963403571042218,43.869985303460716,-0.8650551716246592,-41.79634303740281,-62.0690789149158,0.17076542054271174,23.2586723276078,22.911000156402586,22.563327985197372,-108538200.0,-100725905.16604121,578967.4298578501
2018-09-11,22.81999969482422,22.979999542236328,22.780000686645508,22.959999084472656,22.959999084472656,3629450,23.303600006103515,23.011010259169176,22.96314285823277,-0.09302874835015018,-0.12286216336134029,0.029833415011190106,22.966725781596406,45.51235558893027,-1.034489959371831,-65.24068061917872,-55.17269728728949,0.17285352828960854,23.262275761771665,22.91400012969971,22.565724497627752,-104908750.0,-97822365.93403953,801912.4137328863
2018-09-12,22.920000076293945,23.18000030517578,22.899999618530277,23.1200008392334,23.1200008392334,7035750,23.29000003814697,23.021390314413388,22.982761973426456,-0.07422973566549729,-0.1131356778221717,0.03890594215667441,23.011302144825557,51.611616894368574,0.347221877287949,47.799719465158496,-27.58618421701684,0.18050691458931986,23.283688882483666,22.92400016784668,22.56431145320969,-97873000.0,-93801903.1289496,2099454.216598302
2018-09-13,23.239999771118164,23.26000022888184,23.020000457763672,23.040000915527344,23.040000915527344,6076400,23.270400047302246,23.023162752614716,22.993809663681755,-0.06503700185588812,-0.10351594262891498,0.038478940773026854,23.027219419778817,48.677630171749335,-0.4321455348258613,71.69717000483367,-47.99995422363281,0.18475641354234698,23.26534826879458,22.94900016784668,22.632652066898782,-103949400.0,-98865545.65014893,828248.3140618056
2018-09-14,23.040000915527344,23.07999992370605,22.8799991607666,22.920000076293945,22.920000076293945,7055050,23.246800041198732,23.01333773582226,22.991047750200543,-0.06666627163785321,-0.09614600843070263,0.029479736792849418,23.00910267113867,44.583477673460976,-0.4344065138191631,-50.506972633047184,-72.0001220703125,0.185845297831377,23.217668954289394,22.969000148773194,22.720331343256994,-111004450.0,-103098521.82459444,-1113941.8210323155
2018-09-17,23.0,23.1200008392334,23.0,23.0,23.0,4289950,23.225600051879884,23.01206747526776,22.99400011698405,-0.06080127516981548,-0.0890770617785252,0.02827578660870972,23.014979551546638,47.739212555933236,0.0,33.3334825471676,-56.00013732910156,0.1868564043696117,23.200000674639178,22.98400011062622,22.76799954661326,-106714500.0,-107388471.82459444,-3172190.8016587943
2018-09-18,23.040000915527344,23.07999992370605,22.940000534057617,22.979999542236328,22.979999542236328,7354400,23.20280002593994,23.009013386407624,22.993619110470725,-0.05710877855441154,-0.08268340513370248,0.025574626579290938,23.014566029963103,47.01833168074817,0.3493446508239965,1.055827668300745,-58.333532015672375,0.18350946894451967,23.194544463014676,22.992000102996826,22.789455742978976,-114068900.0,-110540443.42132476,-4728720.819814831
2018-09-19,23.059999465942383,23.13999938964844,23.040000915527344,23.059999465942383,23.059999465942383,5028450,23.18240001678467,23.01386920350617,23.000095240275066,-0.04718322428881905,-0.0755833689647258,0.02840014467590675,23.034901455598035,50.254117118901625,0.43554174850710087,95.62793773908068,-41.66686534900583,0.1818302075604514,23.200000553134675,23.000000095367433,22.79999963760019,-109040450.0,-113557628.51516764,-5895612.828027338
2018-09-20,23.13999938964844,23.18000030517578,23.059999465942383,23.13999938964844,23.13999938964844,5472050,23.169200019836424,23.025881602186388,23.013428506397066,-0.03248733202681464,-0.06696416157714356,0.03447682955032892,23.072146354788643,53.32407026640879,0.5212811880909352,125.06024258531649,-25.00019868233855,0.17741381750706303,23.2168820303384,23.010000038146973,22.803118045955546,-103568400.0,-111733669.8320234,-5256662.447838619
2018-09-21,22.8799991607666,23.020000457763672,22.86000061035156,22.979999542236328,22.979999542236328,7995200,23.150800018310548,23.021511882191145,23.010571316310337,-0.03336675090824315,-0.06024467944336348,0.026877928535120332,23.060815035315713,47.06782948469478,0.26177777374634476,-45.563206277680905,-58.333532015672375,0.18474132494830164,23.18880571276777,23.02200002670288,22.85519434063799,-111563600.0,-107736165.14232557,-3245461.941235885
2018-09-24,23.040000915527344,23.100000381469727,22.979999542236328,22.979999542236328,22.979999542236328,3839200,23.134400024414063,23.017558326004973,23.006571270170667,-0.03367550643177708,-0.054930844841046204,0.021255338409269124,23.05114693289628,47.06782948469477,0.26177777374634476,12.465920424434225,-58.333532015672375,0.18011699858002345,23.176431401045416,23.01499996185303,22.85356852266064,-111563600.0,-111575365.14232557,-3349219.7393315136
2018-09-25,23.040000915527344,23.07999992370605,23.0,23.040000915527344,23.040000915527344,2701700,23.118800048828124,23.019695715483294,23.008952313377744,-0.02874720811581355,-0.049694117495999675,0.020946909380186125,23.058457968524642,49.63767447167537,0.34844004461999734,29.521736658730852,-45.83323399216437,0.17439437622336276,23.14514503926201,23.006999969482422,22.868854899702832,-108861900.0,-111575300.72871663,-3087171.094283089
2018-09-26,22.920000076293945,23.020000457763672,22.81999969482422,22.899999618530277,22.899999618530277,6514750,23.106000022888182,23.008296087202055,22.998761803763255,-0.03572659685245938,-0.04690061336729162,0.011174016514832241,23.02779694466723,44.24054047512321,-0.9515623387426146,-100.5127580632468,-75.00019868233817,0.17765201159214625,23.144775797672818,22.999999904632567,22.855224011592316,-115376650.0,-112878275.5804206,-3113900.36555247
2018-09-27,22.71999931335449,22.780000686645508,22.65999984741211,22.71999931335449,22.71999931335449,6414450,23.089599990844725,22.980839251597523,22.97209508078439,-0.05514663690969712,-0.04854981807577272,-0.006596818833924399,22.955741400053068,38.45168142597356,-1.3888957875743682,-226.94038716077412,-90.00009536737166,0.1821054275824614,23.154943510042543,22.978999900817872,22.8030562915932,-121791100.0,-112878377.53464493,-2841785.656002
2018-09-28,22.739999771118164,22.899999618530277,22.700000762939453,22.86000061035156,22.86000061035156,3759750,23.077600021362304,22.9693308095741,22.96076181502569,-0.05856512167375172,-0.05055287879536853,-0.008012242878383188,22.933071227468133,44.531144908699666,-0.26177777374636024,-122.03447462135816,-66.6665607029219,0.1833835308077599,23.153197908457166,22.970999908447265,22.788801908437364,-118031350.0,-110622498.84986489,-1754342.2700284123
2018-10-01,22.780000686645508,22.81999969482422,22.71999931335449,22.799999237060547,22.799999237060547,5066050,23.061199989318848,22.95320399314424,22.944476036798385,-0.06536244724517104,-0.05351479248532903,-0.011847654759842008,22.899185608883926,42.589518774981244,-0.8695685345193614,-130.12850138771793,-76.66678322678693,0.18028479706411055,23.157153261850812,22.96099987030029,22.76484647874977,-123097400.0,-107582907.50061172,-182850.70372882485
2018-10-02,23.040000915527344,23.18000030517578,23.020000457763672,23.059999465942383,23.059999465942383,5401400,23.052399978637695,22.963374990553586,22.95390456971668,-0.049202357029983546,-0.05265230539425994,0.003449948364276395,22.939240201424308,52.29585047276632,0.34812848259208184,74.40070931576257,-33.333439297079295,0.19455025678271842,23.167585187781572,22.9689998626709,22.770414537560224,-117696000.0,-110283671.89037879,-382679.12301136553
2018-10-03,23.07999992370605,23.1200008392334,22.940000534057617,23.0,23.0,9399550,23.042399978637697,22.96686308669134,22.956856963748024,-0.04076688924961047,-0.05027522216533005,0.009508332915719578,22.956769136414596,50.187150383834435,-0.26018849666929444,36.103440885311215,-34.61541283057624,0.1935109737277392,23.169987670679348,22.970999908447265,22.772012146215182,-127095550.0,-113416921.62441006,-1426581.1987267584
2018-10-04,23.07999992370605,23.13999938964844,22.959999084472656,22.979999542236328,22.979999542236328,6085650,23.02919998168945,22.968114177695625,22.957714071727935,-0.035288802699131594,-0.04727793827209036,0.011989135572958769,22.966050935760535,49.471046680683585,-0.6914427468986366,36.60086292377743,-38.46165132230496,0.1925459252865252,23.166777810634535,22.9689998626709,22.77122191470726,-133181200.0,-118150176.2974062,-3229978.4257703125
2018-10-05,23.059999465942383,23.1200008392334,23.0,23.059999465942383,23.059999465942383,9478750,23.02119998931885,22.97686515752865,22.966380700610934,-0.024212942653697667,-0.04266493914841182,0.018451996494714157,22.994427302548388,52.39690246540347,0.34812848259208184,57.88874795628826,-23.0770641528812,0.18879273506876623,23.176239958391307,22.97599983215332,22.775759705915334,-123702450.0,-118150326.95702632,-3674145.371642709
2018-10-08,22.76000022888184,22.799999237060547,22.68000030517578,22.780000686645508,22.780000686645508,7869700,23.007600021362304,22.958116160301685,22.947714115324473,-0.037595428514677565,-0.04165103702166498,0.004055608506987413,22.944946039513447,43.0098048449995,-0.8703170564613387,-118.46574568645282,-76.9229358471188,0.20245034529372438,23.185693305906916,22.9689998626709,22.75230641943488,-131572150.0,-112903693.5081914,-1852453.4456300437
2018-10-09,22.76000022888184,22.84000015258789,22.68000030517578,22.84000015258789,22.84000015258789,8308600,22.99560001373291,22.9468670167099,22.935428428649903,-0.0428655619942333,-0.041893942016178645,-0.000971619978054658,22.91996845917467,45.27240600938355,-0.8680588324311509,-82.693632469875,-65.38458716942377,0.1994181651440857,23.18688388857941,22.96299991607666,22.739115943573914,-123263550.0,-104595093.5081914,1704834.4737051278
2018-10-10,22.780000686645508,22.899999618530277,22.739999771118164,22.8799991607666,22.8799991607666,7932100,22.983600006103515,22.940498649477203,22.92752359481085,-0.0433152834469297,-0.04217821030232886,-0.0011370731446008406,22.910048053712718,46.789089887957225,-0.08733824496438598,-44.35171064073914,-57.69247698345743,0.1966025695291008,23.16546659458735,22.95099983215332,22.736533069719293,-115331450.0,-98646065.78723691,4897976.127036408
2018-10-11,23.15999984741211,23.520000457763672,23.1200008392334,23.440000534057617,23.440000534057617,12933900,22.986000022888184,22.988070257532478,22.974095090230307,0.0014984663720021274,-0.03344287496746266,0.03494134133946479,23.047397212439915,62.47052376570926,3.1690195530944503,193.7779360169724,-9.302310108053447,0.2282739227818413,23.272058103058573,22.970999813079835,22.669941523101098,-102397550.0,-90885725.78723691,8228189.8827595115
2018-10-12,23.420000076293945,23.459999084472656,23.31999969482422,23.36000061035156,23.36000061035156,6850400,22.9896000289917,23.0234921958962,23.011142785208566,0.030210117286383564,-0.02071227651669342,0.05092239380307698,23.13893334607224,59.76102900806019,2.187226538277466,161.9584006046041,-18.604620216107293,0.2219685961070459,23.337157098445637,22.992999839782716,22.648842581119794,-109247950.0,-93821504.83900838,7908421.27701354
2018-10-15,23.540000915527344,23.6200008392334,23.479999542236328,23.5,23.5,11034650,22.994000015258788,23.068873891525133,23.05942851475307,0.06352876811962105,-0.003864067589430524,0.06739283570905158,23.249419143902173,62.801622866346456,3.070178887557277,172.58564701392712,-12.500074505728998,0.22468514245723836,23.42707715611037,23.017999839782714,22.608922523455057,-98213300.0,-101703354.74364182,4550798.125278324
2018-10-16,23.6200008392334,23.63999938964844,23.479999542236328,23.5,23.5,7892300,23.000800018310546,23.10993352090369,23.10533329191662,0.08890914962008267,0.014690575852472116,0.07421857376761055,23.33859699089676,62.801622866346456,1.9080682751422426,137.85427071670514,-14.28565867785676,0.22006476242033982,23.503147194515776,23.043999862670898,22.58485253082602,-98213300.0,-107622532.70182303,880141.2923945785
2018-10-17,23.479999542236328,23.57999992370605,23.440000534057617,23.440000534057617,23.440000534057617,6958950,23.00560001373291,23.141368474537398,23.143047641572497,0.10299457203535312,0.03235137508904832,0.0706431969463048,23.39429846387221,60.52830245684058,1.9130458002505095,100.34905152870283,-20.833233992164256,0.21434580513122067,23.553595852779527,23.06299991607666,22.572403979373792,-105172250.0,-114581482.7018232,-2915715.2567301393
2018-10-18,23.459999084472656,23.600000381469727,23.420000076293945,23.5,23.5,6126200,23.010400009155273,23.175523857914786,23.184666697184245,0.11764271426453732,0.049409642924146124,0.0682330713403912,23.453421077109713,62.00929155000306,2.262839286867398,87.42616712629705,-14.583283662748968,0.21189255430145038,23.60673409956375,23.08099994659424,22.55526579362473,-99046050.0,-115262186.01636565,-4420088.058114648
2018-10-19,23.559999465942383,23.559999465942383,23.5,23.5,23.5,5072900,23.01560001373291,23.206426347637187,23.22457146417527,0.12777852126160028,0.06508341859163695,0.06269510266996332,23.499578184730694,62.00929155000307,1.9080682751422426,77.79744977711498,-14.583283662748968,0.2010430445694744,23.660863118150523,23.106999969482423,22.553136820814323,-99046050.0,-120335086.01636565,-6247791.653397903
2018-10-22,23.420000076293945,23.459999084472656,23.399999618530277,23.440000534057617,23.440000534057617,4093250,23.02000003814697,23.228671508248656,23.25628580365862,0.12947723292187518,0.0779621814576846,0.05151505146419058,23.519394851460433,59.42349920976263,2.897277557146985,49.34993196885705,-20.833233992164256,0.19382570937798566,23.69885890476054,23.130000019073485,22.56114113338643,-103139300.0,-118970495.8536037,-5993319.740280613
2018-10-23,23.739999771118164,23.76000022888184,23.57999992370605,23.57999992370605,23.57999992370605,8809000,23.033600044250488,23.262131357339836,23.299142937433153,0.14050065082798824,0.09046987533174533,0.05003077549624291,23.569473520695976,63.27204825201975,3.2399289237058726,88.68987203877093,-16.666696101061827,0.20283813935986203,23.75663690767321,23.15699996948242,22.55736303129163,-94330300.0,-127779495.8536037,-8147233.981252581
2018-10-24,23.600000381469727,23.63999938964844,23.520000457763672,23.6200008392334,23.6200008392334,8209150,23.04760005950928,23.296214165139222,23.343238258361815,0.15072704101498147,0.10252130846839257,0.0482057325465889,23.618329453897605,64.3135366021059,3.234273188854448,70.68130856564834,-12.962907364662414,0.19692105161799428,23.812713323149598,23.193000030517577,22.573286737885557,-86121150.0,-122306555.21082166,-6546332.877014786
2018-10-25,23.63999938964844,23.65999984741211,23.540000915527344,23.600000381469727,23.600000381469727,7411750,23.068800048828123,23.325146185742128,23.382000196547736,0.15542600488956992,0.11310224775262803,0.04232375713694189,23.65049318774819,63.34629797003329,0.6825931901308381,67.75902404259146,-14.814801732861959,0.19142661320630294,23.84089118976417,23.23700008392334,22.63310897808251,-93532900.0,-122306555.21082166,-5296297.6182798
2018-10-26,23.68000030517578,23.84000015258789,23.6200008392334,23.63999938964844,23.63999938964844,11127200,23.09120002746582,23.355132205161773,23.420381082807268,0.16052709684101885,0.1225872175703062,0.03793987927071264,23.68448309913614,64.49630056567088,1.1986248800558923,97.62762729203176,-17.24144734894917,0.19489612524088154,23.878209665973483,23.276000022888184,22.673790379802885,-82405700.0,-131410768.25886062,-7200233.01696609
2018-10-29,23.57999992370605,23.6200008392334,23.479999542236328,23.559999465942383,23.559999465942383,8211400,23.10840000152588,23.374643372855164,23.44742864881243,0.15631254993365218,0.1293322840429754,0.026980265890676786,23.688816450164357,60.413659913966804,0.25531687635056516,39.38422502679788,-25.454599049447125,0.1924035334636226,23.88644761957938,23.314000034332274,22.74155244908517,-90617100.0,-130237807.00492674,-6951334.097725496
2018-10-30,23.459999084472656,23.520000457763672,23.420000076293945,23.459999084472656,23.459999084472656,6053300,23.121199989318846,23.382772488247305,23.461333320254372,0.14325197648518184,0.1321162225314167,0.011135753953765148,23.663737358069035,55.66989135931374,-0.17021666181848405,-51.655793096915644,-52.777976460116506,0.1886603796314786,23.89743246701046,23.334000015258788,22.770567563507115,-96670400.0,-131448605.55343997,-6602826.43276988
2018-10-31,23.299999237060547,23.34000015258789,23.21999931335449,23.34000015258789,23.34000015258789,5691300,23.13,23.37869893247022,23.461904761904762,0.12181426794660055,0.13005583161445347,-0.00824156366785292,23.609602246541446,50.541331470182705,-0.42662277811994503,-190.15423383675386,-80.64505212899766,0.19232747966244143,23.893214118002213,23.351000022888183,22.808785927774153,-102361700.0,-125757305.55344014,-4049129.9850362986
2018-11-01,23.559999465942383,23.71999931335449,23.540000915527344,23.63999938964844,23.63999938964844,10838200,23.143999977111818,23.403584690296718,23.489428511120025,0.12756170873804962,0.12955700703917272,-0.001995298301123105,23.640969746628674,60.37057838317184,0.5957420836103875,89.47353010807682,-32.258143906182426,0.2057326019105247,23.912030300775893,23.38400001525879,22.855969729741684,-91523500.0,-124553137.67347656,-2253188.9323353916
2018-11-02,23.6200008392334,23.700000762939453,23.57999992370605,23.63999938964844,23.63999938964844,8171600,23.161999969482423,23.42610037594926,23.513809403919037,0.13061099472863802,0.12976780457706577,0.0008431901515722484,23.664698068734715,60.370578383171846,0.5957420836103875,81.12443062065064,-32.258143906182426,0.19960890365628967,23.930265753644754,23.41300001144409,22.895734269243427,-91523500.0,-124553267.55665179,-1313691.743392095
2018-11-05,23.57999992370605,23.63999938964844,23.559999465942383,23.600000381469727,23.600000381469727,5255750,23.17159996032715,23.442662281236924,23.531618962969098,0.12832078800354907,0.12947840126236243,-0.0011576132588133614,23.671768123605275,58.57064565093591,0.6825931901308381,42.107932935042996,-38.70958810554369,0.19106540389635562,23.887239019933332,23.453999996185303,23.020760972437273,-96779250.0,-124553142.24968757,-809885.5917546749
2018-11-06,23.600000381469727,23.6200008392334,23.459999084472656,23.5,23.5,6317750,23.17759994506836,23.448123016357215,23.535999915713354,0.11708688292501179,0.1270000975948923,-0.009913214669880516,23.649676663042307,54.218387449658984,-0.33927024582228077,-20.51723304458999,-54.8386600586352,0.18884657152776396,23.816187005606963,23.486999988555908,23.157812971504853,-103097000.0,-127711979.5933761,-1535241.7216444016
2018-11-07,23.559999465942383,23.57999992370605,23.479999542236328,23.5,23.5,4770400,23.186799926757814,23.453063681466052,23.537238012041364,0.10695106688997669,0.12299029145390919,-0.016039224563932503,23.629809385968528,54.218387449658984,-0.5080475654940457,-27.33108897804078,-54.8386600586352,0.18250041433155578,23.693681221487484,23.518000030517577,23.34231883954767,-103097000.0,-130574183.19825137,-2603112.038001016
2018-11-08,23.459999084472656,23.520000457763672,23.399999618530277,23.440000534057617,23.440000534057617,5264350,23.192799949645995,23.451819572189056,23.529809488568986,0.09300480272022682,0.11699319370717272,-0.0239883909869459,23.59642166398171,51.55274713202612,-0.6779654441774425,-75.10870372592392,-64.51598017590617,0.17803615846868065,23.693681221487484,23.518000030517577,23.34231883954767,-108361350.0,-132328910.74891502,-3361643.930085242
2018-11-09,23.200000762939453,23.26000022888184,23.1200008392334,23.200000762939453,23.200000762939453,8441700,23.196399955749513,23.427836828450996,23.499523844037736,0.061873077794668774,0.10596917052467193,-0.04409609273000316,23.505520800292746,42.54268177871655,-1.8612463539303472,-218.2095293263723,-88.88888888888889,0.1881764121174001,23.72410240812538,23.510000038146973,23.295897668168568,-116803050.0,-131122920.74619025,-2982624.345972255
2018-11-12,23.100000381469727,23.1200008392334,23.020000457763672,23.020000457763672,23.020000457763672,6364200,23.196799964904784,23.38899526933792,23.452857217334564,0.022418020214530543,0.08925894046264367,-0.06684092024811313,23.383522277150867,37.28008474682723,-2.2920162157020294,-208.34546917793833,-100.0,0.1875924044224585,23.78854881219349,23.486000061035156,23.183451309876823,-123167250.0,-137487120.74619025,-4581395.939201295
2018-11-13,23.059999465942383,23.100000381469727,22.979999542236328,23.020000457763672,23.020000457763672,6866450,23.199199981689453,23.35385290633085,23.40847630273728,-0.008749537948990138,0.06965724478031692,-0.07840678272930705,23.283385895433184,37.28008474682723,-1.8755270412614973,-159.64921940865196,-95.34873405368961,0.18276443504854678,23.826175423030236,23.46200008392334,23.097824744816442,-123167250.0,-139775864.65384343,-5547185.021666318
2018-11-14,23.020000457763672,23.31999969482422,22.979999542236328,23.21999931335449,23.21999931335449,7254400,23.20439998626709,23.341104945095008,23.385428610302153,-0.017114530503494763,0.05230288972355458,-0.06941742022704935,23.25363875696587,45.903307452966345,-0.5141424098066963,-85.40870605129116,-72.09306967584008,0.19399555866273777,23.830151378938556,23.451000022888184,23.071848666837813,-115912850.0,-136788773.13480937,-4487552.797376066
2018-11-15,23.26000022888184,23.299999237060547,23.21999931335449,23.239999771118164,23.239999771118164,6085650,23.20879997253418,23.331475880906737,23.365333348228816,-0.02187778410204544,0.03746675495843458,-0.05934453906048002,23.235164116816488,46.692619247121755,-1.6920458073506979,-47.24467818230353,-64.86482306758444,0.18585301268071014,23.827234865102728,23.438000011444093,23.048765157785457,-109827200.0,-139831525.58813876,-4614256.050100684
2018-11-16,23.459999084472656,23.479999542236328,23.3799991607666,23.399999618530277,23.399999618530277,4725200,23.218399963378907,23.3380019511566,23.361714263189405,-0.012596837878835032,0.02745403639098066,-0.04005087426981569,23.262334159556655,52.64521103101414,-1.0152274844104097,16.34914915339326,-43.243215378388975,0.1897206385603631,23.821489087192905,23.432999992370604,23.044510897548303,-105102000.0,-142666609.5378609,-5148683.542026818
2018-11-19,23.420000076293945,23.5,23.3799991607666,23.459999084472656,23.459999084472656,4832000,23.22919994354248,23.34962072575813,23.364285605294363,-0.00039560537375038507,0.021884108038034453,-0.02227971341178484,23.300877177269665,54.68854459162,-0.5932258251444634,27.019259673797524,-35.13517693241509,0.18474065256298686,23.822658852702308,23.433999919891356,23.045340987080404,-100270000.0,-141055994.07255057,-4386782.273213595
2018-11-20,23.5,23.5,23.3799991607666,23.440000534057617,23.440000534057617,7477400,23.23879997253418,23.358228326548556,23.364857092357816,0.007572947186847756,0.019021875867797113,-0.011448928680949357,23.32777876285742,53.85441696224707,-0.25531687635056516,21.178935704277084,-37.837684581143236,0.1801163798967571,23.809888666636017,23.426999950408934,23.04411123418185,-107747400.0,-141055875.22330952,-3676259.186375737
2018-11-21,23.479999542236328,23.57999992370605,23.479999542236328,23.5,23.5,4332550,23.24639995574951,23.37173039068679,23.371809478033157,0.01851609593843051,0.018920719881923793,-0.0004046239434932833,23.365708962462705,56.021664318567176,0.0,56.84608671909003,-27.777836646462937,0.17725088042900206,23.795266791607542,23.420999908447264,23.046733025286986,-103414850.0,-143655372.16870242,-3878497.9347147346
2018-11-23,23.459999084472656,23.5,23.420000076293945,23.440000534057617,23.440000534057617,2749300,23.254399948120117,23.37823230910306,23.37361906142462,0.022092496156503216,0.01955507513683968,0.002537421019663536,23.38136192465462,53.32460395700973,0.0,37.8379833543438,-30.302863913533884,0.17030438315036855,23.778354088360285,23.41299991607666,23.047645743793037,-106164150.0,-145029989.39446118,-4046019.4549843967
2018-11-26,23.459999084472656,23.479999542236328,23.420000076293945,23.440000534057617,23.440000534057617,4352400,23.26479995727539,23.38411499719397,23.376190548851376,0.0246427527814177,0.020572610665755286,0.0040701421156624125,23.394200318399385,53.32460395700973,1.0344817380417877,41.696825127749264,-28.124990686793126,0.16242546010312275,23.753604779676856,23.40299997329712,23.052395166917385,-106164150.0,-146480697.15426028,-4208319.868214041
2018-11-27,23.399999618530277,23.440000534057617,23.21999931335449,23.280000686645508,23.280000686645508,5133850,23.270399971008302,23.374199348570308,23.364476331075032,0.013596467405879054,0.019177382013780043,-0.005580914607900989,23.36316783236211,46.41387253241524,1.129453621683786,-11.0793581703646,-49.999841054381356,0.16653801462049542,23.73575028142329,23.389000034332277,23.042249787241264,-111298000.0,-148814216.78076878,-4634624.475859433
2018-11-28,23.26000022888184,23.520000457763672,23.21999931335449,23.399999618530277,23.399999618530277,7707300,23.27879997253418,23.376656517137924,23.365523910522462,0.01435958918615654,0.018213823448255343,-0.0038542342620988025,23.368907300648978,51.49145642136761,1.6507348097747212,26.16156180768408,-30.000031789122662,0.17607109572607532,23.73127641360637,23.386000061035155,23.04072370846394,-103590700.0,-147272776.38137135,-3897234.0086461604
2018-11-29,23.479999542236328,23.559999465942383,23.420000076293945,23.459999084472656,23.459999084472656,5969850,23.286799964904784,23.384593904503134,23.372571436564126,0.019580116762277555,0.018487082111059785,0.0010930346512177704,23.38925794369752,53.84632002086027,1.0335907761208971,73.81893366023448,-20.00012715649421,0.17492314937249398,23.738040084769107,23.392000007629395,23.045959930489683,-97620850.0,-149831353.23831958,-4055372.907574594
2018-11-30,23.399999618530277,23.440000534057617,23.31999969482422,23.420000076293945,23.420000076293945,5438300,23.292399978637697,23.387965920864165,23.375238109770276,0.020256334390140296,0.018840932566875888,0.0014154018232644082,23.395565261422735,52.03284485118766,0.7745279989179654,26.217367591335492,-26.666624281168005,0.17242859501479801,23.708285544360983,23.38100004196167,23.053714539562357,-103059150.0,-146205848.71793494,-2597826.209052533
2018-12-03,23.6200008392334,23.68000030517578,23.559999465942383,23.57999992370605,23.57999992370605,8700250,23.30439998626709,23.40625487351577,23.394190479460217,0.03331881369966183,0.021736508793433078,0.011582304906228753,23.4421858572326,58.110252368454525,0.7692320859408618,137.25494783188861,-14.285753211154672,0.17868371193308202,23.696722297083053,23.37800006866455,23.05927784024605,-94358900.0,-152005969.28934133,-3610883.9951907694
2018-12-04,23.780000686645508,23.799999237060547,23.700000762939453,23.739999771118164,23.739999771118164,6714850,23.319599990844726,23.438040101858856,23.428666641598657,0.05593676892148025,0.028576560819042515,0.027360208102437736,23.52167210365176,63.13967610578641,1.1935238600705247,218.0654086401956,-7.317010764893606,0.1816348264138567,23.728132359176662,23.385000038146973,23.041867717117285,-87644050.0,-153348990.5203629,-4124379.4816459417
2018-12-06,23.799999237060547,23.86000061035156,23.68000030517578,23.71999931335449,23.71999931335449,6582700,23.33319995880127,23.464893360096536,23.460571334475564,0.0714244549412264,0.03714613964347929,0.03427831529774711,23.581053890041858,62.13539658077032,1.194534014152609,177.66202302740078,-21.875158324516832,0.1815180748934151,23.76621034590299,23.3960000038147,23.025789661726407,-94226750.0,-157006123.57889757,-5123135.47367084
2018-12-07,23.81999969482422,23.959999084472656,23.81999969482422,23.920000076293945,23.920000076293945,5381850,23.353599967956544,23.508236856877243,23.51047610328311,0.0986992047929931,0.04945675267338206,0.04924245211961104,23.68070387582251,67.67269750446212,1.787234367208278,191.83026321572407,-5.405273047351211,0.1856953390236229,23.85064007969217,23.417000007629394,22.983359935566618,-88844900.0,-154699553.58843434,-4332069.248563558
2018-12-10,23.86000061035156,23.899999618530277,23.799999237060547,23.84000015258789,23.84000015258789,6647700,23.37599998474121,23.539833361230638,23.550761831374395,0.11256177324397498,0.062077756787500646,0.05048401645647434,23.740318777196567,63.66228070982376,1.7064829753270951,125.75816877674283,-16.216076891948582,0.18100287463381892,23.908300036120256,23.436999988555907,22.96569994099156,-95492600.0,-156028992.15296918,-4037629.9498658776
2018-12-11,23.84000015258789,23.899999618530277,23.780000686645508,23.81999969482422,23.81999969482422,5113400,23.395199966430663,23.56651586919193,23.58723799387614,0.12054452655924663,0.07377111074184985,0.04677341581739679,23.7823725540196,62.662468201830656,1.6211567922725691,97.92656635912861,-18.918842290571682,0.17664545004907006,23.95419308245947,23.467999935150146,22.981806787840824,-100606000.0,-157733513.00365418,-4092467.7847197056
2018-12-12,23.86000061035156,23.920000076293945,23.84000015258789,23.8799991607666,23.8799991607666,4918600,23.416799964904786,23.59637142077047,23.62647601536342,0.13021137585226583,0.08505916376393305,0.04515221208833278,23.830620508707916,64.46540251846862,2.5773129571481532,97.00759047300355,-10.810803844597384,0.1711708021736179,23.983012332882467,23.510999870300292,23.038987407718118,-95687400.0,-157733630.27232835,-3742896.2313089967
2018-12-13,23.799999237060547,23.84000015258789,23.76000022888184,23.84000015258789,23.84000015258789,5803050,23.432399978637694,23.619574157134036,23.657809375581287,0.13311042378152038,0.09466941576745053,0.038441008014069855,23.857861867673495,62.305437244463974,1.8803441932929805,62.71614659617551,-16.216076891948582,0.16751566850729524,23.987320337404306,23.551999855041505,23.116679372678703,-101490450.0,-151930580.27232808,-1413201.392976433
2018-12-14,23.65999984741211,23.780000686645508,23.63999938964844,23.739999771118164,23.739999771118164,6489550,23.44719997406006,23.631043263227763,23.67571412949335,0.1258875913150419,0.10091305087696881,0.024974540438073095,23.852253733163828,57.14991378608358,1.1935238600705247,25.061743352094318,-29.72964613516905,0.16983603243908188,23.992516270074457,23.577999877929688,23.16348348578492,-107980000.0,-149149395.07934698,553251.0016514659
2018-12-17,23.780000686645508,23.920000076293945,23.76000022888184,23.8799991607666,23.8799991607666,6464000,23.465199966430664,23.65475334870765,23.704475965954007,0.1299621030432867,0.1067228613102324,0.023239241733054306,23.88206187902348,61.9027185480832,1.9641293039032643,65.94200250707355,-10.810803844597384,0.1705620519329933,24.013880703723846,23.60999984741211,23.20611899110037,-101516000.0,-145917472.13630515,2335752.372089684
2018-12-18,23.899999618530277,23.959999084472656,23.8799991607666,23.920000076293945,23.920000076293945,6260950,23.482399978637694,23.68001494181111,23.733999797276088,0.13486429092893104,0.11235114723397213,0.02251314369495891,23.914970398925078,63.16003880052682,1.4419005669549494,88.53144279470752,-5.405273047351211,0.16409332838298546,24.049298491746868,23.635999870300292,23.222701248853717,-95255050.0,-145917322.8634825,2852663.849340707
2018-12-19,23.979999542236328,24.1200008392334,23.799999237060547,23.81999969482422,23.81999969482422,7679350,23.503199958801268,23.69334682305045,23.751523590087892,0.129190883019195,0.11571909439101671,0.0134717886281783,23.914048489386364,58.00607010399787,0.33698367513626415,81.61557030149478,-37.500089406839265,0.17522963382190454,24.066426473504073,23.653999900817873,23.241573328131672,-102934400.0,-152636736.94888362,666799.1674666405
2018-12-20,24.18000030517578,24.280000686645508,24.059999465942383,24.18000030517578,24.18000030517578,15420400,23.529999961853026,23.739694773729052,23.801618866693406,0.15199164194394754,0.12297360390160289,0.02901803804234465,24.004773762343213,68.09851791204312,1.9392959744408995,202.58629945886977,-10.416695641116835,0.19557044539287732,24.150124949163946,23.690999889373778,23.23187482958361,-87514000.0,-151234858.09606075,158016.05373755097
2018-12-21,24.18000030517578,24.18000030517578,24.020000457763672,24.059999465942383,24.059999465942383,9433100,23.553599967956544,23.770199982511272,23.836761683509465,0.1585506694026293,0.1300890170018082,0.028461652400821102,24.045892657457706,62.69004906327855,0.5852817274327048,148.57034644943215,-30.555673292925867,0.1930296883611596,24.19606984963526,23.7189998626709,23.241929875706536,-96947100.0,-155951520.5474829,-1565243.8231257498
2018-12-24,24.239999771118164,24.36000061035156,24.21999931335449,24.299999237060547,24.299999237060547,6625700,23.570799942016603,23.820657054373108,23.89209495726086,0.18102794423122504,0.14027680244769156,0.04075114178353348,24.139550146417946,68.14001156306281,1.9295263486930903,213.4694767623609,-8.333509939388396,0.20067050674271128,24.283673761428027,23.761999797821044,23.24032583421406,-90321400.0,-155005069.34790763,-1826775.3162389994
2018-12-26,24.440000534057617,24.520000457763672,24.239999771118164,24.280000686645508,24.280000686645508,9310250,23.589199943542482,23.86440406697048,23.94142837524414,0.194980022263465,0.15121744641084625,0.04376257585261875,24.20855226535114,67.25837903455961,1.9311544824294913,168.73369835578706,-27.27266816075472,0.20633694822797424,24.34990822335009,23.803999805450438,23.258091387550785,-99631650.0,-161655193.55857378,-3883643.601702839
2018-12-27,24.459999084472656,24.520000457763672,24.34000015258789,24.420000076293945,24.420000076293945,8588500,23.60759994506836,23.91731797262033,24.000095067705427,0.21485718545426025,0.16394539421952906,0.05091179123473119,24.29858573062071,70.16826654788456,2.2613104460009055,150.18579319073518,-11.363665919622735,0.20874143560234734,24.414169067359612,23.86099977493286,23.30783048250611,-91043150.0,-162609491.56009966,-4675671.482450545
2018-12-28,24.5,24.559999465942383,24.459999084472656,24.540000915527344,24.540000915527344,6015200,23.628399963378907,23.976621110040046,24.064761843000138,0.2375546630445342,0.1786672479845301,0.05888741506000411,24.40038690556993,72.43006831343605,2.936244792194208,140.53500817730728,-2.1737552996299425,0.20383128941523698,24.503409540298055,23.917999839782716,23.332590139267378,-85027950.0,-159000187.991464,-3426207.0725132227
2018-12-31,24.540000915527344,24.57999992370605,24.5,24.57999992370605,24.57999992370605,6052450,23.651199951171876,24.03408575896062,24.127809470040457,0.2558212155065043,0.19409804148892493,0.061723174017579346,24.490738167480597,73.16053354552417,3.5383326060930402,122.7264111230337,0.0,0.19498619178505072,24.587071152078117,23.973999881744383,23.36092861141065,-78975500.0,-152947737.99146426,-677809.6254923046
2019-01-02,24.600000381469727,24.68000030517578,24.5,24.600000381469727,24.600000381469727,12776450,23.67319995880127,24.087982389675776,24.187428565252397,0.2688127536329965,0.20904098391773926,0.059771769715257245,24.566216250527276,73.53807161087052,3.0150805946678743,111.35008791575362,-7.692293584711907,0.1939157713040229,24.648568368864698,24.032999897003172,23.417431425141647,-66199050.0,-151528102.3505962,959856.0908826888
2019-01-03,24.700000762939453,24.81999969482422,24.68000030517578,24.81999969482422,24.81999969482422,14455750,23.699599952697753,24.15769832349944,24.262380926949636,0.29347771871612593,0.22592833087741662,0.06754938783870931,24.68116735708998,77.317632329192,3.7625401992461667,129.80128630224974,0.0,0.19577888146492936,24.763117008838268,24.094999885559083,23.4268827622799,-51743300.0,-137072352.3505962,6142107.421137631
2019-01-04,24.600000381469727,24.65999984741211,24.459999084472656,24.63999938964844,24.63999938964844,14844250,23.72359992980957,24.203631758370772,24.314285641624814,0.29509864742859193,0.23976239418765172,0.055336253240940214,24.724403575421547,68.6748397397631,3.442484069394836,76.33027123889757,-15.254259205379118,0.20750900504127745,24.82737194398528,24.139999866485596,23.45262778898591,-66587550.0,-125197008.97669953,11482264.273287445
2019-01-07,24.780000686645508,24.780000686645508,24.63999938964844,24.700000762939453,24.700000762939453,7559100,23.74599994659424,24.25090499690112,24.367619060334704,0.2977920926091109,0.2513683338719436,0.04642375873716731,24.771012276235126,69.88336203089531,2.1505395004166505,95.61222885463258,-11.320659655057664,0.2026870258630283,24.88922593990604,24.188999938964844,23.488773938023648,-59028450.0,-126276792.13360478,12279464.31985277
2019-01-08,24.559999465942383,24.65999984741211,24.540000915527344,24.63999938964844,24.63999938964844,7574400,23.766399917602538,24.2879616057342,24.41057138897124,0.29172226526454637,0.2594391201504641,0.03228314511408226,24.789273912871245,67.09569620662008,2.4106398029104894,63.11477182544118,-17.647080822926718,0.19963794166903598,24.940080583970072,24.22499990463257,23.509919225295064,-66602850.0,-121227272.39554921,13095942.044660538
2019-01-09,24.6200008392334,24.799999237060547,24.600000381469727,24.780000686645508,24.780000686645508,4953000,23.789999923706056,24.334822470582896,24.463428606305804,0.29481042690301607,0.2665133815009745,0.028297045402041587,24.83629158387839,70.09340500025185,1.9753146693638512,87.78432364387973,-3.9214696301615226,0.1996637212350263,25.00307077585985,24.27199993133545,23.54092908681105,-61649850.0,-117264806.26548636,13500200.15122366
2019-01-10,24.71999931335449,24.76000022888184,24.63999938964844,24.63999938964844,24.63999938964844,5409750,23.809999923706055,24.36388693906533,24.498476173764182,0.28270206914532636,0.26975111902984483,0.01295095011548153,24.834304311308458,63.83084351611327,1.4826964284269557,67.67026699025766,-22.50005960470117,0.1954021194809343,25.029913064387525,24.31299991607666,23.596086767765794,-67059600.0,-122674556.26548636,10717003.453797325
2019-01-11,24.700000762939453,24.739999771118164,24.65999984741211,24.68000030517578,24.68000030517578,4536900,23.832399940490724,24.393992973932992,24.533428591773625,0.27318474428726347,0.2704378440813286,0.002746900205934877,24.83902416079341,64.79858101782321,1.0647019986467354,67.45960385598529,-17.499940395298385,0.18858770958912338,25.057985342088852,24.35299997329712,23.648014604505388,-62522700.0,-124942952.18137221,7882387.608541295
2019-01-14,24.780000686645508,24.780000686645508,24.700000762939453,24.739999771118164,24.739999771118164,3691600,23.857999954223633,24.426946002236342,24.57028571537563,0.26740121646182047,0.269830518557427,-0.0024293020956065448,24.854660197408542,66.25694434746786,0.8149912311709566,86.64333546854758,-13.333312140584141,0.18226004326567888,25.080806209738363,24.397999954223632,23.7151936987089,-58831100.0,-124943040.19605881,6006163.339123428
2019-01-15,24.780000686645508,24.81999969482422,24.63999938964844,24.700000762939453,24.700000762939453,6946950,23.885199966430665,24.452951217541397,24.59904769715809,0.2566318510861869,0.267190785063179,-0.010558933976992091,24.853476266266174,64.34315369151872,0.488205205882315,66.66660611592849,-20.689473736134723,0.18209863340142282,25.069423145049214,24.446000003814696,23.822576862580178,-65778050.0,-127258592.0461839,3955835.700310558
2019-01-16,24.739999771118164,24.81999969482422,24.71999931335449,24.780000686645508,24.780000686645508,4900250,23.907999992370605,24.484098786027502,24.630857285999117,0.2516514949070583,0.26408292703195485,-0.012431432124896558,24.869836996967184,66.43157911761291,0.7317085462785962,94.06239123709013,-8.3331346509946,0.17766294041829675,25.07306217810244,24.49100008010864,23.908937982114843,-60877800.0,-126278429.88879013,3069313.6526659727
2019-01-17,24.739999771118164,24.780000686645508,24.700000762939453,24.76000022888184,24.76000022888184,4706400,23.930400009155274,24.510375113918393,24.656476347787038,0.24328620503163734,0.25992358263189136,-0.016637377600254022,24.874799183057462,65.40026585453631,-0.24173838307859088,68.44487055975269,-16.666490060610208,0.1706870106273606,25.063098473412058,24.53300008773804,24.00290170206402,-65584200.0,-123925285.99350326,3176344.631433025
2019-01-18,24.57999992370605,24.63999938964844,24.540000915527344,24.540000915527344,24.540000915527344,6900150,23.949200019836425,24.513196618833533,24.657143093290784,0.21640990785274283,0.2512208476760617,-0.03481093982331884,24.81871078668396,55.24136935853998,-0.40583797320671955,-104.02141586181256,-77.77730682829653,0.17420931797709838,24.98632037494845,24.569000148773192,24.151679922597936,-72484350.0,-130825435.993503,735869.1562529653
2019-01-22,24.559999465942383,24.63999938964844,24.5,24.600000381469727,24.600000381469727,6436200,23.97120002746582,24.521463643846502,24.66009549640474,0.19767305227091825,0.240511288595033,-0.042838236324114765,24.785611102909,57.19426795422037,-0.4048598315015837,-103.0432555198221,-61.11081676768533,0.1717657516601234,24.967253645289798,24.59000015258789,24.212746659885983,-66048150.0,-128066989.40494722,548283.1803786159
2019-01-23,24.520000457763672,24.63999938964844,24.5,24.57999992370605,24.57999992370605,10005000,23.992800025939943,24.527038527642652,24.659143093654087,0.17914501719550557,0.22823803431512754,-0.04909301711962197,24.75100038107481,56.31223882014416,-0.24350433209668185,-105.46969161186229,-66.66649006061218,0.16949672579543335,24.904887780508975,24.616000175476074,24.327112570443173,-76053150.0,-126637664.74554722,876484.6563865095
2019-01-24,24.540000915527344,24.600000381469727,24.5,24.520000457763672,24.520000457763672,12778800,24.014400024414062,24.526368235273228,24.650000263395764,0.15780092955759528,0.21415061336362112,-0.05634968380602584,24.705120702429042,53.63978865673879,-1.0492341472046682,-113.10401368533714,-83.3329801212224,0.16453270118710334,24.88164491741938,24.62700023651123,24.37235555560308,-88831950.0,-134304847.2514123,-1508489.5967843086
2019-01-25,24.71999931335449,24.920000076293945,24.71999931335449,24.899999618530277,24.899999618530277,7368700,24.048400001525877,24.561952176535804,24.676000204540433,0.16959337594736468,0.20523916588036986,-0.035645789933005184,24.764496362820637,64.97648447393604,1.0551957602363624,150.6896417702043,-4.762012888223999,0.18135176675451886,24.885648863652037,24.658000183105468,24.4303515025589,-81463250.0,-128409915.36066467,-471365.31722682714
2019-01-28,24.899999618530277,25.0,24.8799991607666,24.959999084472656,24.959999084472656,5536000,24.08719997406006,24.599861405863123,24.70476200467064,0.1816860662601414,0.2005285459563242,-0.0188424796961828,24.827117706791096,66.37464610933829,1.134516919913307,187.16534486718405,-8.00018310546875,0.17696955763548738,24.921262254014493,24.685000133514404,24.448738013014314,-75927250.0,-126564640.68848792,582897.039850831
2019-01-29,25.07999992370605,25.13999938964844,25.020000457763672,25.13999938964844,25.13999938964844,11817950,24.129599952697752,24.651303118604584,24.7480952671596,0.2034488984991576,0.20111261646489087,0.0023362820342667234,24.923315170760777,70.21605397025539,1.616813347739972,224.90651594095434,0.0,0.17718603960312765,25.014031356362977,24.715000057220458,24.415968758077938,-64109300.0,-114746690.68848757,4721452.364123523
2019-01-30,25.1200008392334,25.36000061035156,25.07999992370605,25.26000022888184,25.26000022888184,6653350,24.1703999710083,24.709274271964325,24.800000045413064,0.22775376109251155,0.20644084539041502,0.021312915702096535,25.03114105867569,72.47375414597029,2.267204245526278,204.6639820923481,-11.627943081207858,0.18452994297829667,25.123907719679043,24.749000072479248,24.374092425279454,-57455950.0,-112845740.02023566,6590122.721758559
2019-01-31,25.3799991607666,25.3799991607666,25.26000022888184,25.280000686645508,25.280000686645508,7894800,24.211199989318846,24.76362916860063,24.850571532476515,0.24579602601042083,0.21431188151441619,0.031484144496004646,25.122150469473965,72.84324378104847,2.0177561991330415,168.19456771485017,-11.363473805359225,0.17992058503430258,25.21645583939362,24.78300008773804,24.349544336082456,-49561150.0,-118108856.36318015,5080848.784239769
2019-02-01,25.299999237060547,25.36000061035156,25.200000762939453,25.239999771118164,25.239999771118164,16128000,24.247999992370605,24.808997797411823,24.89409531184605,0.2539396531147453,0.22223743583448202,0.03170221728026329,25.183469476820473,70.79641634718976,1.9386087956348994,121.56875765159094,-15.909036722998525,0.1784976752016399,25.28109110586703,24.804000091552734,24.326909077238437,-65689150.0,-126173048.62410587,1435643.8373021036
2019-02-04,25.13999938964844,25.200000762939453,25.100000381469727,25.1200008392334,25.1200008392334,6915800,24.28120002746582,24.838617134728164,24.924190621148973,0.24785352419296558,0.22736065350617873,0.020492870686786846,25.199516810264594,64.9044711330595,2.3634877834868693,70.7705382141946,-29.545291987177404,0.17574779765762874,25.31779999098718,24.828000164031984,24.33820033707679,-72604950.0,-130322475.86094044,-1506361.7470108718
2019-02-05,25.200000762939453,25.21999931335449,25.13999938964844,25.18000030517578,25.18000030517578,5698250,24.316000022888183,24.871129817627935,24.957714444115048,0.2450469301648397,0.23089790883791095,0.014149021326928746,25.225184562011098,66.40974464134106,2.357723230536806,69.93085531244502,-22.72716435508797,0.17033713168251738,25.361022660701543,24.852000141143797,24.34297762158605,-66906700.0,-130322340.00394404,-2572924.2818208784
2019-02-06,25.18000030517578,25.18000030517578,25.020000457763672,25.020000457763672,25.020000457763672,5877500,24.34640003204346,24.88530797383134,24.973714474269322,0.22729195350975573,0.2301767177722799,-0.002884764262524181,25.201752746643283,59.12683194261709,1.7900754085571193,36.42285236062773,-40.908982536906144,0.16959875423359,25.375297601690615,24.87100019454956,24.366702787408503,-72784200.0,-136199840.00394404,-4645456.747713998
2019-02-07,25.100000381469727,25.13999938964844,25.020000457763672,25.100000381469727,25.100000381469727,5073300,24.3796000289917,24.905754869796898,24.995524015880765,0.21717289786753824,0.2275759537913316,-0.01040305592379337,25.20056706511794,61.405858402003005,2.365415631639646,34.58239183820137,-31.81807344599705,0.16605590977546428,25.39898056156773,24.887000179290773,24.375019797013817,-67710900.0,-134508686.24484438,-4532902.310619116
2019-02-08,25.15999984741211,25.21999931335449,25.13999938964844,25.18000030517578,25.18000030517578,4497550,24.414400024414064,24.931873482690122,25.023428789774577,0.21315171829685653,0.22469110669243658,-0.011539388395580052,25.217839595598953,63.592067831399675,1.124500766807768,53.656383546675855,-22.72716435508797,0.16276612563641457,25.42798061251952,24.914000225067138,24.400019837614757,-63213350.0,-134508579.01479408,-4074741.1667352915
2019-02-11,24.979999542236328,25.100000381469727,24.979999542236328,25.059999465942383,25.059999465942383,13084450,24.45,24.944075957285573,25.037333479381743,0.19799942555138372,0.21935277046422602,-0.021353344912842298,25.198475045208443,58.260848204627884,0.4006425686607325,3.5786580894544424,-36.36363636363637,0.16542574258963405,25.439007898688217,24.93300018310547,24.426992467522723,-76297800.0,-130147234.32831232,-2129180.010653615
2019-02-12,25.13999938964844,25.15999984741211,25.059999465942383,25.1200008392334,25.1200008392334,3733500,24.48440002441406,24.96083070794727,25.05514306567964,0.18865800174778613,0.21321381672093806,-0.02455581497315193,25.195978393315382,60.06367226394585,-0.07954873071030046,18.974107420027956,-29.545291987177404,0.16075250250474185,25.456127023524765,24.952000236511232,24.4478734494977,-72564300.0,-129400448.87560485,-902093.2563356757
2019-02-13,25.1200008392334,25.26000022888184,25.0,25.020000457763672,25.020000457763672,5667850,24.515600051879883,24.9664659222155,25.061619277227493,0.17121203526877693,0.20481346043050586,-0.033601425161728926,25.166002464278332,55.74231773276469,-0.9501178501327016,-16.614878957301094,-54.54527064127359,0.16784162582429218,25.459267845282056,24.968000221252442,24.476732597222828,-78232150.0,-134196302.762191,-1844048.2519979626
2019-02-14,25.1200008392334,25.18000030517578,25.040000915527344,25.15999984741211,25.15999984741211,5786550,24.550400047302247,24.98489772461518,25.079904955909367,0.16676045118716232,0.19720285858183717,-0.030442407394674853,25.176011990534313,60.07324779149577,-0.47468685116290543,-8.07663159042546,-43.99986267089844,0.16728149879434429,25.477106179136193,24.98700017929077,24.49689417944535,-72445600.0,-130063097.81123732,-746642.0611020029
2019-02-15,25.26000022888184,25.34000015258789,25.18000030517578,25.31999969482422,25.31999969482422,4073150,24.58520004272461,25.01681219796842,25.11161919548398,0.17413585945025645,0.19258945875552105,-0.018453599305264606,25.224122245439357,64.36511234060713,0.3169569113768284,114.63579931276207,-14.999880790596764,0.16818998496520943,25.51393886329082,25.01500015258789,24.51606144188496,-68372450.0,-127008259.58912636,742167.3659454733
2019-02-19,25.520000457763672,25.700000762939453,25.520000457763672,25.68000030517578,25.68000030517578,6201300,24.624000053405762,25.079972970083407,25.174952543349495,0.20664785638585315,0.19540113828158748,0.011246718104265668,25.355258922308693,71.72879002685063,2.2292971625532503,277.21579059386556,-2.777836646462939,0.18331934805914518,25.60045450657355,25.072000122070314,24.54354573756708,-62171150.0,-122185055.46078321,2818411.866397217
2019-02-20,25.739999771118164,25.799999237060547,25.600000381469727,25.65999984741211,25.65999984741211,11708300,24.662800064086912,25.13521362506709,25.230952517191568,0.228169779218792,0.20195486646902838,0.02621491274976362,25.455440570779903,70.85280275995713,1.9062729802178104,207.9849710871572,-17.073102652611205,0.18451074145512703,25.66594374511085,25.125000095367433,24.584056445624014,-73879450.0,-126868397.79272099,1921410.9776566029
2019-02-21,25.559999465942383,25.600000381469727,25.34000015258789,25.34000015258789,25.34000015258789,6631000,24.691200065612794,25.154717103878596,25.251428713117328,0.21690441798547866,0.20494477677231845,0.011959641213160205,25.4520000175385,58.53544573060829,1.2789755754177985,79.7927628410716,-56.09747020348161,0.194188523845137,25.649501901481912,25.163000106811523,24.676498312141135,-80510450.0,-133499397.79272099,-730081.2929787934
2019-02-22,25.440000534057617,25.540000915527344,25.420000076293945,25.459999084472656,25.459999084472656,6081800,24.72360004425049,25.183791578220887,25.279714330037436,0.21517899941473573,0.20699162130080193,0.008187378113933802,25.47777100338305,61.25553211049052,1.434257759090321,83.26264689967546,-41.463448673694394,0.19460368378070433,25.613484846840677,25.210000038146973,24.806515229453268,-74428650.0,-135526793.34862974,-2393492.0539389104
2019-02-25,25.5,25.540000915527344,25.3799991607666,25.440000534057617,25.440000534057617,6008600,24.756000061035156,25.20819243115772,25.30161913917178,0.2097796674596566,0.20754923053257288,0.0022304369270837177,25.491252130035353,60.5427226381435,1.0325664246651838,63.83811502848514,-43.90229719294002,0.19213211742070352,25.625901066887156,25.23700008392334,24.848099100959526,-80437250.0,-137028889.62814862,-3334327.812911421
2019-02-26,25.399999618530277,25.479999542236328,25.36000061035156,25.459999084472656,25.459999084472656,4565450,24.787600059509277,25.232174017187713,25.322857139224098,0.20475409610391182,0.20699020364684068,-0.0022361075429288557,25.50510747928118,61.03107273653133,1.5961677057251742,48.51473322243133,-41.463448673694394,0.18697974702250747,25.640607763005647,25.26200008392334,24.883392404841032,-75871800.0,-133985304.67249496,-2447681.063609332
2019-02-27,25.3799991607666,25.399999618530277,25.21999931335449,25.299999237060547,25.299999237060547,5501450,24.816800041198732,25.238633561937505,25.326476106189546,0.1857197820446963,0.20273611932641183,-0.017016337281715532,25.47267188473103,55.150013881826396,0.716554107538165,-1.2480039205780151,-60.975632449129606,0.19076689160266097,25.644699593768273,25.270000076293947,24.89530055881962,-81373250.0,-134596589.84924227,-2056945.307531774
2019-02-28,25.280000686645508,25.299999237060547,25.13999938964844,25.15999984741211,25.15999984741211,6788000,24.84520004272461,25.23114463674461,25.315999893915084,0.1575223506925063,0.19369336559963074,-0.03617101490712443,25.407739256512276,50.55913907820957,0.5595499084213481,-45.99909858373566,-78.0487351017408,0.18856924558803034,25.642756246201802,25.26500005722046,24.887243868239114,-88161250.0,-139687549.38957092,-3329954.596738085
2019-03-01,25.040000915527344,25.13999938964844,24.700000762939453,24.71999931335449,24.71999931335449,14887750,24.862000045776366,25.182464129755076,25.264095061165946,0.09853546186562312,0.17466178485282924,-0.07612632298720612,25.23880084341349,39.44544520156723,-1.748809764412133,-152.59264003646865,-98.18194744033491,0.2079570912309984,25.6830088240279,25.236999988555908,24.790991153083915,-103049000.0,-153221961.44318506,-7854411.814223558
2019-03-04,24.63999938964844,24.700000762939453,24.559999465942383,24.65999984741211,24.65999984741211,7072200,24.87680004119873,25.132705626674795,25.2091426667713,0.04641146949741426,0.14901172178174624,-0.10260025228433198,25.084036473542632,38.21195175856716,-2.6066344998693785,-186.2697357520663,-91.93545161870863,0.20453157381399295,25.71999990940282,25.207999992370606,24.696000075338393,-110121200.0,-150191073.64329132,-8026915.301935613
2019-03-05,24.600000381469727,24.68000030517578,24.540000915527344,24.68000030517578,24.68000030517578,7662150,24.89400005340576,25.08959083415108,25.158856982276554,0.00664015621574876,0.12053740866854676,-0.113897252452798,24.962567838858067,38.89787189714025,-3.894080950608287,-151.53385352806413,-88.88892252823939,0.1999221320861697,25.746727951491756,25.185999965667726,24.625271979843696,-102459050.0,-142528923.64329132,-4929808.519460052
2019-03-06,24.6200008392334,24.65999984741211,24.57999992370605,24.63999938964844,24.63999938964844,5261400,24.903200035095214,25.046772601341306,25.106856927417574,-0.027786332137772263,0.09087266050728296,-0.11865899264505522,24.85355771994354,37.98953341101295,-3.975060264337993,-126.35387892267046,-92.0636025927863,0.19278486418253377,25.768192821045034,25.158999919891357,24.54980701873768,-107720450.0,-139898286.36412638,-2377624.926943928
2019-03-07,24.57999992370605,24.68000030517578,24.559999465942383,24.6200008392334,24.6200008392334,7998900,24.914400062561036,25.006127671616742,25.055523681640626,-0.056037324674210964,0.06149066347098418,-0.11752798814519515,24.760536840422517,37.51782588378193,-2.8413548106508637,-103.805029371409,-93.6507912479829,0.1875860052559305,25.789965241852375,25.138999938964844,24.488034636077312,-115719350.0,-139898159.22592404,-1117361.6472189724
2019-03-08,24.8799991607666,24.920000076293945,24.799999237060547,24.899999618530277,24.899999618530277,9244100,24.92640007019043,24.99602023798946,25.032761746361142,-0.05519660623691891,0.03815320952940356,-0.09334981576632248,24.758907037526882,47.37100213818345,-2.199526653887067,-47.48574619424296,-71.4286363044614,0.19561552181579103,25.788147729493872,25.12899990081787,24.46985207214187,-106475250.0,-133735474.8692518,1460633.048629582
2019-03-11,24.81999969482422,24.84000015258789,24.71999931335449,24.780000686645508,24.780000686645508,5176750,24.93640007019043,24.975446947385272,24.999523725963773,-0.06348146691376044,0.01782627424077076,-0.08130774115453121,24.728516839248524,44.15714180579327,-2.5943389683838225,-55.00223037473519,-80.9523737439487,0.19450014919833997,25.784807396285107,25.108999919891357,24.433192443497607,-111652000.0,-133735392.58760196,2382508.6003080606
2019-03-12,24.84000015258789,24.940000534057617,24.81999969482422,24.940000534057617,24.940000534057617,4517300,24.946800079345703,24.972071098496922,24.98342854636056,-0.05648549851186857,0.0029639196902428947,-0.05944941820211146,24.74720921580973,49.114344445270426,-2.0424138614057203,-24.556027445727146,-62.26416791873971,0.192035841927263,25.78256137398005,25.10299997329712,24.423438572614188,-107134700.0,-129218092.58760196,3980370.5441485047
2019-03-13,25.059999465942383,25.1200008392334,25.020000457763672,25.1200008392334,25.1200008392334,4895850,24.958400077819825,24.98615964523373,24.98504767644973,-0.036001618598795915,-0.004829187967564867,-0.031172430631231048,24.811208727025896,54.05562731291579,-0.7114561393483321,22.16961080249939,-42.00000762939453,0.19117616073052388,25.78256137398005,25.10299997329712,24.423438572614188,-102238850.0,-124322242.58760196,5829959.92625156
2019-03-14,24.799999237060547,24.84000015258789,24.76000022888184,24.81999969482422,24.81999969482422,5583500,24.963200073242188,24.970334888051873,24.95809526897612,-0.04347443510297211,-0.012558237394646315,-0.030916197708325793,24.78749035453268,46.032506706050185,-1.3513519660170512,-36.34396707077256,-72.0001220703125,0.2032350499918355,25.78295916717315,25.092999935150146,24.403040703127143,-107822350.0,-121530559.14817214,6944876.683634877
2019-03-15,24.940000534057617,25.020000457763672,24.899999618530277,24.920000076293945,24.920000076293945,8095300,24.96960006713867,24.96554109645588,24.941619091942197,-0.04085653230264441,-0.018217896376245934,-0.022638635926398476,24.79554004610907,48.76245338278982,0.8090645974711262,12.696335208303266,-59.57449830570379,0.20300402948804647,25.77422122117879,25.08099994659424,24.387778672009688,-99727050.0,-126927382.92469618,5052455.366067231
2019-03-18,25.0,25.020000457763672,24.920000076293945,24.959999084472656,24.959999084472656,4235750,24.97240005493164,24.96501328579081,24.93009520031157,-0.03514906327613332,-0.021604129756223413,-0.013544933519909905,24.814006528082274,49.855102982519014,1.2165419258590533,37.13422269927636,-51.162929958060644,0.19564662605676383,25.749122206151924,25.06299991607666,24.376877626001395,-95491300.0,-127774629.87295,3549390.3102481216
2019-03-19,25.100000381469727,25.100000381469727,25.0,25.020000457763672,25.020000457763672,6322100,24.980000076293944,24.970250159312037,24.92600001380557,-0.025490406046667857,-0.022381385014312305,-0.0031090210323555523,24.84605081622835,51.525064545487865,1.377634312737781,83.98279175158348,-36.84202601026959,0.1916719596946535,25.655011678480015,25.029999923706054,24.404988168932093,-89169200.0,-131567841.63933884,1404897.1971758455
2019-03-20,25.059999465942383,25.21999931335449,24.8799991607666,25.18000030517578,25.18000030517578,7778450,24.98960006713867,24.990226363680012,24.940285764421734,-0.004869072457410084,-0.018878922502931862,0.014009850045521778,24.914950301070792,55.756362590674776,2.191562211459311,117.1204274144087,-5.882220944419803,0.20226683061734035,25.565871128308775,25.005999946594237,24.4461287648797,-81390750.0,-125619568.96602257,2292518.8472309113
2019-03-21,25.21999931335449,25.21999931335449,24.959999084472656,25.07999992370605,25.07999992370605,3919750,24.998400077819824,24.998776226539633,24.94733338128953,0.0033654926301203147,-0.014430039476321427,0.01779553210644174,24.946260900260015,52.662341199207454,1.8683958927394408,96.17512496673025,-20.58819404513145,0.20639064477971925,25.53296633292504,24.992999935150145,24.45303353737525,-85310500.0,-125921066.07749243,2351295.091582954
2019-03-22,25.13999938964844,25.18000030517578,25.07999992370605,25.13999938964844,25.13999938964844,6488200,25.00560005187988,25.012226051597615,24.961333329336984,0.01456500395472915,-0.008631030790111313,0.023196034744840464,24.98799996155274,54.300917868950386,0.9638545172489045,103.21315518467162,-11.76472238194648,0.19879134025650005,25.478242246619143,24.976999950408935,24.475757654198727,-78822300.0,-124623525.07918955,2574439.7735885233
2019-03-25,25.26000022888184,25.3799991607666,25.239999771118164,25.34000015258789,25.34000015258789,5116250,25.019600067138672,25.043442632644307,24.995904777163553,0.03912804372895451,0.0009207841137018518,0.038207259615252655,25.07437106991134,59.351831323278816,2.259884787832871,159.50912480274545,-4.877929642069612,0.2017347996041489,25.45637969971118,24.97199993133545,24.48762016295972,-73706050.0,-122430786.76175086,3129375.7196314335
2019-03-26,25.26000022888184,25.26000022888184,25.13999938964844,25.21999931335449,25.21999931335449,6634750,25.030400047302248,25.060257554616708,25.019523765927268,0.04835397040832845,0.010407421372627172,0.03794654903570128,25.113925311144154,55.39565647541132,1.122689548119737,97.53473553158881,-19.51218377543563,0.20161093984236952,25.40578000639185,24.95999994277954,24.51421987916723,-80340800.0,-120219273.73226742,3775569.5051544905
2019-03-27,25.200000762939453,25.21999931335449,25.059999465942383,25.07999992370605,25.07999992370605,6919200,25.037200050354002,25.062137780244264,25.030952335539318,0.04386317566484621,0.01709857223107098,0.02676460343377523,25.109644133233772,51.114946482794295,-0.15923930808502326,49.94579174924533,-45.454440366442505,0.19863871895415625,25.370895655209598,24.948999977111818,24.527104299014038,-87260000.0,-125408632.4905827,2045528.3120268285
2019-03-28,24.799999237060547,24.81999969482422,24.68000030517578,24.71999931335449,24.71999931335449,7862450,25.037600021362305,25.029553164350002,25.00914274851481,0.01112688407806317,0.01590423460046942,-0.00477735052240625,25.01235175527173,42.104772171659064,-0.40290242828078465,-134.66017813507375,-94.285846632571,0.21302164035396573,25.34847833685927,24.926999950408934,24.5055215639586,-95122450.0,-128778345.7344523,79645.58160455525
2019-03-29,24.86000061035156,24.8799991607666,24.739999771118164,24.76000022888184,24.76000022888184,7075800,25.03720001220703,25.003881456210177,24.99323801313128,-0.011457053494336122,0.010431976981508311,-0.021889030475844434,24.942972332889806,43.30072531206751,-0.6420539603621891,-109.99678059077168,-88.57142078631888,0.2092343694291771,25.346894669712242,24.928999996185304,24.511105322658366,-88046650.0,-133832433.50556912,-2339938.5154330283
2019-04-01,24.81999969482422,24.81999969482422,24.63999938964844,24.63999938964844,24.63999938964844,8068900,25.034799995422365,24.969226021299537,24.965714145842053,-0.03859317348569391,0.0006269468880678673,-0.039220120373761776,24.855396250352754,40.59173152520259,-1.2820501064172054,-132.85600387161682,-100.0,0.20714622198231597,25.348552005852916,24.92799997329712,24.507447940741322,-96115550.0,-141901333.50556895,-5684423.962818116
2019-04-02,24.68000030517578,24.739999771118164,24.65999984741211,24.739999771118164,24.739999771118164,9874950,25.03879997253418,24.94739494985369,24.94780936468215,-0.05143661970372193,-0.009785766430290093,-0.041650853273431834,24.810391879581044,43.74991996375542,-1.1191074401384513,-105.14287634609931,-86.48643075677988,0.19949294765934217,25.345241495516948,24.930999946594238,24.516758397671527,-86240600.0,-132026383.50556895,-3393827.194674
2019-04-03,24.68000030517578,24.739999771118164,24.68000030517578,24.700000762939453,24.700000762939453,8740400,25.040799980163573,24.923833598719,24.925809442429316,-0.06410378055883825,-0.020649369255999726,-0.04345441130283853,24.764240637167404,42.77050271324719,-1.9062729802178104,-100.63911879415846,-91.89170380413114,0.1895291275359216,25.340566023364733,24.93400001525879,24.527434007152845,-94981000.0,-134939664.93736473,-3075188.3183069676
2019-04-04,24.57999992370605,24.799999237060547,24.520000457763672,24.76000022888184,24.76000022888184,8601600,25.04439998626709,24.90823042063927,24.90923803420294,-0.06851138473700402,-0.03022177235220059,-0.03828961238480343,24.74327759802909,44.76790191754851,-1.275915852462752,-88.46059597686109,-72.09300778243731,0.19599124551931696,25.330147783500376,24.94099998474121,24.551852185982046,-86379400.0,-128795614.71393126,-710348.4052182734
2019-04-05,24.71999931335449,24.76000022888184,24.65999984741211,24.739999771118164,24.739999771118164,6047300,25.04879997253418,24.892208454018213,24.89009515671503,-0.07277935746472508,-0.03873328937470549,-0.03404606809001959,24.722298038187734,44.213938131061866,-1.591088417826213,-67.87875819139579,-74.41864591349939,0.18913475522959758,25.33165274971313,24.932999992370604,24.53434723502808,-92426700.0,-125167280.85099295,1476133.0979091227
2019-04-08,24.940000534057617,24.959999084472656,24.81999969482422,24.86000061035156,24.86000061035156,3647050,25.047999992370606,24.889141040335677,24.883142834617978,-0.06572109983432384,-0.044130851466629165,-0.021590248367694673,24.7376582345108,48.34406939561545,-1.894236540433923,-13.688882796672267,-60.46503891218906,0.1913393665243712,25.331010198453356,24.936999988555907,24.54298977865846,-88779650.0,-126730245.4940449,1739101.953862071
2019-04-09,24.979999542236328,25.020000457763672,24.959999084472656,24.959999084472656,24.959999084472656,5322050,25.047999992370606,24.895889425491582,24.88533322470529,-0.05146508125002924,-0.045597697423309186,-0.005867383826720057,24.777517149899356,51.562288022605415,-1.0309287706608188,22.648916238222853,-48.837291826998786,0.1891008294447938,25.332136995163594,24.93799991607666,24.543862836989724,-83457600.0,-132052295.4940449,-4799.6008719056845
2019-04-10,24.979999542236328,25.100000381469727,24.979999542236328,25.040000915527344,25.040000915527344,6343500,25.046000022888183,24.90961432930451,24.895047605605352,-0.03332742681921985,-0.04314364330249132,0.009816216483271467,24.83202432884067,54.029820034046665,-0.15948567902864955,45.2043508026027,-39.53473930275213,0.18559371998405244,25.322247277648053,24.933999919891356,24.54575256213466,-77114100.0,-132052194.66753294,-717745.4647481889
2019-04-11,24.84000015258789,24.899999618530277,24.700000762939453,24.739999771118164,24.739999771118164,6466350,25.03560001373291,24.89346056185819,24.876571400960287,-0.04266892929132382,-0.043048700500257824,0.000379771208934003,24.799649512666612,44.81106792920024,0.08090800290949271,-39.59045904612656,-74.41864591349939,0.1966227508848805,25.324461597647716,24.929999923706056,24.535538249764397,-83580450.0,-135932054.00215048,-2178656.2460078895
2019-04-12,24.739999771118164,24.799999237060547,24.700000762939453,24.700000762939453,24.700000762939453,3750800,25.02400001525879,24.875035819104028,24.854666718982514,-0.05269231872627245,-0.04497742414546075,-0.007714894580811697,24.763491575375326,43.739491047039934,-0.2423241736177316,-50.8249279408265,-75.67562691218215,0.18972101683000245,25.326033050834365,24.91899995803833,24.511966865242297,-87331250.0,-139682854.00215048,-3771678.27052249
2019-04-15,24.57999992370605,24.700000762939453,24.559999465942383,24.65999984741211,24.65999984741211,5583350,25.012400016784667,24.854556202752416,24.830000041780018,-0.06313587557662004,-0.04860911443169261,-0.01452676114492743,24.724378511378134,42.641309930972426,0.08117069098658644,-93.99290109512465,-80.00005449576422,0.1861696082703535,25.325729730726195,24.903999996185302,24.48227026164441,-92914600.0,-137290033.18295184,-3319137.1771223396
2019-04-16,24.420000076293945,24.459999084472656,24.3799991607666,24.459999084472656,24.459999084472656,10811200,24.999199981689454,24.816979334344822,24.787714240664528,-0.08655312912033608,-0.0561979173694213,-0.030355211750914782,24.64149982705564,37.56312650838719,-1.131773198205057,-212.35115766955434,-88.88891832323147,0.1928718281545626,25.335843481480246,24.875999927520752,24.416156373561257,-103725800.0,-126478833.18295184,607660.2862797529
2019-04-17,24.420000076293945,24.440000534057617,24.3799991607666,24.420000076293945,24.420000076293945,16574500,24.983999977111818,24.779171785959026,24.744285683404833,-0.10710442381277119,-0.06637921865809128,-0.04072520515467991,24.564564670281985,36.62374322008604,-1.1336059837926338,-179.6530582372059,-94.44432670707414,0.18480954926508245,25.31631363904515,24.83799991607666,24.359686193108175,-120300300.0,-120953999.84961851,3916737.1013430655
2019-04-18,24.399999618530277,24.459999084472656,24.36000061035156,24.440000534057617,24.440000534057617,6246550,24.972399978637696,24.746869761968416,24.706380980355398,-0.12038982417682931,-0.07718133976183889,-0.04320848441499042,24.508409751816046,37.46586259023731,-1.2924058637566236,-143.5154400299458,-89.18919615540214,0.17875161532601633,25.3006270043574,24.805999946594238,24.311372888831077,-114053750.0,-117205926.8752538,6106952.008317441
2019-04-22,24.420000076293945,24.440000534057617,24.3799991607666,24.420000076293945,24.420000076293945,3344450,24.95879997253418,24.715739315713705,24.669619087945847,-0.13102212793976875,-0.08794949739742486,-0.04307263054234389,24.459152020533338,36.93729942371017,-1.2934506781919661,-114.89355804864499,-91.89196155402523,0.17026945518038605,25.266950673190227,24.769999980926514,24.2730492886628,-117398200.0,-116091110.20858712,6802485.954353854
2019-04-23,24.280000686645508,24.3799991607666,24.239999771118164,24.36000061035156,24.36000061035156,3936350,24.942399978637695,24.68185943901255,24.630571528843472,-0.1426454329808955,-0.09888868451411899,-0.043756748466776504,24.405339888024102,35.327165199784424,-2.0112630238303493,-119.25539142537583,-86.04642394563658,0.17096451589436362,25.174867668612603,24.721000003814698,24.267132339016793,-121334550.0,-113279355.02466361,7363264.131312236
2019-04-24,24.36000061035156,24.479999542236328,24.34000015258789,24.440000534057617,24.440000534057617,7614200,24.93,24.65882525758827,24.60380967458089,-0.1437446617290945,-0.1078598799571141,-0.0358847817719804,24.384269033023905,39.13676078697529,-2.0833276021172793,-72.53545193246191,-76.74411383758273,0.16875272116245038,25.089313156228656,24.682000064849852,24.27468697347105,-113720350.0,-110016037.5369252,7961614.0287745
2019-04-25,24.479999542236328,24.559999465942383,24.440000534057617,24.459999084472656,24.459999084472656,4587300,24.916799964904786,24.63988943157726,24.582666724068776,-0.14137243907159203,-0.1145623917800097,-0.02681004729158233,24.374508801020408,40.08686802803594,-2.316301157541202,-43.6674904423268,-74.41870264899487,0.16527030764252598,25.02548106850975,24.651000022888184,24.276518977266615,-109133050.0,-113074334.75535035,6509515.869257927
2019-04-26,24.600000381469727,24.68000030517578,24.57999992370605,24.600000381469727,24.600000381469727,3913100,24.908399963378905,24.63609047442416,24.57780961536226,-0.12673458350743871,-0.1169968301254955,-0.009737753381943215,24.405082567002307,46.39552401519153,-0.5658827443154418,2.2545247867256832,-58.139493621475836,0.16917965857551948,25.018711286135556,24.645000076293947,24.271288866452338,-105219950.0,-115422164.90088041,4576664.678672671
2019-04-29,24.520000457763672,24.540000915527344,24.459999084472656,24.5,24.5,4074000,24.895199966430663,24.623129476859955,24.564000084286643,-0.12179914780083223,-0.11795729366056285,-0.003841854140269385,24.40623738258359,42.919196494239635,-0.8097196630031674,-31.51736773903488,-69.76743670268448,0.16709548989129822,25.00689213542096,24.632000064849855,24.25710799427875,-109293950.0,-115422164.90088041,3369892.402644828
2019-04-30,24.520000457763672,24.6200008392334,24.520000457763672,24.57999992370605,24.57999992370605,5098300,24.880399971008302,24.619021900369106,24.559047689891997,-0.11016256867180374,-0.11639834866281104,0.006235779991007301,24.4297929784985,46.38050209249041,-0.3244116958680909,7.238619957217428,-60.46512659463146,0.16373158627280737,25.004547785347146,24.629000091552733,24.25345239775832,-104195650.0,-114402582.69446829,2894271.5006150156
2019-05-01,24.559999465942383,24.65999984741211,24.36000061035156,24.420000076293945,24.420000076293945,16327050,24.855199966430664,24.600067440933376,24.539142926534016,-0.11255369742499255,-0.11562941841524735,0.003075720990254799,24.409259385233295,41.022676873231475,-0.16352824887921819,-22.778323278487413,-72.72722018322125,0.17346498990068984,24.995471135479487,24.613000106811523,24.230529078143558,-120522700.0,-124198854.2164091,-680411.7617978901
2019-05-02,24.280000686645508,24.36000061035156,24.239999771118164,24.34000015258789,24.34000015258789,6405450,24.82879997253418,24.575299127757617,24.51314293089367,-0.11952618597540621,-0.11640877192727912,-0.0031174140481270846,24.373276483870182,38.62039223423922,-0.327600014152808,-122.30331161108074,-82.1427719932834,0.17393179813463325,24.99296999418181,24.595000076293946,24.197030158406083,-126928150.0,-119928588.15346691,-722205.5525944829
2019-05-03,24.440000534057617,24.559999465942383,24.420000076293945,24.459999084472656,24.459999084472656,10347100,24.811199951171876,24.56431817125429,24.500285693577357,-0.11405427576084648,-0.1159378726939926,0.0018835969331461172,24.376574029430994,43.92487685974646,0.08182712756970154,12.820142888004176,-52.17416543311233,0.17722233493610612,24.974563185328194,24.580000019073488,24.185436852818782,-116581050.0,-124363180.41232249,-2084654.5900476426
2019-05-06,24.479999542236328,24.559999465942383,24.440000534057617,24.5,24.5,6065800,24.791999969482422,24.558192631134833,24.49266664414179,-0.10527644656764323,-0.11380558746872274,0.008529140901079507,24.391261087762924,45.6121983037683,0.327600014152808,45.92594267080808,-40.909110613081786,0.1731349490038048,24.956926899919843,24.568000030517577,24.179073161115312,-110515250.0,-124363180.41232249,-2452506.0517286956
2019-05-07,24.540000915527344,24.6200008392334,24.520000457763672,24.57999992370605,24.57999992370605,9520400,24.77479995727539,24.560269516141616,24.493809491112117,-0.09081773808282989,-0.10920801759154418,0.01839027950871429,24.425497035776147,48.92245684030395,0.9031170272672551,102.99511372469009,-22.72733183924619,0.16933965544872168,24.919316349036436,24.553999996185304,24.188683643334173,-100994850.0,-122459245.6815444,-1774238.2306480259
2019-05-08,24.65999984741211,24.65999984741211,24.479999542236328,24.520000457763672,24.520000457763672,10521950,24.755999984741212,24.55643436772467,24.490571439833868,-0.08324101232992476,-0.10401461653922031,0.020773604209295554,24.43919995514834,46.63016526257117,0.3273319229047202,74.64825504610673,-36.36355754767282,0.170101130429236,24.846299590032334,24.532000064849854,24.217700539667373,-111516800.0,-128304674.35318428,-3195379.7693051696
2019-05-09,24.520000457763672,24.65999984741211,24.5,24.600000381469727,24.600000381469727,8526250,24.742000007629393,24.560583511890865,24.497047660464332,-0.06997445536372027,-0.09720658430412031,0.027232128940400044,24.47219832118649,49.994551140629795,0.5723683656470123,93.69358107346538,-18.18177877383641,0.16937961021371808,24.724848874737923,24.510000038146973,24.295151201556024,-102990550.0,-126173061.03272557,-2808026.181400299
2019-05-10,24.6200008392334,24.700000762939453,24.600000381469727,24.63999938964844,24.63999938964844,8693150,24.73159999847412,24.56814692882016,24.50942855108352,-0.055592195488603835,-0.08888370654101703,0.033291511052413195,24.510420750897783,51.636179614070045,0.16259759170103213,125.93250625467509,-13.043748678333866,0.16442395101766216,24.70212945032701,24.505000019073485,24.30787058781996,-94297400.0,-127911890.00237915,-2947552.0056562424
2019-05-13,24.86000061035156,24.920000076293945,24.799999237060547,24.8799991607666,24.8799991607666,8982550,24.734799995422364,24.597847141386485,24.545142755054293,-0.02454523298456479,-0.07601601182972659,0.051470778845161796,24.604543146805256,60.10016547268868,1.5510169827208227,243.72699027646107,-5.882484937562404,0.17267943213402404,24.757013995485444,24.513999938964844,24.270985882444243,-85314850.0,-124917801.85090494,-1784007.0668685883
2019-05-14,24.8799991607666,24.8799991607666,24.76000022888184,24.84000015258789,24.84000015258789,5107850,24.73840000152588,24.620909332929475,24.576190394446964,-0.0031317760285887175,-0.061439164669499016,0.0583073886409103,24.671399751645904,58.26986897172961,1.0577714796129174,172.30249358766198,-11.764689382804693,0.16891653925903977,24.79817964782601,24.522999954223632,24.247820260621253,-90422700.0,-123215131.05903026,-604070.0611436516
2019-05-15,24.8799991607666,24.899999618530277,24.780000686645508,24.799999237060547,24.799999237060547,6594850,24.740799980163573,24.63796551427529,24.602571278526668,0.010489882467823008,-0.04705335524203461,0.05754323770985762,24.715484543092327,56.41940895313618,1.5560981145757287,133.49092642908758,-17.64717432036711,0.16542242444655997,24.838529292663356,24.539999961853027,24.2414706310427,-97017550.0,-127611837.49003118,-1465405.1449252367
2019-05-16,24.76000022888184,24.76000022888184,24.57999992370605,24.63999938964844,24.63999938964844,4960400,24.740799980163573,24.638159216691783,24.612095033554805,0.008279058619116597,-0.03598687246980437,0.04426593108892097,24.70951022518208,49.63024352300179,1.2325358881670088,34.211479205219995,-41.17655308597599,0.16932077365430273,24.847235892555968,24.550999927520753,24.254763962485537,-101977950.0,-129265339.19816469,-2210665.027703345
2019-05-17,24.559999465942383,24.559999465942383,24.399999618530277,24.440000534057617,24.440000534057617,6074600,24.737199974060058,24.619286961202814,24.60152366274879,-0.009501741236761063,-0.03068984622319571,0.02118810498643465,24.65210094772432,42.711526369477795,-0.08176022552565938,-71.93688404554234,-70.58813629682818,0.17436927347318973,24.847235892555968,24.550999927520753,24.254763962485537,-108052550.0,-132302566.78322066,-3280965.1179300696
2019-05-20,24.440000534057617,24.5,24.420000076293945,24.440000534057617,24.440000534057617,4217900,24.727999992370606,24.60221206337946,24.590952291942777,-0.02332428538325715,-0.029216734055208,0.005892448671950851,24.604653544777314,42.7115263694778,-0.24489577935666454,-70.96536150868053,-70.58813629682818,0.1676286056326308,24.84659073041195,24.551999950408934,24.257409170405918,-108052550.0,-134411466.5018865,-4091559.145513773
2019-05-21,24.34000015258789,24.399999618530277,24.299999237060547,24.3799991607666,24.3799991607666,5545050,24.719999961853027,24.581048929797284,24.574571264357793,-0.038674544502637076,-0.031108296144693817,-0.0075662483579432595,24.550088720561963,40.735662583083496,-0.8136727565509871,-109.42723259762336,-79.4118637031718,0.1656552264443631,24.845102314163316,24.552999877929686,24.260897441696056,-113597600.0,-131084478.80709937,-2992618.877046317
2019-05-22,24.399999618530277,24.440000534057617,24.36000061035156,24.3799991607666,24.3799991607666,4063300,24.70879993438721,24.561901332746743,24.558095005580356,-0.050260365242859706,-0.034938709964327,-0.015321655278532707,24.50552942103135,40.73566258308349,-0.5709677584966857,-99.29593915603891,-87.09680396481869,0.1595369905344456,24.847858686739585,24.549999809265138,24.25214093179069,-113597600.0,-133116274.12216973,-2917476.46955508
2019-05-23,24.5,24.63999938964844,24.479999542236328,24.559999465942383,24.559999465942383,6957050,24.697599906921386,24.561720202574897,24.559047353835332,-0.04440580882596379,-0.036832129736654354,-0.007573679089309435,24.516093799230127,48.951898850716695,-0.16260534515062433,-16.566778232538507,-58.0645359765458,0.16671293613073004,24.849991154756022,24.554999828338623,24.260008501921224,-106640550.0,-133116274.12216973,-2621511.2601673007
2019-05-24,24.559999465942383,24.600000381469727,24.520000457763672,24.57999992370605,24.57999992370605,3603500,24.692799911499023,24.56346112839691,24.561428315298897,-0.037717378434699356,-0.03700917947626336,-0.0007081989584359974,24.5303415589387,49.78493697208907,-0.24350433209668185,-15.983353261798747,-54.83866005863608,0.16051914952893384,24.84850935279253,24.553999805450438,24.259490258108347,-103037050.0,-131314567.07927851,-1688844.9553916901
2019-05-28,24.5,24.520000457763672,24.420000076293945,24.479999542236328,24.479999542236328,4637900,24.68399990081787,24.555512405905425,24.554380671183267,-0.04002456592705528,-0.03761225676642174,-0.0024123091606335356,24.516382559290445,45.76375829208671,-1.6077155627924413,-60.84764851473704,-70.96773201172711,0.16048205652058878,24.848370541585474,24.552999782562257,24.25762902353904,-107674950.0,-130387057.84774634,-858651.7156421989
2019-05-29,24.540000915527344,24.600000381469727,24.479999542236328,24.5,24.5,6650150,24.674799919128418,24.55022551010491,24.549333072844007,-0.039780592933620795,-0.03804592399986156,-0.0017346689337592383,24.510432956377283,46.69118038711574,-1.3687606702871482,-31.34324463348093,-67.74185609381682,0.15759054100006165,24.844965796712586,24.548999786376953,24.25303377604132,-101024800.0,-134820455.94756356,-1851594.6297190487
2019-05-30,24.520000457763672,24.68000030517578,24.5,24.65999984741211,24.65999984741211,5567700,24.667599906921385,24.56068020889607,24.559904507228307,-0.026372585319752062,-0.03571125626383966,0.0093386709440876,24.54737890867525,53.53609278521739,-0.5645136853037707,12.71846125066144,-41.9354640234542,0.15919123844119146,24.85452302450994,24.56099977493286,24.26747652535578,-95457100.0,-130490048.83528449,-711614.9561417997
2019-05-31,24.86000061035156,25.020000457763672,24.799999237060547,25.020000457763672,25.020000457763672,9095500,24.664399909973145,24.60442499450251,24.603618857974098,0.013150803640179731,-0.025938844283035785,0.039089647923215516,24.671201454486937,64.56184606797076,1.5422121652928036,145.47334575184308,0.0,0.17353476500627593,24.93249060879923,24.59499979019165,24.25750897158407,-86361600.0,-121394548.83528449,2713455.3608799577
2019-06-03,25.18000030517578,25.420000076293945,25.1200008392334,25.36000061035156,25.36000061035156,9939400,24.669999923706055,24.676384576964324,24.676476078941707,0.07108907435778988,-0.006533260554870652,0.07762233491266053,24.860500068824688,71.45199827011534,3.764321015508587,226.93852968430605,-5.357091159275729,0.18971082597233646,25.10818811712707,24.639999866485596,24.17181161584412,-76422200.0,-115430883.5580191,5765472.59143877
2019-06-04,25.34000015258789,25.440000534057617,25.26000022888184,25.399999618530277,25.399999618530277,7908400,24.675199928283693,24.7453002952087,24.74885700770787,0.11886297857122585,0.01854598727034865,0.1003169913008772,25.024753782234754,72.13830776910648,3.927983074856657,186.22784899240713,-3.5088482471650195,0.18901721734400842,25.25306690067571,24.684999847412108,24.116932794148507,-68513800.0,-111037402.49160069,7887817.0167606175
2019-06-05,25.600000381469727,25.63999938964844,25.399999618530277,25.459999084472656,25.459999084472656,14939750,24.677599906921387,24.813366846567174,24.822666458856492,0.15972439392961846,0.04678166860220261,0.11294272532741584,25.172803627848797,73.17987645584813,4.429860380979994,163.62573926929758,-13.432857065587388,0.19265882832788844,25.386932901188395,24.72899980545044,24.071066709712483,-53574050.0,-118507336.85689053,5662177.254821822
2019-06-06,25.540000915527344,25.65999984741211,25.520000457763672,25.520000457763672,25.520000457763672,5606950,24.68359992980957,24.880665285728746,24.897999854314897,0.19470453666462717,0.07636624221468752,0.11833829444993965,25.306857136813345,74.21787701917981,4.675969385723409,132.93625647272103,-10.294068148414093,0.19318325222871605,25.51335409282993,24.77899980545044,24.04464551807095,-47967100.0,-124114286.85689053,2452915.3290448785
2019-06-07,25.71999931335449,25.81999969482422,25.6200008392334,25.65999984741211,25.65999984741211,8377350,24.695199928283692,24.954887624936685,24.981904620216007,0.23105981876042492,0.10730495752383501,0.12375486123658991,25.449590400098185,76.50294863921403,4.4788290121712295,123.48298578723455,-10.526302580692114,0.20081296543101096,25.65471740147414,24.83199977874756,24.009282156020976,-39589750.0,-129140760.77136452,-682289.4614733309
2019-06-10,25.440000534057617,25.459999084472656,25.36000061035156,25.440000534057617,25.440000534057617,3019550,24.709599952697754,25.001088854376775,25.03980945405506,0.23936033878144514,0.13371603377535704,0.1056443050060881,25.505492395881703,66.52490757111282,3.4987819895074246,69.56346961847125,-24.999937258287552,0.20789769911885356,25.730501101105705,24.87199983596802,24.013498570830333,-42609300.0,-127328961.65829524,-1326365.388756603
2019-06-11,25.36000061035156,25.440000534057617,25.31999969482422,25.3799991607666,25.3799991607666,4547450,24.72199993133545,25.037175550223424,25.088190342131114,0.23834940772305657,0.15464270856489695,0.08370669915815962,25.531495109124425,64.0704831677566,3.6764690986920483,54.243373470655904,-30.1370417787996,0.2016193519841631,25.78363633826348,24.896999835968018,24.010363333672554,-47156750.0,-127329033.93756092,-1469295.3216155171
2019-06-12,25.459999084472656,25.600000381469727,25.459999084472656,25.520000457763672,25.520000457763672,7717500,24.739599952697755,25.083158874751067,25.147523734683084,0.24600932978564316,0.17291603280904622,0.07309329697659694,25.584905046541202,67.11885451680503,4.1632671745456,67.34847563685845,-21.428522771705293,0.202932342606949,25.85753989095678,24.930999851226808,24.004459811496837,-39439250.0,-128431443.81617293,-1744961.1353784055
2019-06-13,25.559999465942383,25.71999931335449,25.540000915527344,25.65999984741211,25.65999984741211,10985700,24.75799995422363,25.138096110242596,25.21695230574835,0.26037521057831015,0.190407868362899,0.06996734221541115,25.66076373606996,69.87163061099251,4.0551500656434225,77.25739199342064,-11.428563643472845,0.202722807820082,25.950696560058603,24.973999881744383,23.997303203430164,-28453550.0,-124769543.81617285,-533950.6832469702
2019-06-14,25.799999237060547,25.899999618530277,25.600000381469727,25.65999984741211,25.65999984741211,11107050,24.777199935913085,25.187801228068263,25.28228563581194,0.2686632914206726,0.20605895297445373,0.06260433844621885,25.718571302709123,69.87163061099251,2.557951150835597,85.62689820440542,-16.21620576689635,0.20967112419441455,26.032640870913127,25.02499990463257,24.01735893835201,-28453550.0,-131433802.06293344,-2110442.151049122
2019-06-17,25.700000762939453,25.71999931335449,25.57999992370605,25.63999938964844,25.63999938964844,6176350,24.79479991912842,25.23086771964733,25.340857015337264,0.2704996340092336,0.2189470891814097,0.0515525448278239,25.756298434317817,68.91570236091245,1.1040961063013182,69.99991840783805,-18.30987428961337,0.20469457172683586,26.089061780258877,25.08499984741211,24.080937914565343,-34629900.0,-132316161.8190636,-2844262.9329142272
2019-06-18,25.86000061035156,25.920000076293945,25.63999938964844,25.76000022888184,25.76000022888184,11959850,24.81519992828369,25.281261291955378,25.40514276595343,0.2784284635657954,0.23084336405828687,0.047585099507508555,25.81389354001827,71.44037967798545,1.4173252588906664,99.24017237313508,-11.267594282789695,0.2100735799353211,26.150317926255468,25.15099983215332,24.151681738051174,-22670050.0,-134024665.26488453,-3429507.71890077
2019-06-19,25.71999931335449,25.959999084472656,25.700000762939453,25.940000534057617,25.940000534057617,12792100,24.836799926757813,25.34399836263178,25.480285689944314,0.2958265342743793,0.24383999810150536,0.051986536172873965,25.903309157338796,74.7528420790344,1.885316052024921,128.6923604133811,-1.7240131935926217,0.2136396329066039,26.218907282757524,25.228999900817872,24.23909251887822,-9877950.0,-123200450.71318771,86915.65499924123
2019-06-20,26.440000534057617,26.68000030517578,26.399999618530277,26.57999992370605,26.57999992370605,12525550,24.86919994354248,25.461712797019807,25.608952358790805,0.3571403411630385,0.266500066713812,0.09064027444922651,26.137940864439383,82.51713775016106,4.1536028484666705,300.15653544240206,-6.410283057970201,0.2512367856360549,26.412497192010495,25.338999938964843,24.26550268591919,2647600.0,-119621734.33080639,2656233.551897913
2019-06-21,26.739999771118164,26.81999969482422,26.57999992370605,26.780000686645508,26.780000686645508,8682750,24.903999938964844,25.587264024603208,25.746190525236585,0.41706272547082435,0.2966125984652145,0.12045012700560986,26.376715072781934,84.15685081285785,4.364773366693352,235.38211700875144,-2.564039863600076,0.250434141741919,26.63196471253027,25.45,24.26803528746973,11330350.0,-113833165.3264434,5307659.779117599
2019-06-24,26.940000534057617,27.18000030517578,26.8799991607666,27.18000030517578,27.18000030517578,11448950,24.952799949645996,25.738953194181548,25.910952459062848,0.4911664123699886,0.3355233612461693,0.15564305112381926,26.669790805683764,86.81942789842702,6.839621598233664,204.84866478288782,0.0,0.2611173900839575,26.912906897464374,25.580000019073488,24.2470931406826,22779300.0,-102384215.3264434,9552667.34669678
2019-06-25,27.3799991607666,27.5,27.020000457763672,27.239999771118164,27.239999771118164,28642300,25.00359992980957,25.88191001103265,26.069047673543295,0.5484138006724848,0.37810144913143245,0.17031235154105234,26.918064627716387,87.16779290951352,7.328607848131155,161.35140517123048,-11.926614334160435,0.27675182952343047,27.13559812566895,25.71800003051758,24.30040193536621,51421600.0,-104771130.56696825,9661364.016294286
2019-06-26,27.0,27.100000381469727,26.86000061035156,26.959999084472656,26.959999084472656,8570400,25.049599914550782,25.98458516088408,26.18733329772949,0.5646797760412099,0.4154171145133879,0.14926266152782197,27.040452050865728,76.94692175502662,5.642627746391397,99.65082004093797,-24.7706807308819,0.2841266388979508,27.241312778211892,25.84099998474121,24.440687191270527,42851200.0,-106199632.73419517,8373001.599167019
2019-06-27,26.86000061035156,26.979999542236328,26.81999969482422,26.959999084472656,26.959999084472656,8532400,25.09959991455078,26.077481725035373,26.29390464056106,0.5709886766743573,0.4465314269455818,0.12445724972877548,27.131903249173202,76.94692175502662,5.0662480311419635,78.01109415235929,-24.7706807308819,0.2752604395060962,27.326932288768205,25.95599994659424,24.585067604420274,42851200.0,-99800383.59131078,9120887.010426626
2019-06-28,27.0,27.059999465942383,26.899999618530277,27.0,27.0,4490500,25.151199913024904,26.165340608365334,26.39333321707589,0.5726155102988102,0.47174824361622747,0.10086726668258272,27.208338025581085,77.38624556112019,5.222136245347771,72.83120045006416,-22.935776605759838,0.26702754007080365,27.427231580034572,26.054999923706056,24.68276826737754,47341700.0,-98677731.82581949,8954875.966741264
2019-07-01,26.700000762939453,26.71999931335449,26.479999542236328,26.5,26.5,12051450,25.19239990234375,26.19721293137816,26.435714176722936,0.5274785222803757,0.48289429934905714,0.044584222931318584,27.132484179563942,61.58719485550448,3.3541366256770053,22.115580661516482,-49.0195858437396,0.2850970341917382,27.458485666233926,26.111999893188475,24.765514120143024,35290250.0,-108720558.93761422,4877437.734504268
2019-07-02,26.63999938964844,27.100000381469727,26.600000381469727,27.059999465942383,27.059999465942383,11961900,25.245199890136718,26.279383077527136,26.525999850318545,0.530775956047318,0.49247063068870933,0.038305325358608644,27.20741455665486,69.1771933486212,5.0465808443704825,56.0334777293786,-22.44901732574026,0.30759013042589806,27.56021770768323,26.19499988555908,24.829782063434934,47252150.0,-98672606.74340035,5963067.08906588
2019-07-03,27.100000381469727,27.200000762939453,27.020000457763672,27.1200008392334,27.1200008392334,10464350,25.300399894714356,26.359441911975352,26.614095179239907,0.5320971210440888,0.5003959287597852,0.03170119228430357,27.276571318800624,69.86427070111363,4.548960219281853,74.61095076996544,-19.791622170145384,0.2984765714794545,27.656166785017486,26.27799997329712,24.899833161576755,57716500.0,-97509876.54694377,6235050.788525835
2019-07-05,26.65999984741211,26.84000015258789,26.540000915527344,26.799999237060547,26.799999237060547,11607450,25.347599868774413,26.401399752459657,26.663809394836427,0.501541243634108,0.5006249917346498,0.0009162518994582092,27.242523069869897,61.9348058611068,0.8276874115348801,12.494444813704332,-36.458371621037585,0.3185853823527968,27.692016128957746,26.34199991226196,24.991983695566176,46109050.0,-88997825.26520222,8487874.00172031
2019-07-08,26.81999969482422,26.86000061035156,26.63999938964844,26.63999938964844,26.63999938964844,11112100,25.39119987487793,26.42412352743002,26.69219029744466,0.459122363321228,0.49232446605196545,-0.033202102730737426,27.16586774415849,58.3677199009349,-0.5227830224324146,-2.880694351009899,-46.23657678203719,0.31154365652067245,27.709209172578564,26.39099988937378,25.072790606168997,34996950.0,-100109925.26520222,5102190.406961665
2019-07-09,26.68000030517578,26.799999237060547,26.600000381469727,26.71999931335449,26.71999931335449,8298650,25.433599853515624,26.452302173708542,26.723523575919014,0.427037794444999,0.47926713173057217,-0.05222933728557316,27.117326148781775,59.619995295693016,-1.6924245278014085,-23.884593913470333,-43.33338984739105,0.303576170739964,27.70482378194603,26.45499982833862,25.205175874731214,43295600.0,-98450226.92222112,3781388.372148782
2019-07-10,26.959999084472656,27.15999984741211,26.86000061035156,27.13999938964844,27.13999938964844,11648800,25.486399841308593,26.517797146655198,26.788761629377092,0.43053806372558867,0.4695213181295755,-0.03898325440398681,27.18072382850516,65.48908335012712,-0.36710859878842844,64.12744370658254,-32.727316864250355,0.313320768119802,27.72359439325868,26.542999839782716,25.362405286306753,54944400.0,-88354639.75489521,6109529.968224585
2019-07-11,27.100000381469727,27.1200008392334,26.86000061035156,26.920000076293945,26.920000076293945,11606600,25.53319984436035,26.556102187573174,26.824666413806735,0.4108242204872212,0.45778189860110463,-0.046957678113883405,27.170084722142345,60.52651429325879,-0.14836427869816943,25.09417080614478,-56.86271209894274,0.3109406260610208,27.70539343059621,26.612999820709227,25.520606210822244,43337800.0,-94604399.84439372,4517979.686485648
2019-07-12,26.959999084472656,27.1200008392334,26.899999618530277,27.07999992370605,27.07999992370605,8476800,25.586399841308594,26.60599721006202,26.869142614092144,0.4034606648035748,0.4469176518415987,-0.04345698703802392,27.19761967715297,62.73801251145591,0.4451069855655454,47.3178436103091,-41.176459588536815,0.3044449542497392,27.701416074725454,26.683999824523926,25.6665835743224,51814600.0,-89210126.02000771,5172525.362034753
2019-07-15,27.020000457763672,27.07999992370605,26.940000534057617,27.07999992370605,27.07999992370605,5652250,25.64119983673096,26.65114032564717,26.906856909252348,0.3930936549112225,0.4361528524555235,-0.04305919754430099,27.21520290017523,62.738012511455906,0.2962960137261153,49.810247099962,-41.176459588536815,0.29269884249249795,27.669669085006227,26.754999828338622,25.840330571671018,51814600.0,-83557876.02000786,6768507.650937989
2019-07-16,27.020000457763672,27.059999465942383,26.799999237060547,26.86000061035156,26.86000061035156,7299050,25.689199867248536,26.6710317813333,26.916856983729772,0.36294185116772226,0.4215106521979633,-0.058568801030241036,27.167790059615704,57.59261385839356,1.3584928692511657,2.7391329645178897,-47.22216335353756,0.2917918313605694,27.574482358845895,26.815999889373778,26.05751741990166,44515550.0,-87488059.57244176,5555577.670538709
2019-07-17,26.959999084472656,27.299999237060547,26.959999084472656,27.280000686645508,27.280000686645508,7763700,25.744799880981446,26.729028819934463,26.961047535850888,0.3686868332249773,0.41094588840336616,-0.04225905517838885,27.233569942374878,63.71147159658223,0.8130126572249853,128.11340580338546,-2.4388485192456177,0.3023780310283176,27.502101489019857,26.891999912261962,26.281898335504067,52279250.0,-80637669.4323078,6733996.116732657
2019-07-18,27.15999984741211,27.71999931335449,27.100000381469727,27.65999984741211,27.65999984741211,14460550,25.806399879455565,26.817692727313286,27.03419038681757,0.3992996515563476,0.4086166410339625,-0.00931698947761489,27.38187591322116,68.18435461767565,1.9911467237033282,208.0230332450281,-4.838667501387938,0.32506523823235733,27.50653007994366,26.977999877929687,26.449469675915715,66739800.0,-68975915.47086085,10314453.003660306
2019-07-19,27.479999542236328,27.600000381469727,27.18000030517578,27.299999237060547,27.299999237060547,13978300,25.861999855041503,26.86362668062255,27.06485699244908,0.3900156325963948,0.40489643934644903,-0.01488080675005421,27.405516251010354,60.567695546409446,1.8656716949027814,127.21412469541114,-33.87098014665033,0.33613197423264457,27.527045756818016,27.01399984359741,26.500953930376806,52761500.0,-74966688.01912358,8935352.918987095
2019-07-22,27.299999237060547,27.36000061035156,27.239999771118164,27.26000022888184,27.26000022888184,6796200,25.915199851989748,26.90137654236153,27.088285600571407,0.37510640190301814,0.3989384318577629,-0.02383202995474476,27.409955516713143,59.76880909857907,2.3273305309245367,92.00901482105186,-38.983026190518046,0.3206940360184078,27.54992191467283,27.037999820709228,26.526077726745626,45965300.0,-79497452.01181187,6117264.07585749
2019-07-23,27.280000686645508,27.3799991607666,27.100000381469727,27.1200008392334,27.1200008392334,8126050,25.964799880981445,26.922197903968375,27.09609522138323,0.3479826213946211,0.3887472697651346,-0.04076464837051347,27.372975049701367,56.93801718706983,1.4970117371185392,51.88980373544917,-50.84739735460069,0.317787231966869,27.544254436806252,27.03499984741211,26.525745258017967,37839250.0,-86462606.09491813,2192109.243056357
2019-07-24,27.31999969482422,27.36000061035156,27.18000030517578,27.239999771118164,27.239999771118164,6428000,26.011999893188477,26.95246474845883,27.11561902364095,0.3323387466578289,0.37746556514367346,-0.045126818485844544,27.369909037090572,58.741781285901325,0.36846125172672073,65.42962765212411,-40.67798253965413,0.3122309847633884,27.544254436806252,27.03499984741211,26.525745258017967,44267250.0,-88605318.17053382,-294690.598336041
2019-07-25,27.239999771118164,27.239999771118164,27.0,27.059999465942383,27.059999465942383,9353900,26.056399879455565,26.96270615012393,27.11799993969145,0.30193581479409204,0.3623596150737572,-0.06042380027966515,27.31717507588784,55.01890822753503,0.5200571666109411,2.8827943655537513,-58.92861400335817,0.30707161236015684,27.548173271292548,27.039999866485594,26.53182646167864,34913350.0,-93282305.33962838,-2773360.0328597426
2019-07-26,27.239999771118164,27.239999771118164,27.100000381469727,27.100000381469727,27.100000381469727,6651900,26.10239990234375,26.97578179120448,27.123714274451846,0.27786594617033344,0.34546088129307245,-0.06759493512273901,27.28125120114226,55.69096320007841,0.07385693434277622,10.240407602525051,-55.357100282355844,0.2979950904184137,27.55442893430692,27.04699993133545,26.53957092836398,41565250.0,-99934205.33962838,-5651751.162177652
2019-07-29,27.21999931335449,27.34000015258789,27.07999992370605,27.280000686645508,27.280000686645508,17288150,26.155199928283693,27.00475501934172,27.145904822576615,0.2702002222065403,0.33040874947576604,-0.060208527269225764,27.295866918329747,58.6825159678691,0.7385552566577904,38.09534735975568,-47.825933719640304,0.2952811717372293,27.577832879574444,27.060999965667726,26.544167051761008,58853400.0,-90625123.44732025,-3353498.6436935067
2019-07-30,27.36000061035156,27.440000534057617,27.26000022888184,27.3799991607666,27.3799991607666,6887650,26.21399990081787,27.04049255662028,27.176285698300315,0.26909219456130273,0.3181454384928734,-0.04905324393157068,27.3313648831997,60.286667908298014,1.9359588183130596,90.5108850524593,-36.95653526003147,0.28704682412569543,27.570596509461076,27.104999923706053,26.63940333795103,65741050.0,-88329337.4260427,-1377963.548116833
2019-07-31,27.399999618530277,27.479999542236328,26.979999542236328,27.040000915527344,27.040000915527344,14763150,26.265999908447267,27.04044573365905,27.17009531656901,0.2380351368764444,0.3021233781695876,-0.06408824129314322,27.26989388266142,52.78299872750573,-0.8797645347408373,-17.48633751633941,-73.91286319957698,0.30225776525957704,27.570064527360547,27.1039999961853,26.637935465010056,50977900.0,-99549250.32963768,-4014492.9739686847
2019-08-01,26.86000061035156,27.68000030517578,26.84000015258789,27.65999984741211,27.65999984741211,15850750,26.331599922180175,27.099450887349814,27.223047683352515,0.26044863739476654,0.2937884300146234,-0.03333979261985687,27.378299948555515,62.05727219033296,0.0,96.2365521104513,-6.521680539862185,0.3406679357830344,27.65642940850941,27.130999946594237,26.605570484679063,66828650.0,-84453315.08751798,75132.83558170497
2019-08-02,27.479999542236328,27.71999931335449,27.459999084472656,27.57999992370605,27.57999992370605,11954400,26.395599937438966,27.145217462240886,27.265809585934594,0.2686592363383298,0.2887625912793647,-0.020103354941034934,27.4442461357211,60.40849183720732,1.025643569489171,167.08705230485475,-15.217323699841456,0.3349059567186619,27.707028854157485,27.169999980926512,26.63297110769554,54874250.0,-85372816.8591502,1448762.572552815
2019-08-05,27.979999542236328,28.13999938964844,27.799999237060547,27.959999084472656,27.959999084472656,17616800,26.463599929809572,27.222815711977244,27.34104759579613,0.30234372142547983,0.2914788173085877,0.010864904116892116,27.594451932091147,65.14552490854312,2.567860783981841,259.2592009850585,-13.846185447215065,0.3509840645203591,27.818765450326957,27.235999965667723,26.65323448100849,72491050.0,-86409122.46563068,1549262.7199287713
2019-08-06,28.059999465942383,28.200000762939453,28.0,28.200000762939453,28.200000762939453,12304200,26.535999946594238,27.315880954926026,27.432857195536297,0.3444346203153259,0.3020699779099354,0.04236464240539051,27.776924040767202,67.76853935766549,3.9823004804028725,218.1876700564453,0.0,0.34305675123081786,27.981058709198148,27.310000038146974,26.6389413670958,84795250.0,-74104922.46563068,5364507.078407213
2019-08-07,28.65999984741211,28.899999618530277,28.57999992370605,28.600000381469727,28.600000381469727,19868250,26.618399963378906,27.438178043168282,27.555714371090843,0.40539544092015234,0.3227350705119788,0.08266037040817353,28.026623369007815,71.6040914594591,4.992660138688894,232.41223473076607,-14.563073535716187,0.3685526158279643,28.252507904890006,27.383000087738036,26.513492270586067,104663500.0,-91489582.00357464,906123.8194928467
2019-08-08,28.600000381469727,28.8799991607666,28.559999465942383,28.780000686645508,28.780000686645508,14350000,26.703999977111817,27.565970675880397,27.68876204717727,0.46289587524370646,0.35076723145832434,0.11212864378538212,28.273378202369244,73.15238047172093,6.35625001718094,169.14914139515253,-5.825192378381194,0.36508455004198204,28.509874459717604,27.476000118255616,26.442125776793628,119013500.0,-86108203.7044544,712121.5978849679
2019-08-09,28.68000030517578,28.81999969482422,28.600000381469727,28.65999984741211,28.65999984741211,12311400,26.783999977111815,27.670163930311986,27.801523926144554,0.4930981898860658,0.37923342314387265,0.11386476674219315,28.438878297794727,70.39660577516693,5.756455512853313,124.0163409137948,-11.650477346525678,0.3547213188500174,28.692075308637087,27.55500011444092,26.41792492024475,106702100.0,-91704333.4271077,-1212568.0043338537
2019-08-12,28.76000022888184,29.100000381469727,28.739999771118164,28.920000076293945,28.920000076293945,14431600,26.861999969482422,27.789195944215027,27.93152392251151,0.5318823784210984,0.4097632141993178,0.1221191642217806,28.635673833229674,72.78849943019318,6.01172781660256,121.07067645874606,-7.964614466647147,0.36081269136484656,28.9066047959951,27.647000122070313,26.387395448145526,121133700.0,-91704333.4271077,-1889707.5684839487
2019-08-13,29.059999465942383,29.07999992370605,28.299999237060547,28.76000022888184,28.76000022888184,23409350,26.929999961853028,27.881653495135676,28.037523932684035,0.5434439926829526,0.4364993698960448,0.1069446227869078,28.74856980677766,69.08902569851689,5.040179366012076,83.69645803959446,-15.044253015678077,0.39075469102775345,29.035980068194295,27.742000102996826,26.448020137799357,97724350.0,-87502619.99535015,-658018.7920330316
2019-08-14,29.0,29.15999984741211,28.81999969482422,28.959999084472656,28.959999084472656,16692250,27.001199951171873,27.98435307507253,28.153523835681735,0.5622634682038061,0.46165218955759707,0.10061127864620906,28.88575449852676,71.06846113757499,7.100584703910939,96.03346219566122,-8.620723674474739,0.39141504299221896,29.20446867171517,27.826000022888184,26.4475313740612,114416600.0,-90448377.27132094,-1031612.6265635341
2019-08-15,29.020000457763672,29.21999931335449,28.940000534057617,29.15999984741211,29.15999984741211,14433850,27.075199966430663,28.096319434342966,28.280571438017347,0.5865549874565836,0.4866327491373944,0.09992223831918923,29.042593547143063,72.93495363238732,5.422993522324047,94.79398504187789,-2.520986852913576,0.3834567384425507,29.393674036366438,27.901000022888184,26.40832600940993,128850450.0,-82200434.89325544,1533681.8002005965
2019-08-16,28.979999542236328,29.040000915527344,28.780000686645508,28.979999542236328,28.979999542236328,9699350,27.144399948120117,28.180479444618523,28.383333297002885,0.584543418510048,0.5062148830119252,0.0783285354981228,29.116630747483985,68.64279332216377,5.076140762882759,67.70675753643026,-10.084027552381848,0.3832097686085543,29.521378671133327,27.98500003814697,26.448621405160615,119151100.0,-76977806.49102531,4105440.2118409127
2019-08-19,28.68000030517578,28.780000686645508,28.57999992370605,28.63999938964844,28.63999938964844,7354950,27.203999938964845,28.224243248907086,28.44571418762207,0.5491834202000803,0.5148085904495563,0.03437482975052397,29.08125174960133,61.30407647690986,2.432046950793418,32.04226283250459,-24.369753286771314,0.38440904360296313,29.577842249329134,28.053999996185304,26.530157743041475,111796150.0,-79919842.60462625,3848198.9611988366
2019-08-20,28.780000686645508,28.86000061035156,28.700000762939453,28.84000015258789,28.84000015258789,11368500,27.27199993133545,28.282886763543353,28.520571345374698,0.5311756941210568,0.5180820111838564,0.013093682937200368,29.09675018224356,63.75860092334122,2.269501320331619,42.84668823786795,-15.96635692275623,0.3726656276815448,29.637197210121506,28.13999996185303,26.64280271358455,123164650.0,-71393535.3662311,6106043.574407458
2019-08-21,28.739999771118164,28.84000015258789,28.700000762939453,28.71999931335449,28.71999931335449,8359100,27.338799934387207,28.32451653019203,28.575809378851027,0.5014410760391463,0.5147538241549144,-0.013312748115768103,29.071412095855884,61.248257170506534,0.4195766793153988,28.50888842855995,-28.40908721458867,0.35604661067917903,29.671729473088508,28.213999938964843,26.756270404841178,114805550.0,-77364483.77222607,4574765.189320996
2019-08-22,28.68000030517578,28.780000686645508,28.63999938964844,28.68000030517578,28.68000030517578,7513700,27.40199993133545,28.358372127809535,28.620190366109213,0.4692394905528623,0.5056509574345041,-0.03641146688164176,29.033863125355868,60.3946801299039,-0.3474648335089468,4.7211591594685457e-05,-38.028097124336135,0.3406148025590273,29.66460547791453,28.294999980926512,26.925394483938494,107291850.0,-80584582.42074592,2507868.535500124
2019-08-23,28.780000686645508,29.280000686645508,28.739999771118164,29.239999771118164,29.239999771118164,12884950,27.47359992980957,28.4423366652675,28.710190346127465,0.48333519162251193,0.5011878042721056,-0.017852612649593702,29.14252220682201,67.27163760273625,2.023726192582051,124.80619252426632,-3.125069849155626,0.3591423439097925,29.714639792732395,28.401999950408936,27.089360108085476,120176800.0,-69608554.35663086,4926704.421564549
2019-08-26,29.299999237060547,29.420000076293945,29.200000762939453,29.26000022888184,29.26000022888184,9588100,27.545599937438965,28.520209385611725,28.79190465836298,0.49046621682207814,0.4990434867821002,-0.00857726996002206,29.230995515913847,67.48876433481828,1.1756575093047672,175.77789287212917,-14.285689957305758,0.3492035560129849,29.757692332119912,28.500999927520752,27.24430752292159,129764900.0,-73966811.85730246,4081627.6773258895
2019-08-27,29.299999237060547,29.559999465942383,29.280000686645508,29.520000457763672,29.520000457763672,10358450,27.62319995880127,28.61542758295953,28.888952327909923,0.5112046027801469,0.5014757099817095,0.00972889279843736,29.365046806033718,70.25169347129881,2.6425598846783473,184.8932992798048,-3.1745238819684385,0.3456889618020961,29.828583302341773,28.607999992370605,27.387416682399436,140123350.0,-66567858.5187466,5719069.828102753
2019-08-28,29.5,29.559999465942383,29.34000015258789,29.459999084472656,29.459999084472656,15349050,27.697199935913087,28.69586296405602,28.97009509858631,0.5168404981510868,0.504548667615585,0.012291830535501758,29.45320014800693,68.79861814303247,1.7265193915979182,144.71486703764617,-7.9365367701932925,0.33671112977012396,29.77049688823335,28.728999900817872,27.687502913402394,124774300.0,-65172587.117361166,6312967.0785793215
2019-08-29,29.520000457763672,29.520000457763672,29.07999992370605,29.239999771118164,29.239999771118164,13812150,27.763199920654298,28.74768551710956,29.018761752900623,0.4978163627108536,0.5032022066346388,-0.005385843923785161,29.46209215754509,63.60392314289165,0.2743481622931302,78.09918093593829,-25.396796563140043,0.3440889443620883,29.747906236943233,28.807999897003175,27.868093557063116,110962150.0,-68939558.88971935,4783437.019062176
2019-08-30,29.200000762939453,29.34000015258789,29.020000457763672,29.1200008392334,29.1200008392334,10829050,27.813999938964844,28.783144119216594,29.04847612835112,0.46766572798242123,0.4960949109041953,-0.028429182921774043,29.432192713225586,60.90271690521714,0.48309627056076443,37.728307940708525,-34.920519585893494,0.3423682836808119,29.644986804750367,28.88499994277954,28.125013080808714,100133100.0,-73000420.36660466,2430769.9776087403
2019-09-03,29.420000076293945,29.65999984741211,29.36000061035156,29.57999992370605,29.57999992370605,21020150,27.869999923706054,28.85903514821559,29.114666602725073,0.4754089955122929,0.4919577278258148,-0.01654873231352194,29.52142982426979,66.73485193996379,3.2821248397001055,124.26818777633353,-7.407400866431146,0.3564847640020909,29.656518398906254,28.96599998474121,28.275481570576165,121153250.0,-63191034.852319196,4368504.3081405535
2019-09-04,29.540000915527344,29.799999237060547,29.520000457763672,29.76000022888184,29.76000022888184,20538050,27.921599922180175,28.94484134637428,29.19028567359561,0.49041689047977854,0.49164956035660756,-0.0012326698768290179,29.635779660926065,68.7022620525848,3.190014117289784,136.00928043353025,-3.2786090730433814,0.3510214793802896,29.723128821320206,29.04399995803833,28.364871094756456,141691300.0,-48520879.21948489,9431853.843974434
2019-09-05,29.440000534057617,29.440000534057617,28.799999237060547,29.059999465942383,29.059999465942383,20058050,27.95799991607666,28.955808786333147,29.191809436253138,0.4407458995733293,0.48146882819995196,-0.040722928626622634,29.542265648589215,55.06339291885923,1.1838445707406329,-8.827037033468217,-60.65575308263653,0.3945200159832196,29.714861080582306,29.066999912261963,28.41913874394162,121633250.0,-52281782.2749618,9449131.877893418
2019-09-06,29.13999938964844,29.239999771118164,28.780000686645508,28.81999969482422,28.81999969482422,15551400,27.995199928283693,28.942874587141823,29.168285606020973,0.37766185487567583,0.46070743353509674,-0.08304557865942092,29.398238218641684,51.3028881958067,0.4881429154767906,-46.620055558751105,-80.32787654131812,0.39919709230389383,29.713543270513085,29.0689998626709,28.424456454828714,106081850.0,-65128652.649632156,4509547.601838484
2019-09-09,28.8799991607666,28.920000076293945,28.63999938964844,28.68000030517578,28.68000030517578,9272450,28.029599952697755,28.917838941240298,29.131238029116677,0.3127651522502788,0.4311189772781332,-0.11835382502785441,29.239790532155094,49.192408144173136,-1.9151828670516022,-99.04765408055054,-96.55164475955924,0.3906830633282944,29.712059176481386,29.06999988555908,28.427940594636777,96809400.0,-71751777.08100532,-28508.066697135568
2019-09-10,28.65999984741211,28.71999931335449,28.440000534057617,28.440000534057617,28.440000534057617,12148850,28.058399963378907,28.872330521508616,29.071238090878442,0.2392106011896118,0.3927373020604289,-0.1535267008708171,29.04471246237796,45.72011696059309,-2.802459632296313,-137.77774104366037,-100.0,0.3827770430403354,29.74228719504433,29.045999908447264,28.3497126218502,84660550.0,-83900627.08100547,-5747936.925034732
2019-09-11,28.459999084472656,28.68000030517578,28.459999084472656,28.6200008392334,28.6200008392334,9149950,28.100799980163575,28.848299123196693,29.030666750953312,0.19321534363542625,0.3528329103754284,-0.15961756674000216,28.929771868826418,48.647800949356395,-3.0487791482861453,-117.65331253255458,-86.76467082076375,0.3725786664744658,29.749320898276615,29.038999938964842,28.32867897965307,93810500.0,-79741486.78328735,-6241800.733713925
2019-09-12,28.959999084472656,29.040000915527344,28.63999938964844,28.65999984741211,28.65999984741211,15671150,28.132799987792968,28.830365858836256,28.994571504138765,0.15816809300027046,0.31389994690039685,-0.1557318539001264,28.845120414450676,49.30218871241738,-2.7155439983777825,-77.10711166067092,-83.8235644733539,0.3759659100330001,29.752790658098146,29.023999977111817,28.29520929612549,109481650.0,-93845491.89305496,-10364037.487307489
2019-09-13,28.76000022888184,28.81999969482422,28.420000076293945,28.440000534057617,28.440000534057617,11184800,28.159199981689454,28.793188208857337,28.938952509562174,0.11135713268518188,0.2733913840573539,-0.16203425137217203,28.718483621764904,45.84202458590894,-2.7359755243594317,-104.29798458652013,-98.55069058501735,0.3776826034970911,29.756416398264008,28.988000011444093,28.21958362462418,98296850.0,-103911785.22638829,-14311133.357355684
2019-09-16,28.739999771118164,28.81999969482422,28.600000381469727,28.68000030517578,28.68000030517578,9364800,28.19680000305176,28.782408408506715,28.90961920420329,0.09255813261087908,0.23722473376805894,-0.14466660115717986,28.677440063703408,49.96734981502977,-1.5109908014315856,-65.37573715204057,-81.15939224648487,0.37784807187348474,29.753079347112642,28.973000049591064,28.192920752069487,107661650.0,-106465806.82804595,-15437485.508597776
2019-09-17,28.780000686645508,28.84000015258789,28.65999984741211,28.71999931335449,28.71999931335449,8036200,28.23840000152588,28.776464685158885,28.885523895990282,0.07996558183631564,0.2057729033817103,-0.12580732154539467,28.655080111227203,50.6421498334687,-2.907371915381039,-50.0483609654723,-78.26091163027293,0.3637160885379343,29.751005018077347,28.977000045776368,28.20299507347539,115697850.0,-109144596.93104292,-15347200.466096073
2019-09-18,28.799999237060547,28.920000076293945,28.36000061035156,28.540000915527344,28.540000915527344,16190300,28.274800033569335,28.753944326146357,28.84390493120466,0.054829488020043726,0.17558422030937698,-0.12075473228933326,28.591142915452753,47.53515458648542,-4.09946002678621,-69.15479207315747,-87.49996688627665,0.37773632978110966,29.75737644486526,28.96200008392334,28.16662372298142,99507550.0,-114926819.35910001,-15754863.678900257
2019-09-19,28.739999771118164,28.76000022888184,28.6200008392334,28.68000030517578,28.68000030517578,5551800,28.305600051879882,28.746902038434875,28.81704780941918,0.04567917223258533,0.14960321069401863,-0.1039240384614333,28.576407403519145,50.099494467710734,-1.3076365029254435,-45.673682396048626,-77.77777777777759,0.36646940003635137,29.757997286886653,28.960000133514406,28.16200298014216,105059350.0,-115719955.25555776,-14741736.080383956
2019-09-20,28.739999771118164,29.020000457763672,28.700000762939453,29.020000457763672,29.020000457763672,8688750,28.347600059509276,28.772911411704285,28.822762126014347,0.06511208032939209,0.13270498462109334,-0.06759290429170126,28.654018545513992,55.7554342744907,0.6939651806289617,11.855385538142384,-54.16663355294341,0.3645787395043184,29.764834820985126,28.977000141143797,28.18916546130247,113748100.0,-107031205.25555776,-10222514.691865101
2019-09-23,29.040000915527344,29.21999931335449,29.020000457763672,29.18000030517578,29.18000030517578,8120600,28.389600067138673,28.811681782511094,28.842095474969774,0.09235879580757711,0.1246357468583901,-0.03227695105081299,28.760341125589054,58.15884836447747,1.7433751557867547,87.89857981274659,-43.05552244183233,0.35282303351049676,29.758254932350937,28.97400016784668,28.18974540334242,121868700.0,-102158783.29994193,-5894106.711423695
2019-09-24,29.059999465942383,29.3799991607666,29.0,29.31999969482422,29.31999969482422,13104650,28.434400062561036,28.860093012255202,28.875047810872395,0.1238214581535253,0.12447288911741715,-0.0006514309638918497,28.884471260223258,60.19628241288896,3.0942304649846277,152.83534123821275,-11.111189602829906,0.35476418545736144,29.766052397866893,28.977000141143797,28.1879478844207,134973350.0,-93192416.13075471,-734631.464554131
2019-09-25,29.239999771118164,29.280000686645508,28.700000762939453,28.780000686645508,28.780000686645508,15540900,28.472800064086915,28.852465171720944,28.856285958063033,0.10398377747978671,0.12037506678989107,-0.016391289310104362,28.846201571598694,50.06885589276183,0.5590490661089549,49.98688793329921,-58.82346341344812,0.37370952448789047,29.69227626909825,28.940000152587892,28.187724036077533,119432450.0,-104446174.82777233,-2137893.7703808993
2019-09-26,28.84000015258789,28.940000534057617,28.71999931335449,28.780000686645508,28.780000686645508,13550950,28.502800064086912,28.84556379218995,28.84104791368757,0.08725643475842304,0.11375134038359747,-0.026494905625174425,28.81486844526966,50.068855892761825,0.4187049541950157,12.862478460360666,-58.82346341344812,0.36273035993183594,29.621776430435414,28.906000232696535,28.190224034957655,119432450.0,-110605569.39185879,-4477409.004939273
2019-09-27,28.479999542236328,28.76000022888184,28.440000534057617,28.63999938964844,28.63999938964844,15410150,28.52240005493164,28.82598623004314,28.81571450006394,0.06198839685720969,0.10339875167831993,-0.04141035482111023,28.753129362903785,47.6579870285268,0.7032308433022714,-64.36785767109075,-72.54910027245145,0.3611067736929827,29.583513967580636,28.876000213623048,28.16848645966546,104022300.0,-106753123.74359775,-3801668.075999275
2019-09-30,28.3799991607666,28.459999084472656,28.0,28.200000762939453,28.200000762939453,8840950,28.540400085449217,28.766368566509456,28.751333599998837,0.0063854750392202675,0.0839960963505,-0.07761062131127973,28.588969055954845,40.97952070322444,-1.673638553447659,-191.43983045792453,-85.50718227767973,0.3810276748326585,29.58604220668457,28.83000020980835,28.07395821293213,95181350.0,-107906246.50743434,-3546525.1139264405
2019-10-01,28.020000457763672,28.459999084472656,27.959999084472656,28.34000015258789,28.34000015258789,13539250,28.56200008392334,28.725762050897877,28.704666927882602,-0.02608279416290671,0.061980318247818654,-0.08806311241072537,28.492019467726102,43.683695132260134,-1.3231168866703367,-152.4906243957326,-73.23936283813461,0.38952569805889725,29.469244546550485,28.768000221252443,28.0667558959544,108720600.0,-100865778.66151759,-879588.213566184
2019-10-02,28.57999992370605,28.799999237060547,28.5,28.68000030517578,28.68000030517578,12940100,28.593200073242187,28.721403789400537,28.69628598349435,-0.02410113769986566,0.044764027058281794,-0.06886516475814745,28.50262888571056,49.71000197918802,0.4905374392341735,-18.869242184574933,-49.29569140712623,0.3945595113741658,29.247681402765195,28.71400022506714,28.180319047369082,121660700.0,-98277692.8445981,1114875.8431979567
2019-10-03,28.68000030517578,29.07999992370605,28.68000030517578,28.81999969482422,28.81999969482422,15455150,28.624800071716308,28.730793875631363,28.70638117109026,-0.011105858530942925,0.03359004994043685,-0.044695908471379775,28.54957353485339,51.988226652085615,0.4881429154767906,38.88883737872,-39.43657998976479,0.3949480904567446,29.214390403384403,28.702000236511232,28.18961006963806,137115850.0,-102914274.69258231,354164.5654066801
2019-10-04,28.71999931335449,28.8799991607666,28.65999984741211,28.81999969482422,28.81999969482422,13178950,28.660000076293944,28.739289667935445,28.71761921473912,-0.000797809512203429,0.026712478049908794,-0.027510287562112223,28.58972292912299,51.988226652085615,-0.6891824940889939,13.08683169854128,-39.43657998976479,0.38245174923515507,29.214390403384403,28.702000236511232,28.18961006963806,137115850.0,-96923801.32575467,1916827.4261729866
2019-10-07,28.65999984741211,28.780000686645508,28.459999084472656,28.559999465942383,28.559999465942383,11403900,28.6892000579834,28.722214410602774,28.704095331827798,-0.013453369883968946,0.018679308463133246,-0.03213267834710219,28.556579779836632,47.36651041102154,-2.1247458284756298,-41.9971476601234,-57.74645427937821,0.3808480964577556,29.212077442126727,28.696000194549562,28.179922946972397,125711950.0,-101200272.32227974,1021146.2406672984
2019-10-08,28.84000015258789,28.8799991607666,28.63999938964844,28.81999969482422,28.81999969482422,20742350,28.720000038146974,28.73152729481434,28.715904808044435,-0.0024746212059305606,0.014448522529320485,-0.016923143735251046,28.598246762285765,51.96524685381796,-1.7053206180225973,10.058606212241449,-39.43657998976479,0.3765017820553601,29.21983650411606,28.71500015258789,28.21016380105972,146454300.0,-90829014.8995074,3861845.277418241
2019-10-09,28.86000061035156,28.940000534057617,28.739999771118164,28.84000015258789,28.84000015258789,8660200,28.749200057983398,28.74185804317373,28.727809569949194,0.007750641439841388,0.013108946311424665,-0.005358304871583277,28.63882789147566,52.31043084317873,0.20847624916918003,25.88343678728123,-38.02809712433629,0.36389456640422385,29.231663811769348,28.726000118255616,28.220336424741884,155114500.0,-90829014.8995074,4672872.585414693
2019-10-10,28.739999771118164,28.739999771118164,28.520000457763672,28.57999992370605,28.57999992370605,9252850,28.780000038146973,28.726442984176806,28.713904789515905,-0.005067198294810282,0.009473717390177676,-0.014540915684987958,28.60563111577459,47.52885638416487,-0.6949296670179059,-39.64542702972913,-56.33797141394995,0.3607592184342234,29.230943906069527,28.722000122070312,28.213056338071098,145861650.0,-95034884.9796166,3241618.4963408113
2019-10-11,28.399999618530277,28.440000534057617,28.200000762939453,28.420000076293945,28.420000076293945,15835400,28.79520004272461,28.69725794533082,28.685142880394345,-0.02781544006515091,0.0020158858991119596,-0.02983132596426287,28.53792700848469,44.814117897421696,-0.7681540434460054,-105.02266282845422,-67.60556569673965,0.36213350002939304,29.232229819650577,28.721000099182127,28.209770378713678,130026250.0,-81838781.23723607,6560173.150991574
2019-10-14,28.520000457763672,28.57999992370605,28.479999542236328,28.520000457763672,28.520000457763672,3216650,28.814000053405763,28.680376279848232,28.666000057402112,-0.03734391312905316,-0.005856073906521065,-0.0314878392225321,28.509647321050107,46.85718197165483,1.1347506601658095,-39.42651704919184,-57.57570503178189,0.34769538198530103,29.231501603556598,28.713000106811524,28.19449861006645,133242900.0,-82482062.1552395,7116704.022075653
2019-10-15,28.459999084472656,28.479999542236328,28.26000022888184,28.36000061035156,28.36000061035156,8875000,28.82200008392334,28.649864311324738,28.63238105773926,-0.05714718995981016,-0.016114297117178884,-0.04103289284263128,28.446409040306875,44.04737415149623,0.0705732450810942,-84.79953623742237,-64.28560480787755,0.3414314424779104,29.23579564370879,28.695000171661377,28.154204699613963,124367900.0,-83288824.37748128,6440705.578435332
2019-10-16,28.459999084472656,28.520000457763672,28.34000015258789,28.5,28.5,6483600,28.82800006866455,28.635591519770003,28.613809612819125,-0.060843285283066706,-0.02506009475035645,-0.03578319053271026,28.4325488157932,47.039916917644426,-0.627616120154982,-43.03493455453044,-51.785668669948734,0.3299006469563297,29.23636354144013,28.69300012588501,28.14963671032989,130851500.0,-78246054.91196185,7183159.628844544
2019-10-17,28.5,28.63999938964844,28.5,28.540000915527344,28.540000915527344,5100950,28.826800079345702,28.62648765269927,28.59923825945173,-0.059854759465398644,-0.032019027693364885,-0.02783573177203376,28.433302372864176,47.89736542635404,-0.971543311109611,-0.9232946852835154,-48.214161031193484,0.3163362714343376,29.23344490765976,28.68600015640259,28.138555405145418,135952450.0,-80432096.91741139,6138317.499655768
2019-10-18,28.520000457763672,28.559999465942383,28.479999542236328,28.5,28.5,3951450,28.821200065612793,28.614441209585056,28.58152395884196,-0.061589124129341144,-0.03793304698056014,-0.023656077148781006,28.425221840164387,47.076544068365884,-1.1103389944923818,-30.9149502524664,-51.785668669948734,0.29945510373946027,29.190659838309074,28.660000133514405,28.129340428719736,132001000.0,-82407774.81241174,4524228.43479152
2019-10-21,28.540000915527344,28.57999992370605,28.34000015258789,28.36000061035156,28.36000061035156,3794800,28.81520008087158,28.590208771562818,28.552952575683594,-0.07341412896188615,-0.04502926337682534,-0.028384865585060808,28.38391332542753,44.22027352330101,-0.7002761181046983,-81.32870893665708,-81.81818181818214,0.2952082942665103,29.10766735083574,28.619000148773193,28.130332946710645,128206200.0,-85570093.06655045,2446433.6060491353
2019-10-22,28.440000534057617,28.479999542236328,28.36000061035156,28.459999084472656,28.459999084472656,3648900,28.806000061035157,28.577807848982804,28.53780961717878,-0.07386501938271905,-0.05079641457800409,-0.023068604804714968,28.377707044983143,46.707486013487184,-1.2491346778751526,-68.02801299147484,-70.45470801282248,0.28269333981067163,28.947720199567556,28.576000118255614,28.204280036943672,131855100.0,-83137531.73203038,2148020.363815546
2019-10-23,28.520000457763672,28.6200008392334,28.520000457763672,28.540000915527344,28.540000915527344,5371050,28.801600074768068,28.574207188653713,28.534381121680852,-0.06699460205698315,-0.054036052073799905,-0.01295854998318325,28.395089680072687,48.67910052673955,-1.0402192630835585,1.067072957510245,-54.05401922298716,0.27392965516424805,28.92391089931895,28.564000129699707,28.204089360080463,137226150.0,-86360120.7543272,805298.4063695669
2019-10-24,28.6200008392334,28.76000022888184,28.600000381469727,28.739999771118164,28.739999771118164,6394400,28.797200088500976,28.58999695841223,28.55114299229213,-0.04489400054886872,-0.052207641768813665,0.007313641219944947,28.46278725358297,53.32775003522564,0.5598315179819122,87.4824673473837,-27.02713848644107,0.2700774878921229,28.917504919321104,28.56200008392334,28.206495248525577,143620550.0,-81564358.8679577,1708718.3506801724
2019-10-25,29.0,29.0,28.700000762939453,28.799999237060547,28.799999237060547,8111550,28.790000076293946,28.609997175426358,28.573809578305198,-0.022280819741705926,-0.046222277363392114,0.023941457621686188,28.535049391546746,54.65474403460887,1.3370836022043904,133.74575678145973,-25.000119209403238,0.27221475568986747,28.93910660498121,28.570000076293944,28.20089354760668,151732100.0,-84268277.63059391,1062623.416997537
2019-10-28,28.68000030517578,28.68000030517578,28.5,28.540000915527344,28.540000915527344,6869950,28.781200103759765,28.603330864959783,28.570952515375048,-0.02505063456219858,-0.04198794880315341,0.016937314240954827,28.527611634276422,48.252426342462556,0.07012783114534411,11.341777895611726,-57.499940395298374,0.27419936150205887,28.915456656448164,28.58700008392334,28.258543511398514,144862150.0,-88084851.81149502,-512654.787704587
2019-10-29,28.420000076293945,28.540000915527344,28.3799991607666,28.440000534057617,28.440000534057617,6892950,28.777200126647948,28.587775595350056,28.556952558244976,-0.03491247848966239,-0.04057285474045521,0.005660376250792819,28.496218396140733,46.01953603983414,0.28208717201810574,-49.7560300870899,-70.0,0.2660423895919648,28.908075568017477,28.592000102996828,28.27592463797618,137969200.0,-89808027.68439548,-1658765.032123357
2019-10-30,28.520000457763672,28.63999938964844,28.31999969482422,28.63999938964844,28.63999938964844,9662150,28.77320011138916,28.59274929004514,28.561523918878464,-0.0262868067220019,-0.03771564513676455,0.011428838414762651,28.52309602458968,50.91206629320105,0.4912259285910212,9.325978018387634,-45.00011920940279,0.26989648282284034,28.90432421798875,28.590000057220458,28.275675896452164,147631350.0,-80145877.68439537,1097488.9617165625
2019-10-31,28.81999969482422,28.959999084472656,28.799999237060547,28.920000076293945,28.920000076293945,8652700,28.777200126647948,28.623916031592646,28.59295249212356,0.0031070000844657386,-0.029551116092518495,0.032658116176984234,28.61839348984063,56.8135436556743,1.331461627809062,203.73082857227948,-10.810803844597483,0.2734752836800814,28.92651133272106,28.595000076293946,28.263488819866833,156284050.0,-75819424.53607503,3501874.418960586
2019-11-01,28.8799991607666,29.0,28.81999969482422,28.920000076293945,28.920000076293945,8842200,28.78200012207031,28.652114512040388,28.62390487307594,0.026100928493125508,-0.018420707175389697,0.044521635668515205,28.69670929266238,56.813543655674295,1.4736844782243694,153.46760490721215,-10.810803844597483,0.26679849950120277,28.947562674922814,28.60000009536743,28.252437515812048,156284050.0,-74836937.04826084,4479744.086777583
2019-11-04,28.8799991607666,28.920000076293945,28.76000022888184,28.86000061035156,28.86000061035156,8004650,28.77440013885498,28.67191318807002,28.64866682688395,0.039032385906295985,-0.00693008855905256,0.04596247446534855,28.745083173122346,55.165343407231966,1.7630465064852545,97.35930339438433,-20.58813629682872,0.25917002435198155,28.97982858257691,28.61500015258789,28.250171722598868,148279400.0,-72835726.83678366,5109280.919374779
2019-11-05,28.559999465942383,28.600000381469727,28.280000686645508,28.3799991607666,28.3799991607666,10268050,28.756800117492677,28.644111852136362,28.62628578004383,0.0104283421929523,-0.003458402408651589,0.01388674460160389,28.65968389944756,44.13434890189018,-0.2810960164426057,-84.71920828426767,-86.11130979344985,0.2820864457344151,28.958792292827535,28.59300012588501,28.227207958942483,138011350.0,-76686337.39039212,3677144.363891408
2019-11-06,28.440000534057617,28.57999992370605,28.399999618530277,28.520000457763672,28.520000457763672,7631750,28.736800117492677,28.632291719338962,28.61933343069894,-0.0009328802401569192,-0.002953297974952655,0.002020417734795736,28.62571891382542,47.435855261888406,-0.07007868648241884,-47.82239891670451,-66.66666666666667,0.27622318267763185,28.925774995484737,28.5770001411438,28.22822528680286,145643100.0,-74142366.8111948,3566429.651493579
2019-11-07,28.420000076293945,28.459999084472656,27.940000534057617,28.059999465942383,28.059999465942383,12780550,28.70880012512207,28.577787695205956,28.57009527115595,-0.046518727588136244,-0.011666383897589373,-0.03485234369054687,28.478568805544935,39.23198242780275,-2.366041442558178,-163.29776867170486,-88.67934034494237,0.2979215213225192,28.96620613236481,28.551000118255615,28.13579410414642,132862550.0,-81024237.48727842,1007230.2675320953
2019-11-08,27.940000534057617,28.07999992370605,27.8799991607666,27.899999618530277,27.899999618530277,7483450,28.682000122070313,28.51323644980827,28.508095223563057,-0.09446752769606093,-0.028226612657283684,-0.06624091503877724,28.31706653543794,36.84506706480825,-3.1249987582365217,-195.35961460080946,-98.21424618062206,0.29092718143801427,29.026019214085892,28.52500009536743,28.02398097664897,125379100.0,-87010968.9402909,-2036150.421640858
2019-11-11,27.920000076293945,27.979999542236328,27.68000030517578,27.799999237060547,27.799999237060547,7772050,28.655600090026855,28.445309096213247,28.439047522771926,-0.13893493681300484,-0.05036827748842792,-0.08856665932457691,28.160174488378814,35.3955856864535,-2.5928579352784635,-182.6141770820657,-90.90916972516834,0.2915751854110523,29.081415757770785,28.489000034332275,27.896584310893765,117607050.0,-88565418.47108194,-3590662.788677782
2019-11-12,27.81999969482422,27.920000076293945,27.63999938964844,27.899999618530277,27.899999618530277,8859050,28.62200008392334,28.39337486024344,28.3829522450765,-0.16421353247897486,-0.07313732848653731,-0.09107620399243754,28.059709218507308,38.02137519124721,-1.8987373607137437,-139.895613862948,-80.8823446914023,0.2907484354992274,29.110124590650585,28.46599998474121,27.821875378831834,126466100.0,-80971972.90565632,-1484079.4599504024
2019-11-13,27.979999542236328,28.059999465942383,27.920000076293945,28.0,28.0,8853850,28.586800079345704,28.355910587839304,28.338571294148764,-0.17417008232818532,-0.09334387925486692,-0.08082620307331839,28.006006013385456,40.62045298140625,-2.234634788015256,-84.12761566879855,-73.5293787656096,0.2814092506358616,29.115978876919428,28.44099998474121,27.766021092562994,135319950.0,-79707102.72718221,-84920.36323376
2019-11-14,28.100000381469727,28.200000762939453,28.0,28.1200008392334,28.1200008392334,5942450,28.568000106811525,28.333442992733982,28.307999946957544,-0.1704132372589129,-0.10875775085567611,-0.06165548640323677,27.99603546132426,43.67299274101681,-2.7662490835064535,-50.804748884147365,-64.70579160542601,0.27559435865754667,29.10737204732818,28.419999980926512,27.732627914524844,141262400.0,-78518590.05862091,873346.0584410727
2019-11-15,28.020000457763672,28.100000381469727,28.0,28.059999465942383,28.059999465942383,4568650,28.55280010223389,28.307400752087165,28.27371418362572,-0.17031424326763656,-0.12106904933806822,-0.04924519392956833,27.97518724208115,42.4966319221075,-2.9737227112129743,-53.12349226129924,-69.11765530859783,0.2644805358415361,29.101693372209755,28.397999954223632,27.69430653623751,136693750.0,-77604929.77042164,1476679.1355131716
2019-11-18,28.100000381469727,28.18000030517578,28.059999465942383,28.15999984741211,28.15999984741211,5683250,28.542400093078612,28.293362570689542,28.251047506786527,-0.16031854240773669,-0.12891894795200193,-0.03139959445573476,27.98685739549434,45.14843791205529,-2.425505017793977,-32.48944906144274,-61.76468938280486,0.25416055751238337,29.09921327619213,28.38799991607666,27.676786555961186,142377000.0,-73816126.54781972,2794781.9528238922
2019-11-19,28.020000457763672,28.200000762939453,28.020000457763672,28.15999984741211,28.15999984741211,4444500,28.536800079345703,28.280661358948834,28.229333214532762,-0.15066016090887047,-0.13326719054337563,-0.017392970365494836,27.99907540283215,45.1484379120553,-0.7751914019033028,-29.166575604020363,-61.76468938280486,0.2488633966311975,29.090136258141253,28.372999954223634,27.655863650306014,142377000.0,-71347001.74385244,3865565.365456611
2019-11-20,28.1200008392334,28.21999931335449,28.020000457763672,28.15999984741211,28.15999984741211,9433550,28.52760005950928,28.269169786421525,28.20904749007452,-0.14137612798629817,-0.13488897803196015,-0.006487149954338023,28.011526827284094,45.14843791205529,-1.262274209583905,-20.15263482314856,-61.76468938280486,0.2453730722711703,29.07256542682368,28.353999900817872,27.635434374812064,142377000.0,-67573563.75068071,5152837.453410387
2019-11-21,28.100000381469727,28.1200008392334,27.959999084472656,28.0,28.0,6772750,28.514400062561034,28.243534568667094,28.17533321380615,-0.14525470964408882,-0.1369621243543859,-0.00829258528970292,27.982463363764154,41.338843436870164,-0.21382561327275407,-43.14147399189915,-71.87496740372758,0.2421321930331905,29.02842413488365,28.316999912261963,27.605575689640276,135604250.0,-70959898.38238765,4133538.8835383207
2019-11-22,28.07999992370605,28.100000381469727,27.940000534057617,27.959999084472656,27.959999084472656,6842200,28.504800033569335,28.216531189220007,28.141333134969077,-0.14982911634517748,-0.13953552275254422,-0.010293593592633266,27.95045487533107,40.42056694486136,0.21505185219618983,-43.35657495617887,-66.66673289398157,0.23626559691739898,28.966303506985867,28.27499990463257,27.58369630227927,128762050.0,-76091670.73057447,1707940.1865731776
2019-11-25,27.8799991607666,27.920000076293945,27.799999237060547,27.81999969482422,27.81999969482422,5670450,28.487600021362304,28.178766284991838,28.097999781653996,-0.16287364138100457,-0.1442031464782363,-0.018670494902768286,27.890133448787704,37.29780211657744,0.07194409464950273,-107.37915042024612,-80.85104224369026,0.23081804338130685,28.946160775831768,28.238999843597412,27.531838911363057,123091600.0,-79871940.68765943,-642430.6473098695
2019-11-26,27.799999237060547,27.979999542236328,27.71999931335449,27.959999084472656,27.959999084472656,5279050,28.47240001678467,28.15793131351382,28.07142828078497,-0.1600695585011529,-0.14737642888281963,-0.012693129618333271,27.879374008644106,42.11390560439365,0.21505185219618983,-77.35871662051956,-60.97563244912987,0.23290248520277346,28.925816624722422,28.214999771118165,27.50418291751391,128370650.0,-75405070.10004991,-124266.19717629254
2019-11-27,27.81999969482422,27.86000061035156,27.76000022888184,27.81999969482422,27.81999969482422,4745150,28.457999992370606,28.125747349829098,28.033809225899834,-0.16721651543617,-0.15134444619348972,-0.01587206924268028,27.836610754795977,38.89648330642606,-0.6428582327706474,-105.21066720289268,-68.96546054254233,0.23055222594477656,28.87657838075411,28.173999786376953,27.471421191999795,123625500.0,-74456112.50501657,400948.1487686187
2019-11-29,27.81999969482422,28.040000915527344,27.799999237060547,27.959999084472656,27.959999084472656,4400300,28.443599967956544,28.10996180074753,28.013428206670852,-0.1597423393257138,-0.15302402481993455,-0.006718314505779255,27.840274700293836,43.541591786901954,-0.5689962659514064,-27.905062231398556,-44.82763156596625,0.2312271868392066,28.744268801033677,28.12599973678589,27.507730672538102,128025800.0,-72989392.46528041,1046042.3803195357
2019-12-02,27.86000061035156,28.020000457763672,27.86000061035156,27.959999084472656,27.959999084472656,12990550,28.422399940490724,28.095679637292783,27.997618620736258,-0.15206607782235437,-0.15283243542041852,0.000766357598064149,27.84559058254491,43.54159178690195,-0.35638055371704935,-27.934151790709553,-44.82763156596625,0.22613951973727134,28.580458195182036,28.077999687194826,27.575541179207615,128025800.0,-69741987.25463746,2248115.0984022617
2019-12-03,28.239999771118164,28.34000015258789,28.200000762939453,28.239999771118164,28.239999771118164,8736100,28.40359992980957,28.10942441194282,28.01304720015753,-0.12198272895971485,-0.14666249412827778,0.024679765168562934,27.924716312902763,52.00471312578559,0.28409063970008025,158.6853938788829,-16.1290719530915,0.23712963033569728,28.409717522538436,28.046999645233154,27.68428176792787,136761900.0,-73486132.12929687,1344179.1958260685
2019-12-04,28.26000022888184,28.26000022888184,28.1200008392334,28.18000030517578,28.18000030517578,14236550,28.3807999420166,28.11614592558405,28.025713929675874,-0.10180931925408032,-0.1376918591534383,0.03588253989935797,27.975714426264393,50.26591755834457,0.07102435323880127,93.10357490305655,-25.80639207036246,0.23019175600089328,28.37244621493273,28.036999702453613,27.701553189974497,122525350.0,-75519980.40313879,205055.58529281616
2019-12-05,28.18000030517578,28.299999237060547,28.15999984741211,28.21999931335449,28.21999931335449,7489750,28.369599914550783,28.12603672441933,28.043142464047385,-0.08165291704590416,-0.12648407073193146,0.0448311536860273,28.029164528415286,51.431772701765446,0.21306628646126638,103.99965616888258,-19.354947871002338,0.22374944411857503,28.289701310263244,28.021999645233155,27.754297980203066,130015100.0,-76589973.84319367,-620043.403151229
2019-12-06,27.979999542236328,27.979999542236328,27.8799991607666,27.920000076293945,27.920000076293945,10973750,28.35239990234375,28.106414186502626,28.033428219386508,-0.0888619095309835,-0.11895963849174188,0.03009772896075838,27.99606832089583,43.24390211647958,-0.2857140132359096,-56.111836253470145,-67.74185609381642,0.2320530661520973,28.285665832310485,28.014999675750733,27.74433351919098,119041350.0,-78784556.39769594,-1599492.5836607516
2019-12-09,27.979999542236328,27.979999542236328,27.899999618530277,27.940000534057617,27.940000534057617,4782050,28.338399925231933,28.09056526722215,28.026285443987167,-0.09190183112041694,-0.11354807701747689,0.02164624589705995,27.975003262065538,43.88528987824986,-0.07152557607251527,-42.80384301199762,-64.51598017590617,0.22119212740595112,28.284813349248317,28.0169997215271,27.749186093805882,123823400.0,-78784442.38463059,-1854731.6457428932
2019-12-10,28.059999465942383,28.07999992370605,27.959999084472656,28.0,28.0,4232250,28.334399909973143,28.081940003677186,28.024666422889347,-0.08844993957120195,-0.10852844952822191,0.020078509957019958,27.9742395428958,45.86182213708993,0.647017638929987,1.9772835531040578,-54.8386600586352,0.21539264613755704,28.275925636585445,28.026999759674073,27.7780738827627,128055650.0,-80195147.53840955,-2239396.3886386305
2019-12-11,28.059999465942383,28.280000686645508,28.040000915527344,28.21999931335449,28.21999931335449,7160050,28.331999893188478,28.09508850936074,28.04304733276367,-0.06718768684115872,-0.10026029699080928,0.03307261014965056,28.031581073435472,52.472296657826334,0.9299007059918727,95.62853810850234,-19.354947871002338,0.22000750617383924,28.298272250814403,28.042999744415283,27.787727238016164,135215700.0,-76615207.89293852,-1054106.0427516848
2019-12-12,28.3799991607666,28.399999618530277,28.0,28.100000381469727,28.100000381469727,11945450,28.320399894714356,28.095556306704452,28.048475964864096,-0.0593361194469928,-0.092075461482046,0.0327393420350532,28.04808065444007,48.96060394921183,1.0064726445615333,74.04671380370172,-44.117515062437654,0.23286408562787053,28.30362462667957,28.047999763488768,27.792374900297965,123270250.0,-82587904.41273916,-2373790.1536661685
2019-12-13,28.1200008392334,28.26000022888184,28.020000457763672,28.239999771118164,28.239999771118164,6925300,28.308799896240235,28.109312827124803,28.066761679876418,-0.04134036895884563,-0.08192844297740592,0.040588074018560294,28.098332826443066,52.91938939249271,1.0014331037693194,65.59666637413164,-23.52937876560968,0.23337377744860605,28.32146193704047,28.05399971008301,27.786537483125546,130195550.0,-76816848.59810191,-861616.78950423
2019-12-16,28.239999771118164,28.299999237060547,28.18000030517578,28.239999771118164,28.239999771118164,4776000,28.297199897766113,28.12175920274322,28.084475971403577,-0.026770018930140083,-0.07089675816795275,0.04412673923781267,28.139681442312202,52.919389392492704,1.0014331037693194,83.33318297942131,-23.52937876560968,0.225275574194046,28.34250651752646,28.062999725341797,27.783492933157135,130195550.0,-76816848.59810191,-164671.6142103225
2019-12-17,28.21999931335449,28.26000022888184,28.18000030517578,28.200000762939453,28.200000762939453,11989600,28.289999923706056,28.129210779904767,28.09752368927002,-0.01824023515631623,-0.06036545356562545,0.04212521840930922,28.16309432382411,51.59339111772689,-0.1416395485230104,62.019550720635515,-31.249850988246507,0.21489874201633258,28.34780729978239,28.064999771118163,27.782192242453938,118205950.0,-82811505.67079554,-1771978.4188825786
2019-12-18,28.18000030517578,28.26000022888184,28.15999984741211,28.200000762939453,28.200000762939453,7531150,28.27759994506836,28.135952683050927,28.110380926586334,-0.011349490203535595,-0.05056226089320748,0.03921277068967188,28.18201378791188,51.59339111772689,0.0709739444537849,52.275469154482224,-33.333121405842604,0.20669171626300384,28.353014061637886,28.06699981689453,27.780985572151174,118205950.0,-84317620.75500461,-2747642.509507522
2019-12-19,28.200000762939453,28.31999969482422,28.200000762939453,28.26000022888184,28.26000022888184,6139450,28.26599994659424,28.147766735034825,28.128761918204173,-0.0010351372997874364,-0.040656836174523474,0.03962169887473604,28.212700584831634,53.61533941621037,0.1417466920646639,77.8796027676994,-25.925860516044374,0.2004993745217011,28.367675634949563,28.07199983596802,27.776324036986473,124345400.0,-84317620.75500426,-2896992.13662602
2019-12-20,28.280000686645508,28.299999237060547,28.200000762939453,28.239999771118164,28.239999771118164,3114850,28.25919994354248,28.15655083370943,28.144761912027995,0.005462226746782761,-0.031433023590262225,0.03689525033704499,28.232141134714823,52.8232616272095,1.1461307089892208,67.40722138233805,-30.769174338847993,0.1933207387788006,28.386417052155256,28.083999824523925,27.781582596892594,121230550.0,-84940614.51978643,-2892952.0786391795
2019-12-23,28.31999969482422,28.420000076293945,28.31999969482422,28.399999618530277,28.399999618530277,3849800,28.258799934387206,28.179736432263798,28.17485713050479,0.023254027126721866,-0.02049561344686541,0.043749640573587274,28.28894023290757,58.14975179494499,1.6463818027202304,157.20753242524603,-3.703782195283256,0.1923692792357278,28.432214676340994,28.105999851226805,27.779785026112616,125080350.0,-82630763.89131719,-1893351.2114371508
2019-12-24,28.5,28.68000030517578,28.5,28.65999984741211,28.65999984741211,2714500,28.261599922180174,28.225475805135066,28.22761903490339,0.05766922770982319,-0.00486264521552769,0.06253187292535088,28.40207094227043,65.0544399374179,2.357142312186105,243.40526368631174,-2.5000536441035615,0.19862866547928326,28.527978925152006,28.147999858856203,27.7680207925604,127794850.0,-80519498.89746308,-640534.6121339202
2019-12-26,28.81999969482422,28.920000076293945,28.799999237060547,28.899999618530277,28.899999618530277,3568150,28.27239990234375,28.28971616831556,28.299238059634256,0.103120785660888,0.01673404095975545,0.08638674470113256,28.555700740210664,69.97827457568711,2.409639694264604,255.51396617892811,-1.9231192458640134,0.2030123485794656,28.686507718923902,28.19499988555908,27.70349205219426,131363000.0,-78140751.13540295,687085.9766123444
2019-12-27,28.8799991607666,28.979999542236328,28.86000061035156,28.8799991607666,28.8799991607666,3541550,28.279999885559082,28.34593359616804,28.364476085844494,0.13596033687603182,0.04057930014301073,0.09538103673302109,28.674388350857377,69.10443608019492,2.7757963299218944,182.49372018978028,-9.259295234630416,0.19708281881555872,28.792117249111058,28.2479998588562,27.703882468601343,127821450.0,-80501859.52463262,416479.3684707135
2019-12-30,28.940000534057617,28.979999542236328,28.920000076293945,28.979999542236328,28.979999542236328,6632550,28.288799858093263,28.406320829126926,28.434190341404506,0.1681171628527025,0.06608687268494909,0.10203029016775342,28.79496431649022,71.0509128325449,2.6203958113164805,148.19318904451677,0.0,0.19014835900514215,28.912380304584914,28.298999881744386,27.685619458903858,134454000.0,-73869309.52463262,2378271.722551793
2019-12-31,29.100000381469727,29.15999984741211,28.979999542236328,29.0,29.0,7148950,28.29879985809326,28.46286170254341,28.50095225742885,0.19299087028733553,0.09146767220542637,0.10152319808190916,28.895825008832006,71.43848915183543,2.6912189626117113,130.5391213208619,-13.79309210850842,0.18942349801733063,29.014863956618413,28.350999927520753,27.687135898423094,141602950.0,-79429570.30113412,1195442.7364661545
2020-01-02,29.200000762939453,29.280000686645508,29.1200008392334,29.21999931335449,29.21999931335449,18539150,28.31599983215332,28.53497004643018,28.583714103698732,0.22782929432523247,0.1187399966293876,0.10908929769584487,29.031986486855104,75.34814117542768,3.6170160383666423,130.8152026775896,-4.687604773733723,0.1958932972050576,29.161366595310312,28.39999990463257,27.638633213954826,160142100.0,-74795114.30728616,2077481.1732494384
2020-01-03,29.600000381469727,29.700000762939453,29.520000457763672,29.6200008392334,29.6200008392334,9172600,28.339199867248535,28.638306312411437,28.69990466889881,0.28443696429027554,0.1518793901615652,0.13255757412871033,29.243278429754792,80.55891698901351,5.035461127221367,163.90998901747156,-4.761899355588762,0.21618673666076527,29.39229538043096,28.47199993133545,27.55170448223994,169314700.0,-73775914.93035232,2573743.86520797
2020-01-06,30.13999938964844,30.13999938964844,29.81999969482422,29.920000076293945,29.920000076293945,15387150,28.366799850463867,28.76037238516215,28.837809444609142,0.3494778190507333,0.1913990759393988,0.15807874311133446,29.48941149150835,83.3939729917051,5.8740263056175746,173.9160413202034,-11.111079000857504,0.2378875805003565,29.663654255767625,28.556999969482423,27.45034568319722,184701850.0,-79546050.32302803,706831.535593465
2020-01-07,29.959999084472656,30.07999992370605,29.940000534057617,30.040000915527344,30.040000915527344,10537000,28.39279987335205,28.882241769006455,28.979047629946756,0.4060258170036093,0.23432442415224092,0.17170139285136837,29.716407981475783,84.37548698178014,6.3739417811543015,151.9589477817994,-5.050429153541769,0.2323241709940529,29.903340393024713,28.66300001144409,27.422659629863468,195238850.0,-75030070.13229221,1315740.0491131395
2020-01-08,30.15999984741211,30.18000030517578,29.65999984741211,29.81999969482422,29.81999969482422,17847550,28.413199882507325,28.971552047655766,29.089238075982955,0.428152774238189,0.27309009416943053,0.15506268006875845,29.838598843114802,75.55814778541293,5.000000335800808,111.53074814861004,-17.821808354940504,0.2528724771918828,30.047846319108476,28.756999969482422,27.466153619856367,177391300.0,-81894532.58286625,-738920.8886399269
2020-01-09,29.63999938964844,29.71999931335449,29.520000457763672,29.63999938964844,29.63999938964844,8057750,28.435199851989747,29.035213699274117,29.173333258855912,0.4262504767955555,0.30372217069465557,0.12252830610089993,29.8848059308388,69.18752507442237,3.4193982814163273,65.91401276622926,-27.272779816778716,0.2562386743253588,30.13542429958366,28.838999938964843,27.542575578346025,169333550.0,-80283013.32091871,-999533.2444974184
2020-01-10,29.700000762939453,29.84000015258789,29.65999984741211,29.84000015258789,29.84000015258789,8781150,28.46319984436035,29.111860028161143,29.268666612534297,0.435856994340849,0.3301491354238943,0.10570785891695472,29.96732081073166,72.01127830268214,3.2525970465926872,73.2492569939598,-17.171728848173085,0.2522216806549367,30.253506646169793,28.919999980926512,27.58649331568323,178114700.0,-71501863.32091871,1778721.5412424505
2020-01-13,29.700000762939453,29.71999931335449,29.57999992370605,29.600000381469727,29.600000381469727,5791900,28.48239986419678,29.158349585619103,29.333428555443174,0.4192711560396596,0.34797353954704735,0.07129761649261224,29.965488640285848,64.38600373453737,2.4930790915023455,44.489773158881164,-31.182781364594703,0.25277729124257264,30.304099009485558,28.994999980926515,27.685900952367472,172322800.0,-75638889.65879308,1437251.7968812287
2020-01-14,29.5,29.600000381469727,29.459999084472656,29.559999465942383,29.559999465942383,8079900,28.495199851989746,29.1966019551737,29.38723803020659,0.39830757828538665,0.35804034729471523,0.04026723099067142,29.94667443474956,63.185085794379034,2.0013800305991905,22.364665386432595,-36.90480515528994,0.24472186308217964,30.344026113056163,29.060999965667726,27.77797381827929,164242900.0,-72176138.27529694,2268684.905583948
2020-01-15,29.700000762939453,29.780000686645508,29.600000381469727,29.76000022888184,29.76000022888184,8530200,28.511999855041505,29.250258933622096,29.45380948384603,0.3932984818943268,0.36509197421463757,0.02820650767968924,29.97665742062709,66.54500782343185,2.620690444420136,44.29168335768071,-30.43476458083947,0.24295610291224715,30.396350650870037,29.136999988555907,27.877649326241777,172773100.0,-65541578.44822925,4513568.858158052
2020-01-16,29.700000762939453,29.739999771118164,29.57999992370605,29.700000762939453,29.700000762939453,7726750,28.52879985809326,29.293091488795177,29.50742860521589,0.38010566000969703,0.36809471137364946,0.01201094863604757,29.979491105563664,64.63910328080574,1.6427154718158676,30.356744156246734,-36.363610091610454,0.23845926021678582,30.416684410012916,29.21199998855591,28.007315567098903,165046350.0,-61678111.33810369,6250891.023054853
2020-01-17,29.76000022888184,29.84000015258789,29.700000762939453,29.780000686645508,29.780000686645508,5195600,28.55679988861084,29.33946379335235,29.561523909795852,0.3718194754098576,0.3688396641808911,0.0029798112289665113,29.99668575934087,66.03589827248061,0.5401750265995279,48.16955132434109,-31.745995703925047,0.23142641231904665,30.4250180753326,29.290999984741212,28.156981894149826,170241950.0,-60935862.54246336,6629520.977938652
2020-01-21,29.600000381469727,29.81999969482422,29.540000915527344,29.799999237060547,29.799999237060547,8173200,28.582399864196777,29.383324311800752,29.61000002906436,0.36268551741848043,0.36760883482840895,-0.004923317409928518,30.010367525714397,66.39327740332502,-0.4010723226183307,23.211108287260323,-31.66673554310129,0.23489586710317722,30.417526022864294,29.367999935150145,28.318473847435996,178415150.0,-53930294.35717726,8410775.747714996
2020-01-22,29.780000686645508,29.799999237060547,29.71999931335449,29.799999237060547,29.799999237060547,7501550,28.61719985961914,29.42300763801597,29.651142819722494,0.35139611423528194,0.36436629070978355,-0.012970176474501605,30.01623981167822,66.393277403325,-0.7989403167519301,31.543686596690943,-35.84917543117797,0.22383187114624015,30.373370832519285,29.445999908447266,28.518628984375248,178415150.0,-46428744.35717759,10761711.721922033
2020-01-23,29.780000686645508,29.979999542236328,29.76000022888184,29.8799991607666,29.8799991607666,8426200,28.656799850463866,29.466530640182697,29.692476081848145,0.34492838640464996,0.36047870984875685,-0.015550323444106895,30.036741058502365,67.95749078034348,0.20120545458220365,70.68947538977712,-41.666754969694395,0.2235581170182579,30.330530941882955,29.51999988555908,28.709468829235206,186841350.0,-45662779.30511547,10988836.980488129
2020-01-24,29.81999969482422,30.1200008392334,29.81999969482422,30.040000915527344,30.040000915527344,10429000,28.701599884033204,29.52114685688219,29.74199998946417,0.34869394319741076,0.35812175651848766,-0.009427813321076894,30.09020766471498,70.87709745341787,1.3495328411464151,120.00023725999458,-19.444326707074133,0.22901833326046658,30.326615533225564,29.588999938964843,28.851384344704122,197270350.0,-40795886.11623146,11631323.602683887
2020-01-27,30.299999237060547,30.31999969482422,30.13999938964844,30.26000022888184,30.26000022888184,7526050,28.748799896240236,29.59151384469168,29.805904778980075,0.3652202483801581,0.35954145489082173,0.0056787934893363645,30.18632238418226,74.33926572577295,1.4075069508923046,204.4591359956581,-6.976677134897836,0.2326597936916386,30.378584848617937,29.65699996948242,28.935415090346904,204796400.0,-38287149.61705763,11635000.324893467
2020-01-28,30.1200008392334,30.15999984741211,29.940000534057617,29.979999542236328,29.979999542236328,7759000,28.78839988708496,29.628512482553077,29.836666643051874,0.3516699170572579,0.357967147324109,-0.006297230266851084,30.18756069675276,63.92339044276535,1.283780931991101,103.90105113478613,-39.53487340536896,0.23889835805825174,30.351299936041865,29.71199998855591,29.072700041069954,197037400.0,-43224756.22517429,9007720.488224491
2020-01-29,30.0,30.15999984741211,29.959999084472656,30.1200008392334,30.1200008392334,10552750,28.82839988708496,29.675320897475014,29.87552386692592,0.34821412085751646,0.35601654203079053,-0.007802421173274066,30.22011901761105,66.4542749818168,1.8944566421126712,108.81646138991826,-23.25566437784993,0.23611995840690897,30.33630632115919,29.76900005340576,29.201693785652335,207590150.0,-36892985.45899527,9128694.84535101
2020-01-30,30.200000762939453,30.31999969482422,30.040000915527344,30.13999938964844,30.13999938964844,13551750,28.869999885559082,29.719575991967723,29.91085713704427,0.34313366209188345,0.35343996604300915,-0.010306303951125695,30.247400687621433,66.81243177202421,1.2768788906050326,116.57728192232084,-20.93025318926166,0.2392541598990494,30.29300783911748,29.826000022888184,29.35899220665889,221141900.0,-40765019.53256441,7116292.163917042
2020-01-31,30.21999931335449,30.3799991607666,30.200000762939453,30.34000015258789,30.34000015258789,14083750,28.9135998916626,29.77866400726488,29.959809530349006,0.3511973673721904,0.35299144630884544,-0.001794078936655008,30.317182599474993,70.23505370048267,2.1548800444714056,132.82992740805506,-4.347717919746241,0.23930741784327164,30.312051383061583,29.882000064849855,29.451948746638127,235225650.0,-32940614.48493325,8135684.2944933325
2020-02-03,30.15999984741211,30.34000015258789,30.0,30.1200008392334,30.1200008392334,11003200,28.952799911499024,29.81117227697617,29.982476270766487,0.3359630332088557,0.3495857636888475,-0.013622730479991796,30.312845427517466,62.58870939437443,1.1417063289067004,71.57096273794551,-28.260684779566493,0.24649975603931587,30.331316327998426,29.907000064849854,29.48268380170128,224222450.0,-36176798.94565871,6783405.629089765
2020-02-04,29.84000015258789,29.86000061035156,29.600000381469727,29.71999931335449,29.71999931335449,10884550,28.98399990081787,29.802489137583628,29.964666675385974,0.28828970912805474,0.33732655277668894,-0.0490368436486342,30.201264207139687,51.5910700613438,-0.2684561266919998,-74.85664230931326,-78.57157454229255,0.26603552044819845,30.32897727641987,29.89700002670288,29.46502277698589,213337900.0,-37014170.297674574,5347091.142229654
2020-02-05,29.700000762939453,29.799999237060547,29.68000030517578,29.76000022888184,29.76000022888184,8934550,29.019199905395507,29.798442574850124,29.951619075593495,0.25084441760677834,0.32003012574270684,-0.0691857081359285,30.116611139757783,52.49011301328512,-0.13422486309651618,-69.65174530641809,-73.80955084116478,0.25560433555081036,30.313678850114417,29.882999992370607,29.452321134626796,222272450.0,-34035892.28959953,5221042.659971699
2020-02-06,29.8799991607666,29.979999542236328,29.84000015258789,29.940000534057617,29.940000534057617,7569850,29.058799934387206,29.81192428525084,29.957047698611305,0.23300731135647723,0.30262556286546094,-0.06961825150898371,30.09108172943385,56.41295137989152,0.20080781451225527,-16.986265005340965,-52.380898317669576,0.2530611196796445,30.319344409624534,29.889000034332277,29.45865565904002,229842300.0,-30791582.462624054,5727117.52945184
2020-02-07,30.020000457763672,30.07999992370605,29.920000076293945,30.0,30.0,7035800,29.102399940490724,29.829836258084093,29.967619123912993,0.22116329876995167,0.2863331100463591,-0.06516981127640742,30.08332399724585,57.66767301221092,-0.1331588359129101,8.114231064575772,-45.238089831766956,0.24641388594624888,30.324090236414964,29.907000064849854,29.489909893284743,236878100.0,-30791582.462624054,5413501.10974355
2020-02-10,30.100000381469727,30.13999938964844,30.040000915527344,30.059999465942383,30.059999465942383,6318800,29.144399948120117,29.851756563594407,29.982190495445614,0.21414970443949954,0.2718964289249872,-0.05774672448548768,30.09038324455414,58.940553691834886,-0.6609410489976294,34.10338582632603,-41.02566610587268,0.23881285049640544,30.33902755923247,29.91800003051758,29.496972501802688,243196900.0,-34583007.09068526,3586704.6373212673
2020-02-11,30.059999465942383,30.07999992370605,29.86000061035156,29.959999084472656,29.959999084472656,8962200,29.187199935913085,29.86206537510662,29.986190405346097,0.19823703224638223,0.25716454958926627,-0.05892751734288404,30.068240553653805,55.922406869960376,-0.06671266867597811,-27.250677375664306,-53.84624789702257,0.23746902641484022,30.33109010477759,29.935999965667726,29.54090982655786,234234700.0,-35397851.436679095,2254046.0942121744
2020-02-12,29.940000534057617,30.020000457763672,29.8799991607666,29.940000534057617,29.940000534057617,6644850,29.226799964904785,29.869487771197193,29.986571411859423,0.18191540149506125,0.24211471997042527,-0.06019931847536403,30.043142237798573,55.31240629044733,-0.5976105583015732,-41.82509873372698,-56.41016862944559,0.23050704574214237,30.31049985825056,29.955000019073488,29.599500179896417,227589850.0,-36347038.126914926,1201940.3711186796
2020-02-13,30.100000381469727,30.18000030517578,30.040000915527344,30.13999938964844,30.13999938964844,11036150,29.270399971008302,29.895250782478264,30.004190399533226,0.18300901372853318,0.23029357872204687,-0.04728456499351369,30.07295586975398,60.01032932077815,0.0,44.11774090003837,-30.769249579404057,0.23118509755471536,30.326386287601835,29.973999977111816,29.621613666621798,238626000.0,-31617431.39121954,2167141.048381813
2020-02-14,30.200000762939453,30.280000686645508,30.18000030517578,30.26000022888184,30.26000022888184,5490800,29.310799980163573,29.92998882499289,30.03142851874942,0.1913529761439925,0.222505458206436,-0.031152482062443504,30.12708500496818,62.554027051693495,-0.2636780596694474,105.88248493756443,-15.384502523572452,0.22467196894345473,30.351834529504995,30.001999950408937,29.65216537131288,244116800.0,-28322993.28253884,3413213.3556258753
2020-02-18,30.440000534057617,30.68000030517578,30.34000015258789,30.63999938964844,30.63999938964844,9514350,29.359999961853028,29.997608878769608,30.092190370105563,0.22602293130393392,0.2232089528259356,0.0028139784779983024,30.26845148486597,69.22890922509309,1.7264227620395955,199.7458780312533,-3.703788736398772,0.23862397661134668,30.476902857662026,30.044999885559083,29.61309691345614,253631150.0,-21047364.105166517,5927651.00542365
2020-02-19,30.65999984741211,30.81999969482422,30.6200008392334,30.81999969482422,30.81999969482422,10509800,29.411999969482423,30.07593181363195,30.16599987574986,0.2649692403885169,0.2315610103384519,0.03340823005006499,30.428957732821075,71.79374303537317,3.701212674575844,203.36384433853493,0.0,0.2358650393955948,30.629156588319383,30.095999908447265,29.562843228575147,264140950.0,-10537564.105166517,9761434.498029679
2020-02-20,30.86000061035156,31.040000915527344,30.84000015258789,30.959999084472656,30.959999084472656,8151750,29.472799949645996,30.16012869656916,30.248285511561804,0.3036311804080718,0.24597504435237588,0.05765613605569592,30.594099160908844,73.63447417783236,4.032254188043411,187.2449202074828,-5.555680651677209,0.2347319094889898,30.788488422837432,30.153999900817873,29.519511378798313,272292700.0,-8907338.490525765,10961105.486206051
2020-02-21,31.36000061035156,31.520000457763672,31.299999237060547,31.420000076293945,31.420000076293945,12641400,29.54239994049072,30.28011644701914,30.36885695684524,0.36715692557827495,0.2702114205975557,0.09694550498071924,30.845346865561346,78.58064026896434,4.943218155767185,204.20862805474636,-5.208352994586907,0.25796544261770593,31.05828204124377,30.23099994659424,29.403717851944705,284934100.0,-7758100.381911533,10821082.517182183
2020-02-24,32.13999938964844,32.18000030517578,31.540000915527344,31.700000762939453,31.700000762939453,24425200,29.61639995574951,30.415343524725834,30.508761796497165,0.4350799211496934,0.30318512070798326,0.13189480044171015,31.119497628132315,80.92623846515045,5.666669209798177,185.39831220167073,-18.604633970175865,0.2938250702080009,31.35377694530061,30.313999938964844,29.27422293262908,309359300.0,-19970700.38191153,5894238.346474038
2020-02-25,31.5,31.700000762939453,31.040000915527344,31.1200008392334,31.1200008392334,26278400,29.67439998626709,30.482453745155127,30.58552378699893,0.43706996739975423,0.3299620900463375,0.10710787735341676,31.188205697188376,65.03823268506903,3.5262854029388273,97.15022038662697,-42.39997863769531,0.3199804114368658,31.453852060201804,30.356999969482423,29.260147878763043,283080900.0,-39878583.772369005,-2991455.1972770393
2020-02-26,31.239999771118164,31.540000915527344,31.040000915527344,31.26000022888184,31.26000022888184,20814000,29.737599983215333,30.556505791224335,30.671523811703636,0.4448163085944081,0.35293293375595164,0.09188337483845649,31.27491033148612,66.73584835679425,4.339122777486778,81.61006861908636,-39.31624001291113,0.33283895347708964,31.57050273134679,30.421000003814697,29.271497276282606,303894900.0,-42376320.939727105,-7149295.727763962
2020-02-27,31.57999992370605,31.739999771118164,31.239999771118164,31.239999771118164,31.239999771118164,22709650,29.79759998321533,30.62160045597613,30.749523789542064,0.44422076949688716,0.37119050090413874,0.07303026859274842,31.334790334421243,66.2410008796726,4.342014742390402,82.5820177658824,-40.51726972872889,0.3447790282287261,31.670668484333834,30.476999950408935,29.283331416484035,281185250.0,-65085970.939727105,-15426092.242257342
2020-02-28,31.020000457763672,31.020000457763672,29.86000061035156,30.13999938964844,30.13999938964844,31490500,29.835599975585936,30.575733687754443,30.717428498041063,0.35094251590441417,0.36714090390419385,-0.016198387999779684,31.092569044138614,46.02667184138889,0.0,-46.90496436304616,-87.93108551171183,0.41872332341000323,31.670668484333834,30.476999950408935,29.283331416484035,249694750.0,-81374224.87198967,-22592308.68188297
2020-03-02,30.440000534057617,30.600000381469727,30.26000022888184,30.299999237060547,30.299999237060547,17719450,29.877599945068358,30.549473263878834,30.700571287245978,0.28662543877048563,0.3510378108774522,-0.0644123721069666,30.930722589925264,48.48898869257809,0.13218442787892015,-45.71603690103866,-81.03453945745778,0.4216717282965234,31.669713522925484,30.47499990463257,29.280286286339653,267414200.0,-94924497.76969987,-27781546.903557338
2020-03-03,30.63999938964844,31.520000457763672,30.600000381469727,31.239999771118164,31.239999771118164,27915000,29.938399925231934,30.615237693139722,30.773428417387464,0.3079539771941384,0.34242104414078944,-0.034467066946651026,31.03836783102369,60.02687088017367,1.9582258270945982,39.30634999050411,-40.51726972872889,0.47869526346842356,31.75845117226487,30.530999851226806,29.303548530188742,295329200.0,-84001277.15997031,-23903251.71809587
2020-03-04,31.36000061035156,31.479999542236328,31.200000762939453,31.31999969482422,31.31999969482422,14770500,29.99959991455078,30.68235788377634,30.848571259634834,0.32753668380808776,0.33944417207424915,-0.011907488266161392,31.143936727962547,60.83097981416698,1.6223231828388627,59.681737753326765,-37.06899670160178,0.4645026574561701,31.825082449643485,30.610999870300294,29.396917290957102,310099700.0,-86111406.08367604,-20815058.189032026
2020-03-05,31.65999984741211,32.0,31.6200008392334,31.979999542236328,31.979999542236328,14313200,30.074399909973145,30.805942803629673,30.9789521807716,0.3917962089110567,0.34991457944161064,0.04188162946944607,31.397901305519408,66.77001422953167,3.2945752194005453,122.80698221744589,-8.620723674474728,0.47989534657899946,32.00835300767673,30.721999835968017,29.435646664259306,324412900.0,-73304896.52733634,-13584629.7783949
2020-03-06,32.15999984741211,32.34000015258789,31.3799991607666,32.0,32.0,17822850,30.14639991760254,30.919662536617324,31.10066648210798,0.43927255473742477,0.3677861745007735,0.07148638023665127,31.606627631159945,66.93363572734269,1.845957741240295,117.15980872098338,-13.70968610265535,0.5141886069534487,32.17282057130428,30.824999809265137,29.477179047225995,342235750.0,-68106557.9000895,-7737744.067338005
2020-03-09,32.18000030517578,32.29999923706055,31.76000022888184,32.08000183105469,32.08000183105469,19309750,30.21479995727539,31.030171040849453,31.220190484183174,0.47784507938936827,0.38979795547849244,0.08804712391087582,31.79294188498132,67.62042890909811,1.198741510944992,126.12191943582648,-10.483805222752196,0.5160322070409672,32.32622493934731,30.92899990081787,29.53177486228843,361545500.0,-64530521.65245159,-3504575.2824446633
2020-03-10,31.739999771118164,31.76000022888184,31.36000061035156,31.36000061035156,31.36000061035156,18333500,30.263999977111816,31.061583380802034,31.26123817080543,0.44518419557752154,0.4008752034982983,0.04430899207922323,31.752701232946496,56.289078774973895,0.771207469941934,28.859925286616686,-39.51611786801461,0.5306014223025501,32.34361388420386,30.99399995803833,29.644386031872802,343212000.0,-82864021.65245159,-7287613.026584253
2020-03-11,31.76000022888184,31.780000686645508,31.200000762939453,31.239999771118164,31.239999771118164,21028700,30.311199989318848,31.078575417975,31.284666724432082,0.40494914335785026,0.40168999147020873,0.0032591518876415315,31.68262532746562,54.645487684848455,-0.06398099045820396,8.209571267779138,-44.354862278635935,0.5341298866885148,32.324232732597295,31.057999992370604,29.791767252143917,322183300.0,-100992282.84579429,-13940792.208288193
2020-03-12,30.799999237060547,30.799999237060547,29.799999237060547,29.979999542236328,29.979999542236328,38685900,30.331199989318847,30.973949144095123,31.182000014895486,0.268298310473142,0.37501165527079544,-0.10671334479765343,31.293119357613893,41.081510166806964,-4.033291415215452,-164.85514127011223,-92.91337636630692,0.598834932929165,32.31927028291932,31.05999994277954,29.800729602639763,283497400.0,-125751235.23379478,-23273051.06895922
2020-03-13,30.31999969482422,30.3799991607666,28.739999771118164,29.100000381469727,29.100000381469727,33356350,30.33319999694824,30.795477833368892,30.995333390008835,0.08797879826045474,0.3176050838687273,-0.22962628560827258,30.742275535525813,34.61846890546888,-3.4505608136671073,-193.6031419583873,-89.99998410542975,0.6732038226948275,32.482444044445906,31.007999992370607,29.533555940295308,250141050.0,-144463303.73601383,-30928901.392761678
2020-03-16,27.920000076293945,29.020000457763672,27.600000381469727,28.799999237060547,28.799999237060547,29196600,30.324799995422364,30.605432252768097,30.78504760378883,-0.07823149545745878,0.23843776800349012,-0.3166692634609489,30.212565505214094,32.72814076394837,-4.950495174156043,-198.27989202308228,-74.68356722498868,0.7322606925023398,32.671612153836776,30.93499994277954,29.198387731722306,220944450.0,-124313587.25047812,-24837848.42594117
2020-03-17,28.479999542236328,29.68000030517578,28.420000076293945,29.200000762939453,29.200000762939453,28226400,30.316399993896486,30.47158163468918,30.6198095866612,-0.17565275490471421,0.15561966342184927,-0.3312724183265635,29.88469910504531,37.6192081566217,-6.530086501680195,-116.71720157051138,-66.24471606056032,0.7699563736723039,32.755016231428336,30.863000011444093,28.970983791459854,249170850.0,-117592991.4057726,-17949696.404750004
2020-03-18,28.780000686645508,29.020000457763672,28.1200008392334,28.520000457763672,28.520000457763672,34539850,30.28840000152588,30.285716760696275,30.39666677202497,-0.3042232502702369,0.06365108068343205,-0.36787433095366895,29.44416455940275,33.20003606155933,-8.939972108375404,-126.26807575490565,-80.59071475277904,0.7921023415318574,32.898438374222124,30.748000049591063,28.597561724960002,214631000.0,-121430768.78344262,-14721136.43399863
2020-03-19,28.21999931335449,28.520000457763672,28.0,28.059999465942383,28.059999465942383,22607400,30.24879997253418,30.07374368500543,30.140666716439384,-0.43818342404640376,-0.03671582026253512,-0.40146760378386864,28.97034422483998,30.582800235818357,-12.25766145217344,-121.6337256402354,-90.2953774961018,0.7726664926912727,33.047660723959716,30.60300006866455,28.15833941336938,192023600.0,-138821127.50552016,-17595372.727170587
2020-03-20,28.559999465942383,28.65999984741211,28.26000022888184,28.459999084472656,28.459999084472656,14761300,30.221599960327147,29.920053723049925,29.936571384611582,-0.5062356313780576,-0.13061978248563963,-0.37561584889241795,28.694493099506932,35.355062609112814,-11.06250286102295,-89.08597479783057,-81.85656657109803,0.7603331990325909,33.038358782774054,30.455000019073488,27.871641255372925,206784900.0,-138821197.8929507,-17171639.722453326
2020-03-23,28.979999542236328,29.84000015258789,28.8799991607666,29.700000762939453,29.700000762939453,17884250,30.222799987792968,29.8990962982775,29.8646666935512,-0.45486630799806704,-0.19546908758812512,-0.25939722040994195,28.800153752330218,47.42226223615458,-7.418955524532735,-33.28551165191267,-55.69619234444947,0.8045951896813511,32.892270581488084,30.355000019073486,27.817729456658892,224669150.0,-126153159.34617005,-11406496.708143026
2020-03-24,31.07999992370605,31.479999542236328,30.84000015258789,31.040000915527344,31.040000915527344,20031350,30.246800003051757,30.007753880872723,29.929904874165853,-0.3025414264198609,-0.2168835553544723,-0.08565787106538864,29.24399482620414,56.805765653124645,-1.0204071702683166,50.74988409246917,-27.42614556611841,0.8742668746538886,32.88368198114453,30.351000022888183,27.81831806463184,244700500.0,-133664855.89803806,-10401160.131688371
2020-03-25,30.920000076293945,30.979999542236328,30.65999984741211,30.700000762939453,30.700000762939453,19429550,30.26880001068115,30.073682155355268,29.963143039885022,-0.20687332423403149,-0.21488150913038415,0.00800818489635266,29.526954825274593,54.16435663098976,-1.728549974824097,39.773747605822635,-34.59914491222775,0.8389621741868419,32.82708589797378,30.323000049591066,27.81891420120835,225270950.0,-148236902.58878502,-13680886.376404732
2020-03-26,31.13999938964844,31.420000076293945,30.8799991607666,31.13999938964844,31.13999938964844,15774900,30.300400009155272,30.175236177668904,30.040952500842867,-0.09446254661041209,-0.19079771662638975,0.09633517001597766,29.878205456836575,56.95390497049459,3.869245714223196,65.37579403773918,-24.6808538268524,0.8304648269845313,32.81513154923707,30.318000030517577,27.820868511798082,241045850.0,-148821170.52630866,-13964779.05878216
2020-03-27,31.020000457763672,31.18000030517578,30.86000061035156,30.899999618530277,30.899999618530277,15695100,30.323199996948244,30.244261267274748,30.09638103303455,-0.024460209169877345,-0.15753021513508728,0.13307000596520993,30.107016629916302,54.98808673727699,6.185564307438128,64.42432977989934,-21.052655594919244,0.7940030318302235,32.86424597822126,30.35600004196167,27.847754105702077,225350750.0,-160592589.07648343,-16556842.962193817
2020-03-30,30.979999542236328,31.059999465942383,30.780000686645508,30.979999542236328,30.979999542236328,9599850,30.34879997253418,30.314331579175853,30.155809556870235,0.03704543611957689,-0.11861508488415444,0.15566052100373134,30.31688076728889,55.53897403845929,7.569445704604406,66.78592430083141,-19.138781961776374,0.7572884423635556,32.912681473858534,30.39000005722046,27.867318640582383,234950600.0,-156478386.33193302,-14803000.689214915
2020-03-31,30.76000022888184,30.81999969482422,30.059999465942383,30.13999938964844,30.13999938964844,9051950,30.35599994659424,30.297728513506577,30.131999969482422,0.01780289035792393,-0.09133148983573877,0.1091343801936627,30.271357699672908,48.787230618962035,3.2191732950296053,36.6088390522025,-34.536093876967044,0.768910701930012,32.82895707175657,30.335000038146973,27.841043004537376,225898650.0,-163624665.039027,-15013608.376233906
2020-04-01,30.13999938964844,30.479999542236328,30.020000457763672,30.34000015258789,30.34000015258789,13186100,30.366799964904786,30.301754383895272,30.132476170857746,0.01847841661552252,-0.06936950854548651,0.08784792516100903,30.28606936929336,50.33534301478512,6.381485503548725,31.945115468329107,-29.381433923382573,0.7468455863973437,32.73878986653438,30.286000061035157,27.833210255535928,239084750.0,-158464867.760736,-12093138.898173273
2020-04-02,30.780000686645508,30.979999542236328,30.600000381469727,30.84000015258789,30.84000015258789,9879500,30.38759998321533,30.35301588567552,30.18523808433896,0.058683134719160535,-0.0437589798925571,0.10244211461171764,30.42797118062786,54.07312652206273,9.90734404688679,58.82171147265582,-16.494833197901716,0.7392137152009933,32.5722111822791,30.229000091552734,27.885789000826367,248964250.0,-155864983.68010515,-8971789.277113825
2020-04-03,30.940000534057617,31.100000381469727,30.799999237060547,31.059999465942383,31.059999465942383,9570250,30.41119998931885,30.420347655224745,30.26438088189988,0.10706360683753857,-0.01359446254653797,0.12065806938407654,30.600932589953366,55.654562628328094,9.135630587171196,63.575448169022735,-12.068969297163857,0.7078413887158638,32.416418571434036,30.182000064849852,27.947581558265668,258534500.0,-148846849.0233948,-4646213.470716774
2020-04-06,31.31999969482422,31.940000534057617,31.26000022888184,31.8799991607666,31.8799991607666,12516750,30.447999954223633,30.55936208432397,30.426095081510997,0.2091615181203892,0.030956733586847463,0.17820478453354172,30.954113433386365,61.0395619042702,7.340061756993001,104.04748578543995,-1.5228772882734387,0.7201385086729617,32.37390458343284,30.17199993133545,27.970095279238055,271051250.0,-138538986.82366177,825497.6473349333
2020-04-07,31.559999465942383,31.76000022888184,31.36000061035156,31.76000022888184,31.76000022888184,13758350,30.477999954223634,30.67370857428186,30.577333205086845,0.27719658774297784,0.08020470441807355,0.1969918833249043,31.209661702792335,59.89335318518256,2.3195853483184847,93.39583218981396,-4.568535045105793,0.7058427973688246,32.4434136828321,30.191999912261963,27.940586141691824,257292900.0,-124780636.82366177,7366536.500416577
2020-04-08,31.63999938964844,31.68000030517578,31.3799991607666,31.3799991607666,31.3799991607666,5854550,30.505999946594237,30.740974344423265,30.690475990658715,0.2970280062273467,0.12356936477992818,0.17345864144741852,31.316369308363626,56.28868320891722,2.2149784395055505,81.53593736602211,-15.217427360084601,0.6825683881364256,32.46423180587022,30.198999881744385,27.933767957618553,251438350.0,-130635186.82366177,7509919.531184807
2020-04-09,32.060001373291016,32.31999969482422,31.920000076293945,32.18000030517578,32.18000030517578,11129300,30.547199935913085,30.878024435923503,30.87914269765218,0.3729982629274886,0.17345514440944027,0.19954311851804835,31.60654662488092,61.53700498627463,3.339758946408513,163.4648021834415,-4.069749067256767,0.700956398559368,32.7293626906957,30.308999919891356,27.88863714908701,262567650.0,-127296370.28931755,7948206.983682722
2020-04-13,32.34000015258789,32.959999084472656,32.220001220703125,32.7599983215332,32.7599983215332,25360900,30.59959991455078,31.05726004407681,31.112571116856166,0.4745360748899863,0.23367133050554947,0.2408647443844368,31.989033334187656,64.83366566755072,6.019413352638077,189.82939649865037,-6.802750216360909,0.7066022828977613,33.06752748113588,30.49199981689453,27.916472152653178,287928550.0,-115644156.75225818,11112464.613888681
2020-04-14,33.040000915527344,33.380001068115234,32.86000061035156,33.08000183105469,33.08000183105469,14653900,30.654399948120115,31.24990211902708,31.359047499157132,0.5742080186413503,0.30177866813270965,0.27242935050864064,32.378152557055074,66.53778032597452,6.778574305513912,178.97487785674446,-8.928547100149409,0.7004166017323521,33.39247276794463,30.70599994659424,28.019527125243847,302582450.0,-117898545.02134082,10679404.230274945
2020-04-15,32.86000061035156,33.0,32.65999984741211,32.97999954223633,32.97999954223633,10986550,30.711599922180177,31.41467330218987,31.575618889218283,0.6377775011773785,0.36897843474164344,0.2687990664357351,32.662093286103584,65.47006768731828,9.422694791305414,126.65911035784427,-11.904805155289944,0.6803869861545111,33.66174173041954,30.89499988555908,28.12825804069862,291595900.0,-108204559.31915635,12615838.230375737
2020-04-16,32.900001525878906,33.15999984741211,32.63999938964844,32.81999969482422,32.81999969482422,7528150,30.77359992980957,31.548513911012186,31.758952204386393,0.6675510110496248,0.4286929500032397,0.23885806104638507,32.84306449490441,63.708585131716106,8.17402613633406,104.2747840152838,-16.666704510878695,0.6689308055551654,33.77138311527174,31.10999984741211,28.44861657955248,284067750.0,-110520908.9171463,11524101.064658746
2020-04-17,32.47999954223633,32.5,32.099998474121094,32.15999984741211,32.15999984741211,9111750,30.821599922180177,31.6067506668598,31.858952204386394,0.6306208556169501,0.4690785311259818,0.16154232449096834,32.809380523158254,56.90699916467235,4.280154631300976,44.67150913153809,-36.30955354426183,0.6725786923514482,33.61170629129693,31.314999866485596,29.01829344167426,274956000.0,-116899081.77949347,8000417.125695065
2020-04-20,32.18000030517578,32.540000915527344,32.15999984741211,32.459999084472656,32.459999084472656,8670250,30.871999893188477,31.688012420918167,31.96799974895659,0.618431973768633,0.49894921965451206,0.11948275411412096,32.84918670641352,59.04721077661777,4.507403871868664,47.641984359053026,-27.381006444112423,0.6516802906202901,33.45068040586937,31.514999866485596,29.57931932710182,283626250.0,-111879536.65325746,7428727.406676382
2020-04-21,31.940000534057617,32.31999969482422,31.8799991607666,32.220001220703125,32.220001220703125,9851100,30.91639991760254,31.738678020897687,32.03514273507255,0.5826894934583571,0.515697274415281,0.06699221904307606,32.80965890809915,56.62436787997251,1.0665058622553225,18.370173362985685,-34.52379871117751,0.6465602644121304,33.40846025956398,31.64099988937378,29.87353951918358,273775150.0,-106506135.62025604,8229233.995153159
2020-04-22,32.619998931884766,32.86000061035156,32.58000183105469,32.79999923706055,32.79999923706055,8758450,30.971199913024904,31.839756231960816,32.14552362532843,0.5943134376146162,0.5314205070551481,0.0628929305594681,32.918435842268536,60.80951143928828,3.2745560474932094,71.71449288438792,-20.863370064650866,0.646091630500438,33.54265803222573,31.72899980545044,29.915341578675147,282533600.0,-101501409.3273405,9401014.693171024
2020-04-23,32.97999954223633,33.2400016784668,32.880001068115234,33.13999938964844,33.13999938964844,8297550,31.034799919128417,31.96358891364535,32.279904538109186,0.6237702329564243,0.5498904522354033,0.07387978072102097,33.08671045205466,63.05961861636369,5.608668820750981,100.51010543949334,-9.30238403624255,0.6313709741365675,33.69930609396535,31.850999736785887,30.002693379606423,290831150.0,-97813707.02051221,10199101.649699047
2020-04-24,33.13999938964844,33.18000030517578,32.68000030517578,33.0,33.0,10785250,31.095999908447265,32.062294731393415,32.38933313460577,0.6285723836031956,0.5656268385089618,0.06294554509423378,33.17897698454951,61.49399645701116,2.5481655905774843,74.37457057669458,-17.92457158897376,0.6219873331268126,33.826704308523965,31.943999767303467,30.06129522608297,280045900.0,-94793850.18610059,10559264.247437015
2020-04-27,32.880001068115234,32.900001525878906,32.58000183105469,32.86000061035156,32.86000061035156,6813800,31.15039993286133,32.13826671986562,32.47657131013416,0.614003491817698,0.5753021691707091,0.03870132264698889,33.208875956776225,59.89261936980995,0.3052573075152684,42.216765105556185,-25.742591085318857,0.6075595356852769,33.90102768043456,32.04199981689453,30.182971953354503,273232100.0,-89683540.79955217,11372677.910646409
2020-04-28,32.70000076293945,32.70000076293945,32.31999969482422,32.68000030517578,32.68000030517578,7688400,31.198799934387207,32.18986039465706,32.53733326139904,0.5812329284182596,0.5764883210202192,0.00474460739804039,33.17757761649351,57.808213801432046,-1.2091943885667948,-1.4342230916861574,-35.000004768367035,0.6027339199597103,33.938884117187655,32.126999855041504,30.315115592895353,265543700.0,-82804462.31137268,12860355.936321333
2020-04-29,32.52000045776367,32.86000061035156,32.459999084472656,32.86000061035156,32.86000061035156,9120550,31.24319995880127,32.25368327234225,32.607142857142854,0.5632932472114263,0.5738493062584606,-0.010556059047034383,33.19010767674606,59.332413935108505,-0.3638536493340068,16.004772793112394,-34.66665310331586,0.5882530346682242,33.852579849445625,32.26299991607666,30.673419982707692,274664250.0,-73683912.31137268,15201821.40715912
2020-04-30,32.58000183105469,32.65999984741211,32.119998931884766,32.220001220703125,32.220001220703125,11077450,31.27119998931885,32.25047545790043,32.60304774329776,0.4917645627929659,0.5574323575653617,-0.06566779477239582,33.02639994988863,52.12249645806277,-1.8281489326635025,-92.41172366960976,-77.33322482652686,0.5990922235109795,33.680708579371085,32.35699996948242,31.033291359593758,263586800.0,-80658516.1034579,12558517.765278459
2020-05-01,32.099998474121094,32.58000183105469,32.040000915527344,32.439998626708984,32.439998626708984,10542850,31.300799980163575,32.26852528350125,32.610952377319336,0.44766906678702867,0.5354796994096951,-0.08781063262266642,32.94238570096252,54.18351876091535,0.8706429745813767,-74.23701420809843,-62.666749742190376,0.5948714157978626,33.56293266171873,32.43699989318848,31.311067124658226,274129650.0,-75582444.91991475,11950596.400611132
2020-05-04,32.58000183105469,32.68000030517578,32.47999954223633,32.540000915527344,32.540000915527344,8594800,31.323199996948244,32.29438010559897,32.620761998494466,0.4159970622802831,0.5115831719838128,-0.09558610970352965,32.89358546214507,55.12908761388497,0.2464628259738819,-13.797525895993665,-51.470549048921995,0.5695235774170722,33.443049515389134,32.51099996566772,31.578950415946313,282724450.0,-79020266.56060979,9521631.102061436
2020-05-05,32.560001373291016,32.720001220703125,32.36000061035156,32.619998931884766,32.619998931884766,11166500,31.341599960327148,32.325391422388094,32.6311428524199,0.3928237146151332,0.48783128051007685,-0.09500756589494364,32.86916394625533,55.91294397500417,1.24145777786197,-8.358194797769736,-45.58835285323401,0.5545576511981072,33.43455740768813,32.547999954223634,31.661442500759136,293890950.0,-74057509.14315546,9241419.83074826
2020-05-06,32.29999923706055,32.439998626708984,32.119998931884766,32.279998779296875,32.279998779296875,9698250,31.36479991912842,32.32106831352226,32.605618930998304,0.34306881507428244,0.458878787422918,-0.11580997234863555,32.756310052463604,51.773308654219484,-1.585367286155684,-81.07973314585942,-70.58831779174317,0.5506606761125281,33.39464374231595,32.573999881744385,31.753356021172817,284192700.0,-74057509.14315546,8286658.871506661
2020-05-07,32.41999816894531,32.900001525878906,32.36000061035156,32.84000015258789,32.84000015258789,13427000,31.39639991760254,32.37049039343327,32.63095229012625,0.3448499142711938,0.4360730127925732,-0.09122309852137939,32.80519128207866,57.37146240147382,-0.9052481671265636,36.21990585247431,-29.411822454220214,0.555613681146064,33.26438473954774,32.64699993133545,32.029615123123165,297619700.0,-63614350.15532008,10465565.532354832
2020-05-08,32.720001220703125,32.900001525878906,32.5,32.619998931884766,32.619998931884766,11010100,31.423999900817872,32.39425311138103,32.62838076636905,0.32476549387912,0.4138115090098826,-0.0890460151307626,32.7846067742512,54.68579300551221,-1.151518388227983,22.22215306178507,-45.58835285323401,0.5444985271984099,33.24844450551773,32.6689998626709,32.08955521982407,286609600.0,-68018474.15539637,9004209.208827093
2020-05-11,32.58000183105469,32.63999938964844,32.29999923706055,32.41999816894531,32.41999816894531,9889500,31.46959987640381,32.39670502162525,32.604666319347565,0.28937432879181557,0.3889240729662692,-0.09954974417445361,32.71253715676524,52.28938158416367,-1.3390214036321118,-63.874686436480296,-68.33358234813541,0.5298915004405156,33.239659891013716,32.6519998550415,32.06433981906929,276720100.0,-70927215.89489755,6662308.413103819
2020-05-12,32.58000183105469,32.70000076293945,32.439998626708984,32.560001373291016,32.560001373291016,10074200,31.514799919128418,32.41225705511723,32.59590455918085,0.2695168416337097,0.3650426266997573,-0.09552578506604759,32.687009068276325,53.815111877567176,-0.36719379058806334,-18.22628401358433,-56.666656070292106,0.5120422928372032,33.18070328351517,32.62599983215332,32.071296380791466,286794300.0,-71702017.91960485,4852065.76943709
2020-05-13,32.70000076293945,32.84000015258789,32.599998474121094,32.79999923706055,32.79999923706055,14566350,31.545999908447264,32.449184881968975,32.61247593107677,0.27003269305972566,0.346040639971751,-0.07600794691202534,32.725995054172,56.38968947597218,-0.18259699384215466,70.27809537687824,-33.33344487424878,0.4954677561557511,33.153995084553344,32.616999816894534,32.080004549235724,301360650.0,-61991195.09436445,6760222.33511018
2020-05-14,32.779998779296875,33.18000030517578,32.779998779296875,33.13999938964844,33.13999938964844,12706800,31.58239990234375,32.51497673984321,32.6622854141962,0.2944820738072451,0.33572892673884985,-0.04124685293160474,32.843885949968026,59.80793192233457,2.8553635446610817,188.39010080811994,-3.5088541178675214,0.4886487397074051,33.210757397841405,32.63299980163574,32.055242205430076,314067450.0,-51825803.566774756,10160708.931199506
2020-05-15,33.31999969482422,33.47999954223633,33.119998931884766,33.34000015258789,33.34000015258789,14445250,31.60959991455078,32.59355039819985,32.729618780953544,0.3262361272905494,0.3338303668491898,-0.007594239558640414,32.989821002463245,61.70920830441527,2.7743574721914555,228.36868059297416,-9.722189108499101,0.4794595876105592,33.30445711392135,32.69199981689453,32.07954251986771,328512700.0,-48615679.98138926,11649519.231204204
2020-05-18,33.400001525878906,33.439998626708984,32.97999954223633,33.099998474121094,33.099998474121094,12707350,31.631599884033204,32.64178354828759,32.7684757959275,0.3282514355574335,0.3327145805908386,-0.004463145033405058,33.04408452352641,58.15410221293499,1.7209512687091904,142.12970021019984,-26.388988230058253,0.47806955167213755,33.351323993932176,32.72399978637695,32.096675578821724,315805350.0,-54693154.05964047,9265789.035289444
2020-05-19,33.20000076293945,33.400001525878906,33.119998931884766,33.36000061035156,33.36000061035156,8552300,31.65719985961914,32.71018517324606,32.829047302972704,0.3468305348326979,0.3355377714392105,0.011292763393487393,33.152687192988864,60.78953476935664,2.2685521235363204,136.29939493745172,-8.333267105887089,0.4653505159639715,33.421808755546365,32.780999755859376,32.14019075617239,324357650.0,-48584401.63528658,9391976.177865155
2020-05-20,33.400001525878906,33.5,33.29999923706055,33.459999084472656,33.459999084472656,11956250,31.699199829101563,32.781596021934305,32.89371390569778,0.36541141072089545,0.3415124992955475,0.023898911425347946,33.264072737300744,61.78635897779875,3.655515333949105,129.20802278647022,-2.7397904527996286,0.4463969621765059,33.51998558214472,32.81399974822998,32.108013914315244,336313900.0,-41410742.85388697,10872309.968649164
2020-05-21,33.18000030517578,33.220001220703125,32.79999923706055,32.959999084472656,32.959999084472656,11348650,31.733599815368652,32.7985867897951,32.90761860438756,0.33591880452821954,0.34039376034208196,-0.004474955813862425,33.22177849173741,54.34672944894846,0.36540478479659616,32.54631333916439,-39.13047083832054,0.4616543111219061,33.49861346163097,32.80499973297119,32.11138600431141,324965250.0,-44112851.46098409,9629747.42001634
2020-05-22,33.08000183105469,33.20000076293945,33.02000045776367,33.15999984741211,33.15999984741211,7399050,31.79719982147217,32.83300708099672,32.94142813909622,0.32493840407581587,0.33730268908882877,-0.012364285013012899,33.2353312778684,56.59793637808618,1.6554289797953186,52.41744091440866,-24.637673147039884,0.4458219802179697,33.51900539139268,32.8129997253418,32.10699405929091,332364300.0,-40002337.81922594,9553885.497951746
2020-05-26,33.02000045776367,33.02000045776367,32.63999938964844,32.720001220703125,32.720001220703125,13905350,31.869599838256836,32.82224461811162,32.93257113865444,0.27753291892320675,0.3253487350557044,-0.047815816132497635,33.128937549318366,50.677386025063356,0.9253641847678494,-23.51033285542134,-56.52160692615802,0.45112044289980563,33.51277831378229,32.805999755859375,32.09922119793646,318458950.0,-48052686.05844694,6092841.590268485
2020-05-27,32.380001068115234,32.7599983215332,32.34000015258789,32.7599983215332,32.7599983215332,14929000,31.948799819946288,32.81631639938986,32.92819004967099,0.24041975291346773,0.30836293862725705,-0.06794318571378932,33.049348091015304,51.17735683021872,0.6142412156230592,-74.15226422963299,-61.66676733222496,0.4488974233316276,33.514783302338024,32.80999965667725,32.10521601101647,333387950.0,-33123686.058446936,8873201.665282741
2020-05-28,32.959999084472656,33.0,32.68000030517578,32.84000015258789,32.84000015258789,12544250,32.02159980773926,32.81857199493253,32.93104723975772,0.21498457230150336,0.2896872653621063,-0.07470269306060295,33.00278416790534,52.220623037209954,0.12195401359078974,-23.436440180878552,-54.99995231631449,0.4396904427239555,33.51355337473797,32.808999633789064,32.10444589284016,345932200.0,-33123686.058446936,9203966.999126494
2020-05-29,33.060001373291016,33.20000076293945,32.959999084472656,33.060001373291016,33.060001373291016,8071050,32.1123998260498,32.84156526906192,32.95495216732933,0.21015671253566381,0.2737811547968178,-0.06362444226115399,33.02007597589194,55.06426890846443,-0.24139413950143265,30.218751983563852,-36.666528913797436,0.43399831184021315,33.50868993315513,32.850999641418454,32.193309349681776,354003250.0,-34468754.154290535,8074579.605282657
2020-06-01,33.08000183105469,33.279998779296875,32.97999954223633,33.279998779296875,33.279998779296875,7949650,32.21679981231689,32.88332084146525,32.99580922807966,0.22152890365364897,0.2633307045681841,-0.041801800914535114,33.08986061632306,57.770870371679464,-0.17996812542413335,51.65598091307207,-18.96562496917,0.42442694935595127,33.547617249271724,32.89299964904785,32.23838204882398,361952900.0,-26519104.154290535,9407938.88913903
2020-06-02,33.31999969482422,33.34000015258789,32.880001068115234,33.040000915527344,33.040000915527344,10983300,32.30839984893799,32.898242753280684,33.009809348696756,0.20876906535531958,0.2524183767256112,-0.0436493113702916,33.08320761694375,53.95298834853748,-0.18126151468151425,13.643518031991347,-39.65509870530474,0.4269678161500016,33.55472914877184,32.91799964904785,32.28127014932386,350969600.0,-29861839.71231551,8034539.201423321
2020-06-03,32.58000183105469,32.68000030517578,32.2599983215332,32.439998626708984,32.439998626708984,16647300,32.36319980621338,32.85460045551195,32.96428544180734,0.14852947595253596,0.23164059657099617,-0.08311112061846021,32.92058534404818,45.80330676377823,-2.7577996607023527,-184.59687725679407,-85.48386600586355,0.4521845859960116,33.567054771832666,32.908999633789065,32.250944495745465,334322300.0,-32240068.626675963,5985572.019931905
2020-06-04,32.70000076293945,32.880001068115234,32.47999954223633,32.779998779296875,32.779998779296875,11643800,32.39799976348877,32.84749553396766,32.95199964614142,0.12676309214309356,0.21066509568541567,-0.0839020035423221,32.87469196001054,50.37750152059025,-2.0322783137532725,-84.51115819197815,-58.0645359765458,0.45131443281102857,33.529597143695845,32.933999633789064,32.33840212388228,345966100.0,-26418279.670182418,6455602.657303184
2020-06-05,32.2400016784668,32.2400016784668,31.899999618530277,32.119998931884766,32.119998931884766,18728300,32.42639972686768,32.778210143293094,32.874475769769575,0.05561550341457888,0.17965517723124833,-0.12403967381666944,32.66563658243808,42.82207513929596,-2.548544223059799,-194.29604564665357,-86.25004619358889,0.4819347705221407,33.59103970454709,32.8979995727539,32.204959440960714,327237800.0,-20910178.62563482,7813592.554283563
2020-06-08,32.279998779296875,32.47999954223633,32.18000030517578,32.439998626708984,32.439998626708984,10966350,32.452399711608884,32.74599952266604,32.83085663205102,0.024766336864942673,0.14867740915798722,-0.12391107229304454,32.577955007987356,46.974462365928176,-2.1712944029440813,-107.45343966500143,-66.25007003544106,0.47322518765281363,33.60067133944812,32.88899955749512,32.17732777554212,338204150.0,-12868262.99614459,10217598.616587557
2020-06-09,32.7400016784668,32.86000061035156,32.68000030517578,32.7599983215332,32.7599983215332,9132100,32.48959968566894,32.74733274160577,32.818570800054644,0.025841565658303978,0.12411024045805058,-0.0982686747997466,32.59043670360577,50.82070303975418,0.12224052364879044,-13.515056645023423,-46.25009387729324,0.46942353022351113,33.58765675717502,32.90599956512451,32.224342373074,347336250.0,-13883155.811810255,9949262.599219428
2020-06-10,32.91999816894531,33.2400016784668,32.599998474121094,33.220001220703125,33.220001220703125,12576150,32.53439971923828,32.79234878723408,32.848475719633555,0.06308487857083378,0.11190516808060723,-0.04882028950977345,32.721397862240984,55.78560575417653,1.4041603258189461,59.835638828150955,-8.33325606808174,0.4816077926608106,33.61433428019133,32.938999557495116,32.2636648347989,359912400.0,-2093029.2416827623,12686414.26449854
2020-06-11,33.18000030517578,33.31999969482422,32.900001525878906,32.97999954223633,32.97999954223633,11165850,32.59119972229004,32.810220287710486,32.8523804800851,0.07239976329901765,0.10400408712428932,-0.031604323825271674,32.76736628995975,52.791084470217015,0.4263075182641408,69.39282505619965,-25.000033113679322,0.47720710525256077,33.6204763147414,32.94799957275391,32.27552283076641,348746550.0,-9005309.026423907,10453485.990195215
2020-06-12,33.20000076293945,33.29999923706055,33.02000045776367,33.060001373291016,33.060001373291016,11292500,32.6455997467041,32.83400896252768,32.863047318231494,0.08525459383059797,0.10025418846555106,-0.014999594634953095,32.82628098800281,53.683589105928974,0.0,85.00621748891379,-19.4443524620021,0.4659780045076792,33.61280238306623,32.943999671936034,32.275196960805836,360039050.0,-17071292.541410282,6023249.124103172
2020-06-15,32.599998474121094,33.02000045776367,32.540000915527344,32.959999084472656,32.959999084472656,10041100,32.6879997253418,32.84600802176054,32.86457107180641,0.08637708936891642,0.09747876864622414,-0.011101679277307722,32.84883621068598,52.35126964468762,-0.9615375798129148,9.471146956217071,-26.388953276598627,0.4698367511688215,33.56884818644233,32.92499961853027,32.28115105061821,349997950.0,-9540527.391087225,6059463.942704385
2020-06-16,32.900001525878906,33.060001373291016,32.779998779296875,33.0,33.0,8347750,32.72679973602295,32.86067392445001,32.87171396527972,0.08946313936985462,0.09587564279095023,-0.006412503421095617,32.87774752727056,52.85528586075243,-0.12106814291444248,32.18389418627756,-23.611112950760017,0.45627716851348715,33.55987552106448,32.91999969482422,32.28012386858396,358345700.0,-4770433.274522055,7041175.956247945
2020-06-17,32.939998626708984,33.040000915527344,32.86000061035156,33.040000915527344,33.040000915527344,7998150,32.74999977111816,32.877752685504994,32.88314265296573,0.09405241808079978,0.09551099784892016,-0.0014585797681203744,32.91175458008255,53.38628229133703,1.849575567874274,37.368257547091446,-20.833272624921406,0.43654310684650816,33.51439054587662,32.903999710083006,32.29360887428939,366343850.0,3227716.725477946,9347544.420311406
2020-06-18,32.959999084472656,32.97999954223633,32.79999923706055,32.939998626708984,32.939998626708984,6904800,32.773599739074704,32.88368087038157,32.88657112121582,0.08859879382516311,0.09412855704416875,-0.00552976321900564,32.913486984393295,51.81505416943802,0.48810205421106284,22.087454098120844,-27.77787343951793,0.4225044333908145,33.4332519642684,32.87799968719482,32.322747410121245,359439050.0,7063651.689238383,10661806.787687378
2020-06-19,33.060001373291016,33.34000015258789,33.060001373291016,33.31999969482422,33.31999969482422,9524350,32.81239974975586,32.92523504413801,32.92866636003767,0.11362981394375282,0.09802880842408558,0.015601005519667241,33.01324324734179,56.99460464979974,3.7359925368747153,109.46812606234708,-1.3889201629193049,0.4208970828542496,33.48314289268674,32.8959997177124,32.308856542738056,368963400.0,15227343.186513588,12827742.615502626
2020-06-22,33.52000045776367,33.65999984741211,33.400001525878906,33.560001373291016,33.560001373291016,14800850,32.839999771118165,32.98568898024782,32.99190461294992,0.1510915184278261,0.1086413504248337,0.042450168002992394,33.156694460950064,59.924636305284295,3.452536356336014,163.6319313365203,-5.68173074526388,0.4151187306923668,33.56204740969566,32.915999794006346,32.269952178317034,383764250.0,18643024.182596162,13634456.442407625
2020-06-23,33.65999984741211,33.81999969482422,33.619998931884766,33.81999969482422,33.81999969482422,14989000,32.86119979858398,33.06514714354081,33.07799984159924,0.19946062287893795,0.12680520491565456,0.0726554179632834,33.34050286797439,62.8755112078017,3.2356575934079794,182.00508863553665,0.0,0.4040387014667123,33.72002417078156,32.9709997177124,32.22197526464325,398753250.0,33632024.18259616,17494206.967740797
2020-06-24,33.7400016784668,33.91999816894531,33.599998474121094,33.7400016784668,33.7400016784668,16089850,32.87439979553223,33.129419004009954,33.151238123575844,0.2287019812109321,0.14718456017471007,0.08151742103622203,33.468372994085904,61.37796857765825,1.5653234155801325,146.42203963006315,-8.910723744902338,0.3980359152779627,33.83289720428418,33.01999988555908,32.20710256683398,382663400.0,31621128.59334408,16842982.952638634
2020-06-25,33.720001220703125,33.720001220703125,33.540000915527344,33.70000076293945,33.70000076293945,11886050,32.888799819946286,33.183760123908,33.216000111897785,0.24581463073141663,0.16691057428605138,0.07890405644536524,33.560124830084604,60.600736062584446,2.1831450294019703,106.94459345601668,-12.643544603512158,0.38389054725378347,33.922887291356766,33.06299991607666,32.20311254079656,370777350.0,40865778.17160882,17986872.271123018
2020-06-26,33.47999954223633,33.86000061035156,33.36000061035156,33.86000061035156,33.86000061035156,12237000,32.90959983825684,33.24816397975977,33.29190493992397,0.2691841914799795,0.187365297724837,0.08181889375514251,33.67376326999211,62.63869223592003,2.4198403019633923,96.19012929387137,-4.347657826502804,0.3921840795927989,34.03038681629809,33.10299987792969,32.17561293956129,383014350.0,53102778.17160882,20713247.694946356
2020-06-29,33.84000015258789,33.880001068115234,33.7599983215332,33.86000061035156,33.86000061035156,6796050,32.94359985351562,33.306434135054225,33.36400024777367,0.28442605028321566,0.20677744823651273,0.07764860204670293,33.763455243386375,62.63869223592003,2.7305872296061255,103.25395408719483,-4.347657826502804,0.3727425558063155,34.114357751441965,33.13199996948242,32.14964218752288,383014350.0,57633478.17160882,21387146.941515326
2020-06-30,33.79999923706055,34.119998931884766,33.7599983215332,33.97999954223633,33.97999954223633,11560400,32.9739998626709,33.37058322145252,33.44476211184547,0.30269891940723426,0.22596174247065703,0.07673717693657722,33.86433323101097,64.24727375231306,2.9696955825343276,105.91307417950006,-8.860731988208226,0.3718324168452617,34.22700692726701,33.17899990081787,32.13099287436873,394574750.0,60202510.39303043,20535966.254517198
2020-07-01,33.939998626708984,33.939998626708984,33.58000183105469,33.84000015258789,33.84000015258789,14562100,33.00639984130859,33.41528959584637,33.50771451677595,0.3023976670463142,0.2412489273857885,0.061148739660525725,33.90664808038037,60.950193353122046,2.4213051298209334,65.85246308910826,-17.72146397641645,0.37384422358357444,34.27704587818009,33.248999977111815,32.22095407604354,380012650.0,66674606.27312071,20380153.18490877
2020-07-02,33.779998779296875,33.97999954223633,33.720001220703125,33.91999816894531,33.91999816894531,8779150,33.028799819946286,33.46335707899865,33.57161910647438,0.3050971239995093,0.2540185667085326,0.051078557290976656,33.95794574587146,62.14563547186649,2.97510498813958,73.0194361284956,-12.65829202751414,0.3657123734371193,34.35000075052004,33.30599994659424,32.261999142668444,388791800.0,71401721.9890413,19967752.5492338
2020-07-06,34.08000183105469,34.13999938964844,33.959999084472656,34.119998931884766,34.119998931884766,10914750,33.04839981079102,33.525894398321135,33.64914281935919,0.31968966966456236,0.26715278729973857,0.05253688236482379,34.04771975681743,65.02811250336278,2.4009581164096327,104.80635666457819,-1.470621234390601,0.3553044339561197,34.3552822369748,33.405999946594235,32.45671765621367,399706550.0,79890920.58608279,20684901.61104054
2020-07-07,34.02000045776367,34.34000015258789,34.0,34.34000015258789,34.34000015258789,12426150,33.07519981384277,33.603428279679875,33.73809521993001,0.3450293436215972,0.2827280985641103,0.06230124505748691,34.17404944208524,67.92171676068047,2.324191738316325,132.47186022146494,0.0,0.3542112710012462,34.42451308495175,33.501000022888185,32.57748696082462,412132700.0,92317070.58608279,23051610.171685062
2020-07-08,34.619998931884766,34.720001220703125,34.5,34.540000915527344,34.540000915527344,15767000,33.10879981994629,33.692625673570106,33.83704768589565,0.3769048830119246,0.3015634554536732,0.0753414275582514,34.324796399642416,70.32549700297412,2.12892142874062,199.29730867030668,-9.375006208810754,0.3560533993665311,34.552954019683604,33.59000015258789,32.62704628549218,427899700.0,82283624.54641016,18731748.10008152
2020-07-09,34.65999984741211,34.68000030517578,34.29999923706055,34.47999954223633,34.47999954223633,12714850,33.1447998046875,33.76761366106213,33.92180953252883,0.39279694953085453,0.31981015426910947,0.07298679526174506,34.427632599571325,68.6631503606308,2.1932360016502463,148.30211678809061,-14.45793376673814,0.3577639471342956,34.674001603064816,33.653000068664554,32.63199853426429,415184850.0,81614408.47905083,15048713.222076528
2020-07-10,34.540000915527344,34.58000183105469,34.2599983215332,34.36000061035156,34.36000061035156,9688600,33.1747998046875,33.82403146575636,33.9891429174514,0.3911991159177717,0.3340879465988419,0.05711116931892979,34.47531873427476,65.33680347692747,1.9584564761729146,104.40132999957402,-26.470621234390602,0.3550667730190948,34.73825998807031,33.72200012207031,32.705740256070314,405496250.0,77981255.66395433,11017949.128809541
2020-07-13,34.599998474121094,34.63999938964844,34.380001068115234,34.41999816894531,34.41999816894531,11094950,33.21879974365234,33.8807901993934,34.05561892191569,0.3902752724230538,0.34532541176368425,0.04494986065936957,34.52447134690083,66.21799461286052,1.6538616317170103,101.95236397557521,-22.059038023538914,0.34970477346750767,34.80196833508,33.78999996185303,32.77803158862606,416591200.0,70299911.0383106,5923304.243512809
2020-07-14,34.29999923706055,34.599998474121094,34.29999923706055,34.58000183105469,34.58000183105469,10706350,33.26159980773926,33.947381783361145,34.13085719517299,0.3978677068627263,0.3558338707834927,0.04203383607923361,34.6008345042349,68.51659874220591,2.126406402021767,88.29958355803664,-10.294068148414093,0.3461543780098676,34.86340938914284,33.871000099182126,32.878590809221414,427297550.0,79578983.67859645,6253081.3356630355
2020-07-15,34.47999954223633,34.65999984741211,34.41999816894531,34.65999984741211,34.65999984741211,8886300,33.303999786376956,34.015250170413616,34.20600002833775,0.40566369860479057,0.3657998363477523,0.03986386225703825,34.678713271416434,69.6292727084512,2.0011780881001986,91.18527611867198,-4.411863703171804,0.3385720423282197,34.91841498663297,33.954000091552736,32.989585196472504,436183850.0,88465283.67859645,8646987.297391474
2020-07-16,34.52000045776367,34.540000915527344,34.2599983215332,34.29999923706055,34.29999923706055,12523950,33.33759979248047,34.042369129141896,34.23895232790992,0.3784307238036746,0.3683260138389368,0.01010470996473778,34.64363115985943,59.44739627420603,1.3593353498772904,38.31500442158053,-30.882484937562403,0.34295986258184014,34.895114074897066,34.01700000762939,33.13888594036172,423659900.0,79519653.85679565,5993885.947762728
2020-07-17,34.540000915527344,34.619998931884766,34.459999084472656,34.58000183105469,34.58000183105469,14071050,33.383599853515626,34.09357224360978,34.29257154918852,0.3751181359584095,0.36968443826283137,0.00543369769557811,34.68230557659015,63.87244479998165,1.9457656183296212,73.5823167735688,-12.280654789789992,0.3413198505991529,34.857680618211596,34.09900016784668,33.34031971748177,437730950.0,86555682.07723768,6602363.834167749
2020-07-20,34.70000076293945,34.7599983215332,34.599998474121094,34.7400016784668,34.7400016784668,8943000,33.421599884033206,34.1551369516914,34.353619312104726,0.38101147364005783,0.3719498453382767,0.009061628301781144,34.75054315605767,66.14573500277639,1.8171241676172665,101.83221011440466,-1.694635808475764,0.3297967534476788,34.88849884695786,34.17000026702881,33.451501687099764,446673950.0,93263305.20863028,8385315.435488552
2020-07-21,35.040000915527344,35.20000076293945,35.02000045776367,35.18000030517578,35.18000030517578,14219800,33.472799911499024,34.252742985356576,34.449809791928246,0.4163863554512872,0.3808371473608788,0.0355492080904084,34.91562798360824,71.4635444605852,2.4461273991129775,194.74373919016293,-1.2345969722586503,0.3390969199494629,35.03814475518204,34.251000213623044,33.46385567206405,460893750.0,104323082.68500039,11871423.429829493
2020-07-22,35.380001068115234,35.720001220703125,35.29999923706055,35.70000076293945,35.70000076293945,15705150,33.53839996337891,34.39057705941209,34.58780984424409,0.4808380930400844,0.40083733649671993,0.08000075654336447,35.180424970533466,76.21803699903806,3.358424483685046,254.25849240238418,-1.0000228881835938,0.353447205347883,35.32837238280588,34.34500026702881,33.361628151251736,476598900.0,118532476.943454,16739509.107037887
2020-07-23,35.779998779296875,36.2599983215332,35.70000076293945,36.040000915527344,36.040000915527344,17580900,33.60799995422363,34.54766504570878,34.74923847743443,0.5529773515506875,0.43126533950751345,0.12171201204317406,35.47933809973015,78.71513254707187,4.524365991884918,230.90010091592524,-9.56510778181915,0.3682008020083021,35.649757151296164,34.46000022888184,33.27024330646751,494179800.0,122299915.30993901,18407955.53641039
2020-07-24,36.400001525878906,36.400001525878906,36.220001220703125,36.31999969482422,36.31999969482422,13121450,33.67839996337891,34.71645882181502,34.926381283714655,0.6255310623897827,0.47011848408396734,0.1554125783058154,35.78948772188022,80.52835777083473,5.704304568266426,188.60550227609437,-3.3334075079552328,0.36761507403282073,35.97782293106409,34.591000175476076,33.20417741988806,507301250.0,123757607.01722507,17880862.297434688
2020-07-27,36.93999862670898,37.15999984741211,36.900001525878906,37.02000045776367,37.02000045776367,19714700,33.75599998474121,34.935843739524415,35.15771464393252,0.7310870954196886,0.5223122063511116,0.208774889068577,36.21658414963952,84.16108839925694,7.553754872550093,192.26033923310206,-4.827562620195791,0.4013568653581829,36.4509278297902,34.74900016784668,33.04707250590316,527015950.0,122241047.13196017,15557158.527320817
2020-07-28,36.959999084472656,37.43999862670898,36.86000061035156,37.36000061035156,37.36000061035156,27954550,33.836399993896485,35.16671582246033,35.406381352742514,0.8325787335222756,0.5843655117853445,0.24821322173693117,36.644571348069015,85.5693454274717,8.039325136184024,155.60534198205497,-2.5156606503216272,0.41411694757241374,36.91885815426963,34.92400016784668,32.92914218142373,554970500.0,142484161.97151238,19633256.38601169
2020-07-29,37.400001525878906,37.81999969482422,37.060001373291016,37.619998931884766,37.619998931884766,21119200,33.92680000305176,35.40036183288171,35.66314313979376,0.9233475043116002,0.6521619102905956,0.2711855940210046,37.05084424881069,86.5538772955726,8.540101262272985,138.12995675451816,-5.6179967917979745,0.43882275999818443,37.36927583006685,35.106000137329104,32.84272444459136,576089700.0,152487926.6001558,22698925.49313435
2020-07-30,37.2400016784668,37.459999084472656,37.0,37.31999969482422,37.31999969482422,10454550,34.00599998474121,35.583184486400036,35.87400024050758,0.9600085963689295,0.7137312475062624,0.24627734886266717,37.29255392022383,79.78955805144135,8.804666253463395,101.39422828910774,-14.044938402306817,0.45176391513294023,37.65931104600129,35.28000011444092,32.90068918288054,565635150.0,156578852.5476124,23191182.429953933
2020-07-31,37.5,37.7400016784668,37.41999816894531,37.720001220703125,37.720001220703125,13232150,34.09120002746582,35.78669084204795,36.10638129824684,1.0097003589185007,0.77292506978871,0.23677528912979073,37.58015916516181,81.82870966456039,9.080391045059317,104.74557319880024,-2.808944818710868,0.4494952057407715,37.987443473631664,35.47000026702881,32.95255706042595,578867300.0,168156964.08038864,24968215.53454043
2020-08-03,37.619998931884766,37.7599983215332,37.41999816894531,37.70000076293945,37.70000076293945,11429550,34.18600006103516,35.968910834513814,36.318762297857376,1.035530616605321,0.8254461791520323,0.21008443745328875,37.79580643934539,81.38653967657217,8.520434488946437,90.60986912965154,-3.3707552133282914,0.4416741305155657,38.26423187581699,35.649000358581546,33.0337688413461,567437750.0,175552721.20938143,25778541.29704714
2020-08-04,37.70000076293945,38.540000915527344,37.63999938964844,38.540000915527344,38.540000915527344,16765950,34.29360008239746,36.21377655651511,36.59409568423317,1.110975638456928,0.8825520710130115,0.22842356744391656,38.17512744579431,85.04226465491902,9.550882834578116,110.21440154909733,0.0,0.47441180161294716,38.685998161292304,35.85900039672852,33.03200263216473,584203700.0,192318671.20938143,29101154.90015918
2020-08-05,38.959999084472656,39.2400016784668,38.720001220703125,38.900001525878906,38.900001525878906,16695350,34.41720008850098,36.46960750597833,36.88371483939034,1.1861422924318816,0.9432701152967855,0.24287217713509612,38.563229198966354,86.28545166399113,8.963587379699463,133.4982672232259,-7.112970043469968,0.49052529885055474,39.12714894081769,36.07700042724609,33.02685191367449,600899050.0,187181649.86140066,26180339.590696692
2020-08-06,39.36000061035156,39.52000045776367,39.119998931884766,39.41999816894531,39.41999816894531,14184850,34.55040008544922,36.75059709292757,37.20209557669504,1.2729974681562268,1.0092155858686738,0.26378188228755306,38.99890679937572,87.85556153335202,9.378460509310761,144.49251124499105,-2.0325660264128964,0.49977341549585547,39.60796359001107,36.32400035858154,33.04003712715202,615083900.0,194273939.58464542,24862067.367794782
2020-08-07,39.15999984741211,39.220001220703125,38.459999084472656,38.7400016784668,38.7400016784668,17351100,34.6684001159668,36.94006419631226,37.432190940493626,1.2722945670683998,1.0618313821086192,0.21046318495978067,39.161094199423246,75.6574875343865,6.663001112269945,101.42369802927301,-17.33330620659722,0.532646677565627,39.85789466145322,36.54300041198731,33.22810616252139,597732800.0,189707943.1443503,20609769.193986952
2020-08-10,38.86000061035156,39.13999938964844,38.540000915527344,38.619998931884766,38.619998931884766,14043900,34.779600067138674,37.100057980652494,37.63000032334101,1.2476719090292931,1.098999487492754,0.14867242153653915,39.24414452466525,73.71243227270587,4.321983939320965,87.96293494368483,-21.327044207085578,0.5374575201767318,40.03529853022913,36.75300045013428,33.47070237003943,583688900.0,179408999.80800757,13719640.770957679
2020-08-11,37.29999923706055,37.380001068115234,36.459999084472656,36.560001373291016,36.560001373291016,25563550,34.84520011901856,37.04862401804664,37.611619458879744,1.0498318798626372,1.0891659659667305,-0.03933408610409339,38.759698637377745,49.965390410506,-2.1413255460142744,-71.52035479639815,-77.48689321842639,0.6533534006935445,39.98207100692156,36.8520004272461,33.721929847570635,558125350.0,159402858.50010827,3288121.384390682
2020-08-12,37.119998931884766,37.20000076293945,36.380001068115234,36.400001525878906,36.400001525878906,19942150,34.91240013122559,36.986850447364,37.56857194446382,0.870101591350334,1.0453530910434514,-0.17525149969311737,38.30569332972282,48.65431496287921,-3.2429490713564393,-90.48560633528277,-94.54544403664423,0.6652567074171641,39.91338331577078,36.93900051116943,33.964617706568085,538183200.0,140433518.93237877,-7313937.443881601
2020-08-13,36.880001068115234,37.540000915527344,36.84000015258789,37.2400016784668,37.2400016784668,19530900,35.008400192260744,37.01096008842141,37.59723872230167,0.7863801342739052,0.9935584996895422,-0.20717836541563706,38.13944654597313,55.287629279140035,-0.21435695876631136,-52.519800171934115,-72.61144020643104,0.6991668990051122,39.80367826687231,37.08600063323975,34.36832299960719,557714100.0,143223708.32371724,-10098452.390577883
2020-08-14,37.27999877929688,37.31999969482422,36.880001068115234,37.09999847412109,37.09999847412109,15715350,35.09480018615723,37.01943993467852,37.59857185000465,0.7006564563400204,0.9349780910196379,-0.23432163467961753,37.957007814285504,54.03465459019104,-1.643697578253899,-62.93011248533946,-77.07014184845224,0.6806548795553888,39.6749866769126,37.21200046539307,34.74901425387353,541998750.0,143223572.0748763,-10319574.366986841
2020-08-17,37.540000915527344,38.0,37.52000045776367,37.86000061035156,37.86000061035156,9806850,35.20960021972656,37.09949333236167,37.66028614952451,0.6861362926855392,0.8852097313528182,-0.199073438667279,37.99634977225228,59.41206088183308,0.42440276969276713,-3.95555149255534,-52.866247454843204,0.6963224971499262,39.56590450039654,37.3680004119873,35.170096323578065,551805600.0,147309779.05935526,-8171733.465275675
2020-08-18,38.43999862670898,38.47999954223633,37.720001220703125,38.2400016784668,38.2400016784668,11341900,35.32560028076172,37.208113174847874,37.74333388918922,0.6972543545986554,0.8476186560019857,-0.15036430140333035,38.11963689742582,61.81732806919071,-0.7784100413440325,24.864532467744414,-40.76430025803881,0.7008707703201603,39.503865742354634,37.52100048065186,35.53813521894908,563147500.0,151488421.73637518,-5220618.293226033
2020-08-19,38.060001373291016,38.09999847412109,36.91999816894531,37.060001373291016,37.060001373291016,20678700,35.41160034179688,37.19400728898532,37.69942921229771,0.6038880898202734,0.7988725427656433,-0.19498445294536992,37.90712918532571,51.59291516728865,-4.7300773275389165,-49.98078296834332,-78.34393511611746,0.7450945374059692,39.403540306952884,37.58900051116943,35.77446071538598,542468800.0,135716642.94479328,-8557035.4935067
2020-08-20,36.81999969482422,37.31999969482422,36.7599983215332,37.27999877929688,37.27999877929688,14067650,35.49280029296875,37.202196954729274,37.670000475928894,0.5414056174408657,0.7473791577006879,-0.20597354025982217,37.78364775968884,53.14877068564906,-5.4287150914540145,-66.33404418776776,-71.33764693876536,0.731873597112044,39.32921230637163,37.65100040435791,35.97278850234419,556536450.0,147774587.5899255,-5307402.370760649
2020-08-21,37.02000045776367,37.13999938964844,36.65999984741211,36.959999084472656,36.959999084472656,11939650,35.57240028381348,37.17913049089531,37.604190826416016,0.4607552076711343,0.6900543676947772,-0.22929916002364292,37.59436243329419,50.6011352380859,-4.594740621768056,-75.44231992594254,-81.5287220032753,0.7238825495958103,39.28096257080677,37.68300037384033,36.08503817687389,544596800.0,150759476.36794963,-2545778.539287716
2020-08-24,37.13999938964844,37.15999984741211,36.720001220703125,36.79999923706055,36.79999923706055,11466650,35.64720024108887,37.14302275243486,37.520095480056035,0.3795532725004733,0.6279541486559165,-0.24840087615544315,37.393960292348844,49.327949372915086,-4.712583493423203,-67.87154487313374,-86.62425953553014,0.7036051265324657,39.29095787905886,37.672000312805174,36.05304274655149,533130150.0,143462426.90114194,-3506377.389552325
2020-08-25,36.79999923706055,36.84000015258789,36.52000045776367,36.84000015258789,36.84000015258789,11542900,35.72480026245117,37.11416345721133,37.440857369559154,0.31479908552848457,0.56532313603043,-0.2505240505019455,37.23771481422707,49.668908985587294,0.7658609649326454,-74.01699359298503,-85.35034478066702,0.6762047385533051,39.300477756376836,37.64600028991699,35.991522823457146,544673050.0,155005326.90114194,92152.8434805572
2020-08-26,36.63999938964844,37.29999923706055,36.619998931884766,37.2599983215332,37.2599983215332,12596050,35.81000022888183,37.128052491908655,37.404095277332125,0.29398242162836397,0.5110549931500168,-0.21707257152165282,37.21738947265911,53.22756939944855,2.3626284604490317,-37.91191174186435,-69.01418288248719,0.6764758504549105,39.29102881370153,37.628000259399414,35.9649717050973,557269100.0,166119455.41318628,5092214.934146255
2020-08-27,37.619998931884766,37.619998931884766,36.43999862670898,36.79999923706055,36.79999923706055,14857000,35.8852001953125,37.09680932478026,37.32523803710937,0.23762775888112486,0.45636954629623844,-0.21874178741511358,37.08074624243816,49.13030564069404,-1.181531744292782,-45.3463301090489,-84.7826657839415,0.7124418829349732,39.29938181903961,37.60200023651123,35.90461865398285,542412100.0,160327756.57375917,4831952.982860297
2020-08-28,37.400001525878906,37.68000030517578,37.2599983215332,37.459999084472656,37.459999084472656,14267650,35.975600204467774,37.13139882570334,37.31171411786761,0.24341679716181375,0.4137789964693535,-0.17036219930753976,37.13996253910094,54.53761318907481,0.9703520893745755,65.96840990220201,-48.57148566217743,0.7244103961621348,39.28655020100249,37.589000129699706,35.89145005839692,556679750.0,159648332.3273854,4070033.2895916104
2020-08-31,37.560001373291016,37.70000076293945,37.459999084472656,37.540000915527344,37.540000915527344,24496650,36.06000022888183,37.17031331044849,37.307047526041664,0.25156030031872234,0.38133525723922734,-0.129774956920505,37.20939268631387,55.159813365638016,-0.8452184090475832,72.7667595456463,-44.761871891473604,0.6898097734696106,39.27789029333518,37.5810001373291,35.884109981323014,581176400.0,151483041.90141386,790288.8895733654
2020-09-01,37.97999954223633,38.0,37.43999862670898,37.59999847412109,37.59999847412109,11332750,36.14080017089844,37.21123570698874,37.308856891450425,0.2598598838158708,0.35704018255455605,-0.09718029873868528,37.281754085194244,55.65003169529231,-1.6736484734677728,80.03297589388022,-43.13728790105746,0.6805377448854257,39.17312656452063,37.53400001525879,35.89487346599695,592509150.0,146626126.98768687,-2168651.191126615
2020-09-02,37.34000015258789,37.36000061035156,36.880001068115234,37.13999938964844,37.13999938964844,13577450,36.20720016479492,37.20445129581347,37.27133302234468,0.22670595663986148,0.33097333737161716,-0.10426738073175568,37.22137621265094,51.04256020957271,0.2158608024636397,-30.666521033519608,-65.68625251040604,0.6833562921083134,38.96705712055094,37.44599990844726,35.924942696343585,578931700.0,147757500.22636795,-2821994.1762756705
2020-09-03,37.060001373291016,37.13999938964844,36.68000030517578,36.79999923706055,36.79999923706055,16157650,36.2684001159668,37.16593205212271,37.20980914887928,0.1710245946101594,0.29898358881932563,-0.12795899420916623,37.08355715136915,47.886691681603075,-1.287552462321696,-74.97385431135757,-82.35291917707265,0.6674022058486235,38.55962867976786,37.314999961853026,36.07037124393819,562774050.0,140029870.22951922,-5291517.289536148
2020-09-04,36.77999877929688,37.0,36.58000183105469,36.91999816894531,36.91999816894531,14449100,36.33280006408691,37.142509777534386,37.172189930507116,0.13502316200663955,0.26619150345678844,-0.13116834145014888,37.00229413009206,49.08323979541399,-0.1082275879821345,-75.26873189471371,-76.47062123439034,0.6497304889269584,38.29220193134821,37.22399978637695,36.15579764140569,577223150.0,148974401.19772995,-2974742.592390567
2020-09-08,36.5,37.040000915527344,36.380001068115234,36.81999969482422,36.81999969482422,11492000,36.39200004577637,37.11179453156199,37.133713731311616,0.09730109964372247,0.23241342269417525,-0.1351123230504528,36.910915955205546,48.09227657885652,0.0543490711367456,-93.0281117255166,-74.41864591349929,0.6504640145330407,38.000911781951075,37.133999824523926,36.26708786709678,565731150.0,152805023.58307225,-537705.5852774978
2020-09-09,37.08000183105469,37.2400016784668,37.02000045776367,37.20000076293945,37.20000076293945,10482100,36.458800048828124,37.120195125026505,37.13999953497024,0.09695140835839311,0.20532101982701884,-0.10836961146862573,36.93624411237195,52.05373601224134,0.977200349784129,20.85314769664638,-49.38270151387067,0.6340024408980076,37.992084977333995,37.165999794006346,36.3399146106787,576213250.0,159475384.7635411,2630534.0737158954
2020-09-10,37.43999862670898,37.52000045776367,37.040000915527344,37.060001373291016,37.060001373291016,10873700,36.52040008544922,37.114462386765986,37.12990444728306,0.08440453187105845,0.18113772223582678,-0.09673319036476832,36.92240376637363,50.52389580725349,-0.5367604864507086,33.333589232126094,-58.02464484438615,0.6230022338507448,37.949304521675636,37.19899978637695,36.44869505107827,565339550.0,149507848.03432924,516003.6954898238
2020-09-11,37.220001220703125,37.29999923706055,36.97999954223633,37.09999847412109,37.09999847412109,9932200,36.58560005187988,37.113084871275994,37.120475750877745,0.07680313489595392,0.1602708047678522,-0.08346766987189827,36.92314306117825,50.967266845663794,0.8152153350003782,7.28499340752481,-55.55568637516439,0.6013591953488501,37.94325538006379,37.19199962615967,36.44074387225555,575271750.0,147024738.83374706,-1186021.0862869918
2020-09-14,37.31999969482422,37.459999084472656,37.2599983215332,37.380001068115234,37.380001068115234,6706250,36.65480010986328,37.13850546145116,37.13838065011161,0.09230876430935098,0.14667839667615193,-0.05436963236680095,36.9980832669399,54.070281552907694,-0.21355584173140416,66.31565523336448,-38.27156423883788,0.5841192964204729,37.960305568701756,37.205999755859374,36.45169394301699,581978000.0,148366142.32704276,-1347673.6503936946
2020-09-15,37.47999954223633,37.540000915527344,37.18000030517578,37.29999923706055,37.29999923706055,8061600,36.718400115966794,37.15388582103301,37.14733298165458,0.09702318528346865,0.1367473543976153,-0.03972416911414664,37.04016130720318,53.037511989191096,-0.6393225162856271,48.43855168910143,-43.20995212787251,0.5681108188441222,37.872308696833066,37.17799968719483,36.48369067755659,573916400.0,145678885.3779477,-2146324.760386348
2020-09-16,37.59999847412109,37.59999847412109,37.2599983215332,37.400001525878906,37.400001525878906,11770900,36.77960014343262,37.17732541197071,37.1684760139102,0.1075885331856341,0.13091559015521906,-0.023327056969584953,37.10170119355103,54.214752139546285,-0.5319067988256225,62.26793917666685,-37.036967266579225,0.5518171998258194,37.64521114416931,37.13599967956543,36.62678821496155,585687300.0,143601885.25116512,-2938788.912960857
2020-09-17,36.97999954223633,37.20000076293945,36.880001068115234,37.18000030517578,37.18000030517578,10698900,36.83240013122558,37.17758016370453,37.17266654968262,0.09709019233282845,0.12415051059074093,-0.027060318257912483,37.09589456246719,51.175439453167876,0.10770305919416008,-38.10381576065806,-50.61729848612933,0.5495445753928089,37.650314863730806,37.14199962615967,36.63368438858853,574988400.0,152963390.86592802,-17155.287683933973
2020-09-18,37.220001220703125,37.41999816894531,37.119998931884766,37.2400016784668,37.2400016784668,9403800,36.8876001739502,37.18352506987237,37.18200007847377,0.09254498990632243,0.11782940645385724,-0.025284416547534813,37.10744668211239,51.966344467215265,1.1956588329576168,19.66193901635786,-46.913507569353364,0.5317199083690759,37.64643882003147,37.13999977111816,36.633560722204855,584392200.0,151082822.18721536,581255.2783102095
2020-09-21,36.540000915527344,36.63999938964844,35.900001525878906,36.43999862670898,36.43999862670898,13859100,36.929200134277345,37.11271302766633,37.115333302815756,0.024111382851806695,0.09908580173344714,-0.07497441888164044,36.91014743647463,42.16009928973665,-1.3001071669610196,-216.9869631039945,-74.28583365728042,0.5894542115275626,37.70161933308035,37.11399974822998,36.526380163379606,570533100.0,157450466.57804742,2799286.8816352785
2020-09-22,36.47999954223633,36.58000183105469,36.18000030517578,36.29999923706055,36.29999923706055,13389350,36.966800155639646,37.03531171427531,37.037809444609145,-0.04094750712413742,0.07107913996193023,-0.11202664708606765,36.713584395694696,40.71224514248858,-1.4122771919435084,-158.9064857824628,-76.47068063297151,0.5759218768383728,37.76397891734085,37.08899974822998,36.41402057911911,557143750.0,152094624.42580342,1748051.2271328568
2020-09-23,35.97999954223633,36.02000045776367,35.380001068115234,35.5,35.5,18106600,36.98520011901856,36.88909155101099,36.88647613525391,-0.15527053661867285,0.025809204645809616,-0.18107974126448245,36.34746842715682,33.60940382645489,-4.569894430306252,-221.50953173186815,-94.59463639191075,0.6004987548460115,37.98648133964394,37.021999740600585,36.05751814155723,539037150.0,140777945.4638789,-2441674.9582425654
2020-09-24,35.41999816894531,35.81999969482422,35.31999969482422,35.63999938964844,35.63999938964844,13943050,37.00480010986328,36.77013039278599,36.754857054210845,-0.2319023544373735,-0.02573310717082701,-0.2061692472665465,36.08779204085358,35.72282047326642,-3.8316296034084,-166.33864743180354,-85.96491815127621,0.5933202723570106,38.069998075050776,36.940999794006345,35.81200151296191,552980200.0,144681982.4435542,-2691489.817068279
2020-09-25,35.459999084472656,35.619998931884766,35.34000015258789,35.540000915527344,35.540000915527344,8070750,37.02960014343262,36.65297520447564,36.6214285895938,-0.2972758523227981,-0.08004165620122122,-0.21723419612157685,35.85449891420779,34.868993479522146,-4.204845344351998,-135.6509350327815,-90.35081848723746,0.5723687698358345,38.16148906798416,36.87799987792969,35.59451068787522,544909450.0,148140969.5484588,-1448419.10620296
2020-09-28,35.7400016784668,35.939998626708984,35.58000183105469,35.880001068115234,35.880001068115234,7903200,37.05560012817383,36.57935862006036,36.526381083897185,-0.3179841265015497,-0.12763015026128693,-0.1903539762402628,35.75799242327652,40.11037924631486,-4.012840976827807,-84.47623265043856,-75.43852310904678,0.5600565513605349,38.12332481387378,36.79899997711182,35.47467514034986,552812650.0,153409853.29452488,868247.2952814102
2020-09-29,36.0,36.2400016784668,35.97999954223633,36.220001220703125,36.220001220703125,8602300,37.08520011901855,36.545134105835864,36.471238345191594,-0.3034622878140567,-0.1627965777718409,-0.1406657100422158,35.77402358177782,44.88676022346524,-2.895437100396391,-43.065288461219566,-60.52622773085611,0.5457668412884654,38.034400666705466,36.73299999237061,35.43159931803575,561414950.0,160688703.10819313,4053040.5552120805
2020-09-30,36.119998931884766,36.29999923706055,35.900001525878906,35.97999954223633,35.97999954223633,11691150,37.101200103759766,36.491311766445435,36.39952401660737,-0.3077719522207545,-0.19179165266162362,-0.11598029955913086,35.73161135867673,42.32096044879848,-3.796796592802299,-44.78994722525737,-71.05262277308553,0.5353547605665494,37.92889644403077,36.65200004577637,35.37510364752197,549723800.0,153673923.91128686,2755477.093876064
2020-10-01,36.31999969482422,36.47999954223633,36.18000030517578,36.27999877929688,36.27999877929688,12051800,37.11280006408691,36.47118672005033,36.36409532456171,-0.2837095341730702,-0.21017522896391297,-0.07353430520915724,35.78115195262435,46.44211124088968,-2.4206603509726468,-14.192068611222341,-57.89475445382831,0.5328294205260816,37.87514247087172,36.609000015258786,35.34285755964585,561775600.0,149656555.07998648,695904.0411997736
2020-10-02,36.34000015258789,36.43999862670898,36.20000076293945,36.2599983215332,36.2599983215332,13700250,37.11720001220703,36.451073539239175,36.330857068016414,-0.2632195333684564,-0.22078408984482167,-0.04243544352363471,35.82261179066626,46.20508592361648,-2.6315878430807347,-8.547111597601827,-58.771967983295504,0.5119128807577561,37.8537173138309,36.581999969482425,35.31028262513395,548075350.0,142806212.31843877,-2389567.0900420547
2020-10-05,36.36000061035156,36.619998931884766,36.36000061035156,36.47999954223633,36.47999954223633,16762100,37.120400009155276,36.453828396667475,36.32114274161203,-0.22661650620483442,-0.22195057311682426,-0.004665933088010166,35.91914695419755,49.27199168748397,0.10977200064445633,27.18164819109832,-49.122786470532965,0.5010620043001708,37.8227594280805,36.560000038146974,35.297240648213446,564837450.0,141516782.17479983,-3844845.135794997
2020-10-06,36.619998931884766,36.65999984741211,35.97999954223633,36.0,36.0,18014450,37.1,36.41060664460391,36.26780940464565,-0.23364695830683502,-0.22428985015482641,-0.009357108152008603,35.878546239869834,43.451444100179245,-0.8264441966000433,-1.1154434918874456,-67.61900955854838,0.5138433115055715,37.798467648196905,36.51900005340576,35.23953245861462,546823000.0,124562029.48263454,-9485348.816946954
2020-10-07,35.97999954223633,36.060001373291016,35.86000061035156,35.97999954223633,35.97999954223633,9733800,37.0723999786377,36.36959644437842,36.21647602262951,-0.23808798198833614,-0.22704947652152835,-0.011038505466807791,35.84459451823871,43.22232796398876,1.352111386581206,-35.32101748642445,-68.57141300122433,0.49142598660799164,37.71796237802604,36.4579999923706,35.19803760671517,537089200.0,126508640.95720014,-10311146.779424906
2020-10-08,36.220001220703125,36.27999877929688,35.900001525878906,36.15999984741211,36.15999984741211,6792950,37.04319999694824,36.34963486371497,36.18809505644299,-0.22449516443715822,-0.2265386141046543,0.002043449667496089,35.86791339502582,45.98290986537891,1.4590361017646507,14.48660929098643,-37.313428586882566,0.4834667913801334,37.647781220824065,36.41299991607666,35.17821861132925,543882150.0,129011313.92485525,-8915291.203509718
2020-10-09,36.59999847412109,36.81999969482422,36.560001373291016,36.81999969482422,36.81999969482422,11776700,37.03319999694824,36.394431514296805,36.22685694013323,-0.15863761112700558,-0.2129584135091246,0.054320802382119004,36.0623899700875,54.68326438648685,3.601572161855647,153.4464294527493,0.0,0.49607629538241743,37.608395378797596,36.398999977111814,35.18960457542603,555658850.0,140788013.92485523,-3786646.540316254
2020-10-12,36.720001220703125,36.7599983215332,36.619998931884766,36.720001220703125,36.720001220703125,6468050,37.013199996948245,36.425438153002176,36.25742848714193,-0.1132090631799727,-0.19300854344329424,0.07979948026332154,36.19903035620798,53.28294152847426,2.3411374793250963,129.8513767240367,-6.66656494140625,0.47492804306506287,37.500203216618246,36.36599998474121,35.23179675286417,549190800.0,143560287.12649012,-462237.11027905345
2020-10-13,36.29999923706055,36.29999923706055,36.0,36.09999847412109,36.09999847412109,10042100,36.981199951171874,36.394443897870644,36.23209500994001,-0.12578567277012098,-0.1795639693086596,0.053778296538538606,36.15238301028005,45.50265781974134,-0.3313162411310068,-3.457846164721344,-48.000081380208805,0.49243327003921017,37.360370561204476,36.30599994659424,35.251629331984006,539148700.0,140212835.33167002,-125328.17722672224
2020-10-14,36.41999816894531,36.5,36.220001220703125,36.220001220703125,36.220001220703125,12179500,36.93479995727539,36.37783030956898,36.223904655093236,-0.12463281818867955,-0.16857773908466359,0.043944920895984035,36.14726375954881,47.112353357282856,0.6670419163987561,32.069444291102684,-40.540449979766635,0.485831002599189,37.174299586693365,36.24699993133545,35.31970027597754,551328200.0,128033335.33167002,-3851403.7794119567
2020-10-15,36.119998931884766,36.41999816894531,36.09999847412109,36.36000061035156,36.36000061035156,8635750,36.88399993896484,36.376132242976844,36.23466662452334,-0.11114122504677937,-0.15709043627708677,0.0459492112303074,36.181339394105855,49.00477358544537,0.22051222091091496,13.136008666701166,-37.09676426976108,0.47398590918669165,37.03160066546877,36.20599994659424,35.38039922771971,559963950.0,133430807.7644954,-3308202.2262785733
2020-10-16,36.400001525878906,36.43999862670898,36.20000076293945,36.220001220703125,36.220001220703125,9180250,36.82,36.36126262180792,36.23600007920038,-0.11047236435146601,-0.14776682189196264,0.03729445754049662,36.17467514595614,47.18647356171166,-0.11030640563026618,-1.4012823736544175,-62.49990065883064,0.45727247737117965,36.831328119554776,36.15499992370606,35.47867172785734,550783700.0,125780648.07030946,-5219379.473030567
2020-10-19,36.47999954223633,36.47999954223633,36.2599983215332,36.2599983215332,36.2599983215332,6055100,36.77039993286133,36.35161840273413,36.24599992661249,-0.10549873195301274,-0.13931320390417265,0.03381447195115991,36.1811641458194,47.78258788327266,-0.6030735292318435,13.207090721880533,-58.33353201567206,0.4431814662398956,36.81162435809431,36.145999908447266,35.48037545880022,556838800.0,119725548.07030946,-7453358.39460814
2020-10-20,36.27999877929688,36.52000045776367,36.18000030517578,36.43999862670898,36.43999862670898,7507250,36.72679992675781,36.360035566922214,36.27399980454218,-0.08604074795783134,-0.1286587127149044,0.04261796475707305,36.234629110502155,50.490900707532525,1.222218407524937,25.051507513327014,-39.583482345088115,0.43581137240760953,36.827836006409896,36.15299987792969,35.47816374944948,564346050.0,123699895.26650791,-6425115.8096805215
2020-10-21,36.70000076293945,36.86000061035156,36.619998931884766,36.7400016784668,36.7400016784668,8152250,36.73039993286133,36.39622281564075,36.32990473792667,-0.04588349998140728,-0.11210367016820498,0.0662201701867977,36.35741272721738,54.707362840673596,2.1122905667030785,142.35205485336462,-11.999893188476562,0.43468213035296493,36.86589182178653,36.214999961853025,35.564108101919516,572498300.0,123700024.8421258,-5420328.449997127
2020-10-22,36.380001068115234,36.400001525878906,36.119998931884766,36.34000015258789,36.34000015258789,8536000,36.72919990539551,36.39086827630238,36.34180951799665,-0.0458073334035376,-0.09884440281527151,0.05303706941173392,36.35482436866939,48.74627805070014,0.49778845667960775,-25.54410426587509,-52.00004577636719,0.4479193172264697,36.84645626878773,36.25,35.65354373121227,563962300.0,128577689.28811428,-2964537.801857844
2020-10-23,36.41999816894531,36.41999816894531,36.13999938964844,36.31999969482422,36.31999969482422,6711700,36.710799865722656,36.38411888759017,36.34847615559896,-0.046821115952973,-0.08843974544281182,0.04161862948983881,36.34780107718366,48.46193459494448,-1.3579576429770719,-19.1167504597399,-54.000091552734375,0.4359249930886415,36.78883626325896,36.28899993896484,35.78916361467073,557250600.0,130495370.11100256,-1080221.5656220466
2020-10-26,36.34000015258789,36.41999816894531,36.220001220703125,36.29999923706055,36.29999923706055,7287400,36.69479988098144,36.376107492301635,36.34952370779855,-0.048677294171405094,-0.08048725518853048,0.03180996101712538,36.33713841334936,48.15940520350378,-1.1437962137260949,-14.403393477309992,-56.00013732910156,0.4190729898853233,36.77329300309775,36.30999984741211,35.84670669172647,549963200.0,129037834.51170447,-674924.2900638878
2020-10-27,36.34000015258789,36.459999084472656,36.27999877929688,36.400001525878906,36.400001525878906,6507550,36.66559989929199,36.37838311454709,36.35809529622396,-0.04159944729524767,-0.07270969360987392,0.03111024631462625,36.35463505299993,49.84531006956195,0.8310334194969067,0.6407463601317251,-47.916616996081984,0.4019963695489269,36.78194333316162,36.3189998626709,35.85605639218018,556470750.0,131207201.7286757,242489.09988836944
2020-10-28,35.880001068115234,35.939998626708984,35.65999984741211,35.779998779296875,35.779998779296875,12714150,36.61639984130859,36.32139413023754,36.30676185971215,-0.08503896645242293,-0.07517554817838372,-0.009863418274039207,36.20838337525038,40.9529567903732,-1.2148051534430855,-227.27147406084836,-90.00009536737102,0.42613960590020333,36.80803573900599,36.30899982452392,35.80996391004186,543756600.0,129390845.09516071,17818.45785149932
2020-10-29,35.58000183105469,35.81999969482422,35.540000915527344,35.63999938964844,35.63999938964844,8063050,36.58799980163574,36.25649939303858,36.243047532581144,-0.12927171520618685,-0.08599478158394436,-0.0432769336222425,36.05290872215206,39.25020423978548,-1.9802013438309547,-229.67470035618845,-92.4243562696876,0.415700975428537,36.85517366628108,36.2769998550415,35.69882604380192,535693550.0,127087053.75183646,-808736.6374805272
2020-10-30,36.0,36.040000915527344,35.7599983215332,35.779998779296875,35.779998779296875,16258300,36.557999801635745,36.21111838220604,36.195714096795946,-0.15128577827258027,-0.09905298092167154,-0.05223279735090873,35.96326341442339,41.8537927804978,-1.2148051534430855,-117.75849124409612,-81.81833945033668,0.41457958617499197,36.870515192580065,36.25299987792969,35.63548456327931,551951850.0,113151399.68036605,-5507423.050358698
2020-11-02,36.08000183105469,36.15999984741211,36.0,36.13999938964844,36.13999938964844,8830500,36.54159980773926,36.2043451448196,36.184952145531064,-0.1380912117207984,-0.10686062708149693,-0.03123058463930148,35.985128358667396,48.022633781431324,-0.330940257693017,-37.73829934299709,-54.54555963355779,0.4121096920278664,36.84625982748366,36.23599987030029,35.625739913116924,560782350.0,119774222.04643428,-4821676.461845443
2020-11-03,36.380001068115234,36.459999084472656,36.2400016784668,36.34000015258789,36.34000015258789,7917600,36.532399826049804,36.21726466936896,36.194856934320356,-0.11022542251587453,-0.10753358616837247,-0.002691836347502058,36.05683329537939,51.12492605413979,-0.2744195331769085,40.692548793306834,-39.39398318064907,0.4055304065133202,36.85490123055376,36.25299987792969,35.65109852530562,568699950.0,119054415.26659693,-4331838.97268869
2020-11-04,36.380001068115234,36.43999862670898,36.09999847412109,36.36000061035156,36.36000061035156,9443450,36.52279983520508,36.230858568510165,36.2050474802653,-0.08554164320305091,-0.10313519757530816,0.01759355437225725,36.122279180709604,51.437078122922614,-1.0342979062462914,25.57062632760374,-37.87879663612982,0.4008496740900752,36.862106044558345,36.27199993133545,35.681893818112556,578143400.0,124054000.98112346,-2146870.093167156
2020-11-05,36.79999923706055,37.2599983215332,36.77999877929688,37.15999984741211,37.15999984741211,14995950,36.52079986572266,36.31934821411988,36.289618900844026,-0.001410063369618797,-0.08279017073417029,0.0813801073645515,36.38444279468408,61.91484701451703,2.256465854103261,219.33578147494,-5.813873542594927,0.4365031053109013,37.024442235936846,36.32199993133545,35.61955762673405,593139350.0,132801727.86403611,1725518.4651245177
2020-11-06,37.27999877929688,37.29999923706055,37.040000915527344,37.220001220703125,37.220001220703125,9352050,36.52919990539551,36.40512469093733,36.37514283316476,0.06930749549027126,-0.05237063748928198,0.12167813297955324,36.614746533425496,62.56718518721097,2.477977790311383,190.70516073097969,-4.545346173269782,0.4238956207553514,37.11885629378592,36.342000007629395,35.56514372147287,602491400.0,136398775.72045586,4297327.332820639
2020-11-09,35.86000061035156,35.880001068115234,35.29999923706055,35.599998474121094,35.599998474121094,23736150,36.49199989318848,36.328446003621494,36.304476020449684,-0.005307827016252986,-0.042958075394676186,0.0376502483784232,36.38189876575222,41.76628341330396,-1.9283767979388444,-134.22361917841454,-85.00003814697266,0.530760360961582,37.10605956297275,36.285999870300294,35.465940177627836,578755250.0,137217123.68749171,5219148.28340584
2020-11-10,35.900001525878906,35.959999084472656,35.70000076293945,35.70000076293945,35.70000076293945,9984000,36.45519989013672,36.26859407593749,36.24866658165341,-0.05572924665817425,-0.0455123096473758,-0.010216937010798448,36.216114180799806,43.02548441376329,-1.923078938449443,-80.29243025152701,-79.99992370605469,0.5185632359180091,37.12195419189599,36.265999984741214,35.41004577758644,588739250.0,127233123.68749171,1945061.555608362
2020-11-11,35.52000045776367,35.619998931884766,35.459999084472656,35.540000915527344,35.540000915527344,9047450,36.41399993896484,36.19920425113652,36.179523813156855,-0.10736163737736604,-0.05788217519337385,-0.049479462183992184,36.038890014152514,41.48003780166439,-0.6707598433692499,-104.16667048747769,-87.99991607666016,0.4986659818143511,37.1447021953134,36.23199996948242,35.31929774365145,579691800.0,127233339.39571477,428907.29634323716
2020-11-12,35.779998779296875,35.939998626708984,35.7400016784668,35.779998779296875,35.779998779296875,6880850,36.38679992675781,36.159279920485126,36.13647608075823,-0.12744574197201075,-0.07179488854910124,-0.05565085342290951,35.95694759223729,44.68933271029684,0.39281535366439996,-50.122872915981944,-76.0000228881836,0.4916182481977289,37.13426005326727,36.202999877929685,35.2717397025921,586572650.0,123104671.90315355,-1543996.1297477037
2020-11-13,36.119998931884766,36.13999938964844,35.939998626708984,36.0,36.0,6698100,36.3707999420166,36.14411040424845,36.117142759050644,-0.12417882349893716,-0.08227167553906842,-0.041907147959868746,35.948438694497646,47.52999182124202,0.6148720743680481,-13.222814337959282,-64.99996185302734,0.48221698835157417,37.12738502618284,36.19199981689453,35.25661460760622,593270750.0,120425508.55653241,-3063190.7661872953
2020-11-16,36.040000915527344,36.15999984741211,35.939998626708984,36.0,36.0,10070850,36.35239997863769,36.13038560384384,36.09885706220354,-0.12020412870095498,-0.08985816617144574,-0.030345962529509246,35.94312367307671,47.52999182124201,-0.3873807194599385,-8.376095546272245,-64.99996185302734,0.46348729066239924,37.11746541701664,36.17899990081787,35.2405343846191,593270750.0,115847944.71446,-4862705.179373145
2020-11-17,36.040000915527344,36.08000183105469,35.79999923706055,35.880001068115234,35.880001068115234,9398950,36.33360000610352,36.10653945758398,36.07038098289853,-0.12529276832638203,-0.096945086602433,-0.028347681723949025,35.90923492516333,46.034395717082376,-1.2658202601573136,-30.878983790202042,-70.99990844726562,0.4503812409003808,37.090062079328575,36.151000022888184,35.21193796644779,583871800.0,111819896.45694308,-6438457.777670622
2020-11-18,35.81999969482422,35.939998626708984,35.63999938964844,35.68000030517578,35.68000030517578,6337150,36.303199996948244,36.06591668116415,36.02552386692592,-0.14380623324373687,-0.1063173159306938,-0.037488917313043074,35.83121406813878,43.57342074665106,-1.8701878266255794,-63.220176580891234,-80.99994659423828,0.4396396691975355,37.01755695272585,36.09799995422363,35.178442955721415,577534650.0,107172696.10026798,-7976424.156127974
2020-11-19,35.41999816894531,35.619998931884766,35.400001525878906,35.619998931884766,35.619998931884766,6433350,36.27439994812012,36.02344832408992,35.97999996003651,-0.1614587015384643,-0.1173455930522479,-0.04411310848621641,35.75357971685254,42.833604952923054,-4.144243600244773,-93.16470556072802,-84.00001525878906,0.4282367484903455,36.99708557492357,36.06199989318848,35.12691421145339,571101300.0,113606046.10026798,-5833487.751303434
2020-11-20,35.81999969482422,35.86000061035156,35.68000030517578,35.7400016784668,35.7400016784668,4734300,36.24720001220703,35.99645340545914,35.94933346339634,-0.16387612909002058,-0.12665170025980244,-0.03722442883021815,35.723252748712966,44.85038755697793,-3.9763554371220664,-49.77103756826124,-77.9998779296875,0.4147913863458063,36.97025398447955,36.032999992370605,35.09574600026166,575835600.0,112028012.98875184,-4928616.325602755
2020-11-23,35.58000183105469,35.619998931884766,34.91999816894531,35.0,35.0,11374500,36.199599990844725,35.901553081129705,35.850952511742,-0.22293406372646274,-0.14590817295313452,-0.07702589077332822,35.508751557071406,36.3371406002212,-1.6853890444890158,-131.47691385314187,-96.63858003567863,0.44373510942978334,36.997905435433516,35.96800003051758,34.93809462560164,564461100.0,103253455.37598678,-6902290.316822931
2020-11-24,34.41999816894531,34.5,34.31999969482422,34.47999954223633,34.47999954223633,25212300,36.14319999694824,35.766167029806525,35.70923817952474,-0.3081454842036635,-0.17835563520324033,-0.12978984900042317,35.20107509340536,31.77314753806926,-3.417370293083078,-212.33152825171248,-94.63087677885889,0.46061119484021174,37.06755214647675,35.87199993133545,34.676447716194154,539248800.0,122862903.30545738,-842851.6705066264
2020-11-25,34.540000915527344,34.65999984741211,34.400001525878906,34.459999084472656,34.459999084472656,9603900,36.084399948120115,35.64177008263187,35.57476190839495,-0.37299041728570614,-0.2172825916197335,-0.15570782566597263,34.94804000131556,31.608702117792653,-3.03883456171448,-172.28879708362734,-95.30203318275092,0.4462817038897111,37.15098230450785,35.80599994659424,34.46101758868063,529644900.0,117691420.78862126,67160.76313005388
2020-11-27,33.939998626708984,34.119998931884766,33.900001525878906,34.08000183105469,34.08000183105469,9010300,36.022399978637694,35.493030249148326,35.41038113548642,-0.4498574202034362,-0.26379755733647403,-0.1860598628669622,34.64761960643407,28.581938977185605,-4.751249318727883,-183.20326196460812,-92.03537881153525,0.45440426493999964,37.26908549175393,35.72800006866455,34.18691464557517,520634600.0,123425446.90746783,2257795.9089662433
2020-11-30,33.900001525878906,34.040000915527344,33.7400016784668,33.900001525878906,33.900001525878906,17604450,35.95559997558594,35.34131322788457,35.2362860361735,-0.5193132739541042,-0.3149007006600001,-0.20441257329410412,34.36145855687296,27.250785107217556,-5.833329094780816,-147.26091936312466,-93.38843105481189,0.4462325426291347,37.36817878556201,35.63400020599365,33.89982162642529,503030150.0,124599106.75449808,3322147.88277556
2020-12-01,34.5,34.65999984741211,34.400001525878906,34.58000183105469,34.58000183105469,16312350,35.91840003967285,35.26880738056744,35.13590523856027,-0.5135671148107832,-0.35463398349015673,-0.15893313132062648,34.31122112193703,38.83934004634209,-3.9444393581814237,-66.38903965711332,-65.28922362970295,0.46864438397942526,37.3319549733487,35.556000328063966,33.78004568277923,519342500.0,130873271.62751186,5451876.342313245
2020-12-02,34.70000076293945,34.91999816894531,34.58000183105469,34.84000015258789,34.84000015258789,11698700,35.8892000579834,35.22796859695034,35.06771474565778,-0.4824719147350436,-0.38020156973913416,-0.10227034499590942,34.34562267418867,42.60402412771467,-2.8985531899873345,-37.17848715016222,-54.54548320586139,0.45945523783022524,37.244835639932404,35.48100032806396,33.71716501619552,531041200.0,137066778.24944884,7798164.969802871
2020-12-03,35.08000183105469,35.13999938964844,34.7599983215332,35.119998931884766,35.119998931884766,10695600,35.881600036621094,35.217685771706,35.033333660307385,-0.4302752380966339,-0.3902163034106342,-0.04005893468599975,34.45407408823118,46.42840574942953,-1.569510561942964,-9.805495478045263,-42.975276959841615,0.45377993999344013,37.14157827375912,35.419000244140626,33.69642221452213,541736800.0,146636503.01379156,11093998.654266536
2020-12-04,35.13999938964844,35.2400016784668,34.880001068115234,35.040000915527344,35.040000915527344,12287150,35.86960006713867,35.200763404450896,34.99723848615374,-0.39085859259822087,-0.39034476124815154,-0.000513831350069327,34.52894470925043,45.495672137233825,-1.6282931885161973,2.4856217965587524,-46.28098261631683,0.4470814164475917,36.84428841149227,35.31300029754639,33.781712183600504,529449650.0,145271235.19176808,10999345.522333577
2020-12-07,35.060001373291016,35.63999938964844,35.060001373291016,35.540000915527344,35.540000915527344,8678200,35.86960006713867,35.23307173883913,35.018857592628116,-0.31563633652285006,-0.3754030763030913,0.05976673978024122,34.72587169860712,51.987982610136356,-0.5595991985080201,53.22792408901727,-23.076960697209238,0.4580040634242704,36.49375109947911,35.2290002822876,33.96424946509609,538127850.0,150956987.86042103,11769786.406356633
2020-12-08,35.70000076293945,35.7599983215332,35.52000045776367,35.65999984741211,35.65999984741211,5392400,35.86520004272461,35.27373155870322,35.05990517025902,-0.24353196085449724,-0.3490288532133725,0.10549689235887527,34.923064353557244,53.421957620657786,1.885713849748884,87.59217077486286,-12.72723489551183,0.44243219202036044,36.500536050606435,35.23200035095215,33.96346465129786,543520250.0,151855749.76397192,11300955.882190734
2020-12-09,35.36000061035156,35.380001068115234,34.81999969482422,35.099998474121094,35.099998474121094,9496150,35.84279998779297,35.257185550647776,35.04733356294178,-0.22893710985715643,-0.3250105045421293,0.09607339468497289,34.94275341630142,46.449734742260745,1.7981407775986105,24.98567354490832,-35.84917543117797,0.47082990348946974,36.45310487474292,35.20200023651123,33.950895598279544,534024100.0,151855685.07674226,10081781.368896067
2020-12-10,35.15999984741211,35.29999923706055,34.900001525878906,35.0,35.0,6934800,35.82319999694824,35.23269168868132,35.028095445178806,-0.22287051387908008,-0.3045825064095195,0.08171199253043943,34.93565064689182,45.31247871420979,1.567036941015657,26.77015422212985,-40.56608696434516,0.4657704611817676,36.41904951983085,35.17500019073486,33.93095086163888,527089300.0,148388252.0088498,7563228.4219555855
2020-12-11,35.0,35.2400016784668,35.0,35.08000183105469,35.08000183105469,5446200,35.7992000579834,35.21814979747879,35.01904798235212,-0.20919573547731574,-0.28550515222307876,0.07630941674576303,34.9530794577438,46.44224500085517,2.934272142816527,43.5942033568003,-33.66324854115914,0.44964411955926975,36.35299624405146,35.140000343322754,33.92700444259405,532535500.0,146572909.718458,5267736.17654115
2020-12-14,34.959999084472656,35.08000183105469,34.7400016784668,34.880001068115234,34.880001068115234,9914500,35.77160011291504,35.18594515658702,34.99428614661807,-0.21205235758532126,-0.27081459329552726,0.058762235710206,34.91775786259149,43.9953061084795,2.890853976771083,13.596374909925816,-43.56429286348271,0.44181240763274265,36.23483275716816,35.08400039672851,33.93316803628887,522621000.0,144823252.8110541,3293077.044102967
2020-12-15,35.279998779296875,35.380001068115234,35.18000030517578,35.380001068115234,35.380001068115234,9279300,35.749600143432616,35.20442667197066,35.02247668675014,-0.17198786085985063,-0.25104924680839197,0.07906138594854134,35.02069568433195,50.952720586531115,2.31347366888253,75.53332787692624,-18.81177648103035,0.4459686642304039,36.134796808019274,35.05300045013428,33.97120409224928,531900300.0,154102552.8110541,5138395.849550724
2020-12-16,35.380001068115234,35.58000183105469,35.15999984741211,35.560001373291016,35.560001373291016,11409550,35.74080017089844,35.23829092923926,35.070762488955545,-0.1242793235724875,-0.22569526216121108,0.10141593858872358,35.153464322467926,53.20642817024516,2.0665936209809224,87.02902419847615,-9.900855475610449,0.4441139013312735,36.078097648500645,35.037000465393064,33.99590328228548,543309850.0,164425459.26285747,8710733.245575815
2020-12-17,36.02000045776367,36.15999984741211,35.900001525878906,35.939998626708984,35.939998626708984,7706400,35.74000015258789,35.30512023376019,35.156762313842776,-0.05517138014223377,-0.19159048575741564,0.13641910561518186,35.36175409322057,57.63239779247496,2.334851138277675,178.18177420648533,-9.090966411722789,0.4552485136734035,36.128702717834315,35.05000038146973,33.971298045105144,551016250.0,159090102.706671,7682645.7082926035
2020-12-18,35.91999816894531,35.97999954223633,35.79999923706055,35.86000061035156,35.86000061035156,6758750,35.73400016784668,35.357965983911754,35.2339051927839,-0.0067798544844563935,-0.15462835950282378,0.14784850501836738,35.51154475294781,56.42247458876499,2.340181716321961,131.7703173778947,-17.045427452408358,0.4355879273521448,36.170721858297725,35.06200046539307,33.953279072488414,544257500.0,156837281.5308985,5846835.368177056
2020-12-21,35.84000015258789,35.959999084472656,35.720001220703125,35.779998779296875,35.779998779296875,10091250,35.713200149536135,35.39815958347224,35.302285984584266,0.02482908484402202,-0.11873687063345462,0.14356595547747664,35.61245332152695,55.174979935423146,0.6752894135820822,102.82812694237236,-24.050730708592983,0.42161720852481527,36.17773921091633,35.06400032043457,33.95026142995282,534166250.0,151791496.13337174,2958814.3872642815
2020-12-22,35.84000015258789,35.86000061035156,35.439998626708984,35.52000045776367,35.52000045776367,6234800,35.68920013427734,35.4097634762619,35.3457145690918,0.02857036396945034,-0.08927542371287363,0.11784578768232397,35.62600757372928,51.212070067075445,-0.3925950371494391,49.320743228732894,-45.07043766991543,0.42150183531894114,36.22069850298187,35.09000034332276,33.959302183663645,527931450.0,147931901.18328047,280315.19392871857
2020-12-23,35.599998474121094,35.81999969482422,35.58000183105469,35.720001220703125,35.720001220703125,7836500,35.681600189208986,35.439309928113445,35.40571465265183,0.047130454185747794,-0.061994248133149354,0.10912470231889715,35.68711047948364,53.95193520132781,1.7663896681908793,61.94327602579004,-30.98585873781713,0.4128230783004844,36.27808315611876,35.152000427246094,34.025917698373426,535767950.0,149238026.03625438,-425332.4950285554
2020-12-24,35.720001220703125,35.86000061035156,35.68000030517578,35.84000015258789,35.84000015258789,3747950,35.67400016784668,35.47747090187291,35.47123843601772,0.07070730058321573,-0.03545393838987634,0.10616123897309207,35.766247597174655,55.5643570499168,2.400000435965402,69.902990528675,-22.535218834957714,0.3961928802201484,36.338101118696336,35.22100048065185,34.10389984260737,539515900.0,152153080.60752553,252177.40444144607
2020-12-28,36.02000045776367,36.15999984741211,35.70000076293945,35.7400016784668,35.7400016784668,8366500,35.66160018920898,35.50247383297709,35.5206671215239,0.08039632132846464,-0.01228388644620814,0.09268020777467278,35.80278632365962,53.87147449501283,1.8814133778859792,74.72383015071262,-29.577373980507403,0.4007504662381847,36.310903996492065,35.30400047302246,34.29709694955286,531149400.0,145241660.28510004,-1692672.957859993
2020-12-29,35.81999969482422,35.97999954223633,35.70000076293945,35.81999969482422,35.81999969482422,8012500,35.653600158691404,35.53271439124825,35.56980990455264,0.09345284519637431,0.008863459882308349,0.08458938531406596,35.85092683702963,55.05130111203414,2.694950108726524,62.457879347570476,-23.94370359226744,0.3921253457423769,36.197495965502625,35.400000381469724,34.60250479743682,539161900.0,144096986.23877853,-2698628.6700983047
2020-12-30,35.880001068115234,36.119998931884766,35.86000061035156,36.09999847412109,36.09999847412109,6799500,35.650400161743164,35.58674144675995,35.63647638956706,0.12495341073256583,0.03208145005235984,0.09287196068020598,35.960318774910235,59.00365114496628,2.035040656498793,92.75798141208126,-4.225454271929663,0.3855449094079605,36.23522037273978,35.476000213623045,34.71678005450631,545961400.0,149850378.61960477,-1034201.2793785036
2020-12-31,36.20000076293945,36.2599983215332,36.040000915527344,36.2599983215332,36.2599983215332,6238350,35.646800155639646,35.65086114911931,35.71114287603469,0.16097289109455915,0.0578597382607997,0.10311315283375944,36.08842000320208,61.10813297909498,1.9684952789904913,117.62757998553374,0.0,0.3737200877363818,36.32048748016041,35.547000122070315,34.77351276398022,552199750.0,156088728.61960477,1725648.6785867214
2021-01-04,36.959999084472656,37.09999847412109,36.77999877929688,37.09999847412109,37.09999847412109,16074700,35.65400009155273,35.788874227690904,35.85904748099191,0.25436739197100167,0.09716126900284011,0.15720612296816155,36.40770884153844,69.85667429657123,3.2276012569183647,260.7535291307563,0.0,0.40702580665434623,36.648483757035564,35.64600009918213,34.6435164413287,568274450.0,172163428.61960477,7812478.3269737065
2021-01-05,37.18000030517578,37.2599983215332,36.97999954223633,37.18000030517578,37.18000030517578,11376700,35.670800094604495,35.92136242554661,36.00514273870559,0.3310228604686358,0.14393358729599925,0.18708927317263657,36.68534624225432,70.53645234927082,3.680980681420233,219.051452235036,-3.809432118321099,0.397952447557384,36.917629552520225,35.75300006866455,34.58837058480887,579651150.0,177039290.04467288,11143730.15229243
2021-01-06,36.91999816894531,36.91999816894531,36.2400016784668,36.59999847412109,36.59999847412109,18060850,35.67640007019043,35.98599443017275,36.08580925351097,0.3410402710824343,0.18335492405328627,0.15768534702914802,36.75634280839912,59.976308683366845,2.291782344326636,92.0788771797608,-31.428586998775998,0.43667003178249836,37.02236067365899,35.80599994659424,34.589639219529495,561590300.0,178101621.46643993,11831463.155731201
2021-01-07,36.540000915527344,36.58000183105469,36.36000061035156,36.47999954223633,36.47999954223633,10712400,35.68000007629394,36.03304253608357,36.14999969119118,0.335429606528848,0.21376986054839864,0.12165974598044937,36.7768795001319,58.04025142229687,2.702700090373528,58.261410832124405,-42.85708297177543,0.42262201978157166,37.09575983962177,35.846999931335446,34.59824002304912,550877900.0,179075307.1510009,11347029.997159123
2021-01-08,35.959999084472656,36.0,34.86000061035156,35.2599983215332,35.2599983215332,15582650,35.65720001220703,35.959419277554964,36.09409477597191,0.2298891924033768,0.21699372691939428,0.012895465483982516,36.470901644497125,42.88375453843312,-1.2878020253350568,-114.82156300765821,-83.33341280626883,0.508148942074657,37.08644511192905,35.85499992370605,34.623554735483054,535295250.0,174427793.41641027,8638550.24426815
2021-01-11,35.02000045776367,35.31999969482422,34.959999084472656,35.15999984741211,35.15999984741211,9850600,35.64480003356934,35.88328409373184,36.027904292515345,0.13660392764694507,0.20091576706490447,-0.0643118394179594,36.189250165728374,41.917519209403956,-1.8973222719885525,-130.9293382438285,-87.50001986823386,0.4975669183801502,37.07403306978803,35.86299991607666,34.65196676236529,525444650.0,175522327.72319618,7093473.96622026
2021-01-12,35.20000076293945,35.41999816894531,35.040000915527344,35.36000061035156,35.36000061035156,13153700,35.6392000579834,35.83344757150515,35.979999596732,0.07791491865462774,0.17631559738284913,-0.09840067872822139,36.00716556881837,44.60581617468478,-1.0632374098185435,-99.69228193912829,-79.1666467984328,0.48916908516856583,37.05759367439954,35.876999855041504,34.69640603568347,538598350.0,184522366.71972278,8680184.808984548
2021-01-13,35.31999969482422,35.47999954223633,35.20000076293945,35.2400016784668,35.2400016784668,9168000,35.6284001159668,35.77692891502531,35.91933310372489,0.02147301768517451,0.1453470814433142,-0.1238740637581397,35.82500374493052,43.31055819430361,-1.6192016228331465,-88.82894000856848,-84.16660706196505,0.4742283490348736,37.024095887268984,35.89499988555908,34.76590388384918,529430350.0,177973866.66522688,6456572.426504463
2021-01-14,35.2599983215332,35.41999816894531,35.099998474121094,35.220001220703125,35.220001220703125,14336450,35.610000152587894,35.72388818223272,35.85504751659575,-0.02458802976418184,0.111360059201815,-0.13594808896599686,35.66979981554419,43.08599007480664,-2.43766562496894,-87.52989954868615,-84.99996026353224,0.4632120165912554,37.03272309915199,35.886999893188474,34.74127668722496,515093900.0,174390010.52117422,3819633.821790904
2021-01-15,35.13999938964844,35.20000076293945,34.7599983215332,34.79999923706055,34.79999923706055,12269200,35.57920013427734,35.63589875888299,35.751523644583564,-0.09389997127844651,0.07030805310576271,-0.16420802438420923,35.433871360055825,38.5639731616203,-4.02647311653522,-109.60013490583142,-98.39996337890625,0.462982793918303,37.08262619299041,35.84899978637695,34.61537337976349,502824700.0,164351612.837723,-800388.8541255593
2021-01-19,35.099998474121094,35.13999938964844,34.939998626708984,35.099998474121094,35.099998474121094,14327650,35.55400009155274,35.58486063652471,35.680190186273485,-0.12320255074742903,0.03160593233512436,-0.1548084830825534,35.31966205778708,43.153357376945706,-5.390835801233476,-80.22945248961103,-86.39999389648438,0.45419831953755924,37.08188116299253,35.80699977874756,34.53211839450259,517152350.0,172948093.52684543,117608.34809538722
2021-01-20,35.47999954223633,35.68000030517578,35.34000015258789,35.65999984741211,35.65999984741211,11307950,35.524000091552736,35.59201675184732,35.66619019281296,-0.10008392025977741,0.005267961816144008,-0.10535188207592142,35.373403593416086,50.575468950490205,-4.088220670487931,-25.206763060385196,-63.99993896484375,0.46318428464592554,37.073198204467,35.79699974060058,34.52080127673417,528460300.0,182925666.61585125,3657143.336588025
2021-01-21,35.599998474121094,35.68000030517578,35.47999954223633,35.63999938964844,35.63999938964844,8462750,35.49240005493164,35.596586526875996,35.65123777843657,-0.08242595374193229,-0.01227082129547125,-0.07015513244646104,35.41425024627517,50.32275883406978,-2.622948427583787,-18.275460729680585,-64.79995727539062,0.44438546166689175,37.06802893212613,35.78999977111816,34.51197061011019,519997550.0,188003252.05043897,6388262.71228677
2021-01-22,35.15999984741211,35.439998626708984,35.040000915527344,35.380001068115234,35.380001068115234,9146400,35.488000106811526,35.57595934032735,35.61219028291248,-0.08839264432756266,-0.027495185901889534,-0.06089745842567313,35.38194337417438,47.03274072531938,-3.0153467322485077,-45.66435168097355,-75.19989013671875,0.4555006768421919,37.06838005648103,35.78299980163574,34.497619546790446,510851150.0,194405828.00054243,8961970.921715826
2021-01-25,35.560001373291016,35.58000183105469,35.20000076293945,35.380001068115234,35.380001068115234,9310350,35.48160011291504,35.55729664773572,35.57380945114863,-0.09206007832680996,-0.04040816438687362,-0.05165191393993634,35.35708766502666,47.03274072531937,0.34033679039838705,-28.791924598489135,-75.19989013671875,0.45010784764740924,37.06320225704459,35.76599979400635,34.46879733096811,510851150.0,193915799.74124414,9044208.841095
2021-01-26,35.380001068115234,35.439998626708984,35.2599983215332,35.29999923706055,35.29999923706055,9848650,35.4768000793457,35.53279213243332,35.529428445725216,-0.10026621879979558,-0.052379775269458015,-0.047886443530337566,35.31765387393161,45.96043958125216,0.3981780155176591,-26.788578577930394,-74.99995584840815,0.4308144517565787,37.05130852036612,35.73899974822998,34.42669097609384,501002500.0,188444420.28335407,6514757.358685583
2021-01-27,35.18000030517578,35.279998779296875,34.900001525878906,35.099998474121094,35.099998474121094,9468700,35.463200073242184,35.49157368878454,35.46857118152437,-0.1215073729797922,-0.06620529481152485,-0.05530207816826735,35.235250231525704,43.302495636285705,-0.7353001463307489,-78.8751694098434,-81.31870895802373,0.42861325600122596,37.048536988646546,35.70699958801269,34.36546218737884,491533800.0,188942692.86953673,5046272.36069569
2021-01-28,35.439998626708984,35.540000915527344,34.97999954223633,35.099998474121094,35.099998474121094,12615400,35.44520004272461,35.45428081119755,35.41076155162993,-0.13676460348571595,-0.08031715654636307,-0.056447446939352885,35.16978176760314,43.302495636285705,-0.3972848969279456,-31.499981308024253,-72.58066997068224,0.4379981215219252,37.03689661144127,35.67099952697754,34.30510244251381,491533800.0,181733831.48712108,1693047.8434134424
2021-01-29,35.560001373291016,35.619998931884766,35.099998474121094,35.099998474121094,35.099998474121094,15497400,35.42720001220703,35.42053963623789,35.35638049897693,-0.1471597031301215,-0.09368566586311476,-0.05347403726700674,35.1184641168061,43.3024956362857,-0.34072328910508637,4.886012004624126,-63.04354135827808,0.44385543125347854,36.993615739357786,35.62099952697754,34.2483833145973,491533800.0,166236431.48712108,-4763630.1721487045
2021-02-01,35.58000183105469,35.63999938964844,35.400001525878906,35.41999816894531,35.41999816894531,15437900,35.41799995422363,35.42048806792431,35.33723751249767,-0.1280999371318643,-0.10056852011686468,-0.027531417014999615,35.1619162462317,49.17606246270053,1.7816061651647757,98.08447101054183,-28.26104082961194,0.4507229658444689,36.92192009824439,35.578999519348145,34.2360789404519,506971700.0,153371105.85212728,-11065453.864908636
2021-02-02,35.099998474121094,35.099998474121094,34.86000061035156,34.97999954223633,34.97999954223633,11004700,35.403999938964844,35.37853677976355,35.28018989562988,-0.14680684923957443,-0.10981618594140664,-0.03699066329816779,35.085709573696434,42.6357523341756,-0.34187731367920066,-122.24139694820336,-76.08687539649961,0.458528293897989,36.64242864582459,35.472999572753906,34.303570499683225,495967000.0,153371105.85212728,-12637522.296955109
2021-02-03,35.040000915527344,35.099998474121094,34.880001068115234,34.91999816894531,34.91999816894531,9761150,35.38999992370606,35.3348664358761,35.22752309526716,-0.16457668366923173,-0.12076828548697167,-0.04380839818226005,35.01007660795564,41.81895867498702,-2.0751589501773364,-104.74719262988752,-82.60874973566693,0.44149037333426544,36.251559935462154,35.35999946594238,34.468438996422606,486205850.0,147159249.52659106,-14108275.27755791
2021-02-04,34.220001220703125,34.2400016784668,34.02000045776367,34.18000030517578,34.18000030517578,14105000,35.358799896240235,35.224879185333215,35.1151422228132,-0.23565456947842023,-0.1437455422852614,-0.09190902719315883,34.75882026602221,33.336645817846005,-4.096518264522501,-261.06419634140775,-90.36145408919498,0.47424089746622083,36.07999673659765,35.23899955749512,34.39800237839259,472100850.0,153570479.7596331,-11387439.579331309
2021-02-05,34.36000061035156,34.599998474121094,34.29999923706055,34.540000915527344,34.540000915527344,8003650,35.34959991455078,35.15965268344694,35.04857092357817,-0.25993885218431956,-0.16698420426507304,-0.09295464791924651,34.64984035629844,39.740268297395765,-2.3742230843087966,-147.14810801123528,-68.67466833961839,0.4703664168575845,35.81974879540376,35.14199962615967,34.46425045691557,480104500.0,158372791.88595074,-7711140.246289253
2021-02-08,34.97999954223633,35.060001373291016,34.880001068115234,34.900001525878906,34.900001525878906,7027300,35.35799995422363,35.1349240017738,35.0255234854562,-0.24728473607474655,-0.18304431062700774,-0.06424042544773881,34.6580912786379,45.38961797436072,-1.3566973650232812,-38.923276571113426,-46.9878825900418,0.47391170549373357,35.807356089609875,35.123999786376956,34.44064348314404,487131800.0,152907147.20320585,-7245255.6230736375
2021-02-09,35.099998474121094,35.18000030517578,34.91999816894531,34.97999954223633,34.97999954223633,7969200,35.368399963378906,35.120169291341654,35.011809176490424,-0.22817087472876807,-0.1920696234473598,-0.03610125128140826,34.68971637813923,46.58793383135011,-0.9065147358084343,-14.189306163543055,-42.1687245351699,0.46006078219395796,35.80095884369694,35.114999771118164,34.42904069853939,495101000.0,148616093.4751035,-7761342.134056777
2021-02-10,35.220001220703125,35.220001220703125,34.97999954223633,35.13999938964844,35.13999938964844,8385650,35.38959991455078,35.12205787213278,35.01419009254092,-0.19783186875555714,-0.1932220725089993,-0.004609796246557829,34.76088646771053,48.99842059265424,0.11396272725435033,16.243996086347774,-30.86421788058106,0.444342274784875,35.78088652323742,35.10399971008301,34.4271128969286,503486650.0,151411221.2848468,-6377533.027808189
2021-02-11,35.13999938964844,35.15999984741211,34.70000076293945,34.81999969482422,34.81999969482422,8365700,35.40799987792969,35.09329042667482,34.987142472040084,-0.19733453923254274,-0.19404456585370802,-0.003289973378834715,34.73943987578568,44.65756725972948,-0.7977173546127517,-35.20553714199103,-50.61729848612933,0.4454606183340022,35.76772118629648,35.08299961090088,34.39827803550528,495120950.0,147410204.16511485,-6504704.474456817
2021-02-12,34.63999938964844,34.900001525878906,34.540000915527344,34.720001220703125,34.720001220703125,8423050,35.41079986572266,35.05773907372513,34.952571196783154,-0.20267315319161128,-0.1957702833212887,-0.00690286987032257,34.698920943942305,43.36468863338809,-1.0826133046647772,-70.16930764068971,-56.79004787212749,0.4393563320495422,35.757244427722405,35.05799961090088,34.35875479407935,486697900.0,147410204.16511485,-5965392.38677153
2021-02-16,34.20000076293945,34.58000183105469,34.099998474121094,34.20000076293945,34.20000076293945,12619850,35.397999877929685,34.97604971079316,34.87085702078683,-0.24602768038066358,-0.20582176273316372,-0.04020591764749987,34.53384413779014,37.31490225949122,-3.4443745597804662,-143.7109155838971,-88.88886272496721,0.45225964737329144,35.814932275287696,35.02799968719482,34.24106709910195,474078050.0,140048708.57582772,-7544750.366876066
2021-02-17,33.959999084472656,34.040000915527344,33.720001220703125,33.84000015258789,33.84000015258789,15504850,35.37239990234375,34.86785451477361,34.75771420796712,-0.30590916569493487,-0.22583924332551797,-0.0800699223694169,34.3086814278285,33.79932953094814,-3.2590034435876825,-172.4223691024607,-93.75004967058467,0.45424106843493695,35.905541505588964,34.964999771118165,34.02445803664737,458573200.0,136172403.65963194,-8738334.70781055
2021-02-18,33.939998626708984,34.02000045776367,33.70000076293945,33.81999969482422,33.81999969482422,9305100,35.34799987792969,34.76805881763558,34.648666581653416,-0.35093419309103524,-0.25085823327862145,-0.1000759598124138,34.123361062926065,33.609876274660074,-3.150053069302085,-137.59142767371557,-93.81448366856156,0.44465239889131425,35.88114794823096,34.87299976348877,33.86485157874658,449268100.0,133846073.19686103,-9172421.202909887
2021-02-19,33.900001525878906,34.15999984741211,33.880001068115234,33.959999084472656,33.959999084472656,10102150,35.316399841308595,34.69110074781054,34.56171413603283,-0.3710429191634219,-0.27489517045558154,-0.09614774870784037,34.01299878952398,36.30137950755041,-0.6436548236946938,-93.54679632608911,-86.59801517621358,0.4371772384410697,35.80742751435578,34.78899974822998,33.77057198210419,459370250.0,129516462.36988555,-9893749.01376909
2021-02-22,34.2599983215332,34.540000915527344,34.20000076293945,34.459999084472656,34.459999084472656,7763100,35.2923998260498,34.669091065587885,34.530380739484514,-0.34268316985644276,-0.2884527703357538,-0.05423039952068898,34.05785953420903,44.89388412682667,-0.23162081335881765,-24.703084801070798,-50.000125483424895,0.4473789950563281,35.733213188465605,34.74299964904785,33.7527861096301,467133350.0,133626256.8643823,-7981744.050528988
2021-02-23,34.459999084472656,34.52000045776367,34.220001220703125,34.400001525878906,34.400001525878906,10968900,35.27839988708496,34.643463490377506,34.497714251563664,-0.32134490177034536,-0.29503119662267213,-0.026313705147673228,34.08438430286274,44.12471835247533,-1.4326646938088012,-22.28641238519978,-53.947332096903324,0.4368518694852009,35.64966396630884,34.693999671936034,33.738335377563224,456164450.0,135820092.65523463,-5775908.445702374
2021-02-24,34.08000183105469,34.400001525878906,33.97999954223633,34.36000061035156,34.36000061035156,9274300,35.26559989929199,34.61646702561313,34.46590481712705,-0.30415579152536054,-0.29685611560320985,-0.007299675922150695,34.10058309652458,43.58851944608795,-1.7724383647751416,-39.477413429076776,-56.578970483788794,0.4356483062107278,35.57075417192882,34.646999740600585,33.72324530927235,446890150.0,143327827.23257726,-1959613.9286004305
2021-02-25,33.959999084472656,34.099998474121094,33.63999938964844,33.720001220703125,33.720001220703125,15192700,35.23839988708496,34.53108932990742,34.37761924380348,-0.33827645940765194,-0.3051401843640983,-0.033136275043553653,33.952306132863654,36.04199315839184,-4.040973800823731,-109.89978739314796,-94.93659883917448,0.4559592286744705,35.56039593139706,34.577999877929685,33.59560382446231,431697450.0,133419676.09231223,-3372849.3590884805
2021-02-26,33.560001373291016,33.58000183105469,32.720001220703125,32.880001068115234,32.880001068115234,19466700,35.19839988708496,34.373842828784355,34.2159050714402,-0.4281627332038269,-0.329744694132044,-0.09841803907178293,33.61760805011324,28.956035402243312,-5.57150673093588,-186.69453425767605,-93.60000610351562,0.49481928376915113,35.66615037592462,34.467000007629395,33.267849639334166,412230750.0,121196387.29952998,-7533596.709347159
2021-03-01,33.15999984741211,33.220001220703125,32.7599983215332,32.84000015258789,32.84000015258789,16694350,35.147599868774414,34.2277625739085,34.060952704293385,-0.49689806082747623,-0.36317536747113044,-0.1337226933563458,33.33882008152404,28.66700249380514,-5.414749429773096,-162.27306412567063,-95.20004272460938,0.49233239915492044,35.70905506298158,34.354000091552734,32.99894512012389,395536400.0,110308864.04204783,-12015060.142802104
2021-03-02,32.91999816894531,33.13999938964844,32.779998779296875,33.02000045776367,33.02000045776367,15265900,35.09679985046387,34.112737610466134,33.933905120123,-0.5307288708225499,-0.3966860681414143,-0.1340428026811356,33.16415624534515,31.9583303797054,-3.450293213017933,-131.32750078656977,-88.00003051757812,0.4828801285261092,35.61501965185461,34.23400020599365,32.852980760132695,410802300.0,115397605.21739645,-11136962.978622556
2021-03-03,32.65999984741211,32.880001068115234,32.439998626708984,32.68000030517578,32.68000030517578,14944600,35.031599884033206,33.97628643853372,33.78590512956892,-0.5783088182237321,-0.43301061815787795,-0.1452982000658542,32.94065252316182,29.216160414988902,-3.42789551472091,-144.22887269818614,-91.17641283981645,0.4898173929924362,35.61097708087595,34.11900024414062,32.6270234074053,395857700.0,116756228.77475531,-9333000.9178783
2021-03-04,32.65999984741211,32.84000015258789,32.20000076293945,32.34000015258789,32.34000015258789,20464000,34.96119987487793,33.820449649396025,33.61647654942104,-0.6361186602034792,-0.4736322265669982,-0.16248643363648096,32.67778251727008,26.744809171275293,-4.37610749731268,-132.0927997879975,-94.81483888560008,0.5005446784678649,35.62220122365312,33.990000343322755,32.35779946299239,375393700.0,105245198.28098996,-11409162.421237513
2021-03-05,32.47999954223633,32.5,32.2400016784668,32.36000061035156,32.36000061035156,13323700,34.892799911499026,33.681359264725124,33.46123847961426,-0.6725665778280714,-0.5134190968192128,-0.15914748100885856,32.476871603546634,27.135267075225215,-4.711420839974793,-115.66662111087918,-93.27732035268303,0.48336279582967473,35.6752648528661,33.899000358581546,32.12273586429699,388717400.0,104220268.20630944,-11547418.748988494
2021-03-08,32.2599983215332,32.279998779296875,31.940000534057617,32.040000915527344,32.040000915527344,14372400,34.8231999206543,33.525039421944385,33.284190913609095,-0.7189851034421224,-0.5545322981437948,-0.16445280529832762,32.23919329563158,24.852795524909084,-7.022629812070251,-119.37779409337875,-96.15383204624,0.47883688729140833,35.69795851735478,33.774000358581546,31.850042199808314,374345000.0,98302297.0321059,-12437203.643134236
2021-03-09,32.70000076293945,32.79999923706055,32.619998931884766,32.720001220703125,32.720001220703125,12841150,34.763199920654294,33.44836911706427,33.18381004333496,-0.6929142931434669,-0.5822086971437292,-0.11070559599973762,32.231381207011275,36.98311949972036,-4.883721600744487,-53.27106845088663,-69.99997799213439,0.498919846880108,35.56833901370778,33.66500034332275,31.761661672937723,387186150.0,99729393.85319689,-11216475.416470885
2021-03-10,32.7400016784668,32.900001525878906,32.68000030517578,32.86000061035156,32.86000061035156,10226000,34.70359992980957,33.39233402118686,33.10714340209961,-0.6534239429586819,-0.5964517463067198,-0.05697219665196207,32.27170677999241,39.160560969853904,-4.365541249577563,-38.526111981821415,-64.6153868726016,0.47899708786746636,35.39244373505646,33.559000396728514,31.725557058400568,397412150.0,106236783.92116748,-7626873.809711516
2021-03-11,32.81999969482422,32.939998626708984,32.7599983215332,32.86000061035156,32.86000061035156,8410450,34.645999908447266,33.341635601107306,33.040571993873236,-0.6150377832075407,-0.6001689536868839,-0.014868829520656712,32.31442162609366,39.160560969853904,-2.5504169015971048,-29.51910789104021,-64.6153868726016,0.45764017481806024,35.150092568962165,33.44500045776367,31.73990834656517,397412150.0,107171476.41046515,-5167646.104923278
2021-03-12,32.41999816894531,32.880001068115234,32.400001525878906,32.880001068115234,32.880001068115234,11392500,34.587199935913084,33.297670407489015,32.98676252819243,-0.5763587009232722,-0.5954069031341617,0.01904820221088943,32.36347628993312,39.506881884879355,0.0,-38.61173382969652,-63.565869695556096,0.45923727249079366,34.946569712491865,33.34800052642822,31.74943134036458,408804650.0,118563976.41046515,-66926.03433506191
2021-03-15,32.97999954223633,33.060001373291016,32.81999969482422,32.97999954223633,32.97999954223633,15507600,34.52479995727539,33.267416039369714,32.95171481541225,-0.531509300047901,-0.5826273825169095,0.05111808246900851,32.437681094226974,41.30586202379579,0.4263075182641408,8.661214957818574,-57.72363459866998,0.44357758720336526,34.73604455983715,33.26100044250488,31.785956325172613,424312250.0,123733012.08717182,3670509.531160891
2021-03-16,33.02000045776367,33.18000030517578,32.900001525878906,33.02000045776367,33.02000045776367,10753600,34.46,33.24385265064533,32.928762435913086,-0.4871228382938071,-0.563526473672289,0.07640363537848194,32.51607729591829,42.04827914075536,0.0,52.447707242701185,-49.99995584836917,0.431893386638616,34.61518938101277,33.20200042724609,31.788811473479413,435065850.0,122196741.6566541,4376964.440866247
2021-03-17,33.0,33.380001068115234,32.84000015258789,33.2400016784668,33.2400016784668,13581300,34.382800064086915,33.243485891390236,32.93238160269601,-0.42924590805096585,-0.5366703605480244,0.10742445249705856,32.64372083866799,46.08736987723333,1.7135904775445303,110.33823313529497,-20.73170022550891,0.43961535298781085,34.554889915774545,33.17200050354004,31.78911109130554,448647150.0,128735928.74180648,6348713.300033614
2021-03-18,32.779998779296875,33.119998931884766,32.7599983215332,33.060001373291016,33.060001373291016,18655700,34.30040008544922,33.22601117538079,32.92171501886277,-0.39336804222742217,-0.508009896883904,0.1146418546564818,32.70695994408625,43.42082916091358,2.226348847575715,63.252845857649824,-22.222192787840655,0.44250021041250964,34.484976280300685,33.134000587463376,31.783024894626067,429991450.0,141173325.65190694,10535535.64108555
2021-03-19,33.060001373291016,33.2400016784668,33.040000915527344,33.220001220703125,33.220001220703125,9872800,34.23280014038086,33.22543879874482,32.92990555536179,-0.3480122559085501,-0.47601036868883323,0.1279981127802831,32.80479036376787,46.3900513455669,2.657603813754129,106.99990391089202,-11.111096393920327,0.4251788213072913,34.39495441942253,33.097000694274904,31.799046969127275,439864250.0,149071527.99030745,13803615.01181738
2021-03-22,33.02000045776367,33.18000030517578,32.97999954223633,33.13999938964844,33.13999938964844,6283400,34.1660001373291,33.217301712164215,32.93400066920689,-0.31489305650173804,-0.4437869062514142,0.12889384974967616,32.86793462263053,45.11515860388385,3.43320362886759,83.51673710868684,-16.666777045597534,0.41195188253297027,34.169454369506575,33.03100070953369,31.89254704956081,433580850.0,152841520.05195272,15085225.409293205
2021-03-23,33.02000045776367,33.040000915527344,32.86000061035156,32.880001068115234,32.880001068115234,9608200,34.118400192260744,33.185177841302405,32.919619750976565,-0.3060970477839291,-0.4162489345579172,0.11015188677398813,32.8552911797038,41.15654589194075,0.48899707042453194,32.314869452878966,-34.72220934468029,0.4025266608732492,33.90510607727357,32.955000686645505,32.00489529601744,423972650.0,145368520.85727632,11860363.972746015
2021-03-24,32.97999954223633,33.13999938964844,32.91999816894531,33.0,33.0,8116800,34.0752001953125,33.16754185641646,32.923905399867465,-0.2861447381505755,-0.3902280952764489,0.10408335712587341,32.878793669602146,43.615615866448955,0.4260480433598497,51.62784190617564,-26.38895327659856,0.392346065206103,33.58686083303228,32.88700065612793,32.18714047922358,432089450.0,143154950.48690596,8758569.724245608
2021-03-25,33.13999938964844,33.2599983215332,32.79999923706055,32.880001068115234,32.880001068115234,10037300,34.02560020446777,33.14015701943539,32.923238772437685,-0.2768242423984333,-0.3675473247008458,0.0907230823024125,32.8693831798465,41.73724563102563,0.06086566461405155,31.829789815472918,-34.72220934468029,0.3971784237251425,33.431498794602206,32.845000648498534,32.25850250239486,422052150.0,136608972.1262339,4610608.987441063
2021-03-26,32.880001068115234,33.099998474121094,32.86000061035156,33.0,33.0,6947850,33.98080017089844,33.12680873187012,32.93800061543782,-0.2567946030987045,-0.34539678038041755,0.08860217728171305,32.895034866107686,44.31965898252539,0.3649602432681559,18.06046945119069,-38.77563730775668,0.3859512408711703,33.441251416240036,32.85100059509277,32.260749773945506,429000000.0,137766983.93759546,2863027.9907777905
2021-03-29,32.86000061035156,32.86000061035156,32.5,32.599998474121094,32.599998474121094,7039750,33.928400115966795,33.07663632637021,32.91409565153576,-0.27008438516362787,-0.3303343013370596,0.06024991617343173,32.814278609035426,38.235863574035974,-1.1522167173731472,-175.24425190008998,-79.59213860592213,0.3940975808089438,33.439330616034866,32.83900051116943,32.238670406303996,421960250.0,134638139.85248548,892291.9204462171
2021-03-30,32.13999938964844,32.18000030517578,32.02000045776367,32.040000915527344,32.040000915527344,18350900,33.87320014953613,32.97790914438518,32.8380004519508,-0.3220908927642725,-0.3286856196225022,0.006594726858229705,32.60489491665136,31.679466861483036,-2.9678968160217285,-295.6125980560652,-98.5293787656094,0.4073761833481208,33.4769649570183,32.79000053405762,32.103036111096934,403609350.0,120875074.23247737,-4374192.980187103
2021-03-31,32.13999938964844,32.68000030517578,32.13999938964844,32.52000045776367,32.52000045776367,17962450,33.821600189208986,32.93429879327837,32.81228615897042,-0.32087561879419724,-0.3271236194568412,0.006248000662643971,32.56056396511124,41.01567095578244,-2.166068544965053,-125.0051053574726,-63.235310617195296,0.4239921266552863,33.47757520847047,32.78200054168701,32.086425874903554,421571800.0,128193137.61568426,-3802535.4557724446
2021-04-01,32.84000015258789,32.97999954223633,32.79999923706055,32.91999816894531,32.91999816894531,10177050,33.76680015563965,32.932936829056175,32.825428790137885,-0.2843581295348443,-0.31857052147244186,0.034212391937597564,32.631053210064756,47.45911208143796,-0.42348214921373506,4.978638578094677,-33.823727406343615,0.4265640522136699,33.47823049302283,32.811000442504884,32.14377039198694,431748850.0,131585343.82939172,-2143652.177262023
2021-04-05,32.86000061035156,33.040000915527344,32.79999923706055,32.900001525878906,32.900001525878906,9548600,33.71200019836426,32.929800133515485,32.83390508379255,-0.2541021863479429,-0.30567685444754206,0.05157466809959915,32.68629581281409,47.18162778329951,-0.9632741814133073,10.168167569128135,-35.29406814841409,0.41323816837460753,33.47296820342461,32.83800048828125,32.2030327731379,422200250.0,129994036.97093189,-1776465.5476302356
2021-04-06,33.099998474121094,33.2599983215332,33.099998474121094,33.220001220703125,33.220001220703125,9536950,33.66880020141602,32.95743833229526,32.87028610592797,-0.20197459496085202,-0.284936402550204,0.08296180758935201,32.816697433858046,52.016529124607686,0.2414056503563991,93.57040948304403,-11.764689382804693,0.40943521318029963,33.43652273696823,32.89700050354004,32.357478270111855,431737200.0,134762853.03916734,52594.599624067545
2021-04-07,33.119998931884766,33.220001220703125,33.040000915527344,33.099998474121094,33.099998474121094,8433800,33.62320014953613,32.971015488659624,32.889619245983305,-0.16840505334548084,-0.2616301327092594,0.09322507936377855,32.89382202412047,50.1621231446029,0.6690918456787939,71.8178980853133,-12.903235730238915,0.39304700546569116,33.45601531713762,32.91600036621094,32.375985415284255,423303400.0,131951348.05887657,-98504.61564843357
2021-04-08,33.380001068115234,33.52000045776367,33.380001068115234,33.459999084472656,33.459999084472656,9736100,33.58640014648437,33.01758535492753,32.94142864772252,-0.11146698711341685,-0.2315975035900909,0.12013051647667405,33.05113971116818,55.30938767905366,1.3939366196141099,151.64283011019864,-4.000091552734375,0.39497236104975453,33.534707256155464,32.946000289916995,32.357293323678526,433039500.0,133341992.09702371,291114.68257313967
2021-04-09,33.119998931884766,33.279998779296875,33.040000915527344,33.220001220703125,33.220001220703125,9017600,33.548800201416014,33.03686305642997,32.96752397446405,-0.0847322407409834,-0.20222445102026942,0.11749221027928602,33.11774928471817,51.4913512553876,1.0340636908239016,72.81046238071828,-19.99994913736979,0.3967599187565801,33.56301284178987,32.96400032043457,32.36498779907927,424021900.0,137850935.42919144,1858703.2118468583
2021-04-12,33.08000183105469,33.119998931884766,32.900001525878906,33.0,33.0,8773750,33.506800231933596,33.033352289150926,32.970952515375046,-0.08037055972760498,-0.17785367276173655,0.09748311303413157,33.11463891943272,48.20626272495602,0.0,25.702153517288473,-34.66669718424479,0.3912770456185543,33.567930048701896,32.97000026702881,32.37207048535572,415248150.0,137053294.1320057,2077221.4509136677
2021-04-13,33.18000030517578,33.31999969482422,33.15999984741211,33.220001220703125,33.220001220703125,12425550,33.46920028686523,33.051128377870185,32.9947621300107,-0.058487429535937,-0.15398042411657664,0.09549299458063965,33.16838779726914,51.53604850090137,1.9018490049139387,79.96667285443351,-19.99994913736979,0.3861858062761018,33.58980304428415,32.98200035095215,32.374197657620144,427673700.0,133947128.81836575,989451.6351997852
2021-04-14,33.119998931884766,33.15999984741211,33.0,33.099998474121094,33.099998474121094,10768550,33.42280029296875,33.05578267275122,33.006000046502976,-0.05024887222380414,-0.13323411373802216,0.08298524151421802,33.180343831941514,49.66061397107794,3.3083568299152266,38.08726017101647,-28.00013224283854,0.37431547873517484,33.595800241099454,32.98600025177002,32.37620026244059,416905150.0,136639073.76150286,1311032.6802059412
2021-04-15,33.380001068115234,33.720001220703125,33.36000061035156,33.63999938964844,33.63999938964844,13818300,33.39600028991699,33.11142236007476,33.068285678681875,-0.00014452924803265432,-0.10661619684002427,0.10647166759199161,33.329097906770045,57.2071846629894,3.444031107377744,140.47975861292736,-4.705987950049928,0.3918645692956646,33.67150421305894,33.0060001373291,32.34049606159927,430723450.0,144315776.94041187,3765991.1482517123
2021-04-16,33.79999923706055,33.939998626708984,33.7599983215332,33.81999969482422,33.81999969482422,14105500,33.37400032043457,33.178905915765185,33.14580944606236,0.05347165588089098,-0.07459862629584123,0.12807028217673222,33.49603552091771,59.39248709923513,2.73390515169564,161.18019767988906,-6.249950329415322,0.385302759850299,33.798357746777455,33.04400005340576,32.289642360034065,444828950.0,139614142.89641577,2931955.0395215154
2021-04-19,33.7400016784668,33.86000061035156,33.70000076293945,33.7400016784668,33.7400016784668,9686650,33.36520034790039,33.23234360745106,33.21209531511579,0.08848766678949005,-0.04198136767877497,0.13046903446826502,33.60961814492837,57.97546828748542,2.5531918347394376,127.16945963434848,-10.416517654912615,0.36920969467614256,33.88058005077385,33.070000076293944,32.25942010181404,435142300.0,134770933.37039235,783195.8695316017
2021-04-20,33.68000030517578,33.91999816894531,33.68000030517578,33.86000061035156,33.86000061035156,12760050,33.351600341796875,33.29212046487015,33.28733346121652,0.1244860212780452,-0.00868788988741094,0.13317391116545613,33.73073654579565,59.53504247337215,1.9265483628266147,120.87490339956359,-4.444336125834203,0.3599802781828132,33.98673623028656,33.106000137329104,32.22526404437165,447902350.0,141151161.1877303,1863030.890094906
2021-04-21,33.97999954223633,34.2599983215332,33.97999954223633,34.20000076293945,34.20000076293945,17827200,33.33760032653809,33.37858525516247,33.39152399698893,0.17839373544243387,0.028728435178558026,0.14966530026387584,33.91458043456114,63.65109495234323,3.323269907937867,153.01001297587766,-4.109424398400963,0.362838666254158,34.165692444373704,33.172000122070315,32.17830779976693,465729550.0,151338410.1904551,5376812.54572919
2021-04-22,33.97999954223633,34.08000183105469,33.86000061035156,34.0,34.0,8716200,33.31800033569336,33.43776761181366,33.47038112822033,0.20264167017501222,0.06351108217784887,0.13913058799716335,34.009048247663735,59.79786675821446,1.613870084586867,101.88001072522879,-17.808115381600608,0.36120734384942466,34.27491245582683,33.22200012207031,32.169087788313796,457013350.0,153715445.7293648,7081797.026711822
2021-04-23,34.060001373291016,34.08000183105469,33.720001220703125,33.81999969482422,33.81999969482422,8943300,33.29160034179687,33.47417066733848,33.52733346848261,0.2049710343511819,0.0918030726125155,0.11316796173866642,34.03499685405535,56.4837439439109,1.8061362193664434,69.86380171686517,-32.3529164270788,0.36112114859957734,34.34040867555513,33.26900005340576,32.19759143125639,448070050.0,149740561.4925149,5870755.054778695
2021-04-26,33.900001525878906,33.939998626708984,33.7599983215332,33.939998626708984,33.939998626708984,7216900,33.27400032043457,33.51853523489758,33.59123809451149,0.21403274689766505,0.11624900746954542,0.09778373942811963,34.08257390318372,58.14898726829371,2.8484806869969224,62.336311851971686,-23.529444763894926,0.34818394549787757,34.41811434938873,33.31599998474121,32.21388562009369,455286950.0,156957461.4925149,7137910.152189791
2021-04-27,33.959999084472656,34.0,33.81999969482422,33.84000015258789,33.84000015258789,7100500,33.25640029907227,33.54915094134427,33.641142872401645,0.2107161733572127,0.13514244064707887,0.07557373271013385,34.09083194590067,56.218331675980565,1.866342291096529,55.689834662647065,-30.88229106769701,0.33617082833201356,34.45115599101462,33.37800006866455,32.30484414631447,448186450.0,151434883.8211717,5250207.055504233
2021-04-28,33.720001220703125,33.959999084472656,33.65999984741211,33.939998626708984,33.939998626708984,9760050,33.25120025634766,33.586374530426625,33.69466654459635,0.2136934806459294,0.15085264864684897,0.06284083199908044,34.11886629920843,57.729741494225316,2.537764928432358,43.128544209694596,-23.529444763894926,0.33358714324119454,34.37891598219739,33.47299995422363,32.56708392624987,457946500.0,159893560.72629994,6692070.526173294
2021-04-29,33.68000030517578,33.81999969482422,33.439998626708984,33.79999923706055,33.79999923706055,9902950,33.25040023803711,33.606719740582236,33.725809333437965,0.2024228329868265,0.16116668551484448,0.04125614747198203,34.1009794168721,54.873655512822104,0.475623811876001,-0.3597881420352351,-33.823541786460595,0.3454737758668235,34.339523400093015,33.53699989318848,32.734476386283944,448043550.0,168754074.00793424,9492807.942314893
2021-04-30,33.7400016784668,33.7599983215332,33.619998931884766,33.70000076293945,33.70000076293945,9260050,33.24800025939941,33.6156036474734,33.7413332257952,0.18330865431563126,0.16559507927500183,0.017713575040629426,34.05608487344622,52.86193950228139,-0.3548164783192773,-14.475310559279574,-44.44430988704242,0.3336542422460348,34.32908406191178,33.57600002288818,32.82291598386458,438783500.0,170077226.6564356,10196584.733231008
2021-05-03,34.08000183105469,34.2599983215332,34.040000915527344,34.13999938964844,34.13999938964844,10807400,33.25160026550293,33.665546099109115,33.79504745120094,0.20134377624158617,0.17274481866831873,0.02859895757326744,34.129533304672364,59.83869122356341,1.18552961257534,133.30698764199119,-9.523737439487013,0.3498216219851573,34.36186722875214,33.63799991607666,32.91413260340118,449590900.0,169094701.67507583,9244909.5869703
2021-05-04,34.119998931884766,34.279998779296875,33.720001220703125,33.880001068115234,33.880001068115234,12690550,33.24000030517578,33.685970381871606,33.81809517996652,0.19243873470808381,0.17668360187627177,0.01575513283181204,34.118424060515125,54.68787002599757,0.05906809628809458,54.200788266461295,-43.47809861841342,0.36483418888577107,34.37555382265469,33.670999908447264,32.96644599423984,436900350.0,163655919.23161533,6284619.923583448
2021-05-05,33.900001525878906,34.040000915527344,33.880001068115234,34.040000915527344,34.040000915527344,4726700,33.23280029296875,33.7196875755531,33.85323813302176,0.1960323368932535,0.18055334887966812,0.015478988013585382,34.1470739460579,57.133262265035206,-0.4678358007099575,57.591723066971966,-28.57116906826036,0.3502031644947952,34.3885102788891,33.71800003051758,33.04748978214606,441627050.0,168382619.23161533,6006213.250053972
2021-05-06,34.15999984741211,34.63999938964844,34.15999984741211,34.599998474121094,34.599998474121094,12174950,33.23760025024414,33.803526708750056,33.937237984793526,0.24128602035186475,0.19269988317410747,0.04858613717775728,34.31217177238761,64.37912197062546,1.7647013944738053,233.96626741273283,-3.3334075079552328,0.36804568661095943,34.53582807542773,33.775,33.01417192457227,453802000.0,178528362.51933122,8574491.270605713
2021-05-07,34.880001068115234,35.099998474121094,34.779998779296875,34.900001525878906,34.900001525878906,11410450,33.26120025634766,33.90795288180995,34.04438098725819,0.2979233545938271,0.21374457745805142,0.0841787771357757,34.52120530445814,67.54421066856371,3.1933821431109295,264.0462017208404,-12.048010037710355,0.3774709947101766,34.720484958683194,33.859000015258786,32.99751507183438,465212450.0,175675954.0542715,7938066.742802829
2021-05-10,35.15999984741211,35.15999984741211,34.939998626708984,35.040000915527344,35.040000915527344,9848250,33.304400253295896,34.01576698025922,34.15685726347424,0.35007023894802103,0.24100970975604535,0.10906052919197567,34.72392476523044,68.93156010955671,3.241020428187984,200.08725882380685,-6.976677134898246,0.3690800894832499,34.87309473289635,33.96100006103516,33.04890538917397,475060700.0,174780813.83891568,6671251.48174271
2021-05-11,34.720001220703125,35.040000915527344,34.63999938964844,35.040000915527344,35.040000915527344,11104200,33.348400268554684,34.11331306933238,34.25961924961635,0.3869366555907874,0.27019509892299376,0.11674155666779362,34.884331292566515,68.93156010955671,3.5461015293396323,128.804077182071,-6.976677134898246,0.3712887635115111,35.01211744175995,34.05200004577637,33.09188264979279,475060700.0,185885013.83891568,9079686.012968779
2021-05-12,34.86000061035156,34.959999084472656,34.63999938964844,34.68000030517578,34.68000030517578,14384800,33.38160026550293,34.16728328226985,34.31942879813058,0.38269306831031,0.292694692800457,0.08999837550985301,34.91607391104057,61.13775349050806,2.1803232422185626,83.82125873526194,-27.906930324160328,0.3733396751091822,35.02233443089313,34.1310001373291,33.239665843765074,460675900.0,175096499.57908687,5806819.600982249
2021-05-13,34.63999938964844,34.84000015258789,34.619998931884766,34.84000015258789,34.84000015258789,9551950,33.42480026245117,34.23135155563347,34.38695260910761,0.38777066646463254,0.3117098875332921,0.07606077893134044,34.97720810254282,63.13288569201567,3.0769258550367606,71.07843457144173,-18.60462021610688,0.3623869283658924,35.103357924418646,34.19100017547608,33.27864242653351,470227850.0,184648449.57908687,6979283.832353026
2021-05-14,35.0,35.13999938964844,34.939998626708984,35.119998931884766,35.119998931884766,7568450,33.480400238037106,34.315984639085976,34.47542868114653,0.4096658876808448,0.33130108756280263,0.07836480011804214,35.09363533637121,66.38522083068445,4.21364432284201,96.92756768268994,-2.3256329731552006,0.35793066470122487,35.23609000486422,34.2560001373291,33.27591026979399,477796300.0,190703180.70785147,8750953.301397711
2021-05-17,35.2400016784668,35.599998474121094,35.2400016784668,35.560001373291016,35.560001373291016,8593950,33.5444002532959,34.43446242329598,34.599619275047665,0.45725161600879716,0.35649119325200157,0.10076042275679559,35.29670521863894,70.75177885195133,4.159349762827283,128.7314282623484,-1.8517177618321834,0.3666498702394465,35.44894618350972,34.34700012207031,33.245054060630906,486390250.0,197387485.46196026,10807010.20582354
2021-05-18,35.619998931884766,35.63999938964844,35.47999954223633,35.599998474121094,35.599998474121094,7375800,33.615600204467775,34.5454658567079,34.71895245143345,0.4925136890839923,0.38369569241839974,0.10881799666559255,35.46646245116854,71.11904310659258,5.0767336239093686,122.85140725869067,-1.8182228025183877,0.35188915432320816,35.638398813758755,34.43400001525879,33.22960121675882,493766050.0,201075297.5354886,11839063.67140916
2021-05-19,35.63999938964844,36.0,35.459999084472656,35.63999938964844,35.63999938964844,14858400,33.67400016784668,34.649707145559375,34.83380953470866,0.5177189340244794,0.4105003407396157,0.10721859328486372,35.60835688221357,71.50441749144683,4.7003479174151686,127.53938681276054,-15.12606927679463,0.36532570869493214,35.8135840829187,34.50599994659424,33.19841581026977,508624450.0,196122497.5354886,9609097.937202454
2021-05-20,35.68000030517578,35.900001525878906,35.619998931884766,35.79999923706055,35.79999923706055,12443150,33.73280014038086,34.75925877332139,34.95704756237212,0.5443302227711229,0.4372663171459171,0.10706390562520574,35.75816976152574,73.05327537570969,3.468210450462846,124.39945787492289,-8.771967983295637,0.35923120050201846,35.996376980734595,34.59599990844727,33.19562283615994,521067600.0,199677562.16199234,8954441.796441615
2021-05-21,35.91999816894531,35.97999954223633,35.619998931884766,35.84000015258789,35.84000015258789,12251350,33.792400131225584,34.86218652372772,35.07552377609979,0.5621672858737128,0.4622465108914763,0.0999207749822365,35.88301924191264,73.44193154325852,2.6934056894294414,111.73333933512622,-7.017540924361876,0.35928615834841443,36.1493511220845,34.69699993133545,33.2446487405864,533318950.0,202400142.08188385,8738863.186419308
2021-05-24,35.81999969482422,35.93000030517578,35.77000045776367,35.880001068115234,35.880001068115234,12615900,33.852400131225586,34.95912124224082,35.188190551031205,0.5729266842910476,0.4843825455713906,0.08854413871965705,35.98718063599677,73.84813805209613,2.3972606468045488,100.8515798852634,-5.660329827528809,0.3450514218529641,36.28965242926949,34.79400005340576,33.29834767754203,545934850.0,207131217.3769271,9361571.968340367
2021-05-25,35.84000015258789,36.20000076293945,35.810001373291016,36.20000076293945,36.20000076293945,11199400,33.91680015563965,35.07730024421212,35.3220953805106,0.6003543745550886,0.5075769113681302,0.09277746318695834,36.14691466526478,76.89294217654731,3.3105017611402983,113.80838606302825,0.0,0.3482619909812122,36.45945749448687,34.91200008392334,33.36454267335981,557134250.0,218330617.3769271,12328709.927458972
2021-05-26,36.290000915527344,36.33000183105469,36.02000045776367,36.13999938964844,36.13999938964844,13968800,33.97920013427734,35.17850968663463,35.439047695341564,0.6102152260429676,0.5281045743030978,0.08211065173986987,36.25337772217195,75.1267114623707,4.209916584847204,113.49978696819946,-11.111235045185119,0.3455290897176267,36.59007649021874,35.02200012207031,33.45392375392188,543165450.0,215176228.0481878,11418077.949094176
2021-05-27,36.08000183105469,36.16999816894531,35.959999084472656,36.15999984741211,36.15999984741211,8244300,34.03760009765625,35.271984940042,35.54742862156459,0.6125824228303642,0.5450001440085511,0.06758227882181311,36.33679641741007,75.33013033249344,3.788747672339405,91.68891303839082,-9.941619615095465,0.33584837505727166,36.67737418317371,35.14000015258789,33.602626122002064,551409750.0,222635484.9855175,12380939.533541292
2021-05-28,36.11000061035156,36.290000915527344,36.060001373291016,36.2599983215332,36.2599983215332,10595900,34.10160003662109,35.36608145256498,35.6540951138451,0.6154331541711073,0.5590867460410623,0.05634640813004499,36.422127744329345,76.37064456652026,3.246012028244836,96.40273688597696,-4.0937655459804105,0.32828774414149003,36.72887051285688,35.26800003051758,33.807129548178274,562005650.0,230466992.6514157,14141140.845097154
2021-06-01,36.369998931884766,36.380001068115234,36.040000915527344,36.20000076293945,36.20000076293945,14342200,34.16120002746582,35.44550233926731,35.74285708836147,0.6058670198730951,0.5684428008074689,0.03742421906562621,36.46761161217043,74.34457050697614,1.799773242216854,88.835449602606,-10.22727765327045,0.3291243447448044,36.789081370998886,35.371000099182126,33.952918827365366,547663450.0,229623314.89670062,13307222.019224554
2021-06-02,36.27000045776367,36.369998931884766,36.209999084472656,36.369998931884766,36.369998931884766,9406500,34.225800018310544,35.5335496338023,35.83799983433315,0.6050288253403906,0.5757600057140533,0.029268819626337317,36.540317325632834,76.26588005659409,2.162922726874308,102.1554096976533,-0.5683025051259949,0.31775818933055494,36.80084964333829,35.495499992370604,34.19015034140292,557069950.0,239029814.89670062,14749303.22507447
2021-06-03,35.779998779296875,35.779998779296875,35.529998779296875,35.63999938964844,35.63999938964844,14038900,34.280999984741214,35.54368770578765,35.85176168169294,0.5392436231168318,0.568456729194609,-0.029213106077777162,36.40208670491994,56.647544160032545,0.0,-49.22562068364238,-51.38891832323147,0.35506118670607895,36.6974706210124,35.57549991607666,34.45352921114092,543031050.0,237345215.44601703,13462390.87269786
2021-06-04,35.91999816894531,36.119998931884766,35.91999816894531,36.040000915527344,36.040000915527344,11703000,34.34180000305176,35.59095563052476,35.89599987211682,0.5134662374207153,0.5574586308398303,-0.04399239341911498,36.38497649080486,62.36094089257851,0.6703957641941638,29.84240426577438,-29.82459075638125,0.3639853549582396,36.69196823558916,35.64750003814697,34.60303184070479,554734050.0,239686083.30540782,12456894.604468346
2021-06-07,36.0,36.18999862670898,35.93000030517578,36.18999862670898,36.18999862670898,9566400,34.407999954223634,35.648007344447066,35.94766640436082,0.4993844422553835,0.545843793122941,-0.04645935086755748,36.403060561538965,64.26292693332144,0.9765582383676814,43.74977924220751,-20.652394753974058,0.35655770971359363,36.72263485637568,35.71199989318848,34.701364930001276,564300450.0,249252483.30540755,13956964.80342269
2021-06-08,36.060001373291016,36.119998931884766,35.88999938964844,36.06999969482422,36.06999969482422,13294200,34.46939994812012,35.68819709210203,35.98176162356422,0.47308814159367785,0.5312926628170883,-0.058204521223410466,36.38035992077341,61.58191239027595,0.5295390776279175,10.034674675447208,-33.695728792194814,0.3525178188098041,36.73617156524811,35.76349983215332,34.79082809905854,551006250.0,256766673.0421929,15692693.455297321
2021-06-09,36.09000015258789,36.16999816894531,35.959999084472656,36.0099983215332,36.0099983215332,8353200,34.53759994506836,35.71884482823833,36.00523767017183,0.4423078746407043,0.5134957051818115,-0.07118783054110722,36.340266614102944,60.22886855827152,-0.5248686116072384,9.836806467242347,-43.529617678605895,0.3423379092142936,36.730772533607514,35.81199970245361,34.89322687129971,542653050.0,252391143.97407302,13583941.977089942
2021-06-10,35.95000076293945,36.18000030517578,35.900001525878906,36.15999984741211,36.15999984741211,11570800,34.619999923706054,35.760859591969165,36.038380541120254,0.4251176689825229,0.4958200979419538,-0.07070242895943091,36.34096698179823,62.45006540845874,0.055341610684699116,17.681061203224264,-25.88242685898673,0.3378851142201923,36.65422869614,35.88599967956543,35.11777066299086,554223850.0,262308927.50540817,14642025.49805811
2021-06-11,35.86000061035156,35.91999816894531,35.70000076293945,35.7599983215332,35.7599983215332,10286900,34.684799880981444,35.76077756621336,36.026380411783855,0.37489595970463085,0.47163527029448926,-0.09673931058985841,36.23287605464511,53.8182982246875,-1.1061989147312827,-135.02423235878354,-72.94130318683439,0.34660754066679683,36.53703191934405,35.931999588012694,35.326967256681336,543936950.0,257632901.71254867,12255958.231811821
2021-06-14,35.22999954223633,35.61000061035156,35.189998626708984,35.54999923706055,35.54999923706055,11051100,34.73739990234375,35.74070343962738,35.98999942597889,0.31452408433292334,0.4402130331021761,-0.12568894876925274,36.08564383062642,49.91744503671291,-1.9580780952519221,-228.62610889861102,-69.74790993486178,0.3625641231066127,36.464900580829045,35.95349960327148,35.44209862571392,532885850.0,265526487.21404275,12677257.170476317
2021-06-15,35.560001373291016,35.58000183105469,35.2599983215332,35.40999984741211,35.40999984741211,11044700,34.787599868774414,35.7092078594164,35.93823754446847,0.25247181944771313,0.40266479037128355,-0.15019297092357042,35.925515696441614,47.44831553750863,-2.1823229250760807,-164.47254769198565,-81.51254039082936,0.3595240792791035,36.4839736720751,35.94599952697754,35.40802538187997,521841150.0,264836185.23519024,11477487.27297908
2021-06-16,35.369998931884766,35.470001220703125,34.79999923706055,34.81999969482422,34.81999969482422,15669900,34.819599838256835,35.624521367550486,35.830999465215776,0.1539126616309403,0.3529143646232149,-0.1990017029922746,35.6391885963253,38.74936641910607,-4.261752220459091,-190.42436555675238,-98.73414970979361,0.3817010724479231,36.623214624522475,35.906999588012695,35.190784551502915,506171250.0,250101820.29557046,5255057.354762137
2021-06-17,33.97999954223633,34.099998474121094,33.65999984741211,33.75,33.75,13137800,34.832599868774416,35.44599552302187,35.625570933024086,-0.010416143215820739,0.2802482630554078,-0.2906644062712285,35.12645204157433,28.532771693053665,-5.3030286813006615,-271.1241419163412,-96.69117234570118,0.4372938420882222,36.99297182275452,35.812499618530275,34.63202741430603,493033450.0,242338600.72784638,-238329.96103534102
2021-06-18,33.790000915527344,33.90999984741211,33.560001373291016,33.560001373291016,33.560001373291016,13674600,34.83459991455078,35.26637703257131,35.41104729062035,-0.15420166546040548,0.19335827735224514,-0.3475599428126506,34.658882790449766,27.16323238797855,-6.881241618303772,-201.79064077259923,-100.0,0.43105845866199877,37.23609639690075,35.7004997253418,34.16490305378285,479358850.0,228664000.72784638,-6814967.502858371
2021-06-21,33.88999938964844,34.029998779296875,33.779998779296875,33.970001220703125,33.970001220703125,13314300,34.84959991455078,35.14291266953625,35.24623790922619,-0.23239031568227375,0.10820855874534138,-0.34059887442761516,34.3865100069245,34.472472627587116,-6.134284305740337,-134.24181188613602,-85.4092454223593,0.4338398120437031,37.31525067329478,35.60699977874756,33.89874888420034,492673150.0,235587696.77276826,-6682873.437232763
2021-06-22,33.849998474121094,33.959999084472656,33.779998779296875,33.83000183105469,33.83000183105469,11310000,34.86619995117187,35.01787354206182,35.07700000944592,-0.3021689494670099,0.02613305710287113,-0.328302006569881,34.133083587124084,33.24564522214294,-6.210141066596556,-110.36877733462762,-89.73381217745465,0.4164228569981707,37.37338572845348,35.50449981689453,33.63561390533558,481363150.0,230561402.95680588,-7620576.3120800555
2021-06-23,33.959999084472656,34.189998626708984,33.77000045776367,33.79999923706055,33.79999923706055,14041000,34.877799911499025,34.90188551301408,34.9146666208903,-0.35578866777120055,-0.050251287871943204,-0.30553737989925733,33.9248477015011,32.97480657471023,-6.137181859159167,-86.8015251754806,-90.87459641040961,0.41667823642296653,37.3642609911867,35.38449974060059,33.40473849001448,467322150.0,218526187.2256524,-11140789.192422807
2021-06-24,33.9900016784668,34.02000045776367,33.77000045776367,33.77000045776367,33.77000045776367,8691800,34.89119995117188,34.794086936323566,34.76090478442964,-0.39613691188197464,-0.11942841267394949,-0.27670849920802515,33.75451650283796,32.68806246155155,-6.609511614307942,-77.18023849436008,-92.0152355976897,0.40477264810704033,37.332506823480195,35.26599979400635,33.1994927645325,458630350.0,209834387.2256524,-14333649.9896155
2021-06-25,34.08000183105469,34.08000183105469,33.83000183105469,33.880001068115234,33.880001068115234,7620800,34.89599998474121,34.70703113935134,34.62890490577335,-0.41445942582240036,-0.1784346153036397,-0.23602481051876067,33.652159508299945,34.922754151789086,-5.257263259673901,-61.371987888934044,-87.78626621065,0.39800327133446717,37.25979933152529,35.1519998550415,33.04420037855772,466251150.0,205261860.71198052,-15791656.025579393
2021-06-28,33.90999984741211,33.959999084472656,33.84000015258789,33.880001068115234,33.880001068115234,10486700,34.89720001220703,34.62826637066219,34.50776216416132,-0.42409148744726366,-0.2275659897323645,-0.19652549771489916,33.57722425301929,34.922754151789086,-4.69760395157577,-55.904304336021795,-87.78626621065,0.3781458185166313,37.1458745334263,35.032999992370605,32.92012545131491,466251150.0,201766516.28943545,-16064662.990594476
2021-06-29,33.439998626708984,33.630001068115234,33.369998931884766,33.529998779296875,33.529998779296875,13182600,34.89299995422363,34.52366945719883,34.36461919148763,-0.45472543355541717,-0.27299787849697504,-0.18172755505844213,33.433990449697546,31.111314562998125,-5.309237718770088,-78.06399290847678,-94.30605803495673,0.3875641269247626,37.03781092994466,34.89949989318848,32.76118885643229,453068550.0,204808505.9722313,-13748017.941702455
2021-06-30,33.4900016784668,33.790000915527344,33.43000030517578,33.709999084472656,33.709999084472656,9652000,34.88999992370606,34.446177040748715,34.25133340018136,-0.4591853335571301,-0.3102353695090061,-0.148949964048124,33.37245162465239,35.038007415821866,-3.1878248709937735,-62.95457391315646,-86.66665669359894,0.38559530431239114,36.85267512074949,34.76649990081787,32.68032468088625,462720550.0,210170637.28236565,-9844347.010140032
2021-07-01,33.91999816894531,33.95000076293945,33.66999816894531,33.810001373291016,33.810001373291016,19208800,34.882199935913086,34.38558888194322,34.16023830232166,-0.4494692853500908,-0.3380821526772231,-0.1113871326728677,33.35711669066863,37.180383432206426,0.17778184678819445,-41.78162524223268,-80.35704858456106,0.3780529678610875,36.76042938890118,34.675,32.589570611098814,481929350.0,210170898.97907278,-7352366.815535843
2021-07-02,34.060001373291016,34.130001068115234,33.849998474121094,34.040000915527344,34.040000915527344,10053600,34.882999954223635,34.35267574228457,34.09976219903855,-0.4183872979399652,-0.35414318172977155,-0.06424411621019366,33.41304928217262,41.92425441530115,1.4302727133329007,-3.006266437730404,-69.68320793179814,0.37390630550131115,36.57924923691414,34.575,32.57075076308587,491982950.0,213761519.32484463,-4522053.2790398
2021-07-06,34.43000030517578,34.52000045776367,34.08000183105469,34.220001220703125,34.220001220703125,9728800,34.890999984741214,34.34004007356253,34.06595279148647,-0.37490836838308184,-0.35829621906043363,-0.016612149322648206,33.513774142690856,45.39934698548313,0.7359434530948344,104.35085953485323,-59.523744648076395,0.38148439383952665,36.34244943760715,34.47650012969971,32.610550821792266,501711750.0,210223766.20241848,-4078750.70951432
2021-07-07,34.33000183105469,34.43000030517578,34.220001220703125,34.34000015258789,34.34000015258789,14872300,34.89900001525879,34.34003627156494,34.05295279366629,-0.3269986555783788,-0.3520367063640227,0.02503805078564386,33.63474149279843,47.648353688241635,1.5075326453723203,195.96598200614596,-15.65217968195418,0.3692354431704645,36.10689156192593,34.39000015258789,32.67310874324985,516584050.0,212348303.29960287,-2850615.062921196
2021-07-08,34.54999923706055,34.560001373291016,34.15999984741211,34.33000183105469,34.33000183105469,12927700,34.90880004882813,34.33908061056397,34.04723866780599,-0.28653366230010135,-0.33893609755123844,0.05240243525113708,33.73756861571253,47.47289574325663,1.568055047211394,157.32716031547497,-19.32765297225214,0.37143302050678173,35.85368678714367,34.306000328063966,32.75831386898426,503656350.0,210409234.60098186,-2706025.5149742067
2021-07-09,34.349998474121094,34.5099983215332,34.31999969482422,34.43000030517578,34.43000030517578,6481300,34.91860008239746,34.34773962909843,34.059048189435686,-0.2435878928524744,-0.3198664566114856,0.07627856375901121,33.85312666894458,49.47675552214674,1.9543969157997936,138.77493019752507,-10.924437092886086,0.35847342094979623,35.51604064989137,34.219500350952146,32.92296005201292,510137650.0,211432693.6428836,-2075226.867029488
2021-07-12,34.33000183105469,34.41999816894531,34.11000061035156,34.400001525878906,34.400001525878906,7361600,34.93060012817383,34.35271695260133,34.07623877752395,-0.20955805709977682,-0.29780477670914385,0.08824671960936703,33.94449845468506,48.87438999183285,1.5348301103008195,85.76931974197795,-13.445337744268349,0.3557252976551121,35.24439125103716,34.15150051116943,33.058609771301704,502776050.0,217844561.72715217,411623.95821782947
2021-07-13,34.47999954223633,34.56999969482422,34.369998931884766,34.45000076293945,34.45000076293945,10917400,34.94560012817383,34.36198207739544,34.10466737293062,-0.17651983573771446,-0.273547788514858,0.09702795277714354,34.036006532163654,49.9677259211665,1.6824075467950632,104.53511720866038,-9.999904632628997,0.34460211660399365,34.99592870891361,34.09650058746338,33.197072466013154,513693450.0,215661248.3128204,696861.0314209461
2021-07-14,34.779998779296875,34.79999923706055,34.650001525878906,34.79999923706055,34.79999923706055,15357500,34.95880012512207,34.403697997363544,34.17166724432082,-0.12070346111404007,-0.24297892303469443,0.12227546192065436,34.204725370894664,56.91381868440442,3.787654351326236,140.49666660284032,0.0,0.3449875707123579,34.81378123804757,34.0660005569458,33.318219875844036,529050950.0,231018748.3128204,5636675.194874883
2021-07-15,34.779998779296875,34.86000061035156,34.65999984741211,34.810001373291016,34.810001373291016,11238000,34.977400131225586,34.44239355697568,34.24252446492513,-0.07479925404732057,-0.20934298923721967,0.1345437351898991,34.34757892431073,57.09712945565332,3.2631335469986333,123.78353042199424,-3.3556497138980235,0.33463137015715044,34.81127503726853,34.06550064086914,33.31972624446975,540288950.0,236637855.48633125,8932980.981052697
2021-07-16,34.709999084472656,34.779998779296875,34.45000076293945,34.47999954223633,34.47999954223633,11083900,34.986200103759764,34.445975079381455,34.282000550769624,-0.06430693869116766,-0.18033577912800927,0.11602884043684161,34.380103887265946,49.599326440296174,1.981656733899434,72.31985131770597,-25.50339866101716,0.33644345874246556,34.853867756495056,34.102000617980956,33.350133479466855,529205050.0,227569140.1442202,6583880.195539832
2021-07-19,34.4900016784668,34.56999969482422,34.36000061035156,34.5,34.5,10133400,34.984200134277344,34.451120309916554,34.31990525381906,-0.05375814297867265,-0.15502025189814195,0.1012621089194693,34.41254295643261,50.02763614474013,1.3513486254426852,47.71148895125419,-24.161087571525496,0.32741171772319344,34.87659678704984,34.149000549316405,33.42140431158297,539338450.0,230946940.1442202,6099104.40187186
2021-07-20,34.70000076293945,34.75,34.369998931884766,34.470001220703125,34.470001220703125,9453300,34.97560012817383,34.45291849189623,34.35047674633208,-0.04727385359822023,-0.1334709722381576,0.08619711863993737,34.431708818725525,49.3502146841781,0.7305668938689278,54.90592064173881,-27.272678770547344,0.3311680998940535,34.90959311279241,34.1740005493164,33.4384079858404,529885150.0,226469161.08986092,3921575.1142686605
2021-07-21,34.2599983215332,34.38999938964844,34.209999084472656,34.34000015258789,34.34000015258789,5953500,34.961600112915036,34.44216436434305,34.366286232357936,-0.05202529209739026,-0.11718183621000414,0.06515654411261387,34.41388699719508,46.416935159745634,0.0,-25.535815210229323,-43.69742780940658,0.326084816775226,34.92084614298852,34.199500465393065,33.47815478779761,523931650.0,229115217.16581565,3516187.78311944
2021-07-22,34.279998779296875,34.43000030517578,34.20000076293945,34.40999984741211,34.40999984741211,8203700,34.94900009155273,34.439101077016296,34.386333792550225,-0.049571027036996895,-0.10365967437540269,0.05408864733840579,34.417622017505195,48.202227722595005,0.23302654264660194,-34.38026448471757,-44.5544367479208,0.31922158287959046,34.9325389865413,34.230000495910645,33.527462005279986,532135350.0,235892151.23610574,5186991.280639857
2021-07-23,34.279998779296875,34.36000061035156,34.18000030517578,34.290000915527344,34.290000915527344,10059300,34.94120010375977,34.4249010616364,34.392048118228004,-0.05665582217380205,-0.09425890393508257,0.03760308176128052,34.3897253741347,45.409100840787225,-0.40662035552579334,-84.25240780707745,-73.07699831761806,0.3128485799765003,34.92626638329489,34.25600051879883,33.58573465430277,522076050.0,238127598.61032692,6110235.85045588
2021-07-26,34.290000915527344,34.36000061035156,34.20000076293945,34.22999954223633,34.22999954223633,7459000,34.92900009155274,34.406339012169724,34.38957183474586,-0.0663473715358407,-0.08867659745523421,0.022329225919393514,34.351529477854015,44.03508761624774,-0.49419179099363325,-90.26409932680494,-84.00014241536459,0.301930813364758,34.92149074533614,34.27350044250488,33.62551013967362,514617050.0,233465612.46245956,4449091.595563203
2021-07-27,34.34000015258789,34.36000061035156,34.16999816894531,34.290000915527344,34.290000915527344,5941000,34.91240013122559,34.39525919344188,34.39114330836705,-0.06839793602663491,-0.08462086516951435,0.01622292914287944,34.33616974284313,45.80121586743899,-0.4644407659469014,-80.99576213011446,-75.99995930989584,0.293935929653436,34.91633196662328,34.294000434875485,33.67166890312769,520558050.0,235029108.84858227,3862545.8327313364
2021-07-28,34.220001220703125,34.470001220703125,34.130001068115234,34.439998626708984,34.439998626708984,8463600,34.890000076293944,34.399520091848274,34.405047898065476,-0.05725941060719464,-0.07914857425705041,0.02188916364985577,34.36294587919642,50.045362196034056,-1.0344845351840608,-44.55067731220342,-56.00026448567708,0.29722623129161135,34.855774508178904,34.339500427246094,33.823226346313284,529021650.0,241999003.90406364,5489148.644432247
2021-07-29,34.72999954223633,34.900001525878906,34.72999954223633,34.83000183105469,34.83000183105469,14577600,34.874600143432616,34.44051835272508,34.45176231747582,-0.01676875005318834,-0.066672609416278,0.049903859363089664,34.48638542661833,59.02888737697417,0.05745606714918951,146.3496141356511,-8.860710595188658,0.3088531361400621,34.86757979779398,34.395500564575194,33.92342133135641,543599250.0,244571713.96801516,6474153.120073378
2021-07-30,34.75,34.790000915527344,34.459999084472656,34.560001373291016,34.560001373291016,7441600,34.85300018310547,34.45189768801708,34.46742906116304,-0.006392699240706179,-0.05461662738116364,0.048223928140457464,34.51732346172001,52.050190897520075,0.23202387504874858,48.21837737919886,-44.15583772188396,0.3132209654573456,34.82553597068678,34.433000564575195,34.04046515846361,536157650.0,241640252.77598667,5355812.46991083
2021-08-02,34.459999084472656,34.63999938964844,34.40999984741211,34.529998779296875,34.529998779296875,9210300,34.827600173950195,34.45933588718658,34.476666986374624,-0.0005838327490792494,-0.04381006845474677,0.04322623570566752,34.53436741786115,51.324068592748695,0.0869529834692029,14.619548092232243,-48.05227618391784,0.30727657808441583,34.80775044261405,34.45750045776367,34.10725047291329,526947350.0,242040634.18510547,4538811.518662959
2021-08-03,34.47999954223633,34.54999923706055,34.439998626708984,34.4900016784668,34.4900016784668,6449100,34.80060020446777,34.46225643873708,34.479762340727305,0.0007832749231440062,-0.034891399779168615,0.03567467470231262,34.53732604542537,50.31632338468378,0.058022793894359784,9.51697606016579,-53.24670177507171,0.29318543753206916,34.80398116742563,34.47100048065185,34.13801979387807,520498250.0,241454677.672413,3605523.9192354977
2021-08-04,34.84000015258789,34.880001068115234,34.38999938964844,34.5099983215332,34.5099983215332,11130100,34.77320014953613,34.46680328471766,34.48347642081124,0.0034406182736503865,-0.027224996168604815,0.030665614442255202,34.54427749852611,50.83606745626922,0.4950441706171667,66.63259023582656,-50.649736686962164,0.30724374045597824,34.80730992696829,34.47950038909912,34.15169085122996,531628350.0,235775988.0265558,1089093.7485846877
2021-08-05,34.470001220703125,34.47999954223633,34.22999954223633,34.349998474121094,34.349998474121094,9588900,34.736200103759764,34.4556790170418,34.47114290509905,-0.007280147479185928,-0.02323602643072104,0.01595587895153511,34.50780379793303,46.63255635351761,-0.17437190804151712,-45.27671171771576,-71.42892529638199,0.30529767180175654,34.80659726184892,34.48050022125244,34.15440318065596,522039450.0,235392350.09015444,-161430.09631696343
2021-08-06,33.75,33.7599983215332,33.4900016784668,33.52000045776367,33.52000045776367,10527900,34.68380012512207,34.36656677330103,34.37966673714774,-0.08180731115474771,-0.03495028337552637,-0.046857027779221336,34.26210826986643,31.89779553041617,-2.2455539142753334,-287.74596392379414,-97.87242676997914,0.34491903779122374,34.966093623202006,34.43500022888183,33.90390683456166,511511550.0,227203917.31443316,-3263742.9982046783
2021-08-09,33.16999816894531,33.22999954223633,32.810001373291016,32.90999984741211,32.90999984741211,10660300,34.61880012512207,34.227846113692564,34.2344286055792,-0.1879262794054668,-0.06554548258151446,-0.12238079682395234,33.90298535867181,25.51645285494612,-3.856265592979263,-304.2255026715855,-95.21538436266269,0.37099618398275463,35.2118164165793,34.36050014495849,33.50918387333768,500851250.0,221619895.31988275,-6012901.36558798
2021-08-10,32.849998474121094,32.9900016784668,32.70000076293945,32.93000030517578,32.93000030517578,6401900,34.552200164794925,34.10424175097668,34.09819052559989,-0.26733083306341854,-0.10590255267789528,-0.16142828038552326,33.616005102012004,26.038908060590188,-3.966172569379318,-197.64143658731425,-89.54547897842443,0.365210807664511,35.3377328915046,34.28450012207031,33.231267352636024,507253150.0,225372680.98192796,-5396861.499267846
2021-08-11,33.189998626708984,33.40999984741211,33.099998474121094,33.380001068115234,33.380001068115234,7766700,34.495800170898434,34.03526644784702,34.01204775855655,-0.2905983759733388,-0.14284171733698398,-0.14775665863635484,33.50121430769056,36.78322993223109,-3.0778095263096157,-102.40321128604208,-69.09090593826781,0.37341000299106936,35.3087678333499,34.21350021362305,33.1182325938962,515019850.0,231636216.5495155,-2661278.2825165093
2021-08-12,33.290000915527344,33.400001525878906,33.15999984741211,33.38999938964844,33.38999938964844,8755000,34.43620018005371,33.9738124423043,33.933619108654206,-0.30471868307705563,-0.17521711048499833,-0.1295015725920573,33.41411844474998,37.002207465891274,-4.134373717208172,-81.29985883513555,-68.63643693527328,0.36388083695362133,35.257809532139404,34.14250011444092,33.02719069674244,523774850.0,239661482.46384433,1253252.0318515599
2021-08-13,33.56999969482422,33.869998931884766,33.54999923706055,33.869998931884766,33.869998931884766,5995000,34.400800170898435,33.963925441311964,33.907666615077424,-0.27401846238929295,-0.19497738086585728,-0.07904108152343567,33.471890710690204,46.570730400215055,-1.9965347626968097,-25.550125920568345,-46.81828349086293,0.3721750301881004,35.22207408862172,34.11200008392334,33.001926079224965,529769850.0,245656482.46384433,4648218.793924749
2021-08-16,33.91999816894531,34.060001373291016,33.900001525878906,34.029998779296875,34.029998779296875,4888000,34.36060012817383,33.970218140167674,33.89985696701776,-0.23407934482168713,-0.20279777365702326,-0.031281571164663874,33.56506322843922,49.333254092531114,-1.44801626897185,3.3166709915399717,-39.54556567605949,0.3591627024179682,35.18453439290103,34.088500022888184,32.99246565287534,534657850.0,248711322.2225645,6586497.956736088
2021-08-17,34.040000915527344,34.130001068115234,33.88999938964844,33.97999954223633,33.97999954223633,14918700,34.316400146484376,33.97114970226945,33.889523587908066,-0.2041089856402536,-0.20306001605366936,-0.0010489695865842363,33.6320920533322,48.489524671399444,-1.4786955970166835,6.86103954609204,-41.81825748157242,0.35065120070717026,35.14665231247812,34.06399993896484,32.981347565451564,519739150.0,244981587.94139147,5593924.165082425
2021-08-18,34.029998779296875,34.09000015258789,33.83000183105469,34.02000045776367,34.02000045776367,12992500,34.275400161743164,33.97580215517366,33.885333161127,-0.17511095044874025,-0.19747020293268355,0.022359252483943298,33.7004193788738,49.23751764646607,-1.4198721750264105,12.938224530538866,-39.449563759681105,0.3441759950518869,35.12329718341762,34.047999954223634,32.97270272502965,532731650.0,250978111.73938727,6587317.5346698165
2021-08-19,34.040000915527344,34.040000915527344,33.810001373291016,33.90999984741211,33.90999984741211,8630600,34.233400192260746,33.96953526872018,33.87219029381161,-0.1591711031848746,-0.18981038298312178,0.030639279798247182,33.73035715324982,47.20739693417752,-1.2809276455731853,12.488265009909288,-44.49546261072245,0.3360205341364898,35.08665598531384,34.022999954223636,32.95934392313343,524101050.0,249852281.72595286,6036640.0420746505
2021-08-20,33.95000076293945,34.0099983215332,33.849998474121094,33.91999816894531,33.91999816894531,6689800,34.18860015869141,33.964817449694,33.86238059997559,-0.14407111625258295,-0.180662529637014,0.03659141338443106,33.759575262978416,47.4196071206236,1.1933105779209376,21.477490665239095,-44.03682407248623,0.3234476279418912,35.06178837875286,34.00449981689453,32.9472112550362,530790850.0,249016036.78877622,4996499.493086338
2021-08-23,34.36000061035156,34.380001068115234,34.18000030517578,34.33000183105469,34.33000183105469,6793400,34.160000228881835,33.999596914585496,33.89338079180036,-0.09789196123705324,-0.16410841595702186,0.06621645471996862,33.8916574437016,55.34636028459989,4.314803981241101,85.13636233851156,-25.2293192691181,0.33320157588675053,35.07194022870627,34.00949993133545,32.94705963396463,537584250.0,252412801.57544008,5197549.019430906
2021-08-24,34.40999984741211,34.45000076293945,34.29999923706055,34.31999969482422,34.31999969482422,5068100,34.13540023803711,34.030111465084424,33.92295219784691,-0.0613940248844429,-0.14356553774250608,0.08217151285806318,33.99844937067739,55.12802012860024,4.221073114991633,101.28383958115495,-8.988761636977728,0.32011585802904735,35.075103364519066,34.010999870300296,32.946896376081526,532516150.0,248696212.093725,3624740.897896081
2021-08-25,34.16999816894531,34.16999816894531,33.93000030517578,34.09000015258789,34.09000015258789,12949100,34.109000244140624,34.03581514960857,33.93047603425526,-0.050446670428918594,-0.12494176427978859,0.07449509385087,34.02675186713781,50.221710623713314,2.127019358159492,57.08697379764458,-20.571463448660708,0.3251075388590038,35.04017634329476,33.99349994659424,32.94682354989372,519567050.0,253012715.975214,4025230.5470241606
2021-08-26,34.02000045776367,34.22999954223633,33.95000076293945,34.130001068115234,34.130001068115234,7252000,34.095200271606444,34.04478523708539,33.94347614106678,-0.03810383626438352,-0.10757417867670759,0.06947034241232407,34.06042406458025,51.037861714088606,2.216237472278038,57.45851732779054,-18.285696847098208,0.321885484604566,34.93543946615948,33.958499908447266,32.98156035073505,526819050.0,255084772.43297967,4482427.863045245
2021-08-27,34.09000015258789,34.63999938964844,33.95000076293945,34.619998931884766,34.619998931884766,9197800,34.11260025024414,34.099567493732955,34.006476048060826,0.011088855832056765,-0.08384157177495473,0.0949304276070115,34.21500908377087,59.74473502613996,2.2143490512305863,108.247329431369,-1.0309521609095484,0.34817928046916735,34.9461470793263,33.961499786376955,32.97685249342761,536016850.0,263749353.3705125,7018881.803082943
2021-08-30,34.540000915527344,34.560001373291016,34.40999984741211,34.459999084472656,34.459999084472656,4451000,34.130600204467775,34.13389431189864,34.05395217168899,0.03674024949489052,-0.05972520752098568,0.0964654570158762,34.299455229429256,56.22857226110221,1.2635918912738378,128.7355680145661,-11.688324556232077,0.33830926646941656,34.93500716137768,33.957999801635744,32.980992441893804,531565850.0,262265611.24142444,6946342.119017363
2021-08-31,34.439998626708984,34.58000183105469,34.349998474121094,34.529998779296875,34.529998779296875,8040300,34.14180015563965,34.17161854688895,34.10842826479957,0.06200282417972147,-0.03537960118084425,0.09738242536056572,34.3855179892081,57.409552937440864,1.6185969525305937,115.19057444872897,-7.432475971266039,0.33057313007400063,34.94150806214706,33.95999965667725,32.97849125120744,539606150.0,266809966.2916782,7731112.298887879
2021-09-01,34.58000183105469,34.599998474121094,34.41999816894531,34.54999923706055,34.54999923706055,6416300,34.156200103759765,34.20765480309577,34.164618701026555,0.08268433289480726,-0.011766814365713953,0.0944511472605212,34.45952537179489,57.76022578461722,1.5579035043073448,107.54392835203532,-8.256893576960634,0.3198179282955564,34.94813506029111,33.96199970245361,32.97586434461611,546022450.0,269661715.6156302,8256701.039284378
2021-09-02,34.5,34.529998779296875,34.36000061035156,34.45000076293945,34.45000076293945,7755600,34.16920013427735,34.23073537069993,34.211094992501394,0.08996843628420237,0.008580235764269311,0.08138820051993306,34.49218224041086,55.30824025880777,1.5924533115813466,72.74079756876499,-22.89145551730636,0.31054512103937265,34.9619286269325,33.96699981689453,32.97207100685656,538266850.0,270118029.75260174,7866296.291275322
2021-09-03,34.709999084472656,34.91999816894531,34.630001068115234,34.81999969482422,34.81999969482422,5884300,34.190200119018556,34.28685578252129,34.29233307611375,0.12416565787884082,0.03169732018718362,0.0924683376916572,34.612698571416914,61.774255872414344,2.6533065284858486,149.5796336726206,-9.008897549307681,0.32193456996555025,35.07052923418777,34.03199977874756,32.993470323307356,544151150.0,271944213.17428786,7572525.774783075
2021-09-07,34.5099983215332,34.560001373291016,34.119998931884766,34.130001068115234,34.130001068115234,10668100,34.19520011901855,34.27191723829215,34.301666532244,0.09450073411576909,0.04425800297290071,0.05024273114286838,34.52989455036446,47.866094354849636,-0.5825830243869483,-5.97304905625698,-71.17111544132051,0.34893929803511475,34.99511041027391,34.09299983978271,33.19088926929152,533483050.0,261761127.7082038,3523862.844756514
2021-09-08,34.189998626708984,34.209999084472656,33.91999816894531,34.040000915527344,34.040000915527344,9204000,34.1984001159668,34.2498299694574,34.296619015648254,0.0630025539340906,0.048006913165138686,0.014995640768951914,34.436306053043396,46.39869713629588,-0.8158472662780981,-77.77791651462326,-79.27926070266238,0.344729413570274,34.877561363960055,34.14849987030029,33.41943837664053,524279050.0,260174381.45054153,1042366.6691479683
2021-09-09,34.22999954223633,34.25,33.95000076293945,34.18000030517578,34.18000030517578,11241500,34.21140014648437,34.24317952524011,34.299619057064966,0.04877455719465473,0.0481604419710419,0.000614115223612835,34.394133664779936,49.016958628553944,0.2640074866091146,-64.47796649518237,-69.15869858178785,0.3415344009624363,34.82663073363979,34.18849983215332,33.55036893066685,535520550.0,266169857.64677006,1840100.0534583032
2021-09-10,34.150001525878906,34.20000076293945,34.02000045776367,34.040000915527344,34.040000915527344,5715800,34.21800018310547,34.22382918145794,34.28547630310059,0.02590338841322648,0.043709031259478816,-0.017805642846252336,34.32187656610346,46.56731154148839,-0.2636980655472939,-87.99270694255512,-87.99972534179688,0.32999625126338955,34.750032820379225,34.22099990844727,33.69196699651531,529804750.0,261724262.3430783,584656.1091871262
2021-09-13,34.09000015258789,34.22999954223633,34.06999969482422,34.13999938964844,34.13999938964844,5821000,34.22460014343262,34.215845391761796,34.277761967976886,0.015666272478313203,0.038100479503245695,-0.02243420702493249,34.28761554281601,48.54534549082687,-1.3864805229507158,-57.87934842904313,-77.9998779296875,0.3199964209380749,34.7402851615813,34.23449993133545,33.7287147010896,535625750.0,260996619.99512988,-213607.7159243822
2021-09-14,34.25,34.43000030517578,34.08000183105469,34.369998931884766,34.369998931884766,7569800,34.23120010375977,34.23052668129732,34.29066663469587,0.02581474886179791,0.035643333374956135,-0.009828584513158226,34.3185075223219,52.86718263169101,-0.2611728235026095,-4.2890573590941345,-54.99992370605469,0.32213942473686197,34.75147048778767,34.25149993896484,33.75152939014201,543195550.0,265970989.27687377,1062002.5558052957
2021-09-15,34.22999954223633,34.2599983215332,34.08000183105469,34.15999984741211,34.15999984741211,6582400,34.23000007629395,34.22380983997492,34.28195234026228,0.016719585456606012,0.031858583791286116,-0.015138998334680104,34.28865110110274,48.83405786382497,-1.071528945742696,-54.4474588711783,-75.99983215332031,0.319843544457806,34.74689332265874,34.26049995422363,33.77410658578852,536613150.0,265239580.49866036,1254576.4597353935
2021-09-16,33.459999084472656,33.470001220703125,33.220001220703125,33.38999938964844,33.38999938964844,8636200,34.21100006103516,34.144399320896206,34.19904752458845,-0.052021329345784295,0.015082601163872035,-0.06710393050965632,34.063854667166225,37.528840786866084,-3.357452599211114,-260.11602059344847,-90.00008975774385,0.3641403360471759,34.8394061101777,34.22899990081787,33.61859369145804,527976950.0,268348485.99182442,2208501.490101278
2021-09-17,33.34000015258789,33.439998626708984,33.2599983215332,33.34000015258789,33.34000015258789,7794900,34.19120002746582,34.067789876295414,34.114380881899876,-0.1092738788927008,-0.00978869484744253,-0.09948518404525826,33.86694835233751,36.93097467231443,-3.2220626582559513,-195.55208552728706,-92.94122662932745,0.3509874766992191,34.9125804224522,34.20049991607666,33.488419409701116,520182050.0,267482532.83198887,2122440.1343849897
2021-09-20,33.43000030517578,33.63999938964844,33.38999938964844,33.58000183105469,33.58000183105469,6290200,34.1742000579834,34.021333871986776,34.0552858261835,-0.13373914559572597,-0.03457878499709922,-0.09916036059862676,33.76920357630722,41.72965647279972,-3.5611656365231084,-123.2007692375077,-78.8234554936227,0.3473454595821711,34.9366069980595,34.183500099182126,33.43039320030475,526472250.0,270753559.6874576,2935065.3852061033
2021-09-21,33.7400016784668,33.90999984741211,33.68000030517578,33.790000915527344,33.790000915527344,7103200,34.16200004577637,33.99930216184779,34.017809713454476,-0.13463093304790874,-0.05458921460726113,-0.08004171844064761,33.74556281854104,45.62790653086521,-0.996191450182883,-57.002281868633396,-66.47054599635584,0.346106356494689,34.92521961297743,34.156500053405765,33.3877804938341,533575450.0,270444776.127177,2902429.547252178
2021-09-22,33.7599983215332,34.02000045776367,33.58000183105469,33.650001525878906,33.650001525878906,13148200,34.14600006103515,33.96603543461266,33.96957175845191,-0.14496341375250665,-0.07266405443631024,-0.07229935931619641,33.69202006681943,43.536818899456804,-1.1457091044628596,-53.79520036020821,-74.70581899453374,0.3528129472242816,34.918237537774466,34.123000144958496,33.327762752142526,520427250.0,261480089.12753245,-227179.11791151762
2021-09-23,33.400001525878906,33.41999816894531,33.2400016784668,33.27000045776367,33.27000045776367,8042600,34.11540008544922,33.89974638919847,33.88833369300479,-0.18172013297182588,-0.09447527014341336,-0.08724486282841251,33.55184285628175,38.39350730442177,-2.662375188084216,-116.42118775076368,-97.0588631284164,0.35689772580912643,34.9600562001767,34.082000160217284,33.203944120257866,512384650.0,256118298.97812057,-3192845.063208461
2021-09-24,33.18000030517578,33.380001068115234,33.119998931884766,33.25,33.25,6781400,34.084200057983395,33.837865780703375,33.80909558250791,-0.2100427257661508,-0.11758876126796086,-0.09245396449818993,33.43451874405616,38.13812822399054,-2.320801687073354,-111.01856936643959,-90.97216335353706,0.3499766122677937,34.98732746152057,34.03800010681152,33.088672752102475,505603250.0,256118298.97812057,-4115813.398720056
2021-09-27,33.349998474121094,33.45000076293945,33.279998779296875,33.31999969482422,33.31999969482422,5952600,34.06100006103516,33.788545201095836,33.740714590890065,-0.22425512080973675,-0.13892203317631605,-0.0853330876334207,33.35978420102824,39.651123646172834,-2.4018737829059544,-79.34739685133557,-84.7327821926624,0.33926405160148365,34.932001103290006,33.9730001449585,33.01399918662699,511555850.0,252966953.9360472,-5121927.194932669
2021-09-28,33.119998931884766,33.13999938964844,32.91999816894531,32.97999954223633,32.97999954223633,9935100,34.03060005187988,33.71154085263302,33.646143104916526,-0.259957093533977,-0.16312904524784824,-0.09682804828612876,33.213906285332826,35.153796865150355,-4.044222964345066,-119.86326151561396,-96.02640474133356,0.3436024426212995,34.92250165666547,33.89900016784668,32.87549867902789,501620750.0,248451093.35552284,-6504754.187647164
2021-09-29,33.04999923706055,33.119998931884766,32.77000045776367,32.849998474121094,32.849998474121094,11026800,33.998199996948244,33.62948919753665,33.54623818170457,-0.29533670616148555,-0.18957057743057573,-0.10576612873090982,33.06465522482859,33.585241289493986,-3.8348986508858505,-118.87031079629912,-95.18084194512811,0.3440593020141419,34.8919311385465,33.81500015258789,32.73806916662929,490593950.0,242465013.1985746,-8383776.717545956
2021-09-30,33.099998474121094,33.56999969482422,33.04999923706055,33.40999984741211,33.40999984741211,17546500,33.979599990844726,33.60858544990574,33.50766672406878,-0.2750176411921714,-0.20665999018289488,-0.06835765100927654,33.092175053884034,44.97500117986703,0.059899545161035295,-37.71506515927706,-61.445816356779936,0.37091229620621213,34.79315460686897,33.758000183105466,32.722845759341965,508140450.0,249213686.84784284,-6243000.980687737
2021-10-01,33.439998626708984,33.58000183105469,33.36000061035156,33.4900016784668,33.4900016784668,8569800,33.96120002746582,33.597291757387744,33.48214305696033,-0.24958212922390288,-0.2152444179910965,-0.03433771123280638,33.13996492654451,46.3894770135066,0.4499145926586415,-3.6953305470410114,-56.626428500846814,0.3601329336702773,34.7004144744452,33.71000022888184,32.719585983318474,516710250.0,250771859.31975296,-4303901.39448452
2021-10-04,33.31999969482422,33.70000076293945,33.27000045776367,33.650001525878906,33.650001525878906,10367900,33.948400039672855,33.602311735339285,33.476428894769576,-0.21404626017630335,-0.2150047864281379,0.0009585262518345405,33.224639561171706,49.20194077233734,0.20845649495910162,28.876705742490167,-40.93944095403411,0.3651234602063847,34.50093049805685,33.65150032043457,32.80207014281229,527078150.0,258728658.287124,-587660.8564665616
2021-10-05,33.36000061035156,33.54999923706055,33.279998779296875,33.5,33.5,8057800,33.933800048828125,33.592567760545066,33.462000292823426,-0.19573142740084393,-0.21115011462267913,0.015418687221835203,33.25851503044088,46.72699582471076,-0.8582447696652211,21.411432404209275,-41.60003662109375,0.36547198066178804,34.442411654054375,33.62000026702881,32.79758888000324,519020350.0,263802138.51431003,2600332.2410514653
2021-10-06,33.41999816894531,33.59000015258789,33.40999984741211,33.59000015258789,33.59000015258789,9301100,33.91980003356934,33.59232322645391,33.45914313906715,-0.17197214251390136,-0.20331452020092358,0.03134237768702222,33.31253837417161,48.403990469043976,-0.1783101651418081,47.793680918165784,-34.4000244140625,0.35222400384135893,34.39702219547707,33.597500228881835,32.7979782622866,528321450.0,273103238.51431,6627558.304485977
2021-10-07,33.380001068115234,33.560001373291016,33.369998931884766,33.400001525878906,33.400001525878906,9267300,33.899000091552736,33.574006874018195,33.440333738781156,-0.1665541072828134,-0.19596243761730153,0.029408330334488142,33.310017869957015,45.171196819067355,0.3907456156493625,13.580390369742794,-49.59991455078126,0.3427795193314851,34.3155282113785,33.55850028991699,32.801472368455485,519054150.0,266762669.7422252,5655100.87527436
2021-10-08,33.849998474121094,33.869998931884766,33.40999984741211,33.41999816894531,33.41999816894531,11034100,33.87080001831055,33.55933937829697,33.42714306059338,-0.1588159815747261,-0.18853314640878646,0.029717164834060367,33.31538521989229,45.58312521425765,0.5112726885573309,57.874541853102336,-48.00018310546875,0.3518665112367975,34.253251650571,33.52750015258789,32.80174865460478,530088250.0,256208233.6518001,1384947.6368003488
2021-10-11,33.38999938964844,33.5,33.36000061035156,33.36000061035156,33.36000061035156,6989600,33.846800003051754,33.54035473373074,33.41119072323754,-0.15572960876731656,-0.1819724388804925,0.026242830113175936,33.3063098677433,44.50278310861776,0.12005076798832419,10.738476660068327,-52.79998779296875,0.3367331454090575,34.160222933290626,33.48850021362305,32.81677749395547,523098650.0,249218633.6518001,-2711801.200466305
2021-10-12,33.4900016784668,33.66999816894531,33.439998626708984,33.52000045776367,33.52000045776367,8148300,33.826600036621095,33.538416231257685,33.41419074648903,-0.1387732934264534,-0.17333260978968468,0.034559316363231285,33.34234661589129,48.03950688916794,1.6373587720514777,81.04983608479102,-31.81808723877957,0.33482346063653556,33.983379944420484,33.446000289916995,32.908620635413506,531246950.0,246738857.28140885,-4930236.278975695
2021-10-13,33.650001525878906,34.18000030517578,33.63999938964844,34.11000061035156,34.11000061035156,11810300,33.81900001525879,33.592852838790435,33.4774288722447,-0.07684142970877161,-0.15403437377350207,0.07719294406473046,33.52663529699794,58.5335729362385,3.8356231195051227,217.41572388641163,-4.964517900671761,0.35805034540621944,33.96787815494456,33.44350032806396,32.91912250118337,543057250.0,255487246.1919614,-2605996.314192295
2021-10-14,34.22999954223633,34.2400016784668,34.13999938964844,34.20000076293945,34.20000076293945,7780200,33.812800064086915,33.65067645061415,33.54947653270903,-0.020264129100063144,-0.1272803248388143,0.10701619573875115,33.70188336023826,59.86515496408335,2.364564259609047,227.32723031538603,-2.7211484564761523,0.34176111131400616,34.10230226037425,33.48400039672852,32.865698533082785,550837450.0,257043286.1919614,-923158.4818543196
2021-10-15,33.65999984741211,33.810001373291016,33.599998474121094,33.65999984741211,33.65999984741211,10031600,33.799000091552735,33.65156439316633,33.56623838515509,-0.01878325004300052,-0.10558090987965155,0.08679765983665103,33.70529191033203,49.57798109730922,0.5076087202904409,57.333317509403244,-39.45587410990471,0.3602069097071742,34.11912972482747,33.500000381469725,32.880871038111984,540805850.0,252744081.1130346,-1518730.213569641
2021-10-18,33.66999816894531,33.709999084472656,33.54999923706055,33.56999969482422,33.56999969482422,6380100,33.80000007629395,33.64379632665756,33.57290498642694,-0.024588462383725584,-0.08938242038046636,0.06479395799674077,33.68425900070421,48.0946033844031,-0.23774688685574413,22.22201025548039,-45.57832838547614,0.34590640525752675,34.118386433629446,33.4995002746582,32.88061411568696,534425750.0,247959044.1414303,-3146818.575366378
2021-10-19,33.880001068115234,33.88999938964844,33.619998931884766,33.68000030517578,33.68000030517578,14137900,33.81540008544922,33.64724432461168,33.59009546552386,-0.02008151780914602,-0.0755222398662023,0.055440722057056274,33.695141382790545,50.06129697991493,0.5373143438083022,49.33317379069422,-47.0588423860081,0.3440559259408619,34.10435833916165,33.49400024414062,32.883642149119595,548563650.0,240104788.41727483,-6025861.674208492
2021-10-20,33.83000183105469,34.02000045776367,33.779998779296875,33.97999954223633,33.97999954223633,10795100,33.83640007019043,33.67893529771879,33.636381112961544,0.007609976398669005,-0.05889579661322804,0.06650577301189704,33.781453465824065,55.06217205207955,1.1610580169002784,101.87350936792703,-26.804310209218187,0.3437662278442211,34.15378841690103,33.5105001449585,32.86721187301597,559358750.0,247301464.5565103,-4365994.927231818
2021-10-21,33.93000030517578,33.9900016784668,33.84000015258789,33.95000076293945,33.95000076293945,8274900,33.84780006408691,33.70475105631123,33.67823831467401,0.026825803125852588,-0.041751476665411916,0.0685772797912645,33.84365752817599,54.474720744040184,1.6467042273468095,84.44781303073212,-29.89696397671858,0.32992589198955574,34.204999922065376,33.54450016021728,32.88400039836919,551083850.0,251163028.439324,-2061370.483734101
2021-10-22,34.34000015258789,34.5099983215332,33.93000030517578,34.150001525878906,34.150001525878906,13032300,33.863000106811526,33.74715586293672,33.735905111403696,0.05752970768362076,-0.021895239795605384,0.07942494747922614,33.94540298582494,57.713858010031885,2.1843309303706993,138.10803174818048,-29.268043059574435,0.3477881865872605,34.285302090364446,33.58950023651123,32.89369838265801,564116150.0,248017389.52335942,-1932057.3679524958
2021-10-25,34.33000183105469,34.45000076293945,34.310001373291016,34.38999938964844,34.38999938964844,6985400,33.873400115966795,33.80837905595689,33.812143125988186,0.10007499289216071,0.0024988067419478323,0.09757618615021288,34.089488634263795,61.27454404375459,3.0875262603480524,149.6455563554482,-10.43471049707263,0.3443746901924953,34.408718770588365,33.64300022125244,32.87728167191652,571101550.0,249015140.66232398,-1386048.6974665225
2021-10-26,34.18000030517578,34.18000030517578,33.90999984741211,34.130001068115234,34.130001068115234,8508700,33.875400161743165,33.839009723781494,33.85852415902274,0.11152713094871558,0.024304471583301384,0.08722265936541419,34.137953928571505,55.79345652472272,1.8198108652181666,60.75952626987367,-33.0433051929743,0.3540621796241976,34.43030838642711,33.700500297546384,32.97069220866566,562592850.0,254372523.7208583,667944.7952174246
2021-10-27,34.13999938964844,34.2400016784668,33.959999084472656,34.220001220703125,34.220001220703125,9256600,33.8802001953125,33.87529462825022,33.90800043741862,0.12640813868153344,0.0447252050029478,0.08168293367858565,34.198510281040484,57.219999369826645,0.3224878580570297,68.43351814383905,-25.217189391803362,0.34877220922205066,34.41950511805734,33.76900043487549,33.11849575169364,571849450.0,262306734.2765728,3972014.1467502713
2021-10-28,34.38999938964844,34.45000076293945,34.099998474121094,34.220001220703125,34.220001220703125,10752300,33.88420021057129,33.90812382753145,33.95095289321173,0.13662649928495085,0.06310546385934841,0.07352103542560244,34.24544746341524,57.21999936982666,0.05848086934941009,89.36999743934932,-25.217189391803362,0.3488600720503584,34.4663866260893,33.809500503540036,33.15261438099077,571849450.0,258927560.52914768,3887395.0394011736
2021-10-29,33.86000061035156,33.939998626708984,33.720001220703125,33.93000030517578,33.93000030517578,11156300,33.884600219726565,33.91020730159281,33.96242906479608,0.11994136405428435,0.0744726438983356,0.045468720155948744,34.205863014027216,51.06222861191057,0.8021404010328015,-32.38524424516064,-54.205437549466296,0.3596557811896185,34.47341283596848,33.83150043487549,33.18958803378249,560693150.0,269069809.71331304,6726457.868683606
2021-11-01,34.08000183105469,34.16999816894531,33.97999954223633,34.099998474121094,34.099998474121094,10076000,33.888200225830076,33.92828265135741,33.988000306629,0.1190632189996279,0.08339075891859407,0.035672460081033835,34.21488678631747,54.175405897428504,1.5787869648941033,28.59532943299833,-42.70835816862567,0.3511087870881837,34.50041843392403,33.8540002822876,33.20758213065117,570769150.0,271721367.3658518,8120073.927499354
2021-11-02,34.09000015258789,34.130001068115234,33.9900016784668,34.029998779296875,34.029998779296875,5944400,33.882200164794924,33.93796990163736,34.00476206824893,0.11143434657482487,0.08899947644984023,0.022434870124984643,34.20166671613177,52.68907060630329,1.0391878591144421,14.716393328936311,-50.0,0.33602954441391614,34.50992797240619,33.88050022125244,33.25107247009869,564824750.0,269173535.97620606,7141327.425082177
2021-11-03,33.650001525878906,33.779998779296875,33.459999084472656,33.75,33.75,14510400,33.870800170898434,33.920068006243326,33.9923334757487,0.08185131773313259,0.0875698447064987,-0.0057185269733661115,34.11591002448452,47.12020815854173,-0.676867408283641,-103.52577975033469,-72.38084511954543,0.35274169801465205,34.50692668296384,33.88850021362305,33.27007374428226,550314350.0,280963344.0872139,9843022.125315666
2021-11-04,34.099998474121094,34.22999954223633,34.06999969482422,34.099998474121094,34.099998474121094,10381500,33.871000137329105,33.937204241279304,34.012476167224705,0.08566105868182916,0.0871880875015648,-0.0015270288197356402,34.13456498419502,53.70676149093188,0.44181946336031114,47.07800132428026,-39.04763288780059,0.36183154403048606,34.505540824177245,33.923500061035156,33.34145929789307,560695850.0,274474751.8906614,7988888.610570371
2021-11-05,34.279998779296875,34.599998474121094,34.16999816894531,34.560001373291016,34.560001373291016,9560400,33.87960014343262,33.996518253851846,34.0730953398205,0.12436509202349555,0.09462348840595095,0.029741603617544604,34.267496013763015,60.64497648649657,1.2005851510765264,146.6690959719371,-3.5085194951211984,0.37170071945687994,34.57724080972697,33.98050022125244,33.38375963277791,570256250.0,282256603.0004714,8980160.379425883
2021-11-08,34.70000076293945,34.75,34.619998931884766,34.70000076293945,34.70000076293945,9691400,33.88120018005371,34.06351658805067,34.14161920093355,0.16443954134263805,0.10858669899328838,0.055852842349349674,34.41065273573835,62.48767558023742,0.9014288420846195,196.48677763269845,-3.8759070988804267,0.3587219985463159,34.65138397457759,34.04750022888184,33.443616483186084,579947650.0,284493254.9268777,9280964.408775568
2021-11-09,34.75,34.869998931884766,34.630001068115234,34.869998931884766,34.869998931884766,10564500,33.88940017700195,34.14032443032058,34.21995241074335,0.2075240545274326,0.12837417010011723,0.07914988442731538,34.56933313181815,64.65199773410853,2.1681741594225983,173.68517469983732,0.0,0.35024170320511705,34.76776369407639,34.11500015258789,33.462236611099385,590512150.0,295057754.9268777,11921728.383620799
2021-11-10,35.34000015258789,35.54999923706055,35.040000915527344,35.2599983215332,35.2599983215332,15976400,33.90400016784668,34.2469600390075,34.32899985540481,0.27002584318231726,0.15670450471655725,0.11332133846576001,34.79712011828862,69.06205082661516,3.039149806344481,216.40930555237853,-13.875640878219908,0.3737958890601645,34.99412918565362,34.17250003814697,33.35087089064032,606488550.0,292864798.55369437,11220488.58335185
2021-11-11,35.40999984741211,35.47999954223633,35.369998931884766,35.45000076293945,35.45000076293945,7878600,33.92200019836426,34.36153534604864,34.45066659109933,0.3310741533439696,0.19157843444203976,0.13949571890192985,35.028750597533985,70.96275402168033,3.5943877801271893,178.65654525660284,-4.784615637337309,0.3628105556060902,35.22782420104227,34.23500003814697,33.242175875251675,614367150.0,296446179.07803893,11053103.50613767
2021-11-12,35.31999969482422,35.560001373291016,35.29999923706055,35.5,35.5,9278400,33.94300018310547,34.469960551186865,34.57114277794248,0.3791196442806495,0.2290866764097617,0.15003296787088777,35.22621852462488,71.45965615765158,4.627172651645177,137.9782184678108,-2.8572051378466634,0.3554670970792601,35.42507278910539,34.327000045776366,33.22892730244734,623645550.0,301442177.78692126,11569436.154091
2021-11-15,35.45000076293945,35.540000915527344,35.36000061035156,35.45000076293945,35.45000076293945,9833000,33.95560020446777,34.56329771421092,34.6780952271961,0.4084531280207244,0.26495996673195427,0.14349316128877015,35.368926745516596,70.16656149857903,3.9589511707541356,110.6499881416519,-5.2381185933591645,0.3429337548004402,35.56469408157533,34.42100009918213,33.27730611678893,613812550.0,301442177.78692126,10728896.223336399
2021-11-16,35.41999816894531,35.52000045776367,35.189998626708984,35.209999084472656,35.209999084472656,15588800,33.97720016479492,34.624888320902514,34.75323798769996,0.40763503263431033,0.29349497991242546,0.11414005272188488,35.41695695571669,64.16450816392667,3.467529672359754,79.13501411362721,-16.66675749269304,0.34201004596145784,35.63737490124833,34.497500038146974,33.35762517504562,598223750.0,287742962.0658319,5050843.41101414
2021-11-17,35.459999084472656,35.54999923706055,35.400001525878906,35.529998779296875,35.529998779296875,10115900,34.00700012207031,34.711089316940075,34.85157120114281,0.4278757024157258,0.3203711244130856,0.10750457800264024,35.53259278459899,68.08454915231863,5.274070457175926,86.68007311117508,-1.4286933949497094,0.3418664821490602,35.77288943756223,34.575,33.37711056243778,608339650.0,295161185.82667214,4629179.965239286
2021-11-18,35.40999984741211,35.4900016784668,35.31999969482422,35.40999984741211,35.40999984741211,8596800,34.03160011291504,34.777652224604076,34.93109499613444,0.42928513628311293,0.34215392678709106,0.08713120949602188,35.589383926893,65.2040718618686,3.841646427888235,67.00116487496646,-7.142922018590269,0.33244738231503135,35.86247237924074,34.647999954223636,33.43352752920653,599742850.0,295666789.16561526,4196720.530246139
2021-11-19,35.349998474121094,35.439998626708984,35.060001373291016,35.150001525878906,35.150001525878906,10671900,34.05380012512207,34.81311406282073,34.97890466962542,0.4047566484354519,0.35467447111676326,0.05008217731868864,35.561621374187965,59.345625615637935,1.707176299604722,37.79916990460202,-19.523780978486947,0.3358438016795269,35.90867906108434,34.69799995422363,33.48732084736292,589070950.0,290050044.8003654,1851139.3242379427
2021-11-22,34.58000183105469,34.689998626708984,34.279998779296875,34.34000015258789,34.34000015258789,9464000,34.05780014038086,34.768055595179504,34.944809450422014,0.3163110666576827,0.34700179022494715,-0.030690723567264433,35.32230912657404,45.59980646510405,-1.0374657130729892,-67.48292109701335,-58.09523290517944,0.3739980120297058,35.908916162771554,34.69549999237061,33.48208382196966,579606950.0,283356060.4499341,-1406606.1282879114
2021-11-23,34.04999923706055,34.119998931884766,33.900001525878906,34.06999969482422,34.06999969482422,9129200,34.05180015563965,34.70157408085995,34.88523799351284,0.22187291260382835,0.32197601470072346,-0.1001031020968951,35.05098324503993,42.09937938076141,-2.29423361504332,-133.15959937916048,-89.75914550773395,0.3787123416496543,35.91177639716146,34.69249992370605,33.47322345025064,570477750.0,288335638.4770188,-1027035.7022226453
2021-11-24,33.91999816894531,34.09000015258789,33.86000061035156,34.029998779296875,34.029998779296875,6430000,34.04920013427734,34.63761452833013,34.822142646426244,0.1421634834015748,0.28601350844089374,-0.14385002503931893,34.814787729233196,41.59000497119509,-3.488370960826649,-133.69115168947286,-90.00011219692806,0.3680899988344167,35.91969081310354,34.682999801635745,33.44630879016795,564047750.0,291410772.40633065,200061.69524168968
2021-11-26,34.33000183105469,34.33000183105469,33.869998931884766,33.959999084472656,33.959999084472656,10674900,34.06060012817383,34.57307972415323,34.753285435267856,0.07250895799045765,0.24331259835080654,-0.1708036403603489,34.6011519504656,40.66281282339076,-4.203107606204882,-113.9922808717655,-94.11773945629369,0.37465520600123847,35.931110759303216,34.66999969482422,33.408888630345224,553372850.0,284912987.94448984,-1383608.215948701
2021-11-29,33.970001220703125,34.04999923706055,33.880001068115234,33.939998626708984,33.939998626708984,8247800,34.07260009765625,34.5127862863014,34.683761524018784,0.01551453309757278,0.1977529853001598,-0.18223845220258703,34.42029927251364,40.385775886854326,-4.394370065608495,-107.23863842279438,-95.29423644380617,0.3600368462115294,35.93044429613149,34.670499610900876,33.41055492567026,545125050.0,282486990.224357,-2677598.980028093
2021-11-30,34.15999984741211,34.40999984741211,33.66999816894531,33.68000030517578,33.68000030517578,22731900,34.074600067138675,34.433473335718006,34.589428256806876,-0.05005662924106957,0.14819106239191396,-0.19824769163298353,34.20516337876617,36.86920538794889,-4.992948997660068,-92.78149462169178,-99.4707873400706,0.38717719137261997,35.95977451742056,34.64949970245361,33.33922488748666,522393150.0,260369595.75101602,-10000893.535939217
2021-12-01,33.95000076293945,34.099998474121094,33.810001373291016,33.84000015258789,33.84000015258789,12853100,34.07560005187988,34.3769520801818,34.512333061581565,-0.08809608051920037,0.10093363380969109,-0.18902971432889146,34.07197308345509,40.31350319025112,-3.890937141457992,-79.21952787261495,-91.00520130062792,0.3895215469135266,35.97069910659681,34.63999977111816,33.309300435639514,535246250.0,250175676.19852394,-15331134.481337667
2021-12-02,33.77000045776367,33.790000915527344,33.5099983215332,33.63999938964844,33.63999938964844,12010200,34.075400009155274,34.306766109654816,34.41709493001302,-0.13284960229046305,0.05417698658966026,-0.1870265888801233,33.91337305742879,37.555292987793486,-5.31944681841568,-92.2729431556577,-93.65849392254502,0.3852701386378952,35.98068693195638,34.63449974060059,33.2883125492448,523236050.0,249317793.0824901,-16390910.906708032
2021-12-03,33.70000076293945,33.97999954223633,33.599998474121094,33.93000030517578,33.93000030517578,13803800,34.08860000610352,34.27088365208538,34.34999974568685,-0.14326497107442293,0.014688595056843622,-0.15795356613126654,33.86175296072414,43.582837931640974,-4.179609004840173,-66.39116017885743,-79.41167670829172,0.3848937764577052,35.987637276749005,34.62599983215332,33.26436238755763,537039850.0,259489079.77425337,-12098054.505461335
2021-12-06,33.83000183105469,33.95000076293945,33.779998779296875,33.83000183105469,33.83000183105469,10920800,34.10020004272461,34.22889490722531,34.274190412248885,-0.15776959730428786,-0.019803043415382676,-0.1379665538889052,33.79697719388924,42.074688341682574,-3.755333250419291,-58.59385985795688,-84.31356049471366,0.36954436268519614,35.99469697340055,34.5894998550415,33.184302736682454,526119050.0,254992596.90204424,-10672761.936521381
2021-12-07,33.84000015258789,34.0099983215332,33.83000183105469,33.959999084472656,33.959999084472656,9143900,34.113000030517576,34.203285781248866,34.21423795790899,-0.1569655253051181,-0.04723553979332976,-0.10972998551178834,33.781242203893086,44.75124767881199,-1.106584351854166,-44.08749444339235,-77.94114897134116,0.3560052289561475,35.982854646840735,34.552499771118164,33.12214489539559,535262950.0,259056530.92556867,-7826366.702058941
2021-12-08,33.88999938964844,33.9900016784668,33.86000061035156,33.970001220703125,33.970001220703125,7964000,34.132800064086915,34.181068204054036,34.15876190548851,-0.15374888224116745,-0.0685382082828973,-0.08521067395827014,33.77457375977134,44.96197198556071,-0.2935088788283292,-38.1839268144272,-76.76756973370375,0.33986207461036794,35.9516310709199,34.507499885559085,33.06336870019827,543226950.0,264570033.4344451,-4196148.153130978
2021-12-09,33.900001525878906,33.91999816894531,33.72999954223633,33.7599983215332,33.7599983215332,9571700,34.151000061035155,34.14096631048062,34.08757128034319,-0.16622896430728673,-0.0880763594877752,-0.07815260481951153,33.71815183543917,41.392295343766996,-0.7934189463677983,-68.90085599858614,-87.0466341725666,0.33272918917154143,35.86829785844634,34.43249988555908,32.996701912671824,533655250.0,258020874.39455113,-4413414.063705713
2021-12-10,33.95000076293945,33.97999954223633,33.83000183105469,33.90999984741211,33.90999984741211,9946200,34.16100006103515,34.118969504474094,34.03780937194824,-0.16214652552194053,-0.10289039269460828,-0.05925613282733225,33.7143766198891,44.76554635462603,-0.14722979507796202,-23.824368992212392,-66.10157437041347,0.3246771914237974,35.72857647334242,34.355499839782716,32.98242320622301,543601450.0,258683853.21502873,-3890128.30572471
2021-12-13,33.9900016784668,34.04999923706055,33.93000030517578,34.0,34.0,8191700,34.17120002746582,34.10763907547656,34.00395224434989,-0.14992071059169376,-0.11229645627402537,-0.03762425431766839,33.738118602664166,46.746060458582804,0.17678661083915811,72.17364039700257,-45.55546136565931,0.31148591986841456,35.55570152794709,34.28049983978271,33.005298151618334,551793150.0,260049179.9499367,-2887986.6885595024
2021-12-14,33.650001525878906,33.83000183105469,33.630001068115234,33.70000076293945,33.70000076293945,13374200,34.17220001220703,34.068816379044456,33.94866661798386,-0.16256514560453894,-0.1223501941401281,-0.04021495146441084,33.68300235291906,41.415287941617954,0.059383781420566974,-134.1328818820137,-78.88865341414825,0.3156654207267253,35.37171256953817,34.192999839782715,33.01428711002726,538418950.0,256036843.42244238,-3492127.9504165053
2021-12-15,33.63999938964844,33.880001068115234,33.34000015258789,33.81999969482422,33.81999969482422,24813200,34.178600006103515,34.045119551975866,33.91314279465448,-0.161046595614053,-0.1300894744349131,-0.0309571211791399,33.67218915762001,44.15840813533976,-0.05910300730936124,-131.0635533700252,-55.140216903035366,0.33168938464105524,35.21483439515651,34.12349987030029,33.03216534544408,563232150.0,275335882.12036127,2718792.7509267926
2021-12-16,33.9900016784668,34.22999954223633,33.9900016784668,34.220001220703125,34.220001220703125,15556800,34.19120002746582,34.06177494899751,33.92233339945475,-0.1261126060002411,-0.1292941007479787,0.003181494747737601,33.770272952660235,52.19390536011323,1.7241434054043512,178.04585037157375,-17.75688606529908,0.33728298912470195,34.941212749882695,34.057999992370604,33.17478723485851,578788950.0,289596488.179426,9549926.533821762
2021-12-17,34.36000061035156,34.41999816894531,34.150001525878906,34.15999984741211,34.15999984741211,12844900,34.20639999389648,34.07112970122747,33.93204767136347,-0.10209192475906548,-0.12385366555019607,0.021761740791130593,33.83778206932377,51.00819357982965,0.6778648398692861,194.44414808472933,-24.073962877276024,0.3324768215491094,34.62869810316323,33.995499992370604,33.36230188157798,565944050.0,277702914.37965775,7691987.187459648
2021-12-20,34.16999816894531,34.20000076293945,34.0099983215332,34.0099983215332,34.0099983215332,13086800,34.21819999694824,34.06530766506611,33.933428464617045,-0.09407479565437171,-0.11789789157103121,0.0238230959166595,33.85633245378705,48.068263868619795,0.5320617225426383,86.41922283165454,-37.96301856136199,0.32230008011033373,34.28694072611851,33.93849983215332,33.59005893818813,552857250.0,264616114.37965775,2068667.7105425
2021-12-21,34.150001525878906,34.15999984741211,33.95000076293945,34.0099983215332,34.0099983215332,12389900,34.231199951171874,34.06004010853916,33.94023784455799,-0.08672149170448762,-0.1116626115977225,0.024941119893234887,33.87336537761981,48.06826386861979,0.14722979507796202,60.42731217245256,-37.96301856136199,0.3142785804219282,34.22050258788545,33.92199974060058,33.62349689331572,552857250.0,259305900.01816818,-2109455.527810514
2021-12-22,34.11000061035156,34.33000183105469,34.029998779296875,34.33000183105469,34.33000183105469,11240500,34.247399978637695,34.085750748778736,33.979095186506,-0.054444731534580626,-0.10021903558509414,0.04577430405051351,33.97195682223143,54.5495817066019,1.0597603691935076,129.42925499006893,-8.333009554421345,0.3146875039290393,34.27754952643936,33.93499984741211,33.59245016838486,564097750.0,270546400.01816815,-50396.350063085556
2021-12-23,34.34000015258789,34.439998626708984,34.209999084472656,34.40999984741211,34.40999984741211,13254000,34.253399963378904,34.11663161531525,34.02433328174409,-0.022154610648911444,-0.0846061505978576,0.06245153994894616,34.0746551998774,56.02707327146335,1.9253600657447738,149.38458206931745,-2.7271655372835157,0.30863836380813137,34.353019092176055,33.95399990081787,33.554980709459684,577351750.0,280342968.60822004,3913617.533128619
2021-12-27,34.38999938964844,34.5,34.36000061035156,34.47999954223633,34.47999954223633,13647700,34.25899993896484,34.151238084545824,34.074428485688706,0.008980412545490424,-0.065888837969188,0.07486925051467842,34.177513274886074,57.33405672360894,1.6809191901772276,149.76107974745585,-1.724177620220524,0.29659272279672466,34.44026097661512,33.97999992370605,33.519738870796985,590999450.0,290091219.501953,8281192.357610345
2021-12-28,34.47999954223633,34.540000915527344,34.33000183105469,34.34000015258789,34.34000015258789,10689000,34.27259994506836,34.16921542435935,34.10871422177269,0.022103565873472064,-0.04829035720065599,0.07039392307412806,34.225446706305796,53.88450028036717,1.0000004487879135,110.58480734796255,-16.666719648539452,0.290407462916434,34.485633850575326,34.0,33.514366149424674,580310450.0,280420053.0714353,6237902.525405407
2021-12-29,34.060001373291016,34.34000015258789,34.060001373291016,34.33000183105469,34.33000183105469,10159000,34.287799987792965,34.184528415473196,34.14014296758742,0.0313357593172654,-0.03236513389707172,0.06370089321433711,34.26172898958111,53.636304114461666,1.8694393289393003,49.66887279331472,-17.499912579909903,0.2896639855150369,34.515113273119866,34.03250007629394,33.54988687946802,570151450.0,289853528.848002,7836489.657010496
2021-12-30,34.279998779296875,34.56999969482422,34.279998779296875,34.56999969482422,34.56999969482422,10868800,34.305599975585935,34.22123996588758,34.19133340744745,0.0573569853723086,-0.014420710043195657,0.07177769541550426,34.35310246948437,58.56937802402993,2.21762272846732,109.40882977428961,0.0,0.2896880519444874,34.59621578561845,34.06900005340576,33.54178432119307,581020250.0,300722328.848002,11236303.514757097
2021-12-31,34.720001220703125,34.81999969482422,34.619998931884766,34.810001373291016,34.810001373291016,13892600,34.322200012207034,34.27731248087838,34.26190496172224,0.09623577802393157,0.00771058757022979,0.08852519045370179,34.48925407410085,62.82868626551584,1.7241383154333147,166.17354603316687,-0.6755624747082911,0.2868531910913097,34.708254540594375,34.12750015258789,33.54674576458141,594912850.0,313225907.3293768,15584065.653840184
2022-01-03,34.380001068115234,34.40999984741211,34.209999084472656,34.2599983215332,34.2599983215332,13323200,34.32839996337891,34.275663513321696,34.274523834955126,0.08172477921447552,0.02251342589907894,0.05921135331539658,34.45659198594447,50.113847248024065,0.2927355812873911,23.283062601533395,-37.8379423310385,0.309220983786099,34.720104720363075,34.14400005340576,33.56789538644845,581589650.0,306564180.269925,13826321.950563133
2022-01-04,34.380001068115234,34.54999923706055,34.349998474121094,34.52000045776367,34.52000045776367,11339800,34.3357999420166,34.298933698506644,34.310333397274924,0.09016533769024448,0.03604380825731205,0.054121529432932435,34.49563642257956,54.77339119402869,1.4995653084392078,72.97404281122448,-20.27022498988331,0.3078481217676165,34.75788922379293,34.17849998474121,33.59911074568949,592929450.0,314502191.6720116,14376037.522562563
2022-01-05,34.7400016784668,34.79999923706055,34.38999938964844,34.40999984741211,34.40999984741211,10838400,34.33619995117188,34.309511426973835,34.33238100324358,0.08697580817523942,0.046230208240897526,0.040745599934341896,34.49747422771056,52.53757407414951,1.1761292138190078,85.15654281918387,-47.12647710082651,0.31514467359936604,34.77965086066703,34.20100002288818,33.62234918510933,582091050.0,304721221.14567626,10181881.677949905
2022-01-06,34.040000915527344,34.150001525878906,33.970001220703125,34.0,34.0,11784000,34.33359992980957,34.280034148214426,34.3132381439209,0.05077917120410547,0.047140000833539114,0.0036391703705663525,34.391020043423325,45.141285417019894,-0.961263657015509,-118.55085436786945,-94.25295420165304,0.3240628131071959,34.77889904696039,34.20249996185303,33.62610087674567,570307050.0,296865054.6556156,5040775.70577544
2022-01-07,34.09000015258789,34.209999084472656,33.970001220703125,34.150001525878906,34.150001525878906,10279100,34.33219993591309,34.26765008894438,34.30823829287574,0.03380723636858107,0.04447344794054751,-0.010666211571966434,34.341534178581114,48.02426232535994,-0.7555894294860247,-81.09093063909201,-77.01137833512377,0.31805817386879126,34.76246710268745,34.22200012207031,33.68153314145317,580586150.0,302004768.03896433,4114707.002244532
2022-01-10,34.06999969482422,34.27000045776367,34.06999969482422,34.25,34.25,9494600,34.33279991149902,34.265969128092536,34.31090494791667,0.028101955029967485,0.041199149358431504,-0.01309719432846402,34.32618988978249,49.913969574990624,-0.6670520455042055,-53.60632631033706,-65.51728673842983,0.3096255016595528,34.7601877355148,34.239000129699704,33.71781252388461,590080750.0,309600411.82007784,5778592.190041244
2022-01-11,34.29999923706055,34.68000030517578,34.279998779296875,34.68000030517578,34.68000030517578,11113700,34.347799911499024,34.305400668767135,34.35290496462867,0.057613773709974225,0.04448207422874005,0.013131699481234174,34.42459712254821,57.13155128638999,0.9900994498460068,79.01232968994061,-16.470545996355835,0.318223701910712,34.81566443792383,34.273000144958495,33.73033585199316,601194450.0,320714111.82007784,9470123.204136133
2022-01-12,34.65999984741211,34.77000045776367,34.619998931884766,34.75,34.75,7423400,34.3607999420166,34.347743462217885,34.398333522251676,0.08566302298986272,0.05271826398096459,0.032944759008898136,34.5225507769633,58.18785690662315,1.2234143505503254,127.4566835120404,-8.235272998177923,0.3062078321941544,34.83862744467648,34.325500106811525,33.81237276894657,608617850.0,326157913.31542397,11851493.348954558
2022-01-13,34.630001068115234,34.65999984741211,34.470001220703125,34.650001525878906,34.650001525878906,11483900,34.373199996948244,34.376529944471315,34.42923841930571,0.09868562750444454,0.06191173668566058,0.03677389081878396,34.57556066327641,56.06262106908701,0.23141981996217745,68.81209749577846,-19.9998204845123,0.3043357569872059,34.84277822997178,34.36700019836426,33.89122216675674,597133950.0,336433175.89899653,15017683.471248448
2022-01-14,34.63999938964844,34.720001220703125,34.5099983215332,34.540000915527344,34.540000915527344,10104900,34.38900001525879,34.39209860838141,34.44571467808315,0.09898892277980309,0.06932717390448909,0.029661748875314004,34.58885465683507,53.737535612535254,-0.7756404685776243,60.480952611600934,-32.94109199271167,0.29759769571454275,34.85945043974782,34.383000183105466,33.906549926463114,587029050.0,329215599.962138,12651197.680345595
2022-01-18,34.54999923706055,34.619998931884766,34.43000030517578,34.5,34.5,11651000,34.397000045776366,34.40237493139271,34.45685751778739,0.09490751216680593,0.07444324155695246,0.020464270609853466,34.58770524278244,52.878708238423684,0.7005303275684933,30.074009459614096,-37.64709050273313,0.2899120479284314,34.86759061782225,34.400000190734865,33.93240976364748,575378050.0,326149571.9540267,9557426.610545814
2022-01-19,34.70000076293945,35.060001373291016,34.65999984741211,35.04999923706055,35.04999923706055,15458300,34.40680000305176,34.46405343669441,34.51876218886603,0.1345028417122549,0.08645516158801296,0.048047680124241945,34.72781945440955,61.89599023398859,1.5353382742429147,157.36832351736584,-0.9176270486496274,0.30920414259718737,34.96376605102945,34.45200023651123,33.94023442199301,590836350.0,340834794.79062474,12095506.929041147
2022-01-20,35.09000015258789,35.13999938964844,34.93000030517578,34.959999084472656,34.959999084472656,10474400,34.41199996948242,34.51128635553043,34.56714303152902,0.1568125282811721,0.10052663492664479,0.0562858933545273,34.817286757372926,59.876774582262605,1.598370355999612,152.80420963620884,-15.384665545078702,0.3021180670168637,35.01468826146576,34.4995002746582,33.98431228785065,580361950.0,333352971.7788173,9653640.925664961
2022-01-21,35.029998779296875,35.04999923706055,34.77000045776367,34.84000015258789,34.84000015258789,18656100,34.41139999389648,34.54259243144067,34.599571591331845,0.1629320257186464,0.11300771308504512,0.04992431263360128,34.85701247354343,57.19750689749209,2.4705886840820312,107.04282084360152,-25.64100056079398,0.30053811789400736,35.05439585351308,34.525000190734865,33.99560452795665,561705850.0,324024921.7788173,4809076.112859726
2022-01-24,34.970001220703125,35.04999923706055,34.790000915527344,35.0099983215332,35.0099983215332,15249600,34.406399993896486,34.58710727811614,34.64576188950311,0.17943083604029653,0.1262923376760954,0.05313849836420112,34.93102869580101,59.93276685550584,2.5182921148703037,107.00840094150466,-11.11121979211498,0.29764241815394993,35.121621158580304,34.555000114440915,33.98837907030153,576955450.0,334582199.47589904,5749153.764614522
2022-01-25,35.0099983215332,35.2599983215332,34.97999954223633,35.130001068115234,35.130001068115234,15766300,34.4,34.63881144859224,34.700523885091144,0.19988532720437036,0.1410109355817504,0.058874391622619954,35.019988560555,61.78906949186616,2.5693461842780567,125.07239548754215,-10.077329114485533,0.2963821582355874,35.205427848316425,34.587500190734865,33.969572533153304,592721750.0,335708609.2470162,5969483.752541065
2022-01-26,34.90999984741211,34.959999084472656,34.5099983215332,34.560001373291016,34.560001373291016,25207400,34.38120002746582,34.631305727134986,34.69790495009649,0.16816296910244688,0.1464413422858897,0.021721626816557177,34.94193825359934,49.9512016101013,-0.346017678283747,10.779787665523656,-54.263451273786465,0.31949791454604765,35.2061601631092,34.59850025177002,33.990840340430836,567514350.0,316103186.0909953,-721150.7795447707
2022-01-27,34.220001220703125,34.43000030517578,34.06999969482422,34.13999938964844,34.13999938964844,13803300,34.355,34.58451464737436,34.65423820132301,0.10788845087899546,0.13873076400451084,-0.030842313125515386,34.76623285366477,43.35936876014506,-1.7553974398606116,-114.944838710493,-86.82181775168927,0.33167675482610115,35.21869520376275,34.589000129699706,33.95930505563666,553711050.0,307667803.58771044,-6076654.722848237
2022-01-28,33.90999984741211,34.099998474121094,33.880001068115234,34.029998779296875,34.029998779296875,9993600,34.33139999389648,34.53170361231936,34.60099997747512,0.05066035001059532,0.12111668120572774,-0.07045633119513242,34.591838667900944,41.803402018444515,-1.7893296371689114,-163.69230106947396,-89.13057900585474,0.32655686673375134,35.23729570441624,34.56200008392334,33.88670446343043,543717450.0,311301792.6914194,-6558850.28276062
2022-01-31,34.15999984741211,34.22999954223633,34.099998474121094,34.220001220703125,34.220001220703125,10361300,34.30520004272461,34.50201767026067,34.56842865716843,0.02040308283260117,0.10097396153110243,-0.08057087869850126,34.49738219005289,45.44506830100978,-0.9264611648587535,-116.65145682327747,-75.36225874756053,0.3175171450341586,35.21340747810386,34.53250007629394,33.851592674484024,554078750.0,320069327.1877368,-3370182.919100046
2022-02-01,34.310001373291016,34.380001068115234,34.189998626708984,34.27000045776367,34.27000045776367,18987600,34.28240005493164,34.47992079288001,34.54342869349888,0.0004532760873487973,0.0808698244423517,-0.0804165483550029,34.43282726699864,46.39565432766934,-0.6666653398154438,-81.01336556227045,-71.73911841617877,0.3084089519178794,35.21312050928932,34.53300018310547,33.852879856921625,573066350.0,317071445.59441847,-2713219.239194751
2022-02-02,34.290000915527344,34.439998626708984,34.2400016784668,34.380001068115234,34.380001068115234,17884200,34.26700004577637,34.4704046286167,34.5288573492141,-0.006407102458098279,0.06341443906226171,-0.06982154152035999,34.408759357257054,48.52087939504875,-1.911549739027902,-55.61986777822626,-63.768043830405965,0.3006652373696157,35.20938561518147,34.52600021362305,33.84261481206463,590950550.0,324225398.48981786,78452.66377490759
2022-02-03,34.27000045776367,34.380001068115234,34.02000045776367,34.36000061035156,34.36000061035156,15296200,34.26740005493164,34.459889960210496,34.51304786318824,-0.013304505613504602,0.048070650127108455,-0.06137515574061306,34.384351091520195,48.147109196111444,-1.7162428198906352,-67.58464597973447,-65.21735524853631,0.3049034782968976,35.20892753784137,34.52350025177002,33.838072965698665,575654350.0,337821984.6933528,5539554.719407678
2022-02-04,34.220001220703125,34.43000030517578,34.209999084472656,34.38999938964844,34.38999938964844,14474700,34.27380004882812,34.45323371539506,34.500333495367144,-0.01616377064190999,0.03522376597330477,-0.05138753661521476,34.37275020128059,48.78438398744704,-1.2916210131130765,-42.86622891289322,-63.043526335284916,0.2988390313259139,35.188789321941414,34.54300022125244,33.89721112056347,590129050.0,347033066.154027,10200844.686980426
2022-02-07,34.52000045776367,34.68000030517578,34.459999084472656,34.65999984741211,34.65999984741211,10795000,34.28640007019043,34.47292572796811,34.511476316906155,0.0033187650194577145,0.02884276578253536,-0.025524000763077644,34.4339584391838,54.23597852581473,-0.9997100568434594,8.810553439392196,-43.47823683235754,0.29820773734030176,35.190023079206746,34.5685001373291,33.94697719545146,600924050.0,355865304.8487142,13990644.286844254
2022-02-08,34.63999938964844,34.779998779296875,34.61000061035156,34.72999954223633,34.72999954223633,6869300,34.3018000793457,34.497408948374606,34.52685721261161,0.02412906046639307,0.0279000247193069,-0.0037709642529138304,34.50273381589531,55.556796092238216,-1.1386322622174825,35.62064302239481,-38.40578508284543,0.28904991102637395,35.199883614164214,34.59250011444092,33.98511661471762,607793350.0,358693858.27749074,15169134.36986798
2022-02-09,34.7599983215332,34.90999984741211,34.72999954223633,34.869998931884766,34.869998931884766,9599500,34.32040008544922,34.532893708708905,34.553285671415786,0.05132649042707271,0.032585317860860066,0.018741172566212647,34.59549681132396,58.15783857292785,0.8969836408436176,69.1298083468477,-28.26088158382123,0.2812606534656173,35.22040410706269,34.602000045776364,33.98359598449004,617392850.0,364026823.4154554,15969084.277742088
2022-02-10,34.72999954223633,35.029998779296875,34.720001220703125,34.72999954223633,34.72999954223633,13591900,34.34140007019043,34.55166569285437,34.56547609965006,0.06088205842514327,0.03824466597371671,0.022637392451426562,34.63484417290205,54.70965226256936,1.7281785680605024,68.84004014709575,-38.40578508284543,0.2833132895461982,35.21850756111026,34.601000022888186,33.983492484666115,603800950.0,351311679.91033626,10798874.099539757
2022-02-11,34.779998779296875,35.47999954223633,34.77000045776367,35.40999984741211,35.40999984741211,35564500,34.37280006408692,34.633411802812255,34.642523701985674,0.12191984050688376,0.05497970088035012,0.06694013962653364,34.84282309090518,65.43076538501629,4.055248655944112,144.64840705209858,-4.374985098824591,0.31664805457861267,35.350305428210234,34.638999938964844,33.92769444971945,639365450.0,379863483.13080454,16786736.951375067
2022-02-14,35.38999938964844,35.63999938964844,35.369998931884766,35.58000183105469,35.58000183105469,16345300,34.41160011291504,34.72356323407344,34.73214292980376,0.18191347655372425,0.08036645601502496,0.1015470205386993,35.05593777595519,67.50196021755202,3.974285686257548,187.31944427401396,-3.4089554438599623,0.31331608337754546,35.509703979383154,34.69099998474121,33.87229599009927,655710750.0,388944513.265449,20599668.8925696
2022-02-15,35.2599983215332,35.29999923706055,35.11000061035156,35.22999954223633,35.22999954223633,13787900,34.43760009765625,34.771795263422284,34.78347622099377,0.19892353900316095,0.10407787261265217,0.09484566639050879,35.137338162185635,59.58642800740486,2.801281212866672,105.42345296534604,-23.295468091977646,0.3245078789008011,35.573523095867564,34.72749996185303,33.88147682783849,641922850.0,392572878.8626542,21441287.47739005
2022-02-16,35.31999969482422,35.61000061035156,35.31999969482422,35.61000061035156,35.61000061035156,14515300,34.47320007324219,34.85162434408222,34.86752390180315,0.2402970516094598,0.1313217084120137,0.10897534319744609,35.299612098516505,64.45933282419378,3.5776599884316367,129.48359301922747,-1.7044777219299756,0.3284716781304035,35.676140812975696,34.75550003051758,33.834859248059466,656438150.0,407088178.8626542,24454882.58232653
2022-02-17,35.97999954223633,36.150001525878906,35.91999816894531,36.09999847412109,36.09999847412109,18813600,34.51600006103516,34.97051711837163,34.995571372622535,0.30906191755202883,0.16686975024001674,0.1421921673120121,35.556129712041646,69.55670555693872,5.064021632308466,171.64782814024917,-2.3475599381771906,0.3435809093730421,35.902341596103696,34.8125,33.722658403896304,675251750.0,417721572.9118122,26847898.451593876
2022-02-18,36.04999923706055,36.09999847412109,35.939998626708984,36.060001373291016,36.060001373291016,12423300,34.55780006408691,35.07427752360205,35.11438102722168,0.35622479971942056,0.20474076013589754,0.15148403958352302,35.75140359012371,68.69066634891124,4.8560686632209045,133.6363260148277,-4.225357157568411,0.33046797637583214,36.09168369185886,34.87350006103516,33.65531643021146,662828450.0,423933667.2040662,27362716.904593766
2022-02-22,36.16999816894531,36.2599983215332,36.0099983215332,36.150001525878906,36.150001525878906,16972300,34.605600128173826,35.1767274285808,35.23595259530204,0.3962957332510939,0.2430517547589368,0.1532439784921571,35.92930649882321,69.60765134362116,4.298908496902512,122.71685737706112,-4.910575917656956,0.3247202637775584,36.26958204409729,34.930500221252444,33.5914183984076,679800750.0,425970778.28499883,25733976.442518294
2022-02-23,36.13999938964844,36.33000183105469,36.119998931884766,36.310001373291016,36.310001373291016,11797900,34.653600158691404,35.28465828045796,35.36733365740095,0.43593766919337895,0.28162893764582525,0.1543087315475537,36.11045012642418,71.2213408186065,4.549386270890081,116.39003703540676,-0.8658201676814414,0.3165261663055844,36.45642241890084,34.98950023651123,33.522578054121624,691598650.0,435521438.8270417,25767067.65845394
2022-02-24,37.18000030517578,37.18999862670898,35.70000076293945,36.08000183105469,36.08000183105469,55587500,34.6952001953125,35.3604052852767,35.47119095211937,0.44368067353737217,0.3140392848241347,0.1296413887132375,36.192474440221076,65.81190177786475,3.470039966257377,106.3760195407861,-37.24822034104408,0.4003455732672944,36.59183625324532,35.065500259399414,33.53916426555351,636011150.0,408287414.878901,14772773.021614373
2022-02-25,35.93000030517578,36.0,35.79999923706055,35.959999084472656,35.959999084472656,16614100,34.74040016174317,35.41750945662869,35.556381316412065,0.4351180712472029,0.33825504210874835,0.09686302913845457,36.22156878089216,63.11822334377618,3.5416054087201587,51.818163914087414,-45.054935841811464,0.3917496461763549,36.66821874797905,35.156500244140624,33.6447817403022,619397050.0,418255748.12386084,12103870.064338565
2022-02-28,36.41999816894531,36.45000076293945,35.95000076293945,36.310001373291016,36.310001373291016,26526900,34.7902001953125,35.502508686787,35.66623856680734,0.45137127971480595,0.3608782896299599,0.09049299008484607,36.3293399317564,67.31961230530648,2.5416592198733987,79.65664750384477,-34.10844689952091,0.3994818143066152,36.7690398552997,35.270500373840335,33.77196089238097,645923950.0,429927648.8868003,13625480.909630358
2022-03-01,36.470001220703125,37.0099983215332,36.459999084472656,36.9900016784668,36.9900016784668,22786100,34.84560020446777,35.64417468599461,35.830000595819385,0.5132064812950077,0.39134392796296946,0.12186255333203821,36.58712850152735,73.60960163902938,3.962899873100746,137.01309779361003,-8.097050942478056,0.42094718101629897,37.0025871704269,35.409000396728516,33.81541362303013,668710050.0,451056853.82996124,19732206.836470902
2022-03-02,36.68000030517578,36.810001373291016,36.40999984741211,36.61000061035156,36.61000061035156,32694700,34.89460021972656,35.73615810736193,35.94438156854539,0.5254908818709367,0.4181733187445629,0.1073175631263738,36.692202583943484,65.96844111179296,3.91711917696958,101.54504652533512,-23.48172572761158,0.43230822744761244,37.111490526874434,35.52600040435791,33.940510281841384,636015350.0,451056853.82996124,20436575.912317395
2022-03-03,36.650001525878906,36.90999984741211,36.54999923706055,36.81999969482422,36.81999969482422,21556000,34.95080024719238,35.83938111569167,36.06761959620884,0.5458789758770095,0.44371445017105227,0.10216452570595724,36.82476574382807,67.94855314312171,3.3979193028177552,117.48816206548338,-15.289223629702708,0.42714339765503745,37.237486709534224,35.64800033569336,34.0585139618525,657571350.0,461834853.82996124,22296219.996771216
2022-03-04,37.09999847412109,37.470001220703125,36.93999862670898,37.400001525878906,37.400001525878906,24283900,35.0186003112793,35.9880116309476,36.23447685241699,0.6018996631069058,0.47535149275822297,0.12654817034868282,37.07562400461501,72.67713398516122,3.601116639076175,171.59084456031152,-2.9660879966378895,0.4430618353853138,37.4480792183425,35.80000038146973,34.15192154459696,681855250.0,479704198.0960672,26715754.84355688
2022-03-07,37.54999923706055,38.0099983215332,37.5099983215332,37.95000076293945,37.95000076293945,32373300,35.09100028991699,36.17486773875635,36.43923879350935,0.6828058425185617,0.5168423627102907,0.16596347980827098,37.41498164657774,76.25463263122327,5.2412626668625855,195.34727059294372,-2.0688829636801076,0.4549857611188126,37.74330708736367,35.978000450134275,34.21269381290488,714228550.0,504308222.241575,33923594.523216546
2022-03-08,38.369998931884766,39.36000061035156,38.34000015258789,38.97999954223633,38.97999954223633,71496600,35.18240028381348,36.44202314861158,36.725143468947635,0.8205777564457435,0.5775894414573813,0.24298831498836215,37.950210978996154,81.21508935880152,7.828486575115343,237.20573476812982,-9.405964901016183,0.5232010529969053,38.2879579659287,36.19400043487549,34.100042903822285,785725150.0,522532719.94041604,39586996.8851434
2022-03-09,37.900001525878906,38.130001068115234,37.630001068115234,37.84000015258789,37.84000015258789,36028000,35.24960029602051,36.57516381565695,36.88190534682501,0.82822727893587,0.6277170089530791,0.20051026998279087,38.081180752079554,65.0242096320757,4.213711708703802,106.32266108689544,-41.53006888342973,0.582258011648633,38.44738997518684,36.349500465393064,34.25161095559929,749697150.0,516768108.0019395,36470830.6995852
2022-03-10,38.060001373291016,38.15999984741211,37.68000030517578,37.970001220703125,37.970001220703125,13687400,35.322200317382816,36.708005473280394,37.036238752092636,0.8351524626289475,0.6692040996882528,0.1659483629406947,38.2095424498869,65.86005045825526,5.2383572442662185,91.41425902004434,-37.978126983564486,0.5749538352620398,38.60032018930838,36.50450057983399,34.4086809703596,763384550.0,519619717.6547222,32787835.722325385
2022-03-11,37.43000030517578,37.84000015258789,37.36000061035156,37.68000030517578,37.68000030517578,25774400,35.38920028686523,36.800576409651384,37.14819110688709,0.8079267931996412,0.6969486383905306,0.11097815480911066,38.22687261854311,62.28426449689823,4.7830958411948705,53.0506711305673,-45.901649596069404,0.5774571763398628,38.63997041775475,36.65200061798096,34.664030818207166,737610150.0,528211184.3213889,31034092.105356216
2022-03-14,37.27999877929688,37.33000183105469,37.060001373291016,37.11000061035156,37.11000061035156,17875000,35.44000030517578,36.83004538114664,37.19181015377953,0.731918936444842,0.7039426980013929,0.027976238443449097,38.08104249773889,55.864152450044315,2.203247608932926,5.705178782211809,-61.47541239901735,0.5804958731644988,38.64921495234483,36.73700065612793,34.82478635991104,719735150.0,516956442.44879955,23914316.202103555
2022-03-15,36.47999954223633,37.27999877929688,36.25,36.45000076293945,36.45000076293945,19905900,35.47280029296875,36.793850655603094,37.164476830618725,0.6113781043055582,0.6854297792622259,-0.07405167495666776,37.779379405712014,49.501521801329275,-1.4598564234229208,-48.07879785026729,-79.50819586699421,0.6126032236025262,38.62379631007228,36.78050060272217,34.93720489537206,699829250.0,504781027.7018292,14953656.258363843
2022-03-16,36.4900016784668,36.68000030517578,36.02999877929688,36.650001525878906,36.650001525878906,25678000,35.52060035705566,36.780150738486505,37.15204834710984,0.5259244863761552,0.6535287206850118,-0.1276042343088566,37.57507735601701,51.31121492950991,0.10926226402747832,-70.8561519400389,-76.12354042345267,0.6152745309079813,38.5544893402979,36.8515007019043,35.1485120635107,725507250.0,528088852.7895673,17344634.603990316
2022-03-17,36.900001525878906,37.06999969482422,36.790000915527344,36.84999847412109,36.84999847412109,15438800,35.56720031738281,36.78680290378504,37.151905277797155,0.46893437718723874,0.6166098519854573,-0.14767547479821852,37.45238691236799,53.12041583811531,0.08147414325232821,-35.44105025600983,-73.60710406293265,0.6013262193392193,38.51865800523943,36.91350059509277,35.30834318494611,740946050.0,519266440.9748526,13938846.11306554
2022-03-18,36.650001525878906,36.84999847412109,36.459999084472656,36.5,36.5,13874700,35.60900032043457,36.75948834151979,37.1125242687407,0.3910199190359762,0.5714918653955611,-0.18047194635958486,37.255192648217225,49.6438475958719,-2.4064210940102524,-75.26348424116057,-85.88585698902578,0.5862314457898772,38.50727629307013,36.93350067138672,35.35972504970331,727071350.0,508237902.8786828,7769320.87135452
2022-03-21,36.52999877929688,36.90999984741211,36.52000045776367,36.77999877929688,36.77999877929688,17121700,35.66460029602051,36.76144171654619,37.09790504092262,0.3478558453965874,0.5267646613957664,-0.17890881599917896,37.16167275650462,52.33163092626283,-3.0830091175785985,-58.33337043833059,-77.47748986184612,0.5736434744771794,38.49386864230403,36.96950054168701,35.445132441069994,744193050.0,513945024.5638041,6355024.638524532
2022-03-22,36.58000183105469,36.59999847412109,36.31999969482422,36.540000915527344,36.540000915527344,10010100,35.71240028381348,36.74035211644916,37.057000314621696,0.29092854107189225,0.4795974373309916,-0.18866889625909933,37.0192561580053,49.87434958278406,-6.259616868556276,-85.35717311471572,-84.68462895502573,0.5655260180482854,38.48056189754669,36.989000511169436,35.49743912479218,734182950.0,519665237.56652904,7018787.167913437
2022-03-23,36.709999084472656,37.040000915527344,36.61000061035156,36.9900016784668,36.9900016784668,15792300,35.767200317382816,36.76412826521275,37.05709566388811,0.2789094485041588,0.43945983956562507,-0.1605503910614663,37.01668741275739,54.215452638594776,-2.2462961699088737,-41.560390108882245,-71.17109996105131,0.5608455881876936,38.4817409419239,37.02300052642822,35.56426011093254,749975250.0,531784968.30587006,10508532.786279857
2022-03-24,37.130001068115234,37.369998931884766,37.02999877929688,37.290000915527344,37.290000915527344,11663500,35.81940032958985,36.81421137476652,37.082524272373746,0.29024588835473253,0.4096170493234466,-0.11937116096871409,37.09029895887632,56.895568564549315,-1.7908882889500972,-0.3909052540006125,-62.16211881687186,0.5479278499898561,38.479813896621515,37.08350048065186,35.6871870646822,761638750.0,537959900.9821035,12945586.13747859
2022-03-25,37.02999877929688,37.290000915527344,36.93999862670898,37.15999984741211,37.15999984741211,10871200,35.86760032653809,36.84714361025658,37.08980992635091,0.28544961342101516,0.38478356214296033,-0.09933394872194518,37.114745727559566,55.3826354574165,-1.3800436665395777,-6.909544181491136,-66.06605264966679,0.5337903099061783,38.44119481657698,37.14350051879883,35.84580622102068,750767550.0,540755338.8694289,13655148.550983608
2022-03-28,36.72999954223633,36.91999816894531,36.43000030517578,36.47999954223633,36.47999954223633,11396500,35.90420028686523,36.81217750854037,37.02661935715448,0.2241938225224942,0.35266561421886716,-0.12847179169637296,36.95623093351997,48.167532188407655,-1.6976584687511436,-67.66988181479422,-78.87321421215822,0.5478052550726176,38.429820461828,37.152000427246094,35.87418039266419,739371050.0,531684629.8464627,9817912.253656983
2022-03-29,36.04999923706055,36.52999877929688,35.9900016784668,36.5,36.5,14343900,35.94340026855469,36.78244631725081,36.96452407836914,0.17524195651166963,0.31718088267742767,-0.14193892616575804,36.83006556633556,48.38054115817132,0.13717211526476458,-105.37626523597031,-76.49775336994509,0.5472475297695796,38.43524466727698,37.12750034332275,35.81975601936852,753714950.0,544434819.4739624,11412474.808622658
2022-03-30,36.619998931884766,36.84999847412109,36.61000061035156,36.7599983215332,36.7599983215332,12005300,35.98860023498535,36.78030841289675,36.92952388581776,0.15563290244872974,0.2848712866316881,-0.12923838418295835,36.79354647900555,51.18876115445731,0.3001276700537846,-20.319304892012873,-58.37852550488076,0.5331583115089729,38.43246721350216,37.135000228881836,35.837533244261515,765720250.0,547436049.063561,11982234.831560671
2022-03-31,36.84999847412109,37.060001373291016,36.77999877929688,36.83000183105469,36.83000183105469,8345000,36.02420028686524,36.785041119387984,36.90047641935803,0.14408041466951715,0.2567131122392539,-0.11263269756973676,36.78167116862196,51.946769903627086,-0.05426497664699316,34.861144684075185,-39.13030257796648,0.5165043643838899,38.432488891154264,37.13550033569336,35.83851178023245,774065250.0,542071560.5007347,9419141.677175999
2022-04-01,36.56999969482422,36.7599983215332,36.45000076293945,36.540000915527344,36.540000915527344,9629900,36.05580032348633,36.76170395711554,36.84376218886602,0.11025340204066936,0.22742117019953703,-0.11716776815886767,36.69680277799927,48.58099525544267,0.10959154938998288,-49.999931225438075,-60.14490349902422,0.5067541289361288,38.40844674726992,37.09250030517578,35.776553863081645,764435350.0,538033268.8562181,6229406.9837473035
2022-04-04,36.720001220703125,36.81999969482422,36.58000183105469,36.72999954223633,36.72999954223633,9487300,36.093600311279296,36.75868448903181,36.809238306681316,0.09765089339894217,0.20146711483941807,-0.10381622144047589,36.67700659041233,50.828871704120516,-0.13594137770525996,-8.73096990249745,-46.376859668618245,0.4905573182476107,38.29484934960926,37.031500244140624,35.76815113867199,773922650.0,540405018.4572608,5112853.392790377
2022-04-05,36.84999847412109,36.959999084472656,36.45000076293945,36.4900016784668,36.4900016784668,15468300,36.12320037841797,36.73309564993038,36.75766701471238,0.06751917363934723,0.17467752659940392,-0.10715835296005669,36.5992700281662,47.97580057561799,-0.1368342523475421,-41.54813516555894,-63.768043830405965,0.4919459613394387,37.81988824388431,36.907000350952146,35.994112458019984,758454350.0,527363181.9789112,41601.37221586704
2022-04-06,36.619998931884766,36.720001220703125,36.400001525878906,36.58000183105469,36.58000183105469,12308500,36.15220039367676,36.718515286227934,36.72652429853167,0.05032175097272784,0.14980637147406872,-0.09948462050134088,36.559982271831544,49.12897024631656,-1.1084072149442072,-58.33280391427506,-57.2462806627635,0.47966408515978015,37.659338541302525,36.84400043487549,36.028662328448455,770762850.0,528901781.1611347,-1547229.3847858906
2022-04-07,36.63999938964844,36.84000015258789,36.619998931884766,36.70000076293945,36.70000076293945,10502100,36.195000381469725,36.7167519982957,36.71281004406157,0.04584708389455727,0.12901451395816643,-0.08316743006360916,36.560263625808645,50.6981399984499,-1.5821939879390507,-4.863084339312232,-48.55068858186965,0.4639736734721675,37.41233808364947,36.780500411987305,36.148662740325136,781264950.0,526037704.50695246,-2967845.5040004253
2022-04-08,36.77999877929688,37.02999877929688,36.7599983215332,36.970001220703125,36.970001220703125,9100400,36.25160041809082,36.74087097185831,36.73085774012974,0.06335731476437445,0.11588307411940804,-0.05252575935503359,36.631928139085254,54.12684273735349,-0.5112987822636287,61.54931822429457,-28.985399078942276,0.45440398367825763,37.234428650723096,36.74500045776367,36.25557226480425,790365350.0,531093653.7178765,-1670491.3943849802
2022-04-11,37.310001373291016,37.34000015258789,36.88999938964844,37.13999938964844,37.13999938964844,12147500,36.31380043029785,36.77888320212403,36.76847668602353,0.08991524342708601,0.11068950798094365,-0.02077426455385764,36.735870317780915,56.19259612399624,1.8092101307401758,108.68101748889544,-16.666666666666664,0.4540894679112002,37.240555824546206,36.746500396728514,36.25244496891082,802512850.0,532443353.0566634,-558442.9786205888
2022-04-12,37.4900016784668,37.61000061035156,37.2599983215332,37.41999816894531,37.41999816894531,10937500,36.377800369262694,36.83994177039273,36.83261933099656,0.132034147212984,0.11495843582735173,0.017075711385632283,36.89428136802907,59.43293206987233,2.5205429286172945,160.747730009655,-11.728553498809669,0.45522602168205195,37.349814884129266,36.79500026702881,36.24018564992836,813450350.0,531505778.1256,-351065.83399891853
2022-04-13,37.59000015258789,37.66999816894531,37.5099983215332,37.619998931884766,37.619998931884766,8084100,36.44480033874512,36.914232928630064,36.91119063241141,0.1794831025251682,0.12786336916691501,0.05161973335825318,37.075837563850115,61.616883396058064,2.339501223121093,177.66107837887998,-2.976151280310446,0.44056702013333393,37.49949552000153,36.8435001373291,36.18750475465667,821534450.0,534537387.9031552,730288.4574774504
2022-04-14,37.54999923706055,37.560001373291016,37.25,37.470001220703125,37.470001220703125,10087200,36.506600341796876,36.96716324216084,36.970857402256556,0.20264718909970725,0.14282013315347347,0.059827055946233776,37.1846977686799,59.049315897944346,1.7377120766494136,120.67368999593172,-11.904605121241774,0.43552644240129335,37.58511844487862,36.8745002746582,36.16388210443779,811447250.0,538767520.0486053,2452221.945044875
2022-04-18,37.880001068115234,37.900001525878906,37.560001373291016,37.59000015258789,37.59000015258789,9143700,36.5712003326416,37.02648104315389,37.03900024777367,0.22805888466772473,0.15986788345632374,0.06819100121140098,37.30339515025883,60.46851302677832,2.8735610584354396,136.57255141778194,-16.230439688832522,0.4351317183137568,37.68228316702656,36.929000282287596,36.17571739754863,820590950.0,531237347.7848079,537756.1110192537
2022-04-19,37.310001373291016,37.400001525878906,36.93999862670898,37.0099983215332,37.0099983215332,11422900,36.6236003112793,37.0249112601424,37.04671434674944,0.19910141877883802,0.1677145905208266,0.03138682825801142,37.2481017499171,51.22746737680927,0.7623163157813291,21.421146588490345,-59.333546956380204,0.45047956171126796,37.69135174500758,36.940500259399414,36.18964877379125,809168050.0,523290945.5001505,-2822722.1035657525
2022-04-20,37.0,37.220001220703125,36.95000076293945,37.220001220703125,37.220001220703125,13162600,36.674800338745115,37.04349125638628,37.073333485921225,0.19089735149165676,0.17235114271499263,0.01854620877666413,37.25526948462885,53.97036719722682,2.000546748856715,19.11857953356026,-45.333353678385414,0.4375881971435825,37.71118077655516,36.974500274658205,36.23781977276125,822330650.0,536453545.5001505,247247.90897357464
2022-04-21,37.02999877929688,37.13999938964844,36.81999969482422,37.09000015258789,37.09000015258789,12149600,36.72200035095215,37.04792067507215,37.08433347429548,0.17192373947692374,0.17226566206737887,-0.00034192259045512374,37.225650516890916,52.02002200840103,1.3941998250536958,-6.524029589776561,-54.000091552734375,0.4349034349103913,37.71788908681209,36.979500198364256,36.24111130991642,810181050.0,544806449.8131467,4138409.931059122
2022-04-22,36.81999969482422,36.9900016784668,36.61000061035156,36.720001220703125,36.720001220703125,13591500,36.75900039672852,37.01669025084652,37.0596192859468,0.1255835447341056,0.16292923860072422,-0.03734569386661862,37.10386329092166,46.832696430540366,0.05449715898608051,-64.32169844719485,-78.66668701171875,0.4381245854336725,37.68322624352905,36.95100021362305,36.218774183717045,796589550.0,539083734.514246,3533165.8967112303
2022-04-25,36.08000183105469,36.15999984741211,35.95000076293945,36.060001373291016,36.060001373291016,17676200,36.78560043334961,36.92557702441267,36.97476225353422,0.03519641236729143,0.13738267335403767,-0.10218626098674624,36.831939671316434,39.303738285956,-2.4614547399649838,-185.055956592367,-94.35894526596255,0.4618300048858153,37.717032938324486,36.89600028991699,36.074967641509495,778913350.0,539925641.8057991,3232248.757543862
2022-04-26,36.25,36.31999969482422,36.040000915527344,36.11000061035156,36.11000061035156,15447500,36.7996004486084,36.847903080216376,36.89990514119466,-0.03203227256902608,0.10349968416942493,-0.135531956738451,36.62241436515548,40.08950361660764,-2.773287011910812,-143.0108239358089,-91.79488283015213,0.448842060200891,37.750239360725026,36.87750034332275,36.00476132592048,794360850.0,532201891.8057991,357748.67719870806
2022-04-27,35.939998626708984,35.97999954223633,35.75,35.84000015258789,35.84000015258789,12830500,36.80480041503906,36.75191232520414,36.80109559921991,-0.10587777708354196,0.06162419191883156,-0.16750196900237352,36.38227673279954,37.28262754617984,-4.222335899707914,-161.8674498919407,-95.81394936214758,0.44249624235451035,37.81614710869061,36.844500350952146,35.872853593213684,781530350.0,529412689.6844915,-1738179.183103919
2022-04-28,35.84000015258789,36.04999923706055,35.79999923706055,36.040000915527344,36.040000915527344,9942000,36.82100044250488,36.684111238568256,36.72447660536993,-0.14657288041929917,0.01998477745120542,-0.16655765787050458,36.24014008816842,40.60026483064409,-4.199888519981582,-119.21922840383431,-86.51159489718067,0.4287465107577596,37.8414231345334,36.80850048065186,35.775577826770316,791472350.0,538559463.1830267,472749.0947702527
2022-04-29,36.27999877929688,36.38999938964844,36.0,36.040000915527344,36.040000915527344,9553100,36.829600448608396,36.62276739827865,36.651286170596165,-0.17678616217330756,-0.019369410473697175,-0.1574167516996104,36.12725841136254,40.600264830644086,-3.816387132610153,-79.5416652229196,-86.51159489718067,0.4259788592499509,37.85468641578425,36.76900043487549,35.68331445396672,791472350.0,530966021.35822916,-1081852.5626049638
2022-05-02,35.380001068115234,35.58000183105469,35.2400016784668,35.369998931884766,35.369998931884766,13409700,36.815000457763674,36.50345611576494,36.5180479322161,-0.25189033133471384,-0.06587359464590051,-0.18601673668881333,35.86506856863109,33.67862227666847,-5.905829240999055,-131.70987591233913,-95.11288492950698,0.45269460052213634,37.95387392710757,36.71050033569336,35.46712674427915,778062650.0,527810576.57482535,-2623480.8932864666
2022-05-03,35.43000030517578,35.689998626708984,35.41999816894531,35.470001220703125,35.470001220703125,9229300,36.80320045471191,36.40503184004477,36.39990515935989,-0.29988469346329794,-0.11267581440938,-0.18720887905391792,35.681190067009524,35.44755585899401,-4.16102991264951,-100.02311138669018,-91.3534001718048,0.4432163929722851,38.003152844529055,36.6475004196167,35.29184799470434,787291950.0,521999738.67234015,-4864551.734511793
2022-05-04,35.52000045776367,35.93000030517578,35.380001068115234,35.81999969482422,35.81999969482422,19155400,36.79660041809082,36.34931449288091,36.32109556652251,-0.3061495183525125,-0.1513705551980065,-0.15477896315450598,35.627204091199786,41.34426076135798,-3.761422568412422,-72.68233087069858,-78.19556204404685,0.4508437389785895,38.015890041419624,36.61400032043457,35.21211059944952,806447350.0,533492925.5289559,-1682198.3756796718
2022-05-05,36.18000030517578,36.18000030517578,35.58000183105469,35.66999816894531,35.66999816894531,15309900,36.78380035400391,36.28461770012513,36.231190599714004,-0.31953490722924727,-0.18500342560425465,-0.13453148162499262,35.55019852026597,39.671663709789186,-3.8285305413877166,-55.955241710111096,-83.83471747576017,0.4614976486316255,38.029667669168035,36.5685001373291,35.10733260549017,791137450.0,522775820.3206093,-3637387.4428423643
2022-05-06,35.72999954223633,35.970001220703125,35.619998931884766,35.7400016784668,35.7400016784668,11239600,36.77700035095215,36.23274950758624,36.15228598458426,-0.32079628627649726,-0.2121619977387032,-0.10863428853779405,35.51144929787962,40.87383031856054,-2.6688439805492,-55.46524123748275,-76.85185021660772,0.4535336943592494,38.02370277425499,36.52050018310547,35.017297591955945,802377050.0,519243500.60747266,-5230485.8387848735
2022-05-09,35.5099983215332,35.5099983215332,35.20000076293945,35.209999084472656,35.209999084472656,13048100,36.76200035095215,36.135344705384945,36.02747635614304,-0.36040815728710385,-0.24181122964838334,-0.11859692763872051,35.34838085487105,35.161044462329635,-2.357188731135048,-114.41462637817472,-99.50503369963232,0.4597099244426847,38.023636256570974,36.43250007629395,34.84136389601692,789328950.0,507037078.8438381,-9290570.667482793
2022-05-10,35.38999938964844,35.439998626708984,34.869998931884766,34.90999984741211,34.90999984741211,14551900,36.73400032043457,36.01864519510182,35.88247633434477,-0.41126744656477854,-0.2757024730316624,-0.13556497353311614,35.143422660789255,32.40057959208691,-3.3231812313939755,-141.19919420863258,-98.23784548630658,0.46758776518422285,38.00785388606244,36.32100009918213,34.634146312301816,774777050.0,494527598.61335,-14087206.291879714
2022-05-11,35.13999938964844,35.310001373291016,35.08000183105469,35.20000076293945,35.20000076293945,13111900,36.69820030212402,35.9406790587054,35.77571449279785,-0.42329368340334383,-0.3052207151059987,-0.11807296829734515,35.057842665093695,37.50807801619179,-1.785712575121809,-111.21686088934727,-84.43389606043048,0.4627601766624145,37.8851003346631,36.21000022888184,34.53490012310058,787888950.0,495097586.67000663,-14587451.366389513
2022-05-12,35.06999969482422,35.119998931884766,34.61000061035156,34.65999984741211,34.65999984741211,11525900,36.659200286865236,35.8187096100108,35.62809540884835,-0.47096908520322245,-0.3383703891254435,-0.13259869607777897,34.855096599251176,32.57291299859009,-3.8290816677551183,-157.285623810982,-97.19105217137862,0.4718487463713771,37.73568644195626,36.0620002746582,34.388314107360145,776363050.0,485831640.01535755,-16414220.890041888
2022-05-13,34.279998779296875,34.560001373291016,34.22999954223633,34.38999938964844,34.38999938964844,8445900,36.610600280761716,35.68264196997629,35.46885722932362,-0.524492936973985,-0.37559489869515184,-0.1488980382788332,34.62683990884006,30.41784953928561,-4.578250510443316,-180.40641074183824,-92.59259913356917,0.46885957200026307,37.60180812171417,35.90800018310547,34.21419224449677,767917150.0,485575650.3982123,-15750785.037896633
2022-05-16,34.31999969482422,34.720001220703125,34.290000915527344,34.709999084472656,34.709999084472656,7276000,36.55680023193359,35.59000931421404,35.35476188659668,-0.534923410005284,-0.4074606009571783,-0.1274628090481057,34.53144756778122,35.83615623008569,-1.8659877504750038,-126.59528977053934,-77.77779740070748,0.46608391008422867,37.34743242012697,35.76400012969971,34.18056783927245,775193150.0,492513159.7397783,-11840100.577166498
2022-05-17,34.720001220703125,34.7400016784668,34.459999084472656,34.5099983215332,34.5099983215332,7379900,36.48800018310547,35.48715112443492,35.23533314296177,-0.552953916574765,-0.4365592640806957,-0.11639465249406933,34.41032759528523,34.05144461556705,-2.706520626251311,-106.42855664542769,-87.03709263533787,0.45279238750636525,37.20385144101789,35.63900012969971,34.07414881838153,767813250.0,487768873.6769181,-10673447.901671827
2022-05-18,34.45000076293945,34.66999816894531,34.380001068115234,34.5099983215332,34.5099983215332,7700400,36.39860015869141,35.394088952729994,35.12780916123163,-0.5607789127010037,-0.4614031938047573,-0.09937571889624636,34.32010250539572,34.05144461556706,-3.6571786277270775,-96.87722536110306,-87.03709263533787,0.4411641527437733,36.963066562879035,35.50349998474121,34.04393340660339,767813250.0,486972203.73045594,-9479353.344510019
2022-05-19,34.95000076293945,35.13999938964844,34.81999969482422,35.029998779296875,35.029998779296875,7753700,36.34240013122559,35.359413698117315,35.08271380833217,-0.519037446793682,-0.47293004440254227,-0.04610740239113975,34.390093524683316,42.66199042931706,-1.7942232197971568,-19.463696349739582,-58.97441415076069,0.45465250384173483,36.67695698986853,35.40049991607666,34.124042842284794,775566950.0,489395200.3186828,-7358147.261734307
2022-05-20,34.970001220703125,35.09000015258789,34.81999969482422,35.040000915527344,35.040000915527344,5984000,36.28380012512207,35.32899343310875,35.04838057018462,-0.47962117122062864,-0.47426826976615954,-0.0053529014544690945,34.45848944560577,42.816647127491244,-1.9585918580445973,-17.472139070610808,-58.46148428834405,0.441463071979016,36.447381777176595,35.316499900817874,34.18561802445915,781550950.0,493162941.5978758,-4622631.887970567
2022-05-23,35.2599983215332,35.31999969482422,35.099998474121094,35.22999954223633,35.22999954223633,6286500,36.23480010986328,35.31956544350185,35.0401424407959,-0.42811711989492096,-0.4650380397919119,0.03692091989699092,34.571403447622565,45.80692988247316,0.05680334644624267,26.75954173975912,-48.7179687820948,0.42992990821600596,36.35339786303474,35.27499980926514,34.196601755495536,787837450.0,494305961.41685206,-2719630.030122936
2022-05-24,35.33000183105469,35.529998779296875,35.31999969482422,35.47999954223633,35.47999954223633,7259800,36.20220008850097,35.33484488147656,35.059666224888396,-0.36294309541016645,-0.4446190509155628,0.08167595550539636,34.73538467316333,49.54559013777749,1.632769112906407,74.14819541305478,-35.8974609776185,0.420649145990616,36.25737009246878,35.243499755859375,34.22962941924997,795097250.0,498108751.4767976,-483911.5210095644
2022-05-25,35.209999084472656,35.279998779296875,34.97999954223633,35.2599983215332,35.2599983215332,7007700,36.17840003967285,35.32771663767243,35.06123751685733,-0.32529467679118795,-0.4207541760906879,0.09545949929949993,34.81812029928146,46.50510660562013,0.17044760594698286,36.855356934220914,-40.80472495840011,0.42631706413414344,36.19095290644915,35.21449966430664,34.23804642216414,788089550.0,504182067.71473354,2407111.355790019
2022-05-26,35.08000183105469,35.22999954223633,34.97999954223633,35.20000076293945,35.20000076293945,5991000,36.149400024414064,35.315553221031195,35.05985666910807,-0.2968771207035559,-0.3959787650132615,0.09910164430970564,34.87484948530405,45.681776853989845,1.5579945698345494,43.861890176029306,-25.38447769427824,0.4158657580743385,36.07258660358955,35.172499656677246,34.27241270976494,782098550.0,508735286.2205929,4819725.570364177
2022-05-27,35.34000015258789,35.349998474121094,35.16999816894531,35.22999954223633,35.22999954223633,4702600,36.117000045776365,35.30740525162216,35.06533284868513,-0.2688363736174466,-0.3705502867340985,0.1017139131166519,34.93296585732053,46.19470071663521,2.44257100173353,73.08233462692777,-23.076877932550243,0.39901822572444157,35.940544608590486,35.1319995880127,34.32345456743491,786801150.0,507167819.3278705,4869807.7767906785
2022-05-31,35.20000076293945,35.2599983215332,34.86000061035156,34.869998931884766,34.869998931884766,7513500,36.084400024414066,35.26574750688526,35.04038040524437,-0.2725214623544616,-0.35094452185817115,0.07842305950370954,34.8904966222097,41.17038816115448,0.4609618312657476,12.545347922452958,-50.769248826979904,0.39908818897138437,35.915482847905395,35.1069995880127,34.29851632812,779287650.0,500029933.4213502,2176440.6385459304
2022-06-01,35.06999969482422,35.150001525878906,34.91999816894531,35.09000015258789,35.09000015258789,7931900,36.05060005187988,35.24900966361885,35.03876141139439,-0.254753027521339,-0.33170622299080477,0.07695319546946577,34.915854439558444,45.10011583817476,1.6806776565178323,29.991859719029524,-33.84606807184546,0.39058207504443837,35.87914107219854,35.087999534606936,34.29685799701533,787219550.0,503823416.49429274,2083767.7289688587
2022-06-02,35.38999938964844,35.540000915527344,35.349998474121094,35.52000045776367,35.52000045776367,9447800,36.03020004272461,35.27481831068026,35.079904356456936,-0.20362670206801425,-0.3060903188062467,0.10246361673823245,35.05102464894034,51.867669654822635,2.9266942490700085,120.61140066886294,-1.5267509005296942,0.39482626703693946,35.818093559906174,35.07299957275391,34.32790558560164,796667350.0,511282186.00119925,4229667.4973422885
2022-06-03,35.349998474121094,35.439998626708984,35.099998474121094,35.150001525878906,35.150001525878906,6764400,35.99340003967285,35.262930997842034,35.087237875802174,-0.19076551626983473,-0.28302535829896436,0.09225984202912962,35.06795025607778,46.550274602812756,0.3425713695798192,53.540713574855886,-31.199951171874996,0.3966245325087708,35.74152510370014,35.04699974060058,34.352474377501025,789902950.0,506507435.9512716,3203781.7051233053
2022-06-06,35.220001220703125,35.22999954223633,34.970001220703125,34.97999954223633,34.97999954223633,6880900,35.947200012207034,35.235985144927206,35.08085690452939,-0.19207653445334927,-0.2648355935298413,0.07275905907649205,35.039383493258626,44.302914382676086,-0.1712367914477625,-6.325843464874896,-48.27598680640738,0.38686551743908737,35.62660542687777,35.00899963378906,34.39139384070035,783022050.0,500155750.5264436,471857.4544863701
2022-06-07,35.08000183105469,35.2599983215332,35.040000915527344,35.209999084472656,35.209999084472656,5806600,35.90819999694824,35.23351028202677,35.099999709356396,-0.17256723724547385,-0.24638192227296782,0.07381468502749397,35.077215360814854,47.963229249750114,-0.05677109856244491,20.263931601501188,-28.448437453755016,0.37923217900035794,35.62660542687777,35.00899963378906,34.39139384070035,788828650.0,503322996.0432545,319115.88416689634
2022-06-08,35.22999954223633,35.34000015258789,35.18000030517578,35.20000076293945,35.20000076293945,5678600,35.88260002136231,35.23031889925655,35.11819029308501,-0.15611318403117735,-0.22832817462460972,0.07221499059343237,35.10698839865339,47.81611826505664,-0.7891735707706452,38.525106812970556,-47.22216335353706,0.3635727267440545,35.6447339389825,35.02349967956543,34.40226542014837,783150050.0,499064079.8903804,-1127489.5236207247
2022-06-09,35.130001068115234,35.16999816894531,34.959999084472656,35.09000015258789,35.09000015258789,4445500,35.85440002441406,35.216955209097634,35.1245236714681,-0.15021774163741242,-0.21270608802717028,0.062488346389757865,35.10392233135498,46.13939547860994,-0.48212755824635134,-62.82080751289367,-62.5,0.35474622329567895,35.6348180500596,35.01799964904785,34.4011812480361,778704550.0,500122601.4889272,-1279981.2705761194
2022-06-10,34.81999969482422,35.63999938964844,34.72999954223633,35.560001373291016,35.560001373291016,12473000,35.83040008544922,35.24962627235415,35.176142883300784,-0.10639394732253038,-0.1914436598862423,0.08504971256371191,35.22423095863262,53.62251552691277,1.0227289845135215,67.5578385202711,-8.790992282572695,0.39440719644685257,35.69977701339714,35.0629997253418,34.426222437286455,791177550.0,510402600.5541166,2044906.469191134
2022-06-13,34.88999938964844,34.90999984741211,34.54999923706055,34.619998931884766,34.619998931884766,10601400,35.78620002746582,35.189661763738016,35.13395233154297,-0.14583254884245633,-0.18232143767748513,0.03648888883502879,35.079407510440625,41.27207448908552,-1.7314806082249552,-226.02042090332708,-93.57801054816142,0.43837826357425375,35.66915957744172,35.074499702453615,34.47983982746551,780576150.0,503923942.2571641,1157795.952866435
2022-06-14,34.56999969482422,34.58000183105469,34.290000915527344,34.34000015258789,34.34000015258789,6440400,35.74220001220703,35.10874161029515,35.06399999346052,-0.19740591363709825,-0.18533833286940776,-0.012067580767690489,34.88874132169293,38.43254570709764,-1.5199277187595484,-254.32063684425884,-96.2963486241643,0.43063681734448006,35.7144655123523,35.055999755859375,34.39753399936645,774135750.0,499704328.9452281,-652971.3078702688
2022-06-15,34.720001220703125,35.0,34.45000076293945,34.79999923706055,34.79999923706055,13294900,35.703600006103514,35.07933757474899,35.03961899167015,-0.19886767232298297,-0.1880442007601228,-0.010823471562860176,34.853303195852064,45.11353464433159,-0.8264488864812848,-103.0961420538929,-62.2223038536963,0.4470198909207393,35.691965719471575,35.07049980163574,34.449033883799906,787430650.0,503330160.46646214,-180705.0388816595
2022-06-16,34.7599983215332,35.20000076293945,34.66999816894531,35.189998626708984,35.189998626708984,6944400,35.67759994506836,35.089876722554706,35.05099983215332,-0.1666355641724664,-0.18376247344259153,0.01712690927012514,34.927255715349084,50.06139678193613,-0.9290591970771171,-10.522900741139049,-33.33342752349574,0.45294722685455363,35.67161488006998,35.10449981689453,34.53738475371908,794375050.0,510012452.9385898,2155106.4976435304
2022-06-17,35.08000183105469,35.099998474121094,34.84000015258789,34.88999938964844,34.88999938964844,7138600,35.64379989624023,35.070840786087444,35.030571220034645,-0.1634150702682362,-0.17969299280772047,0.016277922539484263,34.91154434754064,46.58269019882714,-0.7396931008354133,-29.349220565373713,-55.55561834899716,0.44559374451644934,35.67153425607295,35.09749984741211,34.523465438751266,787236450.0,505619444.15299183,1516971.4673823714
2022-06-21,34.849998474121094,35.029998779296875,34.72999954223633,34.7599983215332,34.7599983215332,8673900,35.60499984741211,35.04123674184418,34.99842821756999,-0.1694000668565252,-0.17763440761748145,0.008234340760956249,34.86625374444138,45.11953333476481,-0.6289343155579126,-56.93679326770841,-65.18533798255974,0.4351941368410277,35.67582709202555,35.0834997177124,34.49117234339925,778562550.0,498680257.9762183,-1089913.1437326074
2022-06-22,34.959999084472656,35.11000061035156,34.86000061035156,34.91999816894531,34.91999816894531,7787600,35.563999786376954,35.0296902110919,34.98285664149693,-0.15939516106397633,-0.17398655830678045,0.014591397242804116,34.87202204546803,47.31298102331196,-0.8236322722747016,-15.335029300495295,-53.33348403759317,0.42910900483940856,35.66040560902717,35.06799964904785,34.475593689068525,786350150.0,494630553.8746558,-3345825.14025563
2022-06-23,34.91999816894531,35.06999969482422,34.619998931884766,34.68000030517578,34.68000030517578,7017900,35.5147998046875,34.996386410528466,34.94590432303293,-0.16888521932135347,-0.17296629050969506,0.004081071188341584,34.81583170002843,44.443581473303006,-1.4772739957186527,-59.47714251584547,-71.11112366979944,0.43060127327512604,35.611698881470105,35.02799968719482,34.44430049291954,779332250.0,489484133.5355722,-5602029.688518405
2022-06-24,34.68000030517578,34.790000915527344,34.599998474121094,34.65999984741211,34.65999984741211,7656500,35.459599838256835,34.96434959499357,34.910856719244094,-0.17599131037798088,-0.17357129448335223,-0.0024200158946286465,34.766011529259956,44.202990345942304,-1.2254212120431374,-81.14548170000313,-72.59264073423115,0.41341564242734913,35.59249523938172,34.99799976348877,34.40350428759582,771675750.0,486663366.2893467,-6913263.88310504
2022-06-27,34.75,34.779998779296875,34.59000015258789,34.630001068115234,34.630001068115234,5301400,35.39979988098145,34.93250687814801,34.87580922444661,-0.18194622667248694,-0.1752462809211792,-0.006699945751307751,34.71898440660301,43.81982211078784,-2.6152988449384624,-74.03987590802377,-74.81477504563514,0.39745728416175163,35.577035457979406,34.96949977874756,34.36196409951572,766374350.0,483594201.93493867,-7797751.631556213
2022-06-28,34.63999938964844,34.68000030517578,34.540000915527344,34.560001373291016,34.560001373291016,4482400,35.3415998840332,34.89703016339973,34.8368093763079,-0.19012231934878088,-0.17822148860669956,-0.011900830742081314,34.6640080495465,42.88564959019338,-0.1733031786390169,-85.99345104833141,-79.99994348590256,0.37906743455365777,35.556142103610156,34.93599987030029,34.31585763699043,761891950.0,480392522.5452929,-8469417.186122954
2022-06-29,34.7599983215332,34.779998779296875,34.470001220703125,34.54999923706055,34.54999923706055,8549000,35.280799865722656,34.86397959898647,34.80004741123744,-0.19515934505544408,-0.1816090598964485,-0.01355028515899559,34.61823294244917,42.745423957295834,0.611529072625326,-75.46003108463916,-80.74084330336203,0.3741338719850929,35.56224630593495,34.91999988555908,34.27775346518321,753342950.0,476255834.98376507,-9290461.211102486
2022-06-30,34.529998779296875,34.630001068115234,34.279998779296875,34.310001373291016,34.310001373291016,6780400,35.22679992675781,34.811219767967856,34.74195231483096,-0.21602682333081447,-0.1884926125833217,-0.027534210747492766,34.52047189294853,39.41516461820183,-1.4080398692874223,-127.76351563918763,-97.79392790225404,0.3724101874731834,35.570228575109084,34.88099994659424,34.19177131807939,746562550.0,470637882.17235154,-10569285.914852738
2022-07-01,34.04999923706055,34.369998931884766,34.02000045776367,34.29999923706055,34.29999923706055,12925000,35.16839988708496,34.76253209835764,34.68661891392299,-0.23071203429051934,-0.19693649692476123,-0.03377553736575811,34.440055245378524,39.2778218190531,-2.5291259573194007,-175.54070597479244,-76.27129602689683,0.370809350805177,35.48783227981685,34.819999885559085,34.15216749130132,733637550.0,478392882.17235154,-7664097.301400304
2022-07-05,34.060001373291016,34.099998474121094,33.5,33.58000183105469,33.58000183105469,12462100,35.098199920654295,34.64991016813831,34.56852386111305,-0.2970240349883042,-0.21695400453746985,-0.08007003045083436,34.190008319377625,30.924365635945733,-3.754650563228198,-239.36089877843835,-95.29401204995007,0.4014657712519892,35.58238629915879,34.74149990081787,33.90061350247695,721175450.0,469254093.35325766,-8686671.374572277
2022-07-06,33.47999954223633,33.540000915527344,32.900001525878906,33.04999923706055,33.04999923706055,10507300,35.02479988098145,34.497537698511856,34.407428559802824,-0.38787240160874603,-0.2511376839517251,-0.13673471765702094,33.851103288799116,26.462808280263765,-4.919445244660274,-246.54980408728278,-93.47835822009483,0.42136109510368863,35.754368808164145,34.64499988555908,33.535630962954016,710668150.0,463672019.7712535,-10091414.05563736
2022-07-07,33.09000015258789,33.220001220703125,33.02000045776367,33.06999969482422,33.06999969482422,5567000,34.96499984741211,34.36158169816065,34.2574285416376,-0.4530342204030475,-0.2915169912419896,-0.16151722916105793,33.58347800486184,26.891455923325438,-5.297819504945779,-178.38642346738868,-92.60877281148258,0.4055496428062432,35.809685307112254,34.53799991607666,33.26631452504106,716235150.0,460888466.68040687,-10634356.221739113
2022-07-08,33.08000183105469,33.290000915527344,32.97999954223633,33.09000015258789,33.09000015258789,5847100,34.904599838256836,34.240478693820386,34.11952380225772,-0.4973286661849343,-0.33267932623057855,-0.16464933995435577,33.37553090155013,27.347522777223855,-4.584775486148403,-133.76324499759076,-91.40277351045503,0.3987247664122984,35.81248334443814,34.43249988555908,33.05251642668002,722082250.0,459190926.16111815,-10429835.79839629
2022-07-11,32.9900016784668,33.099998474121094,32.880001068115234,32.880001068115234,32.880001068115234,5517800,34.84539985656738,34.11090939613418,33.971666772024975,-0.5431167923687283,-0.3747668194582085,-0.16834997291051984,33.1576912508765,25.545590481321188,-5.135599501249792,-119.76488741650161,-100.0,0.38595852638326705,35.82236741387112,34.32199993133545,32.821632448799775,716564450.0,453673126.16111815,-11153665.098083615
2022-07-12,32.84000015258789,32.93000030517578,32.75,32.77000045776367,32.77000045776367,4163900,34.77999984741211,33.98320378295604,33.82385729835147,-0.5815762927132084,-0.4161287141092085,-0.16544757860399995,32.95842110723718,24.630109765184187,-5.371067146931493,-108.39635607632536,-99.15252319529306,0.37124722486844663,35.7149725576484,34.18249988555908,32.65002721346976,712400550.0,450434556.8820947,-11466261.391455531
2022-07-13,32.619998931884766,33.150001525878906,32.619998931884766,32.939998626708984,32.939998626708984,6642700,34.71799980163574,33.88385091093251,33.70552384512765,-0.5915196223240642,-0.45120689575217965,-0.14031272657188454,32.847638768508716,28.872444843981214,-4.687507761021147,-85.8265640656543,-86.93879203366897,0.38258689409171054,35.708074122389434,34.098499870300294,32.488925618211155,719043250.0,451813183.55821407,-10113100.351664662
2022-07-14,32.40999984741211,32.56999969482422,32.2400016784668,32.45000076293945,32.45000076293945,10403200,34.65959983825684,33.74729375398079,33.5485239301409,-0.6316571646010871,-0.4872969495219612,-0.14436021507912594,32.63844702064295,24.57815805919598,-6.0781433299381975,-111.93517907961792,-91.76473932146239,0.4052590408167446,35.76094431661039,34.003999900817874,32.247055485025356,708640050.0,454650441.7870279,-7737397.730612695
2022-07-15,32.400001525878906,32.45000076293945,32.27000045776367,32.400001525878906,32.400001525878906,6047800,34.59819984436035,33.618980208447276,33.39576218014672,-0.6598941278645469,-0.5218163851904783,-0.13807774267406858,32.46317264138391,24.18290984612344,-5.566889451945546,-101.7889498420068,-93.70078621901494,0.38916913112810436,35.73253807511835,33.88400001525879,32.035461955399235,702592250.0,457338409.86230445,-5206857.022538602
2022-07-18,32.619998931884766,32.689998626708984,32.40999984741211,32.41999816894531,32.41999816894531,4114400,34.53019981384277,33.50479144278042,33.25633343287877,-0.672901769973187,-0.5520334621470201,-0.12086830782616687,32.33431105771645,24.704426794415717,-5.481052798636585,-82.0943957289413,-92.91351590835704,0.38208541467824536,35.59695826626422,33.745499992370604,31.894041718476995,706706650.0,453517847.5298794,-4913918.654776394
2022-07-19,32.5,32.58000183105469,32.470001220703125,32.5099983215332,32.5099983215332,6225000,34.46699981689453,33.41004924075688,33.13866660708473,-0.6682450469746755,-0.5752757791125512,-0.09296926786212423,32.26184833305255,27.133821833355743,-3.1864307658612105,-76.79627916768463,-89.370198769984,0.36622243235189744,35.47435566676973,33.62649993896484,31.77864421115995,712931650.0,451819767.0055348,-4887658.70254904
2022-07-20,32.54999923706055,32.56999969482422,32.20000076293945,32.209999084472656,32.209999084472656,7084200,34.39639976501465,33.295758749682186,33.00376176379976,-0.6809128521746928,-0.5964031937249795,-0.08450965844971325,32.13435782293452,24.31734350432756,-2.541604151221759,-95.0511967527791,-99.58854649063595,0.36649218231853087,35.36819152620186,33.498999977111815,31.629808428021768,705847450.0,445118433.56703925,-6564825.843200147
2022-07-21,32.25,32.66999816894531,32.2400016784668,32.65999984741211,32.65999984741211,6492500,34.34539978027344,33.23521028279932,32.92385698954264,-0.6471805833969171,-0.606558671659367,-0.04062191173755003,32.15630662715664,35.185275399681146,-1.2397939255992143,-62.48129522753011,-78.80186762110355,0.37317124675811125,35.16918210287629,33.386000061035155,31.602818019194014,712339950.0,451309005.04440373,-4684410.0358323455
2022-07-22,32.720001220703125,33.040000915527344,32.66999816894531,32.75,32.75,5483200,34.30219978332519,33.18899977967558,32.86328555515834,-0.6061973910324241,-0.6064864155339785,0.0002890245015544357,32.206905965771774,37.129785319322544,-1.0275012119070661,3.1336199703342618,-71.05263686246795,0.3736590911407629,34.9890591273399,33.289500045776364,31.589940964212825,717823150.0,448196955.22688925,-4479491.235133529
2022-07-25,32.7400016784668,32.7400016784668,32.56999969482422,32.650001525878906,32.650001525878906,4619500,34.25119979858398,33.13766661264732,32.802380934215726,-0.5751569061635493,-0.6002205136598927,0.0250636074963434,32.23091861379391,35.84308709609699,-0.6995119670460287,-19.806111811048865,-66.4178573360321,0.3598263207146928,34.787198449475106,33.18900012969971,31.590801809924304,713203650.0,447925268.71280867,-4074880.049770236
2022-07-26,32.650001525878906,32.709999084472656,32.560001373291016,32.61000061035156,32.61000061035156,4152800,34.21019981384277,33.08741270766677,32.74723812284924,-0.5474738995287112,-0.5896711908336565,0.04219729130494532,32.24800350708499,35.31587486872752,-0.48825097704325227,-18.92078230909198,-62.385340365440946,0.34483856289090337,34.559456935474,33.08800010681152,31.616543278149038,709050850.0,446541002.046142,-3979362.1360818744
2022-07-27,32.61000061035156,33.04999923706055,32.5099983215332,32.95000076293945,32.95000076293945,8001500,34.1813998413086,33.074325855787976,32.734095328194755,-0.4924233961237121,-0.5702216318916676,0.07779823576795553,32.357375283202686,42.991496703094256,0.03036471356243058,54.248847794348734,-31.192670182720473,0.3587787309363634,34.31506093416729,33.007500076293944,31.699939218420592,717052350.0,451579033.7716538,-1975516.337266326
2022-07-28,33.27000045776367,33.369998931884766,33.189998626708984,33.349998474121094,33.349998474121094,4362300,34.154199829101564,33.10058039086732,32.76671422322591,-0.41177234787882355,-0.5385317750890989,0.12675942721027533,32.5570482325992,50.44210586778494,2.7734905701743817,189.2146164635161,-1.7094435097878113,0.36315154793700266,34.062361319671105,32.94750003814697,31.832638756622835,721414650.0,454971913.22742456,103383.71065497398
2022-07-29,33.38999938964844,33.56999969482422,33.279998779296875,33.45000076293945,33.45000076293945,6222600,34.132999877929684,33.13385852154086,32.814571435110906,-0.33591425173701595,-0.4980082704186823,0.16209401868166634,32.75158210292391,52.12665257016244,3.2407382333666845,185.19809815760132,-8.759052951937562,0.3579265027648842,33.860919938712556,32.904500007629395,31.948080076546237,727637250.0,456044837.39148235,1285829.2633089423
2022-08-01,33.61000061035156,33.709999084472656,33.5,33.630001068115234,33.630001068115234,6249400,34.11539993286133,33.18111019264318,32.8836667742048,-0.25829418908497814,-0.4500654541519415,0.19177126506696335,32.9612530197859,55.086025424385085,3.7322731878774986,173.2885034119433,-5.297887766934373,0.35093163267690697,33.66222500209775,32.871000099182126,32.0797751962665,733886650.0,457532887.0772226,2126133.7745566964
2022-08-02,33.7599983215332,33.91999816894531,33.41999816894531,33.41999816894531,33.41999816894531,9735500,34.083199920654295,33.20386142848148,32.935952304658436,-0.2112895941878392,-0.40231028215912107,0.19102068797128186,33.08080246222715,51.11594744202078,2.7991384017063,134.17753383818723,-29.069811283093106,0.361579373199985,33.628195263838286,32.86299991607666,32.097804568315034,724151150.0,447797387.0772226,-821049.2685289383
2022-08-03,33.56999969482422,33.599998474121094,33.31999969482422,33.52000045776367,33.52000045776367,6504800,34.05279991149902,33.23396990746074,32.998523784819106,-0.16407738318962117,-0.3546637023652211,0.19058631917559993,33.20590513666596,52.85828504609453,4.067064298435583,92.79983059343566,-23.255715955438948,0.3557521879211914,33.70053382278848,32.88649997711182,32.07246613143516,730655950.0,450585234.46686834,-1065031.8650376797
2022-08-04,33.7400016784668,34.099998474121094,33.689998626708984,34.04999923706055,34.04999923706055,5525700,34.02919990539551,33.31168698647024,33.109333238147556,-0.08293882655832618,-0.3003187272038421,0.21737990064551593,33.446279408120546,60.827202186672984,4.255968757325568,132.5849654429065,-2.6315419627243375,0.3717697470952079,33.893131818344415,32.93549995422363,31.977868090102845,736181650.0,454763222.8227332,261338.08280557394
2022-08-05,33.619998931884766,33.790000915527344,33.599998474121094,33.68000030517578,33.68000030517578,5490900,33.9931999206543,33.346764445394584,33.18023803347633,-0.04793914482879558,-0.2498428107288328,0.20190366590003722,33.54649975712134,53.96846329169561,2.8396955883229964,82.01591091995729,-22.10519341542304,0.37735767679836824,33.974782055986985,32.964999961853025,31.955217867719064,730690750.0,453896285.0296076,504342.11976468563
2022-08-08,33.83000183105469,34.0,33.810001373291016,33.970001220703125,33.970001220703125,3199000,33.967399978637694,33.406120328757304,33.2759524390811,0.0031625494438571877,-0.1992417386942948,0.20240428813815198,33.702232484209645,57.968844180457616,4.042877896278094,100.09361280291144,-6.841968948326849,0.37326067808592894,34.118744900322625,33.019499969482425,31.92025503864222,733889750.0,456085108.3074601,1254347.348767817
2022-08-09,34.119998931884766,34.189998626708984,34.0,34.06999969482422,34.06999969482422,3685400,33.94479995727539,33.46934693504939,33.3760000319708,0.05114053520623685,-0.14916528391418846,0.2003058191204253,33.85345198156119,59.28286360323988,4.477151355861064,112.13710925383532,-6.153801009429161,0.36231330150878116,34.267588842251854,33.08449993133545,31.901411020419044,737575150.0,455115273.99099857,1138552.4464161396
2022-08-10,34.119998931884766,34.22999954223633,33.95000076293945,34.0099983215332,34.0099983215332,3751300,33.92039993286133,33.52083754328594,33.46414273579915,0.08336089273239367,-0.10266004858487204,0.1860209413172657,33.95871190046287,58.1089769047157,3.21698796373317,100.45559246152527,-12.790759567786235,0.35643369277935927,34.385150150133526,33.13799991607666,31.890849682019788,733823850.0,452971615.5822792,305603.90664190054
2022-08-11,34.060001373291016,34.16999816894531,33.88999938964844,33.900001525878906,33.900001525878906,3160400,33.90099998474121,33.556948398770984,33.53671431768508,0.09888010774790246,-0.062352017318317146,0.1612321250662196,34.01279839028633,55.92277994090385,1.6491846384478952,79.27713807715455,-19.18591756711201,0.35097405610203897,34.45782485492417,33.210499954223636,31.963175053523102,730663450.0,450037007.6476743,-996668.8303347826
2022-08-12,34.06999969482422,34.22999954223633,34.0,34.209999084472656,34.209999084472656,3833500,33.883399963378906,33.619143702171144,33.63190471104213,0.13464134802966754,-0.02295334424872021,0.15759469227838774,34.13363813122397,60.4399441354959,2.272042762926435,98.34448171809095,-1.1628164865776003,0.349475767548852,34.562537250579865,33.30099983215332,32.03946241372678,734496950.0,453203795.409106,-431196.22315740585
2022-08-15,33.84000015258789,33.880001068115234,33.720001220703125,33.779998779296875,33.779998779296875,3737300,33.84859992980957,33.634463233325974,33.677523658389134,0.12682302079446117,0.007001928759916065,0.1198210920345451,34.11687262577465,52.41563412076452,0.4460235100136651,20.188748047031098,-26.1628164865776,0.3595130601360434,34.57880805145398,33.3689998626709,32.15919167388781,730759650.0,452269359.02878034,-457987.53003776073
2022-08-16,33.689998626708984,33.77000045776367,33.65999984741211,33.709999084472656,33.709999084472656,2229700,33.81979988098144,33.64165712391137,33.70999977475121,0.11366825290860305,0.028335193589653463,0.08533305931894959,34.08074297796373,51.22339311603969,0.8677466529511056,-16.68433857369749,-50.0,0.342404908118095,34.58004950863439,33.42899990081787,32.27795029300135,728529950.0,452066616.85233426,-491821.2544454932
2022-08-17,33.66999816894531,33.66999816894531,33.41999816894531,33.5,33.5,5118500,33.79019989013672,33.628165969253146,33.71676168895903,0.08531438240866152,0.03973103135345508,0.04558335105520644,33.992776976774465,47.71683697862993,-0.059667235950289214,-82.12801839695743,-76.84199536615041,0.3386617657901842,34.49952667625934,33.49349994659424,32.48747321692914,723411450.0,450224031.8303616,-1047228.3528357744
2022-08-18,33.560001373291016,33.599998474121094,33.33000183105469,33.40999984741211,33.40999984741211,3298800,33.75419990539551,33.60738824336352,33.70880929856073,0.054948068478232415,0.04277443877841054,0.012173629699821872,33.8940075918357,46.25538261581725,-1.8795870895405256,-109.72681154000225,-90.10987168362321,0.33375711416705717,34.46315591586441,33.530999946594235,32.59884397732406,720112650.0,448880052.10784894,-1606867.681809783
2022-08-19,33.36000061035156,33.369998931884766,33.13999938964844,33.150001525878906,33.150001525878906,3188400,33.7131999206543,33.56382760360309,33.67252373468308,0.009790001219798228,0.036177551266688084,-0.026387550046889856,33.742950275349074,42.23135791144855,-1.5736305656013527,-153.02857083843386,-99.08237295135038,0.3292030672811011,34.43097417866802,33.55100002288818,32.67102586710834,716924250.0,445968964.0611437,-2615987.4510863423
2022-08-22,32.959999084472656,33.040000915527344,32.880001068115234,32.93000030517578,32.93000030517578,2773100,33.66999992370606,33.50346309899096,33.61338090442476,-0.043251772799109744,0.020291686453528517,-0.06354345925263827,33.56025236351854,39.129367718105506,-3.0615274599799305,-181.58832761159562,-96.2963486241643,0.3249743094584276,34.39466193713787,33.564999961853026,32.73533798656818,714151150.0,444929026.76767397,-3121881.2727047205
2022-08-23,33.0099983215332,33.310001373291016,33.0,33.18000030517578,33.18000030517578,3771100,33.62239990234375,33.47265711862761,33.5767142704555,-0.06437280061678052,0.0033587890394667103,-0.06773158965624723,33.47452826567186,44.14967903557643,-2.612267090168606,-114.82459072857021,-77.77780917449859,0.3289047922196281,34.32310956246236,33.593499946594235,32.86389033072611,717922250.0,445537256.72768134,-2851502.7331185937
2022-08-24,33.099998474121094,33.349998474121094,33.099998474121094,33.27000045776367,33.27000045776367,2665700,33.595399932861326,33.453356484259615,33.545904795328774,-0.07300752191288495,-0.011914473151003625,-0.06109304876188133,33.42742833584583,45.880161677375504,-2.175824464245876,-81.5163106348796,-71.11112366979944,0.3232687356325118,34.29464103906597,33.60949993133545,32.924358823604926,720587950.0,446496951.0300495,-2176308.5313417315
2022-08-25,33.40999984741211,33.41999816894531,33.27000045776367,33.380001068115234,33.380001068115234,3393000,33.57619995117187,33.44637025415063,33.52404776073637,-0.07016564492979427,-0.023564707506761755,-0.046600937423032514,33.41747995168734,48.000838299289306,-1.5339245851263723,-50.31184642799288,-62.96292110066857,0.31089223388602094,34.29398987086422,33.611000061035156,32.92801025120609,723980950.0,448080454.5777721,-1198404.4534902573
2022-08-26,33.2400016784668,33.349998474121094,32.91999816894531,32.97999954223633,32.97999954223633,4274400,33.53979995727539,33.40195399587308,33.46395247323172,-0.09904844827605785,-0.03866145566062097,-0.06038699261543688,33.305793683082655,41.61498500212684,-3.595438687967122,-89.76814402537434,-92.59269724832859,0.32154299569201383,34.32147155599051,33.5875,32.853528444009484,719706550.0,444998936.84742665,-1669889.8400708437
2022-08-29,32.9900016784668,33.150001525878906,32.95000076293945,32.9900016784668,32.9900016784668,2749600,33.49580001831055,33.362720441834384,33.40704787118094,-0.11975077680217083,-0.05487931988893095,-0.06487145691323988,33.217469890790106,41.82340252668223,-2.3386534321435573,-89.33634009006624,-91.85179743086913,0.3128614076382595,34.333740246327864,33.55550003051758,32.77725981470729,722456150.0,443349197.8251298,-2235879.0198509097
2022-08-30,32.869998931884766,32.900001525878906,32.68000030517578,32.709999084472656,32.709999084472656,3734500,33.45220001220703,33.300556503038024,33.32652397155762,-0.1569422579113109,-0.07529190749340695,-0.08165035041790394,33.073540552277734,37.759755450299,-2.9664788702430296,-127.03918492958583,-98.06459393142893,0.31265711947059915,34.38018555952392,33.52000007629395,32.65981459306397,718721650.0,440633150.7312194,-3128355.121473253
2022-08-31,32.5099983215332,32.72999954223633,32.459999084472656,32.459999084472656,32.459999084472656,3575700,33.40620002746582,33.220503415555605,33.22557149614607,-0.2042353868952631,-0.1010806033737782,-0.10315478352148491,32.892427990486674,34.53349250028417,-3.1044803448577425,-150.51580032709884,-100.0,0.3096102150629615,34.44342381775397,33.467000007629395,32.49057619750482,715145950.0,437057450.7312194,-4346785.788366616
2022-09-01,32.25,32.279998779296875,32.060001373291016,32.15999984741211,32.15999984741211,5388500,33.35100006103516,33.11950307573242,33.10109529041109,-0.26289250245281437,-0.13344298318958545,-0.12944951926322892,32.668679129964026,31.099574929916045,-3.741394809065895,-196.73866397413454,-94.50557742369557,0.3160664647857243,34.46399201865238,33.372500038146974,32.28100805764157,709757450.0,436567570.10664207,-4605943.460973382
2022-09-02,32.47999954223633,32.619998931884766,32.439998626708984,32.470001220703125,32.470001220703125,3860000,33.306800079345706,33.05764575620582,33.0151430220831,-0.2811235517871964,-0.16297909690910764,-0.11814445487808875,32.569184083278024,37.964243826140596,-2.0512828774530574,-108.0248392848423,-76.02338789914917,0.3263473661919338,34.46121864708542,33.31200008392334,32.16278152076126,713617450.0,433994345.8452086,-5111993.550134659
2022-09-06,32.45000076293945,32.4900016784668,32.27000045776367,32.27000045776367,32.27000045776367,4874300,33.259000091552736,32.98263191825895,32.91590496244885,-0.308157927063867,-0.19201486294005954,-0.11614306412380748,32.43978724089974,35.50638534403054,-2.0042509605090215,-116.78040893305318,-86.95655264411172,0.3187512129427331,34.41962858180888,33.227000045776364,32.03437150974385,708743150.0,429120045.8452086,-6405200.991142988
2022-09-07,32.22999954223633,32.63999938964844,32.220001220703125,32.61000061035156,32.61000061035156,3664300,33.21860008239746,32.947143222267776,32.85714311145601,-0.2987044148711817,-0.213352773326284,-0.08535164154489772,32.426356812831564,42.340540431952,-1.7179014152549719,-74.07975947591707,-64.28569659227993,0.3259831383714888,34.30944581970113,33.15400009155273,31.99855436340433,712407450.0,432260893.4346727,-5352588.802985668
2022-09-08,32.529998779296875,32.58000183105469,32.349998474121094,32.400001525878906,32.400001525878906,5058400,33.17540008544922,32.89503448927836,32.78533372424898,-0.3046458418021203,-0.23161138702145126,-0.07303445478066903,32.36532831066213,39.552704153770634,-2.614965193611076,-71.22577624752111,-74.99992987672329,0.3212702096471302,34.203230355528405,33.07350025177002,31.94377014801164,707349050.0,429401899.91624635,-5345055.4997855425
2022-09-09,32.54999923706055,32.65999984741211,32.4900016784668,32.58000183105469,32.58000183105469,3210200,33.1360001373291,32.865031378971345,32.73833387465704,-0.291470059733399,-0.24358312156384082,-0.04788693816955819,32.366433883859685,43.016110744014874,-2.396642335115773,-38.36273453669393,-61.76458213539402,0.31689364621042115,34.08960626110866,33.00750026702881,31.925394272948957,710559250.0,429590777.58431923,-4795962.1177453995
2022-09-12,32.81999969482422,32.939998626708984,32.720001220703125,32.75,32.75,3769400,33.104800109863284,32.8540760095455,32.71381003970192,-0.26426444993767007,-0.24771938723860668,-0.01654506269906339,32.415707062287844,46.153987178859246,-0.697390980681415,11.111078706260619,-49.26468732030911,0.3199724425992694,33.869218455065266,32.93450031280518,31.999782170545085,714328650.0,426849366.05686176,-5007603.754943192
2022-09-13,32.310001373291016,32.459999084472656,32.279998779296875,32.310001373291016,32.310001373291016,3210000,33.06500015258789,32.80225937752127,32.65433395022438,-0.2750375583544127,-0.2531830214617679,-0.02185453689264477,32.34580679750027,40.01252882537287,-2.0612314961463927,-75.6956462224817,-81.61760374738792,0.3306887838924019,33.748195649579635,32.86100044250488,31.973805235430124,711118650.0,424709456.76173186,-5319827.949979663
2022-09-14,32.34000015258789,32.400001525878906,32.150001525878906,32.189998626708984,32.189998626708984,3109600,33.037200088500974,32.74394882982486,32.590429015386675,-0.2899165654355613,-0.2605297302565266,-0.02938683517903473,32.26117700029083,38.507542219371686,-1.5897293559097487,-91.09345284671099,-90.44135590367867,0.32492529932865893,33.62755621604092,32.7850004196167,31.942444623192475,708009050.0,422594856.63966155,-5636762.618609667
2022-09-15,31.959999084472656,32.099998474121094,31.520000457763672,31.57999992370605,31.57999992370605,6326400,33.00780010223389,32.633096553051644,32.475667063395186,-0.34693087987902516,-0.2778099601810263,-0.06912091969799883,32.03758622767427,31.932582625555128,-2.711026449743665,-203.63773231280294,-96.72133710495451,0.3495733614441342,33.6170072186853,32.689000415802,31.760993612918696,701682650.0,417577359.810475,-6850461.008825839
2022-09-16,31.520000457763672,31.90999984741211,31.450000762939453,31.75,31.75,4185300,32.981400108337404,32.54899211942768,32.38623845236642,-0.37408532664883865,-0.2970650334745888,-0.07702029317424985,31.90314033957891,35.25066736100599,-1.2748751534745475,-172.69464524024843,-82.35299397502496,0.3574609130890286,33.55784965065305,32.6060004234314,31.654151196209746,705867950.0,418851143.748909,-6318909.91451931
2022-09-19,31.559999465942383,31.809999465942383,31.559999465942383,31.780000686645508,31.780000686645508,5090000,32.955200119018556,32.475754840115094,32.30757181076776,-0.3887038802928018,-0.3153928028382314,-0.07331107745457038,31.80603279009435,35.84502154613651,-2.1250400619562266,-139.14045409679562,-77.85232236030252,0.34978513358266944,33.51959793340065,32.53750038146973,31.555402829538806,710957950.0,422719593.45594025,-4296140.476927638
2022-09-20,31.600000381469727,31.63999938964844,31.51000022888184,31.61000061035156,31.61000061035156,4424800,32.92980010986328,32.39330205632809,32.2192384992327,-0.4092887488601775,-0.33417199204262066,-0.07511675681755686,31.687922230011566,33.94363265526687,-2.045242758133668,-133.8285865399038,-89.26173981167169,0.3440862281670265,33.51473169257251,32.471500396728516,31.42826910088452,706533150.0,425102247.98592204,-2319968.3131979704
2022-09-21,31.780000686645508,32.04999923706055,31.399999618530277,31.739999771118164,31.739999771118164,10985800,32.90920009613037,32.33108279107,32.149571772984096,-0.4103819322195008,-0.34941398007799673,-0.06096795214150408,31.63067650298605,36.70843480202289,-2.6678958078805723,-86.1238917348695,-77.9220537946975,0.3659371846215439,33.435946089900625,32.399500370025635,31.363054650150644,717518950.0,425609296.8117282,-1139294.3186249733
2022-09-22,31.86000061035156,31.899999618530277,31.65999984741211,31.729999542236328,31.729999542236328,5275800,32.88500011444092,32.273836767371556,32.08580978938512,-0.4073594367882407,-0.36100307142004556,-0.04635636536819515,31.587064048357462,36.58159193581546,-2.067907259533387,-67.49595001851877,-78.57141972472253,0.35694165508558845,33.31678192077043,32.32250032424927,31.32821872772811,712243150.0,423411036.3296454,-1252165.6270873547
2022-09-23,31.36000061035156,31.3799991607666,31.1200008392334,31.18000030517578,31.18000030517578,9865900,32.859600105285644,32.16966186621005,31.977000263759066,-0.44422369504165005,-0.3776471961443665,-0.06657649889728356,31.414470810547,30.366687793120914,-4.297119236329967,-132.7962325392127,-96.70332203944024,0.37501715850825573,33.201234605154944,32.2125002861023,31.223765967049655,702377250.0,418098617.5025257,-2874822.0958066583
2022-09-26,31.21999931335449,31.290000915527344,30.790000915527344,30.81999969482422,30.81999969482422,13911800,32.82800006866455,32.041122611792346,31.844381159827822,-0.4967615677748789,-0.401470070470469,-0.09529149730440989,31.185809537928698,27.119019599598957,-5.893130702826813,-144.04181690205021,-98.60470645429722,0.3839445043290946,33.20037442791545,32.10450029373169,31.008626159547934,688465450.0,405856165.57381475,-7172614.256162822
2022-09-27,31.049999237060547,31.1299991607666,30.8700008392334,30.8799991607666,30.8799991607666,20127000,32.79720008850098,31.93053942598037,31.727762004307337,-0.5274763361057992,-0.4266713235975351,-0.10080501250826412,31.020893753925158,28.49166923471558,-4.425881001993773,-128.6853903264817,-95.8140306489073,0.37866271587290096,33.13894625261516,31.99900016784668,30.8590540830782,708592450.0,387277146.47086126,-14190252.194869876
2022-09-28,31.239999771118164,31.559999465942383,31.170000076293945,31.520000457763672,31.520000457763672,9543800,32.77740013122558,31.8914404766264,31.682142984299432,-0.49447525243246915,-0.44023210936452195,-0.0542431430679472,31.05923329298001,41.21089061876639,-2.0813861370885407,-56.92365181997666,-66.04649677347238,0.40018682939453526,33.04859913265465,31.93950023651123,30.830401340367807,718136250.0,394863289.38529456,-13357308.406578481
2022-09-29,31.420000076293945,31.600000381469727,31.21999931335449,31.520000457763672,31.520000457763672,7655900,32.7636001586914,31.85606523673471,31.642190624418713,-0.46298465693419644,-0.4447826188784569,-0.018202038055739556,31.09784531423583,41.2108906187664,-0.1899919762106765,-44.70978722226037,-66.04649677347238,0.3987449893031569,32.98898404421272,31.89250030517578,30.79601656613884,718136250.0,399295664.6781721,-10391956.681218386
2022-09-30,31.57999992370605,31.799999237060547,31.51000022888184,31.530000686645508,31.530000686645508,9794900,32.741000175476074,31.82501147005955,31.607666851225353,-0.4322386204713631,-0.4422738191970381,0.010035198725675043,31.13863359176232,41.39977741675988,-0.692911223163755,2.0877651581751397,-55.688587875188446,0.390977419222839,32.961126519089724,31.861000347137452,30.76087417518518,727931150.0,390851820.9109483,-10920812.475758791
2022-10-03,31.670000076293945,32.29999923706055,31.63999938964844,32.279998779296875,32.279998779296875,8446400,32.73160015106201,31.868343594748822,31.647571463811964,-0.34339514154428485,-0.4224980836664875,0.07910294212220265,31.372518378069053,53.473473875110805,1.5733105155704883,119.68337889884893,-7.453583918569273,0.41805035716513905,32.93355942370953,31.851500225067138,30.769441026424744,736377550.0,398786306.0457632,-7619752.532833397
2022-10-04,32.45000076293945,32.84000015258789,32.38999938964844,32.75,32.75,9204100,32.73360012054443,31.952310871439412,31.733142870948427,-0.23238211746789972,-0.38447489042676997,0.15209277295887025,31.690730888251284,59.15314422500172,3.606451653389456,234.48105704340216,-4.390252979651843,0.4281897154598445,33.0134720796516,31.875500202178955,30.73752832470631,745581650.0,404308766.0457632,-3819467.780469954
2022-10-05,32.459999084472656,32.630001068115234,32.279998779296875,32.58000183105469,32.58000183105469,7236800,32.733000144958496,32.012090962831344,31.800238264174688,-0.15631897968895458,-0.33884370827920696,0.18252472859025237,31.910187498714627,56.46807535740448,2.6465093446562777,156.87883324940842,-12.682849672959373,0.4311762515486503,33.00816838732428,31.87400026321411,30.73983213910394,738344850.0,409477953.97396016,-272839.87912487984
2022-10-06,32.5,32.59000015258789,32.40999984741211,32.54999923706055,32.54999923706055,5180300,32.72500011444092,32.06332032228175,31.86461911882673,-0.09733730967149512,-0.2905424285576646,0.19320511888616948,32.08346657344527,55.98507317837306,2.5843041495563326,128.00927637822647,-14.14639138808511,0.4132351125220168,33.03135744316989,31.881500148773192,30.7316428543765,733164550.0,412355849.62521267,2118551.0494716167
2022-10-07,32.290000915527344,32.400001525878906,32.13999938964844,32.189998626708984,32.189998626708984,4849600,32.701800117492674,32.075384922703385,31.893999926249187,-0.07873533986054326,-0.24818101081824034,0.16944567095769708,32.13217711719743,50.41298901435456,3.239250518434237,70.55405241868195,-31.707403306692473,0.4130040221570234,32.976497236031655,31.861999988555908,30.74750274108016,728314950.0,409371436.6083988,1954665.8285956383
2022-10-10,31.780000686645508,31.86000061035156,31.6200008392334,31.690000534057617,31.690000534057617,4032100,32.66660011291504,32.03868164759427,31.877619025820778,-0.10314976589126701,-0.21917476183284568,0.11602499594157867,32.041952042036144,43.880655919484184,2.822845061155217,-7.585945728032197,-56.09756324491296,0.42421786253692073,32.84778588556972,31.80900001525879,30.770214144947857,724282850.0,407691386.9306615,1175363.7199940085
2022-10-11,31.690000534057617,31.959999084472656,31.57999992370605,31.6200008392334,31.6200008392334,4804800,32.6264001083374,31.998807284893232,31.85961910429455,-0.12668640278574728,-0.200677090023426,0.07399068723767874,31.949607832576376,43.03982465806974,2.3963785575712633,-7.968702452886893,-59.512183775435204,0.421059383839041,32.790009093658014,31.77449998855591,30.75899088345381,719478050.0,403898149.15905195,-457232.22630912066
2022-10-12,31.690000534057617,31.86000061035156,31.649999618530277,31.809999465942383,31.809999465942383,2898000,32.594200134277344,31.980825587850294,31.863000006902787,-0.12852648252075127,-0.18624696852289108,0.057720486002139804,31.923413852646544,46.06101118013794,0.9200476014183606,-0.1068618227103685,-50.24395463299807,0.40812655435897816,32.75326702127292,31.755500030517577,30.757733039762236,722376050.0,405416124.0911598,-600553.796279788
2022-10-13,31.290000915527344,31.739999771118164,31.18000030517578,31.56999969482422,31.56999969482422,7724800,32.55520011901856,31.941699312324,31.845333308265324,-0.14764873206022244,-0.17852732123035736,0.030878589170134918,31.84009671245735,42.96125037243193,0.15862701882744293,-45.792011440529926,-61.9512648982592,0.4239745976738084,32.753128259935096,31.755000019073485,30.756871778211874,714651250.0,408450860.3706684,361008.3591467142
2022-10-14,31.399999618530277,31.43000030517578,31.1299991607666,31.170000076293945,31.170000076293945,4754200,32.497600135803225,31.868204146987804,31.789619028000605,-0.19285674634500793,-0.18139320625328748,-0.011463540091720459,31.66874747349446,38.33124900941836,-1.1417716540172493,-90.91701959792489,-84.77160702408004,0.425119307415509,32.75621163836472,31.726000022888183,30.695788407411648,709897050.0,404964471.21835446,-387749.88565564156
2022-10-17,31.57999992370605,31.65999984741211,31.25,31.280000686645508,31.280000686645508,23914700,32.44960014343262,31.812184769812344,31.747142900739398,-0.21730335561307967,-0.1885752361252459,-0.02872811948783377,31.558218547190034,40.238661929248174,-3.097887640853093,-75.45004997906499,-91.22798603063134,0.42975362625141295,32.74887207610428,31.701000022888184,30.65312796967209,733811750.0,384549564.8180344,-7154462.123571515
2022-10-18,31.40999984741211,31.43000030517578,31.239999771118164,31.34000015258789,31.34000015258789,6309000,32.39700012207031,31.767214806267155,31.712761960710797,-0.22919400826230785,-0.1966989905526583,-0.03249501770964955,31.485145943466314,41.30505482210213,-4.305343045533158,-83.7362467740088,-87.71924736735848,0.4126284053804275,32.74661040033339,31.6875,30.628389599666612,740120750.0,384881624.1163329,-9166601.705662906
2022-10-19,30.989999771118164,31.07999992370605,30.88999938964844,30.920000076293945,30.920000076293945,5196200,32.33400012969971,31.68652768912685,31.63966672988165,-0.26940242872304765,-0.21123967818673617,-0.05816275053631148,31.31858428437533,36.40754821687213,-5.095155498666847,-132.10941354375686,-98.46150385088666,0.4152978594917862,32.75656795303715,31.646500015258788,30.536432077480423,734924550.0,381326362.3244339,-10287641.949789703
2022-10-20,30.959999084472656,31.239999771118164,30.82999992370605,30.8799991607666,30.8799991607666,5471900,32.271400146484375,31.609715448330636,31.566666648501442,-0.3010255955224075,-0.22919686165387046,-0.07182873386853703,31.174538164996335,35.970107893941496,-5.130568711020209,-112.80612045331927,-97.51247605139007,0.41491943005752385,32.76207430199857,31.6039999961853,30.445925690372032,729452650.0,377189052.2126912,-11127425.998869717
2022-10-21,30.979999542236328,31.459999084472656,30.950000762939453,31.43000030517578,31.43000030517578,6970300,32.22200012207031,31.592599720411126,31.55009524935768,-0.27849635462291644,-0.23905676024767966,-0.03943959437523678,31.202591969051856,45.64120126011787,-2.3609765578014357,-61.278048561945106,-70.14923815190261,0.42671089388956174,32.76131925208727,31.616499996185304,30.47168074028334,736422950.0,383339347.5871685,-8502477.672626019
2022-10-24,31.280000686645508,31.399999618530277,31.209999084472656,31.31999969482422,31.31999969482422,4925000,32.164200134277344,31.566637813212374,31.521857125418528,-0.26644646979098496,-0.2445347021563407,-0.021911767634644252,31.200423118849155,44.20318898496613,-1.1675633732973725,-48.671546520221405,-72.77780780083887,0.41194591723338764,32.73640230617086,31.641499996185303,30.546597686199746,731497950.0,384116994.7788565,-6408249.462477744
2022-10-25,31.3799991607666,31.549999237060547,31.36000061035156,31.38999938964844,31.38999938964844,7671900,32.116400146484374,31.549815106206285,31.49790468670073,-0.24838522858578926,-0.24530480744223043,-0.0030804211435588313,31.219911958387055,45.3824859771753,-0.7273922943720377,-19.38875918300848,-68.18185266383927,0.39894974759074053,32.71241087070004,31.667000007629394,30.621589144558747,739169850.0,378867718.97224337,-6639175.7274778485
2022-10-26,31.559999465942383,31.75,31.549999237060547,31.600000381469727,31.600000381469727,4863700,32.07420017242432,31.554594656231377,31.491523769923617,-0.2146518667146573,-0.2391742192967158,0.02452235258205851,31.293187048936236,48.87363668599785,-0.6601668909095498,43.42382707578263,-50.95543490541614,0.3961676663593704,32.71474129800457,31.671000003814697,30.627258709624826,744033550.0,376435915.3559241,-6903839.829490542
2022-10-27,31.530000686645508,31.6200008392334,31.450000762939453,31.559999465942383,31.559999465942383,4235900,32.03540016174316,31.55510940001338,31.480952290126254,-0.1889673756985495,-0.22913285057708258,0.040165474878533086,31.34520494626603,48.241097957920395,-0.03167636673583952,41.99299357052479,-35.39822261982114,0.3800128384975543,32.71572903758645,31.672999954223634,30.63027087086082,739797650.0,377681701.20228165,-5988103.29924643
2022-10-28,31.190000534057617,31.299999237060547,31.09000015258789,31.21999931335449,31.21999931335449,3509800,31.991600151062013,31.52319415366491,31.43780937194824,-0.1938132439043514,-0.22206892924253635,0.028255685338184955,31.301509709011224,43.13135103434869,0.16040820320231497,-61.519377709053515,-65.48675404467936,0.3864404438444784,32.71734661541969,31.657499885559083,30.59765315569847,736287850.0,378517358.7608646,-4803219.74102962
2022-10-31,31.020000457763672,31.15999984741211,30.959999084472656,30.979999542236328,30.979999542236328,5324200,31.94820011138916,31.471461333528858,31.373285529727028,-0.2145464472441958,-0.22056443284286825,0.006017985598672448,31.2052417995818,39.917252085242,-0.9590829214312017,-106.88921170417368,-85.43693994818648,0.37740899991857507,32.65111953392127,31.592499923706054,30.533880313490844,730963650.0,374258019.0709983,-5237082.75571382
2022-11-01,31.36000061035156,31.38999938964844,31.170000076293945,31.290000915527344,31.290000915527344,5668500,31.915400123596193,31.454179388957286,31.344476100376674,-0.20361598193744967,-0.21717474266178455,0.013558760724334873,31.208831803229533,45.56036639814,-0.15953808812096704,-5.349678439237832,-49.999896339756624,0.37973691759668493,32.44129135072404,31.51949996948242,30.5977085882408,736632150.0,374773399.80064815,-4774488.960858405
2022-11-02,31.43000030517578,31.68000030517578,31.040000915527344,31.059999465942383,31.059999465942383,11683100,31.873000106811524,31.416638443908248,31.300714147658574,-0.2110795110009107,-0.2159556963296098,0.004876185328699073,31.15419926950359,42.37996937626211,0.4527793961933837,-8.900523511991139,-75.00005183012131,0.3983270941718101,32.245927780391135,31.443499851226807,30.641071922062483,724949050.0,363820441.3230714,-7636233.836659431
2022-11-03,30.709999084472656,30.979999542236328,30.690000534057617,30.959999084472656,30.959999084472656,9311900,31.826800079345702,31.37314898110486,31.25466645558675,-0.22249877917641214,-0.21726431289897027,-0.005234466277441868,31.085612899172045,41.03861780557029,0.2590671174877994,-145.82747738628956,-74.52842580679987,0.3963036540084498,32.01245647034353,31.363999843597412,30.715543216851298,715637150.0,371847907.53263056,-5558550.779476523
2022-11-04,31.59000015258789,31.93000030517578,31.540000915527344,31.90999984741211,31.90999984741211,6314200,31.79740005493164,31.424277635038884,31.306666455950054,-0.15312636398909518,-0.20443672311699526,0.05131035912790008,31.278118718285164,55.46081000307636,1.5272018376572638,174.95941071333843,-1.6129404399515823,0.437282051629498,31.93555981318134,31.34999990463257,30.764439996083798,721951350.0,377514481.44006044,-2400265.9419488907
2022-11-07,31.86000061035156,31.920000076293945,31.770000457763672,31.770000457763672,31.770000457763672,5497200,31.773200073242187,31.457203618155532,31.34666650862921,-0.10819776933863423,-0.18518893236132306,0.07699116302268882,31.401136881276987,53.38830022299308,1.4367840591448597,143.04452807624716,-12.903215882679575,0.4167618778366962,31.949798871902846,31.353999900817872,30.758200929732897,716454150.0,372017281.44006044,-2639143.4227830768
2022-11-08,31.81999969482422,32.59000015258789,31.799999237060547,32.4900016784668,32.4900016784668,10345500,31.76320007324219,31.555565338185176,31.454857154119583,-0.014328285618066872,-0.1510168030126718,0.13668851739460494,31.68936230038772,61.38114757272218,3.504308092408267,200.60279194738703,-5.263078642007657,0.4455645790500907,32.16649676153756,31.39749994277954,30.62850312402152,726799650.0,379743710.5157459,-38534.647880494595
2022-11-09,32.4900016784668,32.68000030517578,32.310001373291016,32.34000015258789,32.34000015258789,5755200,31.755800094604492,31.63027341574734,31.544619078863235,0.04741353330221543,-0.11133073574969438,0.1587442690519098,31.885990070932436,59.10713120194159,2.341771399319668,177.73435955072787,-17.085436768510153,0.44016703282399605,32.27967354673831,31.423999977111816,30.568326407485323,721044450.0,374921750.91041356,-505405.96458244324
2022-11-10,33.0099983215332,33.33000183105469,32.959999084472656,33.33000183105469,33.33000183105469,6804900,31.773200149536134,31.792152312443278,31.726143064953032,0.174220920957314,-0.054220404408292705,0.2284413253656067,32.30201606974853,67.63062787485474,5.608372607934872,220.1473939284734,0.0,0.47944093608419613,32.70510804739282,31.51200008392334,30.31889212045386,727849350.0,381726650.91041356,1514742.6753652096
2022-11-11,33.43000030517578,33.560001373291016,33.31999969482422,33.560001373291016,33.560001373291016,3766800,31.801200180053712,31.960518889666872,31.921190806797572,0.28993355658107234,0.0146103877895803,0.27532316879149205,32.69893068350642,69.2349921090913,7.495202150550916,185.56251285276167,0.0,0.4623381319686676,33.1086103700175,31.631500148773192,30.154389927528882,731616150.0,385493450.91041356,3401990.51212883
2022-11-14,33.470001220703125,33.68000030517578,33.470001220703125,33.63999938964844,33.63999938964844,3985500,31.82460014343262,32.12046941347464,32.11247644878569,0.38366912646203133,0.08842213552407051,0.2952469909379608,33.039275591332284,69.79574783108113,8.586184269582123,146.41438169858924,-1.337823364193258,0.44431391429038103,33.454862840836576,31.74950008392334,30.044137327010105,735601650.0,387960623.8259449,4649784.144644022
2022-11-15,33.70000076293945,33.880001068115234,33.54999923706055,33.7400016784668,33.7400016784668,5304900,31.854000167846678,32.274710581569124,32.302048029218405,0.46071376833761235,0.16288046208677887,0.2978333062508335,33.33679602809279,70.51913745336651,7.8299798378199,123.81660304878835,-4.3886948655259665,0.43614876548783144,33.76937998279758,31.869500160217285,29.96962033763699,740906550.0,388764441.1515102,4993297.584748864
2022-11-16,33.720001220703125,33.790000915527344,33.599998474121094,33.65999984741211,33.65999984741211,3847500,31.87500015258789,32.40664289260179,32.472571808951244,0.5094441676906172,0.23219320320754655,0.2772509644830706,33.55122699495978,69.09347763519787,8.370896413957297,100.68400199810044,-6.896588836093009,0.41856688519628993,34.005333582775464,32.00650014877319,30.007666714770924,737059050.0,387346965.5451819,4228874.700528264
2022-11-17,33.400001525878906,33.45000076293945,33.310001373291016,33.40999984741211,33.40999984741211,4193500,31.895200119018554,32.50220069782182,32.606238446916855,0.5218746040191462,0.2901294833698665,0.2317451206492797,33.6526180921263,64.6921351138415,7.913439390791843,68.76003241477652,-14.73357811966548,0.4136691415480616,34.150792899853386,32.133000183105466,30.115207466357546,732865550.0,389144114.5370075,4103533.2270617485
2022-11-18,33.31999969482422,33.380001068115234,33.15999984741211,33.189998626708984,33.189998626708984,3006800,31.907400054931642,32.56770526247774,32.706904965355285,0.5081163059980085,0.3337268478954949,0.1743894581025136,33.66890470346044,61.009046899048634,4.011277923590095,49.46004042538794,-21.63016695575849,0.4019784885803429,34.26186238829552,32.22100009918213,30.180137810068736,729858750.0,386957312.98339397,2983408.200215578
2022-11-21,33.119998931884766,33.119998931884766,32.880001068115234,33.0099983215332,33.0099983215332,2881800,31.912600021362305,32.60982841095921,32.78204765319824,0.4771875147594713,0.3624189812682902,0.1147685334911811,33.62610000217153,58.094771960998166,3.9030464145508423,24.67381348015302,-27.272808806567973,0.39540842215272914,34.33002496807363,32.30550003051758,30.280975092961523,726976950.0,387197424.8122397,2330355.5256643295
2022-11-22,33.08000183105469,33.150001525878906,32.970001220703125,33.029998779296875,33.029998779296875,3759100,31.926999969482424,32.649844636515176,32.851047534034365,0.4491129995678733,0.37975778492820683,0.06935521463966648,33.587375588468895,58.332938383792154,1.6620408523646484,20.99131935523494,-26.645835313926213,0.38002212808294716,34.389787852811395,32.3875,30.385212147188614,730736050.0,385944285.25813466,1452620.8892540932
2022-11-23,32.959999084472656,33.27000045776367,32.939998626708984,33.2400016784668,33.2400016784668,3425100,31.948000030517576,32.706050069081996,32.932238170078826,0.4387515679462055,0.39155654153180663,0.04719502641439888,33.601968593188104,60.849021503959804,2.7829360594696437,20.502339368765032,-27.350399483548713,0.37644924972378574,34.4703951884121,32.46950006484985,30.468604941287605,734161150.0,388746668.59840375,1853158.6108760834
2022-11-25,33.209999084472656,33.31999969482422,33.189998626708984,33.279998779296875,33.279998779296875,1363800,31.982000007629395,32.76071185100722,33.00942852383568,0.4288242712382271,0.39901008747309075,0.029814183765136337,33.61662328078343,61.32800068873383,-0.15002414944730957,27.1684871711984,-28.436119206543196,0.3588458081803178,34.540428413219885,32.55550003051758,30.57057164781527,735524950.0,389271194.74647146,2015440.670390606
2022-11-28,33.220001220703125,33.2400016784668,33.0099983215332,33.0099983215332,33.0099983215332,2953800,32.00719997406006,32.78445341962875,33.05271407536098,0.3946210903350078,0.3981322880454742,-0.003511197710466374,33.551275458997125,56.31901552584775,-1.6388648070662377,-22.293154323760675,-41.827018303194805,0.35249971172198596,34.540389393728795,32.644999980926514,30.749610568124236,732571150.0,386317394.74647146,958761.45197469
2022-11-29,33.18000030517578,33.36000061035156,33.150001525878906,33.189998626708984,33.189998626708984,3306300,32.03539993286133,32.823076772684004,33.10461870829264,0.37768561864041317,0.394042954164462,-0.016357335524048833,33.537707831740725,58.738534391969026,-1.3376955145781766,-5.921094718582525,-43.949208632394324,0.3523213243717269,34.501529568129634,32.75549993515015,31.009470302170662,735877450.0,384270551.80369216,-211944.75116837025
2022-11-30,33.380001068115234,33.599998474121094,33.11000061035156,33.599998474121094,33.599998474121094,6734800,32.075199890136716,32.89706931567801,33.18504714057559,0.3928195176061209,0.3937982668527938,-0.0009787492466729053,33.62677702698146,63.67421191672006,-0.414947235865298,38.35806947361015,-28.000259399414062,0.3621553629001415,34.51670837573517,32.870999813079834,31.225291250424497,742612250.0,391005351.80369216,1471288.5976520777
2022-12-01,34.130001068115234,34.2400016784668,34.040000915527344,34.22999954223633,34.22999954223633,6689100,32.124999885559085,33.02401505154071,33.31447568620954,0.45045648071828737,0.4051299096258925,0.04532657109239485,33.85707873524741,69.67657951723369,1.6934037356154124,209.61437287378453,-0.735450863355358,0.3820016372891102,34.55308088453193,33.02949981689453,31.50591874925713,749301350.0,397025401.4613244,3941600.895265937
2022-12-02,33.88999938964844,34.150001525878906,33.79999923706055,34.119998931884766,34.119998931884766,3589700,32.17279987335205,33.12839446871634,33.41833274478004,0.4817052608981456,0.4204449798803432,0.0612602810178024,34.01055744281615,67.57694083949004,2.125109511270027,135.2482686947813,-8.823727406343618,0.38543011356672957,34.453483334816156,33.187499809265134,31.921516283714116,745711650.0,399999675.13354594,5540215.649518013
2022-12-05,33.970001220703125,33.9900016784668,33.5,33.5099983215332,33.5099983215332,3884600,32.2193998336792,33.164737692794134,33.44904688880557,0.4520373874395318,0.4267634613921809,0.025273926047350903,33.970835140893556,57.270502819515904,0.9641449474683178,51.448174305526365,-53.67669333213656,0.402185029160875,34.39511410117106,33.26749973297119,32.13988536477132,741827050.0,396273603.07961094,4504970.063685596
2022-12-06,33.68000030517578,33.7400016784668,33.529998779296875,33.619998931884766,33.619998931884766,3157200,32.27539981842041,33.20809590604086,33.48261824108305,0.4324168812827409,0.4278941453702929,0.004522735912448006,33.9598359609539,58.49967047068583,1.8479268142029703,45.909708363353985,-45.58841678914831,0.38988633828749775,34.26201935769591,33.359999656677246,32.45797995565858,744984250.0,395822541.73649275,3528398.254517913
2022-12-07,33.7400016784668,33.970001220703125,33.70000076293945,33.90999984741211,33.90999984741211,3319300,32.33599983215332,33.274943900457174,33.534999211629234,0.4352508383098481,0.42936548395820395,0.0058853543516441675,34.019586147280236,61.633160536313625,2.6642479583342187,91.1459235163547,-24.26482962896476,0.3870374776111307,34.26920976463972,33.43099956512451,32.5927893656093,748303550.0,397666566.02759606,3394863.129344225
2022-12-08,33.970001220703125,34.04999923706055,33.869998931884766,33.939998626708984,33.939998626708984,4318900,32.384399795532225,33.33828244581449,33.58347531273252,0.4349041165136356,0.43047321046929027,0.004430906044345317,34.07007245861309,61.953185586407045,2.1058872229108596,91.26994534890977,-22.059038023538914,0.3722491081514629,34.211539603818366,33.510999488830564,32.81045937384276,752622450.0,396706790.13220334,2726227.9632986784
2022-12-09,34.11000061035156,34.27000045776367,33.970001220703125,34.04999923706055,34.04999923706055,2464700,32.434999771118164,33.40606499736174,33.63480862208775,0.4384512735786785,0.43206882309116795,0.006382450487510571,34.13381304393336,63.16642907571047,2.3137033834348597,99.54929440001969,-15.827432899720073,0.36923144550169323,34.27988721232184,33.54699935913086,32.81411150593988,755087150.0,395556567.5478665,1838876.5764184594
2022-12-12,33.939998626708984,33.970001220703125,33.72999954223633,33.7599983215332,33.7599983215332,3366300,32.479599723815916,33.439772932997116,33.65509423755464,0.4130998133616046,0.4282750211452553,-0.015175207783650668,34.10472933982168,57.9223990664303,2.2720388916553116,42.272493426773195,-38.345972488326474,0.3657148918818736,34.29575797548197,33.55699920654297,32.81824043760397,751720850.0,393031802.418724,505364.2337477803
2022-12-13,34.5099983215332,34.619998931884766,34.2599983215332,34.36000061035156,34.36000061035156,5738200,32.521199760437014,33.52741366417373,33.73157056172689,0.4363932984720691,0.4298986766106181,0.006494621861451,34.23078780022618,64.49077827195094,3.5251643026614725,136.66424277237812,-15.476087756186397,0.4010210146297085,34.410412838502126,33.59299926757812,32.77558569665412,757459050.0,390481558.8676707,-897546.8757479191
2022-12-14,34.33000183105469,34.41999816894531,34.06999969482422,34.279998779296875,34.279998779296875,7952000,32.55179973602295,33.599088437042596,33.796999086652484,0.4432881245175295,0.4325765661920004,0.010711558325529114,34.307568067829465,63.07690868892965,2.0238105239782116,94.43528415958316,-21.118013894022535,0.3973765474505217,34.489091005737066,33.61999912261963,32.7509072395022,749507050.0,392071958.8676707,-883833.5227463245
2022-12-15,33.810001373291016,33.88999938964844,33.66999816894531,33.720001220703125,33.720001220703125,4600600,32.574599723815915,33.61060394024836,33.80652309599377,0.39896616732039547,0.4258544864176794,-0.026888319097283953,34.21933699847522,54.13092553310956,-1.4899162382515292,-12.314552531311909,-55.90045776349834,0.4125639805148818,34.493036415763726,33.62299919128418,32.752961966804634,744906450.0,389562656.71758056,-1596289.3331156373
2022-12-16,33.86000061035156,34.04999923706055,33.810001373291016,34.0,34.0,3376300,32.60359973907471,33.64768927927233,33.84242793491909,0.38203044914894235,0.417089678963932,-0.035059229814989656,34.21430718878396,57.38532975747504,-0.3516967633097665,20.680907716887383,-41.05957755338687,0.4066664116464918,34.531610083862695,33.652499198913574,32.77338831396445,748282750.0,391532173.99513406,-1115966.7278528214
2022-12-19,33.97999954223633,34.08000183105469,33.84000015258789,33.90999984741211,33.90999984741211,3265500,32.63799976348877,33.67267123814278,33.86695180620466,0.3572286013819692,0.40511746344753946,-0.04788886206557025,34.18201167291973,56.009746392562185,1.193678143582207,5.3523074780645485,-47.019859184462284,0.3947617878479422,34.547645284437806,33.68849925994873,32.82935323545965,745017250.0,390171527.36873335,-1250952.6133861542
2022-12-20,34.279998779296875,34.560001373291016,34.2599983215332,34.4900016784668,34.4900016784668,5455600,32.693999786376956,33.75051223245936,33.943285369873045,0.3799939253936131,0.4000927558367542,-0.02009883044314109,34.30159337303629,62.284252611951935,2.5877536413510476,145.55648795085708,-11.606908695815065,0.41299319770729676,34.6300455722292,33.76249942779541,32.89495328336162,750472850.0,393081217.6998457,-266640.5872607231
2022-12-21,34.470001220703125,34.599998474121094,34.38999938964844,34.43000030517578,34.43000030517578,3621000,32.7501997756958,33.81522538224187,34.00685688200451,0.388713156018909,0.39781683587318517,-0.009103679854276181,34.37956018760254,61.3100014685838,1.5334723093587876,133.9975194473465,-16.964179277318536,0.3984936181905367,34.67797943539928,33.832499504089355,32.98701957277943,746851850.0,390839683.8578838,-552942.7456281781
2022-12-22,34.209999084472656,34.209999084472656,33.86000061035156,33.9900016784668,33.9900016784668,3888500,32.79379981994629,33.8318707437871,34.02185708908808,0.35601507695916723,0.3894564840903816,-0.03344140713121435,34.32467451603415,54.56915121791999,0.14732779546568026,-0.07035220357683707,-56.24980841345908,0.4107440522357997,34.67247191268734,33.86999950408936,33.06752709549137,742963350.0,389839820.1848593,-937937.2749564648
2022-12-23,34.02000045776367,34.220001220703125,33.97999954223633,34.11000061035156,34.11000061035156,2289900,32.84459983825683,33.85835930250752,34.044714337303525,0.33591233634238193,0.3787476545407817,-0.04283531819839975,34.30653594447987,55.99030937185234,0.17621549085296073,16.46188687767354,-46.7888302879921,0.3985481683951566,34.672402264395316,33.91149959564209,33.150596926888866,745253250.0,390030648.21791977,-949450.0014390945
2022-12-27,34.2400016784668,34.779998779296875,34.209999084472656,34.380001068115234,34.380001068115234,4214600,32.90879985809326,33.90803947066064,34.08933352515811,0.3378727631298375,0.37057267625859286,-0.032699913128755365,34.35786937295763,59.091157893091435,1.8365011179120045,108.84402803232798,-36.0358100213073,0.4179374541487392,34.644500758220396,33.979999732971194,33.31549870772199,749467850.0,388330050.8279772,-1408945.2862147093
2022-12-28,34.25,34.33000183105469,34.09000015258789,34.220001220703125,34.220001220703125,3828800,32.967599868774414,33.93775011352183,34.11219080970401,0.3227947875927768,0.3610170985254296,-0.038222310932652825,34.354719504562496,56.54847117282448,-0.40744874028395733,25.229793996526865,-50.450202763076504,0.40879912996149664,34.59510642079854,34.0314998626709,33.46789330454326,745639050.0,388649122.56603646,-1367311.8691299558
2022-12-29,34.369998931884766,34.529998779296875,34.36000061035156,34.439998626708984,34.439998626708984,3769000,33.029599838256836,33.98558330525394,34.151095453898115,0.3248526364392177,0.3537842061081872,-0.028931569668969537,34.4056629444645,59.15121921462984,0.46674402890801725,84.90905819732194,-30.63062753453846,0.4017418748638004,34.62733369752741,34.073499870300296,33.51966604307318,749408050.0,388427366.9336875,-1296537.5479673147
2022-12-30,34.5099983215332,34.650001525878906,34.41999816894531,34.59000015258789,34.59000015258789,3470900,33.10299983978271,34.043146814523844,34.20028595697312,0.33472882051791686,0.34997312899013316,-0.015244308472216306,34.48285272050774,60.87219724999154,2.5800679133742466,100.8231395868331,-17.116983985153624,0.3894748378687857,34.686388111025394,34.09149990081787,33.49661169061035,752878950.0,390087347.5685766,-621541.7102116942
2023-01-03,34.939998626708984,35.099998474121094,34.68000030517578,34.880001068115234,34.880001068115234,9173200,33.18299987792969,34.122847219627786,34.27538130623954,0.36178597429095305,0.3523356980502972,0.009450276240655864,34.61774068313405,64.02759478016502,2.588238435633042,166.01578332499014,-15.38443070323796,0.39808365813052976,34.81674110752422,34.129500007629396,33.44225890773457,762052150.0,389650599.9355157,-427868.4134481549
2023-01-04,35.2599983215332,35.29999923706055,35.04999923706055,35.209999084472656,35.209999084472656,6501000,33.258599853515626,34.22638549247016,34.37828598022461,0.405186310041465,0.3629058204485308,0.04228048959293418,34.80991507680796,67.26283363615204,3.8336751486590117,189.91505812457316,-5.521478135714197,0.39964898033158563,34.989186748025276,34.21450004577637,33.43981334352746,768553150.0,391470871.9997247,269436.1750623584
2023-01-05,34.84000015258789,34.869998931884766,34.630001068115234,34.790000915527344,34.790000915527344,5035900,33.327999877929685,34.28006315180894,34.43309558686756,0.40106778685273525,0.3705382137293717,0.030529573123363574,34.853851034078964,59.881266089407845,0.869815083969236,82.02516134836722,-31.288220082144658,0.4125310543334311,35.035892257617384,34.273000144958495,33.510108032299605,763517250.0,393149558.69584954,1064330.5304870605
2023-01-06,35.0099983215332,35.47999954223633,34.91999816894531,35.43000030517578,35.43000030517578,5675800,33.40879989624023,34.38958097593911,34.543286078316825,0.44432453296624885,0.3852954775767471,0.05902905538950176,35.051047702473944,66.00367410551584,2.90444377326849,163.9083674612595,-2.9939695737585037,0.43235016664597065,35.24358185365625,34.34900016784668,33.45441848203711,769193050.0,397811840.9323466,2776210.702911079
2023-01-09,35.59000015258789,35.70000076293945,35.459999084472656,35.5,35.5,7575200,33.48679988861084,34.495335168706816,34.652905109950474,0.4787356398164846,0.4039835100246946,0.07475212979178997,35.22552641532086,66.6039778613745,4.442477925765479,165.95801773583264,-10.752725661829254,0.42075375886866356,35.430715345659216,34.42700023651123,33.42328512736325,776768250.0,392761747.7335864,1617294.6917597651
2023-01-10,35.619998931884766,35.68000030517578,35.5,35.619998931884766,35.619998931884766,3559100,33.56799987792969,34.60244600329519,34.766524033319385,0.5098127962760941,0.42514936727497454,0.08466342900111956,35.39372227002492,67.65828709830394,4.426849294968805,138.36780379663801,-4.347925240232609,0.40355708360488624,35.618612190745914,34.50550022125244,33.392388251758966,780327350.0,393948064.11556405,1373630.2003945112
2023-01-11,35.63999938964844,35.650001525878906,35.41999816894531,35.61000061035156,35.61000061035156,3216200,33.65579990386963,34.69840358491961,34.87171454656692,0.5275535764423509,0.4456302091084498,0.0819233673339011,35.522515059487425,67.4671697263363,3.5776599884316367,108.24229892151726,-4.891312235018508,0.39116038884265103,35.75455676637466,34.59800033569336,33.44144390501205,777111150.0,396045576.5778323,1816464.1282490492
2023-01-12,35.88999938964844,36.02999877929688,35.66999816894531,36.02000045776367,36.02000045776367,3994400,33.75659992218018,34.8242699537619,35.007143129621234,0.568147582047736,0.4701336836963071,0.09801389835142887,35.72759714379137,71.07535244064539,5.2600794063430545,127.10145700428028,-0.46075253317240383,0.39322023027855596,35.986050088800006,34.681000328063966,33.375950567327926,781105550.0,399818103.0899333,3032839.704562664
2023-01-13,36.09000015258789,36.470001220703125,36.08000183105469,36.45000076293945,36.45000076293945,3621900,33.85979991912842,34.97910145939786,35.17561936151414,0.6277794047207053,0.5016628279011868,0.1261165768195185,35.99984359387344,74.29530110079905,5.83624336927722,148.64545881034928,-0.8032306940446321,0.39727598261147723,36.28942637581896,34.7895004272461,33.28957447867323,784727450.0,403068517.0830473,4288957.828630686
2023-01-17,36.34000015258789,36.36000061035156,36.11000061035156,36.209999084472656,36.209999084472656,4346100,33.962799911499026,35.09632980464308,35.31090494791667,0.6481998794190389,0.5309702382047572,0.1172296412142817,36.15246654620333,69.63575755812033,4.683431410056133,119.13944098432222,-10.924454602718692,0.3931848518955067,36.45106718107,34.91400032043457,33.37693345979913,780381350.0,402199244.03006876,4136332.1962898374
2023-01-18,36.47999954223633,36.52999877929688,36.06999969482422,36.11000061035156,36.11000061035156,4003700,34.0657999420166,35.19286988137722,35.42480973743257,0.6488348473648315,0.5545431600367721,0.09429168732805948,36.24284902484731,67.72974718699827,3.526374726406486,103.5694281898237,-17.213049398794233,0.3979572970795894,36.58060814026465,35.01950035095215,33.45839256163965,776377650.0,398891857.005041,2645513.820887983
2023-01-19,36.380001068115234,36.709999084472656,36.31999969482422,36.68999862670898,36.68999862670898,7951300,34.16139991760254,35.33545357140881,35.58390481131418,0.6882058480874633,0.5812756976469103,0.10693015044055298,36.4585367047599,72.44135037175637,4.203350129847035,126.51238892642736,-0.8510838617101335,0.4123888097254111,36.79303025969833,35.158500289916994,33.52397032013566,784328950.0,406027619.11427814,4065602.081991017
