Date,Opening Price,Highest Price,Lowest Price,Closing Price,Adjusted Closing Price,Trading Volume
2018-01-02,156.55999755859375,158.52999877929688,156.1699981689453,158.49000549316406,151.1743927001953,32573300
2018-01-03,158.63999938964844,160.1699981689453,158.61000061035156,160.02999877929688,152.643310546875,29383600
2018-01-04,160.5800018310547,160.7899932861328,160.0800018310547,160.30999755859375,152.91033935546875,24776100
2018-01-05,161.07000732421875,162.02999877929688,160.77000427246094,161.9199981689453,154.446044921875,26992300
2018-01-08,161.9199981689453,162.6300048828125,161.86000061035156,162.5500030517578,155.04702758789062,23159100
2018-01-09,162.8699951171875,163.0399932861328,162.07000732421875,162.55999755859375,155.0565185546875,24782400
2018-01-10,161.83999633789062,162.2100067138672,161.1199951171875,162.17999267578125,154.694091796875,34004000
2018-01-11,162.4600067138672,163.3000030517578,162.2100067138672,163.2899932861328,155.75282287597656,20473500
2018-01-12,163.14999389648438,164.66000366210938,162.94000244140625,164.49000549316406,156.89743041992188,37762700
2018-01-16,165.5800018310547,166.4199981689453,163.52999877929688,164.02000427246094,156.44911193847656,41231800
2018-01-17,164.8000030517578,166.0399932861328,164.0,165.7899932861328,158.1374053955078,33849900
2018-01-18,165.52999877929688,166.1999969482422,165.13999938964844,165.82000732421875,158.16603088378906,26432200
2018-01-19,166.30999755859375,166.61000061035156,165.5399932861328,166.33999633789062,158.6620635986328,38937600
2018-01-22,166.27999877929688,168.1199951171875,166.08999633789062,168.1199951171875,160.3599090576172,26081400
2018-01-23,168.63999938964844,169.66000366210938,168.55999755859375,169.50999450683594,161.68572998046875,37989700
2018-01-24,169.8699951171875,170.24000549316406,167.44000244140625,168.41000366210938,160.63650512695312,54287400
2018-01-25,169.57000732421875,169.6300048828125,167.80999755859375,168.35000610351562,160.57928466796875,28925000
2018-01-26,169.2899932861328,170.9499969482422,168.9600067138672,170.92999267578125,163.0402069091797,32038200
2018-01-29,170.57000732421875,170.91000366210938,169.74000549316406,170.10000610351562,162.24847412109375,37277800
2018-01-30,168.5500030517578,169.4199981689453,167.82000732421875,168.6999969482422,160.91310119628906,44987700
2018-01-31,169.64999389648438,169.99000549316406,168.33999633789062,169.39999389648438,161.580810546875,42449200
2018-02-01,168.10000610351562,169.72999572753906,167.4199981689453,167.9600067138672,160.20730590820312,38037900
2018-02-02,167.3000030517578,167.6999969482422,164.47000122070312,164.61000061035156,157.0118865966797,68478100
2018-02-05,163.07000732421875,165.75,158.0,158.1199951171875,150.8214569091797,105372200
2018-02-06,155.80999755859375,162.50999450683594,155.10000610351562,162.30999755859375,154.8180694580078,118537900
2018-02-07,161.7899932861328,163.5500030517578,160.1999969482422,160.2100067138672,152.81500244140625,91028300
2018-02-08,160.6199951171875,160.8000030517578,153.4499969482422,153.4499969482422,146.36700439453125,94184800
2018-02-09,155.6199951171875,157.24000549316406,150.1300048828125,156.10000610351562,148.89471435546875,113836600
2018-02-12,157.6999969482422,159.9499969482422,156.4600067138672,158.8699951171875,151.53689575195312,63050600
2018-02-13,157.9600067138672,160.00999450683594,157.72000122070312,159.69000244140625,152.3190155029297,31785600
2018-02-14,158.75,162.92999267578125,158.0,162.67999267578125,155.1709747314453,52107400
2018-02-15,164.13999938964844,165.6999969482422,162.44000244140625,165.6999969482422,158.0515899658203,51633900
2018-02-16,165.16000366210938,166.75999450683594,164.67999267578125,164.9600067138672,157.34573364257812,62256300
2018-02-20,164.3800048828125,166.67999267578125,164.30999755859375,165.2899932861328,157.6604766845703,36785600
2018-02-21,166.10000610351562,167.72000122070312,164.72000122070312,164.82000732421875,157.21224975585938,41161800
2018-02-22,165.5399932861328,166.4199981689453,164.3800048828125,164.8000030517578,157.193115234375,37074400
2018-02-23,166.1300048828125,168.1699981689453,165.4499969482422,168.1699981689453,160.40757751464844,50096900
2018-02-26,168.9600067138672,170.39999389648438,168.82000732421875,170.39999389648438,162.53465270996094,39266700
2018-02-27,170.4499969482422,170.72999572753906,168.2100067138672,168.2899932861328,160.5220489501953,42209900
2018-02-28,169.25,169.8000030517578,167.10000610351562,167.2100067138672,159.49192810058594,42936300
2018-03-01,167.3000030517578,168.07000732421875,163.0,164.47999572753906,156.8878936767578,76809900
2018-03-02,162.5,166.27999877929688,161.9600067138672,165.99000549316406,158.3282012939453,57445100
2018-03-05,165.2100067138672,168.25999450683594,164.58999633789062,167.8300018310547,160.08328247070312,38540200
2018-03-06,168.64999389648438,169.11000061035156,167.47999572753906,168.5399932861328,160.76046752929688,29480900
2018-03-07,167.25,169.07000732421875,166.9600067138672,168.92999267578125,161.1324920654297,34609400
2018-03-08,169.6300048828125,169.97999572753906,168.9499969482422,169.86000061035156,162.01954650878906,25828400
2018-03-09,171.07000732421875,173.16000366210938,170.82000732421875,173.16000366210938,165.16725158691406,38310500
2018-03-12,173.6699981689453,174.47999572753906,173.27999877929688,174.0800018310547,166.04481506347656,37635000
2018-03-13,174.47999572753906,175.2100067138672,171.27000427246094,171.7100067138672,163.78419494628906,55638900
2018-03-14,172.61000061035156,172.74000549316406,170.92999267578125,171.67999267578125,163.7555694580078,40536400
2018-03-15,171.8000030517578,172.52999877929688,170.89999389648438,171.52999877929688,163.61245727539062,28810400
2018-03-16,171.82000732421875,172.1999969482422,170.94000244140625,171.02000427246094,163.1260223388672,31176700
2018-03-19,169.10000610351562,169.22000122070312,165.63999938964844,167.10000610351562,159.6455841064453,71395100
2018-03-20,167.1699981689453,168.0399932861328,166.61000061035156,167.64999389648438,160.17100524902344,34075700
2018-03-21,167.2100067138672,168.75999450683594,166.19000244140625,166.9199981689453,159.47354125976562,43863500
2018-03-22,164.61000061035156,165.77000427246094,162.58999633789062,162.8000030517578,155.537353515625,66607300
2018-03-23,162.61000061035156,163.3000030517578,158.42999267578125,158.50999450683594,151.43873596191406,80110400
2018-03-26,161.72000122070312,164.60000610351562,159.16000366210938,164.39999389648438,157.06597900390625,57481500
2018-03-27,165.6199951171875,165.6199951171875,157.67999267578125,159.0800018310547,151.98330688476562,78889100
2018-03-28,158.1699981689453,159.77999877929688,156.0399932861328,157.25,150.23495483398438,89369700
2018-03-29,158.10000610351562,161.7100067138672,156.6300048828125,160.1300048828125,152.98648071289062,68692600
2018-04-02,158.99000549316406,159.74000549316406,153.8800048828125,155.50999450683594,148.57260131835938,85549400
2018-04-03,156.8699951171875,157.9199981689453,154.44000244140625,157.25999450683594,150.24453735351562,64090000
2018-04-04,154.22000122070312,160.22999572753906,154.0399932861328,159.74000549316406,152.61390686035156,65768700
2018-04-05,161.3300018310547,161.5800018310547,159.47999572753906,160.64999389648438,153.48324584960938,43054900
2018-04-06,158.8800048828125,160.4600067138672,155.8800048828125,156.6300048828125,149.6426239013672,59870900
2018-04-09,157.97999572753906,160.8800048828125,157.4600067138672,157.72999572753906,150.6935577392578,41810400
2018-04-10,160.2100067138672,161.72999572753906,159.07000732421875,161.2100067138672,154.01834106445312,48296800
2018-04-11,160.1999969482422,162.0,160.10000610351562,160.27999877929688,153.12977600097656,41622100
2018-04-12,161.25,162.77000427246094,161.16000366210938,162.2100067138672,154.97369384765625,30467900
2018-04-13,163.02000427246094,163.25999450683594,160.6699981689453,161.3699951171875,154.1711883544922,44604900
2018-04-16,162.5,163.19000244140625,161.47999572753906,162.60000610351562,155.3463134765625,28180800
2018-04-17,164.24000549316406,166.4600067138672,163.91000366210938,166.10000610351562,158.69015502929688,35536100
2018-04-18,166.10000610351562,167.0,165.30999755859375,166.44000244140625,159.0150146484375,29573900
2018-04-19,165.60000610351562,165.99000549316406,164.33999633789062,164.91000366210938,157.5532684326172,34705700
2018-04-20,164.49000549316406,164.61000061035156,161.72999572753906,162.3000030517578,155.05970764160156,49197100
2018-04-23,163.08999633789062,163.72999572753906,161.02000427246094,161.88999938964844,154.66796875,33040600
2018-04-24,162.66000366210938,162.91000366210938,157.38999938964844,158.4600067138672,151.39096069335938,70256800
2018-04-25,158.74000549316406,159.30999755859375,156.47000122070312,158.64999389648438,151.572509765625,52089300
2018-04-26,160.6999969482422,162.52999877929688,160.17999267578125,161.99000549316406,154.76348876953125,43005500
2018-04-27,164.3699951171875,164.41000366210938,161.1699981689453,162.08999633789062,154.85902404785156,51043400
2018-04-30,162.47000122070312,163.47999572753906,160.5399932861328,160.94000244140625,153.76034545898438,35615300
2018-05-01,160.52000427246094,162.8000030517578,160.13999938964844,162.77999877929688,155.5182647705078,36513500
2018-05-02,163.05999755859375,163.57000732421875,161.6300048828125,161.82000732421875,154.60110473632812,38646800
2018-05-03,161.0,162.39999389648438,159.22000122070312,161.8000030517578,154.58197021484375,60337100
2018-05-04,161.10000610351562,165.25,160.97999572753906,164.8699951171875,157.5150146484375,41543200
2018-05-07,165.63999938964844,166.77999877929688,165.50999450683594,166.24000549316406,158.82391357421875,32500200
2018-05-08,165.88999938964844,166.42999267578125,164.86000061035156,166.07000732421875,158.6614990234375,26040200
2018-05-09,166.3699951171875,168.0,165.77999877929688,167.8800048828125,160.39077758789062,29122700
2018-05-10,168.4199981689453,169.74000549316406,168.2899932861328,169.6199951171875,162.0531005859375,27067600
2018-05-11,169.4199981689453,169.86000061035156,168.72000122070312,169.4600067138672,161.9002685546875,24688800
2018-05-14,169.85000610351562,170.82000732421875,169.47000122070312,169.75,162.1773681640625,21821700
2018-05-15,168.41000366210938,168.5,166.97999572753906,167.8699951171875,160.3812255859375,49361600
2018-05-16,168.08999633789062,169.3699951171875,168.00999450683594,168.97999572753906,161.44166564941406,22941200
2018-05-17,168.38999938964844,169.61000061035156,167.50999450683594,168.3300018310547,160.8206787109375,27480200
2018-05-18,167.67999267578125,168.25999450683594,167.2100067138672,167.4600067138672,159.989501953125,26217900
2018-05-21,168.75999450683594,169.5,167.67999267578125,168.39999389648438,160.88748168945312,22954600
2018-05-22,169.1699981689453,169.4499969482422,167.8800048828125,168.17999267578125,160.67739868164062,19477700
2018-05-23,166.89999389648438,169.6199951171875,166.8800048828125,169.60000610351562,162.0340118408203,26557800
2018-05-24,169.5500030517578,169.85000610351562,167.83999633789062,169.5500030517578,161.98623657226562,27696500
2018-05-25,169.52999877929688,170.3300018310547,169.2100067138672,169.72000122070312,162.148681640625,27460500
2018-05-29,168.9499969482422,169.9199981689453,167.9600067138672,168.97000122070312,161.43215942382812,41220500
2018-05-30,169.5800018310547,170.47999572753906,169.22000122070312,170.17999267578125,162.58815002441406,22665800
2018-05-31,170.17999267578125,171.1999969482422,169.6300048828125,170.07000732421875,162.48304748535156,35670900
2018-06-01,170.9199981689453,172.83999633789062,170.8699951171875,172.74000549316406,165.03396606445312,45543300
2018-06-04,173.17999267578125,174.33999633789062,173.07000732421875,174.3000030517578,166.5243377685547,20459600
2018-06-05,174.7100067138672,175.1300048828125,174.07000732421875,174.83999633789062,167.04022216796875,24779300
2018-06-06,175.02000427246094,175.88999938964844,174.13999938964844,175.86000061035156,168.01470947265625,25036600
2018-06-07,175.88999938964844,175.92999267578125,173.5500030517578,174.42999267578125,166.64857482910156,39600300
2018-06-08,173.61000061035156,174.8800048828125,173.17999267578125,174.44000244140625,166.65809631347656,31780300
2018-06-11,174.30999755859375,175.33999633789062,174.27999877929688,174.91000366210938,167.10714721679688,22319700
2018-06-12,175.14999389648438,176.0,174.9600067138672,175.8300018310547,167.98609924316406,22511800
2018-06-13,176.10000610351562,177.13999938964844,175.42999267578125,175.82000732421875,167.97654724121094,37858600
2018-06-14,176.6300048828125,177.88999938964844,176.5,177.60000610351562,169.67710876464844,35916000
2018-06-15,176.92999267578125,177.3300018310547,176.11000061035156,176.97999572753906,169.08480834960938,49615700
2018-06-18,175.49000549316406,176.64999389648438,174.94000244140625,176.5,168.98712158203125,31633200
2018-06-19,174.27000427246094,176.0399932861328,173.7100067138672,176.0,168.50843811035156,38236000
2018-06-20,176.80999755859375,177.97999572753906,176.64999389648438,177.25,169.70521545410156,33038000
2018-06-21,177.6999969482422,177.8800048828125,175.3699951171875,175.7100067138672,168.23072814941406,43469400
2018-06-22,176.3000030517578,176.3699951171875,174.69000244140625,175.32000732421875,167.85739135742188,30073200
2018-06-25,173.72999572753906,173.99000549316406,169.80999755859375,171.3699951171875,164.07550048828125,77799700
2018-06-26,172.0,173.05999755859375,171.3699951171875,172.07000732421875,164.74569702148438,39008100
2018-06-27,172.8000030517578,173.5800018310547,169.61000061035156,169.72999572753906,162.50531005859375,52843500
2018-06-28,169.52000427246094,171.77000427246094,169.1699981689453,171.19000244140625,163.90313720703125,46407700
2018-06-29,172.00999450683594,172.9199981689453,171.39999389648438,171.64999389648438,164.34361267089844,36408500
2018-07-02,170.0399932861328,172.85000610351562,169.6699981689453,172.8000030517578,165.4446258544922,31770000
2018-07-03,173.4499969482422,173.4499969482422,170.6300048828125,170.8000030517578,163.52972412109375,25512700
2018-07-05,171.91000366210938,173.05999755859375,171.02999877929688,172.9199981689453,165.55950927734375,31626200
2018-07-06,173.32000732421875,175.74000549316406,173.0,175.61000061035156,168.135009765625,37005600
2018-07-09,176.52000427246094,177.22999572753906,175.82000732421875,177.19000244140625,169.64773559570312,27362100
2018-07-10,177.52000427246094,177.72000122070312,176.7100067138672,177.32000732421875,169.77223205566406,23902500
2018-07-11,175.92999267578125,177.07000732421875,175.8000030517578,176.4199981689453,168.91053771972656,30280600
2018-07-12,177.1999969482422,179.4600067138672,177.0800018310547,179.4600067138672,171.82113647460938,27930100
2018-07-13,179.4499969482422,179.89999389648438,178.9499969482422,179.61000061035156,171.96478271484375,28049800
2018-07-16,179.64999389648438,179.9499969482422,178.8800048828125,179.17999267578125,171.55300903320312,21405300
2018-07-17,177.27999877929688,180.64999389648438,177.27999877929688,180.27000427246094,172.59671020507812,31034100
2018-07-18,180.2899932861328,180.44000244140625,179.3800048828125,179.92999267578125,172.27113342285156,23220800
2018-07-19,179.27999877929688,179.8800048828125,178.82000732421875,179.02999877929688,171.40939331054688,31094100
2018-07-20,179.57000732421875,180.1699981689453,178.7899932861328,178.99000549316406,171.37115478515625,35897300
2018-07-23,178.4600067138672,179.63999938964844,177.74000549316406,179.55999755859375,171.9168701171875,22184700
2018-07-24,181.41000366210938,182.0500030517578,179.55999755859375,180.3000030517578,172.62535095214844,36900300
2018-07-25,180.3800048828125,182.92999267578125,180.2899932861328,182.82000732421875,175.03814697265625,35026600
2018-07-26,180.33999633789062,180.9199981689453,179.80999755859375,180.0500030517578,172.38601684570312,40873500
2018-07-27,181.19000244140625,181.30999755859375,176.60000610351562,177.6199951171875,170.05941772460938,59456100
2018-07-30,177.6300048828125,177.72999572753906,174.27000427246094,175.11000061035156,167.65628051757812,60193000
2018-07-31,175.8000030517578,177.1300048828125,174.82000732421875,176.4499969482422,168.93922424316406,47285100
2018-08-01,176.86000061035156,177.64999389648438,176.10000610351562,177.1199951171875,169.5807342529297,37101900
2018-08-02,175.8699951171875,179.74000549316406,175.7899932861328,179.52999877929688,171.8881378173828,47178200
2018-08-03,179.8699951171875,180.08999633789062,179.0800018310547,180.0800018310547,172.4147491455078,28934400
2018-08-06,179.9600067138672,181.19000244140625,179.74000549316406,181.13999938964844,173.4296417236328,24808800
2018-08-07,181.64999389648438,182.13999938964844,181.25999450683594,181.8000030517578,174.0615692138672,29895700
2018-08-08,181.5500030517578,182.35000610351562,181.05999755859375,182.02000427246094,174.27215576171875,22680700
2018-08-09,181.91000366210938,182.6300048828125,181.63999938964844,181.91000366210938,174.16685485839844,18852900
2018-08-10,180.67999267578125,181.22000122070312,179.83999633789062,180.52000427246094,172.8359832763672,33818500
2018-08-13,180.85000610351562,182.00999450683594,180.24000549316406,180.32000732421875,172.64454650878906,26089200
2018-08-14,181.00999450683594,181.66000366210938,180.0399932861328,181.4499969482422,173.72640991210938,20913000
2018-08-15,180.00999450683594,180.5800018310547,178.1199951171875,179.22999572753906,171.60092163085938,58528000
2018-08-16,180.61000061035156,180.99000549316406,179.47000122070312,179.82000732421875,172.1658172607422,27711800
2018-08-17,179.35000610351562,180.30999755859375,178.27000427246094,179.86000061035156,172.20407104492188,36092600
2018-08-20,180.25999450683594,180.3300018310547,179.0,179.6999969482422,172.0509490966797,24939000
2018-08-21,180.24000549316406,181.44000244140625,180.1300048828125,180.36000061035156,172.6827850341797,26258700
2018-08-22,179.97999572753906,181.27000427246094,179.75,181.05999755859375,173.35305786132812,18042400
2018-08-23,180.74000549316406,182.0500030517578,180.5,180.8000030517578,173.10414123535156,25776200
2018-08-24,181.39999389648438,182.6300048828125,181.36000061035156,182.47999572753906,174.7126007080078,23136100
2018-08-27,183.39999389648438,184.33999633789062,183.11000061035156,184.33999633789062,176.49337768554688,29343600
2018-08-28,184.8300018310547,185.02000427246094,184.22000122070312,184.61000061035156,176.7519073486328,20277000
2018-08-29,184.92999267578125,186.83999633789062,184.86000061035156,186.74000549316406,178.79124450683594,29175600
2018-08-30,186.3800048828125,187.52000427246094,185.7899932861328,186.41000366210938,178.4752960205078,29315500
2018-08-31,186.17999267578125,187.17999267578125,185.97999572753906,186.64999389648438,178.705078125,28653200
2018-09-04,186.0800018310547,186.39999389648438,184.85000610351562,185.85000610351562,177.93914794921875,29063500
2018-09-05,185.52000427246094,185.5500030517578,182.82000732421875,183.4499969482422,175.6413116455078,42623300
2018-09-06,183.52999877929688,183.75,180.5800018310547,181.80999755859375,174.07110595703125,46091400
2018-09-07,180.5,182.6699981689453,180.44000244140625,181.11000061035156,173.40090942382812,46629500
2018-09-10,182.14999389648438,182.25,180.72999572753906,181.72000122070312,173.98495483398438,26132000
2018-09-11,180.99000549316406,183.4199981689453,180.52000427246094,183.1199951171875,175.32534790039062,30116500
2018-09-12,182.85000610351562,182.97999572753906,181.00999450683594,182.5800018310547,174.80831909179688,36204000
2018-09-13,183.72000122070312,184.8800048828125,183.63999938964844,184.52999877929688,176.67530822753906,31133200
2018-09-14,184.66000366210938,184.9499969482422,183.25999450683594,183.99000549316406,176.15835571289062,31224100
2018-09-17,183.67999267578125,183.80999755859375,181.1699981689453,181.33999633789062,173.62107849121094,33071200
2018-09-18,181.49000549316406,183.72999572753906,181.39999389648438,182.83999633789062,175.05726623535156,31877300
2018-09-19,182.8699951171875,183.3000030517578,181.50999450683594,182.6999969482422,174.92323303222656,31843400
2018-09-20,183.9600067138672,184.97000122070312,183.52000427246094,184.72000122070312,176.8572235107422,33295800
2018-09-21,185.22000122070312,185.47999572753906,183.47999572753906,183.7100067138672,175.8902130126953,38605400
2018-09-24,182.0500030517578,183.9600067138672,181.3000030517578,183.88999938964844,176.37942504882812,34945600
2018-09-25,183.80999755859375,184.27999877929688,183.17999267578125,184.13999938964844,176.61915588378906,25277500
2018-09-26,184.3000030517578,185.99000549316406,183.91000366210938,184.27000427246094,176.74383544921875,36210600
2018-09-27,185.02000427246094,186.49000549316406,184.9199981689453,185.8300018310547,178.24014282226562,33113300
2018-09-28,185.30999755859375,186.27999877929688,184.97000122070312,185.7899932861328,178.20179748535156,28076800
2018-10-01,186.8699951171875,187.52999877929688,185.6999969482422,186.1699981689453,178.5662841796875,27371300
2018-10-02,186.00999450683594,187.17999267578125,185.32000732421875,185.75,178.16343688964844,25618600
2018-10-03,186.52999877929688,186.97000122070312,185.66000366210938,185.9499969482422,178.35523986816406,29128700
2018-10-04,185.1999969482422,185.32000732421875,181.05999755859375,182.3800048828125,174.93109130859375,80557300
2018-10-05,182.36000061035156,182.97000122070312,178.42999267578125,180.14999389648438,172.79212951660156,83325600
2018-10-08,179.52000427246094,180.63999938964844,176.92999267578125,179.0500030517578,171.73707580566406,66864500
2018-10-09,179.17999267578125,181.02000427246094,178.75,179.6300048828125,172.29339599609375,49097900
2018-10-10,178.50999450683594,178.6199951171875,171.5,171.72999572753906,164.71604919433594,114471100
2018-10-11,171.02000427246094,173.39999389648438,167.80999755859375,169.60000610351562,162.67303466796875,143084500
2018-10-12,174.1699981689453,174.86000061035156,170.92999267578125,174.32000732421875,167.20030212402344,102078400
2018-10-15,173.7100067138672,174.0399932861328,171.55999755859375,172.2100067138672,165.1764373779297,64885300
2018-10-16,174.02000427246094,177.64999389648438,173.6999969482422,177.22000122070312,169.9818572998047,71979700
2018-10-17,178.0800018310547,178.25999450683594,175.47000122070312,177.2899932861328,170.0489501953125,66987600
2018-10-18,176.6199951171875,176.67999267578125,172.44000244140625,173.17999267578125,166.10682678222656,82486200
2018-10-19,174.5800018310547,176.07000732421875,172.38999938964844,173.02000427246094,165.95339965820312,82923700
2018-10-22,174.05999755859375,175.25,172.58999633789062,173.91000366210938,166.80702209472656,52909300
2018-10-23,170.63999938964844,174.1300048828125,168.82000732421875,173.27000427246094,166.1931610107422,77567000
2018-10-24,173.07000732421875,173.36000061035156,165.0399932861328,165.33999633789062,158.58702087402344,102997400
2018-10-25,167.91000366210938,172.0800018310547,167.16000366210938,171.05999755859375,164.0734100341797,83481100
2018-10-26,165.1999969482422,169.9600067138672,164.22999572753906,166.66000366210938,159.8531494140625,130970900
2018-10-29,169.2100067138672,169.86000061035156,160.08999633789062,163.22999572753906,156.563232421875,111871900
2018-10-30,162.75,166.0399932861328,162.00999450683594,165.9199981689453,159.14337158203125,92584000
2018-10-31,168.6199951171875,171.25,168.5399932861328,169.82000732421875,162.8840789794922,73828600
2018-11-01,170.07000732421875,172.24000549316406,168.77999877929688,172.05999755859375,165.03257751464844,52706800
2018-11-02,171.52999877929688,172.5500030517578,168.22000122070312,169.3800048828125,162.46202087402344,75966800
2018-11-05,169.60000610351562,169.66000366210938,167.0800018310547,168.9600067138672,162.05921936035156,39573500
2018-11-06,168.97000122070312,171.19000244140625,168.72000122070312,170.24000549316406,163.286865234375,34410400
2018-11-07,172.27999877929688,175.5800018310547,171.8699951171875,175.5800018310547,168.40879821777344,51169600
2018-11-08,174.75999450683594,175.3000030517578,173.6300048828125,174.4600067138672,167.33457946777344,40296500
2018-11-09,172.8300018310547,173.25,170.16000366210938,171.52000427246094,164.5146484375,50602700
2018-11-12,170.32000732421875,170.63999938964844,166.17999267578125,166.3300018310547,159.53662109375,62578400
2018-11-13,167.11000061035156,169.47999572753906,166.0,166.47000122070312,159.67091369628906,64128100
2018-11-14,168.1199951171875,168.6999969482422,164.25,165.1999969482422,158.45278930664062,75270700
2018-11-15,164.89999389648438,168.5399932861328,163.4600067138672,168.08999633789062,161.2247314453125,73254300
2018-11-16,166.4499969482422,168.30999755859375,165.77999877929688,167.5,160.6588134765625,65390700
2018-11-19,166.6999969482422,166.89999389648438,161.5399932861328,162.05999755859375,155.44097900390625,67280500
2018-11-20,158.3699951171875,161.3800048828125,157.1300048828125,159.16000366210938,152.65943908691406,102652800
2018-11-21,161.35000610351562,161.97000122070312,159.22999572753906,160.3699951171875,153.81997680664062,42965800
2018-11-23,159.08999633789062,160.83999633789062,159.08999633789062,159.2100067138672,152.70742797851562,23503700
2018-11-26,161.44000244140625,162.97000122070312,160.75999450683594,162.88999938964844,156.2371063232422,42012600
2018-11-27,162.0,163.85000610351562,161.17999267578125,163.44000244140625,156.76466369628906,36608100
2018-11-28,164.6199951171875,168.6999969482422,163.47000122070312,168.6999969482422,161.80978393554688,70141000
2018-11-29,167.99000549316406,169.25999450683594,166.82000732421875,168.14999389648438,161.28225708007812,44885700
2018-11-30,168.3800048828125,169.47000122070312,167.5399932861328,169.3699951171875,162.45240783691406,36722800
2018-12-03,173.11000061035156,173.30999755859375,169.50999450683594,172.3300018310547,165.29151916503906,50771700
2018-12-04,171.42999267578125,171.91000366210938,165.52000427246094,165.72000122070312,158.95150756835938,70594700
2018-12-06,162.3800048828125,166.91000366210938,161.77000427246094,166.88999938964844,160.07376098632812,71715500
2018-12-07,166.16000366210938,167.1199951171875,160.86000061035156,161.3800048828125,154.78875732421875,80432200
2018-12-10,161.0800018310547,163.77999877929688,159.41000366210938,163.07000732421875,156.4097442626953,73960800
2018-12-11,165.72999572753906,165.77000427246094,162.22999572753906,163.61000061035156,156.9276580810547,59058300
2018-12-12,166.0,167.60000610351562,164.9600067138672,165.0500030517578,158.3088836669922,53780000
2018-12-13,166.1300048828125,166.82000732421875,164.02999877929688,165.10000610351562,158.35684204101562,46378500
2018-12-14,163.2100067138672,163.80999755859375,160.6999969482422,161.0800018310547,154.5010223388672,56547400
2018-12-17,160.38999938964844,161.6699981689453,156.1699981689453,157.42999267578125,151.0001220703125,74834100
2018-12-18,158.64999389648438,159.9499969482422,157.0399932861328,158.4199981689453,151.94967651367188,63642100
2018-12-19,158.17999267578125,160.72000122070312,153.33999633789062,154.52999877929688,148.21852111816406,81856500
2018-12-20,154.14999389648438,155.8699951171875,150.38999938964844,152.2899932861328,146.07003784179688,99002100
2018-12-21,153.0500030517578,154.08999633789062,146.72000122070312,147.57000732421875,141.54281616210938,141129400
2018-12-24,146.0800018310547,147.97999572753906,143.4600067138672,143.5,138.03280639648438,56163300
2018-12-26,145.0800018310547,152.5399932861328,144.08999633789062,152.4600067138672,146.65142822265625,98982100
2018-12-27,150.3699951171875,153.17999267578125,147.0800018310547,153.0500030517578,147.218994140625,85824300
2018-12-28,154.14999389648438,155.58999633789062,151.72000122070312,152.97000122070312,147.1420440673828,77856600
2018-12-31,154.47000122070312,154.97999572753906,152.7100067138672,154.25999450683594,148.38290405273438,53015300
2019-01-02,150.99000549316406,155.75,150.8800048828125,154.8800048828125,148.979248046875,58576700
2019-01-03,152.60000610351562,153.25999450683594,149.49000549316406,149.82000732421875,144.11209106445312,74820200
2019-01-04,152.33999633789062,157.0,151.74000549316406,156.22999572753906,150.27786254882812,74709300
2019-01-07,156.6199951171875,158.86000061035156,156.11000061035156,158.08999633789062,152.06698608398438,52059300
2019-01-08,159.5399932861328,160.11000061035156,157.1999969482422,159.52000427246094,153.44244384765625,49388700
2019-01-09,160.13999938964844,161.52000427246094,159.47000122070312,160.82000732421875,154.69296264648438,46491700
2019-01-10,159.60000610351562,161.3699951171875,158.6999969482422,161.27999877929688,155.1354217529297,38943400
2019-01-11,160.3300018310547,160.86000061035156,159.7899932861328,160.69000244140625,154.56790161132812,30176600
2019-01-14,159.3300018310547,159.9600067138672,158.58999633789062,159.27000427246094,153.20205688476562,30710200
2019-01-15,160.0,162.60000610351562,159.91000366210938,162.3800048828125,156.19354248046875,40874200
2019-01-16,162.64999389648438,163.77999877929688,162.2899932861328,162.35000610351562,156.1646728515625,33812200
2019-01-17,161.8300018310547,164.36000061035156,161.57000732421875,163.6300048828125,157.3959197998047,39329000
2019-01-18,164.77999877929688,166.02000427246094,163.82000732421875,165.25,158.95423889160156,57183200
2019-01-22,164.05999755859375,164.13999938964844,160.75999450683594,161.94000244140625,155.7703094482422,56711700
2019-01-23,162.77000427246094,163.50999450683594,160.32000732421875,162.14999389648438,155.9722900390625,38106100
2019-01-24,162.67999267578125,163.44000244140625,162.05999755859375,163.1999969482422,156.98226928710938,32417800
2019-01-25,164.50999450683594,165.64999389648438,163.9499969482422,165.14999389648438,158.85801696777344,36515900
2019-01-28,163.02000427246094,163.1199951171875,161.75,163.11000061035156,156.8957061767578,33491200
2019-01-29,163.1999969482422,163.24000549316406,160.99000549316406,161.57000732421875,155.4143829345703,30784200
2019-01-30,163.39999389648438,166.27999877929688,162.88999938964844,165.67999267578125,159.36778259277344,41346500
2019-01-31,166.6999969482422,168.99000549316406,166.47000122070312,168.16000366210938,161.75332641601562,37258400
2019-02-01,167.3300018310547,168.60000610351562,166.99000549316406,167.4499969482422,161.0703582763672,32143700
2019-02-04,167.47999572753906,169.52999877929688,167.3300018310547,169.52999877929688,163.0711212158203,26718800
2019-02-05,169.75999450683594,171.22999572753906,169.69000244140625,171.02999877929688,164.51397705078125,28156400
2019-02-06,171.07000732421875,171.3699951171875,169.75,170.52000427246094,164.02340698242188,27970000
2019-02-07,169.02999877929688,169.4499969482422,166.9499969482422,168.22999572753906,161.8206329345703,42036200
2019-02-08,166.75999450683594,168.58999633789062,166.57000732421875,168.55999755859375,162.13807678222656,29020700
2019-02-11,169.1699981689453,169.5800018310547,167.97999572753906,168.39999389648438,161.98414611816406,21434100
2019-02-12,169.6300048828125,171.13999938964844,169.3300018310547,170.88999938964844,164.37933349609375,29722100
2019-02-13,171.64999389648438,172.16000366210938,170.82000732421875,171.00999450683594,164.4947052001953,26094100
2019-02-14,170.39999389648438,171.8300018310547,169.8300018310547,171.22000122070312,164.69674682617188,30326800
2019-02-15,172.52000427246094,172.55999755859375,171.13999938964844,171.94000244140625,165.38931274414062,32521700
2019-02-19,171.41000366210938,172.8000030517578,171.3800048828125,172.27999877929688,165.7163543701172,19487700
2019-02-20,172.39999389648438,173.0800018310547,171.32000732421875,172.25,165.68751525878906,32593000
2019-02-21,171.7899932861328,172.25999450683594,170.7100067138672,171.6199951171875,165.08152770996094,25207400
2019-02-22,171.99000549316406,173.00999450683594,171.89999389648438,172.88999938964844,166.3030548095703,27735400
2019-02-25,174.2100067138672,174.66000366210938,173.39999389648438,173.52000427246094,166.90908813476562,32608800
2019-02-26,173.10000610351562,174.25,172.80999755859375,173.6999969482422,167.08224487304688,21939700
2019-02-27,172.89999389648438,173.8000030517578,171.75999450683594,173.58999633789062,166.97645568847656,25162000
2019-02-28,173.0500030517578,173.80999755859375,172.6999969482422,173.19000244140625,166.5916748046875,25085500
2019-03-01,174.44000244140625,174.64999389648438,173.17999267578125,174.38999938964844,167.74595642089844,31431200
2019-03-04,175.5399932861328,175.7899932861328,172.47000122070312,174.4199981689453,167.7748260498047,38063500
2019-03-05,174.5500030517578,175.08999633789062,173.69000244140625,174.5500030517578,167.89988708496094,22319900
2019-03-06,174.72000122070312,174.75,173.27999877929688,173.55999755859375,166.9475555419922,27194600
2019-03-07,173.1199951171875,173.17999267578125,170.7899932861328,171.42999267578125,164.8987579345703,39407400
2019-03-08,169.50999450683594,171.25999450683594,169.33999633789062,171.1699981689453,164.6486358642578,39303200
2019-03-11,171.8800048828125,174.85000610351562,171.85000610351562,174.72999572753906,168.07298278808594,30518400
2019-03-12,175.19000244140625,176.13999938964844,174.77000427246094,175.69000244140625,168.9964141845703,33953500
2019-03-13,176.60000610351562,177.92999267578125,176.35000610351562,177.00999450683594,170.26614379882812,42426100
2019-03-14,177.1300048828125,177.33999633789062,176.66000366210938,176.7100067138672,169.9775848388672,23751500
2019-03-15,177.39999389648438,178.8800048828125,177.27999877929688,178.35000610351562,171.55506896972656,38192000
2019-03-18,177.9499969482422,178.99000549316406,177.58999633789062,178.4499969482422,171.96365356445312,32935100
2019-03-19,179.17999267578125,180.0,178.2899932861328,179.0500030517578,172.5418701171875,36893300
2019-03-20,179.05999755859375,180.86000061035156,178.24000549316406,179.75999450683594,173.2259979248047,50105000
2019-03-21,179.22000122070312,182.8300018310547,179.1999969482422,182.57000732421875,175.93392944335938,42428500
2019-03-22,181.77999877929688,182.27000427246094,178.3699951171875,178.55999755859375,172.06964111328125,70794500
2019-03-25,177.91000366210938,178.83999633789062,176.92999267578125,178.22000122070312,171.74200439453125,46336500
2019-03-26,179.60000610351562,180.69000244140625,178.13999938964844,179.0500030517578,172.5418701171875,33248100
2019-03-27,179.32000732421875,179.72000122070312,176.60000610351562,177.89999389648438,171.43362426757812,37096700
2019-03-28,178.36000061035156,178.97999572753906,177.24000549316406,178.30999755859375,171.82876586914062,30368200
2019-03-29,179.69000244140625,179.8300018310547,178.58999633789062,179.66000366210938,173.12969970703125,35205500
2019-04-01,181.50999450683594,182.25999450683594,180.77000427246094,182.0399932861328,175.42320251464844,30969500
2019-04-02,182.24000549316406,182.91000366210938,181.77999877929688,182.72999572753906,176.08810424804688,22645200
2019-04-03,183.75999450683594,184.9199981689453,183.2100067138672,183.77999877929688,177.09994506835938,31633500
2019-04-04,183.8300018310547,184.5,182.64999389648438,183.7100067138672,177.03245544433594,28530800
2019-04-05,184.24000549316406,184.77000427246094,184.02000427246094,184.66000366210938,177.9479522705078,25674700
2019-04-08,184.36000061035156,185.27999877929688,183.6300048828125,185.1300048828125,178.40087890625,22697500
2019-04-09,184.5,185.11000061035156,184.08999633789062,184.47999572753906,177.77450561523438,25631900
2019-04-10,184.72000122070312,185.52999877929688,184.52000427246094,185.47000122070312,178.72853088378906,24563000
2019-04-11,185.77999877929688,185.77999877929688,184.69000244140625,185.02999877929688,178.30453491210938,20654100
2019-04-12,185.85000610351562,185.9499969482422,185.05999755859375,185.8300018310547,179.07540893554688,24989100
2019-04-15,185.83999633789062,186.07000732421875,184.6199951171875,185.86000061035156,179.10433959960938,21073000
2019-04-16,186.5399932861328,186.91000366210938,185.92999267578125,186.5,179.72108459472656,27195700
2019-04-17,187.75,187.92999267578125,186.60000610351562,187.14999389648438,180.3474578857422,29651600
2019-04-18,187.4600067138672,187.7899932861328,186.2899932861328,187.38999938964844,180.5787353515625,28580900
2019-04-22,186.57000732421875,187.99000549316406,186.42999267578125,187.9199981689453,181.08946228027344,17936000
2019-04-23,188.39999389648438,190.5399932861328,188.1300048828125,190.30999755859375,183.39260864257812,33665600
2019-04-24,190.47000122070312,190.7100067138672,189.64999389648438,189.7100067138672,182.81439208984375,24977100
2019-04-25,191.1300048828125,191.22000122070312,189.4499969482422,190.47999572753906,183.55642700195312,29517500
2019-04-26,190.17999267578125,190.69000244140625,188.58999633789062,190.64999389648438,183.72024536132812,26359500
2019-04-29,190.64999389648438,191.32000732421875,190.33999633789062,191.02000427246094,184.07675170898438,21716200
2019-04-30,189.47999572753906,189.85000610351562,188.2100067138672,189.5399932861328,182.6505584716797,31495300
2019-05-01,190.77999877929688,191.32000732421875,188.8000030517578,188.92999267578125,182.06272888183594,34797100
2019-05-02,188.8699951171875,189.85000610351562,186.8699951171875,188.11000061035156,181.2725830078125,44110100
2019-05-03,189.6699981689453,191.25,189.3300018310547,191.11000061035156,184.1635284423828,30386200
2019-05-06,187.0500030517578,190.1999969482422,186.75999450683594,189.94000244140625,183.0360107421875,38371800
2019-05-07,187.8699951171875,188.6699981689453,184.50999450683594,186.24000549316406,179.47055053710938,58818100
2019-05-08,185.6300048828125,187.1699981689453,184.9600067138672,185.77000427246094,179.01759338378906,37165300
2019-05-09,183.6999969482422,185.41000366210938,182.08999633789062,184.77000427246094,178.05393981933594,55351700
2019-05-10,184.11000061035156,185.88999938964844,181.02999877929688,185.0,178.2755889892578,58526400
2019-05-13,180.2899932861328,181.25999450683594,178.05999755859375,178.5800018310547,172.0889892578125,67185800
2019-05-14,179.52000427246094,181.6300048828125,178.86000061035156,180.5399932861328,173.97769165039062,43360600
2019-05-15,179.35000610351562,183.5500030517578,179.30999755859375,183.08999633789062,176.4350128173828,40944500
2019-05-16,183.1699981689453,186.07000732421875,182.9499969482422,184.92999267578125,178.20811462402344,39281200
2019-05-17,183.10000610351562,185.5800018310547,182.8800048828125,183.0399932861328,176.38682556152344,44702300
2019-05-20,180.49000549316406,181.17999267578125,179.33999633789062,179.9499969482422,173.4091796875,38608300
2019-05-21,181.5,182.3300018310547,180.9199981689453,181.8300018310547,175.2208251953125,31613800
2019-05-22,180.82000732421875,182.07000732421875,180.75,181.02000427246094,174.4402618408203,24332600
2019-05-23,178.94000244140625,179.02000427246094,177.13999938964844,178.25,171.77098083496094,45351300
2019-05-24,179.2100067138672,179.85000610351562,177.94000244140625,178.16000366210938,171.68421936035156,25903300
2019-05-28,178.66000366210938,179.66000366210938,177.47000122070312,177.49000549316406,171.03855895996094,24763800
2019-05-29,176.38999938964844,177.0,175.08999633789062,176.02999877929688,169.63160705566406,42178800
2019-05-30,176.5,177.27000427246094,175.77000427246094,176.77000427246094,170.34475708007812,30354800
2019-05-31,174.69000244140625,175.2899932861328,173.8699951171875,173.9499969482422,167.6272430419922,45446200
2019-06-03,173.47999572753906,173.9499969482422,169.27000427246094,170.1199951171875,163.93646240234375,75842300
2019-06-04,172.02999877929688,174.97000122070312,171.3699951171875,174.91000366210938,168.55233764648438,47797800
2019-06-05,176.5800018310547,176.61000061035156,174.3800048828125,176.2100067138672,169.8050994873047,34412700
2019-06-06,176.50999450683594,178.0399932861328,175.72999572753906,177.61000061035156,171.15415954589844,29913200
2019-06-07,178.55999755859375,181.77000427246094,178.3300018310547,181.0399932861328,174.45950317382812,45888300
2019-06-10,182.25,184.85000610351562,182.2100067138672,183.14999389648438,176.49285888671875,41385300
2019-06-11,185.05999755859375,185.39999389648438,182.77999877929688,183.39999389648438,176.7337646484375,41260300
2019-06-12,182.89999389648438,183.27999877929688,182.0,182.33999633789062,175.71231079101562,27758100
2019-06-13,183.10000610351562,183.8699951171875,182.74000549316406,183.4199981689453,176.75302124023438,23715800
2019-06-14,182.47999572753906,183.11000061035156,181.94000244140625,182.63999938964844,176.00140380859375,22844100
2019-06-17,183.0399932861328,184.25,182.83999633789062,183.74000549316406,177.06141662597656,20379500
2019-06-18,185.91000366210938,187.72000122070312,185.42999267578125,186.41000366210938,179.6343536376953,48177300
2019-06-19,186.66000366210938,187.52999877929688,185.57000732421875,187.11000061035156,180.30889892578125,31672900
2019-06-20,189.72000122070312,189.75999450683594,187.16000366210938,188.85000610351562,181.98562622070312,40922000
2019-06-21,188.6300048828125,189.77000427246094,188.1699981689453,188.57000732421875,181.71585083007812,39980400
2019-06-24,188.52999877929688,188.72000122070312,188.05999755859375,188.16000366210938,181.72161865234375,19375200
2019-06-25,188.02999877929688,188.13999938964844,184.64999389648438,184.92999267578125,178.60214233398438,33921100
2019-06-26,186.16000366210938,187.3300018310547,185.49000549316406,185.7899932861328,179.4327392578125,22595700
2019-06-27,186.4600067138672,186.94000244140625,185.99000549316406,186.5,180.11839294433594,19709200
2019-06-28,186.9499969482422,187.14999389648438,186.07000732421875,186.74000549316406,180.35018920898438,21179200
2019-07-01,190.32000732421875,190.57000732421875,188.3800048828125,189.25999450683594,182.7839813232422,31025600
2019-07-02,189.1999969482422,190.02999877929688,188.66000366210938,190.00999450683594,183.50830078125,18035800
2019-07-03,190.49000549316406,191.44000244140625,190.2899932861328,191.44000244140625,184.88937377929688,15792100
2019-07-05,190.1300048828125,191.39999389648438,189.38999938964844,191.0500030517578,184.5127410888672,21415600
2019-07-08,189.80999755859375,189.8699951171875,188.92999267578125,189.7100067138672,183.2185821533203,17598800
2019-07-09,188.80999755859375,190.89999389648438,188.64999389648438,190.66000366210938,184.1360626220703,19193500
2019-07-10,191.82000732421875,193.08999633789062,191.47000122070312,192.55999755859375,185.97109985351562,28374500
2019-07-11,192.85000610351562,193.33999633789062,191.80999755859375,192.4199981689453,185.8358612060547,23736100
2019-07-12,192.6300048828125,193.5399932861328,192.4499969482422,193.52999877929688,186.90785217285156,20211900
2019-07-15,193.97999572753906,194.19000244140625,193.44000244140625,194.14999389648438,187.5066680908203,15606100
2019-07-16,193.91000366210938,194.08999633789062,192.55999755859375,193.14999389648438,186.54087829589844,20190900
2019-07-17,193.14999389648438,193.49000549316406,192.17999267578125,192.1999969482422,185.6234130859375,16765100
2019-07-18,191.2899932861328,192.7899932861328,190.69000244140625,192.4199981689453,185.8358612060547,28877000
2019-07-19,193.74000549316406,193.8300018310547,190.80999755859375,191.00999450683594,184.47406005859375,29387900
2019-07-22,191.44000244140625,192.94000244140625,191.44000244140625,192.52999877929688,185.9420928955078,18954900
2019-07-23,193.5800018310547,193.80999755859375,192.2899932861328,193.7899932861328,187.1589813232422,23786700
2019-07-24,193.0500030517578,195.16000366210938,193.02999877929688,195.14999389648438,188.47244262695312,20422900
2019-07-25,194.49000549316406,194.52000427246094,192.92999267578125,193.3000030517578,186.685791015625,23434700
2019-07-26,194.52999877929688,195.5500030517578,194.42999267578125,195.2899932861328,188.6076202392578,20431200
2019-07-29,195.11000061035156,195.17999267578125,193.38999938964844,194.6199951171875,187.9605712890625,20451700
2019-07-30,193.1300048828125,194.5399932861328,192.99000549316406,193.77999877929688,187.1492919921875,18705000
2019-07-31,194.3000030517578,194.42999267578125,189.32000732421875,191.10000610351562,184.56105041503906,41627500
2019-08-01,191.42999267578125,194.97999572753906,189.22999572753906,190.14999389648438,183.6435546875,63251600
2019-08-02,188.72000122070312,188.99000549316406,186.2100067138672,187.35000610351562,180.93934631347656,55214000
2019-08-05,183.42999267578125,183.50999450683594,179.1999969482422,180.72999572753906,174.5458526611328,75040000
2019-08-06,182.39999389648438,183.8000030517578,181.07000732421875,183.25999450683594,176.98927307128906,41897200
2019-08-07,181.27000427246094,184.50999450683594,179.88999938964844,184.25,177.94541931152344,49990600
2019-08-08,185.0800018310547,188.32000732421875,184.57000732421875,188.25999450683594,181.81817626953125,38418100
2019-08-09,187.36000061035156,188.0,185.02999877929688,186.49000549316406,180.1088104248047,33608900
2019-08-12,185.33999633789062,185.89999389648438,183.5,184.35000610351562,178.04200744628906,24642900
2019-08-13,184.19000244140625,189.67999267578125,184.02000427246094,188.38999938964844,181.94375610351562,40241900
2019-08-14,185.36000061035156,185.9499969482422,182.4199981689453,182.75999450683594,176.50640869140625,51000500
2019-08-15,183.0,183.58999633789062,181.16000366210938,182.5500030517578,176.3036346435547,36685000
2019-08-16,184.2100067138672,185.9499969482422,184.10000610351562,185.47999572753906,179.13333129882812,32781400
2019-08-19,188.16000366210938,188.8300018310547,187.5,188.42999267578125,181.98239135742188,22494100
2019-08-20,187.9600067138672,188.63999938964844,186.9199981689453,186.97000122070312,180.5723419189453,19902900
2019-08-21,188.61000061035156,189.22999572753906,187.9600067138672,188.6300048828125,182.17552185058594,20418500
2019-08-22,188.97999572753906,189.4600067138672,186.5399932861328,188.02000427246094,181.58641052246094,24243700
2019-08-23,186.74000549316406,188.4499969482422,181.55999755859375,182.07000732421875,175.84002685546875,55372400
2019-08-26,184.13999938964844,184.8699951171875,183.0800018310547,184.82000732421875,178.49591064453125,27598900
2019-08-27,186.11000061035156,186.4199981689453,183.7100067138672,184.42999267578125,178.11924743652344,28012800
2019-08-28,183.8300018310547,185.39999389648438,182.91000366210938,185.08999633789062,178.7567138671875,21792400
2019-08-29,187.38999938964844,188.4600067138672,186.67999267578125,187.9199981689453,181.48985290527344,25358900
2019-08-30,188.92999267578125,188.97000122070312,186.41000366210938,187.47000122070312,181.0552520751953,26319800
2019-09-03,186.22000122070312,187.17999267578125,185.02999877929688,185.64999389648438,179.29751586914062,27964200
2019-09-04,187.44000244140625,188.49000549316406,186.89999389648438,188.3300018310547,181.88583374023438,21592100
2019-09-05,190.41000366210938,192.3300018310547,190.33999633789062,191.77999877929688,185.21775817871094,33932600
2019-09-06,192.10000610351562,192.1699981689453,191.1699981689453,191.58999633789062,185.03427124023438,19487800
2019-09-09,192.19000244140625,192.27000427246094,190.22000122070312,191.19000244140625,184.64794921875,24407600
2019-09-10,190.16000366210938,190.74000549316406,188.91000366210938,190.63999938964844,184.11680603027344,23744700
2019-09-11,191.0,192.52999877929688,190.55999755859375,192.42999267578125,185.84547424316406,25063600
2019-09-12,193.61000061035156,194.7100067138672,192.97000122070312,193.22999572753906,186.6181182861328,28689900
2019-09-13,192.9499969482422,193.39999389648438,192.2899932861328,192.5399932861328,185.95172119140625,27669800
2019-09-16,191.3000030517578,192.0800018310547,191.11000061035156,191.67999267578125,185.1211700439453,20319000
2019-09-17,191.6999969482422,192.60000610351562,191.2899932861328,192.60000610351562,186.0097198486328,20953400
2019-09-18,192.1999969482422,192.60000610351562,190.11000061035156,192.52000427246094,185.9324493408203,29781300
2019-09-19,192.86000061035156,194.0399932861328,192.47000122070312,192.83999633789062,186.2415313720703,26039400
2019-09-20,193.11000061035156,193.30999755859375,190.16000366210938,190.8000030517578,184.2713165283203,29086100
2019-09-23,190.36000061035156,191.07000732421875,189.72000122070312,190.5,184.3525848388672,22485900
2019-09-24,191.3699951171875,191.7899932861328,187.14999389648438,187.97000122070312,181.9042205810547,40820700
2019-09-25,187.77999877929688,190.5800018310547,186.2100067138672,190.0800018310547,183.94613647460938,34704900
2019-09-26,189.8300018310547,190.0,187.97999572753906,189.3800048828125,183.2687530517578,26826000
2019-09-27,189.72999572753906,189.8300018310547,185.75,187.02999877929688,180.99456787109375,40773500
2019-09-30,187.7899932861328,189.11000061035156,187.39999389648438,188.80999755859375,182.71710205078125,26307700
2019-10-01,189.5,190.58999633789062,186.9600067138672,187.27000427246094,181.22683715820312,32367600
2019-10-02,186.0,186.02999877929688,183.02000427246094,184.0500030517578,178.1107177734375,48544300
2019-10-03,184.02999877929688,186.2100067138672,181.82000732421875,186.07000732421875,180.06556701660156,39392500
2019-10-04,187.0800018310547,189.0800018310547,186.8800048828125,188.80999755859375,182.71710205078125,31887600
2019-10-07,188.27000427246094,189.74000549316406,187.91000366210938,188.24000549316406,182.16549682617188,21216000
2019-10-08,187.05999755859375,187.86000061035156,185.27000427246094,185.4199981689453,179.43650817871094,32379300
2019-10-09,186.99000549316406,188.0800018310547,186.42999267578125,187.22999572753906,181.18809509277344,20147400
2019-10-10,187.27999877929688,189.42999267578125,187.1199951171875,188.67999267578125,182.59133911132812,25177700
2019-10-11,190.8300018310547,192.6300048828125,190.72000122070312,191.11000061035156,184.9429168701172,40976700
2019-10-14,190.83999633789062,191.6999969482422,190.64999389648438,191.08999633789062,184.92352294921875,14975000
2019-10-15,191.67999267578125,193.97000122070312,191.55999755859375,193.52000427246094,187.2751007080078,23234200
2019-10-16,192.86000061035156,193.52999877929688,192.42999267578125,193.0399932861328,186.81057739257812,20457100
2019-10-17,194.1999969482422,194.5,192.80999755859375,193.5500030517578,187.3041534423828,19045200
2019-10-18,193.1999969482422,193.6699981689453,190.7100067138672,191.69000244140625,185.50418090820312,27700800
2019-10-21,192.7100067138672,193.52000427246094,192.13999938964844,193.38999938964844,187.1493377685547,15801200
2019-10-22,194.14999389648438,194.4199981689453,191.7899932861328,191.85000610351562,185.65902709960938,22392300
2019-10-23,191.4600067138672,192.25999450683594,191.14999389648438,192.22000122070312,186.01707458496094,14828400
2019-10-24,193.58999633789062,194.2100067138672,192.74000549316406,194.08999633789062,187.8267364501953,18998500
2019-10-25,193.08999633789062,195.74000549316406,193.0500030517578,195.63999938964844,189.32672119140625,21507100
2019-10-28,196.5500030517578,197.8300018310547,196.5500030517578,197.57000732421875,191.19439697265625,18818700
2019-10-29,197.24000549316406,197.5399932861328,196.00999450683594,196.0399932861328,189.7137908935547,18569700
2019-10-30,196.4199981689453,197.32000732421875,195.2899932861328,196.99000549316406,190.63314819335938,21764300
2019-10-31,197.55999755859375,197.64999389648438,195.94000244140625,197.0800018310547,190.72021484375,26801800
2019-11-01,197.92999267578125,198.8800048828125,197.6300048828125,198.8699951171875,192.45249938964844,22131900
2019-11-04,200.19000244140625,200.52999877929688,198.8699951171875,200.10000610351562,193.6427764892578,19015900
2019-11-05,200.35000610351562,200.5500030517578,199.5500030517578,200.2100067138672,193.74923706054688,15048900
2019-11-06,199.97999572753906,200.0,198.7899932861328,199.75999450683594,193.31378173828125,19725500
2019-11-07,200.75999450683594,201.72000122070312,199.85000610351562,200.42999267578125,193.96212768554688,17832400
2019-11-08,200.07000732421875,201.25,199.5399932861328,201.22999572753906,194.73631286621094,15258800
2019-11-11,200.2100067138672,201.0399932861328,199.94000244140625,200.9600067138672,194.4750518798828,10147600
2019-11-12,201.1300048828125,202.2100067138672,200.82000732421875,201.5399932861328,195.03628540039062,14778300
2019-11-13,200.83999633789062,201.77999877929688,200.7100067138672,201.58999633789062,195.08470153808594,15774600
2019-11-14,200.8300018310547,201.55999755859375,200.22000122070312,201.42999267578125,194.92982482910156,16945400
2019-11-15,202.64999389648438,202.91000366210938,202.0,202.91000366210938,196.3621063232422,18427900
2019-11-18,202.58999633789062,203.38999938964844,201.77000427246094,203.07000732421875,196.51699829101562,18365900
2019-11-19,203.83999633789062,203.83999633789062,202.58999633789062,203.3699951171875,196.80726623535156,16923300
2019-11-20,202.83999633789062,203.4499969482422,200.6199951171875,202.14999389648438,195.62664794921875,36629000
2019-11-21,201.92999267578125,202.07000732421875,201.07000732421875,201.6999969482422,195.19117736816406,17883600
2019-11-22,202.1999969482422,202.32000732421875,200.74000549316406,201.8300018310547,195.31698608398438,17189600
2019-11-25,202.6999969482422,204.25999450683594,202.6699981689453,204.22000122070312,197.6298370361328,17752800
2019-11-26,204.35000610351562,204.8699951171875,204.0500030517578,204.61000061035156,198.0072479248047,14780600
2019-11-27,205.13999938964844,206.0500030517578,204.88999938964844,206.0399932861328,199.39109802246094,16963100
2019-11-29,205.52000427246094,205.8300018310547,205.0,205.10000610351562,198.48143005371094,9854600
2019-12-02,205.11000061035156,205.17999267578125,201.77999877929688,203.0,196.44921875,28007000
2019-12-03,200.2100067138672,201.49000549316406,199.22999572753906,201.41000366210938,194.91050720214844,31104100
2019-12-04,202.44000244140625,202.91000366210938,202.13999938964844,202.42999267578125,195.89759826660156,15300100
2019-12-05,203.14999389648438,203.14999389648438,201.83999633789062,202.8300018310547,196.28466796875,14962300
2019-12-06,204.30999755859375,205.14999389648438,204.14999389648438,205.0,198.3846435546875,16555300
2019-12-09,204.6300048828125,205.58999633789062,203.97999572753906,204.07000732421875,197.4846649169922,13984100
2019-12-10,204.1699981689453,204.8800048828125,203.44000244140625,203.89999389648438,197.3201446533203,21799800
2019-12-11,204.36000061035156,205.19000244140625,204.0399932861328,204.97999572753906,198.36532592773438,18780800
2019-12-12,204.77000427246094,207.32000732421875,204.49000549316406,206.50999450683594,199.84593200683594,32612000
2019-12-13,206.39999389648438,207.91000366210938,205.9600067138672,207.19000244140625,200.50396728515625,32519400
2019-12-16,208.5500030517578,209.52999877929688,208.47999572753906,209.27000427246094,202.51687622070312,21296600
2019-12-17,209.5399932861328,209.7100067138672,209.0399932861328,209.38999938964844,202.63299560546875,15996100
2019-12-18,209.57000732421875,210.1300048828125,209.3300018310547,209.5500030517578,202.78782653808594,15443300
2019-12-19,209.63999938964844,210.92999267578125,209.6199951171875,210.86000061035156,204.0555419921875,17865900
2019-12-20,211.86000061035156,212.52000427246094,211.27000427246094,211.7100067138672,204.878173828125,27672600
2019-12-23,212.0,212.14999389648438,211.6300048828125,211.80999755859375,205.41928100585938,23774700
2019-12-24,212.0,212.08999633789062,211.44000244140625,211.9199981689453,205.5259552001953,7089000
2019-12-26,212.25999450683594,213.80999755859375,212.22999572753906,213.7899932861328,207.3395233154297,17067500
2019-12-27,214.5399932861328,214.55999755859375,213.0399932861328,213.61000061035156,207.16497802734375,18134100
2019-12-30,213.5,213.6300048828125,211.16000366210938,212.2100067138672,205.80726623535156,21815500
2019-12-31,211.52999877929688,212.75999450683594,211.1999969482422,212.61000061035156,206.19517517089844,18170900
2020-01-02,214.39999389648438,216.16000366210938,213.97999572753906,216.16000366210938,209.6380615234375,30969400
2020-01-03,213.3000030517578,215.47000122070312,213.27999877929688,214.17999267578125,207.71780395507812,27518900
2020-01-06,212.5,215.58999633789062,212.24000549316406,215.55999755859375,209.05615234375,21655300
2020-01-07,215.63999938964844,216.13999938964844,214.85000610351562,215.52999877929688,209.02706909179688,22139300
2020-01-08,215.5,218.13999938964844,215.16000366210938,217.14999389648438,210.59817504882812,26397300
2020-01-09,218.94000244140625,219.41000366210938,217.7100067138672,218.99000549316406,212.38267517089844,23547000
2020-01-10,219.85000610351562,219.8699951171875,218.0399932861328,218.42999267578125,211.8395538330078,21898500
2020-01-13,219.3300018310547,220.97999572753906,218.97999572753906,220.9499969482422,214.28355407714844,22756900
2020-01-14,220.83999633789062,221.2100067138672,219.74000549316406,220.0800018310547,213.4397735595703,24418100
2020-01-15,220.1999969482422,221.1999969482422,219.4499969482422,220.1699981689453,213.52706909179688,25742100
2020-01-16,221.27000427246094,222.32000732421875,220.8000030517578,222.27999877929688,215.57339477539062,18805000
2020-01-17,223.27999877929688,223.55999755859375,222.1199951171875,223.3800048828125,216.64019775390625,24325200
2020-01-21,222.75999450683594,223.83999633789062,222.66000366210938,223.27999877929688,216.543212890625,21146300
2020-01-22,224.41000366210938,225.14999389648438,223.58999633789062,223.8699951171875,217.11541748046875,20736400
2020-01-23,223.74000549316406,224.69000244140625,222.6999969482422,224.58999633789062,217.813720703125,26496100
2020-01-24,225.63999938964844,225.8800048828125,221.6699981689453,222.6999969482422,215.98072814941406,37436500
2020-01-27,217.6699981689453,219.27999877929688,217.17999267578125,218.10000610351562,211.51951599121094,42264400
2020-01-28,219.63999938964844,221.9600067138672,219.05999755859375,221.4499969482422,214.7684783935547,26731900
2020-01-29,222.67999267578125,222.92999267578125,220.8300018310547,221.80999755859375,215.1175537109375,28924500
2020-01-30,220.3800048828125,222.6999969482422,219.69000244140625,222.60000610351562,215.8837432861328,39568100
2020-01-31,223.52999877929688,223.55999755859375,218.2899932861328,219.07000732421875,212.4602813720703,52015800
2020-02-03,220.13999938964844,222.88999938964844,219.99000549316406,222.3800048828125,215.67034912109375,25408600
2020-02-04,225.4199981689453,227.86000061035156,224.64999389648438,227.47000122070312,220.60682678222656,30691200
2020-02-05,230.2100067138672,230.25,226.85000610351562,228.22000122070312,221.33419799804688,38534800
2020-02-06,228.7899932861328,230.25,227.97999572753906,230.19000244140625,223.2447509765625,22467100
2020-02-07,229.16000366210938,230.44000244140625,228.5399932861328,229.1999969482422,222.28463745117188,25884900
2020-02-10,228.44000244140625,231.97999572753906,228.3800048828125,231.97000122070312,224.97105407714844,21478900
2020-02-11,233.25,234.02000427246094,231.39999389648438,232.00999450683594,225.0098114013672,30198000
2020-02-12,233.3800048828125,234.3800048828125,232.8000030517578,234.27000427246094,227.20166015625,24471300
2020-02-13,232.63999938964844,234.92999267578125,232.36000061035156,233.97000122070312,226.9107208251953,22773200
2020-02-14,234.33999633789062,234.86000061035156,233.5500030517578,234.63999938964844,227.56048583984375,23438500
2020-02-18,233.5,235.1699981689453,233.25,234.72999572753906,227.64776611328125,24394500
2020-02-19,236.1300048828125,237.47000122070312,235.85000610351562,236.97999572753906,229.82986450195312,22230500
2020-02-20,236.4600067138672,236.9499969482422,231.8800048828125,234.77999877929688,227.69622802734375,42604000
2020-02-21,233.61000061035156,234.00999450683594,229.32000732421875,230.27000427246094,223.3223419189453,66017200
2020-02-24,221.67999267578125,224.25,220.25999450683594,221.38999938964844,214.71026611328125,84522600
2020-02-25,223.25,223.99000549316406,214.74000549316406,215.3699951171875,208.87188720703125,97743000
2020-02-26,216.7100067138672,220.27999877929688,214.89999389648438,216.47999572753906,209.94842529296875,79537700
2020-02-27,210.89999389648438,216.4199981689453,205.5,205.63999938964844,199.4354705810547,121822600
2020-02-28,198.63999938964844,207.1699981689453,198.1699981689453,205.8000030517578,199.59063720703125,148173700
2020-03-02,208.8800048828125,216.57000732421875,205.94000244140625,216.4199981689453,209.89019775390625,112933900
2020-03-03,217.11000061035156,219.61000061035156,207.6199951171875,209.47999572753906,203.15957641601562,131953500
2020-03-04,213.32000732421875,218.3300018310547,211.3699951171875,218.22000122070312,211.6359405517578,73086200
2020-03-05,212.69000244140625,216.36000061035156,210.10000610351562,211.58999633789062,205.2059326171875,78705500
2020-03-06,204.6699981689453,209.14999389648438,202.91000366210938,208.02000427246094,201.7436065673828,89828400
2020-03-09,193.47999572753906,201.16000366210938,192.11000061035156,193.57000732421875,187.7296142578125,116424000
2020-03-10,201.11000061035156,204.3000030517578,193.67999267578125,204.11000061035156,197.95164489746094,100599200
2020-03-11,199.35000610351562,200.75,192.72999572753906,195.22000122070312,189.32980346679688,89168800
2020-03-12,182.08999633789062,190.77999877929688,176.94000244140625,177.32000732421875,171.9699249267578,137820700
2020-03-13,187.07000732421875,194.47999572753906,178.1300048828125,192.33999633789062,186.5367431640625,134882000
2020-03-16,174.14999389648438,184.67999267578125,169.16000366210938,169.3000030517578,164.19189453125,92054400
2020-03-17,175.47000122070312,184.38999938964844,169.77999877929688,182.13999938964844,176.6444854736328,121257100
2020-03-18,171.61000061035156,179.22000122070312,166.8000030517578,176.60000610351562,171.2716827392578,114156300
2020-03-19,175.69000244140625,183.49000549316406,171.6300048828125,177.66000366210938,172.29965209960938,120896500
2020-03-20,181.74000549316406,182.8699951171875,170.10000610351562,170.6999969482422,165.54966735839844,118983900
2020-03-23,170.9199981689453,174.2100067138672,164.92999267578125,170.4600067138672,165.66921997070312,124639800
2020-03-24,179.91000366210938,183.8300018310547,177.9499969482422,183.66000366210938,178.4982147216797,94881800
2020-03-25,184.4199981689453,189.50999450683594,179.97999572753906,182.3000030517578,177.17640686035156,88754900
2020-03-26,183.8699951171875,192.72000122070312,183.61000061035156,191.89999389648438,186.50665283203125,79887600
2020-03-27,186.92999267578125,190.50999450683594,184.66000366210938,185.3000030517578,180.09214782714844,58845000
2020-03-30,187.05999755859375,192.49000549316406,186.33999633789062,192.0399932861328,186.64266967773438,49356900
2020-03-31,191.72000122070312,195.25,189.1999969482422,190.39999389648438,185.0487823486328,62659300
2020-04-01,184.77000427246094,187.66000366210938,180.86000061035156,182.30999755859375,177.18612670898438,53715400
2020-04-02,181.24000549316406,190.10000610351562,180.97000122070312,186.00999450683594,180.78213500976562,56465300
2020-04-03,185.5500030517578,187.07000732421875,181.2899932861328,183.3699951171875,178.2163543701172,47487600
2020-04-06,190.47999572753906,197.64999389648438,189.19000244140625,196.47999572753906,190.9578857421875,64763500
2020-04-07,202.3699951171875,202.66000366210938,196.0,196.39999389648438,190.88015747070312,69904500
2020-04-08,198.14999389648438,201.1699981689453,196.1699981689453,200.57000732421875,194.93295288085938,45940400
2020-04-09,202.35000610351562,203.22000122070312,199.02999877929688,200.86000061035156,195.2147979736328,68252600
2020-04-13,200.0,203.4199981689453,198.75,203.02999877929688,197.32383728027344,42853900
2020-04-14,207.22999572753906,212.5,206.4199981689453,211.86000061035156,205.90565490722656,63959600
2020-04-15,208.47999572753906,211.8300018310547,207.1199951171875,209.42999267578125,203.5439453125,47036000
2020-04-16,211.69000244140625,214.3699951171875,209.69000244140625,213.25,207.25656127929688,64657400
2020-04-17,216.1699981689453,216.50999450683594,212.0800018310547,215.2899932861328,209.2392578125,62863200
2020-04-20,213.36000061035156,215.8800048828125,212.57000732421875,212.74000549316406,206.7609405517578,38249100
2020-04-21,210.60000610351562,211.16000366210938,203.6300048828125,204.88999938964844,199.13153076171875,72932800
2020-04-22,209.10000610351562,212.35000610351562,208.3300018310547,210.97000122070312,205.04066467285156,40089100
2020-04-23,211.7899932861328,214.44000244140625,210.10000610351562,210.52000427246094,204.6033172607422,43278500
2020-04-24,210.97000122070312,214.3000030517578,209.5,213.83999633789062,207.8300018310547,34231900
2020-04-27,216.19000244140625,216.6300048828125,214.5,215.55999755859375,209.5016632080078,36451700
2020-04-28,217.32000732421875,217.32000732421875,211.2100067138672,211.5,205.55577087402344,46862800
2020-04-29,216.19000244140625,219.97000122070312,215.13999938964844,219.0,212.844970703125,48716400
2020-04-30,219.9499969482422,220.0399932861328,217.35000610351562,218.91000366210938,212.75750732421875,43359500
2020-05-01,214.5,216.6699981689453,211.67999267578125,212.74000549316406,206.7609405517578,48795000
2020-05-04,211.4600067138672,215.4499969482422,211.1199951171875,215.22000122070312,209.17120361328125,32841000
2020-05-05,217.44000244140625,220.13999938964844,216.85000610351562,217.66000366210938,211.54263305664062,37783100
2020-05-06,219.39999389648438,221.0399932861328,218.11000061035156,219.0,212.844970703125,36455200
2020-05-07,221.82000732421875,222.72999572753906,220.4199981689453,221.82000732421875,215.5857391357422,38624800
2020-05-08,223.5500030517578,225.0,222.47999572753906,224.86000061035156,218.54029846191406,31852300
2020-05-11,223.49000549316406,227.92999267578125,223.25,226.8699951171875,220.49375915527344,35714100
2020-05-12,227.49000549316406,228.10000610351562,222.08999633789062,222.1199951171875,215.87730407714844,41054100
2020-05-13,222.66000366210938,224.61000061035156,216.7100067138672,219.33999633789062,213.17543029785156,65521200
2020-05-14,217.97000122070312,221.8699951171875,215.99000549316406,221.8300018310547,215.59547424316406,51549300
2020-05-15,218.77999877929688,223.3300018310547,218.3300018310547,223.27000427246094,216.99497985839844,55747200
2020-05-18,226.27999877929688,228.67999267578125,225.47000122070312,227.42999267578125,221.03805541992188,42398100
2020-05-19,227.6999969482422,229.85000610351562,226.7100067138672,226.86000061035156,220.48406982421875,36237300
2020-05-20,229.5,231.75999450683594,229.47999572753906,231.38999938964844,224.88674926757812,37417000
2020-05-21,231.44000244140625,232.13999938964844,228.33999633789062,228.8699951171875,222.4375762939453,43642900
2020-05-22,228.4499969482422,229.8699951171875,227.5,229.66000366210938,223.2053985595703,28762400
2020-05-26,233.36000061035156,233.57000732421875,228.7899932861328,229.0399932861328,222.60276794433594,33055300
2020-05-27,228.69000244140625,230.41000366210938,223.94000244140625,230.2899932861328,223.8176727294922,55665600
2020-05-28,229.11000061035156,233.47000122070312,229.0500030517578,229.99000549316406,223.52610778808594,42784300
2020-05-29,230.3800048828125,233.60000610351562,228.75999450683594,233.36000061035156,226.80136108398438,50691800
2020-06-01,232.4600067138672,234.4499969482422,232.0,234.05999755859375,227.48171997070312,25776000
2020-06-02,234.5,235.69000244140625,232.00999450683594,235.6300048828125,229.00758361816406,33383400
2020-06-03,236.25999450683594,237.47000122070312,235.35000610351562,236.69000244140625,230.037841796875,37228700
2020-06-04,236.3300018310547,237.7899932861328,233.67999267578125,235.02999877929688,228.42449951171875,38716100
2020-06-05,236.22000122070312,240.3000030517578,235.6300048828125,239.69000244140625,232.95347595214844,47365600
2020-06-08,239.5399932861328,241.67999267578125,237.91000366210938,241.5500030517578,234.76119995117188,32937300
2020-06-09,240.66000366210938,244.17999267578125,240.47000122070312,243.3000030517578,236.4620361328125,35046300
2020-06-10,245.0500030517578,247.82000732421875,244.50999450683594,246.22000122070312,239.2999725341797,58084400
2020-06-11,242.16000366210938,243.58999633789062,233.9600067138672,234.02000427246094,227.4428253173828,72919400
2020-06-12,239.08999633789062,240.39999389648438,231.74000549316406,235.8800048828125,229.25057983398438,72034800
2020-06-15,232.44000244140625,239.4499969482422,231.47000122070312,238.75,232.03990173339844,45307400
2020-06-16,243.77999877929688,244.38999938964844,239.10000610351562,242.85000610351562,236.02468872070312,48890100
2020-06-17,244.39999389648438,245.5,242.72999572753906,243.6199951171875,236.7730255126953,34749300
2020-06-18,243.2899932861328,244.52999877929688,242.49000549316406,244.27999877929688,237.41448974609375,30578600
2020-06-19,246.72999572753906,247.0,242.4499969482422,244.24000549316406,237.3756103515625,49422100
2020-06-22,243.67999267578125,246.8699951171875,243.3800048828125,246.74000549316406,240.22238159179688,24068700
2020-06-23,248.38999938964844,251.14999389648438,247.82000732421875,248.83999633789062,242.26687622070312,32767400
2020-06-24,248.05999755859375,249.3300018310547,242.16000366210938,243.7100067138672,237.27243041992188,46032400
2020-06-25,243.8000030517578,246.33999633789062,241.13999938964844,246.02999877929688,239.5311279296875,36940800
2020-06-26,245.77999877929688,245.9600067138672,239.67999267578125,240.22000122070312,233.8746337890625,52824600
2020-06-29,239.97000122070312,242.85000610351562,237.35000610351562,242.83999633789062,236.4253692626953,34377800
2020-06-30,242.77000427246094,248.16000366210938,242.5800018310547,247.60000610351562,241.05967712402344,38909200
2020-07-01,247.63999938964844,251.52000427246094,247.0800018310547,250.49000549316406,243.87332153320312,34689200
2020-07-02,253.02000427246094,254.27000427246094,251.7100067138672,252.19000244140625,245.5284423828125,31956500
2020-07-06,255.4499969482422,258.92999267578125,255.42999267578125,258.3900146484375,251.56468200683594,34589000
2020-07-07,258.1300048828125,260.8800048828125,256.29998779296875,256.6099853515625,249.8316192626953,36578200
2020-07-08,257.9800109863281,260.0199890136719,256.5,259.989990234375,253.12237548828125,30426300
2020-07-09,261.9700012207031,262.8699951171875,257.6300048828125,262.17999267578125,255.25454711914062,40312900
2020-07-10,262.0299987792969,264.2300109863281,259.260009765625,263.9700012207031,256.9972839355469,32885300
2020-07-13,266.9100036621094,269.7900085449219,257.69000244140625,258.5400085449219,251.710693359375,64108100
2020-07-14,255.92999267578125,260.7900085449219,252.75999450683594,260.3699951171875,253.49234008789062,72230500
2020-07-15,261.8299865722656,262.69000244140625,257.489990234375,260.8999938964844,254.0083465576172,54523900
2020-07-16,258.0199890136719,259.7799987792969,255.6199951171875,259.1199951171875,252.27532958984375,47594100
2020-07-17,259.5899963378906,260.30999755859375,257.1700134277344,259.4200134277344,252.56748962402344,35137900
2020-07-20,260.0799865722656,267.42999267578125,258.7900085449219,266.7799987792969,259.7330322265625,40610100
2020-07-21,268.3999938964844,268.4100036621094,263.1300048828125,264.0,257.0264892578125,43243800
2020-07-22,264.510009765625,265.8900146484375,262.54998779296875,264.92999267578125,257.93182373046875,29865500
2020-07-23,264.510009765625,265.239990234375,256.54998779296875,258.010009765625,251.19468688964844,51363500
2020-07-24,254.0399932861328,256.92999267578125,251.32000732421875,255.55999755859375,248.8094024658203,54054500
2020-07-27,257.260009765625,260.5199890136719,256.45001220703125,260.1199951171875,253.24887084960938,36445700
2020-07-28,259.30999755859375,259.8500061035156,256.510009765625,256.80999755859375,250.02638244628906,31302400
2020-07-29,258.3999938964844,260.6600036621094,257.9100036621094,259.7699890136719,252.90818786621094,27556900
2020-07-30,257.739990234375,261.7099914550781,256.54998779296875,261.1300048828125,254.23220825195312,41774500
2020-07-31,265.9100036621094,265.95001220703125,260.8500061035156,265.7900085449219,258.7691955566406,53686300
2020-08-03,268.0,270.1499938964844,267.8699951171875,269.3800048828125,262.2643127441406,32081600
2020-08-04,268.8599853515625,270.4800109863281,268.0899963378906,270.3800048828125,263.2379455566406,24911300
2020-08-05,270.8800048828125,271.5199890136719,269.9599914550781,271.04998779296875,263.8902587890625,21612100
2020-08-06,270.8500061035156,274.9800109863281,270.19000244140625,274.6400146484375,267.38543701171875,28048200
2020-08-07,274.0799865722656,274.8800048828125,269.25,271.4700012207031,264.2991638183594,44969400
2020-08-10,271.7699890136719,271.9800109863281,266.6700134277344,270.30999755859375,263.1698303222656,35088400
2020-08-11,269.1099853515625,270.44000244140625,264.6300048828125,265.19000244140625,258.18499755859375,43104300
2020-08-12,267.4200134277344,272.8399963378906,267.3699951171875,271.8599853515625,264.6788024902344,38773400
2020-08-13,272.6600036621094,274.8299865722656,271.510009765625,272.4800109863281,265.282470703125,31895700
2020-08-14,273.1199951171875,273.3999938964844,270.7200012207031,272.1600036621094,264.970947265625,30799500
2020-08-17,273.92999267578125,275.8399963378906,272.20001220703125,275.32000732421875,268.0474548339844,24803000
2020-08-18,276.4200134277344,278.4599914550781,274.9100036621094,277.9700012207031,270.62744140625,23529500
2020-08-19,277.92999267578125,279.0199890136719,275.57000732421875,276.1000061035156,268.8068542480469,31999400
2020-08-20,275.2799987792969,280.42999267578125,274.8599853515625,279.92999267578125,272.5356750488281,27723400
2020-08-21,280.1300048828125,282.3399963378906,279.4599914550781,281.8699951171875,274.4244384765625,34748900
2020-08-24,285.25,286.0,281.2699890136719,283.6300048828125,276.1379699707031,36418500
2020-08-25,282.8299865722656,286.05999755859375,282.3699951171875,285.8599853515625,278.3089599609375,34866600
2020-08-26,287.1499938964844,292.2200012207031,285.8299865722656,291.9599914550781,284.24786376953125,42216700
2020-08-27,292.9700012207031,293.8500061035156,288.7099914550781,291.04998779296875,283.3619384765625,49482700
2020-08-28,292.3299865722656,293.17999267578125,290.92999267578125,292.5299987792969,284.80279541015625,28021000
2020-08-31,293.07000732421875,296.75,292.6199951171875,294.8800048828125,287.09075927734375,36321000
2020-09-01,297.6199951171875,300.0400085449219,295.7900085449219,299.9200134277344,291.99761962890625,36216200
2020-09-02,303.2799987792969,303.5,296.8900146484375,302.760009765625,294.7626037597656,50836800
2020-09-03,298.1000061035156,298.6199951171875,284.4100036621094,287.4100036621094,279.8180847167969,110083300
2020-09-04,285.55999755859375,288.92999267578125,271.79998779296875,283.5799865722656,276.08929443359375,123959000
2020-09-08,272.2200012207031,278.2200012207031,269.6600036621094,269.95001220703125,262.8193054199219,99568600
2020-09-09,275.6400146484375,280.04998779296875,273.0,277.8800048828125,270.5398254394531,64837900
2020-09-10,280.94000244140625,282.20001220703125,270.55999755859375,272.3399963378906,265.1461486816406,69667500
2020-09-11,274.1499938964844,275.2200012207031,266.8999938964844,270.45001220703125,263.3060607910156,71809000
2020-09-14,274.3599853515625,277.2200012207031,272.9599914550781,275.1600036621094,267.89166259765625,38525200
2020-09-15,279.0299987792969,280.45001220703125,275.1300048828125,279.05999755859375,271.6886291503906,41849900
2020-09-16,279.8800048828125,280.3599853515625,274.25,274.6099853515625,267.35614013671875,42321000
2020-09-17,267.54998779296875,274.3999938964844,266.67999267578125,270.32000732421875,263.1795349121094,81570800
2020-09-18,271.7900085449219,272.0899963378906,262.6300048828125,266.8699951171875,259.82061767578125,86251100
2020-09-21,262.4700012207031,267.6499938964844,260.1099853515625,267.510009765625,260.4437255859375,57168600
2020-09-22,269.989990234375,273.0799865722656,266.5400085449219,272.4800109863281,265.282470703125,41128900
2020-09-23,272.1499938964844,272.3399963378906,263.25,264.1600036621094,257.1822509765625,48837300
2020-09-24,261.3900146484375,268.70001220703125,261.2200012207031,265.3900146484375,258.3797912597656,70631700
2020-09-25,265.9100036621094,272.3999938964844,264.29998779296875,271.55999755859375,264.38677978515625,55242400
2020-09-28,276.5799865722656,277.20001220703125,271.6700134277344,277.20001220703125,269.87774658203125,58438300
2020-09-29,276.6199951171875,277.7099914550781,275.3699951171875,275.95001220703125,268.66082763671875,27050000
2020-09-30,276.1499938964844,281.0899963378906,275.8699951171875,277.8399963378906,270.50091552734375,49380800
2020-10-01,281.7900085449219,282.8800048828125,279.8399963378906,282.25,274.7944030761719,50020200
2020-10-02,276.0199890136719,282.239990234375,273.44000244140625,274.30999755859375,267.0640563964844,75497400
2020-10-05,276.3399963378906,280.489990234375,276.2300109863281,280.1600036621094,272.7596130371094,28184600
2020-10-06,279.45001220703125,281.19000244140625,274.25,275.1600036621094,267.89166259765625,49704200
2020-10-07,277.8900146484375,280.739990234375,277.2799987792969,279.9200134277344,272.52593994140625,27539700
2020-10-08,282.3999938964844,282.4700012207031,280.30999755859375,281.4100036621094,273.9765625,25443300
2020-10-09,283.1099853515625,285.7900085449219,282.7099914550781,285.7099914550781,278.16302490234375,30201100
2020-10-12,290.54998779296875,297.4599914550781,289.4700012207031,294.5299987792969,286.7500305175781,79370700
2020-10-13,296.3900146484375,297.04998779296875,293.1099853515625,294.5199890136719,286.740234375,64240000
2020-10-14,295.3500061035156,296.3500061035156,290.260009765625,292.05999755859375,284.3452453613281,36949100
2020-10-15,287.20001220703125,290.7099914550781,286.5400085449219,290.1000061035156,282.43701171875,42514200
2020-10-16,291.79998779296875,293.2699890136719,288.1499938964844,288.510009765625,280.8890075683594,40570700
2020-10-19,290.489990234375,291.4800109863281,282.7900085449219,283.79998779296875,276.30340576171875,36756800
2020-10-20,284.55999755859375,287.6199951171875,282.95001220703125,284.4100036621094,276.8973388671875,32195400
2020-10-21,284.6700134277344,287.32000732421875,283.69000244140625,284.19000244140625,276.68310546875,29306100
2020-10-22,285.04998779296875,285.9800109863281,280.82000732421875,284.17999267578125,276.6734313964844,32196200
2020-10-23,284.7699890136719,284.9100036621094,281.7799987792969,284.739990234375,277.2186279296875,24658500
2020-10-26,282.3800048828125,285.29998779296875,276.760009765625,280.4700012207031,273.0614013671875,38421100
2020-10-27,281.5,283.510009765625,280.20001220703125,282.6600036621094,275.1934814453125,30559100
2020-10-28,278.010009765625,278.6400146484375,271.3800048828125,271.6400146484375,264.4646911621094,53413500
2020-10-29,273.0,279.489990234375,272.5199890136719,276.3900146484375,269.0892639160156,43246300
2020-10-30,274.3399963378906,275.239990234375,267.07000732421875,269.3800048828125,262.2643127441406,65838300
2020-11-02,271.8500061035156,273.5199890136719,266.9700012207031,269.9800109863281,262.8485107421875,39987400
2020-11-03,271.9599914550781,276.82000732421875,270.8399963378906,274.6499938964844,267.3951721191406,43604100
2020-11-04,283.5899963378906,288.7699890136719,281.8699951171875,286.9100036621094,279.3313293457031,75728200
2020-11-05,293.5299987792969,295.3900146484375,292.0,294.3900146484375,286.6137390136719,52054200
2020-11-06,293.7099914550781,295.3599853515625,289.8299865722656,294.6099853515625,286.8278503417969,40959800
2020-11-09,297.6499938964844,299.1400146484375,288.1199951171875,288.5899963378906,280.9669189453125,86537100
2020-11-10,285.1700134277344,286.6600036621094,280.6199951171875,283.4200134277344,275.9335021972656,69024900
2020-11-11,286.0299987792969,290.25,283.3800048828125,289.760009765625,282.1060485839844,36102900
2020-11-12,290.760009765625,292.07000732421875,287.25,288.3999938964844,280.7820129394531,34414600
2020-11-13,290.1700134277344,291.57000732421875,287.8699951171875,290.92999267578125,283.2450866699219,24806900
2020-11-16,290.6199951171875,293.510009765625,289.989990234375,293.20001220703125,285.4551086425781,30168400
2020-11-17,293.3999938964844,293.739990234375,291.6099853515625,292.2699890136719,284.5497131347656,21843500
2020-11-18,291.70001220703125,293.3699951171875,290.0199890136719,290.1099853515625,282.4467468261719,28069600
2020-11-19,289.5400085449219,292.70001220703125,288.8500061035156,292.3800048828125,284.6567687988281,22718400
2020-11-20,292.29998779296875,293.07000732421875,290.2900085449219,290.3800048828125,282.70965576171875,25907300
2020-11-23,291.4100036621094,292.75,288.07000732421875,290.3900146484375,282.7193603515625,26875600
2020-11-24,291.489990234375,294.9800109863281,289.6300048828125,294.4700012207031,286.6916198730469,24516800
2020-11-25,295.57000732421875,296.94000244140625,294.5899963378906,296.2799987792969,288.45379638671875,23326800
2020-11-27,298.30999755859375,300.1700134277344,297.8999938964844,299.010009765625,291.1116638183594,17163100
2020-11-30,299.3399963378906,299.9700012207031,294.7799987792969,299.6199951171875,291.70556640625,27836200
2020-12-01,301.9700012207031,305.1400146484375,300.8299865722656,303.4599914550781,295.4441223144531,27521300
2020-12-02,302.25,304.20001220703125,300.3500061035156,303.8500061035156,295.82379150390625,23620000
2020-12-03,304.1700134277344,305.8800048828125,303.5299987792969,304.2799987792969,296.24249267578125,22828700
2020-12-04,304.3299865722656,305.6700134277344,303.6300048828125,305.5199890136719,297.44970703125,19332100
2020-12-07,305.7099914550781,307.6300048828125,305.5199890136719,307.25,299.134033203125,20851000
2020-12-08,306.760009765625,308.6000061035156,304.95001220703125,308.2900085449219,300.1465148925781,18341500
2020-12-09,308.07000732421875,308.3599853515625,300.2099914550781,301.30999755859375,293.350830078125,48839300
2020-12-10,299.2099914550781,303.67999267578125,298.0899963378906,302.5199890136719,294.5289306640625,27519500
2020-12-11,300.80999755859375,301.9800109863281,298.4700012207031,301.8500061035156,293.8765869140625,26760400
2020-12-14,303.0799865722656,306.04998779296875,303.010009765625,304.0400085449219,296.0087890625,28804800
2020-12-15,306.3699951171875,307.2900085449219,304.1099853515625,307.2900085449219,299.1729431152344,25709000
2020-12-16,307.70001220703125,309.7900085449219,306.6199951171875,308.9800109863281,300.8183288574219,25461900
2020-12-17,310.6300048828125,311.239990234375,309.3900146484375,311.0,302.784912109375,23730500
2020-12-18,311.6600036621094,311.9800109863281,307.6099853515625,310.05999755859375,301.8697814941406,41173400
2020-12-21,306.4599914550781,309.4700012207031,303.6000061035156,308.9200134277344,301.3050537109375,37095500
2020-12-22,309.8500061035156,310.7099914550781,306.8500061035156,309.760009765625,302.1243591308594,26176300
2020-12-23,309.80999755859375,310.17999267578125,308.0400085449219,308.20001220703125,300.60284423828125,21201300
2020-12-24,308.4700012207031,310.0199890136719,308.3900146484375,309.55999755859375,301.92926025390625,16785000
2020-12-28,312.25,313.1700134277344,310.3599853515625,312.67999267578125,304.97235107421875,22497700
2020-12-29,314.04998779296875,314.69000244140625,312.0299987792969,312.9599914550781,305.2454833984375,25871900
2020-12-30,314.1600036621094,314.489990234375,312.3299865722656,312.9700012207031,305.2551574707031,18138100
2020-12-31,312.8699951171875,314.239990234375,311.760009765625,313.739990234375,306.0062255859375,21611400
2021-01-04,315.1099853515625,315.2900085449219,305.17999267578125,309.30999755859375,301.6854553222656,45305900
2021-01-05,308.2900085449219,312.1400146484375,308.2900085449219,311.8599853515625,304.1725769042969,29323400
2021-01-06,307.0,311.8800048828125,305.9800109863281,307.5400085449219,299.95904541015625,52809600
2021-01-07,310.2799987792969,315.8399963378906,310.25,314.9800109863281,307.2156677246094,30394800
2021-01-08,317.3399963378906,319.3900146484375,315.0799865722656,319.0299987792969,311.16583251953125,33955800
2021-01-11,315.9800109863281,317.19000244140625,313.75,314.4200134277344,306.6695251464844,32746400
2021-01-12,314.4599914550781,315.5799865722656,311.20001220703125,313.9200134277344,306.1818542480469,29266800
2021-01-13,314.19000244140625,316.8599853515625,313.57000732421875,316.0400085449219,308.24957275390625,22898400
2021-01-14,316.5,317.5299987792969,313.8599853515625,314.3500061035156,306.6011962890625,23500100
2021-01-15,314.1300048828125,315.1199951171875,310.5799865722656,311.8599853515625,304.1725769042969,35118700
2021-01-19,314.25,316.92999267578125,313.1199951171875,316.4100036621094,308.61041259765625,24537000
2021-01-20,320.1400146484375,324.739990234375,316.510009765625,323.7699890136719,315.78900146484375,30728100
2021-01-21,325.1499938964844,327.1300048828125,323.7300109863281,326.3599853515625,318.3150634765625,25130600
2021-01-22,325.2900085449219,326.4599914550781,324.7099914550781,325.4200134277344,317.39837646484375,21609400
2021-01-25,328.9100036621094,330.32000732421875,321.4100036621094,328.1099853515625,320.02197265625,39080600
2021-01-26,328.8500061035156,329.760009765625,327.2200012207031,328.5899963378906,320.4902038574219,25498100
2021-01-27,326.260009765625,326.2699890136719,317.3599853515625,319.42999267578125,311.5559387207031,55264000
2021-01-28,320.6700134277344,326.4200134277344,320.0299987792969,321.32000732421875,313.3993835449219,42836300
2021-01-29,319.5799865722656,320.7200012207031,312.760009765625,314.55999755859375,306.8059997558594,55259000
2021-02-01,318.1099853515625,323.5400085449219,316.0199890136719,322.4200134277344,314.4723815917969,35646000
2021-02-02,325.4800109863281,328.8699951171875,325.30999755859375,327.67999267578125,319.60260009765625,33930800
2021-02-03,329.82000732421875,330.20001220703125,326.32000732421875,326.3800048828125,318.3346862792969,24824500
2021-02-04,327.82000732421875,330.3299865722656,326.4599914550781,330.239990234375,322.0995178222656,22350900
2021-02-05,331.2200012207031,332.3999938964844,329.5299987792969,331.3599853515625,323.1918640136719,22732000
2021-02-08,333.1000061035156,333.739990234375,331.4100036621094,333.5799865722656,325.3572082519531,20462800
2021-02-09,332.6199951171875,334.80999755859375,332.6099853515625,333.510009765625,325.28887939453125,17597500
2021-02-10,334.989990234375,335.4599914550781,329.5,332.75,324.5476379394531,28068700
2021-02-11,334.3299865722656,335.0,332.1199951171875,334.5799865722656,326.3325500488281,22046100
2021-02-12,333.7099914550781,336.6199951171875,332.6300048828125,336.45001220703125,328.1564636230469,20346800
2021-02-16,337.2699890136719,338.19000244140625,334.3399963378906,335.5400085449219,327.2688903808594,27080800
2021-02-17,332.4700012207031,335.6600036621094,330.1700134277344,333.92999267578125,325.6985168457031,31360300
2021-02-18,330.2300109863281,333.8699951171875,328.3599853515625,332.4700012207031,324.2745056152344,32236200
2021-02-19,333.8599853515625,333.989990234375,329.9700012207031,331.0199890136719,322.86029052734375,39157700
2021-02-22,326.5,327.79998779296875,322.2300109863281,322.44000244140625,314.49176025390625,47256900
2021-02-23,317.0,323.20001220703125,311.0,321.4800109863281,313.5554504394531,97241900
2021-02-24,318.739990234375,324.45001220703125,315.9599914550781,324.1300048828125,316.1400451660156,58206300
2021-02-25,321.3900146484375,324.0299987792969,311.239990234375,312.8299865722656,305.1186218261719,110182600
2021-02-26,315.8500061035156,319.1099853515625,310.8800048828125,314.1400146484375,306.39642333984375,104739800
2021-03-01,319.2699890136719,323.94000244140625,317.94000244140625,323.5899963378906,315.6134338378906,49164500
2021-03-02,324.25,324.3299865722656,318.1400146484375,318.3999938964844,310.55133056640625,48370000
2021-03-03,317.2699890136719,318.239990234375,309.1000061035156,309.1600036621094,301.53912353515625,86301100
2021-03-04,308.7799987792969,312.0400085449219,300.1099853515625,304.1000061035156,296.6038513183594,139131600
2021-03-05,306.79998779296875,309.6099853515625,297.45001220703125,308.67999267578125,301.0709228515625,121523700
2021-03-08,308.1199951171875,310.05999755859375,299.510009765625,299.94000244140625,292.5464172363281,88409800
2021-03-09,307.4700012207031,313.7300109863281,306.9200134277344,311.7699890136719,304.0848083496094,80391100
2021-03-10,316.1600036621094,316.4700012207031,310.1700134277344,310.8800048828125,303.21673583984375,76798100
2021-03-11,315.7699890136719,319.8599853515625,314.8500061035156,318.0400085449219,310.2001953125,53484800
2021-03-12,313.8599853515625,318.2300109863281,311.3900146484375,315.4599914550781,307.683837890625,69315600
2021-03-15,315.7900085449219,319.0,314.1000061035156,318.8299865722656,310.97076416015625,42955700
2021-03-16,321.0899963378906,324.20001220703125,319.1000061035156,320.5799865722656,312.67755126953125,54925900
2021-03-17,317.45001220703125,323.8500061035156,315.67999267578125,321.8999938964844,313.9650573730469,78258700
2021-03-18,316.8699951171875,317.8800048828125,311.57000732421875,312.0400085449219,304.34814453125,82718100
2021-03-19,311.8699951171875,314.7300109863281,309.6600036621094,313.1400146484375,305.4210205078125,78446200
2021-03-22,315.2099914550781,320.739990234375,315.2099914550781,318.6099853515625,311.1487121582031,56194800
2021-03-23,319.7300109863281,321.0899963378906,316.3800048828125,317.2200012207031,309.7911682128906,53455400
2021-03-24,318.6300048828125,318.6700134277344,311.7200012207031,311.8699951171875,304.56646728515625,64803700
2021-03-25,309.9700012207031,312.8900146484375,307.3900146484375,311.3299865722656,304.03912353515625,78729000
2021-03-26,311.1099853515625,316.3299865722656,309.6700134277344,316.0,308.5997619628906,63519600
2021-03-29,315.45001220703125,316.989990234375,312.4700012207031,315.9100036621094,308.51190185546875,54608000
2021-03-30,313.8900146484375,314.9100036621094,311.5400085449219,314.32000732421875,306.9591369628906,44635700
2021-03-31,316.1600036621094,320.739990234375,315.80999755859375,319.1300048828125,311.6565246582031,55032500
2021-04-01,323.07000732421875,324.7099914550781,322.80999755859375,324.57000732421875,316.9691162109375,55685600
2021-04-05,327.1300048828125,331.8399963378906,326.8800048828125,331.04998779296875,323.29730224609375,42172500
2021-04-06,330.7300109863281,332.8299865722656,330.0199890136719,330.82000732421875,323.0727844238281,33537200
2021-04-07,330.3299865722656,332.4800109863281,329.3699951171875,331.6199951171875,323.85400390625,32046400
2021-04-08,334.55999755859375,335.2699890136719,333.739990234375,335.0799865722656,327.2328796386719,29940800
2021-04-09,333.67999267578125,337.32000732421875,332.9200134277344,337.1099853515625,329.2154235839844,36664900
2021-04-12,336.0400085449219,337.1000061035156,334.7300109863281,336.6700134277344,328.7857971191406,25833000
2021-04-13,338.239990234375,341.0799865722656,338.0199890136719,340.6000061035156,332.623779296875,30374000
2021-04-14,340.8500061035156,340.9800109863281,335.6700134277344,336.510009765625,328.62945556640625,42564300
2021-04-15,339.4700012207031,342.010009765625,336.2200012207031,341.6099853515625,333.6099853515625,36342800
2021-04-16,342.1499938964844,342.2300109863281,340.0799865722656,342.010009765625,334.0007019042969,40860100
2021-04-19,340.3900146484375,341.5799865722656,336.8999938964844,338.8800048828125,330.9439392089844,34533100
2021-04-20,338.20001220703125,339.5199890136719,334.3800048828125,336.4100036621094,328.5318298339844,38081800
2021-04-21,335.0899963378906,339.4800109863281,333.9700012207031,339.2900085449219,331.3443603515625,36598100
2021-04-22,338.8900146484375,339.8999938964844,334.010009765625,335.20001220703125,327.3502197265625,45936100
2021-04-23,335.8500061035156,340.7699890136719,335.8500061035156,339.4200134277344,331.4713439941406,36381900
2021-04-26,339.6700134277344,341.9200134277344,338.8999938964844,341.6300048828125,333.6295471191406,30812000
2021-04-27,341.92999267578125,342.1499938964844,339.1700134277344,340.1499938964844,332.1842956542969,33187200
2021-04-28,339.80999755859375,340.8500061035156,338.3299865722656,339.0,331.0611572265625,33615700
2021-04-29,342.3699951171875,342.79998779296875,336.8999938964844,340.2200012207031,332.252685546875,37708900
2021-04-30,337.70001220703125,340.260009765625,337.04998779296875,337.989990234375,330.0748291015625,38263400
2021-05-03,339.2300109863281,340.0,335.7300109863281,336.19000244140625,328.3169250488281,29729700
2021-05-04,333.55999755859375,333.8900146484375,326.2099914550781,330.1400146484375,322.40869140625,65147000
2021-05-05,332.25,333.1400146484375,328.2300109863281,329.0299987792969,321.32464599609375,46219300
2021-05-06,328.760009765625,331.6700134277344,326.45001220703125,331.510009765625,323.74664306640625,46814300
2021-05-07,334.3699951171875,336.6499938964844,331.69000244140625,334.20001220703125,326.3736572265625,53324500
2021-05-10,332.7799987792969,332.9599914550781,325.54998779296875,325.760009765625,318.1312561035156,60700500
2021-05-11,319.70001220703125,326.1300048828125,319.0199890136719,325.30999755859375,317.6917419433594,71963600
2021-05-12,320.2300109863281,322.6199951171875,316.0,316.8900146484375,309.46893310546875,91164900
2021-05-13,319.9200134277344,322.3999938964844,316.8999938964844,319.3399963378906,311.8616027832031,69877800
2021-05-14,322.6000061035156,327.3299865722656,322.0799865722656,326.3900146484375,318.7464294433594,44370000
2021-05-17,324.6300048828125,326.3699951171875,321.45001220703125,324.4100036621094,316.8128356933594,39395000
2021-05-18,325.3900146484375,326.6499938964844,321.94000244140625,322.2200012207031,314.6741027832031,36528500
2021-05-19,316.6600036621094,322.8999938964844,316.29998779296875,322.5899963378906,315.0354309082031,66319100
2021-05-20,324.1199951171875,329.7099914550781,323.8900146484375,328.8299865722656,321.1293029785156,46466100
2021-05-21,330.42999267578125,330.8599853515625,326.6400146484375,327.010009765625,319.35198974609375,50330400
2021-05-24,329.3699951171875,333.6700134277344,326.8999938964844,332.510009765625,324.72314453125,32475800
2021-05-25,334.07000732421875,334.80999755859375,331.760009765625,332.9700012207031,325.17236328125,31280300
2021-05-26,333.6600036621094,334.6099853515625,332.95001220703125,334.1300048828125,326.3052062988281,25444900
2021-05-27,333.6700134277344,334.5400085449219,332.6700134277344,332.8800048828125,325.08447265625,27931700
2021-05-28,334.1199951171875,335.57000732421875,333.6000061035156,333.92999267578125,326.1098937988281,29927400
2021-06-01,335.29998779296875,335.7900085449219,331.42999267578125,332.82000732421875,325.02593994140625,31145400
2021-06-02,333.25,334.3399963378906,331.70001220703125,333.4700012207031,325.66064453125,22047900
2021-06-03,330.54998779296875,331.8599853515625,328.2799987792969,330.0,322.27191162109375,37057800
2021-06-04,331.8500061035156,336.05999755859375,331.7799987792969,335.6000061035156,327.7408142089844,38736500
2021-06-07,335.04998779296875,336.6600036621094,334.3399963378906,336.6000061035156,328.7174072265625,32611900
2021-06-08,338.3999938964844,339.2900085449219,335.0299987792969,336.760009765625,328.8735656738281,27282800
2021-06-09,338.1700134277344,338.9700012207031,336.6499938964844,336.8399963378906,328.95172119140625,21485300
2021-06-10,337.19000244140625,340.4599914550781,336.7300109863281,340.3500061035156,332.3795166015625,33702100
2021-06-11,340.3599853515625,341.25,339.69000244140625,341.239990234375,333.2487487792969,21222800
2021-06-14,341.67999267578125,344.5199890136719,340.4599914550781,344.510009765625,336.442138671875,27827700
2021-06-15,344.1499938964844,344.4700012207031,341.5199890136719,342.260009765625,334.2448425292969,35963800
2021-06-16,342.739990234375,343.8399963378906,337.45001220703125,341.010009765625,333.02410888671875,55399500
2021-06-17,339.9700012207031,346.3800048828125,339.9200134277344,345.3399963378906,337.252685546875,59722700
2021-06-18,343.6300048828125,344.80999755859375,341.8599853515625,342.6300048828125,334.6061706542969,55414900
2021-06-21,342.42999267578125,344.69000244140625,340.1499938964844,344.3599853515625,336.6856994628906,32992600
2021-06-22,344.1499938964844,348.0299987792969,343.8399963378906,347.57000732421875,339.82421875,28941600
2021-06-23,347.510009765625,348.9200134277344,346.8800048828125,347.739990234375,339.99041748046875,27188500
2021-06-24,349.7300109863281,351.4599914550781,349.1700134277344,349.8900146484375,342.092529296875,32581600
2021-06-25,350.4700012207031,350.7200012207031,348.8399963378906,349.4599914550781,341.67205810546875,28682800
2021-06-28,350.7799987792969,353.8500061035156,350.7200012207031,353.7099914550781,345.8273010253906,39130300
2021-06-29,353.5299987792969,355.0199890136719,352.6700134277344,354.989990234375,347.0788269042969,29426000
2021-06-30,354.8299865722656,355.2300109863281,353.8299865722656,354.42999267578125,346.53131103515625,32724000
2021-07-01,354.07000732421875,355.0899963378906,352.67999267578125,354.57000732421875,346.6681823730469,29290000
2021-07-02,356.5199890136719,358.9700012207031,356.2799987792969,358.6400146484375,350.64752197265625,32727200
2021-07-06,359.260009765625,360.4800109863281,356.489990234375,360.19000244140625,352.1629943847656,38842400
2021-07-07,362.45001220703125,362.760009765625,358.94000244140625,360.95001220703125,352.9060363769531,35265200
2021-07-08,355.739990234375,359.6499938964844,354.4200134277344,358.7699890136719,350.7745666503906,50890000
2021-07-09,358.1700134277344,361.5,357.57000732421875,361.010009765625,352.9647216796875,35184500
2021-07-12,362.45001220703125,362.8900146484375,360.8299865722656,362.4200134277344,354.34326171875,25717700
2021-07-13,362.0299987792969,365.4700012207031,361.5400085449219,362.4200134277344,354.34326171875,39723000
2021-07-14,364.8299865722656,365.489990234375,362.2200012207031,363.07000732421875,354.97882080078125,35336400
2021-07-15,362.9800109863281,363.19000244140625,358.4599914550781,360.5199890136719,352.485595703125,53391600
2021-07-16,361.3999938964844,362.4100036621094,357.239990234375,357.6000061035156,349.6307067871094,47262000
2021-07-19,354.04998779296875,355.17999267578125,352.0400085449219,354.6700134277344,346.7659912109375,64404600
2021-07-20,355.6300048828125,360.2799987792969,353.79998779296875,358.7900085449219,350.7942199707031,42183700
2021-07-21,358.3500061035156,361.55999755859375,358.1199951171875,361.55999755859375,353.5024108886719,30259900
2021-07-22,361.7699890136719,363.9599914550781,361.7699890136719,363.95001220703125,355.83917236328125,30252200
2021-07-23,365.30999755859375,368.489990234375,363.9200134277344,368.20001220703125,359.9944152832031,31960800
2021-07-26,367.489990234375,368.8900146484375,366.6000061035156,368.489990234375,360.2779846191406,28438100
2021-07-27,368.2200012207031,368.2200012207031,360.1600036621094,364.42999267578125,356.30841064453125,57933100
2021-07-28,365.6000061035156,367.45001220703125,363.239990234375,365.8299865722656,357.6772155761719,42066200
2021-07-29,365.25,367.67999267578125,365.25,366.4800109863281,358.312744140625,25672500
2021-07-30,362.44000244140625,365.1700134277344,362.4100036621094,364.57000732421875,356.4453125,36484600
2021-08-02,366.2799987792969,366.8800048828125,363.8699951171875,364.6000061035156,356.4746398925781,27334100
2021-08-03,365.2799987792969,366.92999267578125,362.0,366.80999755859375,358.6354064941406,35558500
2021-08-04,366.7699890136719,368.32000732421875,365.6300048828125,367.3399963378906,359.15362548828125,29602200
2021-08-05,368.17999267578125,369.9100036621094,367.45001220703125,369.6700134277344,361.4317321777344,21443900
2021-08-06,368.3699951171875,369.3699951171875,366.9100036621094,368.04998779296875,359.8477783203125,33332100
2021-08-09,368.5199890136719,369.2699890136719,367.3900146484375,368.7300109863281,360.5126647949219,25960200
2021-08-10,369.260009765625,369.55999755859375,365.6199951171875,366.8399963378906,358.66473388671875,35130800
2021-08-11,368.1400146484375,368.6499938964844,364.8399963378906,366.2099914550781,358.0487976074219,34249800
2021-08-12,365.69000244140625,367.8999938964844,364.29998779296875,367.5299987792969,359.33941650390625,25969200
2021-08-13,367.8900146484375,369.1600036621094,367.3800048828125,368.82000732421875,360.6006774902344,19336200
2021-08-16,367.6700134277344,369.0199890136719,363.70001220703125,368.9800109863281,360.75714111328125,34856900
2021-08-17,366.1499938964844,367.1499938964844,363.2300109863281,365.7300109863281,357.5794982910156,44793900
2021-08-18,365.17999267578125,366.6199951171875,361.8699951171875,362.2099914550781,354.1379699707031,38541900
2021-08-19,360.2200012207031,365.67999267578125,359.9599914550781,363.9599914550781,355.848876953125,48499400
2021-08-20,365.05999755859375,368.1400146484375,364.739990234375,367.7300109863281,359.5349426269531,39486000
2021-08-23,368.79998779296875,373.94000244140625,368.7900085449219,373.2300109863281,364.91241455078125,34034700
2021-08-24,373.8399963378906,374.989990234375,373.3599853515625,374.3699951171875,366.02691650390625,21732900
2021-08-25,374.6300048828125,375.3900146484375,373.8599853515625,374.79998779296875,366.44732666015625,20441900
2021-08-26,373.9200134277344,374.6199951171875,371.9700012207031,372.4200134277344,364.12042236328125,29133300
2021-08-27,373.07000732421875,376.55999755859375,372.57000732421875,376.0400085449219,367.65972900390625,27104700
2021-08-30,376.8500061035156,380.760009765625,376.8299865722656,380.260009765625,371.7856750488281,27295700
2021-08-31,380.510009765625,380.5799865722656,378.3599853515625,379.95001220703125,371.4826354980469,29628200
2021-09-01,381.0400085449219,382.7099914550781,380.3699951171875,380.5799865722656,372.0985107421875,28138300
2021-09-02,381.9700012207031,382.30999755859375,379.1499938964844,380.3999938964844,371.9225769042969,25453400
2021-09-03,379.2200012207031,381.9800109863281,379.20001220703125,381.57000732421875,373.0665588378906,24605400
2021-09-07,381.67999267578125,382.7799987792969,380.489990234375,382.1099853515625,373.5944519042969,23970200
2021-09-08,381.92999267578125,381.92999267578125,378.45001220703125,380.7799987792969,372.2941589355469,32949200
2021-09-09,381.010009765625,382.1499938964844,379.2200012207031,379.4700012207031,371.0132751464844,29399000
2021-09-10,381.2300109863281,381.9700012207031,376.25,376.5899963378906,368.19744873046875,40249400
2021-09-13,378.989990234375,379.42999267578125,374.2200012207031,376.3299865722656,367.9432678222656,48741800
2021-09-14,377.8599853515625,378.6099853515625,374.2799987792969,375.260009765625,366.8971252441406,41826600
2021-09-15,375.7300109863281,378.4100036621094,373.3699951171875,378.04998779296875,369.6249084472656,34097900
2021-09-16,376.67999267578125,378.8999938964844,374.70001220703125,378.30999755859375,369.879150390625,35193100
2021-09-17,377.82000732421875,377.8699951171875,372.760009765625,373.8299865722656,365.4990234375,60912300
2021-09-20,367.4599914550781,369.25,360.92999267578125,365.70001220703125,357.9465637207031,76203200
2021-09-21,367.5799865722656,368.80999755859375,364.989990234375,366.1499938964844,358.3870544433594,41927500
2021-09-22,367.0899963378906,371.07000732421875,365.9599914550781,369.57000732421875,361.73455810546875,46972900
2021-09-23,370.760009765625,374.0400085449219,370.1000061035156,372.9800109863281,365.072265625,44652000
2021-09-24,370.6499938964844,373.760009765625,370.2699890136719,373.3299865722656,365.4147644042969,36056800
2021-09-27,370.20001220703125,371.25,367.7300109863281,370.3500061035156,362.4979553222656,43338100
2021-09-28,365.6700134277344,370.29998779296875,359.3500061035156,359.8699951171875,352.2402038574219,97701600
2021-09-29,361.1700134277344,363.3699951171875,358.6400146484375,359.2799987792969,351.66265869140625,58076600
2021-09-30,360.9700012207031,362.67999267578125,357.1000061035156,357.9599914550781,350.37066650390625,61384600
2021-10-01,358.6000061035156,361.25,354.3800048828125,360.17999267578125,352.54364013671875,56375500
2021-10-04,358.5199890136719,358.8599853515625,350.32000732421875,352.6199951171875,345.14385986328125,76766000
2021-10-05,353.7099914550781,359.69000244140625,353.4800109863281,357.3800048828125,349.8030090332031,47232900
2021-10-06,354.0799865722656,359.95001220703125,353.1499938964844,359.6700134277344,352.04443359375,56806500
2021-10-07,362.79998779296875,365.69000244140625,362.25,362.9700012207031,355.2744140625,39411200
2021-10-08,364.0799865722656,364.32000732421875,360.6099853515625,361.1600036621094,353.50286865234375,41822300
2021-10-11,359.5799865722656,363.20001220703125,358.29998779296875,358.3900146484375,350.79156494140625,34847200
2021-10-12,359.8800048828125,360.3299865722656,356.4800109863281,357.1400146484375,349.56805419921875,43905100
2021-10-13,359.510009765625,360.69000244140625,357.42999267578125,360.0,352.367431640625,40120800
2021-10-14,363.69000244140625,366.8500061035156,363.010009765625,366.6300048828125,358.8569030761719,43433900
2021-10-15,367.8800048828125,369.05999755859375,366.82000732421875,368.94000244140625,361.1178894042969,40419900
2021-10-18,367.6099853515625,372.8699951171875,366.989990234375,372.6499938964844,364.74920654296875,34513500
2021-10-19,373.75,375.5199890136719,372.70001220703125,375.4700012207031,367.5093994140625,29091000
2021-10-20,375.94000244140625,376.57000732421875,373.4599914550781,374.9800109863281,367.02984619140625,31390300
2021-10-21,374.1600036621094,377.4700012207031,373.8500061035156,377.2699890136719,369.27130126953125,25469300
2021-10-22,375.9800109863281,376.9700012207031,372.3900146484375,374.1000061035156,366.16851806640625,36275800
2021-10-25,375.55999755859375,378.8699951171875,373.55999755859375,377.92999267578125,369.91729736328125,32597800
2021-10-26,380.2300109863281,382.7099914550781,377.9100036621094,379.1199951171875,371.08203125,47191300
2021-10-27,379.5799865722656,383.1499938964844,379.30999755859375,380.0,371.9433898925781,45760500
2021-10-28,381.95001220703125,384.4800109863281,381.1600036621094,384.2200012207031,376.073974609375,38007000
2021-10-29,381.05999755859375,386.2799987792969,380.70001220703125,386.1099853515625,377.9238586425781,37310100
2021-11-01,386.55999755859375,387.55999755859375,384.4200134277344,387.42999267578125,379.21588134765625,30765300
2021-11-02,386.79998779296875,389.5400085449219,386.75,389.04998779296875,380.801513671875,25135300
2021-11-03,389.54998779296875,393.6099853515625,388.4800109863281,393.17999267578125,384.8439025878906,33748900
2021-11-04,394.4800109863281,399.20001220703125,393.9200134277344,398.2200012207031,389.777099609375,40265300
2021-11-05,400.0400085449219,400.989990234375,397.1600036621094,398.6000061035156,390.1490478515625,43383800
2021-11-08,398.57000732421875,399.6199951171875,397.3999938964844,398.05999755859375,389.6204833984375,29256300
2021-11-09,399.1600036621094,399.57000732421875,393.9200134277344,395.32000732421875,386.9385986328125,50490700
2021-11-10,392.4700012207031,395.3599853515625,387.5299987792969,389.510009765625,381.2518005371094,54937400
2021-11-11,392.57000732421875,392.75,390.239990234375,390.5899963378906,382.3088073730469,32243000
2021-11-12,391.7699890136719,395.25,390.1300048828125,394.70001220703125,386.3317565917969,34730600
2021-11-15,395.9100036621094,396.239990234375,392.1000061035156,394.6099853515625,386.2436218261719,33716900
2021-11-16,393.8599853515625,397.92999267578125,393.6600036621094,397.4200134277344,388.9940490722656,27872900
2021-11-17,397.75,399.7200012207031,396.6400146484375,397.6300048828125,389.1996154785156,28703300
2021-11-18,399.7300109863281,402.2699890136719,397.45001220703125,401.75,393.2322692871094,45721500
2021-11-19,403.42999267578125,405.29998779296875,402.5799865722656,403.989990234375,395.4247131347656,45191700
2021-11-22,405.57000732421875,408.7099914550781,399.19000244140625,399.29998779296875,390.834228515625,61715400
2021-11-23,398.1099853515625,400.2300109863281,392.9200134277344,397.4800109863281,389.05279541015625,70098700
2021-11-24,394.92999267578125,399.04998779296875,392.5400085449219,398.760009765625,390.3056640625,46954400
2021-11-26,396.1099853515625,397.5400085449219,389.7699890136719,391.20001220703125,382.90594482421875,51533300
2021-11-29,395.8900146484375,400.7300109863281,395.1400146484375,399.69000244140625,391.2159423828125,54447100
2021-11-30,398.7799987792969,401.19000244140625,391.75,393.82000732421875,385.47039794921875,81332700
2021-12-01,398.2799987792969,400.4800109863281,386.6400146484375,387.1199951171875,378.9124450683594,77766500
2021-12-02,385.79998779296875,391.739990234375,384.3399963378906,389.9100036621094,381.6432800292969,84416600
2021-12-03,391.30999755859375,392.3399963378906,378.8999938964844,383.1300048828125,375.0070495605469,105349100
2021-12-06,383.6300048828125,387.6000061035156,379.29998779296875,386.20001220703125,378.0119934082031,67588800
2021-12-07,393.0299987792969,398.4599914550781,392.989990234375,397.8299865722656,389.3954162597656,56005300
2021-12-08,398.1700134277344,399.82000732421875,396.2200012207031,399.6099853515625,391.1376647949219,39204000
2021-12-09,398.3500061035156,400.20001220703125,393.5299987792969,393.7300109863281,385.38232421875,49973700
2021-12-10,396.6199951171875,398.2799987792969,393.3599853515625,398.010009765625,389.5716247558594,52545800
2021-12-13,398.0,398.3299865722656,391.8800048828125,392.260009765625,383.9435119628906,50166400
2021-12-14,387.29998779296875,390.0899963378906,383.6300048828125,388.20001220703125,379.9695739746094,75199200
2021-12-15,387.94000244140625,397.4200134277344,383.8800048828125,397.04998779296875,388.6319580078125,73858000
2021-12-16,398.0400085449219,398.4800109863281,385.2099914550781,386.8399963378906,378.63836669921875,82591400
2021-12-17,383.3299865722656,389.19000244140625,381.7699890136719,384.9100036621094,376.7492980957031,80492500
2021-12-20,379.57000732421875,381.5,377.4700012207031,380.69000244140625,373.0947265625,65336800
2021-12-21,384.04998779296875,389.5299987792969,380.20001220703125,389.2099914550781,381.4446716308594,48899500
2021-12-22,388.9100036621094,394.1600036621094,388.2300109863281,393.95001220703125,386.090087890625,37042200
2021-12-23,394.30999755859375,398.42999267578125,394.1400146484375,396.9200134277344,389.0009460449219,29595500
2021-12-27,398.25,403.4800109863281,398.2200012207031,403.4800109863281,395.4300537109375,32820700
2021-12-28,404.3999938964844,404.5799865722656,400.7099914550781,401.6099853515625,393.5972900390625,33113700
2021-12-29,401.75,403.04998779296875,399.1099853515625,401.54998779296875,393.53851318359375,32248500
2021-12-30,401.3299865722656,403.57000732421875,399.75,400.3500061035156,392.3624572753906,23850100
2021-12-31,399.6600036621094,401.05999755859375,397.3399963378906,397.8500061035156,389.912353515625,34752900
2022-01-03,399.04998779296875,401.94000244140625,396.8800048828125,401.67999267578125,393.6658630371094,40575900
2022-01-04,402.239990234375,402.2799987792969,393.2900085449219,396.4700012207031,388.5598449707031,58027200
2022-01-05,394.739990234375,395.8900146484375,384.0299987792969,384.2900085449219,376.622802734375,75739800
2022-01-06,382.4200134277344,387.3500061035156,380.1300048828125,384.0199890136719,376.3582458496094,70814300
2022-01-07,384.0299987792969,385.760009765625,378.0400085449219,379.8599853515625,372.2812194824219,72652300
2022-01-10,374.82000732421875,380.6400146484375,369.30999755859375,380.1099853515625,372.5262451171875,91770500
2022-01-11,379.3599853515625,385.989990234375,377.2200012207031,385.82000732421875,378.122314453125,68295700
2022-01-12,388.4599914550781,390.20001220703125,385.010009765625,387.3500061035156,379.62176513671875,54576400
2022-01-13,388.7699890136719,389.4700012207031,376.70001220703125,377.6600036621094,370.1251525878906,77994000
2022-01-14,375.07000732421875,380.3500061035156,374.8599853515625,380.010009765625,372.4282531738281,80121200
2022-01-18,374.0400085449219,376.2200012207031,369.7699890136719,370.54998779296875,363.156982421875,75450900
2022-01-19,372.1499938964844,374.69000244140625,366.2099914550781,366.4800109863281,359.1681823730469,81791500
2022-01-20,369.7900085449219,373.8699951171875,361.1700134277344,361.7200012207031,354.503173828125,88610700
2022-01-21,359.4700012207031,362.17999267578125,351.3999938964844,351.69000244140625,344.6733093261719,143388900
2022-01-24,345.9100036621094,353.9800109863281,334.1499938964844,353.29998779296875,346.25115966796875,198685800
2022-01-25,346.6700134277344,351.0299987792969,341.67999267578125,345.1099853515625,338.2245788574219,124398400
2022-01-26,352.9100036621094,356.8800048828125,340.7799987792969,344.57000732421875,337.6953430175781,146559500
2022-01-27,349.3999938964844,351.2699890136719,340.04998779296875,341.1000061035156,334.2945556640625,95255700
2022-01-28,343.0299987792969,352.0199890136719,337.95001220703125,351.79998779296875,344.7810974121094,108167900
2022-01-31,353.20001220703125,363.6499938964844,351.5199890136719,363.04998779296875,355.806640625,94326400
2022-02-01,364.42999267578125,366.19000244140625,359.1400146484375,365.5199890136719,358.2273254394531,74433000
2022-02-02,369.760009765625,370.1000061035156,364.2900085449219,368.489990234375,361.13812255859375,78777100
2022-02-03,358.5299987792969,361.92999267578125,352.4599914550781,353.54998779296875,346.4961242675781,95384800
2022-02-04,354.0799865722656,361.3999938964844,351.9700012207031,358.010009765625,350.8671569824219,86318300
2022-02-07,358.6199951171875,361.04998779296875,353.8399963378906,355.1300048828125,348.0446472167969,58198100
2022-02-08,353.9599914550781,360.239990234375,352.79998779296875,359.1199951171875,351.9549560546875,64720900
2022-02-09,363.760009765625,366.80999755859375,362.1199951171875,366.7300109863281,359.4132080078125,55766400
2022-02-10,359.5199890136719,366.489990234375,356.5400085449219,358.42999267578125,351.27880859375,112468500
2022-02-11,358.42999267578125,360.07000732421875,345.79998779296875,347.05999755859375,340.1356506347656,101569100
2022-02-14,346.489990234375,350.9800109863281,343.8900146484375,347.489990234375,340.55706787109375,80254400
2022-02-15,352.9100036621094,356.3699951171875,351.82000732421875,356.1300048828125,349.0246887207031,55128800
2022-02-16,353.82000732421875,357.0899963378906,350.7099914550781,356.0400085449219,348.9365234375,58947100
2022-02-17,352.739990234375,353.4599914550781,345.0199890136719,345.45001220703125,338.5577697753906,61801400
2022-02-18,346.4100036621094,346.80999755859375,339.1400146484375,341.510009765625,334.6964111328125,80001500
2022-02-22,338.489990234375,344.0400085449219,334.3500061035156,338.0799865722656,331.33477783203125,85967100
2022-02-23,341.32000732421875,342.17999267578125,329.1000061035156,329.4200134277344,322.84759521484375,86215400
2022-02-24,318.8399963378906,341.0400085449219,318.260009765625,340.489990234375,333.6967468261719,130614100
2022-02-25,341.30999755859375,345.9800109863281,337.3900146484375,345.7699890136719,338.8713684082031,78842100
2022-02-28,342.510009765625,348.5400085449219,341.32000732421875,346.79998779296875,339.8808288574219,77515500
2022-03-01,345.75,348.0799865722656,338.8999938964844,341.489990234375,334.6767578125,67407000
2022-03-02,343.0799865722656,348.5899963378906,340.239990234375,347.2200012207031,340.2924499511719,70609000
2022-03-03,349.92999267578125,350.0400085449219,340.3500061035156,342.260009765625,335.4314270019531,71089400
2022-03-04,339.8399963378906,341.30999755859375,334.9200134277344,337.29998779296875,330.5704040527344,76936300
2022-03-07,337.2900085449219,338.4800109863281,324.6499938964844,324.8599853515625,318.3785705566406,89933800
2022-03-08,324.04998779296875,333.2099914550781,319.94000244140625,323.3500061035156,316.8987121582031,116153900
2022-03-09,331.75,336.3800048828125,329.0899963378906,334.989990234375,328.306396484375,64723400
2022-03-10,330.82000732421875,332.510009765625,326.7099914550781,331.2699890136719,324.6606750488281,69362700
2022-03-11,334.32000732421875,334.6400146484375,323.8999938964844,324.3999938964844,317.9277648925781,66228400
2022-03-14,323.1300048828125,326.5899963378906,317.45001220703125,318.1700134277344,311.8220520019531,79802600
2022-03-15,320.8800048828125,328.95001220703125,319.2300109863281,328.1499938964844,321.6029968261719,76471000
2022-03-16,332.1700134277344,340.44000244140625,328.3999938964844,340.32000732421875,333.5301208496094,105243000
2022-03-17,338.3699951171875,344.5,337.0400085449219,344.44000244140625,337.56787109375,67810000
2022-03-18,342.739990234375,351.7900085449219,341.54998779296875,351.489990234375,344.4772644042969,85446300
2022-03-21,350.20001220703125,352.4800109863281,345.5799865722656,350.0799865722656,343.5195617675781,73799100
2022-03-22,350.5899963378906,357.8500061035156,350.20001220703125,356.9599914550781,350.2706604003906,63345900
2022-03-23,354.010009765625,357.6600036621094,351.7699890136719,351.8299865722656,345.23681640625,70615500
2022-03-24,353.79998779296875,359.70001220703125,351.5899963378906,359.6499938964844,352.9102478027344,53555300
2022-03-25,359.5899963378906,360.6700134277344,354.94000244140625,359.3500061035156,352.6158142089844,57584200
2022-03-28,359.3399963378906,365.010009765625,358.07000732421875,364.9100036621094,358.0716857910156,56833900
2022-03-29,368.8999938964844,371.8299865722656,366.05999755859375,371.19000244140625,364.2339782714844,68073000
2022-03-30,369.2799987792969,370.9800109863281,365.57000732421875,367.0899963378906,360.2108459472656,68757700
2022-03-31,367.239990234375,367.6000061035156,361.67999267578125,362.5400085449219,355.74603271484375,67011400
2022-04-01,362.80999755859375,363.6099853515625,358.5899963378906,361.8500061035156,355.0689697265625,54527800
2022-04-04,362.7099914550781,369.30999755859375,362.44000244140625,369.29998779296875,362.37933349609375,45950200
2022-04-05,367.80999755859375,368.5400085449219,359.92999267578125,361.1000061035156,354.3330383300781,62738700
2022-04-06,355.6499938964844,356.7799987792969,350.55999755859375,353.260009765625,346.63995361328125,90077100
2022-04-07,352.239990234375,356.3500061035156,348.69000244140625,354.1000061035156,347.4642639160156,63777400
2022-04-08,352.32000732421875,353.0899963378906,348.5,349.1499938964844,342.6069641113281,61956100
2022-04-11,344.80999755859375,345.75,340.5400085449219,340.8900146484375,334.5018615722656,66107400
2022-04-12,345.760009765625,347.69000244140625,338.0400085449219,339.45001220703125,333.0887451171875,72790200
2022-04-13,339.79998779296875,347.42999267578125,339.05999755859375,346.3500061035156,339.85943603515625,61367800
2022-04-14,346.44000244140625,346.9700012207031,338.2099914550781,338.42999267578125,332.0877990722656,73519400
2022-04-18,337.3500061035156,341.0400085449219,335.7900085449219,338.69000244140625,332.343017578125,58560600
2022-04-19,338.0299987792969,346.8500061035156,336.9800109863281,346.260009765625,339.77117919921875,56515700
2022-04-20,347.0899963378906,347.55999755859375,339.9599914550781,341.2099914550781,334.81573486328125,65500000
2022-04-21,345.19000244140625,347.8699951171875,333.20001220703125,334.1499938964844,327.8880310058594,75801000
2022-04-22,334.30999755859375,335.55999755859375,324.9599914550781,325.3999938964844,319.30206298828125,82562100
2022-04-25,323.7300109863281,329.8999938964844,322.42999267578125,329.5799865722656,323.4037170410156,101755900
2022-04-26,327.4700012207031,327.6600036621094,316.8599853515625,317.1400146484375,311.1968688964844,105819600
2022-04-27,317.239990234375,322.8800048828125,315.0,316.760009765625,310.8240051269531,111204200
2022-04-28,321.8500061035156,329.8900146484375,317.5199890136719,328.010009765625,321.8631896972656,99450000
2022-04-29,323.70001220703125,327.2300109863281,312.6000061035156,313.25,307.3797607421875,91977900
2022-05-02,312.8299865722656,318.7200012207031,309.6499938964844,318.4800109863281,312.5117492675781,115511800
2022-05-03,318.5,321.1700134277344,315.9800109863281,318.82000732421875,312.8453674316406,78185500
2022-05-04,319.30999755859375,330.2900085449219,313.8900146484375,329.6000061035156,323.4233703613281,116083400
2022-05-05,325.1700134277344,325.25,309.6199951171875,313.0,307.13446044921875,154607400
2022-05-06,310.95001220703125,315.0899963378906,305.1099853515625,309.25,303.4547119140625,139572800
2022-05-09,303.4800109863281,309.3500061035156,295.7200012207031,297.1499938964844,291.58148193359375,113387300
2022-05-10,304.510009765625,305.760009765625,296.57000732421875,300.760009765625,295.12384033203125,124124600
2022-05-11,298.44000244140625,304.0899963378906,290.95001220703125,291.8399963378906,286.3710021972656,140326100
2022-05-12,287.45001220703125,295.75,284.94000244140625,291.1499938964844,285.6938781738281,120910900
2022-05-13,295.7200012207031,303.0,294.0799865722656,301.94000244140625,296.28167724609375,83684900
2022-05-16,300.1499938964844,302.260009765625,297.1300048828125,298.44000244140625,292.8472900390625,59190400
2022-05-17,304.45001220703125,306.55999755859375,300.54998779296875,306.1700134277344,300.43243408203125,62715300
2022-05-18,301.5400085449219,302.25,289.8500061035156,291.1400146484375,285.6841125488281,79477100
2022-05-19,289.2900085449219,294.3900146484375,287.5799865722656,289.5799865722656,284.1533508300781,79920700
2022-05-20,293.1300048828125,293.79998779296875,280.2099914550781,288.67999267578125,283.2702331542969,91764200
2022-05-23,289.75,293.8699951171875,287.2900085449219,293.4800109863281,287.98028564453125,63648400
2022-05-24,288.1300048828125,288.8599853515625,282.25,287.239990234375,281.8571472167969,73491100
2022-05-25,285.7099914550781,293.3900146484375,285.5,291.260009765625,285.8018798828125,67144500
2022-05-26,290.44000244140625,300.9200134277344,290.1499938964844,299.3299865722656,293.7205810546875,59462200
2022-05-27,302.5400085449219,309.25,302.4200134277344,309.1000061035156,303.3075256347656,66985600
2022-05-31,309.07000732421875,311.3299865722656,304.3299865722656,308.2799987792969,302.5028381347656,60968300
2022-06-01,310.4700012207031,312.6499938964844,303.7300109863281,306.0,300.2656555175781,65341700
2022-06-02,304.8500061035156,314.55999755859375,303.3999938964844,314.3800048828125,308.4886169433594,59291300
2022-06-03,309.0299987792969,310.4700012207031,304.9200134277344,306.20001220703125,300.4618835449219,60914700
2022-06-06,310.75,312.3500061035156,305.6199951171875,307.2200012207031,301.4627685546875,51785000
2022-06-07,303.80999755859375,310.6700134277344,302.69000244140625,309.8699951171875,304.0631408691406,44900300
2022-06-08,309.04998779296875,311.7200012207031,306.7699890136719,307.6400146484375,301.8749084472656,38342100
2022-06-09,305.9100036621094,309.04998779296875,299.2300109863281,299.3999938964844,293.7893371582031,55900500
2022-06-10,293.6499938964844,294.8699951171875,288.3800048828125,288.8399963378906,283.42718505859375,85963500
2022-06-13,279.75,282.3399963378906,274.5299987792969,275.4100036621094,270.2488708496094,94442000
2022-06-14,277.6600036621094,278.6600036621094,273.3399963378906,275.9100036621094,270.739501953125,64697500
2022-06-15,279.4200134277344,286.8299865722656,276.6099853515625,282.79998779296875,277.5003662109375,86051400
2022-06-16,275.5899963378906,276.05999755859375,269.2799987792969,271.3900146484375,266.30419921875,81910300
2022-06-17,272.17999267578125,277.19000244140625,270.510009765625,274.69000244140625,269.5423278808594,82703400
2022-06-21,278.75,283.45001220703125,278.6400146484375,281.0799865722656,276.3427734375,51633700
2022-06-22,278.5199890136719,285.17999267578125,277.9100036621094,280.6700134277344,275.9397277832031,67472900
2022-06-23,283.2099914550781,285.7200012207031,280.30999755859375,284.8500061035156,280.04925537109375,57457800
2022-06-24,287.739990234375,295.0400085449219,287.5,294.6099853515625,289.644775390625,58422300
2022-06-27,296.0,296.5799865722656,291.2900085449219,292.45001220703125,287.5212097167969,54151500
2022-06-28,293.0,295.6499938964844,283.3500061035156,283.5400085449219,278.7613830566406,61609800
2022-06-29,283.3999938964844,285.3399963378906,280.8399963378906,283.79998779296875,279.0169372558594,57302700
2022-06-30,280.75,283.94000244140625,275.7799987792969,280.2799987792969,275.5563049316406,79313600
2022-07-01,278.95001220703125,282.5299987792969,277.0299987792969,282.1300048828125,277.3751220703125,56675100
2022-07-05,278.30999755859375,287.0799865722656,276.75,286.9599914550781,282.1236877441406,61829300
2022-07-06,287.3500061035156,290.95001220703125,285.5899963378906,288.79998779296875,283.9326477050781,63194700
2022-07-07,289.6300048828125,295.70001220703125,289.6300048828125,294.9800109863281,290.008544921875,56620100
2022-07-08,292.0799865722656,296.75,291.1199951171875,295.3500061035156,290.3723449707031,59895500
2022-07-11,292.8800048828125,293.1099853515625,288.1400146484375,289.0400085449219,284.1686706542969,55273900
2022-07-12,290.32000732421875,292.2799987792969,284.6099853515625,286.239990234375,281.4158020019531,55797100
2022-07-13,280.6000061035156,288.04998779296875,280.0199890136719,285.6499938964844,280.83575439453125,73939400
2022-07-14,282.989990234375,287.55999755859375,279.79998779296875,286.6700134277344,281.83856201171875,63741800
2022-07-15,289.7300109863281,291.9800109863281,288.0799865722656,291.8699951171875,286.950927734375,63818100
2022-07-18,294.7200012207031,296.1600036621094,288.20001220703125,289.3999938964844,284.5226135253906,59519600
2022-07-19,293.1099853515625,298.6000061035156,291.4700012207031,298.29998779296875,293.2725830078125,55172600
2022-07-20,298.7300109863281,304.239990234375,297.92999267578125,303.0299987792969,297.9228515625,67769400
2022-07-21,303.5,307.44000244140625,300.7799987792969,307.3800048828125,302.19952392578125,55049400
2022-07-22,306.42999267578125,308.54998779296875,300.1199951171875,301.989990234375,296.9004821777344,57127700
2022-07-25,302.0199890136719,302.5,298.2200012207031,300.2699890136719,295.2093505859375,40582400
2022-07-26,298.5299987792969,298.7900085449219,293.5400085449219,294.3699951171875,289.4088439941406,50074100
2022-07-27,299.0400085449219,308.5400085449219,298.4599914550781,306.80999755859375,301.6391296386719,69304400
2022-07-28,306.5899963378906,310.3999938964844,302.75,309.80999755859375,304.5885925292969,55139900
2022-07-29,311.3900146484375,316.3900146484375,309.92999267578125,315.4599914550781,310.143310546875,57501000
2022-08-01,313.6499938964844,318.80999755859375,312.5299987792969,315.2699890136719,309.9565734863281,46358800
2022-08-02,312.9200134277344,318.54998779296875,311.8399963378906,314.3299865722656,309.03240966796875,48676500
2022-08-03,316.04998779296875,323.7300109863281,315.989990234375,322.8900146484375,317.44818115234375,53735700
2022-08-04,322.9700012207031,324.7200012207031,320.7699890136719,324.3999938964844,318.9327392578125,38973700
2022-08-05,319.19000244140625,323.8299865722656,318.3900146484375,321.75,316.3273620605469,53894000
2022-08-08,322.69000244140625,326.4700012207031,319.2099914550781,320.7099914550781,315.3048400878906,43878500
2022-08-09,318.7699890136719,319.0299987792969,315.4200134277344,317.0799865722656,311.7360534667969,39764200
2022-08-10,324.5899963378906,326.2300109863281,322.05999755859375,325.92999267578125,320.4368896484375,51459600
2022-08-11,328.30999755859375,330.3599853515625,323.3599853515625,324.0799865722656,318.6180419921875,45897700
2022-08-12,326.17999267578125,330.5899963378906,325.1000061035156,330.3900146484375,324.82177734375,40928400
2022-08-15,329.4200134277344,333.57000732421875,329.3999938964844,333.05999755859375,327.4466857910156,38266600
2022-08-16,332.05999755859375,334.4200134277344,329.1600036621094,332.2799987792969,326.67987060546875,41186900
2022-08-17,329.07000732421875,331.42999267578125,326.3599853515625,328.489990234375,322.9537658691406,47842200
2022-08-18,328.44000244140625,330.489990234375,326.7900085449219,329.2799987792969,323.7304382324219,41937200
2022-08-19,326.1700134277344,326.8399963378906,322.0799865722656,322.8599853515625,317.41864013671875,51770600
2022-08-22,318.5,318.739990234375,313.5299987792969,314.3599853515625,309.0618896484375,51098900
2022-08-23,314.1199951171875,317.0,313.3299865722656,314.1000061035156,308.8062438964844,39497100
2022-08-24,313.6099853515625,316.8699951171875,312.989990234375,315.010009765625,309.70098876953125,38057100
2022-08-25,316.8299865722656,320.6000061035156,315.760009765625,320.5799865722656,315.1770324707031,38098300
2022-08-26,320.2799987792969,321.510009765625,307.3500061035156,307.44000244140625,302.2585144042969,69047700
2022-08-29,304.6199951171875,307.2200012207031,303.2799987792969,304.4100036621094,299.27960205078125,48321900
2022-08-30,306.1000061035156,306.7300109863281,298.44000244140625,301.0199890136719,295.94671630859375,51184500
2022-08-31,303.989990234375,304.9100036621094,299.1600036621094,299.2699890136719,294.2262268066406,50044000
2022-09-01,296.7200012207031,299.7799987792969,292.95001220703125,299.3999938964844,294.3540344238281,57990700
2022-09-02,302.3399963378906,303.75,293.5199890136719,295.1700134277344,290.1953430175781,64666800
2022-09-06,295.6600036621094,296.6000061035156,290.8699951171875,293.04998779296875,288.11102294921875,57005400
2022-09-07,293.5400085449219,299.989990234375,293.2699890136719,298.9700012207031,293.9312744140625,49260400
2022-09-08,296.8500061035156,301.8699951171875,295.45001220703125,300.5199890136719,295.4551696777344,55649800
2022-09-09,302.8299865722656,307.6000061035156,300.5199890136719,307.0899963378906,301.9144287109375,56125200
2022-09-12,308.5,311.0799865722656,308.17999267578125,310.739990234375,305.5028991699219,45905700
2022-09-13,301.79998779296875,303.0199890136719,292.7900085449219,293.70001220703125,288.7500915527344,79562200
2022-09-14,294.8699951171875,296.92999267578125,293.05999755859375,296.0299987792969,291.040771484375,54907200
2022-09-15,294.07000732421875,296.5299987792969,289.4599914550781,291.1000061035156,286.1939392089844,65299400
2022-09-16,287.7200012207031,289.7200012207031,285.6199951171875,289.32000732421875,284.44390869140625,79920400
2022-09-19,286.1000061035156,291.2099914550781,286.0400085449219,291.04998779296875,286.65899658203125,52613800
2022-09-20,288.489990234375,291.07000732421875,286.3800048828125,288.7300109863281,284.3739929199219,51271100
2022-09-21,289.5899963378906,293.95001220703125,283.4200134277344,283.55999755859375,279.2820129394531,82931000
2022-09-22,282.0,283.0299987792969,278.82000732421875,280.07000732421875,275.84466552734375,62757100
2022-09-23,277.54998779296875,277.8500061035156,272.0199890136719,275.510009765625,271.3534240722656,74815200
2022-09-26,275.0299987792969,279.489990234375,273.55999755859375,274.3699951171875,270.23065185546875,71176700
2022-09-27,277.80999755859375,280.2099914550781,272.1099853515625,274.4800109863281,270.3389587402344,69780100
2022-09-28,274.4599914550781,281.25,272.95001220703125,279.94000244140625,275.7165832519531,79652100
2022-09-29,275.8599853515625,276.25,268.8399963378906,271.8699951171875,267.7683410644531,81216000
2022-09-30,271.0299987792969,275.19000244140625,267.1000061035156,267.260009765625,263.22796630859375,78482400
2022-10-03,269.07000732421875,275.1600036621094,267.5299987792969,273.5299987792969,269.4032897949219,61267400
2022-10-04,278.989990234375,282.8500061035156,278.989990234375,282.1300048828125,277.8735656738281,66696900
2022-10-05,278.2799987792969,283.80999755859375,275.4200134277344,281.9800109863281,277.7258605957031,55766300
2022-10-06,280.9599914550781,284.17999267578125,279.42999267578125,279.760009765625,275.53936767578125,53489400
2022-10-07,275.0199890136719,275.1499938964844,267.739990234375,269.1000061035156,265.0401916503906,71354700
2022-10-10,269.29998779296875,269.70001220703125,263.6400146484375,266.4100036621094,262.3907165527344,60393000
2022-10-11,264.70001220703125,267.6300048828125,261.0299987792969,262.75,258.7859802246094,66522500
2022-10-12,263.3999938964844,265.3599853515625,261.95001220703125,262.6600036621094,258.69732666015625,50580200
2022-10-13,255.16000366210938,270.1700134277344,254.25999450683594,268.82000732421875,264.764404296875,112894100
2022-10-14,271.20001220703125,271.80999755859375,260.1400146484375,260.739990234375,256.8062744140625,77244300
2022-10-17,266.8399963378906,270.239990234375,266.739990234375,269.3500061035156,265.2864074707031,64576500
2022-10-18,276.5299987792969,277.2099914550781,268.739990234375,271.4800109863281,267.3842468261719,69781000
2022-10-19,269.92999267578125,273.67999267578125,268.07000732421875,270.489990234375,266.4091796875,53115400
2022-10-20,269.5799865722656,274.8399963378906,267.9200134277344,269.1099853515625,265.04998779296875,60605500
2022-10-21,267.9800109863281,275.9700012207031,266.82000732421875,275.4200134277344,271.26483154296875,77897700
2022-10-24,275.69000244140625,279.3999938964844,271.9700012207031,278.45001220703125,274.2490539550781,63963600
2022-10-25,279.4100036621094,284.6000061035156,277.8999938964844,284.2099914550781,279.9222106933594,59014500
2022-10-26,278.4599914550781,283.9800109863281,277.42999267578125,277.92999267578125,273.7369689941406,63492400
2022-10-27,276.7900085449219,278.2799987792969,272.3399963378906,272.8699951171875,268.7532958984375,57760300
2022-10-28,272.2300109863281,281.70001220703125,272.05999755859375,281.2200012207031,276.9773254394531,62651300
2022-10-31,278.9200134277344,279.760009765625,275.989990234375,277.95001220703125,273.75665283203125,47742000
2022-11-01,281.5,282.07000732421875,274.739990234375,275.1099853515625,270.95947265625,45895900
2022-11-02,275.0799865722656,278.2099914550781,265.6099853515625,265.67999267578125,261.67169189453125,79803100
2022-11-03,263.010009765625,264.5,260.1000061035156,260.489990234375,256.5599670410156,70038900
2022-11-04,265.5299987792969,266.6099853515625,259.0799865722656,264.67999267578125,260.6868591308594,78313200
2022-11-07,265.75,268.1400146484375,263.57000732421875,267.5899963378906,263.55291748046875,47333800
2022-11-08,269.1400146484375,272.8500061035156,265.5199890136719,269.5400085449219,265.4735412597656,63213800
2022-11-09,267.760009765625,268.55999755859375,263.0299987792969,263.32000732421875,259.3473205566406,64862100
2022-11-10,276.010009765625,283.04998779296875,273.8500061035156,282.75,278.48419189453125,99256700
2022-11-11,282.55999755859375,288.6400146484375,281.19000244140625,287.9599914550781,283.61553955078125,66961800
2022-11-14,285.8599853515625,289.2099914550781,284.44000244140625,285.44000244140625,281.1336669921875,55290700
2022-11-15,292.2099914550781,293.260009765625,285.9700012207031,289.3900146484375,285.0240478515625,73985400
2022-11-16,287.3900146484375,289.4800109863281,284.6000061035156,285.44000244140625,281.1336669921875,48859800
2022-11-17,280.8800048828125,286.32000732421875,280.7200012207031,284.80999755859375,280.5130920410156,55462100
2022-11-18,287.8900146484375,287.989990234375,282.32000732421875,284.82000732421875,280.52301025390625,53588600
2022-11-21,283.3999938964844,284.5799865722656,281.0400085449219,281.8900146484375,277.63720703125,40083500
2022-11-22,282.6400146484375,286.1099853515625,280.4599914550781,285.95001220703125,281.635986328125,41873400
2022-11-23,285.9700012207031,289.4599914550781,285.7900085449219,288.82000732421875,284.4626770019531,46390000
2022-11-25,287.19000244140625,287.9100036621094,286.4200134277344,286.9200134277344,282.59130859375,15498800
2022-11-28,284.8999938964844,286.9599914550781,281.760009765625,282.7099914550781,278.4447937011719,38714200
2022-11-29,282.94000244140625,283.3500061035156,279.1700134277344,280.57000732421875,276.3371276855469,35618900
2022-11-30,280.8399963378906,293.4700012207031,279.9700012207031,293.3599853515625,288.9341125488281,74718100
2022-12-01,293.69000244140625,295.75,290.8800048828125,293.7200012207031,289.28875732421875,51547300
2022-12-02,288.5400085449219,293.45001220703125,288.3599853515625,292.54998779296875,288.1363220214844,53583200
2022-12-05,290.3800048828125,291.67999267578125,286.1499938964844,287.6400146484375,283.3005065917969,41482100
2022-12-06,287.4800109863281,287.6199951171875,280.260009765625,281.67999267578125,277.4302978515625,53937600
2022-12-07,280.4700012207031,282.57000732421875,278.7799987792969,280.5299987792969,276.2977294921875,45614300
2022-12-08,281.9100036621094,284.8399963378906,279.7900085449219,283.8500061035156,279.567626953125,42594900
2022-12-09,282.80999755859375,285.6400146484375,281.5899963378906,282.0400085449219,277.78497314453125,47860500
2022-12-12,282.2200012207031,285.6400146484375,281.1600036621094,285.5799865722656,281.2715148925781,35732500
2022-12-13,296.6499938964844,296.8800048828125,285.9100036621094,288.6499938964844,284.2951965332031,80667700
2022-12-14,288.04998779296875,291.4100036621094,283.19000244140625,286.510009765625,282.1875305175781,64984400
2022-12-15,282.3299865722656,283.010009765625,275.6700134277344,276.8900146484375,272.712646484375,60554100
2022-12-16,276.20001220703125,277.7699890136719,272.6099853515625,274.25,270.11248779296875,68300400
2022-12-19,273.8699951171875,273.9599914550781,268.489990234375,269.75,266.3163757324219,44167900
2022-12-20,268.55999755859375,271.32000732421875,266.95001220703125,269.5400085449219,266.1091003417969,51064200
2022-12-21,270.6000061035156,274.7799987792969,269.739990234375,273.45001220703125,269.96929931640625,46394700
2022-12-22,270.3800048828125,270.510009765625,262.4599914550781,266.760009765625,263.364501953125,60278400
2022-12-23,265.4700012207031,268.0400085449219,263.5299987792969,267.3599853515625,263.9568176269531,39373600
2022-12-27,266.739990234375,266.8500061035156,263.0299987792969,263.5799865722656,260.2249755859375,38009000
2022-12-28,263.1700134277344,265.4700012207031,259.7300109863281,260.1000061035156,256.7892150878906,47139000
2022-12-29,262.9599914550781,267.3999938964844,262.25,266.44000244140625,263.04852294921875,45893600
2022-12-30,263.6199951171875,266.4100036621094,262.2900085449219,266.2799987792969,262.8905944824219,37858300
2023-01-03,268.6499938964844,270.1499938964844,262.1300048828125,264.4800109863281,261.1134338378906,42335300
2023-01-04,266.6400146484375,267.45001220703125,262.5299987792969,265.739990234375,262.3574523925781,47754900
2023-01-05,264.0400085449219,264.2099914550781,261.260009765625,261.5799865722656,258.2503662109375,45396700
2023-01-06,263.3500061035156,269.94000244140625,260.3399963378906,268.79998779296875,265.37847900390625,54659700
2023-01-09,270.8299865722656,275.2900085449219,269.9200134277344,270.5400085449219,267.0963439941406,45568700
2023-01-10,269.489990234375,272.94000244140625,268.9700012207031,272.8299865722656,269.357177734375,35247800
2023-01-11,273.9200134277344,277.6600036621094,273.1199951171875,277.54998779296875,274.01708984375,44077000
2023-01-12,278.1199951171875,280.1000061035156,273.739990234375,279.04998779296875,275.49798583984375,60600000
2023-01-13,276.5,281.2200012207031,276.1600036621094,280.9700012207031,277.3935852050781,44802900
2023-01-17,280.7699890136719,282.8500061035156,279.5799865722656,281.5400085449219,277.95635986328125,36269700
2023-01-18,283.1099853515625,284.69000244140625,277.6700134277344,277.8800048828125,274.3429260253906,47754500
2023-01-19,276.2200012207031,277.3800048828125,273.8900146484375,275.1499938964844,271.6476745605469,44150400
