Date,Opening Price,Highest Price,Lowest Price,Closing Price,Adjusted Closing Price,Trading Volume
2018-01-02,28.09000015258789,28.09000015258789,27.790000915527344,27.920000076293945,24.341049194335938,55436100
2018-01-03,27.969999313354492,28.09000015258789,27.8799991607666,28.06999969482422,24.471818923950195,56906200
2018-01-04,28.229999542236328,28.540000915527344,28.18000030517578,28.329999923706055,24.698495864868164,62247000
2018-01-05,28.479999542236328,28.479999542236328,28.229999542236328,28.40999984741211,24.768234252929688,37989500
2018-01-08,28.3799991607666,28.43000030517578,28.270000457763672,28.3700008392334,24.73336410522461,44252100
2018-01-09,28.489999771118164,28.739999771118164,28.440000534057617,28.59000015258789,24.92516326904297,51418700
2018-01-10,28.68000030517578,28.950000762939453,28.6299991607666,28.829999923706055,25.134397506713867,64670900
2018-01-11,28.950000762939453,29.0,28.809999465942383,28.969999313354492,25.256446838378906,42361700
2018-01-12,29.139999389648438,29.25,28.959999084472656,29.229999542236328,25.483121871948242,44537500
2018-01-16,29.479999542236328,29.530000686645508,28.989999771118164,29.149999618530273,25.41338348388672,67563800
2018-01-17,29.229999542236328,29.450000762939453,28.989999771118164,29.3700008392334,25.605178833007812,54312000
2018-01-18,29.469999313354492,29.479999542236328,29.290000915527344,29.329999923706055,25.570310592651367,49247400
2018-01-19,29.43000030517578,29.549999237060547,29.3700008392334,29.540000915527344,25.753389358520508,60727800
2018-01-22,29.549999237060547,29.790000915527344,29.510000228881836,29.780000686645508,25.962627410888672,46868900
2018-01-23,29.709999084472656,29.860000610351562,29.56999969482422,29.809999465942383,25.988779067993164,60862000
2018-01-24,29.950000762939453,30.079999923706055,29.770000457763672,30.010000228881836,26.16313934326172,66371000
2018-01-25,30.1299991607666,30.1299991607666,29.850000381469727,29.950000762939453,26.110836029052734,45423700
2018-01-26,30.040000915527344,30.18000030517578,29.899999618530273,30.170000076293945,26.30263328552246,33871900
2018-01-29,30.190000534057617,30.329999923706055,30.030000686645508,30.049999237060547,26.198007583618164,41037700
2018-01-30,29.829999923706055,30.020000457763672,29.65999984741211,29.65999984741211,25.858007431030273,67316900
2018-01-31,29.739999771118164,29.889999389648438,29.639999389648438,29.739999771118164,25.927751541137695,49504500
2018-02-01,29.68000030517578,30.049999237060547,29.670000076293945,30.020000457763672,26.171857833862305,60824200
2018-02-02,29.959999084472656,30.040000915527344,29.34000015258789,29.360000610351562,25.59646224975586,73086000
2018-02-05,28.729999542236328,29.209999084472656,27.600000381469727,27.8799991607666,24.306177139282227,147871500
2018-02-06,27.239999771118164,28.459999084472656,27.170000076293945,28.389999389648438,24.75079917907715,159006400
2018-02-07,28.34000015258789,28.809999465942383,28.219999313354492,28.40999984741211,24.768234252929688,102699400
2018-02-08,28.459999084472656,28.510000228881836,27.139999389648438,27.15999984741211,23.6784725189209,135270500
2018-02-09,27.56999969482422,27.889999389648438,26.760000228881836,27.68000030517578,24.13181495666504,149504900
2018-02-12,27.959999084472656,28.350000381469727,27.709999084472656,28.06999969482422,24.471818923950195,83571800
2018-02-13,27.90999984741211,28.25,27.829999923706055,28.190000534057617,24.57644271850586,43365500
2018-02-14,28.170000076293945,28.8700008392334,28.06999969482422,28.860000610351562,25.16055679321289,57379700
2018-02-15,29.100000381469727,29.139999389648438,28.700000762939453,29.020000457763672,25.300045013427734,66976000
2018-02-16,28.8799991607666,29.229999542236328,28.84000015258789,28.979999542236328,25.265169143676758,47508200
2018-02-20,28.920000076293945,29.209999084472656,28.799999237060547,28.889999389648438,25.18670654296875,58236100
2018-02-21,28.899999618530273,29.399999618530273,28.8700008392334,28.93000030517578,25.221580505371094,44578800
2018-02-22,29.0,29.15999984741211,28.6200008392334,28.690000534057617,25.012346267700195,47602700
2018-02-23,28.780000686645508,29.1200008392334,28.770000457763672,29.1200008392334,25.38722801208496,41187300
2018-02-26,29.329999923706055,29.559999465942383,29.139999389648438,29.559999465942383,25.77082633972168,55124200
2018-02-27,29.579999923706055,29.770000457763672,29.260000228881836,29.280000686645508,25.52672004699707,72752100
2018-02-28,29.43000030517578,29.540000915527344,28.8700008392334,28.8700008392334,25.169273376464844,65254700
2018-03-01,28.8799991607666,29.110000610351562,28.209999084472656,28.3700008392334,24.73336410522461,82467900
2018-03-02,28.170000076293945,28.520000457763672,27.889999389648438,28.440000534057617,24.79439353942871,78991200
2018-03-05,28.219999313354492,29.0,28.209999084472656,28.84000015258789,25.143115997314453,58952100
2018-03-06,29.0,29.020000457763672,28.65999984741211,28.959999084472656,25.24773597717285,49746100
2018-03-07,28.600000381469727,28.969999313354492,28.56999969482422,28.90999984741211,25.204145431518555,41530200
2018-03-08,28.979999542236328,29.040000915527344,28.690000534057617,29.0,25.28260612487793,50803000
2018-03-09,29.309999465942383,29.719999313354492,29.190000534057617,29.700000762939453,25.89288330078125,54595700
2018-03-12,29.700000762939453,29.809999465942383,29.549999237060547,29.600000381469727,25.805694580078125,51784500
2018-03-13,29.739999771118164,29.770000457763672,29.200000762939453,29.270000457763672,25.51799964904785,47049400
2018-03-14,29.399999618530273,29.399999618530273,28.850000381469727,28.940000534057617,25.230297088623047,57278900
2018-03-15,29.049999237060547,29.110000610351562,28.860000610351562,28.950000762939453,25.23902130126953,47451600
2018-03-16,28.90999984741211,29.149999618530273,28.8700008392334,28.8700008392334,25.260892868041992,61278200
2018-03-19,28.829999923706055,28.93000030517578,28.389999389648438,28.65999984741211,25.07714080810547,52145000
2018-03-20,28.770000457763672,28.850000381469727,28.65999984741211,28.729999542236328,25.13839340209961,37146500
2018-03-21,28.780000686645508,29.100000381469727,28.6200008392334,28.719999313354492,25.12964630126953,53291400
2018-03-22,28.34000015258789,28.450000762939453,27.559999465942383,27.65999984741211,24.202163696289062,85160300
2018-03-23,27.690000534057617,27.729999542236328,26.770000457763672,26.81999969482422,23.467166900634766,89289500
2018-03-26,27.360000610351562,27.770000457763672,27.100000381469727,27.690000534057617,24.228408813476562,84145000
2018-03-27,27.780000686645508,27.899999618530273,26.93000030517578,27.149999618530273,23.755910873413086,78827400
2018-03-28,27.219999313354492,27.469999313354492,26.850000381469727,27.200000762939453,23.799659729003906,84244500
2018-03-29,27.31999969482422,27.760000228881836,27.200000762939453,27.56999969482422,24.123403549194336,58290000
2018-04-02,27.56999969482422,27.600000381469727,26.549999237060547,26.959999084472656,23.589664459228516,74363900
2018-04-03,27.1299991607666,27.389999389648438,26.889999389648438,27.329999923706055,23.91341209411621,75160400
2018-04-04,26.84000015258789,27.700000762939453,26.81999969482422,27.6200008392334,24.167156219482422,70327000
2018-04-05,27.8700008392334,28.040000915527344,27.75,27.84000015258789,24.359655380249023,45378300
2018-04-06,27.520000457763672,27.700000762939453,26.920000076293945,27.170000076293945,23.773412704467773,88521000
2018-04-09,27.31999969482422,27.8700008392334,27.270000457763672,27.31999969482422,23.904661178588867,54633200
2018-04-10,27.760000228881836,27.889999389648438,27.549999237060547,27.729999542236328,24.26340675354004,67801500
2018-04-11,27.479999542236328,27.610000610351562,27.329999923706055,27.399999618530273,23.974660873413086,52480800
2018-04-12,27.610000610351562,28.059999465942383,27.59000015258789,27.8799991607666,24.3946533203125,63289100
2018-04-13,28.219999313354492,28.239999771118164,27.309999465942383,27.459999084472656,24.027156829833984,70103900
2018-04-16,27.6200008392334,27.780000686645508,27.5,27.579999923706055,24.132158279418945,44633600
2018-04-17,27.81999969482422,27.850000381469727,27.479999542236328,27.579999923706055,24.132158279418945,50750100
2018-04-18,27.649999618530273,27.760000228881836,27.389999389648438,27.450000762939453,24.018413543701172,66795500
2018-04-19,27.5,27.93000030517578,27.479999542236328,27.8700008392334,24.385906219482422,76142000
2018-04-20,27.920000076293945,28.040000915527344,27.760000228881836,27.8799991607666,24.3946533203125,49800400
2018-04-23,27.959999084472656,27.989999771118164,27.760000228881836,27.850000381469727,24.368406295776367,45689200
2018-04-24,28.0,28.170000076293945,27.479999542236328,27.670000076293945,24.210905075073242,69592900
2018-04-25,27.639999389648438,27.790000915527344,27.3700008392334,27.649999618530273,24.193403244018555,51819000
2018-04-26,27.6299991607666,27.809999465942383,27.520000457763672,27.65999984741211,24.202163696289062,33456200
2018-04-27,27.610000610351562,27.770000457763672,27.56999969482422,27.700000762939453,24.23715591430664,47185200
2018-04-30,27.770000457763672,27.920000076293945,27.440000534057617,27.450000762939453,24.018413543701172,41731400
2018-05-01,27.389999389648438,27.479999542236328,27.170000076293945,27.459999084472656,24.027156829833984,46372400
2018-05-02,27.360000610351562,27.469999313354492,27.110000610351562,27.149999618530273,23.755910873413086,45430300
2018-05-03,27.020000457763672,27.059999465942383,26.459999084472656,26.920000076293945,23.55466651916504,68947900
2018-05-04,26.760000228881836,27.420000076293945,26.670000076293945,27.270000457763672,23.86090850830078,40575600
2018-05-07,27.3700008392334,27.559999465942383,27.260000228881836,27.450000762939453,24.018413543701172,36873600
2018-05-08,27.469999313354492,27.829999923706055,27.459999084472656,27.639999389648438,24.184654235839844,47718500
2018-05-09,27.770000457763672,28.1200008392334,27.670000076293945,28.049999237060547,24.543405532836914,43817000
2018-05-10,28.0,28.34000015258789,27.959999084472656,28.280000686645508,24.744651794433594,41445500
2018-05-11,28.299999237060547,28.450000762939453,28.200000762939453,28.260000228881836,24.72715187072754,25894000
2018-05-14,28.34000015258789,28.389999389648438,28.190000534057617,28.239999771118164,24.709651947021484,31292900
2018-05-15,28.200000762939453,28.34000015258789,28.079999923706055,28.190000534057617,24.665897369384766,54655800
2018-05-16,28.15999984741211,28.31999969482422,28.100000381469727,28.239999771118164,24.709651947021484,31984900
2018-05-17,28.209999084472656,28.280000686645508,28.0,28.18000030517578,24.657150268554688,45070400
2018-05-18,28.18000030517578,28.190000534057617,27.940000534057617,27.950000762939453,24.45590591430664,33266100
2018-05-21,28.110000610351562,28.260000228881836,28.100000381469727,28.149999618530273,24.63089942932129,29647900
2018-05-22,28.170000076293945,28.5,28.170000076293945,28.34000015258789,24.797149658203125,52841400
2018-05-23,28.149999618530273,28.239999771118164,27.860000610351562,28.15999984741211,24.639646530151367,44968500
2018-05-24,28.06999969482422,28.09000015258789,27.65999984741211,27.940000534057617,24.447153091430664,43245200
2018-05-25,27.809999465942383,27.899999618530273,27.719999313354492,27.850000381469727,24.368406295776367,39312500
2018-05-29,27.459999084472656,27.5,26.719999313354492,26.920000076293945,23.55466651916504,126469700
2018-05-30,27.18000030517578,27.520000457763672,27.110000610351562,27.40999984741211,23.983407974243164,65843700
2018-05-31,27.350000381469727,27.389999389648438,27.100000381469727,27.18000030517578,23.78215980529785,66686900
2018-06-01,27.510000228881836,27.6299991607666,27.399999618530273,27.479999542236328,24.04465675354004,62934300
2018-06-04,27.610000610351562,27.670000076293945,27.520000457763672,27.56999969482422,24.123403549194336,44196900
2018-06-05,27.479999542236328,27.520000457763672,27.309999465942383,27.450000762939453,24.018413543701172,44996800
2018-06-06,27.610000610351562,27.969999313354492,27.579999923706055,27.950000762939453,24.45590591430664,61960000
2018-06-07,28.06999969482422,28.18000030517578,27.850000381469727,28.040000915527344,24.534652709960938,65166100
2018-06-08,28.010000228881836,28.110000610351562,27.860000610351562,28.079999923706055,24.56965446472168,47713400
2018-06-11,28.170000076293945,28.270000457763672,28.020000457763672,28.020000457763672,24.51715087890625,47319600
2018-06-12,28.100000381469727,28.170000076293945,27.809999465942383,27.950000762939453,24.45590591430664,55517200
2018-06-13,27.959999084472656,28.18000030517578,27.81999969482422,27.850000381469727,24.368406295776367,61095800
2018-06-14,27.899999618530273,27.950000762939453,27.510000228881836,27.59000015258789,24.14090919494629,70635500
2018-06-15,27.299999237060547,27.559999465942383,27.110000610351562,27.469999313354492,24.14002799987793,63387600
2018-06-18,27.229999542236328,27.459999084472656,27.139999389648438,27.420000076293945,24.09609031677246,49824600
2018-06-19,27.139999389648438,27.420000076293945,27.1299991607666,27.350000381469727,24.034582138061523,50214700
2018-06-20,27.600000381469727,27.600000381469727,27.25,27.280000686645508,23.97306251525879,42833600
2018-06-21,27.190000534057617,27.360000610351562,27.010000228881836,27.200000762939453,23.902755737304688,75190900
2018-06-22,27.389999389648438,27.420000076293945,27.049999237060547,27.06999969482422,23.788516998291016,61389400
2018-06-25,26.950000762939453,27.0,26.600000381469727,26.780000686645508,23.53367042541504,80746100
2018-06-26,26.799999237060547,26.829999923706055,26.520000457763672,26.690000534057617,23.45458221435547,56387800
2018-06-27,26.68000030517578,26.8799991607666,26.350000381469727,26.360000610351562,23.164587020874023,78099200
2018-06-28,26.360000610351562,26.700000762939453,26.309999465942383,26.59000015258789,23.366708755493164,78544800
2018-06-29,26.920000076293945,27.06999969482422,26.549999237060547,26.59000015258789,23.366708755493164,77149900
2018-07-02,26.3700008392334,26.729999542236328,26.350000381469727,26.719999313354492,23.48094367980957,66202800
2018-07-03,26.790000915527344,26.8700008392334,26.420000076293945,26.479999542236328,23.27004051208496,30717800
2018-07-05,26.6200008392334,26.68000030517578,26.450000762939453,26.540000915527344,23.322769165039062,40668500
2018-07-06,26.469999313354492,26.780000686645508,26.3700008392334,26.670000076293945,23.43701171875,41285000
2018-07-09,26.809999465942383,27.309999465942383,26.780000686645508,27.280000686645508,23.97306251525879,73447400
2018-07-10,27.299999237060547,27.389999389648438,27.100000381469727,27.18000030517578,23.885181427001953,51260600
2018-07-11,27.030000686645508,27.190000534057617,26.989999771118164,27.049999237060547,23.77094078063965,46023700
2018-07-12,27.219999313354492,27.239999771118164,26.940000534057617,27.100000381469727,23.814884185791016,64876800
2018-07-13,26.989999771118164,27.06999969482422,26.700000762939453,26.979999542236328,23.709428787231445,64146900
2018-07-16,27.059999465942383,27.479999542236328,27.040000915527344,27.459999084472656,24.13123893737793,55812000
2018-07-17,27.489999771118164,27.600000381469727,27.34000015258789,27.489999771118164,24.157604217529297,55502200
2018-07-18,27.600000381469727,27.979999542236328,27.559999465942383,27.93000030517578,24.54427146911621,59109200
2018-07-19,27.790000915527344,27.799999237060547,27.469999313354492,27.510000228881836,24.17518424987793,61765100
2018-07-20,27.459999084472656,27.639999389648438,27.360000610351562,27.559999465942383,24.219120025634766,51562300
2018-07-23,27.559999465942383,27.979999542236328,27.549999237060547,27.940000534057617,24.553054809570312,81516200
2018-07-24,28.049999237060547,28.190000534057617,27.950000762939453,28.020000457763672,24.623355865478516,63133700
2018-07-25,28.0,28.1299991607666,27.850000381469727,28.079999923706055,24.67608642578125,44197200
2018-07-26,28.149999618530273,28.260000228881836,28.040000915527344,28.06999969482422,24.667293548583984,40056800
2018-07-27,28.059999465942383,28.270000457763672,27.969999313354492,28.1299991607666,24.72002410888672,63149400
2018-07-30,28.149999618530273,28.360000610351562,28.110000610351562,28.149999618530273,24.73759651184082,56474100
2018-07-31,28.229999542236328,28.239999771118164,27.889999389648438,27.950000762939453,24.561845779418945,84500100
2018-08-01,28.1299991607666,28.270000457763672,27.8799991607666,27.950000762939453,24.561845779418945,64046900
2018-08-02,27.770000457763672,28.010000228881836,27.68000030517578,27.959999084472656,24.57063102722168,38330700
2018-08-03,27.920000076293945,28.1200008392334,27.920000076293945,28.1200008392334,24.711238861083984,34894300
2018-08-06,28.15999984741211,28.34000015258789,28.100000381469727,28.270000457763672,24.84305191040039,38230100
2018-08-07,28.350000381469727,28.559999465942383,28.329999923706055,28.399999618530273,24.957290649414062,44608600
2018-08-08,28.360000610351562,28.520000457763672,28.34000015258789,28.469999313354492,25.018808364868164,47522000
2018-08-09,28.399999618530273,28.469999313354492,28.299999237060547,28.299999237060547,24.869413375854492,29357800
2018-08-10,27.93000030517578,28.06999969482422,27.829999923706055,27.969999313354492,24.57942008972168,83301400
2018-08-13,27.969999313354492,28.040000915527344,27.690000534057617,27.700000762939453,24.342147827148438,74413500
2018-08-14,27.799999237060547,28.010000228881836,27.719999313354492,27.959999084472656,24.57063102722168,43659000
2018-08-15,27.729999542236328,27.8799991607666,27.610000610351562,27.739999771118164,24.37729835510254,55681100
2018-08-16,27.8700008392334,28.190000534057617,27.8700008392334,28.110000610351562,24.702451705932617,49534200
2018-08-17,28.030000686645508,28.209999084472656,28.030000686645508,28.170000076293945,24.755176544189453,43193100
2018-08-20,28.170000076293945,28.309999465942383,28.1299991607666,28.260000228881836,24.834266662597656,30053700
2018-08-21,28.280000686645508,28.510000228881836,28.219999313354492,28.3700008392334,24.930932998657227,47940000
2018-08-22,28.25,28.3799991607666,28.229999542236328,28.270000457763672,24.84305191040039,27323300
2018-08-23,28.260000228881836,28.290000915527344,28.100000381469727,28.139999389648438,24.72880744934082,31767800
2018-08-24,28.25,28.299999237060547,28.190000534057617,28.239999771118164,24.81669044494629,22064500
2018-08-27,28.350000381469727,28.719999313354492,28.34000015258789,28.6200008392334,25.150625228881836,52254500
2018-08-28,28.700000762939453,28.719999313354492,28.540000915527344,28.59000015258789,25.12425994873047,28896800
2018-08-29,28.59000015258789,28.65999984741211,28.440000534057617,28.579999923706055,25.1154727935791,34015300
2018-08-30,28.450000762939453,28.559999465942383,28.309999465942383,28.360000610351562,24.92214584350586,43264100
2018-08-31,28.260000228881836,28.350000381469727,28.170000076293945,28.329999923706055,24.895774841308594,34107800
2018-09-04,28.270000457763672,28.5,28.200000762939453,28.469999313354492,25.018808364868164,43145600
2018-09-05,28.450000762939453,28.639999389648438,28.43000030517578,28.489999771118164,25.036378860473633,32727700
2018-09-06,28.450000762939453,28.530000686645508,28.270000457763672,28.360000610351562,24.92214584350586,38328900
2018-09-07,28.420000076293945,28.440000534057617,28.209999084472656,28.329999923706055,24.895774841308594,43644300
2018-09-10,28.399999618530273,28.440000534057617,28.270000457763672,28.299999237060547,24.869413375854492,29927200
2018-09-11,28.219999313354492,28.40999984741211,28.1200008392334,28.329999923706055,24.895774841308594,32065200
2018-09-12,28.329999923706055,28.389999389648438,28.049999237060547,28.06999969482422,24.667293548583984,47963400
2018-09-13,28.139999389648438,28.280000686645508,27.969999313354492,28.030000686645508,24.63214683532715,44977100
2018-09-14,28.06999969482422,28.260000228881836,28.059999465942383,28.229999542236328,24.80790138244629,34151000
2018-09-17,28.229999542236328,28.309999465942383,28.079999923706055,28.110000610351562,24.702451705932617,26907900
2018-09-18,28.18000030517578,28.280000686645508,28.059999465942383,28.25,24.82547378540039,36405600
2018-09-19,28.229999542236328,28.81999969482422,28.229999542236328,28.729999542236328,25.247289657592773,75551800
2018-09-20,28.940000534057617,29.06999969482422,28.8700008392334,28.979999542236328,25.46698760986328,78555500
2018-09-21,28.950000762939453,29.0,28.700000762939453,28.739999771118164,25.368122100830078,64710000
2018-09-24,28.709999084472656,28.75,28.399999618530273,28.420000076293945,25.085670471191406,47985100
2018-09-25,28.530000686645508,28.549999237060547,28.299999237060547,28.309999465942383,24.988574981689453,32964400
2018-09-26,28.350000381469727,28.389999389648438,27.899999618530273,27.969999313354492,24.688465118408203,60288100
2018-09-27,28.0,28.100000381469727,27.84000015258789,27.8700008392334,24.600200653076172,57492200
2018-09-28,27.760000228881836,27.770000457763672,27.540000915527344,27.579999923706055,24.344219207763672,66454900
2018-10-01,27.739999771118164,27.889999389648438,27.600000381469727,27.690000534057617,24.441316604614258,49855000
2018-10-02,27.649999618530273,27.739999771118164,27.469999313354492,27.690000534057617,24.441316604614258,47629500
2018-10-03,27.8700008392334,28.06999969482422,27.790000915527344,27.950000762939453,24.670812606811523,79591400
2018-10-04,27.940000534057617,28.350000381469727,27.920000076293945,28.139999389648438,24.838518142700195,94700800
2018-10-05,28.209999084472656,28.309999465942383,27.93000030517578,28.0,24.714941024780273,58148700
2018-10-08,27.920000076293945,28.280000686645508,27.899999618530273,28.190000534057617,24.88265609741211,56594900
2018-10-09,28.059999465942383,28.200000762939453,27.8799991607666,28.079999923706055,24.785560607910156,47963500
2018-10-10,28.06999969482422,28.139999389648438,27.209999084472656,27.209999084472656,24.017627716064453,101604400
2018-10-11,27.049999237060547,27.219999313354492,26.31999969482422,26.399999618530273,23.302661895751953,178628200
2018-10-12,26.8799991607666,26.920000076293945,26.030000686645508,26.43000030517578,23.329137802124023,137933000
2018-10-15,26.440000534057617,26.6299991607666,26.309999465942383,26.309999465942383,23.22321891784668,82196400
2018-10-16,26.489999771118164,26.770000457763672,26.309999465942383,26.75,23.611591339111328,75137300
2018-10-17,26.690000534057617,27.190000534057617,26.559999465942383,27.020000457763672,23.84992218017578,79472100
2018-10-18,26.8700008392334,27.06999969482422,26.489999771118164,26.56999969482422,23.452713012695312,81706000
2018-10-19,26.549999237060547,26.8799991607666,26.420000076293945,26.670000076293945,23.540985107421875,73614300
2018-10-22,26.700000762939453,26.760000228881836,26.100000381469727,26.100000381469727,23.037860870361328,58645800
2018-10-23,25.56999969482422,26.040000915527344,25.420000076293945,25.889999389648438,22.852497100830078,93698200
2018-10-24,25.850000381469727,25.850000381469727,25.139999389648438,25.239999771118164,22.27876091003418,98050700
2018-10-25,25.360000610351562,25.84000015258789,25.329999923706055,25.6299991607666,22.623001098632812,72439400
2018-10-26,25.31999969482422,25.520000457763672,25.020000457763672,25.260000228881836,22.29640769958496,115308900
2018-10-29,25.56999969482422,25.93000030517578,25.209999084472656,25.479999542236328,22.4906005859375,97946100
2018-10-30,25.6200008392334,25.940000534057617,25.440000534057617,25.920000076293945,22.87897491455078,82719100
2018-10-31,26.170000076293945,26.610000610351562,26.1299991607666,26.280000686645508,23.196739196777344,93781100
2018-11-01,26.350000381469727,26.510000228881836,26.219999313354492,26.399999618530273,23.302661895751953,62346600
2018-11-02,26.65999984741211,26.809999465942383,26.18000030517578,26.3799991607666,23.28500747680664,73034200
2018-11-05,26.489999771118164,26.8799991607666,26.489999771118164,26.799999237060547,23.65572738647461,58705800
2018-11-06,26.780000686645508,26.940000534057617,26.649999618530273,26.940000534057617,23.779312133789062,51010900
2018-11-07,27.09000015258789,27.31999969482422,26.81999969482422,27.290000915527344,24.088245391845703,59990800
2018-11-08,27.1299991607666,27.520000457763672,27.040000915527344,27.3700008392334,24.15885353088379,46730100
2018-11-09,27.299999237060547,27.3799991607666,26.979999542236328,27.1200008392334,23.938186645507812,47051200
2018-11-12,27.059999465942383,27.18000030517578,26.530000686645508,26.579999923706055,23.461544036865234,47135500
2018-11-13,26.6200008392334,26.989999771118164,26.600000381469727,26.729999542236328,23.59394645690918,69820600
2018-11-14,26.940000534057617,26.979999542236328,26.079999923706055,26.3700008392334,23.27618408203125,104274200
2018-11-15,26.190000534057617,26.780000686645508,26.030000686645508,26.760000228881836,23.62042236328125,93998000
2018-11-16,26.6200008392334,26.90999984741211,26.469999313354492,26.790000915527344,23.64690589904785,80518300
2018-11-19,26.770000457763672,26.899999618530273,26.540000915527344,26.780000686645508,23.638076782226562,65491300
2018-11-20,26.469999313354492,26.579999923706055,26.110000610351562,26.190000534057617,23.117300033569336,103778300
2018-11-21,26.34000015258789,26.59000015258789,26.1299991607666,26.209999084472656,23.134952545166016,48618000
2018-11-23,26.06999969482422,26.219999313354492,25.93000030517578,26.0,22.949586868286133,24252300
2018-11-26,26.270000457763672,26.6299991607666,26.260000228881836,26.530000686645508,23.417407989501953,50168800
2018-11-27,26.479999542236328,26.6299991607666,26.420000076293945,26.549999237060547,23.43506622314453,47174300
2018-11-28,26.6299991607666,27.059999465942383,26.399999618530273,27.059999465942383,23.885225296020508,61375300
2018-11-29,26.860000610351562,27.010000228881836,26.719999313354492,26.829999923706055,23.682214736938477,43664100
2018-11-30,26.75,27.079999923706055,26.709999084472656,26.969999313354492,23.8057861328125,45435200
2018-12-03,27.360000610351562,27.469999313354492,26.950000762939453,27.139999389648438,23.955839157104492,65332700
2018-12-04,27.0,27.010000228881836,25.829999923706055,25.959999084472656,22.914283752441406,110918600
2018-12-06,25.3799991607666,25.610000610351562,24.93000030517578,25.600000381469727,22.596515655517578,134687100
2018-12-07,25.540000915527344,25.899999618530273,24.989999771118164,25.110000610351562,22.164012908935547,86740000
2018-12-10,25.010000228881836,25.079999923706055,24.299999237060547,24.760000228881836,21.855072021484375,101121800
2018-12-11,25.06999969482422,25.219999313354492,24.43000030517578,24.520000457763672,21.64322853088379,92308200
2018-12-12,24.860000610351562,25.020000457763672,24.540000915527344,24.65999984741211,21.766803741455078,86748900
2018-12-13,24.649999618530273,24.780000686645508,24.389999389648438,24.479999542236328,21.607921600341797,67232900
2018-12-14,24.239999771118164,24.579999923706055,24.190000534057617,24.239999771118164,21.39607810974121,66817000
2018-12-17,24.100000381469727,24.469999313354492,23.889999389648438,24.0,21.18423843383789,101180400
2018-12-18,24.139999389648438,24.399999618530273,23.760000228881836,23.90999984741211,21.104799270629883,90844000
2018-12-19,23.860000610351562,24.389999389648438,23.420000076293945,23.610000610351562,20.839990615844727,129331700
2018-12-20,23.3799991607666,23.75,23.270000457763672,23.399999618530273,20.654632568359375,107016900
2018-12-21,23.229999542236328,23.670000076293945,22.739999771118164,22.790000915527344,20.241628646850586,118502300
2018-12-24,22.489999771118164,22.75,22.280000686645508,22.309999465942383,19.81529998779297,71752700
2018-12-26,22.3700008392334,23.329999923706055,22.049999237060547,23.31999969482422,20.712364196777344,108133500
2018-12-27,22.93000030517578,23.600000381469727,22.709999084472656,23.600000381469727,20.96105194091797,98005000
2018-12-28,23.709999084472656,23.899999618530273,23.489999771118164,23.59000015258789,20.952173233032227,76348400
2018-12-31,23.719999313354492,23.920000076293945,23.520000457763672,23.81999969482422,21.156450271606445,56435400
2019-01-02,23.469999313354492,24.06999969482422,23.399999618530273,24.020000457763672,21.334089279174805,62945000
2019-01-03,23.84000015258789,23.899999618530273,23.420000076293945,23.479999542236328,20.85447120666504,65729700
2019-01-04,23.8799991607666,24.309999465942383,23.81999969482422,24.260000228881836,21.5472469329834,64638400
2019-01-07,24.209999084472656,24.510000228881836,24.059999465942383,24.290000915527344,21.573898315429688,48167000
2019-01-08,24.510000228881836,24.549999237060547,24.030000686645508,24.309999465942383,21.591657638549805,90114700
2019-01-09,24.3700008392334,24.520000457763672,24.200000762939453,24.43000030517578,21.698244094848633,61037100
2019-01-10,24.290000915527344,24.520000457763672,24.209999084472656,24.440000534057617,21.707124710083008,48630500
2019-01-11,24.31999969482422,24.549999237060547,24.18000030517578,24.5,21.76041603088379,44961600
2019-01-14,24.260000228881836,24.75,24.229999542236328,24.670000076293945,21.911409378051758,50610600
2019-01-15,24.56999969482422,24.93000030517578,24.5,24.889999389648438,22.106809616088867,59156500
2019-01-16,25.18000030517578,25.56999969482422,25.110000610351562,25.420000076293945,22.57754135131836,72982400
2019-01-17,25.31999969482422,25.649999618530273,25.170000076293945,25.559999465942383,22.701889038085938,55771300
2019-01-18,25.739999771118164,26.030000686645508,25.530000686645508,26.0,23.092683792114258,58400200
2019-01-22,25.780000686645508,25.90999984741211,25.56999969482422,25.700000762939453,22.82623291015625,79651700
2019-01-23,25.799999237060547,25.829999923706055,25.440000534057617,25.729999542236328,22.852876663208008,44072000
2019-01-24,25.639999389648438,25.860000610351562,25.559999465942383,25.790000915527344,22.906166076660156,25496900
2019-01-25,25.969999313354492,26.170000076293945,25.899999618530273,26.0,23.092683792114258,63140000
2019-01-28,25.75,25.950000762939453,25.709999084472656,25.920000076293945,23.021631240844727,66894900
2019-01-29,25.90999984741211,26.010000228881836,25.81999969482422,25.829999923706055,22.94169044494629,29442100
2019-01-30,25.90999984741211,26.139999389648438,25.729999542236328,25.979999542236328,23.074920654296875,62076800
2019-01-31,25.760000228881836,25.979999542236328,25.719999313354492,25.940000534057617,23.039396286010742,64021500
2019-02-01,25.979999542236328,26.170000076293945,25.950000762939453,26.049999237060547,23.137094497680664,42920300
2019-02-04,26.059999465942383,26.170000076293945,25.920000076293945,26.15999984741211,23.23479461669922,30362500
2019-02-05,26.209999084472656,26.229999542236328,25.989999771118164,26.09000015258789,23.172618865966797,39094900
2019-02-06,26.010000228881836,26.200000762939453,25.969999313354492,26.059999465942383,23.14597511291504,51542800
2019-02-07,25.979999542236328,26.049999237060547,25.59000015258789,25.799999237060547,22.915050506591797,80395700
2019-02-08,25.65999984741211,25.780000686645508,25.34000015258789,25.670000076293945,22.799583435058594,54911100
2019-02-11,25.75,25.799999237060547,25.6200008392334,25.75,22.87063980102539,53115700
2019-02-12,25.940000534057617,26.229999542236328,25.93000030517578,26.1299991607666,23.208147048950195,37671300
2019-02-13,26.25,26.43000030517578,26.190000534057617,26.200000762939453,23.270322799682617,42969600
2019-02-14,26.0,26.079999923706055,25.729999542236328,25.8799991607666,22.98610496520996,47630100
2019-02-15,26.09000015258789,26.43000030517578,25.8799991607666,26.43000030517578,23.47459602355957,46880800
2019-02-19,26.299999237060547,26.549999237060547,26.219999313354492,26.469999313354492,23.5101261138916,23868300
2019-02-20,26.459999084472656,26.649999618530273,26.399999618530273,26.639999389648438,23.661117553710938,27509100
2019-02-21,26.59000015258789,26.68000030517578,26.40999984741211,26.5,23.536775588989258,46619900
2019-02-22,26.5,26.579999923706055,26.360000610351562,26.459999084472656,23.501245498657227,26343700
2019-02-25,26.579999923706055,26.81999969482422,26.540000915527344,26.56999969482422,23.598949432373047,33835900
2019-02-26,26.3799991607666,26.690000534057617,26.360000610351562,26.489999771118164,23.527891159057617,35659700
2019-02-27,26.440000534057617,26.639999389648438,26.40999984741211,26.59000015258789,23.616714477539062,42542400
2019-02-28,26.600000381469727,26.649999618530273,26.510000228881836,26.520000457763672,23.55454444885254,39835900
2019-03-01,26.75,26.940000534057617,26.610000610351562,26.690000534057617,23.70553207397461,82657300
2019-03-04,26.760000228881836,26.940000534057617,26.299999237060547,26.520000457763672,23.55454444885254,76611900
2019-03-05,26.56999969482422,26.579999923706055,26.219999313354492,26.420000076293945,23.465721130371094,39868100
2019-03-06,26.420000076293945,26.510000228881836,26.229999542236328,26.25,23.31473159790039,43158900
2019-03-07,26.149999618530273,26.149999618530273,25.829999923706055,25.979999542236328,23.074920654296875,62622100
2019-03-08,25.690000534057617,25.989999771118164,25.68000030517578,25.969999313354492,23.066041946411133,55826400
2019-03-11,26.100000381469727,26.31999969482422,25.979999542236328,26.239999771118164,23.305849075317383,63343500
2019-03-12,26.280000686645508,26.389999389648438,26.239999771118164,26.299999237060547,23.359140396118164,32521100
2019-03-13,26.399999618530273,26.579999923706055,26.31999969482422,26.479999542236328,23.519010543823242,42817500
2019-03-14,26.440000534057617,26.68000030517578,26.43000030517578,26.579999923706055,23.607830047607422,37665700
2019-03-15,26.450000762939453,26.709999084472656,26.43000030517578,26.6299991607666,23.77298355102539,70020400
2019-03-18,26.68000030517578,26.979999542236328,26.68000030517578,26.899999618530273,24.014015197753906,43980700
2019-03-19,27.049999237060547,27.100000381469727,26.6200008392334,26.690000534057617,23.826547622680664,45029300
2019-03-20,26.6299991607666,26.639999389648438,26.110000610351562,26.139999389648438,23.335554122924805,65860300
2019-03-21,25.959999084472656,26.170000076293945,25.780000686645508,26.059999465942383,23.264135360717773,104914100
2019-03-22,25.75,25.889999389648438,25.229999542236328,25.34000015258789,22.621381759643555,121855900
2019-03-25,25.309999465942383,25.530000686645508,25.079999923706055,25.229999542236328,22.52318000793457,72835600
2019-03-26,25.43000030517578,25.59000015258789,25.280000686645508,25.530000686645508,22.791000366210938,51171500
2019-03-27,25.469999313354492,25.600000381469727,25.299999237060547,25.420000076293945,22.692798614501953,73148100
2019-03-28,25.469999313354492,25.649999618530273,25.350000381469727,25.639999389648438,22.88919448852539,52089300
2019-03-29,25.860000610351562,25.8799991607666,25.610000610351562,25.709999084472656,22.951684951782227,50234400
2019-04-01,25.920000076293945,26.360000610351562,25.90999984741211,26.34000015258789,23.514097213745117,62485300
2019-04-02,26.270000457763672,26.459999084472656,26.229999542236328,26.31999969482422,23.49624252319336,41002400
2019-04-03,26.5,26.6200008392334,26.290000915527344,26.399999618530273,23.56766128540039,52030900
2019-04-04,26.399999618530273,26.670000076293945,26.399999618530273,26.559999465942383,23.710493087768555,54378900
2019-04-05,26.610000610351562,26.700000762939453,26.520000457763672,26.600000381469727,23.74620246887207,37088800
2019-04-08,26.530000686645508,26.639999389648438,26.469999313354492,26.6299991607666,23.77298355102539,34998000
2019-04-09,26.510000228881836,26.510000228881836,26.290000915527344,26.40999984741211,23.576583862304688,65954800
2019-04-10,26.40999984741211,26.530000686645508,26.280000686645508,26.489999771118164,23.648000717163086,48232700
2019-04-11,26.59000015258789,26.75,26.510000228881836,26.649999618530273,23.790836334228516,62205000
2019-04-12,27.040000915527344,27.329999923706055,26.899999618530273,27.139999389648438,24.228269577026367,84627600
2019-04-15,27.149999618530273,27.15999984741211,26.90999984741211,26.969999313354492,24.07650375366211,40030400
2019-04-16,27.030000686645508,27.3799991607666,27.010000228881836,27.350000381469727,24.41573715209961,56093400
2019-04-17,27.450000762939453,27.459999084472656,27.200000762939453,27.420000076293945,24.478227615356445,58834000
2019-04-18,27.3700008392334,27.450000762939453,27.299999237060547,27.34000015258789,24.406810760498047,52495700
2019-04-22,27.260000228881836,27.34000015258789,27.170000076293945,27.260000228881836,24.33539390563965,39324100
2019-04-23,27.25,27.459999084472656,27.139999389648438,27.43000030517578,24.487152099609375,54250300
2019-04-24,27.34000015258789,27.520000457763672,27.280000686645508,27.399999618530273,24.460372924804688,39505200
2019-04-25,27.270000457763672,27.559999465942383,27.200000762939453,27.450000762939453,24.5050106048584,44532300
2019-04-26,27.450000762939453,27.719999313354492,27.40999984741211,27.700000762939453,24.72818946838379,41527900
2019-04-29,27.799999237060547,28.1299991607666,27.729999542236328,27.979999542236328,24.978145599365234,61643200
2019-04-30,28.020000457763672,28.059999465942383,27.780000686645508,28.020000457763672,25.01385498046875,38800300
2019-05-01,28.049999237060547,28.139999389648438,27.770000457763672,27.790000915527344,24.80853271484375,67969500
2019-05-02,27.770000457763672,27.950000762939453,27.6200008392334,27.81999969482422,24.835311889648438,50972900
2019-05-03,27.940000534057617,28.1200008392334,27.889999389648438,28.06999969482422,25.05849266052246,34598900
2019-05-06,27.579999923706055,27.979999542236328,27.530000686645508,27.8799991607666,24.888872146606445,42517000
2019-05-07,27.6200008392334,27.889999389648438,27.229999542236328,27.420000076293945,24.478227615356445,60090800
2019-05-08,27.309999465942383,27.59000015258789,27.239999771118164,27.360000610351562,24.424663543701172,44254200
2019-05-09,27.030000686645508,27.360000610351562,26.899999618530273,27.299999237060547,24.3710994720459,56468300
2019-05-10,27.149999618530273,27.530000686645508,26.90999984741211,27.479999542236328,24.53179168701172,63453600
2019-05-13,26.93000030517578,26.989999771118164,26.59000015258789,26.68000030517578,23.817617416381836,54962500
2019-05-14,26.739999771118164,27.1200008392334,26.709999084472656,26.889999389648438,24.005090713500977,52398400
2019-05-15,26.6200008392334,26.920000076293945,26.520000457763672,26.790000915527344,23.915821075439453,49061700
2019-05-16,26.8799991607666,27.209999084472656,26.860000610351562,27.059999465942383,24.15684700012207,44872600
2019-05-17,26.790000915527344,27.139999389648438,26.75,26.8799991607666,23.99616050720215,62711500
2019-05-20,26.780000686645508,27.030000686645508,26.780000686645508,26.90999984741211,24.02294158935547,44357300
2019-05-21,27.020000457763672,27.190000534057617,27.020000457763672,27.190000534057617,24.272905349731445,36851400
2019-05-22,27.049999237060547,27.110000610351562,26.950000762939453,27.030000686645508,24.130069732666016,25867600
2019-05-23,26.770000457763672,26.780000686645508,26.420000076293945,26.649999618530273,23.790836334228516,51832900
2019-05-24,26.75,26.8700008392334,26.670000076293945,26.860000610351562,23.978309631347656,30582000
2019-05-28,26.780000686645508,26.860000610351562,26.549999237060547,26.549999237060547,23.701568603515625,35177700
2019-05-29,26.34000015258789,26.549999237060547,26.219999313354492,26.5,23.656930923461914,39700600
2019-05-30,26.559999465942383,26.709999084472656,26.280000686645508,26.40999984741211,23.576583862304688,40641200
2019-05-31,26.06999969482422,26.200000762939453,25.989999771118164,26.010000228881836,23.219499588012695,49259200
2019-06-03,25.969999313354492,26.290000915527344,25.920000076293945,26.18000030517578,23.371257781982422,63329300
2019-06-04,26.5,26.920000076293945,26.43000030517578,26.889999389648438,24.005090713500977,45454400
2019-06-05,26.940000534057617,27.079999923706055,26.709999084472656,27.059999465942383,24.15684700012207,46599700
2019-06-06,27.06999969482422,27.270000457763672,26.920000076293945,27.15999984741211,24.246122360229492,37297600
2019-06-07,27.15999984741211,27.25,27.079999923706055,27.1200008392334,24.21041488647461,33054800
2019-06-10,27.280000686645508,27.549999237060547,27.280000686645508,27.350000381469727,24.41573715209961,37081400
2019-06-11,27.5,27.610000610351562,27.280000686645508,27.360000610351562,24.424663543701172,34273400
2019-06-12,27.329999923706055,27.3799991607666,27.030000686645508,27.09000015258789,24.18363380432129,36866000
2019-06-13,27.139999389648438,27.270000457763672,27.06999969482422,27.18000030517578,24.263973236083984,31020000
2019-06-14,27.209999084472656,27.329999923706055,27.0,27.239999771118164,24.317537307739258,29724100
2019-06-17,27.229999542236328,27.309999465942383,26.959999084472656,26.989999771118164,24.094356536865234,40981600
2019-06-18,26.93000030517578,27.459999084472656,26.93000030517578,27.350000381469727,24.41573715209961,46237400
2019-06-19,27.399999618530273,27.59000015258789,27.270000457763672,27.299999237060547,24.3710994720459,58118500
2019-06-20,27.450000762939453,27.530000686645508,27.1200008392334,27.420000076293945,24.478227615356445,50583800
2019-06-21,27.299999237060547,27.479999542236328,27.18000030517578,27.219999313354492,24.423494338989258,65322300
2019-06-24,27.170000076293945,27.360000610351562,27.079999923706055,27.110000610351562,24.32479476928711,48377800
2019-06-25,27.110000610351562,27.149999618530273,26.889999389648438,27.020000457763672,24.244041442871094,47748500
2019-06-26,27.079999923706055,27.209999084472656,26.959999084472656,26.969999313354492,24.199182510375977,31448000
2019-06-27,27.06999969482422,27.290000915527344,27.06999969482422,27.209999084472656,24.414522171020508,59459800
2019-06-28,27.530000686645508,27.700000762939453,27.239999771118164,27.600000381469727,24.764455795288086,76728100
2019-07-01,27.920000076293945,28.049999237060547,27.780000686645508,27.93000030517578,25.0605525970459,48971100
2019-07-02,27.889999389648438,27.979999542236328,27.709999084472656,27.860000610351562,24.99774169921875,56626800
2019-07-03,27.950000762939453,28.09000015258789,27.8700008392334,28.079999923706055,25.19514274597168,23706800
2019-07-05,28.170000076293945,28.270000457763672,28.030000686645508,28.15999984741211,25.266916275024414,40683100
2019-07-08,28.010000228881836,28.1299991607666,27.940000534057617,28.020000457763672,25.141307830810547,26286700
2019-07-09,27.829999923706055,28.1200008392334,27.809999465942383,28.06999969482422,25.18616485595703,25895800
2019-07-10,28.079999923706055,28.229999542236328,27.93000030517578,27.969999313354492,25.096437454223633,36566700
2019-07-11,28.010000228881836,28.170000076293945,27.959999084472656,28.1299991607666,25.24000358581543,40907500
2019-07-12,28.170000076293945,28.31999969482422,28.100000381469727,28.31999969482422,25.41048240661621,31109900
2019-07-15,28.329999923706055,28.350000381469727,28.079999923706055,28.15999984741211,25.266916275024414,28346100
2019-07-16,28.209999084472656,28.260000228881836,28.030000686645508,28.09000015258789,25.20410919189453,47287700
2019-07-17,27.989999771118164,28.079999923706055,27.809999465942383,27.850000381469727,24.988771438598633,35062600
2019-07-18,27.809999465942383,28.110000610351562,27.780000686645508,28.059999465942383,25.17719268798828,46369800
2019-07-19,28.1299991607666,28.18000030517578,27.920000076293945,27.940000534057617,25.06952476501465,29338500
2019-07-22,27.8799991607666,28.049999237060547,27.829999923706055,28.0,25.12335777282715,26683300
2019-07-23,28.06999969482422,28.329999923706055,28.059999465942383,28.290000915527344,25.383567810058594,45307600
2019-07-24,28.229999542236328,28.579999923706055,28.209999084472656,28.579999923706055,25.64377212524414,36374200
2019-07-25,28.56999969482422,28.610000610351562,28.31999969482422,28.3799991607666,25.464317321777344,34180400
2019-07-26,28.440000534057617,28.709999084472656,28.3799991607666,28.690000534057617,25.742467880249023,33642800
2019-07-29,28.639999389648438,28.719999313354492,28.440000534057617,28.469999313354492,25.545072555541992,35955100
2019-07-30,28.25,28.420000076293945,28.190000534057617,28.389999389648438,25.473291397094727,30726100
2019-07-31,28.389999389648438,28.530000686645508,28.200000762939453,28.25,25.347671508789062,64485400
2019-08-01,28.229999542236328,28.420000076293945,27.56999969482422,27.610000610351562,24.7734317779541,107976300
2019-08-02,27.559999465942383,27.739999771118164,27.229999542236328,27.600000381469727,24.764455795288086,66036400
2019-08-05,26.989999771118164,27.1200008392334,26.479999542236328,26.68000030517578,23.93897247314453,85527900
2019-08-06,26.850000381469727,27.1299991607666,26.59000015258789,27.110000610351562,24.32479476928711,53445000
2019-08-07,26.600000381469727,26.8700008392334,26.239999771118164,26.75,24.00178337097168,82354600
2019-08-08,27.010000228881836,27.270000457763672,26.8799991607666,27.260000228881836,24.45938491821289,66653200
2019-08-09,27.110000610351562,27.309999465942383,26.899999618530273,27.170000076293945,24.378633499145508,53782700
2019-08-12,26.850000381469727,26.950000762939453,26.56999969482422,26.649999618530273,23.91205406188965,56837600
2019-08-13,26.600000381469727,27.170000076293945,26.5,26.979999542236328,24.208148956298828,72255900
2019-08-14,26.3799991607666,26.520000457763672,25.959999084472656,25.979999542236328,23.310890197753906,92067300
2019-08-15,26.110000610351562,26.280000686645508,25.920000076293945,26.110000610351562,23.427536010742188,59504500
2019-08-16,26.239999771118164,26.639999389648438,26.239999771118164,26.56999969482422,23.840269088745117,48451800
2019-08-19,26.979999542236328,27.030000686645508,26.790000915527344,26.84000015258789,24.082534790039062,38297700
2019-08-20,26.690000534057617,26.739999771118164,26.450000762939453,26.479999542236328,23.759519577026367,40579300
2019-08-21,26.649999618530273,26.690000534057617,26.530000686645508,26.600000381469727,23.86719512939453,44913500
2019-08-22,26.739999771118164,26.850000381469727,26.56999969482422,26.780000686645508,24.028697967529297,43896700
2019-08-23,26.59000015258789,26.790000915527344,25.920000076293945,26.100000381469727,23.418561935424805,86245300
2019-08-26,26.270000457763672,26.3700008392334,26.110000610351562,26.350000381469727,23.64287567138672,34175500
2019-08-27,26.450000762939453,26.530000686645508,26.030000686645508,26.190000534057617,23.49931526184082,54240800
2019-08-28,26.049999237060547,26.469999313354492,26.030000686645508,26.43000030517578,23.71465301513672,51870400
2019-08-29,26.670000076293945,26.920000076293945,26.6200008392334,26.829999923706055,24.07356071472168,49818300
2019-08-30,26.979999542236328,27.059999465942383,26.81999969482422,26.920000076293945,24.15431785583496,40561000
2019-09-03,26.700000762939453,26.729999542236328,26.40999984741211,26.639999389648438,23.903079986572266,59997200
2019-09-04,26.84000015258789,26.950000762939453,26.780000686645508,26.899999618530273,24.136375427246094,43945700
2019-09-05,27.280000686645508,27.68000030517578,27.270000457763672,27.450000762939453,24.629867553710938,68639200
2019-09-06,27.479999542236328,27.559999465942383,27.34000015258789,27.440000534057617,24.620891571044922,35660800
2019-09-09,27.6299991607666,27.969999313354492,27.56999969482422,27.860000610351562,24.99774169921875,67797700
2019-09-10,27.950000762939453,28.079999923706055,27.700000762939453,27.959999084472656,25.087467193603516,77540100
2019-09-11,27.979999542236328,28.149999618530273,27.729999542236328,28.1200008392334,25.23103141784668,53285900
2019-09-12,28.040000915527344,28.3799991607666,27.950000762939453,28.270000457763672,25.36562156677246,72872200
2019-09-13,28.489999771118164,28.600000381469727,28.360000610351562,28.489999771118164,25.563018798828125,56248700
2019-09-16,28.25,28.43000030517578,28.209999084472656,28.389999389648438,25.473291397094727,36693600
2019-09-17,28.290000915527344,28.420000076293945,28.190000534057617,28.420000076293945,25.500207901000977,40868800
2019-09-18,28.309999465942383,28.59000015258789,28.229999542236328,28.520000457763672,25.589933395385742,57268900
2019-09-19,28.5,28.670000076293945,28.3799991607666,28.389999389648438,25.473291397094727,42335000
2019-09-20,28.290000915527344,28.399999618530273,28.059999465942383,28.079999923706055,25.323589324951172,82921100
2019-09-23,27.940000534057617,28.209999084472656,27.889999389648438,28.1299991607666,25.36867904663086,35827300
2019-09-24,28.209999084472656,28.270000457763672,27.780000686645508,27.860000610351562,25.125181198120117,61659700
2019-09-25,27.920000076293945,28.139999389648438,27.809999465942383,28.09000015258789,25.332603454589844,53544400
2019-09-26,28.049999237060547,28.079999923706055,27.920000076293945,27.959999084472656,25.215364456176758,53107500
2019-09-27,28.190000534057617,28.290000915527344,27.920000076293945,28.06999969482422,25.314565658569336,73386900
2019-09-30,28.139999389648438,28.170000076293945,27.979999542236328,28.0,25.251440048217773,30608000
2019-10-01,28.1299991607666,28.149999618530273,27.40999984741211,27.40999984741211,24.71935272216797,54786200
2019-10-02,27.239999771118164,27.25,26.790000915527344,26.850000381469727,24.214326858520508,78141700
2019-10-03,26.809999465942383,26.959999084472656,26.450000762939453,26.959999084472656,24.31352996826172,81128700
2019-10-04,26.989999771118164,27.479999542236328,26.969999313354492,27.459999084472656,24.764446258544922,40697200
2019-10-07,27.350000381469727,27.56999969482422,27.290000915527344,27.31999969482422,24.638187408447266,36922900
2019-10-08,27.049999237060547,27.059999465942383,26.760000228881836,26.780000686645508,24.15119743347168,60008900
2019-10-09,26.950000762939453,27.15999984741211,26.93000030517578,27.030000686645508,24.37666130065918,45131000
2019-10-10,27.100000381469727,27.510000228881836,27.100000381469727,27.309999465942383,24.62917137145996,54305400
2019-10-11,27.739999771118164,27.989999771118164,27.639999389648438,27.649999618530273,24.935792922973633,78702500
2019-10-14,27.559999465942383,27.75,27.530000686645508,27.690000534057617,24.971866607666016,35821000
2019-10-15,27.850000381469727,28.260000228881836,27.739999771118164,28.09000015258789,25.332603454589844,65130200
2019-10-16,28.09000015258789,28.15999984741211,27.950000762939453,28.020000457763672,25.269479751586914,44595200
2019-10-17,28.170000076293945,28.25,27.969999313354492,28.040000915527344,25.28751564025879,32013600
2019-10-18,27.959999084472656,28.219999313354492,27.959999084472656,28.110000610351562,25.350645065307617,40523700
2019-10-21,28.350000381469727,28.540000915527344,28.34000015258789,28.5,25.702360153198242,44145400
2019-10-22,28.450000762939453,28.610000610351562,28.329999923706055,28.420000076293945,25.630210876464844,50423000
2019-10-23,28.360000610351562,28.540000915527344,28.350000381469727,28.540000915527344,25.738433837890625,30615400
2019-10-24,28.56999969482422,28.6200008392334,28.389999389648438,28.5,25.702360153198242,33469600
2019-10-25,28.469999313354492,28.729999542236328,28.229999542236328,28.639999389648438,25.82862091064453,28330200
2019-10-28,28.75,28.920000076293945,28.739999771118164,28.790000915527344,25.963895797729492,50104600
2019-10-29,28.729999542236328,29.0,28.700000762939453,28.860000610351562,26.027023315429688,48458100
2019-10-30,28.860000610351562,28.920000076293945,28.639999389648438,28.84000015258789,26.008983612060547,51106700
2019-10-31,28.739999771118164,28.75,28.469999313354492,28.700000762939453,25.88272476196289,56795500
2019-11-01,28.920000076293945,29.149999618530273,28.860000610351562,29.1200008392334,26.26150131225586,42302300
2019-11-04,29.3700008392334,29.420000076293945,29.290000915527344,29.3700008392334,26.486957550048828,37319100
2019-11-05,29.459999084472656,29.6200008392334,29.40999984741211,29.479999542236328,26.586156845092773,39516100
2019-11-06,29.459999084472656,29.6299991607666,29.420000076293945,29.6299991607666,26.721435546875,40179900
2019-11-07,29.809999465942383,30.030000686645508,29.739999771118164,29.850000381469727,26.919841766357422,61738600
2019-11-08,29.81999969482422,29.850000381469727,29.639999389648438,29.84000015258789,26.91082000732422,53808800
2019-11-11,29.65999984741211,29.81999969482422,29.6200008392334,29.760000228881836,26.83867645263672,19702400
2019-11-12,29.770000457763672,29.889999389648438,29.690000534057617,29.799999237060547,26.874744415283203,44640600
2019-11-13,29.56999969482422,29.709999084472656,29.450000762939453,29.610000610351562,26.703397750854492,43495400
2019-11-14,29.530000686645508,29.670000076293945,29.469999313354492,29.670000076293945,26.75750732421875,46158400
2019-11-15,29.770000457763672,29.799999237060547,29.65999984741211,29.75,26.829654693603516,30097000
2019-11-18,29.75,29.81999969482422,29.65999984741211,29.809999465942383,26.883758544921875,25440500
2019-11-19,29.8799991607666,29.969999313354492,29.790000915527344,29.8700008392334,26.937875747680664,30770900
2019-11-20,29.75,29.809999465942383,29.520000457763672,29.729999542236328,26.811622619628906,46719500
2019-11-21,29.790000915527344,29.84000015258789,29.600000381469727,29.700000762939453,26.784568786621094,37192700
2019-11-22,29.739999771118164,29.950000762939453,29.739999771118164,29.920000076293945,26.98297119140625,35195000
2019-11-25,29.959999084472656,30.149999618530273,29.950000762939453,30.110000610351562,27.154315948486328,50094100
2019-11-26,30.110000610351562,30.110000610351562,29.93000030517578,30.079999923706055,27.12726593017578,33516200
2019-11-27,30.15999984741211,30.209999084472656,30.059999465942383,30.200000762939453,27.23548698425293,31012300
2019-11-29,30.139999389648438,30.239999771118164,30.09000015258789,30.149999618530273,27.19039535522461,19444200
2019-12-02,30.200000762939453,30.260000228881836,29.93000030517578,29.959999084472656,27.019041061401367,52427800
2019-12-03,29.610000610351562,29.6200008392334,29.350000381469727,29.540000915527344,26.640268325805664,66912000
2019-12-04,29.56999969482422,29.899999618530273,29.549999237060547,29.81999969482422,26.89278793334961,41793900
2019-12-05,29.940000534057617,30.010000228881836,29.829999923706055,29.959999084472656,27.019041061401367,44933500
2019-12-06,30.290000915527344,30.459999084472656,30.280000686645508,30.360000610351562,27.379779815673828,40811300
2019-12-09,30.299999237060547,30.420000076293945,30.280000686645508,30.290000915527344,27.316650390625,21627500
2019-12-10,30.209999084472656,30.360000610351562,30.1299991607666,30.299999237060547,27.325666427612305,37362100
2019-12-11,30.290000915527344,30.34000015258789,30.200000762939453,30.229999542236328,27.26253890991211,24490200
2019-12-12,30.270000457763672,30.90999984741211,30.25,30.81999969482422,27.79462242126465,68427500
2019-12-13,30.790000915527344,30.969999313354492,30.530000686645508,30.709999084472656,27.695423126220703,48135700
2019-12-16,30.959999084472656,31.020000457763672,30.790000915527344,30.81999969482422,27.79462242126465,45914900
2019-12-17,30.84000015258789,31.040000915527344,30.829999923706055,30.940000534057617,27.902843475341797,30911900
2019-12-18,31.040000915527344,31.040000915527344,30.809999465942383,30.809999465942383,27.78560447692871,39079700
2019-12-19,30.81999969482422,30.889999389648438,30.770000457763672,30.799999237060547,27.77658462524414,36946900
2019-12-20,30.799999237060547,30.8799991607666,30.639999389648438,30.68000030517578,27.809219360351562,97416000
2019-12-23,30.760000228881836,30.770000457763672,30.56999969482422,30.610000610351562,27.745771408081055,38293100
2019-12-24,30.670000076293945,30.690000534057617,30.600000381469727,30.68000030517578,27.809219360351562,12315900
2019-12-26,30.709999084472656,30.850000381469727,30.709999084472656,30.850000381469727,27.963306427001953,15891300
2019-12-27,30.899999618530273,30.90999984741211,30.75,30.770000457763672,27.890792846679688,19417400
2019-12-30,30.90999984741211,30.959999084472656,30.649999618530273,30.68000030517578,27.809219360351562,18819300
2019-12-31,30.65999984741211,30.790000915527344,30.6200008392334,30.780000686645508,27.89986228942871,15788100
2020-01-02,30.889999389648438,31.079999923706055,30.799999237060547,31.079999923706055,28.171789169311523,28843300
2020-01-03,30.68000030517578,30.8799991607666,30.59000015258789,30.75,27.872671127319336,51363600
2020-01-06,30.469999313354492,30.75,30.459999084472656,30.729999542236328,27.85453987121582,27956100
2020-01-07,30.65999984741211,30.709999084472656,30.530000686645508,30.530000686645508,27.673254013061523,39627500
2020-01-08,30.559999465942383,30.899999618530273,30.559999465942383,30.729999542236328,27.85453987121582,47966600
2020-01-09,30.950000762939453,30.979999542236328,30.829999923706055,30.920000076293945,28.02676010131836,27705300
2020-01-10,30.940000534057617,30.950000762939453,30.649999618530273,30.690000534057617,27.818283081054688,33458200
2020-01-13,30.760000228881836,30.93000030517578,30.68000030517578,30.899999618530273,28.008630752563477,27542700
2020-01-14,30.899999618530273,31.079999923706055,30.799999237060547,30.84000015258789,27.954246520996094,37575400
2020-01-15,30.690000534057617,30.790000915527344,30.56999969482422,30.670000076293945,27.800153732299805,41457300
2020-01-16,30.81999969482422,30.940000534057617,30.75,30.940000534057617,28.044889450073242,34444000
2020-01-17,31.030000686645508,31.100000381469727,30.90999984741211,31.030000686645508,28.126468658447266,38819400
2020-01-21,30.8799991607666,31.020000457763672,30.770000457763672,30.770000457763672,27.890792846679688,41276500
2020-01-22,30.8700008392334,30.940000534057617,30.81999969482422,30.860000610351562,27.972375869750977,27391000
2020-01-23,30.700000762939453,30.850000381469727,30.489999771118164,30.780000686645508,27.89986228942871,43072300
2020-01-24,30.790000915527344,30.790000915527344,30.200000762939453,30.389999389648438,27.546354293823242,58924900
2020-01-27,29.790000915527344,30.059999465942383,29.75,29.920000076293945,27.120330810546875,50289300
2020-01-28,30.079999923706055,30.399999618530273,30.030000686645508,30.270000457763672,27.437585830688477,34257900
2020-01-29,30.3700008392334,30.479999542236328,30.170000076293945,30.219999313354492,27.39225959777832,41167500
2020-01-30,29.950000762939453,30.6200008392334,29.93000030517578,30.600000381469727,27.736703872680664,51210000
2020-01-31,30.34000015258789,30.3799991607666,29.850000381469727,29.959999084472656,27.156591415405273,58958800
2020-02-03,30.170000076293945,30.469999313354492,30.149999618530273,30.170000076293945,27.346940994262695,40168200
2020-02-04,30.579999923706055,30.75,30.450000762939453,30.459999084472656,27.60980224609375,79273300
2020-02-05,30.8700008392334,31.100000381469727,30.799999237060547,31.06999969482422,28.1627254486084,51086900
2020-02-06,31.239999771118164,31.270000457763672,30.969999313354492,31.030000686645508,28.126468658447266,37044400
2020-02-07,30.860000610351562,31.010000228881836,30.790000915527344,30.920000076293945,28.02676010131836,27982500
2020-02-10,30.81999969482422,31.010000228881836,30.809999465942383,31.010000228881836,28.108339309692383,17723700
2020-02-11,31.09000015258789,31.260000228881836,31.09000015258789,31.1200008392334,28.208049774169922,27997400
2020-02-12,31.280000686645508,31.3799991607666,31.100000381469727,31.139999389648438,28.226171493530273,26964200
2020-02-13,31.040000915527344,31.200000762939453,30.950000762939453,31.1299991607666,28.21710968017578,22758700
2020-02-14,31.100000381469727,31.190000534057617,31.020000457763672,31.170000076293945,28.25336456298828,22080200
2020-02-18,31.079999923706055,31.15999984741211,30.719999313354492,30.899999618530273,28.008630752563477,37768900
2020-02-19,31.010000228881836,31.209999084472656,30.969999313354492,31.1299991607666,28.21710968017578,25643300
2020-02-20,31.020000457763672,31.280000686645508,30.860000610351562,31.06999969482422,28.1627254486084,50344300
2020-02-21,30.920000076293945,30.989999771118164,30.600000381469727,30.770000457763672,27.890792846679688,51128200
2020-02-24,29.799999237060547,30.059999465942383,29.6299991607666,29.770000457763672,26.98436737060547,70455400
2020-02-25,29.780000686645508,29.84000015258789,28.6200008392334,28.760000228881836,26.068876266479492,111826900
2020-02-26,28.950000762939453,29.219999313354492,28.549999237060547,28.549999237060547,25.878524780273438,95015700
2020-02-27,27.940000534057617,28.389999389648438,27.309999465942383,27.329999923706055,24.77268409729004,143536200
2020-02-28,26.399999618530273,26.850000381469727,25.969999313354492,26.59000015258789,24.101926803588867,192063500
2020-03-02,26.639999389648438,27.950000762939453,26.360000610351562,27.950000762939453,25.334671020507812,127115500
2020-03-03,27.860000610351562,28.25,26.6299991607666,26.899999618530273,24.382923126220703,256525000
2020-03-04,27.260000228881836,27.799999237060547,26.799999237060547,27.790000915527344,25.189640045166016,124408000
2020-03-05,26.8700008392334,26.940000534057617,26.149999618530273,26.450000762939453,23.975027084350586,130265700
2020-03-06,25.25,25.84000015258789,25.030000686645508,25.549999237060547,23.159236907958984,160606600
2020-03-09,23.0,23.8799991607666,22.520000457763672,22.809999465942383,20.675630569458008,134165700
2020-03-10,23.8700008392334,24.170000076293945,22.84000015258789,24.149999618530273,21.890239715576172,149282300
2020-03-11,23.40999984741211,23.649999618530273,22.520000457763672,22.84000015258789,20.70281982421875,146915400
2020-03-12,20.940000534057617,22.209999084472656,20.299999237060547,20.3700008392334,18.463943481445312,161437500
2020-03-13,21.899999618530273,23.09000015258789,20.899999618530273,23.049999237060547,20.893169403076172,160945700
2020-03-16,19.350000381469727,21.34000015258789,18.93000030517578,19.889999389648438,18.02885627746582,110661600
2020-03-17,20.350000381469727,21.190000534057617,19.540000915527344,20.969999313354492,19.007801055908203,122295100
2020-03-18,19.649999618530273,20.049999237060547,18.280000686645508,19.190000534057617,17.39435577392578,145056400
2020-03-19,18.790000915527344,19.889999389648438,18.110000610351562,19.610000610351562,17.775056838989258,105652800
2020-03-20,19.81999969482422,19.920000076293945,18.670000076293945,18.90999984741211,17.14055633544922,157840900
2020-03-23,18.440000534057617,18.600000381469727,17.489999771118164,17.65999984741211,16.143260955810547,144547900
2020-03-24,18.709999084472656,19.959999084472656,18.579999923706055,19.850000381469727,18.145166397094727,158551100
2020-03-25,20.139999389648438,21.229999542236328,19.389999389648438,20.389999389648438,18.638792037963867,162949600
2020-03-26,20.65999984741211,21.81999969482422,20.6299991607666,21.670000076293945,19.808855056762695,129753900
2020-03-27,20.790000915527344,21.670000076293945,20.549999237060547,21.010000228881836,19.205537796020508,109305600
2020-03-30,21.040000915527344,21.530000686645508,20.600000381469727,21.40999984741211,19.571186065673828,67297200
2020-03-31,21.209999084472656,21.450000762939453,20.639999389648438,20.81999969482422,19.031864166259766,83819900
2020-04-01,19.719999313354492,19.940000534057617,19.3700008392334,19.549999237060547,17.87093734741211,79185000
2020-04-02,19.43000030517578,20.200000762939453,19.360000610351562,20.040000915527344,18.318849563598633,68398300
2020-04-03,19.850000381469727,20.139999389648438,19.360000610351562,19.639999389648438,17.953201293945312,68418100
2020-04-06,20.6200008392334,21.219999313354492,20.469999313354492,21.049999237060547,19.24210548400879,69015100
2020-04-07,22.200000762939453,22.219999313354492,21.25,21.260000228881836,19.43406867980957,70950900
2020-04-08,21.579999923706055,22.329999923706055,21.34000015258789,22.190000534057617,20.284198760986328,80003400
2020-04-09,22.770000457763672,23.65999984741211,22.729999542236328,23.3799991607666,21.37199592590332,147845500
2020-04-13,23.309999465942383,23.329999923706055,22.329999923706055,22.530000686645508,20.594993591308594,66236300
2020-04-14,23.06999969482422,23.139999389648438,22.209999084472656,22.6299991607666,20.686403274536133,96169000
2020-04-15,21.729999542236328,21.860000610351562,21.540000915527344,21.649999618530273,19.790573120117188,63482000
2020-04-16,21.600000381469727,21.639999389648438,21.059999465942383,21.270000457763672,19.443208694458008,68907600
2020-04-17,22.100000381469727,22.520000457763672,21.920000076293945,22.389999389648438,20.46702003479004,88698600
2020-04-20,21.950000762939453,22.360000610351562,21.75,22.0,20.11051368713379,59063100
2020-04-21,21.329999923706055,21.709999084472656,21.209999084472656,21.290000915527344,19.46150016784668,71957900
2020-04-22,21.729999542236328,21.790000915527344,21.469999313354492,21.520000457763672,19.67173957824707,47507800
2020-04-23,21.579999923706055,21.860000610351562,21.399999618530273,21.43000030517578,19.5894718170166,71740200
2020-04-24,21.65999984741211,21.829999923706055,21.329999923706055,21.739999771118164,19.872844696044922,33825300
2020-04-27,21.959999084472656,22.600000381469727,21.920000076293945,22.479999542236328,20.549291610717773,109435100
2020-04-28,23.15999984741211,23.329999923706055,22.670000076293945,22.719999313354492,20.768672943115234,46452300
2020-04-29,23.420000076293945,23.65999984741211,23.18000030517578,23.3799991607666,21.37199592590332,70064400
2020-04-30,22.90999984741211,23.15999984741211,22.68000030517578,22.790000915527344,20.832664489746094,56745700
2020-05-01,22.25,22.309999465942383,21.90999984741211,22.059999465942383,20.165361404418945,37534300
2020-05-04,21.770000457763672,21.889999389648438,21.440000534057617,21.860000610351562,19.9825439453125,50177200
2020-05-05,22.15999984741211,22.280000686645508,21.790000915527344,21.790000915527344,19.918554306030273,65123000
2020-05-06,21.989999771118164,22.049999237060547,21.299999237060547,21.31999969482422,19.48891830444336,63738400
2020-05-07,21.600000381469727,22.18000030517578,21.600000381469727,21.81999969482422,19.94597625732422,61339000
2020-05-08,22.239999771118164,22.31999969482422,22.010000228881836,22.290000915527344,20.3756103515625,42218300
2020-05-11,21.979999542236328,22.049999237060547,21.739999771118164,21.860000610351562,19.9825439453125,54994900
2020-05-12,21.950000762939453,22.030000686645508,21.270000457763672,21.290000915527344,19.46150016784668,62202700
2020-05-13,21.110000610351562,21.139999389648438,20.5,20.65999984741211,18.885604858398438,86848300
2020-05-14,20.299999237060547,21.209999084472656,20.09000015258789,21.190000534057617,19.37008285522461,103763100
2020-05-15,20.989999771118164,21.229999542236328,20.799999237060547,21.049999237060547,19.24210548400879,70285000
2020-05-18,21.829999923706055,22.299999237060547,21.68000030517578,22.1299991607666,20.22934913635254,79548500
2020-05-19,22.0,22.110000610351562,21.579999923706055,21.59000015258789,19.735721588134766,56673200
2020-05-20,21.950000762939453,22.200000762939453,21.93000030517578,22.06999969482422,20.17449951171875,50402600
2020-05-21,22.0,22.209999084472656,21.8799991607666,22.0,20.11051368713379,49939900
2020-05-22,21.989999771118164,22.020000457763672,21.700000762939453,21.920000076293945,20.037391662597656,37584500
2020-05-26,22.75,23.299999237060547,22.729999542236328,23.059999465942383,21.079471588134766,108349200
2020-05-27,24.09000015258789,24.100000381469727,23.540000915527344,24.059999465942383,21.993589401245117,121521200
2020-05-28,24.329999923706055,24.34000015258789,23.610000610351562,23.68000030517578,21.64622688293457,101590100
2020-05-29,23.399999618530273,23.6200008392334,23.170000076293945,23.40999984741211,21.399415969848633,86969000
2020-06-01,23.5,23.790000915527344,23.34000015258789,23.68000030517578,21.64622688293457,52619200
2020-06-02,23.889999389648438,24.040000915527344,23.700000762939453,23.8700008392334,21.81990623474121,52572800
2020-06-03,24.399999618530273,24.8700008392334,24.34000015258789,24.760000228881836,22.63347053527832,77622900
2020-06-04,24.719999313354492,25.299999237060547,24.520000457763672,25.299999237060547,23.127090454101562,97575100
2020-06-05,26.780000686645508,26.829999923706055,26.149999618530273,26.239999771118164,23.986358642578125,135859300
2020-06-08,26.670000076293945,26.799999237060547,26.3700008392334,26.739999771118164,24.443416595458984,80298400
2020-06-09,26.110000610351562,26.399999618530273,25.920000076293945,26.170000076293945,23.922372817993164,92833100
2020-06-10,26.020000457763672,26.15999984741211,25.170000076293945,25.190000534057617,23.026538848876953,110848900
2020-06-11,24.0,24.360000610351562,23.09000015258789,23.1299991607666,21.143463134765625,233116600
2020-06-12,24.059999465942383,24.059999465942383,23.219999313354492,23.829999923706055,21.783340454101562,127502900
2020-06-15,23.010000228881836,24.239999771118164,22.959999084472656,24.15999984741211,22.08499526977539,92469500
2020-06-16,25.1200008392334,25.1200008392334,23.950000762939453,24.540000915527344,22.432369232177734,108121300
2020-06-17,24.610000610351562,24.610000610351562,24.1299991607666,24.170000076293945,22.094146728515625,56320900
2020-06-18,23.93000030517578,24.3700008392334,23.860000610351562,24.139999389648438,22.066720962524414,61206500
2020-06-19,24.600000381469727,24.610000610351562,23.709999084472656,23.979999542236328,21.920461654663086,99903900
2020-06-22,23.68000030517578,23.8799991607666,23.530000686645508,23.709999084472656,21.811904907226562,47929500
2020-06-23,24.06999969482422,24.219999313354492,23.799999237060547,23.81999969482422,21.91309928894043,47218900
2020-06-24,23.510000228881836,23.520000457763672,22.90999984741211,22.979999542236328,21.14034652709961,90217500
2020-06-25,22.899999618530273,23.639999389648438,22.860000610351562,23.59000015258789,21.701513290405273,110208900
2020-06-26,23.190000534057617,23.260000228881836,22.520000457763672,22.579999923706055,20.77236557006836,123959100
2020-06-29,22.81999969482422,22.979999542236328,22.6299991607666,22.829999923706055,21.00235366821289,69107100
2020-06-30,22.709999084472656,23.299999237060547,22.690000534057617,23.139999389648438,21.28753662109375,60653100
2020-07-01,23.239999771118164,23.350000381469727,22.8700008392334,22.940000534057617,21.10354995727539,60500300
2020-07-02,23.450000762939453,23.530000686645508,22.920000076293945,22.969999313354492,21.13114356994629,50841900
2020-07-06,23.479999542236328,23.65999984741211,23.280000686645508,23.40999984741211,21.535921096801758,60271700
2020-07-07,23.219999313354492,23.229999542236328,22.8700008392334,22.93000030517578,21.094350814819336,43810900
2020-07-08,22.920000076293945,23.229999542236328,22.84000015258789,23.170000076293945,21.315141677856445,53046100
2020-07-09,23.15999984741211,23.209999084472656,22.489999771118164,22.68000030517578,20.864362716674805,71163700
2020-07-10,22.670000076293945,23.489999771118164,22.670000076293945,23.459999084472656,21.581920623779297,94440600
2020-07-13,23.760000228881836,23.90999984741211,23.420000076293945,23.559999465942383,21.673913955688477,102487100
2020-07-14,23.459999084472656,23.75,23.25,23.68000030517578,21.78430938720703,102468300
2020-07-15,24.25,24.260000228881836,23.889999389648438,24.149999618530273,22.216684341430664,90561800
2020-07-16,23.940000534057617,24.399999618530273,23.850000381469727,24.149999618530273,22.216684341430664,74678500
2020-07-17,24.200000762939453,24.219999313354492,23.940000534057617,23.950000762939453,22.03269386291504,47033200
2020-07-20,23.81999969482422,23.979999542236328,23.75,23.84000015258789,21.93149757385254,40127600
2020-07-21,24.0,24.43000030517578,23.969999313354492,24.309999465942383,22.363876342773438,46491300
2020-07-22,24.190000534057617,24.329999923706055,24.110000610351562,24.309999465942383,22.363876342773438,44437400
2020-07-23,24.260000228881836,24.469999313354492,24.18000030517578,24.329999923706055,22.38227653503418,49916100
2020-07-24,24.350000381469727,24.479999542236328,24.190000534057617,24.270000457763672,22.327075958251953,41245600
2020-07-27,24.15999984741211,24.18000030517578,23.860000610351562,24.06999969482422,22.143085479736328,43060200
2020-07-28,23.979999542236328,24.1200008392334,23.899999618530273,24.010000228881836,22.087890625,35370500
2020-07-29,23.969999313354492,24.489999771118164,23.93000030517578,24.459999084472656,22.501863479614258,36491600
2020-07-30,24.0,24.06999969482422,23.709999084472656,24.020000457763672,22.097091674804688,53994600
2020-07-31,24.010000228881836,24.059999465942383,23.709999084472656,24.030000686645508,22.106290817260742,50115900
2020-08-03,24.1299991607666,24.290000915527344,23.959999084472656,24.100000381469727,22.170686721801758,42982100
2020-08-04,24.0,24.040000915527344,23.8700008392334,24.0,22.078693389892578,30754400
2020-08-05,24.15999984741211,24.389999389648438,24.1299991607666,24.329999923706055,22.38227653503418,34860700
2020-08-06,24.25,24.420000076293945,24.149999618530273,24.31999969482422,22.37307357788086,33115400
2020-08-07,24.200000762939453,24.860000610351562,24.149999618530273,24.84000015258789,22.851444244384766,63302800
2020-08-10,24.979999542236328,25.110000610351562,24.8700008392334,25.020000457763672,23.017038345336914,45436100
2020-08-11,25.489999771118164,25.719999313354492,25.25,25.309999465942383,23.2838191986084,73758600
2020-08-12,25.760000228881836,25.770000457763672,25.059999465942383,25.239999771118164,23.21942710876465,58793600
2020-08-13,25.049999237060547,25.260000228881836,24.93000030517578,25.079999923706055,23.07223129272461,35222500
2020-08-14,24.959999084472656,25.299999237060547,24.93000030517578,25.18000030517578,23.164226531982422,28276900
2020-08-17,25.09000015258789,25.110000610351562,24.75,24.760000228881836,22.777851104736328,53397000
2020-08-18,24.780000686645508,24.84000015258789,24.579999923706055,24.600000381469727,22.630659103393555,35502500
2020-08-19,24.690000534057617,24.940000534057617,24.520000457763672,24.59000015258789,22.6214599609375,59847200
2020-08-20,24.309999465942383,24.5,24.290000915527344,24.360000610351562,22.409868240356445,45586100
2020-08-21,24.31999969482422,24.530000686645508,24.229999542236328,24.309999465942383,22.363876342773438,35349200
2020-08-24,24.450000762939453,24.889999389648438,24.389999389648438,24.889999389648438,22.897443771362305,51010900
2020-08-25,25.100000381469727,25.170000076293945,24.799999237060547,24.959999084472656,22.961837768554688,55236900
2020-08-26,24.899999618530273,24.959999084472656,24.75,24.84000015258789,22.851444244384766,30646600
2020-08-27,24.81999969482422,25.3799991607666,24.81999969482422,25.260000228881836,23.237821578979492,66463900
2020-08-28,25.440000534057617,25.450000762939453,25.149999618530273,25.360000610351562,23.329816818237305,49170600
2020-08-31,25.34000015258789,25.34000015258789,25.059999465942383,25.059999465942383,23.053831100463867,52259000
2020-09-01,24.93000030517578,25.219999313354492,24.850000381469727,25.1299991607666,23.11823081970215,42036100
2020-09-02,25.1200008392334,25.579999923706055,25.049999237060547,25.489999771118164,23.44940948486328,48432500
2020-09-03,25.639999389648438,26.010000228881836,24.940000534057617,25.100000381469727,23.090633392333984,98405500
2020-09-04,25.549999237060547,25.690000534057617,24.889999389648438,25.290000915527344,23.265417098999023,111105500
2020-09-08,25.040000915527344,25.100000381469727,24.549999237060547,24.639999389648438,22.667455673217773,84687600
2020-09-09,24.8700008392334,25.06999969482422,24.709999084472656,24.889999389648438,22.897443771362305,52321200
2020-09-10,24.969999313354492,25.139999389648438,24.489999771118164,24.540000915527344,22.575464248657227,55515300
2020-09-11,24.579999923706055,24.84000015258789,24.5,24.709999084472656,22.73185157775879,69285700
2020-09-14,24.93000030517578,25.270000457763672,24.860000610351562,25.049999237060547,23.044635772705078,51021000
2020-09-15,25.100000381469727,25.1200008392334,24.690000534057617,24.709999084472656,22.73185157775879,48459900
2020-09-16,24.760000228881836,25.270000457763672,24.709999084472656,24.989999771118164,22.98943519592285,62119900
2020-09-17,24.649999618530273,24.8799991607666,24.579999923706055,24.729999542236328,22.7502498626709,47334200
2020-09-18,24.729999542236328,24.93000030517578,24.6299991607666,24.68000030517578,22.704256057739258,61707200
2020-09-21,24.030000686645508,24.170000076293945,23.559999465942383,23.93000030517578,22.135377883911133,72307300
2020-09-22,23.8700008392334,24.100000381469727,23.530000686645508,23.729999542236328,21.95037078857422,84561500
2020-09-23,23.780000686645508,23.950000762939453,23.200000762939453,23.200000762939453,21.46012306213379,54282500
2020-09-24,23.209999084472656,23.579999923706055,22.940000534057617,23.25,21.506372451782227,56512300
2020-09-25,23.079999923706055,23.56999969482422,23.030000686645508,23.489999771118164,21.728376388549805,46026600
2020-09-28,23.81999969482422,24.219999313354492,23.81999969482422,24.049999237060547,22.246376037597656,62803500
2020-09-29,23.979999542236328,24.020000457763672,23.6200008392334,23.75,21.96887969970703,53250800
2020-09-30,23.850000381469727,24.270000457763672,23.84000015258789,24.06999969482422,22.264875411987305,66732200
2020-10-01,24.170000076293945,24.329999923706055,23.920000076293945,24.110000610351562,22.301876068115234,65766100
2020-10-02,23.790000915527344,24.440000534057617,23.729999542236328,24.299999237060547,22.477628707885742,63368100
2020-10-05,24.530000686645508,24.780000686645508,24.469999313354492,24.700000762939453,22.847631454467773,58911700
2020-10-06,24.90999984741211,25.079999923706055,24.360000610351562,24.450000762939453,22.616378784179688,88404900
2020-10-07,24.68000030517578,24.979999542236328,24.68000030517578,24.860000610351562,22.99563217163086,53815200
2020-10-08,25.0,25.260000228881836,24.940000534057617,25.200000762939453,23.310134887695312,57646300
2020-10-09,25.34000015258789,25.3700008392334,25.030000686645508,25.229999542236328,23.337886810302734,52031600
2020-10-12,25.209999084472656,25.59000015258789,25.209999084472656,25.510000228881836,23.596885681152344,45931400
2020-10-13,25.43000030517578,25.510000228881836,24.940000534057617,25.020000457763672,23.143632888793945,60377800
2020-10-14,25.040000915527344,25.1299991607666,24.75,24.780000686645508,22.921632766723633,48982200
2020-10-15,24.549999237060547,24.979999542236328,24.510000228881836,24.969999313354492,23.09737777709961,41637200
2020-10-16,25.020000457763672,25.149999618530273,24.8700008392334,24.989999771118164,23.115880966186523,40103600
2020-10-19,25.079999923706055,25.09000015258789,24.56999969482422,24.610000610351562,22.76438331604004,42989000
2020-10-20,24.770000457763672,25.100000381469727,24.760000228881836,24.809999465942383,22.949378967285156,67293900
2020-10-21,24.770000457763672,24.93000030517578,24.68000030517578,24.68000030517578,22.829132080078125,44307200
2020-10-22,24.670000076293945,25.200000762939453,24.65999984741211,25.170000076293945,23.28238296508789,39511800
2020-10-23,25.329999923706055,25.40999984741211,25.049999237060547,25.25,23.35638427734375,45092700
2020-10-26,24.889999389648438,24.93000030517578,24.450000762939453,24.68000030517578,22.829132080078125,54015100
2020-10-27,24.670000076293945,24.670000076293945,24.209999084472656,24.229999542236328,22.412879943847656,46083300
2020-10-28,23.719999313354492,23.93000030517578,23.469999313354492,23.610000610351562,21.839378356933594,89288300
2020-10-29,23.549999237060547,23.959999084472656,23.25,23.790000915527344,22.005876541137695,60908400
2020-10-30,23.649999618530273,23.899999618530273,23.469999313354492,23.860000610351562,22.070627212524414,66221600
2020-11-02,24.260000228881836,24.420000076293945,23.959999084472656,24.309999465942383,22.48687744140625,65136000
2020-11-03,24.760000228881836,25.100000381469727,24.729999542236328,24.850000381469727,22.98638153076172,79834200
2020-11-04,24.40999984741211,25.0,24.190000534057617,24.559999465942383,22.71813201904297,87397400
2020-11-05,24.770000457763672,25.34000015258789,24.770000457763672,25.15999984741211,23.273134231567383,65942300
2020-11-06,25.280000686645508,25.309999465942383,24.8799991607666,24.959999084472656,23.088132858276367,60783500
2020-11-09,26.979999542236328,27.440000534057617,26.65999984741211,27.010000228881836,24.984392166137695,162966800
2020-11-10,27.040000915527344,27.25,26.790000915527344,27.149999618530273,25.113893508911133,85851200
2020-11-11,27.299999237060547,27.31999969482422,26.8799991607666,27.040000915527344,25.012142181396484,65062400
2020-11-12,26.709999084472656,26.770000457763672,26.350000381469727,26.59000015258789,24.59589385986328,62733800
2020-11-13,26.84000015258789,27.139999389648438,26.770000457763672,27.030000686645508,25.00288963317871,45031800
2020-11-16,27.709999084472656,27.729999542236328,27.360000610351562,27.6299991607666,25.557891845703125,67556100
2020-11-17,27.31999969482422,27.639999389648438,27.1299991607666,27.59000015258789,25.520896911621094,63679700
2020-11-18,27.719999313354492,27.940000534057617,27.31999969482422,27.329999923706055,25.280397415161133,71578400
2020-11-19,27.190000534057617,27.450000762939453,27.020000457763672,27.420000076293945,25.363645553588867,47194800
2020-11-20,27.280000686645508,27.389999389648438,27.1200008392334,27.18000030517578,25.141645431518555,39974700
2020-11-23,27.530000686645508,27.770000457763672,27.389999389648438,27.690000534057617,25.61339569091797,51870500
2020-11-24,28.170000076293945,28.690000534057617,28.100000381469727,28.65999984741211,26.51064682006836,60983200
2020-11-25,28.5,28.579999923706055,28.219999313354492,28.559999465942383,26.418149948120117,45204600
2020-11-27,28.559999465942383,28.59000015258789,28.360000610351562,28.469999313354492,26.334901809692383,26981200
2020-11-30,28.299999237060547,28.3799991607666,27.829999923706055,27.8799991607666,25.78915023803711,72524200
2020-12-01,28.399999618530273,28.56999969482422,28.290000915527344,28.309999465942383,26.186899185180664,53972100
2020-12-02,28.270000457763672,28.670000076293945,28.219999313354492,28.6200008392334,26.473651885986328,57471800
2020-12-03,28.639999389648438,28.799999237060547,28.459999084472656,28.6299991607666,26.482898712158203,49566000
2020-12-04,28.81999969482422,29.030000686645508,28.799999237060547,28.979999542236328,26.806652069091797,52713100
2020-12-07,28.809999465942383,28.860000610351562,28.610000610351562,28.780000686645508,26.621654510498047,34631600
2020-12-08,28.510000228881836,28.84000015258789,28.510000228881836,28.770000457763672,26.61240005493164,31628500
2020-12-09,28.93000030517578,28.950000762939453,28.59000015258789,28.700000762939453,26.54765510559082,47589600
2020-12-10,28.479999542236328,28.780000686645508,28.389999389648438,28.75,26.593902587890625,41298300
2020-12-11,28.43000030517578,28.530000686645508,28.229999542236328,28.459999084472656,26.325645446777344,48216300
2020-12-14,28.84000015258789,28.84000015258789,28.110000610351562,28.1299991607666,26.020401000976562,38302900
2020-12-15,28.350000381469727,28.690000534057617,28.190000534057617,28.610000610351562,26.46440315246582,38604200
2020-12-16,28.65999984741211,28.68000030517578,28.520000457763672,28.65999984741211,26.51064682006836,55602800
2020-12-17,28.709999084472656,28.790000915527344,28.579999923706055,28.739999771118164,26.584653854370117,38510900
2020-12-18,28.780000686645508,28.780000686645508,28.31999969482422,28.489999771118164,26.353397369384766,56080100
2020-12-21,28.670000076293945,28.860000610351562,28.229999542236328,28.719999313354492,26.70865249633789,77688100
2020-12-22,28.739999771118164,28.780000686645508,28.420000076293945,28.440000534057617,26.448261260986328,42317900
2020-12-23,28.610000610351562,29.06999969482422,28.600000381469727,28.90999984741211,26.885345458984375,52681400
2020-12-24,28.969999313354492,28.979999542236328,28.709999084472656,28.950000762939453,26.92254066467285,16071000
2020-12-28,29.149999618530273,29.31999969482422,28.989999771118164,29.09000015258789,27.052736282348633,32824800
2020-12-29,29.209999084472656,29.219999313354492,28.959999084472656,28.989999771118164,26.95973777770996,23607000
2020-12-30,29.09000015258789,29.209999084472656,29.020000457763672,29.1200008392334,27.08063316345215,16616700
2020-12-31,29.079999923706055,29.520000457763672,29.0,29.479999542236328,27.415422439575195,26239300
2021-01-04,29.59000015258789,29.600000381469727,28.829999923706055,29.079999923706055,27.04343605041504,47086300
2021-01-05,29.06999969482422,29.34000015258789,28.920000076293945,29.209999084472656,27.164335250854492,35265400
2021-01-06,29.770000457763672,30.739999771118164,29.770000457763672,30.5,28.363990783691406,102254900
2021-01-07,30.950000762939453,31.260000228881836,30.8799991607666,30.940000534057617,28.77317237854004,64342700
2021-01-08,31.09000015258789,31.100000381469727,30.510000228881836,30.920000076293945,28.754575729370117,54266400
2021-01-11,30.6200008392334,31.06999969482422,30.489999771118164,31.020000457763672,28.847572326660156,56590400
2021-01-12,31.200000762939453,31.489999771118164,31.110000610351562,31.34000015258789,29.145160675048828,60546600
2021-01-13,31.290000915527344,31.399999618530273,31.09000015258789,31.31999969482422,29.126562118530273,55394700
2021-01-14,31.40999984741211,31.6200008392334,31.290000915527344,31.459999084472656,29.256757736206055,49828800
2021-01-15,31.0,31.190000534057617,30.709999084472656,30.940000534057617,28.77317237854004,68732700
2021-01-19,31.100000381469727,31.18000030517578,30.829999923706055,31.020000457763672,28.847572326660156,97457200
2021-01-20,31.1200008392334,31.1200008392334,30.780000686645508,30.889999389648438,28.726675033569336,56113100
2021-01-21,30.8700008392334,30.93000030517578,30.559999465942383,30.559999465942383,28.419784545898438,43713800
2021-01-22,30.25,30.459999084472656,30.200000762939453,30.34000015258789,28.215192794799805,37928000
2021-01-25,30.040000915527344,30.15999984741211,29.739999771118164,30.1200008392334,28.010602951049805,68321500
2021-01-26,30.239999771118164,30.280000686645508,29.860000610351562,29.8799991607666,27.78740882873535,55504600
2021-01-27,29.469999313354492,29.5,28.940000534057617,29.0,26.969038009643555,84059200
2021-01-28,29.3700008392334,29.8799991607666,29.280000686645508,29.540000915527344,27.471221923828125,62985900
2021-01-29,29.459999084472656,29.540000915527344,28.81999969482422,28.950000762939453,26.92254066467285,78260700
2021-02-01,29.270000457763672,29.3700008392334,29.020000457763672,29.329999923706055,27.275930404663086,41947400
2021-02-02,29.670000076293945,30.190000534057617,29.65999984741211,30.040000915527344,27.936206817626953,54263000
2021-02-03,30.0,30.219999313354492,29.940000534057617,30.209999084472656,28.094297409057617,46195200
2021-02-04,30.309999465942383,30.889999389648438,30.299999237060547,30.8799991607666,28.717376708984375,63061800
2021-02-05,31.100000381469727,31.1299991607666,30.81999969482422,30.889999389648438,28.726675033569336,38461900
2021-02-08,30.989999771118164,31.290000915527344,30.989999771118164,31.290000915527344,29.098663330078125,48756300
2021-02-09,31.190000534057617,31.399999618530273,31.079999923706055,31.299999237060547,29.107959747314453,33572000
2021-02-10,31.459999084472656,31.5,31.149999618530273,31.299999237060547,29.107959747314453,38899600
2021-02-11,31.31999969482422,31.440000534057617,30.989999771118164,31.200000762939453,29.014965057373047,31909500
2021-02-12,31.170000076293945,31.549999237060547,31.139999389648438,31.520000457763672,29.31255340576172,38271800
2021-02-16,31.84000015258789,32.209999084472656,31.700000762939453,32.060001373291016,29.814739227294922,71330600
2021-02-17,31.959999084472656,32.2599983215332,31.850000381469727,32.220001220703125,29.963533401489258,60460900
2021-02-18,31.989999771118164,32.20000076293945,31.770000457763672,32.029998779296875,29.786836624145508,45188200
2021-02-19,32.2400016784668,32.52000045776367,32.20000076293945,32.40999984741211,30.140226364135742,54361800
2021-02-22,32.29999923706055,32.83000183105469,32.290000915527344,32.709999084472656,30.419214248657227,65930200
2021-02-23,32.939998626708984,32.95000076293945,32.56999969482422,32.90999984741211,30.60521125793457,94331400
2021-02-24,32.959999084472656,33.63999938964844,32.939998626708984,33.54999923706055,31.20038604736328,66000600
2021-02-25,33.81999969482422,33.84000015258789,32.849998474121094,32.939998626708984,30.63310432434082,92189400
2021-02-26,32.88999938964844,32.9900016784668,32.189998626708984,32.310001373291016,30.047225952148438,103105700
2021-03-01,32.86000061035156,33.52000045776367,32.86000061035156,33.31999969482422,30.986495971679688,67590700
2021-03-02,33.279998779296875,33.470001220703125,33.16999816894531,33.20000076293945,30.874902725219727,49987000
2021-03-03,33.33000183105469,33.959999084472656,33.290000915527344,33.459999084472656,31.116689682006836,72541700
2021-03-04,33.369998931884766,33.689998626708984,32.599998474121094,33.08000183105469,30.763307571411133,101311800
2021-03-05,33.63999938964844,33.79999923706055,32.779998779296875,33.709999084472656,31.34918212890625,109299800
2021-03-08,33.959999084472656,34.58000183105469,33.81999969482422,34.13999938964844,31.74907112121582,90538200
2021-03-09,33.869998931884766,34.33000183105469,33.52000045776367,33.83000183105469,31.460777282714844,117224600
2021-03-10,33.9900016784668,34.650001525878906,33.93000030517578,34.52000045776367,32.102447509765625,73269300
2021-03-11,34.34000015258789,34.689998626708984,34.13999938964844,34.41999816894531,32.009456634521484,50904800
2021-03-12,34.81999969482422,34.95000076293945,34.65999984741211,34.77000045776367,32.3349494934082,68126000
2021-03-15,34.900001525878906,34.90999984741211,34.25,34.56999969482422,32.148956298828125,57836400
2021-03-16,34.38999938964844,34.43000030517578,33.939998626708984,34.209999084472656,31.814167022705078,67373600
2021-03-17,34.459999084472656,34.63999938964844,34.08000183105469,34.439998626708984,32.02805709838867,64051100
2021-03-18,34.790000915527344,35.290000915527344,34.5,34.619998931884766,32.19545364379883,96690500
2021-03-19,34.349998474121094,34.380001068115234,33.86000061035156,34.220001220703125,31.823469161987305,98510500
2021-03-22,33.81999969482422,33.88999938964844,33.5099983215332,33.630001068115234,31.41340446472168,68170600
2021-03-23,33.43000030517578,33.65999984741211,33.040000915527344,33.15999984741211,30.97437286376953,70441900
2021-03-24,33.400001525878906,33.79999923706055,33.279998779296875,33.279998779296875,31.08646583557129,63357100
2021-03-25,33.2599983215332,33.88999938964844,33.0,33.84000015258789,31.60956382751465,60532600
2021-03-26,34.189998626708984,34.43000030517578,33.95000076293945,34.369998931884766,32.1046257019043,53779900
2021-03-29,33.88999938964844,34.290000915527344,33.720001220703125,34.06999969482422,31.824405670166016,71777800
2021-03-30,34.25,34.470001220703125,34.209999084472656,34.310001373291016,32.048583984375,55011400
2021-03-31,34.2400016784668,34.380001068115234,34.029998779296875,34.04999923706055,31.805715560913086,51138300
2021-04-01,34.0,34.470001220703125,34.0,34.470001220703125,32.19804000854492,51690100
2021-04-05,34.84000015258789,34.90999984741211,34.630001068115234,34.7400016784668,32.45024108886719,51790700
2021-04-06,34.65999984741211,34.83000183105469,34.54999923706055,34.66999816894531,32.38485336303711,41336800
2021-04-07,34.77000045776367,34.91999816894531,34.599998474121094,34.84000015258789,32.54365158081055,38660800
2021-04-08,34.709999084472656,34.88999938964844,34.470001220703125,34.849998474121094,32.55299377441406,39927400
2021-04-09,35.09000015258789,35.16999816894531,34.88999938964844,35.150001525878906,32.83321762084961,40133700
2021-04-12,35.220001220703125,35.310001373291016,35.13999938964844,35.29999923706055,32.973323822021484,44435500
2021-04-13,35.099998474121094,35.13999938964844,34.779998779296875,34.970001220703125,32.66508102416992,39950900
2021-04-14,34.880001068115234,35.43000030517578,34.83000183105469,35.18000030517578,32.861244201660156,44065300
2021-04-15,35.2599983215332,35.29999923706055,34.81999969482422,35.150001525878906,32.83321762084961,55483500
2021-04-16,35.459999084472656,35.529998779296875,35.2400016784668,35.400001525878906,33.066734313964844,39115700
2021-04-19,35.38999938964844,35.4900016784668,35.18000030517578,35.29999923706055,32.973323822021484,31172300
2021-04-20,35.09000015258789,35.11000061035156,34.52000045776367,34.63999938964844,32.35682678222656,50227700
2021-04-21,34.52000045776367,35.150001525878906,34.41999816894531,35.119998931884766,32.805198669433594,39680000
2021-04-22,35.08000183105469,35.130001068115234,34.66999816894531,34.72999954223633,32.440895080566406,43611200
2021-04-23,34.72999954223633,35.529998779296875,34.66999816894531,35.380001068115234,33.04806137084961,50437700
2021-04-26,35.5099983215332,35.849998474121094,35.47999954223633,35.52000045776367,33.17882537841797,43749700
2021-04-27,35.56999969482422,35.849998474121094,35.4900016784668,35.79999923706055,33.440372467041016,50852400
2021-04-28,35.939998626708984,36.040000915527344,35.83000183105469,35.939998626708984,33.571144104003906,35771700
2021-04-29,36.220001220703125,36.61000061035156,36.189998626708984,36.58000183105469,34.16896057128906,48573000
2021-04-30,36.380001068115234,36.5099983215332,36.20000076293945,36.2599983215332,33.870052337646484,43940900
2021-05-03,36.56999969482422,36.63999938964844,36.29999923706055,36.439998626708984,34.03819274902344,33317300
2021-05-04,36.279998779296875,36.72999954223633,36.040000915527344,36.72999954223633,34.30908203125,66939700
2021-05-05,36.84000015258789,37.16999816894531,36.84000015258789,37.029998779296875,34.589298248291016,38954200
2021-05-06,37.18000030517578,37.59000015258789,36.959999084472656,37.58000183105469,35.10305404663086,43332900
2021-05-07,37.150001525878906,37.790000915527344,37.060001373291016,37.779998779296875,35.28987503051758,64616700
2021-05-10,37.97999954223633,38.2599983215332,37.720001220703125,37.75,35.261844635009766,56341100
2021-05-11,37.369998931884766,37.709999084472656,36.939998626708984,37.08000183105469,34.63600540161133,82723700
2021-05-12,37.369998931884766,37.5099983215332,36.54999923706055,36.70000076293945,34.28104782104492,97911900
2021-05-13,36.560001373291016,37.52000045776367,36.540000915527344,37.290000915527344,34.8321647644043,66882600
2021-05-14,37.5,37.97999954223633,37.459999084472656,37.880001068115234,35.38328170776367,44850200
2021-05-17,37.7599983215332,37.9900016784668,37.61000061035156,37.95000076293945,35.448665618896484,40376700
2021-05-18,37.91999816894531,38.04999923706055,37.400001525878906,37.41999816894531,34.95359802246094,40299200
2021-05-19,36.9900016784668,37.209999084472656,36.59000015258789,37.189998626708984,34.7387580871582,63573900
2021-05-20,37.25,37.470001220703125,36.95000076293945,37.209999084472656,34.75743865966797,59216100
2021-05-21,37.36000061035156,37.779998779296875,37.34000015258789,37.58000183105469,35.10305404663086,44950300
2021-05-24,37.7400016784668,37.849998474121094,37.54999923706055,37.7599983215332,35.27118682861328,29159600
2021-05-25,37.810001373291016,38.099998474121094,37.33000183105469,37.380001068115234,34.916236877441406,38755900
2021-05-26,37.52000045776367,37.65999984741211,37.220001220703125,37.4900016784668,35.018985748291016,38601900
2021-05-27,37.83000183105469,38.02000045776367,37.61000061035156,37.91999816894531,35.42063522338867,39789500
2021-05-28,38.09000015258789,38.09000015258789,37.709999084472656,37.9900016784668,35.486026763916016,39265000
2021-06-01,38.369998931884766,38.47999954223633,38.119998931884766,38.220001220703125,35.70086669921875,35710700
2021-06-02,38.34000015258789,38.380001068115234,38.06999969482422,38.279998779296875,35.75691223144531,37537500
2021-06-03,38.15999984741211,38.599998474121094,38.040000915527344,38.369998931884766,35.84098815917969,54877500
2021-06-04,38.41999816894531,38.5,38.130001068115234,38.470001220703125,35.934391021728516,27250900
2021-06-07,38.529998779296875,38.529998779296875,38.150001525878906,38.220001220703125,35.70086669921875,37401800
2021-06-08,38.0099983215332,38.2400016784668,37.72999954223633,38.119998931884766,35.60745620727539,47747700
2021-06-09,37.970001220703125,38.02000045776367,37.65999984741211,37.7599983215332,35.27118682861328,40776200
2021-06-10,38.08000183105469,38.18000030517578,37.290000915527344,37.31999969482422,34.86018753051758,53775500
2021-06-11,37.38999938964844,37.58000183105469,37.380001068115234,37.560001373291016,35.08436584472656,40416700
2021-06-14,37.4900016784668,37.54999923706055,36.95000076293945,37.16999816894531,34.72007369995117,50613400
2021-06-15,37.18000030517578,37.43000030517578,37.0,37.2400016784668,34.785457611083984,51315100
2021-06-16,37.119998931884766,37.45000076293945,36.7400016784668,37.20000076293945,34.74810028076172,84961100
2021-06-17,37.38999938964844,37.40999984741211,35.9900016784668,36.099998474121094,33.72059631347656,97659900
2021-06-18,35.619998931884766,35.7400016784668,35.18000030517578,35.22999954223633,32.90793991088867,180960000
2021-06-21,35.439998626708984,35.93000030517578,35.380001068115234,35.90999984741211,33.675994873046875,89831400
2021-06-22,35.9900016784668,36.11000061035156,35.630001068115234,35.970001220703125,33.732261657714844,42576400
2021-06-23,36.0,36.209999084472656,35.95000076293945,36.040000915527344,33.797908782958984,48094900
2021-06-24,36.25,36.58000183105469,36.08000183105469,36.4900016784668,34.219905853271484,42942800
2021-06-25,36.68000030517578,37.029998779296875,36.470001220703125,36.93000030517578,34.63253402709961,56845000
2021-06-28,36.86000061035156,36.88999938964844,36.45000076293945,36.65999984741211,34.379329681396484,70250700
2021-06-29,36.849998474121094,37.04999923706055,36.43000030517578,36.529998779296875,34.25741958618164,61051200
2021-06-30,36.41999816894531,36.77000045776367,36.40999984741211,36.689998626708984,34.407466888427734,42414100
2021-07-01,36.869998931884766,37.0,36.68000030517578,36.97999954223633,34.67942428588867,36615600
2021-07-02,36.97999954223633,37.02000045776367,36.790000915527344,36.939998626708984,34.641910552978516,27018400
2021-07-06,36.849998474121094,36.869998931884766,36.119998931884766,36.36000061035156,34.09799575805664,49225300
2021-07-07,36.13999938964844,36.4900016784668,36.060001373291016,36.40999984741211,34.1448860168457,43747100
2021-07-08,35.83000183105469,36.040000915527344,35.5099983215332,35.68000030517578,33.46030807495117,75084200
2021-07-09,36.20000076293945,36.7599983215332,36.09000015258789,36.709999084472656,34.42621994018555,70546500
2021-07-12,36.4900016784668,37.13999938964844,36.33000183105469,37.06999969482422,34.763824462890625,62953400
2021-07-13,36.95000076293945,37.0099983215332,36.529998779296875,36.66999816894531,34.38871383666992,44476200
2021-07-14,36.689998626708984,36.93000030517578,36.099998474121094,36.5,34.22929000854492,69632700
2021-07-15,36.13999938964844,36.849998474121094,36.13999938964844,36.619998931884766,34.34181594848633,53977600
2021-07-16,36.810001373291016,36.810001373291016,36.040000915527344,36.119998931884766,33.8729248046875,56160700
2021-07-19,35.41999816894531,35.61000061035156,34.900001525878906,35.11000061035156,32.92576599121094,89972200
2021-07-20,35.06999969482422,36.220001220703125,35.0,35.97999954223633,33.741641998291016,70635800
2021-07-21,36.27000045776367,36.779998779296875,36.2400016784668,36.599998474121094,34.32306671142578,59975000
2021-07-22,36.470001220703125,36.560001373291016,36.04999923706055,36.20000076293945,33.94795608520508,35292300
2021-07-23,36.54999923706055,36.650001525878906,36.15999984741211,36.2599983215332,34.00421905517578,36766900
2021-07-26,36.189998626708984,36.540000915527344,36.16999816894531,36.470001220703125,34.2011604309082,25396000
2021-07-27,36.189998626708984,36.619998931884766,36.02000045776367,36.459999084472656,34.19178009033203,38988400
2021-07-28,36.59000015258789,36.63999938964844,36.15999984741211,36.40999984741211,34.1448860168457,42908200
2021-07-29,36.650001525878906,36.970001220703125,36.4900016784668,36.810001373291016,34.5200080871582,41434200
2021-07-30,36.709999084472656,36.97999954223633,36.43000030517578,36.52000045776367,34.248043060302734,52385300
2021-08-02,36.77000045776367,37.189998626708984,36.47999954223633,36.529998779296875,34.25741958618164,47589900
2021-08-03,36.65999984741211,36.9900016784668,36.119998931884766,36.939998626708984,34.641910552978516,42169600
2021-08-04,36.59000015258789,37.02000045776367,36.43000030517578,36.630001068115234,34.3512077331543,52346400
2021-08-05,36.86000061035156,37.11000061035156,36.849998474121094,37.11000061035156,34.80134201049805,37168200
2021-08-06,37.459999084472656,37.93000030517578,37.45000076293945,37.86000061035156,35.50468063354492,58081000
2021-08-09,37.810001373291016,38.13999938964844,37.599998474121094,37.959999084472656,35.59846115112305,48015600
2021-08-10,37.93000030517578,38.470001220703125,37.88999938964844,38.36000061035156,35.97357940673828,40907400
2021-08-11,38.470001220703125,38.810001373291016,38.290000915527344,38.79999923706055,36.386207580566406,48372100
2021-08-12,38.84000015258789,38.91999816894531,38.599998474121094,38.869998931884766,36.45184326171875,44566400
2021-08-13,38.900001525878906,38.95000076293945,38.4900016784668,38.58000183105469,36.17988967895508,43077200
2021-08-16,38.33000183105469,38.52000045776367,37.9900016784668,38.47999954223633,36.086116790771484,48011800
2021-08-17,38.220001220703125,38.5,37.83000183105469,38.209999084472656,35.83290481567383,52414800
2021-08-18,38.060001373291016,38.33000183105469,37.709999084472656,37.7400016784668,35.39215087890625,39550400
2021-08-19,37.33000183105469,37.7400016784668,37.220001220703125,37.459999084472656,35.12956619262695,48961300
2021-08-20,37.459999084472656,37.75,37.31999969482422,37.689998626708984,35.34526062011719,33898600
2021-08-23,37.880001068115234,38.15999984741211,37.880001068115234,38.0,35.63596725463867,28807400
2021-08-24,38.06999969482422,38.31999969482422,38.040000915527344,38.22999954223633,35.85165786743164,37677300
2021-08-25,38.33000183105469,38.91999816894531,38.25,38.68000030517578,36.27367401123047,47904800
2021-08-26,38.849998474121094,38.900001525878906,38.45000076293945,38.4900016784668,36.095489501953125,38484300
2021-08-27,38.540000915527344,39.0099983215332,38.529998779296875,39.0,36.573760986328125,38511100
2021-08-30,39.02000045776367,39.040000915527344,38.43000030517578,38.45000076293945,36.057987213134766,30096500
2021-08-31,38.41999816894531,38.689998626708984,38.2599983215332,38.400001525878906,36.01108932495117,49876200
2021-09-01,38.43000030517578,38.45000076293945,38.04999923706055,38.18000030517578,35.804779052734375,43976200
2021-09-02,38.27000045776367,38.45000076293945,38.15999984741211,38.310001373291016,35.92668914794922,29611500
2021-09-03,38.2400016784668,38.31999969482422,37.97999954223633,38.06999969482422,35.70161819458008,34847500
2021-09-07,38.20000076293945,38.20000076293945,37.84000015258789,37.84000015258789,35.48591613769531,39214900
2021-09-08,37.75,37.93000030517578,37.54999923706055,37.75,35.40152359008789,32523900
2021-09-09,37.70000076293945,38.220001220703125,37.66999816894531,37.86000061035156,35.50468063354492,33421000
2021-09-10,38.06999969482422,38.11000061035156,37.56999969482422,37.58000183105469,35.24209976196289,39350500
2021-09-13,37.849998474121094,38.06999969482422,37.7400016784668,38.0099983215332,35.64535140991211,40357300
2021-09-14,38.13999938964844,38.279998779296875,37.380001068115234,37.5,35.16707992553711,45670600
2021-09-15,37.47999954223633,37.95000076293945,37.439998626708984,37.86000061035156,35.50468063354492,36371300
2021-09-16,38.0,38.189998626708984,37.58000183105469,37.75,35.40152359008789,42630200
2021-09-17,37.70000076293945,37.939998626708984,37.47999954223633,37.58000183105469,35.24209976196289,82987200
2021-09-20,36.59000015258789,36.689998626708984,36.029998779296875,36.54999923706055,34.42457580566406,95008800
2021-09-21,36.779998779296875,36.91999816894531,36.40999984741211,36.5,34.37748336791992,45837600
2021-09-22,36.959999084472656,37.369998931884766,36.880001068115234,37.11000061035156,34.95201110839844,58347800
2021-09-23,37.470001220703125,38.20000076293945,37.40999984741211,38.02000045776367,35.8090934753418,71805000
2021-09-24,37.9900016784668,38.349998474121094,37.939998626708984,38.220001220703125,35.997467041015625,48066100
2021-09-27,38.560001373291016,38.849998474121094,38.4900016784668,38.7400016784668,36.48723220825195,58794500
2021-09-28,38.72999954223633,38.91999816894531,38.040000915527344,38.099998474121094,35.88444519042969,96152700
2021-09-29,38.220001220703125,38.29999923706055,37.95000076293945,38.130001068115234,35.91270446777344,49882500
2021-09-30,38.349998474121094,38.36000061035156,37.52000045776367,37.529998779296875,35.34758377075195,73319300
2021-10-01,37.630001068115234,38.40999984741211,37.4900016784668,38.150001525878906,35.93152618408203,70444000
2021-10-04,38.09000015258789,38.59000015258789,37.7599983215332,37.81999969482422,35.6207160949707,69772700
2021-10-05,38.099998474121094,38.75,37.959999084472656,38.560001373291016,36.317691802978516,56058400
2021-10-06,38.209999084472656,38.630001068115234,37.93000030517578,38.599998474121094,36.35536575317383,63405900
2021-10-07,39.0,39.2400016784668,38.779998779296875,38.83000183105469,36.571990966796875,53295600
2021-10-08,38.869998931884766,39.15999984741211,38.689998626708984,39.02000045776367,36.75094223022461,38607500
2021-10-11,39.11000061035156,39.400001525878906,38.61000061035156,38.630001068115234,36.38362503051758,50748300
2021-10-12,38.58000183105469,38.77000045776367,38.40999984741211,38.5099983215332,36.270606994628906,58527700
2021-10-13,38.5,38.540000915527344,37.7400016784668,38.290000915527344,36.063385009765625,72105100
2021-10-14,38.720001220703125,38.939998626708984,38.349998474121094,38.93000030517578,36.66617202758789,51893500
2021-10-15,39.310001373291016,39.709999084472656,39.18000030517578,39.5099983215332,37.212440490722656,58411100
2021-10-18,39.43000030517578,39.75,39.31999969482422,39.52000045776367,37.221866607666016,56312700
2021-10-19,39.70000076293945,39.90999984741211,39.54999923706055,39.90999984741211,37.58917999267578,33082600
2021-10-20,39.84000015258789,40.22999954223633,39.72999954223633,40.22999954223633,37.89057540893555,44670200
2021-10-21,40.220001220703125,40.310001373291016,39.849998474121094,40.060001373291016,37.730464935302734,35067600
2021-10-22,40.25,40.689998626708984,40.209999084472656,40.619998931884766,38.25790023803711,41458200
2021-10-25,40.720001220703125,40.77000045776367,40.470001220703125,40.56999969482422,38.210811614990234,33121000
2021-10-26,40.66999816894531,40.86000061035156,40.540000915527344,40.599998474121094,38.23906707763672,41586900
2021-10-27,40.5,40.68000030517578,39.91999816894531,39.93000030517578,37.6080322265625,62449500
2021-10-28,40.09000015258789,40.439998626708984,40.060001373291016,40.41999816894531,38.069522857666016,44566600
2021-10-29,40.470001220703125,40.54999923706055,40.18000030517578,40.2599983215332,37.918827056884766,42092000
2021-11-01,40.540000915527344,40.630001068115234,40.119998931884766,40.279998779296875,37.93766784667969,37503800
2021-11-02,40.27000045776367,40.5,40.15999984741211,40.380001068115234,38.031856536865234,31436800
2021-11-03,40.25,40.68000030517578,40.16999816894531,40.529998779296875,38.17313003540039,42946800
2021-11-04,40.380001068115234,40.47999954223633,39.689998626708984,40.0,37.6739501953125,48279700
2021-11-05,40.31999969482422,40.4900016784668,39.88999938964844,40.02000045776367,37.69279479980469,57866300
2021-11-08,40.27000045776367,40.529998779296875,40.13999938964844,40.2400016784668,37.90000534057617,32864600
2021-11-09,40.029998779296875,40.15999984741211,39.7599983215332,40.02000045776367,37.69279479980469,48420400
2021-11-10,39.97999954223633,40.20000076293945,39.849998474121094,39.95000076293945,37.626861572265625,60695100
2021-11-11,40.0099983215332,40.189998626708984,39.84000015258789,40.060001373291016,37.730464935302734,31438900
2021-11-12,40.119998931884766,40.15999984741211,39.790000915527344,40.150001525878906,37.815223693847656,39218800
2021-11-15,40.2599983215332,40.36000061035156,40.06999969482422,40.150001525878906,37.815223693847656,30081100
2021-11-16,40.20000076293945,40.349998474121094,40.0,40.11000061035156,37.777557373046875,32599500
2021-11-17,40.04999923706055,40.04999923706055,39.540000915527344,39.650001525878906,37.344303131103516,53557200
2021-11-18,39.689998626708984,39.77000045776367,39.27000045776367,39.45000076293945,37.15593719482422,42990100
2021-11-19,39.11000061035156,39.25,38.720001220703125,39.02000045776367,36.75094223022461,71858100
2021-11-22,39.540000915527344,39.959999084472656,39.220001220703125,39.56999969482422,37.26895523071289,81965800
2021-11-23,39.83000183105469,40.220001220703125,39.65999984741211,40.189998626708984,37.85289764404297,61571200
2021-11-24,40.11000061035156,40.2599983215332,39.95000076293945,40.099998474121094,37.76813507080078,40410300
2021-11-26,38.84000015258789,39.0099983215332,38.33000183105469,38.77000045776367,36.51547622680664,76492200
2021-11-29,39.220001220703125,39.36000061035156,38.599998474121094,38.88999938964844,36.628501892089844,79316500
2021-11-30,38.41999816894531,38.58000183105469,37.900001525878906,37.959999084472656,35.752586364746094,121263700
2021-12-01,38.630001068115234,38.880001068115234,37.540000915527344,37.540000915527344,35.35700607299805,101946500
2021-12-02,37.88999938964844,38.869998931884766,37.75,38.65999984741211,36.4118766784668,98076400
2021-12-03,38.709999084472656,38.810001373291016,37.72999954223633,38.029998779296875,35.81850814819336,97178200
2021-12-06,38.630001068115234,38.97999954223633,38.33000183105469,38.61000061035156,36.364784240722656,69716600
2021-12-07,39.060001373291016,39.40999984741211,38.869998931884766,39.29999923706055,37.014652252197266,115475500
2021-12-08,39.31999969482422,39.47999954223633,38.9900016784668,39.09000015258789,36.81687927246094,53033200
2021-12-09,38.900001525878906,39.209999084472656,38.7599983215332,39.0099983215332,36.741519927978516,45521100
2021-12-10,39.279998779296875,39.290000915527344,38.79999923706055,39.04999923706055,36.77919006347656,38900900
2021-12-13,38.959999084472656,38.970001220703125,38.5,38.630001068115234,36.38362503051758,44343000
2021-12-14,38.56999969482422,39.150001525878906,38.540000915527344,38.86000061035156,36.60024642944336,51734400
2021-12-15,38.959999084472656,39.09000015258789,38.47999954223633,38.970001220703125,36.703853607177734,70424900
2021-12-16,39.41999816894531,39.7400016784668,39.220001220703125,39.459999084472656,37.16535568237305,71156600
2021-12-17,39.20000076293945,39.25,38.349998474121094,38.59000015258789,36.345947265625,97654400
2021-12-20,37.810001373291016,37.86000061035156,37.209999084472656,37.65999984741211,35.63996505737305,85242300
2021-12-21,38.040000915527344,38.61000061035156,38.040000915527344,38.439998626708984,36.37812423706055,57667900
2021-12-22,38.33000183105469,38.650001525878906,38.27000045776367,38.619998931884766,36.548465728759766,49702700
2021-12-23,38.84000015258789,39.16999816894531,38.79999923706055,38.81999969482422,36.73773956298828,39057300
2021-12-27,38.939998626708984,39.220001220703125,38.7400016784668,39.220001220703125,37.11628723144531,36120300
2021-12-28,39.150001525878906,39.4900016784668,39.13999938964844,39.2400016784668,37.13521194458008,34055200
2021-12-29,39.31999969482422,39.43000030517578,39.13999938964844,39.189998626708984,37.087894439697266,27150500
2021-12-30,39.310001373291016,39.529998779296875,39.0,39.119998931884766,37.02164840698242,30089100
2021-12-31,39.040000915527344,39.2400016784668,38.970001220703125,39.04999923706055,36.95539855957031,28497800
2022-01-03,39.34000015258789,39.68000030517578,39.31999969482422,39.529998779296875,37.40965270996094,49884400
2022-01-04,39.9900016784668,40.70000076293945,39.970001220703125,40.56999969482422,38.39387893676758,74210200
2022-01-05,40.689998626708984,40.900001525878906,40.06999969482422,40.099998474121094,37.94908142089844,76288400
2022-01-06,40.52000045776367,40.720001220703125,40.150001525878906,40.689998626708984,38.5074348449707,57725200
2022-01-07,40.779998779296875,41.27000045776367,40.63999938964844,41.16999816894531,38.96168899536133,62185500
2022-01-10,41.43000030517578,41.459999084472656,40.599998474121094,41.029998779296875,38.82919692993164,73620000
2022-01-11,41.18000030517578,41.40999984741211,40.79999923706055,41.38999938964844,39.169891357421875,60706300
2022-01-12,41.5,41.65999984741211,41.220001220703125,41.41999816894531,39.198272705078125,51560600
2022-01-13,41.47999954223633,41.70000076293945,41.119998931884766,41.2599983215332,39.04685592651367,51659600
2022-01-14,40.599998474121094,40.869998931884766,40.34000015258789,40.83000183105469,38.63992691040039,81135500
2022-01-18,40.560001373291016,40.599998474121094,39.66999816894531,39.91999816894531,37.77873229980469,82526700
2022-01-19,40.220001220703125,40.2400016784668,39.220001220703125,39.25,37.144676208496094,85975100
2022-01-20,39.36000061035156,39.869998931884766,38.91999816894531,39.0,36.90808868408203,80314000
2022-01-21,38.84000015258789,38.95000076293945,38.040000915527344,38.20000076293945,36.15099334716797,117914300
2022-01-24,37.540000915527344,38.38999938964844,36.81999969482422,38.310001373291016,36.255104064941406,169153300
2022-01-25,37.880001068115234,38.75,37.2599983215332,38.470001220703125,36.406517028808594,97364900
2022-01-26,38.88999938964844,39.209999084472656,38.11000061035156,38.56999969482422,36.501155853271484,106682000
2022-01-27,38.939998626708984,39.34000015258789,37.970001220703125,38.220001220703125,36.169925689697266,91498900
2022-01-28,38.06999969482422,38.72999954223633,37.59000015258789,38.720001220703125,36.643104553222656,79753600
2022-01-31,38.45000076293945,39.09000015258789,38.220001220703125,39.060001373291016,36.96487045288086,58740900
2022-02-01,39.11000061035156,39.70000076293945,38.90999984741211,39.599998474121094,37.47590637207031,64601500
2022-02-02,39.58000183105469,39.939998626708984,39.33000183105469,39.869998931884766,37.73142623901367,46649400
2022-02-03,39.86000061035156,40.0,39.369998931884766,39.43000030517578,37.31501388549805,50677000
2022-02-04,39.5,40.439998626708984,39.47999954223633,40.099998474121094,37.94908142089844,77792400
2022-02-07,40.150001525878906,40.47999954223633,39.91999816894531,40.220001220703125,38.06264877319336,52710400
2022-02-08,40.5,40.880001068115234,40.400001525878906,40.779998779296875,38.59260940551758,56921200
2022-02-09,41.0,41.310001373291016,40.900001525878906,41.040000915527344,38.83865737915039,67505300
2022-02-10,40.849998474121094,41.38999938964844,40.5099983215332,40.68000030517578,38.49797821044922,67260800
2022-02-11,40.54999923706055,41.040000915527344,39.869998931884766,40.11000061035156,37.95854568481445,77962800
2022-02-14,40.09000015258789,40.22999954223633,39.33000183105469,39.65999984741211,37.532684326171875,71521600
2022-02-15,40.13999938964844,40.40999984741211,40.0,40.20000076293945,38.043724060058594,55439600
2022-02-16,40.0,40.40999984741211,39.95000076293945,40.22999954223633,38.072105407714844,41168800
2022-02-17,39.810001373291016,39.939998626708984,39.119998931884766,39.22999954223633,37.12575149536133,59107800
2022-02-18,39.189998626708984,39.54999923706055,39.02000045776367,39.220001220703125,37.11628723144531,47816500
2022-02-22,39.040000915527344,39.400001525878906,38.689998626708984,39.02000045776367,36.9270133972168,60719700
2022-02-23,39.310001373291016,39.43000030517578,38.2400016784668,38.34000015258789,36.283485412597656,64169800
2022-02-24,37.06999969482422,38.0,36.79999923706055,37.880001068115234,35.84815216064453,143075700
2022-02-25,38.130001068115234,39.20000076293945,38.119998931884766,39.099998474121094,37.002716064453125,99127100
2022-02-28,38.16999816894531,38.77000045776367,38.119998931884766,38.52000045776367,36.453826904296875,107370200
2022-03-01,38.150001525878906,38.2599983215332,36.849998474121094,37.099998474121094,35.1099967956543,129873100
2022-03-02,37.40999984741211,38.279998779296875,37.38999938964844,38.060001373291016,36.018497467041016,88182500
2022-03-03,38.22999954223633,38.43000030517578,37.619998931884766,37.939998626708984,35.90494155883789,71952600
2022-03-04,37.27000045776367,37.279998779296875,36.79999923706055,37.22999954223633,35.23302459716797,105904100
2022-03-07,36.88999938964844,36.93000030517578,35.849998474121094,35.869998931884766,33.94597244262695,116046200
2022-03-08,36.02000045776367,36.66999816894531,35.4900016784668,35.65999984741211,33.74723815917969,114915000
2022-03-09,36.849998474121094,37.279998779296875,36.70000076293945,36.970001220703125,34.98697280883789,88716400
2022-03-10,36.36000061035156,36.900001525878906,36.25,36.65999984741211,34.693599700927734,71547300
2022-03-11,36.97999954223633,37.209999084472656,36.380001068115234,36.400001525878906,34.44754409790039,76788200
2022-03-14,36.95000076293945,37.459999084472656,36.689998626708984,36.86000061035156,34.882869720458984,70969700
2022-03-15,37.22999954223633,37.439998626708984,36.90999984741211,37.380001068115234,35.374977111816406,51828700
2022-03-16,37.86000061035156,38.4900016784668,37.7400016784668,38.43000030517578,36.36865234375,87007600
2022-03-17,38.209999084472656,38.91999816894531,37.959999084472656,38.90999984741211,36.82291030883789,58266400
2022-03-18,38.900001525878906,39.099998474121094,38.529998779296875,39.0,36.90808868408203,82342500
2022-03-21,39.02000045776367,39.13999938964844,38.61000061035156,38.810001373291016,36.871986389160156,46828600
2022-03-22,39.27000045776367,39.689998626708984,39.220001220703125,39.439998626708984,37.470523834228516,61053100
2022-03-23,39.189998626708984,39.279998779296875,38.689998626708984,38.709999084472656,36.7769775390625,42142600
2022-03-24,38.97999954223633,39.060001373291016,38.70000076293945,39.02000045776367,37.07149887084961,30421500
2022-03-25,39.150001525878906,39.599998474121094,39.09000015258789,39.52000045776367,37.54652786254883,48613100
2022-03-28,39.400001525878906,39.439998626708984,38.959999084472656,39.40999984741211,37.442020416259766,44761000
2022-03-29,39.88999938964844,40.0099983215332,39.27000045776367,39.5,37.52752685546875,67968600
2022-03-30,39.5,39.52000045776367,38.9900016784668,39.220001220703125,37.26150894165039,47405300
2022-03-31,39.16999816894531,39.33000183105469,38.310001373291016,38.31999969482422,36.40644836425781,66619600
2022-04-01,38.58000183105469,38.65999984741211,37.95000076293945,38.220001220703125,36.31144332885742,68422500
2022-04-04,38.130001068115234,38.36000061035156,37.779998779296875,38.04999923706055,36.14993667602539,134312400
2022-04-05,37.900001525878906,38.310001373291016,37.720001220703125,37.810001373291016,35.92192459106445,56165700
2022-04-06,37.5099983215332,37.709999084472656,37.40999984741211,37.54999923706055,35.674896240234375,55835100
2022-04-07,37.52000045776367,37.689998626708984,36.97999954223633,37.5099983215332,35.63689422607422,53346900
2022-04-08,37.65999984741211,38.060001373291016,37.560001373291016,37.88999938964844,35.997928619384766,44672300
2022-04-11,37.790000915527344,38.15999984741211,37.65999984741211,37.720001220703125,35.83641052246094,54435500
2022-04-12,37.689998626708984,38.040000915527344,37.150001525878906,37.310001373291016,35.44689178466797,67215400
2022-04-13,36.959999084472656,37.33000183105469,36.88999938964844,37.310001373291016,35.44689178466797,57445600
2022-04-14,37.22999954223633,37.4900016784668,36.880001068115234,36.88999938964844,35.04785919189453,68544200
2022-04-18,36.65999984741211,37.279998779296875,36.650001525878906,37.11000061035156,35.256874084472656,52748400
2022-04-19,37.209999084472656,37.68000030517578,37.20000076293945,37.619998931884766,35.74140167236328,41519100
2022-04-20,37.90999984741211,38.150001525878906,37.790000915527344,37.880001068115234,35.98841857910156,54635800
2022-04-21,38.13999938964844,38.31999969482422,37.209999084472656,37.279998779296875,35.41838073730469,54998100
2022-04-22,37.220001220703125,37.22999954223633,36.130001068115234,36.16999816894531,34.36381530761719,73170900
2022-04-25,35.869998931884766,36.310001373291016,35.33000183105469,36.22999954223633,34.420814514160156,91392800
2022-04-26,35.81999969482422,36.20000076293945,35.29999923706055,35.31999969482422,33.5562629699707,81457500
2022-04-27,35.27000045776367,35.650001525878906,35.15999984741211,35.290000915527344,33.52775573730469,81603000
2022-04-28,35.650001525878906,35.869998931884766,35.119998931884766,35.7400016784668,33.95528793334961,62680000
2022-04-29,35.560001373291016,35.689998626708984,34.43000030517578,34.5099983215332,32.786705017089844,74631700
2022-05-02,34.66999816894531,34.790000915527344,33.84000015258789,34.52000045776367,32.79620361328125,104408800
2022-05-03,34.7599983215332,35.31999969482422,34.63999938964844,34.970001220703125,33.22373580932617,73896300
2022-05-04,35.029998779296875,36.099998474121094,34.90999984741211,36.040000915527344,34.24030685424805,87794900
2022-05-05,35.619998931884766,35.689998626708984,34.560001373291016,34.9900016784668,33.242740631103516,101093900
2022-05-06,34.849998474121094,34.900001525878906,34.2400016784668,34.7400016784668,33.005226135253906,99281900
2022-05-09,34.27000045776367,34.47999954223633,33.75,33.90999984741211,32.216670989990234,85922800
2022-05-10,34.220001220703125,34.439998626708984,33.189998626708984,33.61000061035156,31.931650161743164,107581200
2022-05-11,33.650001525878906,34.33000183105469,33.25,33.29999923706055,31.637123107910156,110212200
2022-05-12,33.02000045776367,33.36000061035156,32.40999984741211,33.04999923706055,31.399616241455078,114304100
2022-05-13,33.45000076293945,33.810001373291016,33.22999954223633,33.529998779296875,31.855648040771484,64036200
2022-05-16,33.400001525878906,33.54999923706055,32.9900016784668,33.25,31.589630126953125,55662200
2022-05-17,33.900001525878906,34.2400016784668,33.709999084472656,34.13999938964844,32.43518829345703,62859300
2022-05-18,33.81999969482422,33.869998931884766,33.06999969482422,33.20000076293945,31.54212760925293,74279300
2022-05-19,32.75,33.220001220703125,32.70000076293945,32.97999954223633,31.33310890197754,71525400
2022-05-20,33.209999084472656,33.380001068115234,32.22999954223633,32.91999816894531,31.276107788085938,77984600
2022-05-23,33.54999923706055,34.2400016784668,33.380001068115234,33.9900016784668,32.29267883300781,78189300
2022-05-24,33.790000915527344,34.029998779296875,33.220001220703125,33.91999816894531,32.22616958618164,77871200
2022-05-25,33.84000015258789,34.400001525878906,33.7400016784668,34.189998626708984,32.48269271850586,72192600
2022-05-26,34.560001373291016,35.099998474121094,34.529998779296875,34.97999954223633,33.233238220214844,50803200
2022-05-27,35.130001068115234,35.63999938964844,35.06999969482422,35.56999969482422,33.793766021728516,43862500
2022-05-31,35.279998779296875,35.7400016784668,35.09000015258789,35.470001220703125,33.69877624511719,64778900
2022-06-01,35.380001068115234,35.470001220703125,34.56999969482422,34.900001525878906,33.157230377197266,48642400
2022-06-02,34.93000030517578,35.40999984741211,34.65999984741211,35.380001068115234,33.6132698059082,45334700
2022-06-03,35.04999923706055,35.20000076293945,34.83000183105469,34.869998931884766,33.12873077392578,36699400
2022-06-06,35.15999984741211,35.52000045776367,34.959999084472656,34.970001220703125,33.22373580932617,32829600
2022-06-07,34.72999954223633,35.27000045776367,34.70000076293945,35.2400016784668,33.480255126953125,32031400
2022-06-08,34.970001220703125,35.06999969482422,34.4900016784668,34.619998931884766,32.891212463378906,38251800
2022-06-09,34.58000183105469,34.599998474121094,33.72999954223633,33.75,32.06466293334961,49715100
2022-06-10,33.02000045776367,33.13999938964844,32.5,32.529998779296875,30.90557861328125,74190900
2022-06-13,31.709999084472656,32.099998474121094,31.3700008392334,31.559999465942383,29.984018325805664,104065100
2022-06-14,31.690000534057617,31.90999984741211,31.049999237060547,31.290000915527344,29.727500915527344,75592200
2022-06-15,31.6200008392334,32.09000015258789,31.100000381469727,31.639999389648438,30.06002426147461,87858800
2022-06-16,31.0,31.010000228881836,30.579999923706055,30.84000015258789,29.299972534179688,100838500
2022-06-17,30.90999984741211,31.280000686645508,30.6299991607666,30.93000030517578,29.38547706604004,116937700
2022-06-21,31.469999313354492,31.579999923706055,31.190000534057617,31.3799991607666,29.971927642822266,58065800
2022-06-22,31.020000457763672,31.600000381469727,30.979999542236328,31.309999465942383,29.905067443847656,48035800
2022-06-23,31.329999923706055,31.389999389648438,30.68000030517578,31.190000534057617,29.790454864501953,69348900
2022-06-24,31.31999969482422,32.369998931884766,31.270000457763672,32.34000015258789,30.88885498046875,65489300
2022-06-27,32.59000015258789,32.59000015258789,32.08000183105469,32.22999954223633,30.783782958984375,47244800
2022-06-28,32.560001373291016,32.869998931884766,31.889999389648438,31.90999984741211,30.4781436920166,42459900
2022-06-29,31.940000534057617,32.060001373291016,31.6200008392334,31.729999542236328,30.306222915649414,64507500
2022-06-30,31.229999542236328,31.729999542236328,30.850000381469727,31.450000762939453,30.038789749145508,75294300
2022-07-01,31.350000381469727,31.979999542236328,31.139999389648438,31.8799991607666,30.44948959350586,77308400
2022-07-05,31.3799991607666,31.790000915527344,31.020000457763672,31.770000457763672,30.344430923461914,51536800
2022-07-06,31.700000762939453,31.950000762939453,31.389999389648438,31.690000534057617,30.268014907836914,48001700
2022-07-07,31.959999084472656,32.2400016784668,31.93000030517578,32.150001525878906,30.707380294799805,33120100
2022-07-08,32.2400016784668,32.34000015258789,31.950000762939453,32.08000183105469,30.640520095825195,29062200
2022-07-11,31.899999618530273,32.060001373291016,31.729999542236328,31.81999969482422,30.39218521118164,30564300
2022-07-12,31.579999923706055,32.20000076293945,31.559999465942383,31.6200008392334,30.20115852355957,38211000
2022-07-13,31.280000686645508,31.549999237060547,30.950000762939453,31.34000015258789,29.933719635009766,51441600
2022-07-14,30.700000762939453,30.84000015258789,30.3700008392334,30.739999771118164,29.360645294189453,57782300
2022-07-15,31.18000030517578,31.959999084472656,31.100000381469727,31.780000686645508,30.35397720336914,59650200
2022-07-18,32.22999954223633,32.45000076293945,31.520000457763672,31.65999984741211,30.239364624023438,38671600
2022-07-19,32.08000183105469,32.709999084472656,31.989999771118164,32.61000061035156,31.14673614501953,40568000
2022-07-20,32.540000915527344,32.790000915527344,32.439998626708984,32.72999954223633,31.261348724365234,38507700
2022-07-21,32.63999938964844,32.939998626708984,32.38999938964844,32.939998626708984,31.46192741394043,40561800
2022-07-22,32.9900016784668,33.15999984741211,32.5,32.75,31.280452728271484,25741200
2022-07-25,32.95000076293945,33.11000061035156,32.720001220703125,32.959999084472656,31.481029510498047,24699300
2022-07-26,32.79999923706055,32.9900016784668,32.41999816894531,32.5,31.041671752929688,26357800
2022-07-27,32.630001068115234,33.15999984741211,32.52000045776367,33.0,31.519235610961914,44817200
2022-07-28,33.029998779296875,33.25,32.5,33.2400016784668,31.74846649169922,40974600
2022-07-29,33.31999969482422,33.81999969482422,33.290000915527344,33.709999084472656,32.19737243652344,38724000
2022-08-01,33.38999938964844,33.619998931884766,33.20000076293945,33.43000030517578,31.92993927001953,35131300
2022-08-02,33.27000045776367,33.4900016784668,33.02000045776367,33.060001373291016,31.576549530029297,36806900
2022-08-03,33.310001373291016,33.63999938964844,33.119998931884766,33.560001373291016,32.054107666015625,27314900
2022-08-04,33.529998779296875,33.619998931884766,33.38999938964844,33.45000076293945,31.94904136657715,24505800
2022-08-05,33.36000061035156,33.849998474121094,33.2400016784668,33.689998626708984,32.17826843261719,34366100
2022-08-08,33.939998626708984,34.04999923706055,33.63999938964844,33.66999816894531,32.1591682434082,24369100
2022-08-09,33.72999954223633,33.93000030517578,33.66999816894531,33.84000015258789,32.3215446472168,26425400
2022-08-10,34.43000030517578,34.72999954223633,34.36000061035156,34.599998474121094,33.04743957519531,45366000
2022-08-11,34.91999816894531,35.22999954223633,34.880001068115234,35.0099983215332,33.43904113769531,46985200
2022-08-12,35.18000030517578,35.56999969482422,35.0,35.560001373291016,33.96437072753906,36370300
2022-08-15,35.20000076293945,35.650001525878906,35.130001068115234,35.54999923706055,33.95481491088867,25366000
2022-08-16,35.38999938964844,35.970001220703125,35.38999938964844,35.810001373291016,34.20315170288086,41300800
2022-08-17,35.400001525878906,35.790000915527344,35.380001068115234,35.630001068115234,34.03123092651367,33158000
2022-08-18,35.599998474121094,35.720001220703125,35.43000030517578,35.66999816894531,34.069427490234375,15966200
2022-08-19,35.459999084472656,35.459999084472656,34.84000015258789,34.959999084472656,33.39128494262695,33587400
2022-08-22,34.45000076293945,34.459999084472656,34.099998474121094,34.189998626708984,32.65583801269531,36810100
2022-08-23,34.150001525878906,34.400001525878906,34.04999923706055,34.04999923706055,32.522117614746094,23244000
2022-08-24,33.9900016784668,34.34000015258789,33.91999816894531,34.22999954223633,32.69403839111328,20682200
2022-08-25,34.29999923706055,34.790000915527344,34.209999084472656,34.7599983215332,33.20026397705078,26402600
2022-08-26,34.90999984741211,34.91999816894531,33.689998626708984,33.720001220703125,32.206932067871094,38230600
2022-08-29,33.470001220703125,33.720001220703125,33.279998779296875,33.47999954223633,31.977693557739258,34872100
2022-08-30,33.59000015258789,33.70000076293945,33.099998474121094,33.29999923706055,31.805774688720703,41870700
2022-08-31,33.470001220703125,33.59000015258789,33.0,33.04999923706055,31.56699562072754,39768200
2022-09-01,32.90999984741211,33.20000076293945,32.5099983215332,33.150001525878906,31.66250228881836,40604600
2022-09-02,33.529998779296875,33.810001373291016,32.72999954223633,32.88999938964844,31.414173126220703,43208800
2022-09-06,33.060001373291016,33.13999938964844,32.47999954223633,32.810001373291016,31.3377628326416,45877100
2022-09-07,32.709999084472656,33.52000045776367,32.65999984741211,33.459999084472656,31.958593368530273,35023000
2022-09-08,33.290000915527344,34.06999969482422,33.150001525878906,34.04999923706055,32.522117614746094,50760900
2022-09-09,34.20000076293945,34.45000076293945,34.189998626708984,34.36000061035156,32.81821060180664,41327100
2022-09-12,34.5,34.81999969482422,34.41999816894531,34.63999938964844,33.08564376831055,41969600
2022-09-13,33.959999084472656,34.08000183105469,33.2400016784668,33.349998474121094,31.853532791137695,60771600
2022-09-14,33.41999816894531,33.58000183105469,32.95000076293945,33.25,31.758018493652344,39233200
2022-09-15,33.290000915527344,33.790000915527344,33.20000076293945,33.36000061035156,31.863079071044922,47653000
2022-09-16,33.029998779296875,33.119998931884766,32.709999084472656,33.060001373291016,31.576549530029297,53893300
2022-09-19,32.5,33.279998779296875,32.5,33.2599983215332,31.934682846069336,36491400
2022-09-20,32.9900016784668,33.060001373291016,32.470001220703125,32.77000045776367,31.46420669555664,42193600
2022-09-21,32.97999954223633,33.099998474121094,32.06999969482422,32.09000015258789,30.811304092407227,49644600
2022-09-22,32.15999984741211,32.209999084472656,31.489999771118164,31.549999237060547,30.29281997680664,52299500
2022-09-23,31.239999771118164,31.309999465942383,30.600000381469727,31.049999237060547,29.812742233276367,56801000
2022-09-26,30.81999969482422,31.110000610351562,30.34000015258789,30.559999465942383,29.342266082763672,49969700
2022-09-27,30.799999237060547,30.959999084472656,30.1200008392334,30.43000030517578,29.21744728088379,60630400
2022-09-28,30.520000457763672,31.209999084472656,30.440000534057617,31.030000686645508,29.793542861938477,46088700
2022-09-29,30.700000762939453,30.81999969482422,30.260000228881836,30.639999389648438,29.41908073425293,41860000
2022-09-30,30.65999984741211,31.040000915527344,30.280000686645508,30.360000610351562,29.150239944458008,37984300
2022-10-03,30.65999984741211,31.34000015258789,30.299999237060547,31.18000030517578,29.937562942504883,47086100
2022-10-04,31.65999984741211,32.369998931884766,31.6200008392334,32.34000015258789,31.051340103149414,53441800
2022-10-05,31.84000015258789,32.27000045776367,31.729999542236328,32.09000015258789,30.811304092407227,41766800
2022-10-06,31.90999984741211,32.130001068115234,31.56999969482422,31.639999389648438,30.379236221313477,34717900
2022-10-07,31.360000610351562,31.459999084472656,30.719999313354492,30.889999389648438,29.65911865234375,36380700
2022-10-10,31.059999465942383,31.190000534057617,30.56999969482422,30.75,29.52469825744629,31011700
2022-10-11,30.549999237060547,30.8700008392334,30.229999542236328,30.360000610351562,29.150239944458008,50431900
2022-10-12,30.3700008392334,30.690000534057617,30.18000030517578,30.290000915527344,29.083026885986328,48265700
2022-10-13,29.68000030517578,31.6200008392334,29.59000015258789,31.540000915527344,30.283218383789062,83086100
2022-10-14,31.81999969482422,32.189998626708984,30.940000534057617,31.010000228881836,29.774335861206055,60886900
2022-10-17,31.670000076293945,32.0,31.579999923706055,31.790000915527344,30.52326011657715,47222200
2022-10-18,32.619998931884766,32.65999984741211,31.93000030517578,32.29999923706055,31.012935638427734,48150700
2022-10-19,32.02000045776367,32.290000915527344,31.59000015258789,31.770000457763672,30.50405502319336,35205700
2022-10-20,31.729999542236328,32.04999923706055,31.170000076293945,31.260000228881836,30.014375686645508,43124400
2022-10-21,31.350000381469727,32.220001220703125,31.1200008392334,32.189998626708984,30.90731430053711,54487300
2022-10-24,32.380001068115234,32.77000045776367,32.279998779296875,32.619998931884766,31.3201847076416,40117200
2022-10-25,32.45000076293945,33.06999969482422,32.38999938964844,33.0099983215332,31.694643020629883,33950300
2022-10-26,33.11000061035156,33.459999084472656,33.02000045776367,33.09000015258789,31.77145767211914,38012100
2022-10-27,33.400001525878906,33.72999954223633,33.29999923706055,33.36000061035156,32.030696868896484,41232200
2022-10-28,33.45000076293945,34.22999954223633,33.38999938964844,34.189998626708984,32.82762145996094,36421300
2022-10-31,33.970001220703125,34.209999084472656,33.93000030517578,33.97999954223633,32.6259880065918,40083800
2022-11-01,34.2599983215332,34.349998474121094,33.91999816894531,34.06999969482422,32.71240997314453,38946100
2022-11-02,34.0,34.599998474121094,33.61000061035156,33.63999938964844,32.29954147338867,58039800
2022-11-03,33.220001220703125,33.560001373291016,33.08000183105469,33.29999923706055,31.973085403442383,40828100
2022-11-04,33.779998779296875,34.09000015258789,33.43000030517578,33.90999984741211,32.55877685546875,41825600
2022-11-07,34.15999984741211,34.27000045776367,33.939998626708984,34.25,32.88523483276367,30060300
2022-11-08,34.2599983215332,34.619998931884766,34.09000015258789,34.45000076293945,33.0772590637207,34839600
2022-11-09,34.220001220703125,34.349998474121094,33.79999923706055,33.869998931884766,32.52037048339844,42126200
2022-11-10,34.900001525878906,35.630001068115234,34.810001373291016,35.58000183105469,34.162235260009766,67677700
2022-11-11,35.7599983215332,36.029998779296875,35.630001068115234,35.869998931884766,34.440673828125,46076100
2022-11-14,35.77000045776367,35.79999923706055,35.33000183105469,35.36000061035156,33.95099639892578,38002700
2022-11-15,35.7400016784668,35.880001068115234,35.08000183105469,35.439998626708984,34.027809143066406,57802100
2022-11-16,35.41999816894531,35.5099983215332,35.150001525878906,35.27000045776367,33.86458969116211,32852400
2022-11-17,34.86000061035156,35.099998474121094,34.7599983215332,35.08000183105469,33.68216323852539,35706900
2022-11-18,35.54999923706055,35.599998474121094,35.08000183105469,35.369998931884766,33.96059799194336,39455400
2022-11-21,35.31999969482422,35.54999923706055,35.279998779296875,35.47999954223633,34.066226959228516,24630900
2022-11-22,35.66999816894531,35.880001068115234,35.66999816894531,35.84000015258789,34.41187286376953,29582300
2022-11-23,35.779998779296875,36.08000183105469,35.779998779296875,35.9900016784668,34.555904388427734,27916900
2022-11-25,36.029998779296875,36.15999984741211,35.959999084472656,36.11000061035156,34.671119689941406,11266500
2022-11-28,35.90999984741211,36.060001373291016,35.43000030517578,35.4900016784668,34.07582473754883,34196600
2022-11-29,35.45000076293945,35.779998779296875,35.40999984741211,35.70000076293945,34.27745819091797,31489600
2022-11-30,35.650001525878906,36.31999969482422,35.13999938964844,36.310001373291016,34.86315155029297,58607000
2022-12-01,36.4900016784668,36.4900016784668,35.81999969482422,36.099998474121094,34.66151428222656,58157600
2022-12-02,35.720001220703125,35.959999084472656,35.61000061035156,35.93000030517578,34.498294830322266,40483300
2022-12-05,35.65999984741211,35.720001220703125,34.849998474121094,35.040000915527344,33.64374923706055,53402000
2022-12-06,35.0,35.20000076293945,34.45000076293945,34.72999954223633,33.34610366821289,45102200
2022-12-07,34.59000015258789,34.97999954223633,34.5099983215332,34.59000015258789,33.21167755126953,37775900
2022-12-08,34.689998626708984,34.86000061035156,34.5,34.619998931884766,33.24049377441406,46600900
2022-12-09,34.4900016784668,34.779998779296875,34.47999954223633,34.529998779296875,33.154075622558594,40885600
2022-12-12,34.54999923706055,35.029998779296875,34.38999938964844,34.9900016784668,33.59574508666992,72570900
2022-12-13,35.900001525878906,35.900001525878906,34.849998474121094,35.08000183105469,33.68216323852539,55659000
2022-12-14,34.9900016784668,35.33000183105469,34.4900016784668,34.63999938964844,33.25968933105469,54685100
2022-12-15,34.099998474121094,34.2400016784668,33.7400016784668,33.959999084472656,32.60679244995117,70330100
2022-12-16,33.599998474121094,33.79999923706055,33.38999938964844,33.70000076293945,32.35715103149414,59619300
2022-12-19,33.400001525878906,33.7400016784668,33.189998626708984,33.400001525878906,32.27019500732422,37456800
2022-12-20,33.529998779296875,33.77000045776367,33.40999984741211,33.540000915527344,32.405460357666016,45446400
2022-12-21,33.86000061035156,34.15999984741211,33.84000015258789,34.060001373291016,32.90786361694336,31318100
2022-12-22,33.84000015258789,33.869998931884766,33.209999084472656,33.7599983215332,32.618011474609375,25605100
2022-12-23,33.7400016784668,34.0,33.56999969482422,33.95000076293945,32.80158615112305,17116200
2022-12-27,34.02000045776367,34.099998474121094,33.79999923706055,33.939998626708984,32.791927337646484,25601100
2022-12-28,34.0,34.09000015258789,33.779998779296875,33.81999969482422,32.67598342895508,24395100
2022-12-29,34.0,34.349998474121094,33.91999816894531,34.290000915527344,33.13008499145508,26624200
2022-12-30,34.040000915527344,34.27000045776367,33.91999816894531,34.20000076293945,33.04312515258789,24735700
2023-01-03,34.45000076293945,34.689998626708984,34.06999969482422,34.31999969482422,33.15907287597656,37396500
2023-01-04,34.66999816894531,35.119998931884766,34.56999969482422,34.869998931884766,33.69046401977539,44669300
2023-01-05,34.75,34.75,34.369998931884766,34.61000061035156,33.43926239013672,45585700
2023-01-06,34.84000015258789,35.4900016784668,34.599998474121094,35.380001068115234,34.18321990966797,41229700
2023-01-09,35.5,35.70000076293945,35.15999984741211,35.25,34.0576171875,48726600
2023-01-10,35.189998626708984,35.47999954223633,35.06999969482422,35.45000076293945,34.250850677490234,34663700
2023-01-11,35.540000915527344,35.779998779296875,35.470001220703125,35.779998779296875,34.56968688964844,32014700
2023-01-12,35.900001525878906,36.060001373291016,35.619998931884766,35.849998474121094,34.6373176574707,56642400
2023-01-13,35.38999938964844,36.16999816894531,35.2599983215332,36.119998931884766,34.89817810058594,65920900
2023-01-17,36.029998779296875,36.04999923706055,35.77000045776367,35.880001068115234,34.66630554199219,65345200
2023-01-18,35.68000030517578,35.900001525878906,35.18000030517578,35.209999084472656,34.01896286010742,53693000
2023-01-19,34.779998779296875,34.97999954223633,34.560001373291016,34.79999923706055,33.622833251953125,61169500
